"","countyname","depth_to_water","town","date","ID","countycode","township","geometry","year2","depth","long","lat","sat","satcut"
"1","Meade",-241.26,"Kismet NE",2004-01-05,371116100353601,119,33,c(-100.594315, 37.18826),"2004","287-216",-100.594315,37.18826,266.4899292,"263-328"
"2","Meade",-242.15,"Kismet NE",2005-01-11,371116100353601,119,33,c(-100.594315, 37.18826),"2005","287-216",-100.594315,37.18826,266.4899292,"263-328"
"3","Meade",-244.4,"Kismet NE",2006-01-08,371116100353601,119,33,c(-100.594315, 37.18826),"2006","287-216",-100.594315,37.18826,266.4899292,"263-328"
"4","Meade",-247.38,"Kismet NE",2007-01-23,371116100353601,119,33,c(-100.594315, 37.18826),"2007","287-216",-100.594315,37.18826,266.4899292,"263-328"
"5","Meade",-249.85,"Kismet NE",2008-01-08,371116100353601,119,33,c(-100.594315, 37.18826),"2008","287-216",-100.594315,37.18826,266.4899292,"263-328"
"6","Meade",-254.23,"Kismet NE",2009-01-08,371116100353601,119,33,c(-100.594315, 37.18826),"2009","287-216",-100.594315,37.18826,266.4899292,"263-328"
"7","Meade",-29,NA,1939-07-01,372743100162501,119,30,c(-100.276361, 37.464943),"1939","71-0",-100.276361,37.464943,190.1746521,"132-197"
"8","Meade",-29.05,NA,1939-07-15,372743100162501,119,30,c(-100.276361, 37.464943),"1939","71-0",-100.276361,37.464943,190.1746521,"132-197"
"9","Meade",-29.28,NA,1939-08-02,372743100162501,119,30,c(-100.276361, 37.464943),"1939","71-0",-100.276361,37.464943,190.1746521,"132-197"
"10","Meade",-29.44,NA,1939-09-05,372743100162501,119,30,c(-100.276361, 37.464943),"1939","71-0",-100.276361,37.464943,190.1746521,"132-197"
"11","Meade",-29.49,NA,1939-09-29,372743100162501,119,30,c(-100.276361, 37.464943),"1939","71-0",-100.276361,37.464943,190.1746521,"132-197"
"12","Meade",-29.3,NA,1939-12-14,372743100162501,119,30,c(-100.276361, 37.464943),"1939","71-0",-100.276361,37.464943,190.1746521,"132-197"
"13","Meade",-29.3,NA,1940-02-14,372743100162501,119,30,c(-100.276361, 37.464943),"1940","71-0",-100.276361,37.464943,190.1746521,"132-197"
"14","Meade",-29.3,NA,1940-03-21,372743100162501,119,30,c(-100.276361, 37.464943),"1940","71-0",-100.276361,37.464943,190.1746521,"132-197"
"15","Meade",-29.24,NA,1940-04-20,372743100162501,119,30,c(-100.276361, 37.464943),"1940","71-0",-100.276361,37.464943,190.1746521,"132-197"
"16","Meade",-29.07,NA,1940-05-22,372743100162501,119,30,c(-100.276361, 37.464943),"1940","71-0",-100.276361,37.464943,190.1746521,"132-197"
"17","Meade",-28.99,NA,1940-06-20,372743100162501,119,30,c(-100.276361, 37.464943),"1940","71-0",-100.276361,37.464943,190.1746521,"132-197"
"18","Meade",-29,NA,1940-07-23,372743100162501,119,30,c(-100.276361, 37.464943),"1940","71-0",-100.276361,37.464943,190.1746521,"132-197"
"19","Meade",-29.98,NA,1940-08-17,372743100162501,119,30,c(-100.276361, 37.464943),"1940","71-0",-100.276361,37.464943,190.1746521,"132-197"
"20","Meade",-29.35,NA,1940-09-20,372743100162501,119,30,c(-100.276361, 37.464943),"1940","71-0",-100.276361,37.464943,190.1746521,"132-197"
"21","Meade",-29.35,NA,1940-10-28,372743100162501,119,30,c(-100.276361, 37.464943),"1940","71-0",-100.276361,37.464943,190.1746521,"132-197"
"22","Meade",-29.39,NA,1940-11-19,372743100162501,119,30,c(-100.276361, 37.464943),"1940","71-0",-100.276361,37.464943,190.1746521,"132-197"
"23","Meade",-29.31,NA,1940-12-20,372743100162501,119,30,c(-100.276361, 37.464943),"1940","71-0",-100.276361,37.464943,190.1746521,"132-197"
"24","Meade",-29.28,NA,1941-01-21,372743100162501,119,30,c(-100.276361, 37.464943),"1941","71-0",-100.276361,37.464943,190.1746521,"132-197"
"25","Meade",-29.28,NA,1941-03-18,372743100162501,119,30,c(-100.276361, 37.464943),"1941","71-0",-100.276361,37.464943,190.1746521,"132-197"
"26","Meade",-29.75,NA,1941-04-22,372743100162501,119,30,c(-100.276361, 37.464943),"1941","71-0",-100.276361,37.464943,190.1746521,"132-197"
"27","Meade",-29.2,NA,1941-05-16,372743100162501,119,30,c(-100.276361, 37.464943),"1941","71-0",-100.276361,37.464943,190.1746521,"132-197"
"28","Meade",-29.15,NA,1941-06-11,372743100162501,119,30,c(-100.276361, 37.464943),"1941","71-0",-100.276361,37.464943,190.1746521,"132-197"
"29","Meade",-29.01,NA,1941-07-15,372743100162501,119,30,c(-100.276361, 37.464943),"1941","71-0",-100.276361,37.464943,190.1746521,"132-197"
"30","Meade",-28.91,NA,1941-08-07,372743100162501,119,30,c(-100.276361, 37.464943),"1941","71-0",-100.276361,37.464943,190.1746521,"132-197"
"31","Meade",-28.99,NA,1941-09-10,372743100162501,119,30,c(-100.276361, 37.464943),"1941","71-0",-100.276361,37.464943,190.1746521,"132-197"
"32","Meade",-28.99,NA,1941-10-09,372743100162501,119,30,c(-100.276361, 37.464943),"1941","71-0",-100.276361,37.464943,190.1746521,"132-197"
"33","Meade",-28.97,NA,1941-11-07,372743100162501,119,30,c(-100.276361, 37.464943),"1941","71-0",-100.276361,37.464943,190.1746521,"132-197"
"34","Meade",-28.79,NA,1941-12-03,372743100162501,119,30,c(-100.276361, 37.464943),"1941","71-0",-100.276361,37.464943,190.1746521,"132-197"
"35","Meade",-28.83,NA,1942-01-06,372743100162501,119,30,c(-100.276361, 37.464943),"1942","71-0",-100.276361,37.464943,190.1746521,"132-197"
"36","Meade",-28.77,NA,1942-02-03,372743100162501,119,30,c(-100.276361, 37.464943),"1942","71-0",-100.276361,37.464943,190.1746521,"132-197"
"37","Meade",-28.74,NA,1942-03-03,372743100162501,119,30,c(-100.276361, 37.464943),"1942","71-0",-100.276361,37.464943,190.1746521,"132-197"
"38","Meade",-28.78,NA,1942-04-01,372743100162501,119,30,c(-100.276361, 37.464943),"1942","71-0",-100.276361,37.464943,190.1746521,"132-197"
"39","Meade",-28.75,NA,1942-05-12,372743100162501,119,30,c(-100.276361, 37.464943),"1942","71-0",-100.276361,37.464943,190.1746521,"132-197"
"40","Meade",-28.74,NA,1942-06-03,372743100162501,119,30,c(-100.276361, 37.464943),"1942","71-0",-100.276361,37.464943,190.1746521,"132-197"
"41","Meade",-28.69,NA,1942-07-01,372743100162501,119,30,c(-100.276361, 37.464943),"1942","71-0",-100.276361,37.464943,190.1746521,"132-197"
"42","Meade",-35.99,NA,1965-01-28,372743100162501,119,30,c(-100.276361, 37.464943),"1965","71-0",-100.276361,37.464943,190.1746521,"132-197"
"43","Meade",-34.76,NA,1966-01-17,372743100162501,119,30,c(-100.276361, 37.464943),"1966","71-0",-100.276361,37.464943,190.1746521,"132-197"
"44","Meade",-36.4,NA,1967-01-23,372743100162501,119,30,c(-100.276361, 37.464943),"1967","71-0",-100.276361,37.464943,190.1746521,"132-197"
"45","Meade",-38.9,NA,1968-01-15,372743100162501,119,30,c(-100.276361, 37.464943),"1968","71-0",-100.276361,37.464943,190.1746521,"132-197"
"46","Meade",-41.3,NA,1969-01-23,372743100162501,119,30,c(-100.276361, 37.464943),"1969","71-0",-100.276361,37.464943,190.1746521,"132-197"
"47","Meade",-39.3,NA,1970-01-22,372743100162501,119,30,c(-100.276361, 37.464943),"1970","71-0",-100.276361,37.464943,190.1746521,"132-197"
"48","Meade",-39.9,NA,1971-01-20,372743100162501,119,30,c(-100.276361, 37.464943),"1971","71-0",-100.276361,37.464943,190.1746521,"132-197"
"49","Meade",-44,NA,1972-01-19,372743100162501,119,30,c(-100.276361, 37.464943),"1972","71-0",-100.276361,37.464943,190.1746521,"132-197"
"50","Meade",-44,NA,1973-01-24,372743100162501,119,30,c(-100.276361, 37.464943),"1973","71-0",-100.276361,37.464943,190.1746521,"132-197"
"51","Meade",-44.2,NA,1974-01-16,372743100162501,119,30,c(-100.276361, 37.464943),"1974","71-0",-100.276361,37.464943,190.1746521,"132-197"
"52","Meade",-47.25,NA,1975-01-22,372743100162501,119,30,c(-100.276361, 37.464943),"1975","71-0",-100.276361,37.464943,190.1746521,"132-197"
"53","Meade",-54.17,NA,1976-01-13,372743100162501,119,30,c(-100.276361, 37.464943),"1976","71-0",-100.276361,37.464943,190.1746521,"132-197"
"54","Meade",-68.7,NA,1977-01-11,372743100162501,119,30,c(-100.276361, 37.464943),"1977","71-0",-100.276361,37.464943,190.1746521,"132-197"
"55","Meade",-65.89,NA,1978-01-19,372743100162501,119,30,c(-100.276361, 37.464943),"1978","71-0",-100.276361,37.464943,190.1746521,"132-197"
"56","Meade",-67,NA,1979-02-01,372743100162501,119,30,c(-100.276361, 37.464943),"1979","71-0",-100.276361,37.464943,190.1746521,"132-197"
"57","Meade",-67.56,NA,1980-01-18,372743100162501,119,30,c(-100.276361, 37.464943),"1980","71-0",-100.276361,37.464943,190.1746521,"132-197"
"58","Meade",-70.65,NA,1981-01-13,372743100162501,119,30,c(-100.276361, 37.464943),"1981","71-0",-100.276361,37.464943,190.1746521,"132-197"
"59","Meade",-72.99,NA,1982-01-14,372743100162501,119,30,c(-100.276361, 37.464943),"1982","143-72",-100.276361,37.464943,190.1746521,"132-197"
"60","Meade",-73.88,NA,1983-01-07,372743100162501,119,30,c(-100.276361, 37.464943),"1983","143-72",-100.276361,37.464943,190.1746521,"132-197"
"61","Meade",-74.69,NA,1984-01-11,372743100162501,119,30,c(-100.276361, 37.464943),"1984","143-72",-100.276361,37.464943,190.1746521,"132-197"
"62","Meade",-11.5,NA,1954-04-01,372452100153801,119,30,c(-100.262735, 37.417412),"1954","71-0",-100.262735,37.417412,244.6885071,"198-262"
"63","Meade",-11,NA,1954-04-25,372452100153801,119,30,c(-100.262735, 37.417412),"1954","71-0",-100.262735,37.417412,244.6885071,"198-262"
"64","Meade",-11.8,NA,1954-04-30,372452100153801,119,30,c(-100.262735, 37.417412),"1954","71-0",-100.262735,37.417412,244.6885071,"198-262"
"65","Meade",-11.87,NA,1954-05-05,372452100153801,119,30,c(-100.262735, 37.417412),"1954","71-0",-100.262735,37.417412,244.6885071,"198-262"
"66","Meade",-11.88,NA,1954-05-10,372452100153801,119,30,c(-100.262735, 37.417412),"1954","71-0",-100.262735,37.417412,244.6885071,"198-262"
"67","Meade",-11.8,NA,1954-05-15,372452100153801,119,30,c(-100.262735, 37.417412),"1954","71-0",-100.262735,37.417412,244.6885071,"198-262"
"68","Meade",-11.93,NA,1954-05-20,372452100153801,119,30,c(-100.262735, 37.417412),"1954","71-0",-100.262735,37.417412,244.6885071,"198-262"
"69","Meade",-11.98,NA,1954-05-25,372452100153801,119,30,c(-100.262735, 37.417412),"1954","71-0",-100.262735,37.417412,244.6885071,"198-262"
"70","Meade",-11.89,NA,1954-05-30,372452100153801,119,30,c(-100.262735, 37.417412),"1954","71-0",-100.262735,37.417412,244.6885071,"198-262"
"71","Meade",-11.87,NA,1954-06-05,372452100153801,119,30,c(-100.262735, 37.417412),"1954","71-0",-100.262735,37.417412,244.6885071,"198-262"
"72","Meade",-12.07,NA,1954-06-10,372452100153801,119,30,c(-100.262735, 37.417412),"1954","71-0",-100.262735,37.417412,244.6885071,"198-262"
"73","Meade",-12.21,NA,1954-06-15,372452100153801,119,30,c(-100.262735, 37.417412),"1954","71-0",-100.262735,37.417412,244.6885071,"198-262"
"74","Meade",-12.32,NA,1954-06-20,372452100153801,119,30,c(-100.262735, 37.417412),"1954","71-0",-100.262735,37.417412,244.6885071,"198-262"
"75","Meade",-12.48,NA,1954-06-25,372452100153801,119,30,c(-100.262735, 37.417412),"1954","71-0",-100.262735,37.417412,244.6885071,"198-262"
"76","Meade",-12.76,NA,1954-07-05,372452100153801,119,30,c(-100.262735, 37.417412),"1954","71-0",-100.262735,37.417412,244.6885071,"198-262"
"77","Meade",-12.9,NA,1954-07-10,372452100153801,119,30,c(-100.262735, 37.417412),"1954","71-0",-100.262735,37.417412,244.6885071,"198-262"
"78","Meade",-13.12,NA,1954-07-20,372452100153801,119,30,c(-100.262735, 37.417412),"1954","71-0",-100.262735,37.417412,244.6885071,"198-262"
"79","Meade",-13.19,NA,1954-07-25,372452100153801,119,30,c(-100.262735, 37.417412),"1954","71-0",-100.262735,37.417412,244.6885071,"198-262"
"80","Meade",-13.28,NA,1954-07-30,372452100153801,119,30,c(-100.262735, 37.417412),"1954","71-0",-100.262735,37.417412,244.6885071,"198-262"
"81","Meade",-13.37,NA,1954-08-05,372452100153801,119,30,c(-100.262735, 37.417412),"1954","71-0",-100.262735,37.417412,244.6885071,"198-262"
"82","Meade",-13.44,NA,1954-08-10,372452100153801,119,30,c(-100.262735, 37.417412),"1954","71-0",-100.262735,37.417412,244.6885071,"198-262"
"83","Meade",-13.52,NA,1954-08-15,372452100153801,119,30,c(-100.262735, 37.417412),"1954","71-0",-100.262735,37.417412,244.6885071,"198-262"
"84","Meade",-13.77,NA,1954-08-25,372452100153801,119,30,c(-100.262735, 37.417412),"1954","71-0",-100.262735,37.417412,244.6885071,"198-262"
"85","Meade",-13.77,NA,1954-08-30,372452100153801,119,30,c(-100.262735, 37.417412),"1954","71-0",-100.262735,37.417412,244.6885071,"198-262"
"86","Meade",-13.82,NA,1954-09-05,372452100153801,119,30,c(-100.262735, 37.417412),"1954","71-0",-100.262735,37.417412,244.6885071,"198-262"
"87","Meade",-13.86,NA,1954-09-10,372452100153801,119,30,c(-100.262735, 37.417412),"1954","71-0",-100.262735,37.417412,244.6885071,"198-262"
"88","Meade",-13.89,NA,1954-09-15,372452100153801,119,30,c(-100.262735, 37.417412),"1954","71-0",-100.262735,37.417412,244.6885071,"198-262"
"89","Meade",-13.93,NA,1954-09-20,372452100153801,119,30,c(-100.262735, 37.417412),"1954","71-0",-100.262735,37.417412,244.6885071,"198-262"
"90","Meade",-13.95,NA,1954-09-25,372452100153801,119,30,c(-100.262735, 37.417412),"1954","71-0",-100.262735,37.417412,244.6885071,"198-262"
"91","Meade",-13.93,NA,1954-09-30,372452100153801,119,30,c(-100.262735, 37.417412),"1954","71-0",-100.262735,37.417412,244.6885071,"198-262"
"92","Meade",-13.93,NA,1954-10-05,372452100153801,119,30,c(-100.262735, 37.417412),"1954","71-0",-100.262735,37.417412,244.6885071,"198-262"
"93","Meade",-13.79,NA,1954-10-10,372452100153801,119,30,c(-100.262735, 37.417412),"1954","71-0",-100.262735,37.417412,244.6885071,"198-262"
"94","Meade",-13.6,NA,1954-10-15,372452100153801,119,30,c(-100.262735, 37.417412),"1954","71-0",-100.262735,37.417412,244.6885071,"198-262"
"95","Meade",-13.41,NA,1954-10-20,372452100153801,119,30,c(-100.262735, 37.417412),"1954","71-0",-100.262735,37.417412,244.6885071,"198-262"
"96","Meade",-13.23,NA,1954-10-25,372452100153801,119,30,c(-100.262735, 37.417412),"1954","71-0",-100.262735,37.417412,244.6885071,"198-262"
"97","Meade",-13.14,NA,1954-10-30,372452100153801,119,30,c(-100.262735, 37.417412),"1954","71-0",-100.262735,37.417412,244.6885071,"198-262"
"98","Meade",-12.94,NA,1954-11-05,372452100153801,119,30,c(-100.262735, 37.417412),"1954","71-0",-100.262735,37.417412,244.6885071,"198-262"
"99","Meade",-12.88,NA,1954-11-10,372452100153801,119,30,c(-100.262735, 37.417412),"1954","71-0",-100.262735,37.417412,244.6885071,"198-262"
"100","Meade",-12.75,NA,1954-11-15,372452100153801,119,30,c(-100.262735, 37.417412),"1954","71-0",-100.262735,37.417412,244.6885071,"198-262"
"101","Meade",-12.67,NA,1954-11-20,372452100153801,119,30,c(-100.262735, 37.417412),"1954","71-0",-100.262735,37.417412,244.6885071,"198-262"
"102","Meade",-12.57,NA,1954-11-25,372452100153801,119,30,c(-100.262735, 37.417412),"1954","71-0",-100.262735,37.417412,244.6885071,"198-262"
"103","Meade",-12.59,NA,1954-11-30,372452100153801,119,30,c(-100.262735, 37.417412),"1954","71-0",-100.262735,37.417412,244.6885071,"198-262"
"104","Meade",-12.56,NA,1954-12-05,372452100153801,119,30,c(-100.262735, 37.417412),"1954","71-0",-100.262735,37.417412,244.6885071,"198-262"
"105","Meade",-12.51,NA,1954-12-10,372452100153801,119,30,c(-100.262735, 37.417412),"1954","71-0",-100.262735,37.417412,244.6885071,"198-262"
"106","Meade",-12.48,NA,1954-12-15,372452100153801,119,30,c(-100.262735, 37.417412),"1954","71-0",-100.262735,37.417412,244.6885071,"198-262"
"107","Meade",-12.47,NA,1954-12-20,372452100153801,119,30,c(-100.262735, 37.417412),"1954","71-0",-100.262735,37.417412,244.6885071,"198-262"
"108","Meade",-12.46,NA,1954-12-25,372452100153801,119,30,c(-100.262735, 37.417412),"1954","71-0",-100.262735,37.417412,244.6885071,"198-262"
"109","Meade",-12.46,NA,1954-12-30,372452100153801,119,30,c(-100.262735, 37.417412),"1954","71-0",-100.262735,37.417412,244.6885071,"198-262"
"110","Meade",-12.45,NA,1955-01-05,372452100153801,119,30,c(-100.262735, 37.417412),"1955","71-0",-100.262735,37.417412,244.6885071,"198-262"
"111","Meade",-12.43,NA,1955-01-10,372452100153801,119,30,c(-100.262735, 37.417412),"1955","71-0",-100.262735,37.417412,244.6885071,"198-262"
"112","Meade",-12.4,NA,1955-01-15,372452100153801,119,30,c(-100.262735, 37.417412),"1955","71-0",-100.262735,37.417412,244.6885071,"198-262"
"113","Meade",-12.37,NA,1955-01-20,372452100153801,119,30,c(-100.262735, 37.417412),"1955","71-0",-100.262735,37.417412,244.6885071,"198-262"
"114","Meade",-12.33,NA,1955-01-25,372452100153801,119,30,c(-100.262735, 37.417412),"1955","71-0",-100.262735,37.417412,244.6885071,"198-262"
"115","Meade",-12.32,NA,1955-01-30,372452100153801,119,30,c(-100.262735, 37.417412),"1955","71-0",-100.262735,37.417412,244.6885071,"198-262"
"116","Meade",-12.3,NA,1955-02-05,372452100153801,119,30,c(-100.262735, 37.417412),"1955","71-0",-100.262735,37.417412,244.6885071,"198-262"
"117","Meade",-12.33,NA,1955-02-10,372452100153801,119,30,c(-100.262735, 37.417412),"1955","71-0",-100.262735,37.417412,244.6885071,"198-262"
"118","Meade",-12.29,NA,1955-02-15,372452100153801,119,30,c(-100.262735, 37.417412),"1955","71-0",-100.262735,37.417412,244.6885071,"198-262"
"119","Meade",-12.29,NA,1955-02-20,372452100153801,119,30,c(-100.262735, 37.417412),"1955","71-0",-100.262735,37.417412,244.6885071,"198-262"
"120","Meade",-12.3,NA,1955-02-25,372452100153801,119,30,c(-100.262735, 37.417412),"1955","71-0",-100.262735,37.417412,244.6885071,"198-262"
"121","Meade",-12.35,NA,1955-03-05,372452100153801,119,30,c(-100.262735, 37.417412),"1955","71-0",-100.262735,37.417412,244.6885071,"198-262"
"122","Meade",-12.36,NA,1955-03-10,372452100153801,119,30,c(-100.262735, 37.417412),"1955","71-0",-100.262735,37.417412,244.6885071,"198-262"
"123","Meade",-12.45,NA,1955-03-15,372452100153801,119,30,c(-100.262735, 37.417412),"1955","71-0",-100.262735,37.417412,244.6885071,"198-262"
"124","Meade",-12.52,NA,1955-03-20,372452100153801,119,30,c(-100.262735, 37.417412),"1955","71-0",-100.262735,37.417412,244.6885071,"198-262"
"125","Meade",-12.55,NA,1955-03-25,372452100153801,119,30,c(-100.262735, 37.417412),"1955","71-0",-100.262735,37.417412,244.6885071,"198-262"
"126","Meade",-12.6,NA,1955-03-30,372452100153801,119,30,c(-100.262735, 37.417412),"1955","71-0",-100.262735,37.417412,244.6885071,"198-262"
"127","Meade",-12.71,NA,1955-04-05,372452100153801,119,30,c(-100.262735, 37.417412),"1955","71-0",-100.262735,37.417412,244.6885071,"198-262"
"128","Meade",-12.77,NA,1955-04-10,372452100153801,119,30,c(-100.262735, 37.417412),"1955","71-0",-100.262735,37.417412,244.6885071,"198-262"
"129","Meade",-12.84,NA,1955-04-15,372452100153801,119,30,c(-100.262735, 37.417412),"1955","71-0",-100.262735,37.417412,244.6885071,"198-262"
"130","Meade",-12.88,NA,1955-04-20,372452100153801,119,30,c(-100.262735, 37.417412),"1955","71-0",-100.262735,37.417412,244.6885071,"198-262"
"131","Meade",-12.9,NA,1955-04-25,372452100153801,119,30,c(-100.262735, 37.417412),"1955","71-0",-100.262735,37.417412,244.6885071,"198-262"
"132","Meade",-12.92,NA,1955-04-30,372452100153801,119,30,c(-100.262735, 37.417412),"1955","71-0",-100.262735,37.417412,244.6885071,"198-262"
"133","Meade",-12.96,NA,1955-05-05,372452100153801,119,30,c(-100.262735, 37.417412),"1955","71-0",-100.262735,37.417412,244.6885071,"198-262"
"134","Meade",-13.03,NA,1955-05-10,372452100153801,119,30,c(-100.262735, 37.417412),"1955","71-0",-100.262735,37.417412,244.6885071,"198-262"
"135","Meade",-13.08,NA,1955-05-15,372452100153801,119,30,c(-100.262735, 37.417412),"1955","71-0",-100.262735,37.417412,244.6885071,"198-262"
"136","Meade",-13,NA,1955-05-20,372452100153801,119,30,c(-100.262735, 37.417412),"1955","71-0",-100.262735,37.417412,244.6885071,"198-262"
"137","Meade",-12.98,NA,1955-05-25,372452100153801,119,30,c(-100.262735, 37.417412),"1955","71-0",-100.262735,37.417412,244.6885071,"198-262"
"138","Meade",-12.82,NA,1955-05-30,372452100153801,119,30,c(-100.262735, 37.417412),"1955","71-0",-100.262735,37.417412,244.6885071,"198-262"
"139","Meade",-12.78,NA,1955-06-05,372452100153801,119,30,c(-100.262735, 37.417412),"1955","71-0",-100.262735,37.417412,244.6885071,"198-262"
"140","Meade",-12.76,NA,1955-06-10,372452100153801,119,30,c(-100.262735, 37.417412),"1955","71-0",-100.262735,37.417412,244.6885071,"198-262"
"141","Meade",-12.74,NA,1955-06-15,372452100153801,119,30,c(-100.262735, 37.417412),"1955","71-0",-100.262735,37.417412,244.6885071,"198-262"
"142","Meade",-12.65,NA,1955-06-20,372452100153801,119,30,c(-100.262735, 37.417412),"1955","71-0",-100.262735,37.417412,244.6885071,"198-262"
"143","Meade",-12.62,NA,1955-06-25,372452100153801,119,30,c(-100.262735, 37.417412),"1955","71-0",-100.262735,37.417412,244.6885071,"198-262"
"144","Meade",-12.59,NA,1955-06-30,372452100153801,119,30,c(-100.262735, 37.417412),"1955","71-0",-100.262735,37.417412,244.6885071,"198-262"
"145","Meade",-12.79,NA,1955-07-05,372452100153801,119,30,c(-100.262735, 37.417412),"1955","71-0",-100.262735,37.417412,244.6885071,"198-262"
"146","Meade",-13.05,NA,1955-07-10,372452100153801,119,30,c(-100.262735, 37.417412),"1955","71-0",-100.262735,37.417412,244.6885071,"198-262"
"147","Meade",-13.21,NA,1955-07-15,372452100153801,119,30,c(-100.262735, 37.417412),"1955","71-0",-100.262735,37.417412,244.6885071,"198-262"
"148","Meade",-13.34,NA,1955-07-20,372452100153801,119,30,c(-100.262735, 37.417412),"1955","71-0",-100.262735,37.417412,244.6885071,"198-262"
"149","Meade",-13.21,NA,1955-07-25,372452100153801,119,30,c(-100.262735, 37.417412),"1955","71-0",-100.262735,37.417412,244.6885071,"198-262"
"150","Meade",-13.67,NA,1955-08-15,372452100153801,119,30,c(-100.262735, 37.417412),"1955","71-0",-100.262735,37.417412,244.6885071,"198-262"
"151","Meade",-13.74,NA,1955-08-20,372452100153801,119,30,c(-100.262735, 37.417412),"1955","71-0",-100.262735,37.417412,244.6885071,"198-262"
"152","Meade",-13.76,NA,1955-08-25,372452100153801,119,30,c(-100.262735, 37.417412),"1955","71-0",-100.262735,37.417412,244.6885071,"198-262"
"153","Meade",-13.88,NA,1955-08-30,372452100153801,119,30,c(-100.262735, 37.417412),"1955","71-0",-100.262735,37.417412,244.6885071,"198-262"
"154","Meade",-13.97,NA,1955-09-05,372452100153801,119,30,c(-100.262735, 37.417412),"1955","71-0",-100.262735,37.417412,244.6885071,"198-262"
"155","Meade",-14.03,NA,1955-09-10,372452100153801,119,30,c(-100.262735, 37.417412),"1955","71-0",-100.262735,37.417412,244.6885071,"198-262"
"156","Meade",-14.07,NA,1955-09-15,372452100153801,119,30,c(-100.262735, 37.417412),"1955","71-0",-100.262735,37.417412,244.6885071,"198-262"
"157","Meade",-14.11,NA,1955-09-20,372452100153801,119,30,c(-100.262735, 37.417412),"1955","71-0",-100.262735,37.417412,244.6885071,"198-262"
"158","Meade",-13.98,NA,1955-09-30,372452100153801,119,30,c(-100.262735, 37.417412),"1955","71-0",-100.262735,37.417412,244.6885071,"198-262"
"159","Meade",-13.88,NA,1955-10-05,372452100153801,119,30,c(-100.262735, 37.417412),"1955","71-0",-100.262735,37.417412,244.6885071,"198-262"
"160","Meade",-13.84,NA,1955-10-10,372452100153801,119,30,c(-100.262735, 37.417412),"1955","71-0",-100.262735,37.417412,244.6885071,"198-262"
"161","Meade",-13.82,NA,1955-10-15,372452100153801,119,30,c(-100.262735, 37.417412),"1955","71-0",-100.262735,37.417412,244.6885071,"198-262"
"162","Meade",-13.81,NA,1955-10-20,372452100153801,119,30,c(-100.262735, 37.417412),"1955","71-0",-100.262735,37.417412,244.6885071,"198-262"
"163","Meade",-13.79,NA,1955-10-25,372452100153801,119,30,c(-100.262735, 37.417412),"1955","71-0",-100.262735,37.417412,244.6885071,"198-262"
"164","Meade",-13.76,NA,1955-10-30,372452100153801,119,30,c(-100.262735, 37.417412),"1955","71-0",-100.262735,37.417412,244.6885071,"198-262"
"165","Meade",-13.5,NA,1955-11-05,372452100153801,119,30,c(-100.262735, 37.417412),"1955","71-0",-100.262735,37.417412,244.6885071,"198-262"
"166","Meade",-13.43,NA,1955-11-10,372452100153801,119,30,c(-100.262735, 37.417412),"1955","71-0",-100.262735,37.417412,244.6885071,"198-262"
"167","Meade",-13.39,NA,1955-11-15,372452100153801,119,30,c(-100.262735, 37.417412),"1955","71-0",-100.262735,37.417412,244.6885071,"198-262"
"168","Meade",-13.47,NA,1955-11-20,372452100153801,119,30,c(-100.262735, 37.417412),"1955","71-0",-100.262735,37.417412,244.6885071,"198-262"
"169","Meade",-13.51,NA,1955-11-25,372452100153801,119,30,c(-100.262735, 37.417412),"1955","71-0",-100.262735,37.417412,244.6885071,"198-262"
"170","Meade",-13.4,NA,1955-11-30,372452100153801,119,30,c(-100.262735, 37.417412),"1955","71-0",-100.262735,37.417412,244.6885071,"198-262"
"171","Meade",-13.4,NA,1955-12-28,372452100153801,119,30,c(-100.262735, 37.417412),"1955","71-0",-100.262735,37.417412,244.6885071,"198-262"
"172","Meade",-12.99,NA,1956-03-13,372452100153801,119,30,c(-100.262735, 37.417412),"1956","71-0",-100.262735,37.417412,244.6885071,"198-262"
"173","Meade",-12.78,NA,1956-06-07,372452100153801,119,30,c(-100.262735, 37.417412),"1956","71-0",-100.262735,37.417412,244.6885071,"198-262"
"174","Meade",-16.21,NA,1956-09-10,372452100153801,119,30,c(-100.262735, 37.417412),"1956","71-0",-100.262735,37.417412,244.6885071,"198-262"
"175","Meade",-16.32,NA,1956-09-15,372452100153801,119,30,c(-100.262735, 37.417412),"1956","71-0",-100.262735,37.417412,244.6885071,"198-262"
"176","Meade",-16.42,NA,1956-09-20,372452100153801,119,30,c(-100.262735, 37.417412),"1956","71-0",-100.262735,37.417412,244.6885071,"198-262"
"177","Meade",-16.52,NA,1956-09-25,372452100153801,119,30,c(-100.262735, 37.417412),"1956","71-0",-100.262735,37.417412,244.6885071,"198-262"
"178","Meade",-16.6,NA,1956-09-30,372452100153801,119,30,c(-100.262735, 37.417412),"1956","71-0",-100.262735,37.417412,244.6885071,"198-262"
"179","Meade",-16.66,NA,1956-10-05,372452100153801,119,30,c(-100.262735, 37.417412),"1956","71-0",-100.262735,37.417412,244.6885071,"198-262"
"180","Meade",-16.75,NA,1956-10-10,372452100153801,119,30,c(-100.262735, 37.417412),"1956","71-0",-100.262735,37.417412,244.6885071,"198-262"
"181","Meade",-16.81,NA,1956-10-15,372452100153801,119,30,c(-100.262735, 37.417412),"1956","71-0",-100.262735,37.417412,244.6885071,"198-262"
"182","Meade",-16.81,NA,1956-10-20,372452100153801,119,30,c(-100.262735, 37.417412),"1956","71-0",-100.262735,37.417412,244.6885071,"198-262"
"183","Meade",-16.82,NA,1956-10-25,372452100153801,119,30,c(-100.262735, 37.417412),"1956","71-0",-100.262735,37.417412,244.6885071,"198-262"
"184","Meade",-16.7,NA,1956-10-30,372452100153801,119,30,c(-100.262735, 37.417412),"1956","71-0",-100.262735,37.417412,244.6885071,"198-262"
"185","Meade",-16.55,NA,1956-11-05,372452100153801,119,30,c(-100.262735, 37.417412),"1956","71-0",-100.262735,37.417412,244.6885071,"198-262"
"186","Meade",-16.38,NA,1956-11-10,372452100153801,119,30,c(-100.262735, 37.417412),"1956","71-0",-100.262735,37.417412,244.6885071,"198-262"
"187","Meade",-15.98,NA,1956-11-15,372452100153801,119,30,c(-100.262735, 37.417412),"1956","71-0",-100.262735,37.417412,244.6885071,"198-262"
"188","Meade",-15.74,NA,1956-11-20,372452100153801,119,30,c(-100.262735, 37.417412),"1956","71-0",-100.262735,37.417412,244.6885071,"198-262"
"189","Meade",-15.62,NA,1956-11-25,372452100153801,119,30,c(-100.262735, 37.417412),"1956","71-0",-100.262735,37.417412,244.6885071,"198-262"
"190","Meade",-15.48,NA,1956-11-30,372452100153801,119,30,c(-100.262735, 37.417412),"1956","71-0",-100.262735,37.417412,244.6885071,"198-262"
"191","Meade",-15.36,NA,1956-12-05,372452100153801,119,30,c(-100.262735, 37.417412),"1956","71-0",-100.262735,37.417412,244.6885071,"198-262"
"192","Meade",-15.28,NA,1956-12-10,372452100153801,119,30,c(-100.262735, 37.417412),"1956","71-0",-100.262735,37.417412,244.6885071,"198-262"
"193","Meade",-15.18,NA,1956-12-15,372452100153801,119,30,c(-100.262735, 37.417412),"1956","71-0",-100.262735,37.417412,244.6885071,"198-262"
"194","Meade",-15.1,NA,1956-12-20,372452100153801,119,30,c(-100.262735, 37.417412),"1956","71-0",-100.262735,37.417412,244.6885071,"198-262"
"195","Meade",-15.06,NA,1956-12-25,372452100153801,119,30,c(-100.262735, 37.417412),"1956","71-0",-100.262735,37.417412,244.6885071,"198-262"
"196","Meade",-14.97,NA,1956-12-30,372452100153801,119,30,c(-100.262735, 37.417412),"1956","71-0",-100.262735,37.417412,244.6885071,"198-262"
"197","Meade",-14.9,NA,1957-01-05,372452100153801,119,30,c(-100.262735, 37.417412),"1957","71-0",-100.262735,37.417412,244.6885071,"198-262"
"198","Meade",-14.86,NA,1957-01-10,372452100153801,119,30,c(-100.262735, 37.417412),"1957","71-0",-100.262735,37.417412,244.6885071,"198-262"
"199","Meade",-14.8,NA,1957-01-15,372452100153801,119,30,c(-100.262735, 37.417412),"1957","71-0",-100.262735,37.417412,244.6885071,"198-262"
"200","Meade",-14.76,NA,1957-01-20,372452100153801,119,30,c(-100.262735, 37.417412),"1957","71-0",-100.262735,37.417412,244.6885071,"198-262"
"201","Meade",-14.45,NA,1957-02-05,372452100153801,119,30,c(-100.262735, 37.417412),"1957","71-0",-100.262735,37.417412,244.6885071,"198-262"
"202","Meade",-14.71,NA,1957-02-10,372452100153801,119,30,c(-100.262735, 37.417412),"1957","71-0",-100.262735,37.417412,244.6885071,"198-262"
"203","Meade",-14.64,NA,1957-02-15,372452100153801,119,30,c(-100.262735, 37.417412),"1957","71-0",-100.262735,37.417412,244.6885071,"198-262"
"204","Meade",-14.6,NA,1957-02-20,372452100153801,119,30,c(-100.262735, 37.417412),"1957","71-0",-100.262735,37.417412,244.6885071,"198-262"
"205","Meade",-14.57,NA,1957-02-25,372452100153801,119,30,c(-100.262735, 37.417412),"1957","71-0",-100.262735,37.417412,244.6885071,"198-262"
"206","Meade",-14.54,NA,1957-03-05,372452100153801,119,30,c(-100.262735, 37.417412),"1957","71-0",-100.262735,37.417412,244.6885071,"198-262"
"207","Meade",-14.49,NA,1957-03-10,372452100153801,119,30,c(-100.262735, 37.417412),"1957","71-0",-100.262735,37.417412,244.6885071,"198-262"
"208","Meade",-14.51,NA,1957-03-15,372452100153801,119,30,c(-100.262735, 37.417412),"1957","71-0",-100.262735,37.417412,244.6885071,"198-262"
"209","Meade",-14.48,NA,1957-03-20,372452100153801,119,30,c(-100.262735, 37.417412),"1957","71-0",-100.262735,37.417412,244.6885071,"198-262"
"210","Meade",-14.46,NA,1957-03-25,372452100153801,119,30,c(-100.262735, 37.417412),"1957","71-0",-100.262735,37.417412,244.6885071,"198-262"
"211","Meade",-12.88,NA,1957-05-05,372452100153801,119,30,c(-100.262735, 37.417412),"1957","71-0",-100.262735,37.417412,244.6885071,"198-262"
"212","Meade",-12.86,NA,1957-05-10,372452100153801,119,30,c(-100.262735, 37.417412),"1957","71-0",-100.262735,37.417412,244.6885071,"198-262"
"213","Meade",-12.9,NA,1957-05-15,372452100153801,119,30,c(-100.262735, 37.417412),"1957","71-0",-100.262735,37.417412,244.6885071,"198-262"
"214","Meade",-12.89,NA,1957-05-20,372452100153801,119,30,c(-100.262735, 37.417412),"1957","71-0",-100.262735,37.417412,244.6885071,"198-262"
"215","Meade",-12.92,NA,1957-05-25,372452100153801,119,30,c(-100.262735, 37.417412),"1957","71-0",-100.262735,37.417412,244.6885071,"198-262"
"216","Meade",-12.88,NA,1957-05-30,372452100153801,119,30,c(-100.262735, 37.417412),"1957","71-0",-100.262735,37.417412,244.6885071,"198-262"
"217","Meade",-12.9,NA,1957-06-05,372452100153801,119,30,c(-100.262735, 37.417412),"1957","71-0",-100.262735,37.417412,244.6885071,"198-262"
"218","Meade",-12.96,NA,1957-06-10,372452100153801,119,30,c(-100.262735, 37.417412),"1957","71-0",-100.262735,37.417412,244.6885071,"198-262"
"219","Meade",-13.04,NA,1957-06-15,372452100153801,119,30,c(-100.262735, 37.417412),"1957","71-0",-100.262735,37.417412,244.6885071,"198-262"
"220","Meade",-13.22,NA,1957-06-20,372452100153801,119,30,c(-100.262735, 37.417412),"1957","71-0",-100.262735,37.417412,244.6885071,"198-262"
"221","Meade",-13.32,NA,1957-06-25,372452100153801,119,30,c(-100.262735, 37.417412),"1957","71-0",-100.262735,37.417412,244.6885071,"198-262"
"222","Meade",-13.4,NA,1957-06-30,372452100153801,119,30,c(-100.262735, 37.417412),"1957","71-0",-100.262735,37.417412,244.6885071,"198-262"
"223","Meade",-13.24,NA,1957-07-05,372452100153801,119,30,c(-100.262735, 37.417412),"1957","71-0",-100.262735,37.417412,244.6885071,"198-262"
"224","Meade",-13.79,NA,1957-07-10,372452100153801,119,30,c(-100.262735, 37.417412),"1957","71-0",-100.262735,37.417412,244.6885071,"198-262"
"225","Meade",-14.01,NA,1957-07-15,372452100153801,119,30,c(-100.262735, 37.417412),"1957","71-0",-100.262735,37.417412,244.6885071,"198-262"
"226","Meade",-14.25,NA,1957-07-20,372452100153801,119,30,c(-100.262735, 37.417412),"1957","71-0",-100.262735,37.417412,244.6885071,"198-262"
"227","Meade",-14.37,NA,1957-07-25,372452100153801,119,30,c(-100.262735, 37.417412),"1957","71-0",-100.262735,37.417412,244.6885071,"198-262"
"228","Meade",-14.47,NA,1957-07-30,372452100153801,119,30,c(-100.262735, 37.417412),"1957","71-0",-100.262735,37.417412,244.6885071,"198-262"
"229","Meade",-14.59,NA,1957-08-05,372452100153801,119,30,c(-100.262735, 37.417412),"1957","71-0",-100.262735,37.417412,244.6885071,"198-262"
"230","Meade",-14.64,NA,1957-08-10,372452100153801,119,30,c(-100.262735, 37.417412),"1957","71-0",-100.262735,37.417412,244.6885071,"198-262"
"231","Meade",-14.8,NA,1957-08-15,372452100153801,119,30,c(-100.262735, 37.417412),"1957","71-0",-100.262735,37.417412,244.6885071,"198-262"
"232","Meade",-14.95,NA,1957-08-20,372452100153801,119,30,c(-100.262735, 37.417412),"1957","71-0",-100.262735,37.417412,244.6885071,"198-262"
"233","Meade",-15.09,NA,1957-08-25,372452100153801,119,30,c(-100.262735, 37.417412),"1957","71-0",-100.262735,37.417412,244.6885071,"198-262"
"234","Meade",-15.76,NA,1957-08-30,372452100153801,119,30,c(-100.262735, 37.417412),"1957","71-0",-100.262735,37.417412,244.6885071,"198-262"
"235","Meade",-15.59,NA,1957-09-10,372452100153801,119,30,c(-100.262735, 37.417412),"1957","71-0",-100.262735,37.417412,244.6885071,"198-262"
"236","Meade",-15.49,NA,1957-09-15,372452100153801,119,30,c(-100.262735, 37.417412),"1957","71-0",-100.262735,37.417412,244.6885071,"198-262"
"237","Meade",-15.24,NA,1957-09-20,372452100153801,119,30,c(-100.262735, 37.417412),"1957","71-0",-100.262735,37.417412,244.6885071,"198-262"
"238","Meade",-13.8,NA,1957-12-19,372452100153801,119,30,c(-100.262735, 37.417412),"1957","71-0",-100.262735,37.417412,244.6885071,"198-262"
"239","Meade",-13.24,NA,1958-03-05,372452100153801,119,30,c(-100.262735, 37.417412),"1958","71-0",-100.262735,37.417412,244.6885071,"198-262"
"240","Meade",-14.04,NA,1958-04-10,372452100153801,119,30,c(-100.262735, 37.417412),"1958","71-0",-100.262735,37.417412,244.6885071,"198-262"
"241","Meade",-14.72,NA,1958-07-16,372452100153801,119,30,c(-100.262735, 37.417412),"1958","71-0",-100.262735,37.417412,244.6885071,"198-262"
"242","Meade",-16.23,NA,1958-10-17,372452100153801,119,30,c(-100.262735, 37.417412),"1958","71-0",-100.262735,37.417412,244.6885071,"198-262"
"243","Meade",-14.78,NA,1959-01-08,372452100153801,119,30,c(-100.262735, 37.417412),"1959","71-0",-100.262735,37.417412,244.6885071,"198-262"
"244","Meade",-15.71,NA,1959-07-17,372452100153801,119,30,c(-100.262735, 37.417412),"1959","71-0",-100.262735,37.417412,244.6885071,"198-262"
"245","Meade",-16.08,NA,1959-10-21,372452100153801,119,30,c(-100.262735, 37.417412),"1959","71-0",-100.262735,37.417412,244.6885071,"198-262"
"246","Meade",-14.91,NA,1960-01-08,372452100153801,119,30,c(-100.262735, 37.417412),"1960","71-0",-100.262735,37.417412,244.6885071,"198-262"
"247","Meade",-14.05,NA,1960-04-18,372452100153801,119,30,c(-100.262735, 37.417412),"1960","71-0",-100.262735,37.417412,244.6885071,"198-262"
"248","Meade",-15.35,NA,1960-07-11,372452100153801,119,30,c(-100.262735, 37.417412),"1960","71-0",-100.262735,37.417412,244.6885071,"198-262"
"249","Meade",-17.68,NA,1960-09-21,372452100153801,119,30,c(-100.262735, 37.417412),"1960","71-0",-100.262735,37.417412,244.6885071,"198-262"
"250","Meade",-15.36,NA,1960-12-07,372452100153801,119,30,c(-100.262735, 37.417412),"1960","71-0",-100.262735,37.417412,244.6885071,"198-262"
"251","Meade",-14.7,NA,1961-03-08,372452100153801,119,30,c(-100.262735, 37.417412),"1961","71-0",-100.262735,37.417412,244.6885071,"198-262"
"252","Meade",-14.87,NA,1961-06-13,372452100153801,119,30,c(-100.262735, 37.417412),"1961","71-0",-100.262735,37.417412,244.6885071,"198-262"
"253","Meade",-15.2,NA,1961-09-12,372452100153801,119,30,c(-100.262735, 37.417412),"1961","71-0",-100.262735,37.417412,244.6885071,"198-262"
"254","Meade",-14.46,NA,1961-12-04,372452100153801,119,30,c(-100.262735, 37.417412),"1961","71-0",-100.262735,37.417412,244.6885071,"198-262"
"255","Meade",-13.89,NA,1962-03-07,372452100153801,119,30,c(-100.262735, 37.417412),"1962","71-0",-100.262735,37.417412,244.6885071,"198-262"
"256","Meade",-14.1,NA,1962-06-04,372452100153801,119,30,c(-100.262735, 37.417412),"1962","71-0",-100.262735,37.417412,244.6885071,"198-262"
"257","Meade",-13.25,NA,1962-09-11,372452100153801,119,30,c(-100.262735, 37.417412),"1962","71-0",-100.262735,37.417412,244.6885071,"198-262"
"258","Meade",-12.67,NA,1962-12-19,372452100153801,119,30,c(-100.262735, 37.417412),"1962","71-0",-100.262735,37.417412,244.6885071,"198-262"
"259","Meade",-13.08,NA,1963-03-13,372452100153801,119,30,c(-100.262735, 37.417412),"1963","71-0",-100.262735,37.417412,244.6885071,"198-262"
"260","Meade",-14.61,NA,1963-06-10,372452100153801,119,30,c(-100.262735, 37.417412),"1963","71-0",-100.262735,37.417412,244.6885071,"198-262"
"261","Meade",-15.41,NA,1963-09-09,372452100153801,119,30,c(-100.262735, 37.417412),"1963","71-0",-100.262735,37.417412,244.6885071,"198-262"
"262","Meade",-14.71,NA,1963-12-10,372452100153801,119,30,c(-100.262735, 37.417412),"1963","71-0",-100.262735,37.417412,244.6885071,"198-262"
"263","Meade",-13.84,NA,1964-03-04,372452100153801,119,30,c(-100.262735, 37.417412),"1964","71-0",-100.262735,37.417412,244.6885071,"198-262"
"264","Meade",-14.3,NA,1964-06-08,372452100153801,119,30,c(-100.262735, 37.417412),"1964","71-0",-100.262735,37.417412,244.6885071,"198-262"
"265","Meade",-15.62,NA,1964-09-14,372452100153801,119,30,c(-100.262735, 37.417412),"1964","71-0",-100.262735,37.417412,244.6885071,"198-262"
"266","Meade",-14.42,NA,1964-12-14,372452100153801,119,30,c(-100.262735, 37.417412),"1964","71-0",-100.262735,37.417412,244.6885071,"198-262"
"267","Meade",-13.56,NA,1965-03-03,372452100153801,119,30,c(-100.262735, 37.417412),"1965","71-0",-100.262735,37.417412,244.6885071,"198-262"
"268","Meade",-13.88,NA,1965-06-14,372452100153801,119,30,c(-100.262735, 37.417412),"1965","71-0",-100.262735,37.417412,244.6885071,"198-262"
"269","Meade",-14.42,NA,1965-09-22,372452100153801,119,30,c(-100.262735, 37.417412),"1965","71-0",-100.262735,37.417412,244.6885071,"198-262"
"270","Meade",-12.9,NA,1965-12-21,372452100153801,119,30,c(-100.262735, 37.417412),"1965","71-0",-100.262735,37.417412,244.6885071,"198-262"
"271","Meade",-12.32,NA,1966-03-16,372452100153801,119,30,c(-100.262735, 37.417412),"1966","71-0",-100.262735,37.417412,244.6885071,"198-262"
"272","Meade",-13.57,NA,1966-06-07,372452100153801,119,30,c(-100.262735, 37.417412),"1966","71-0",-100.262735,37.417412,244.6885071,"198-262"
"273","Meade",-15.56,NA,1966-09-13,372452100153801,119,30,c(-100.262735, 37.417412),"1966","71-0",-100.262735,37.417412,244.6885071,"198-262"
"274","Meade",-15.09,NA,1966-12-12,372452100153801,119,30,c(-100.262735, 37.417412),"1966","71-0",-100.262735,37.417412,244.6885071,"198-262"
"275","Meade",-13.84,NA,1967-03-14,372452100153801,119,30,c(-100.262735, 37.417412),"1967","71-0",-100.262735,37.417412,244.6885071,"198-262"
"276","Meade",-15.17,NA,1967-06-07,372452100153801,119,30,c(-100.262735, 37.417412),"1967","71-0",-100.262735,37.417412,244.6885071,"198-262"
"277","Meade",-16.37,NA,1967-09-06,372452100153801,119,30,c(-100.262735, 37.417412),"1967","71-0",-100.262735,37.417412,244.6885071,"198-262"
"278","Meade",-15.9,NA,1967-12-12,372452100153801,119,30,c(-100.262735, 37.417412),"1967","71-0",-100.262735,37.417412,244.6885071,"198-262"
"279","Meade",-14.8,NA,1968-03-19,372452100153801,119,30,c(-100.262735, 37.417412),"1968","71-0",-100.262735,37.417412,244.6885071,"198-262"
"280","Meade",-15.86,NA,1968-06-04,372452100153801,119,30,c(-100.262735, 37.417412),"1968","71-0",-100.262735,37.417412,244.6885071,"198-262"
"281","Meade",-17.14,NA,1968-09-11,372452100153801,119,30,c(-100.262735, 37.417412),"1968","71-0",-100.262735,37.417412,244.6885071,"198-262"
"282","Meade",-15.2,NA,1968-12-17,372452100153801,119,30,c(-100.262735, 37.417412),"1968","71-0",-100.262735,37.417412,244.6885071,"198-262"
"283","Meade",-14.71,NA,1969-01-23,372452100153801,119,30,c(-100.262735, 37.417412),"1969","71-0",-100.262735,37.417412,244.6885071,"198-262"
"284","Meade",-13.18,NA,1969-04-08,372452100153801,119,30,c(-100.262735, 37.417412),"1969","71-0",-100.262735,37.417412,244.6885071,"198-262"
"285","Meade",-13.37,NA,1969-06-18,372452100153801,119,30,c(-100.262735, 37.417412),"1969","71-0",-100.262735,37.417412,244.6885071,"198-262"
"286","Meade",-16.08,NA,1969-09-09,372452100153801,119,30,c(-100.262735, 37.417412),"1969","71-0",-100.262735,37.417412,244.6885071,"198-262"
"287","Meade",-13.92,NA,1969-12-10,372452100153801,119,30,c(-100.262735, 37.417412),"1969","71-0",-100.262735,37.417412,244.6885071,"198-262"
"288","Meade",-13.37,NA,1970-01-22,372452100153801,119,30,c(-100.262735, 37.417412),"1970","71-0",-100.262735,37.417412,244.6885071,"198-262"
"289","Meade",-13.59,NA,1970-03-11,372452100153801,119,30,c(-100.262735, 37.417412),"1970","71-0",-100.262735,37.417412,244.6885071,"198-262"
"290","Meade",-13.73,NA,1970-06-08,372452100153801,119,30,c(-100.262735, 37.417412),"1970","71-0",-100.262735,37.417412,244.6885071,"198-262"
"291","Meade",-15.03,NA,1970-09-08,372452100153801,119,30,c(-100.262735, 37.417412),"1970","71-0",-100.262735,37.417412,244.6885071,"198-262"
"292","Meade",-14.2,NA,1970-12-15,372452100153801,119,30,c(-100.262735, 37.417412),"1970","71-0",-100.262735,37.417412,244.6885071,"198-262"
"293","Meade",-13.85,NA,1971-01-20,372452100153801,119,30,c(-100.262735, 37.417412),"1971","71-0",-100.262735,37.417412,244.6885071,"198-262"
"294","Meade",-14.48,NA,1971-03-08,372452100153801,119,30,c(-100.262735, 37.417412),"1971","71-0",-100.262735,37.417412,244.6885071,"198-262"
"295","Meade",-14.02,NA,1971-06-07,372452100153801,119,30,c(-100.262735, 37.417412),"1971","71-0",-100.262735,37.417412,244.6885071,"198-262"
"296","Meade",-12.68,NA,1971-09-15,372452100153801,119,30,c(-100.262735, 37.417412),"1971","71-0",-100.262735,37.417412,244.6885071,"198-262"
"297","Meade",-10.34,NA,1971-12-13,372452100153801,119,30,c(-100.262735, 37.417412),"1971","71-0",-100.262735,37.417412,244.6885071,"198-262"
"298","Meade",-10.2,NA,1972-01-19,372452100153801,119,30,c(-100.262735, 37.417412),"1972","71-0",-100.262735,37.417412,244.6885071,"198-262"
"299","Meade",-10.18,NA,1972-03-13,372452100153801,119,30,c(-100.262735, 37.417412),"1972","71-0",-100.262735,37.417412,244.6885071,"198-262"
"300","Meade",-8.44,NA,1972-06-07,372452100153801,119,30,c(-100.262735, 37.417412),"1972","71-0",-100.262735,37.417412,244.6885071,"198-262"
"301","Meade",-8.43,NA,1972-09-11,372452100153801,119,30,c(-100.262735, 37.417412),"1972","71-0",-100.262735,37.417412,244.6885071,"198-262"
"302","Meade",-7.9,NA,1972-12-06,372452100153801,119,30,c(-100.262735, 37.417412),"1972","71-0",-100.262735,37.417412,244.6885071,"198-262"
"303","Meade",-8.03,NA,1973-01-24,372452100153801,119,30,c(-100.262735, 37.417412),"1973","71-0",-100.262735,37.417412,244.6885071,"198-262"
"304","Meade",-8,NA,1973-03-06,372452100153801,119,30,c(-100.262735, 37.417412),"1973","71-0",-100.262735,37.417412,244.6885071,"198-262"
"305","Meade",-6.07,NA,1973-06-20,372452100153801,119,30,c(-100.262735, 37.417412),"1973","71-0",-100.262735,37.417412,244.6885071,"198-262"
"306","Meade",-8.05,NA,1973-09-07,372452100153801,119,30,c(-100.262735, 37.417412),"1973","71-0",-100.262735,37.417412,244.6885071,"198-262"
"307","Meade",-7.75,NA,1973-12-21,372452100153801,119,30,c(-100.262735, 37.417412),"1973","71-0",-100.262735,37.417412,244.6885071,"198-262"
"308","Meade",-4.95,NA,1974-01-16,372452100153801,119,30,c(-100.262735, 37.417412),"1974","71-0",-100.262735,37.417412,244.6885071,"198-262"
"309","Meade",-4.9,NA,1974-03-19,372452100153801,119,30,c(-100.262735, 37.417412),"1974","71-0",-100.262735,37.417412,244.6885071,"198-262"
"310","Meade",-7.28,NA,1974-06-04,372452100153801,119,30,c(-100.262735, 37.417412),"1974","71-0",-100.262735,37.417412,244.6885071,"198-262"
"311","Meade",-7.8,NA,1974-09-04,372452100153801,119,30,c(-100.262735, 37.417412),"1974","71-0",-100.262735,37.417412,244.6885071,"198-262"
"312","Meade",-8.38,NA,1974-12-16,372452100153801,119,30,c(-100.262735, 37.417412),"1974","71-0",-100.262735,37.417412,244.6885071,"198-262"
"313","Meade",-8.22,NA,1975-01-22,372452100153801,119,30,c(-100.262735, 37.417412),"1975","71-0",-100.262735,37.417412,244.6885071,"198-262"
"314","Meade",-8.14,NA,1975-03-05,372452100153801,119,30,c(-100.262735, 37.417412),"1975","71-0",-100.262735,37.417412,244.6885071,"198-262"
"315","Meade",-8.22,NA,1975-06-11,372452100153801,119,30,c(-100.262735, 37.417412),"1975","71-0",-100.262735,37.417412,244.6885071,"198-262"
"316","Meade",-10.55,NA,1975-09-03,372452100153801,119,30,c(-100.262735, 37.417412),"1975","71-0",-100.262735,37.417412,244.6885071,"198-262"
"317","Meade",-8.99,NA,1976-01-13,372452100153801,119,30,c(-100.262735, 37.417412),"1976","71-0",-100.262735,37.417412,244.6885071,"198-262"
"318","Meade",-8.79,NA,1976-03-03,372452100153801,119,30,c(-100.262735, 37.417412),"1976","71-0",-100.262735,37.417412,244.6885071,"198-262"
"319","Meade",-7.54,NA,1976-06-22,372452100153801,119,30,c(-100.262735, 37.417412),"1976","71-0",-100.262735,37.417412,244.6885071,"198-262"
"320","Meade",-9.83,NA,1976-09-16,372452100153801,119,30,c(-100.262735, 37.417412),"1976","71-0",-100.262735,37.417412,244.6885071,"198-262"
"321","Meade",-8.8,NA,1977-01-11,372452100153801,119,30,c(-100.262735, 37.417412),"1977","71-0",-100.262735,37.417412,244.6885071,"198-262"
"322","Meade",-9.09,NA,1977-03-15,372452100153801,119,30,c(-100.262735, 37.417412),"1977","71-0",-100.262735,37.417412,244.6885071,"198-262"
"323","Meade",-8.32,NA,1977-06-08,372452100153801,119,30,c(-100.262735, 37.417412),"1977","71-0",-100.262735,37.417412,244.6885071,"198-262"
"324","Meade",-9.98,NA,1977-09-15,372452100153801,119,30,c(-100.262735, 37.417412),"1977","71-0",-100.262735,37.417412,244.6885071,"198-262"
"325","Meade",-8.91,NA,1978-01-19,372452100153801,119,30,c(-100.262735, 37.417412),"1978","71-0",-100.262735,37.417412,244.6885071,"198-262"
"326","Meade",-8.66,NA,1978-03-07,372452100153801,119,30,c(-100.262735, 37.417412),"1978","71-0",-100.262735,37.417412,244.6885071,"198-262"
"327","Meade",-6.61,NA,1978-06-15,372452100153801,119,30,c(-100.262735, 37.417412),"1978","71-0",-100.262735,37.417412,244.6885071,"198-262"
"328","Meade",-9.39,NA,1978-09-06,372452100153801,119,30,c(-100.262735, 37.417412),"1978","71-0",-100.262735,37.417412,244.6885071,"198-262"
"329","Meade",-8.1,NA,1979-02-01,372452100153801,119,30,c(-100.262735, 37.417412),"1979","71-0",-100.262735,37.417412,244.6885071,"198-262"
"330","Meade",-9.08,NA,1979-03-05,372452100153801,119,30,c(-100.262735, 37.417412),"1979","71-0",-100.262735,37.417412,244.6885071,"198-262"
"331","Meade",-7.11,NA,1979-06-14,372452100153801,119,30,c(-100.262735, 37.417412),"1979","71-0",-100.262735,37.417412,244.6885071,"198-262"
"332","Meade",-7.86,NA,1979-09-05,372452100153801,119,30,c(-100.262735, 37.417412),"1979","71-0",-100.262735,37.417412,244.6885071,"198-262"
"333","Meade",-8.19,NA,1980-01-18,372452100153801,119,30,c(-100.262735, 37.417412),"1980","71-0",-100.262735,37.417412,244.6885071,"198-262"
"334","Meade",-6.13,NA,1980-05-06,372452100153801,119,30,c(-100.262735, 37.417412),"1980","71-0",-100.262735,37.417412,244.6885071,"198-262"
"335","Meade",-7.89,NA,1980-07-08,372452100153801,119,30,c(-100.262735, 37.417412),"1980","71-0",-100.262735,37.417412,244.6885071,"198-262"
"336","Meade",-6.48,NA,1980-10-09,372452100153801,119,30,c(-100.262735, 37.417412),"1980","71-0",-100.262735,37.417412,244.6885071,"198-262"
"337","Meade",-9.17,NA,1981-01-13,372452100153801,119,30,c(-100.262735, 37.417412),"1981","71-0",-100.262735,37.417412,244.6885071,"198-262"
"338","Meade",-9.29,NA,1981-04-28,372452100153801,119,30,c(-100.262735, 37.417412),"1981","71-0",-100.262735,37.417412,244.6885071,"198-262"
"339","Meade",-9.86,NA,1981-07-14,372452100153801,119,30,c(-100.262735, 37.417412),"1981","71-0",-100.262735,37.417412,244.6885071,"198-262"
"340","Meade",-10.91,NA,1981-10-27,372452100153801,119,30,c(-100.262735, 37.417412),"1981","71-0",-100.262735,37.417412,244.6885071,"198-262"
"341","Meade",-10.04,NA,1982-01-14,372452100153801,119,30,c(-100.262735, 37.417412),"1982","71-0",-100.262735,37.417412,244.6885071,"198-262"
"342","Meade",-9.86,NA,1982-04-08,372452100153801,119,30,c(-100.262735, 37.417412),"1982","71-0",-100.262735,37.417412,244.6885071,"198-262"
"343","Meade",-10.63,NA,1982-07-27,372452100153801,119,30,c(-100.262735, 37.417412),"1982","71-0",-100.262735,37.417412,244.6885071,"198-262"
"344","Meade",-12.51,NA,1982-10-20,372452100153801,119,30,c(-100.262735, 37.417412),"1982","71-0",-100.262735,37.417412,244.6885071,"198-262"
"345","Meade",-10.7,NA,1983-01-07,372452100153801,119,30,c(-100.262735, 37.417412),"1983","71-0",-100.262735,37.417412,244.6885071,"198-262"
"346","Meade",-12.53,NA,1983-04-28,372452100153801,119,30,c(-100.262735, 37.417412),"1983","71-0",-100.262735,37.417412,244.6885071,"198-262"
"347","Meade",-11.06,NA,1983-07-26,372452100153801,119,30,c(-100.262735, 37.417412),"1983","71-0",-100.262735,37.417412,244.6885071,"198-262"
"348","Meade",-9.39,NA,1984-01-11,372452100153801,119,30,c(-100.262735, 37.417412),"1984","71-0",-100.262735,37.417412,244.6885071,"198-262"
"349","Meade",-9.52,NA,1984-04-12,372452100153801,119,30,c(-100.262735, 37.417412),"1984","71-0",-100.262735,37.417412,244.6885071,"198-262"
"350","Meade",-10.31,NA,1984-07-25,372452100153801,119,30,c(-100.262735, 37.417412),"1984","71-0",-100.262735,37.417412,244.6885071,"198-262"
"351","Meade",-9.7,NA,1984-10-01,372452100153801,119,30,c(-100.262735, 37.417412),"1984","71-0",-100.262735,37.417412,244.6885071,"198-262"
"352","Meade",-8.6,NA,1985-01-15,372452100153801,119,30,c(-100.262735, 37.417412),"1985","71-0",-100.262735,37.417412,244.6885071,"198-262"
"353","Meade",-88.72,NA,1975-01-22,371931100115502,119,31,c(-100.199692, 37.328903),"1975","143-72",-100.199692,37.328903,107.1641388,"66-131"
"354","Meade",-90.18,NA,1976-01-13,371931100115502,119,31,c(-100.199692, 37.328903),"1976","143-72",-100.199692,37.328903,107.1641388,"66-131"
"355","Meade",-92.47,NA,1977-01-11,371931100115502,119,31,c(-100.199692, 37.328903),"1977","143-72",-100.199692,37.328903,107.1641388,"66-131"
"356","Meade",-95.26,NA,1978-01-19,371931100115502,119,31,c(-100.199692, 37.328903),"1978","143-72",-100.199692,37.328903,107.1641388,"66-131"
"357","Meade",-96.02,NA,1979-02-01,371931100115502,119,31,c(-100.199692, 37.328903),"1979","143-72",-100.199692,37.328903,107.1641388,"66-131"
"358","Meade",-97.15,NA,1980-01-18,371931100115502,119,31,c(-100.199692, 37.328903),"1980","143-72",-100.199692,37.328903,107.1641388,"66-131"
"359","Meade",-97.53,NA,1981-01-13,371931100115502,119,31,c(-100.199692, 37.328903),"1981","143-72",-100.199692,37.328903,107.1641388,"66-131"
"360","Meade",-97.58,NA,1982-01-14,371931100115502,119,31,c(-100.199692, 37.328903),"1982","143-72",-100.199692,37.328903,107.1641388,"66-131"
"361","Meade",-98.12,NA,1983-01-06,371931100115502,119,31,c(-100.199692, 37.328903),"1983","143-72",-100.199692,37.328903,107.1641388,"66-131"
"362","Meade",-98.22,NA,1984-01-11,371931100115502,119,31,c(-100.199692, 37.328903),"1984","143-72",-100.199692,37.328903,107.1641388,"66-131"
"363","Meade",-101.08,NA,2008-01-28,371931100115502,119,31,c(-100.199692, 37.328903),"2008","143-72",-100.199692,37.328903,107.1641388,"66-131"
"364","Meade",-30.95,"MEADE NE",1985-10-24,372446100160201,119,30,c(-100.270521, 37.416323),"1985","71-0",-100.270521,37.416323,260.5038452,"198-262"
"365","Meade",-25.47,"MEADE NE",1986-01-07,372446100160201,119,30,c(-100.270521, 37.416323),"1986","71-0",-100.270521,37.416323,260.5038452,"198-262"
"366","Meade",-28.61,"MEADE NE",1986-05-01,372446100160201,119,30,c(-100.270521, 37.416323),"1986","71-0",-100.270521,37.416323,260.5038452,"198-262"
"367","Meade",-31.61,"MEADE NE",1986-10-08,372446100160201,119,30,c(-100.270521, 37.416323),"1986","71-0",-100.270521,37.416323,260.5038452,"198-262"
"368","Meade",-22.1,"MEADE NE",1987-01-07,372446100160201,119,30,c(-100.270521, 37.416323),"1987","71-0",-100.270521,37.416323,260.5038452,"198-262"
"369","Meade",-24.73,"MEADE NE",1988-01-06,372446100160201,119,30,c(-100.270521, 37.416323),"1988","71-0",-100.270521,37.416323,260.5038452,"198-262"
"370","Meade",-21.47,"MEADE NE",1988-03-15,372446100160201,119,30,c(-100.270521, 37.416323),"1988","71-0",-100.270521,37.416323,260.5038452,"198-262"
"371","Meade",-30.13,"MEADE NE",1988-09-13,372446100160201,119,30,c(-100.270521, 37.416323),"1988","71-0",-100.270521,37.416323,260.5038452,"198-262"
"372","Meade",-37.26,"MEADE NE",1989-01-10,372446100160201,119,30,c(-100.270521, 37.416323),"1989","71-0",-100.270521,37.416323,260.5038452,"198-262"
"373","Meade",-32.22,"MEADE NE",1989-03-29,372446100160201,119,30,c(-100.270521, 37.416323),"1989","71-0",-100.270521,37.416323,260.5038452,"198-262"
"374","Meade",-41.4,"MEADE NE",1989-06-16,372446100160201,119,30,c(-100.270521, 37.416323),"1989","71-0",-100.270521,37.416323,260.5038452,"198-262"
"375","Meade",-48.8,"MEADE NE",1989-10-04,372446100160201,119,30,c(-100.270521, 37.416323),"1989","71-0",-100.270521,37.416323,260.5038452,"198-262"
"376","Meade",-32.74,"MEADE NE",1990-01-10,372446100160201,119,30,c(-100.270521, 37.416323),"1990","71-0",-100.270521,37.416323,260.5038452,"198-262"
"377","Meade",-32.59,"MEADE NE",1990-04-09,372446100160201,119,30,c(-100.270521, 37.416323),"1990","71-0",-100.270521,37.416323,260.5038452,"198-262"
"378","Meade",-36.3,"MEADE NE",1991-01-13,372446100160201,119,30,c(-100.270521, 37.416323),"1991","71-0",-100.270521,37.416323,260.5038452,"198-262"
"379","Meade",-45.83,"MEADE NE",1991-04-01,372446100160201,119,30,c(-100.270521, 37.416323),"1991","71-0",-100.270521,37.416323,260.5038452,"198-262"
"380","Meade",-99.96,"MEADE NE",1991-09-12,372446100160201,119,30,c(-100.270521, 37.416323),"1991","143-72",-100.270521,37.416323,260.5038452,"198-262"
"381","Meade",-37.76,"MEADE NE",1992-01-14,372446100160201,119,30,c(-100.270521, 37.416323),"1992","71-0",-100.270521,37.416323,260.5038452,"198-262"
"382","Meade",-33.08,"MEADE NE",1992-03-11,372446100160201,119,30,c(-100.270521, 37.416323),"1992","71-0",-100.270521,37.416323,260.5038452,"198-262"
"383","Meade",-50.72,"MEADE NE",1992-06-11,372446100160201,119,30,c(-100.270521, 37.416323),"1992","71-0",-100.270521,37.416323,260.5038452,"198-262"
"384","Meade",-32.22,"MEADE NE",1993-02-02,372446100160201,119,30,c(-100.270521, 37.416323),"1993","71-0",-100.270521,37.416323,260.5038452,"198-262"
"385","Meade",-28.47,"MEADE NE",1993-04-15,372446100160201,119,30,c(-100.270521, 37.416323),"1993","71-0",-100.270521,37.416323,260.5038452,"198-262"
"386","Meade",-82.12,"MEADE NE",1993-09-07,372446100160201,119,30,c(-100.270521, 37.416323),"1993","143-72",-100.270521,37.416323,260.5038452,"198-262"
"387","Meade",-33.27,"MEADE NE",1994-01-11,372446100160201,119,30,c(-100.270521, 37.416323),"1994","71-0",-100.270521,37.416323,260.5038452,"198-262"
"388","Meade",-70.38,"MEADE NE",1994-09-15,372446100160201,119,30,c(-100.270521, 37.416323),"1994","71-0",-100.270521,37.416323,260.5038452,"198-262"
"389","Meade",-35.48,"MEADE NE",1995-01-18,372446100160201,119,30,c(-100.270521, 37.416323),"1995","71-0",-100.270521,37.416323,260.5038452,"198-262"
"390","Meade",-32.37,"MEADE NE",1995-03-16,372446100160201,119,30,c(-100.270521, 37.416323),"1995","71-0",-100.270521,37.416323,260.5038452,"198-262"
"391","Meade",-43,"MEADE NE",1996-01-23,372446100160201,119,30,c(-100.270521, 37.416323),"1996","71-0",-100.270521,37.416323,260.5038452,"198-262"
"392","Meade",-44.96,"MEADE NE",1996-03-19,372446100160201,119,30,c(-100.270521, 37.416323),"1996","71-0",-100.270521,37.416323,260.5038452,"198-262"
"393","Meade",-59.13,"MEADE NE",1996-09-13,372446100160201,119,30,c(-100.270521, 37.416323),"1996","71-0",-100.270521,37.416323,260.5038452,"198-262"
"394","Meade",-37.05,"MEADE NE",1997-01-08,372446100160201,119,30,c(-100.270521, 37.416323),"1997","71-0",-100.270521,37.416323,260.5038452,"198-262"
"395","Meade",-35.64,"MEADE NE",1998-01-07,372446100160201,119,30,c(-100.270521, 37.416323),"1998","71-0",-100.270521,37.416323,260.5038452,"198-262"
"396","Meade",-43.26,"MEADE NE",1999-01-06,372446100160201,119,30,c(-100.270521, 37.416323),"1999","71-0",-100.270521,37.416323,260.5038452,"198-262"
"397","Meade",-42.29,"MEADE NE",1999-01-08,372446100160201,119,30,c(-100.270521, 37.416323),"1999","71-0",-100.270521,37.416323,260.5038452,"198-262"
"398","Meade",-50.78,"MEADE NE",2000-01-07,372446100160201,119,30,c(-100.270521, 37.416323),"2000","71-0",-100.270521,37.416323,260.5038452,"198-262"
"399","Meade",-48.11,"MEADE NE",2001-01-06,372446100160201,119,30,c(-100.270521, 37.416323),"2001","71-0",-100.270521,37.416323,260.5038452,"198-262"
"400","Meade",-52.99,"MEADE NE",2002-01-07,372446100160201,119,30,c(-100.270521, 37.416323),"2002","71-0",-100.270521,37.416323,260.5038452,"198-262"
"401","Meade",-56.28,"MEADE NE",2003-01-10,372446100160201,119,30,c(-100.270521, 37.416323),"2003","71-0",-100.270521,37.416323,260.5038452,"198-262"
"402","Meade",-57.45,"MEADE NE",2004-01-06,372446100160201,119,30,c(-100.270521, 37.416323),"2004","71-0",-100.270521,37.416323,260.5038452,"198-262"
"403","Meade",-54.71,"MEADE NE",2005-01-11,372446100160201,119,30,c(-100.270521, 37.416323),"2005","71-0",-100.270521,37.416323,260.5038452,"198-262"
"404","Meade",-55.8,"MEADE NE",2006-01-08,372446100160201,119,30,c(-100.270521, 37.416323),"2006","71-0",-100.270521,37.416323,260.5038452,"198-262"
"405","Meade",-59.95,"MEADE NE",2007-01-23,372446100160201,119,30,c(-100.270521, 37.416323),"2007","71-0",-100.270521,37.416323,260.5038452,"198-262"
"406","Meade",-66.08,"MEADE NE",2008-01-07,372446100160201,119,30,c(-100.270521, 37.416323),"2008","71-0",-100.270521,37.416323,260.5038452,"198-262"
"407","Meade",-68.77,"MEADE NE",2009-01-08,372446100160201,119,30,c(-100.270521, 37.416323),"2009","71-0",-100.270521,37.416323,260.5038452,"198-262"
"408","Meade",-73.05,"MEADE NE",2010-01-05,372446100160201,119,30,c(-100.270521, 37.416323),"2010","143-72",-100.270521,37.416323,260.5038452,"198-262"
"409","Meade",-79.05,"MEADE NE",2011-01-07,372446100160201,119,30,c(-100.270521, 37.416323),"2011","143-72",-100.270521,37.416323,260.5038452,"198-262"
"410","Meade",-91.99,"MEADE NE",2012-01-06,372446100160201,119,30,c(-100.270521, 37.416323),"2012","143-72",-100.270521,37.416323,260.5038452,"198-262"
"411","Meade",-102.34,"MEADE NE",2013-01-06,372446100160201,119,30,c(-100.270521, 37.416323),"2013","143-72",-100.270521,37.416323,260.5038452,"198-262"
"412","Meade",-99.7,"MEADE NE",2014-01-05,372446100160201,119,30,c(-100.270521, 37.416323),"2014","143-72",-100.270521,37.416323,260.5038452,"198-262"
"413","Meade",-102.21,"MEADE NE",2015-01-05,372446100160201,119,30,c(-100.270521, 37.416323),"2015","143-72",-100.270521,37.416323,260.5038452,"198-262"
"414","Meade",-101.82,"MEADE NE",2016-01-05,372446100160201,119,30,c(-100.270521, 37.416323),"2016","143-72",-100.270521,37.416323,260.5038452,"198-262"
"415","Meade",-99.3,"MEADE NE",2017-01-06,372446100160201,119,30,c(-100.270521, 37.416323),"2017","143-72",-100.270521,37.416323,260.5038452,"198-262"
"416","Meade",-104.01,"MEADE NE",2018-01-05,372446100160201,119,30,c(-100.270521, 37.416323),"2018","143-72",-100.270521,37.416323,260.5038452,"198-262"
"417","Meade",-104.02,"MEADE NE",2019-01-05,372446100160201,119,30,c(-100.270521, 37.416323),"2019","143-72",-100.270521,37.416323,260.5038452,"198-262"
"418","Meade",-108.3,"MEADE NE",2020-01-05,372446100160201,119,30,c(-100.270521, 37.416323),"2020","143-72",-100.270521,37.416323,260.5038452,"198-262"
"419","Meade",-109.3,"MEADE NE",2021-01-07,372446100160201,119,30,c(-100.270521, 37.416323),"2021","143-72",-100.270521,37.416323,260.5038452,"198-262"
"420","Meade",-116.2,"MEADE NE",2022-01-06,372446100160201,119,30,c(-100.270521, 37.416323),"2022","143-72",-100.270521,37.416323,260.5038452,"198-262"
"421","Meade",-109.04,"MEADE NE",2022-03-08,372446100160201,119,30,c(-100.270521, 37.416323),"2022","143-72",-100.270521,37.416323,260.5038452,"198-262"
"422","Meade",-110.63,"MEADE NE",2023-01-06,372446100160201,119,30,c(-100.270521, 37.416323),"2023","143-72",-100.270521,37.416323,260.5038452,"198-262"
"423","Meade",-111.4,"MEADE NE",2024-01-05,372446100160201,119,30,c(-100.270521, 37.416323),"2024","143-72",-100.270521,37.416323,260.5038452,"198-262"
"424","Meade",-122.75,"MEADE NE",2024-01-05,372446100160201,119,30,c(-100.270521, 37.416323),"2024","143-72",-100.270521,37.416323,260.5038452,"198-262"
"425","Meade",-16.1,NA,1965-01-01,372316100125001,119,30,c(-100.215142, 37.391809),"1965","71-0",-100.215142,37.391809,183.5232239,"132-197"
"426","Meade",-15.09,NA,1965-01-28,372316100125001,119,30,c(-100.215142, 37.391809),"1965","71-0",-100.215142,37.391809,183.5232239,"132-197"
"427","Meade",-14,NA,1966-01-17,372316100125001,119,30,c(-100.215142, 37.391809),"1966","71-0",-100.215142,37.391809,183.5232239,"132-197"
"428","Meade",-17.7,NA,1967-01-23,372316100125001,119,30,c(-100.215142, 37.391809),"1967","71-0",-100.215142,37.391809,183.5232239,"132-197"
"429","Meade",-18,NA,1968-01-15,372316100125001,119,30,c(-100.215142, 37.391809),"1968","71-0",-100.215142,37.391809,183.5232239,"132-197"
"430","Meade",-18.5,NA,1969-01-22,372316100125001,119,30,c(-100.215142, 37.391809),"1969","71-0",-100.215142,37.391809,183.5232239,"132-197"
"431","Meade",-15.3,NA,1970-01-22,372316100125001,119,30,c(-100.215142, 37.391809),"1970","71-0",-100.215142,37.391809,183.5232239,"132-197"
"432","Meade",-20.9,NA,1971-01-20,372316100125001,119,30,c(-100.215142, 37.391809),"1971","71-0",-100.215142,37.391809,183.5232239,"132-197"
"433","Meade",-17.3,NA,1972-01-19,372316100125001,119,30,c(-100.215142, 37.391809),"1972","71-0",-100.215142,37.391809,183.5232239,"132-197"
"434","Meade",-16.09,NA,1973-01-24,372316100125001,119,30,c(-100.215142, 37.391809),"1973","71-0",-100.215142,37.391809,183.5232239,"132-197"
"435","Meade",-14.68,NA,1974-01-16,372316100125001,119,30,c(-100.215142, 37.391809),"1974","71-0",-100.215142,37.391809,183.5232239,"132-197"
"436","Meade",-16.85,NA,1975-01-22,372316100125001,119,30,c(-100.215142, 37.391809),"1975","71-0",-100.215142,37.391809,183.5232239,"132-197"
"437","Meade",-25.53,NA,1976-01-13,372316100125001,119,30,c(-100.215142, 37.391809),"1976","71-0",-100.215142,37.391809,183.5232239,"132-197"
"438","Meade",-29.9,NA,1977-01-11,372316100125001,119,30,c(-100.215142, 37.391809),"1977","71-0",-100.215142,37.391809,183.5232239,"132-197"
"439","Meade",-32.3,NA,1978-01-19,372316100125001,119,30,c(-100.215142, 37.391809),"1978","71-0",-100.215142,37.391809,183.5232239,"132-197"
"440","Meade",-36.3,NA,1979-02-01,372316100125001,119,30,c(-100.215142, 37.391809),"1979","71-0",-100.215142,37.391809,183.5232239,"132-197"
"441","Meade",-26.99,NA,1980-01-18,372316100125001,119,30,c(-100.215142, 37.391809),"1980","71-0",-100.215142,37.391809,183.5232239,"132-197"
"442","Meade",-31.68,NA,1981-01-13,372316100125001,119,30,c(-100.215142, 37.391809),"1981","71-0",-100.215142,37.391809,183.5232239,"132-197"
"443","Meade",-24.24,NA,1982-01-14,372316100125001,119,30,c(-100.215142, 37.391809),"1982","71-0",-100.215142,37.391809,183.5232239,"132-197"
"444","Meade",-30.32,NA,1983-01-07,372316100125001,119,30,c(-100.215142, 37.391809),"1983","71-0",-100.215142,37.391809,183.5232239,"132-197"
"445","Meade",-31.06,NA,1984-01-11,372316100125001,119,30,c(-100.215142, 37.391809),"1984","71-0",-100.215142,37.391809,183.5232239,"132-197"
"446","Meade",-165.58,NA,1965-01-28,372703100333301,119,30,c(-100.56023, 37.45202),"1965","215-144",-100.56023,37.45202,258.0777588,"198-262"
"447","Meade",-165.55,NA,1966-01-17,372703100333301,119,30,c(-100.56023, 37.45202),"1966","215-144",-100.56023,37.45202,258.0777588,"198-262"
"448","Meade",-166.5,NA,1967-01-23,372703100333301,119,30,c(-100.56023, 37.45202),"1967","215-144",-100.56023,37.45202,258.0777588,"198-262"
"449","Meade",-166.97,NA,1968-01-15,372703100333301,119,30,c(-100.56023, 37.45202),"1968","215-144",-100.56023,37.45202,258.0777588,"198-262"
"450","Meade",-168.18,NA,1969-01-23,372703100333301,119,30,c(-100.56023, 37.45202),"1969","215-144",-100.56023,37.45202,258.0777588,"198-262"
"451","Meade",-169.25,NA,1970-01-21,372703100333301,119,30,c(-100.56023, 37.45202),"1970","215-144",-100.56023,37.45202,258.0777588,"198-262"
"452","Meade",-171.48,NA,1971-01-20,372703100333301,119,30,c(-100.56023, 37.45202),"1971","215-144",-100.56023,37.45202,258.0777588,"198-262"
"453","Meade",-172.55,NA,1972-01-19,372703100333301,119,30,c(-100.56023, 37.45202),"1972","215-144",-100.56023,37.45202,258.0777588,"198-262"
"454","Meade",-175.45,NA,1973-01-24,372703100333301,119,30,c(-100.56023, 37.45202),"1973","215-144",-100.56023,37.45202,258.0777588,"198-262"
"455","Meade",-176.42,NA,1974-01-15,372703100333301,119,30,c(-100.56023, 37.45202),"1974","215-144",-100.56023,37.45202,258.0777588,"198-262"
"456","Meade",-178.65,NA,1975-01-22,372703100333301,119,30,c(-100.56023, 37.45202),"1975","215-144",-100.56023,37.45202,258.0777588,"198-262"
"457","Meade",-182.85,NA,1976-01-14,372703100333301,119,30,c(-100.56023, 37.45202),"1976","215-144",-100.56023,37.45202,258.0777588,"198-262"
"458","Meade",-188.5,NA,1977-01-12,372703100333301,119,30,c(-100.56023, 37.45202),"1977","215-144",-100.56023,37.45202,258.0777588,"198-262"
"459","Meade",-190.14,NA,1978-01-19,372703100333301,119,30,c(-100.56023, 37.45202),"1978","215-144",-100.56023,37.45202,258.0777588,"198-262"
"460","Meade",-201.44,NA,1979-02-02,372703100333301,119,30,c(-100.56023, 37.45202),"1979","215-144",-100.56023,37.45202,258.0777588,"198-262"
"461","Meade",-199.41,NA,1980-01-16,372703100333301,119,30,c(-100.56023, 37.45202),"1980","215-144",-100.56023,37.45202,258.0777588,"198-262"
"462","Meade",-200.58,NA,1980-01-18,372703100333301,119,30,c(-100.56023, 37.45202),"1980","215-144",-100.56023,37.45202,258.0777588,"198-262"
"463","Meade",-203.59,NA,1981-01-14,372703100333301,119,30,c(-100.56023, 37.45202),"1981","215-144",-100.56023,37.45202,258.0777588,"198-262"
"464","Meade",-206.92,NA,1982-01-14,372703100333301,119,30,c(-100.56023, 37.45202),"1982","215-144",-100.56023,37.45202,258.0777588,"198-262"
"465","Meade",-210.8,NA,1983-01-05,372703100333301,119,30,c(-100.56023, 37.45202),"1983","215-144",-100.56023,37.45202,258.0777588,"198-262"
"466","Meade",-211.76,NA,1984-01-11,372703100333301,119,30,c(-100.56023, 37.45202),"1984","215-144",-100.56023,37.45202,258.0777588,"198-262"
"467","Meade",-79.45,"FOWLER SW",1978-12-15,371758100085701,119,32,c(-100.149405, 37.298777),"1978","143-72",-100.149405,37.298777,10,"0-65"
"468","Meade",-78.33,"FOWLER SW",1979-05-23,371758100085701,119,32,c(-100.149405, 37.298777),"1979","143-72",-100.149405,37.298777,10,"0-65"
"469","Meade",-78.05,"FOWLER SW",1979-09-18,371758100085701,119,32,c(-100.149405, 37.298777),"1979","143-72",-100.149405,37.298777,10,"0-65"
"470","Meade",-78.93,"FOWLER SW",1979-10-03,371758100085701,119,32,c(-100.149405, 37.298777),"1979","143-72",-100.149405,37.298777,10,"0-65"
"471","Meade",-54.59,"Folwer",1990-01-10,372539100142504,119,30,c(-100.24342, 37.429493),"1990","71-0",-100.24342,37.429493,213.5606079,"198-262"
"472","Meade",-54.4,"Folwer",1991-01-13,372539100142504,119,30,c(-100.24342, 37.429493),"1991","71-0",-100.24342,37.429493,213.5606079,"198-262"
"473","Meade",-63.05,"Folwer",1992-01-14,372539100142504,119,30,c(-100.24342, 37.429493),"1992","71-0",-100.24342,37.429493,213.5606079,"198-262"
"474","Meade",-54.32,"Folwer",1993-02-04,372539100142504,119,30,c(-100.24342, 37.429493),"1993","71-0",-100.24342,37.429493,213.5606079,"198-262"
"475","Meade",-54.47,"Folwer",1994-01-11,372539100142504,119,30,c(-100.24342, 37.429493),"1994","71-0",-100.24342,37.429493,213.5606079,"198-262"
"476","Meade",-57.83,"Folwer",1995-01-18,372539100142504,119,30,c(-100.24342, 37.429493),"1995","71-0",-100.24342,37.429493,213.5606079,"198-262"
"477","Meade",-65.35,"Folwer",1996-01-23,372539100142504,119,30,c(-100.24342, 37.429493),"1996","71-0",-100.24342,37.429493,213.5606079,"198-262"
"478","Meade",-58.52,"Folwer",1997-01-08,372539100142504,119,30,c(-100.24342, 37.429493),"1997","71-0",-100.24342,37.429493,213.5606079,"198-262"
"479","Meade",-56.15,"Folwer",1998-01-25,372539100142504,119,30,c(-100.24342, 37.429493),"1998","71-0",-100.24342,37.429493,213.5606079,"198-262"
"480","Meade",-61.65,"Folwer",1999-01-21,372539100142504,119,30,c(-100.24342, 37.429493),"1999","71-0",-100.24342,37.429493,213.5606079,"198-262"
"481","Meade",-66.08,"Folwer",2000-01-07,372539100142504,119,30,c(-100.24342, 37.429493),"2000","71-0",-100.24342,37.429493,213.5606079,"198-262"
"482","Meade",-65.86,"Folwer",2000-01-08,372539100142504,119,30,c(-100.24342, 37.429493),"2000","71-0",-100.24342,37.429493,213.5606079,"198-262"
"483","Meade",-68.68,"Folwer",2001-01-06,372539100142504,119,30,c(-100.24342, 37.429493),"2001","71-0",-100.24342,37.429493,213.5606079,"198-262"
"484","Meade",-74.66,"Folwer",2002-01-07,372539100142504,119,30,c(-100.24342, 37.429493),"2002","143-72",-100.24342,37.429493,213.5606079,"198-262"
"485","Meade",-77.7,"Folwer",2003-01-10,372539100142504,119,30,c(-100.24342, 37.429493),"2003","143-72",-100.24342,37.429493,213.5606079,"198-262"
"486","Meade",-77.66,"Folwer",2003-01-10,372539100142504,119,30,c(-100.24342, 37.429493),"2003","143-72",-100.24342,37.429493,213.5606079,"198-262"
"487","Meade",-79.49,"Folwer",2004-01-06,372539100142504,119,30,c(-100.24342, 37.429493),"2004","143-72",-100.24342,37.429493,213.5606079,"198-262"
"488","Meade",-79.03,"Folwer",2005-01-11,372539100142504,119,30,c(-100.24342, 37.429493),"2005","143-72",-100.24342,37.429493,213.5606079,"198-262"
"489","Meade",-76.73,"Folwer",2006-01-08,372539100142504,119,30,c(-100.24342, 37.429493),"2006","143-72",-100.24342,37.429493,213.5606079,"198-262"
"490","Meade",-75.9,"Folwer",2007-04-04,372539100142504,119,30,c(-100.24342, 37.429493),"2007","143-72",-100.24342,37.429493,213.5606079,"198-262"
"491","Meade",-83.14,"Folwer",2008-01-08,372539100142504,119,30,c(-100.24342, 37.429493),"2008","143-72",-100.24342,37.429493,213.5606079,"198-262"
"492","Meade",-89.28,"Folwer",2009-01-08,372539100142504,119,30,c(-100.24342, 37.429493),"2009","143-72",-100.24342,37.429493,213.5606079,"198-262"
"493","Meade",-94.36,"Folwer",2010-01-05,372539100142504,119,30,c(-100.24342, 37.429493),"2010","143-72",-100.24342,37.429493,213.5606079,"198-262"
"494","Meade",-99.13,"Folwer",2011-01-07,372539100142504,119,30,c(-100.24342, 37.429493),"2011","143-72",-100.24342,37.429493,213.5606079,"198-262"
"495","Meade",-110.94,"Folwer",2012-01-06,372539100142504,119,30,c(-100.24342, 37.429493),"2012","143-72",-100.24342,37.429493,213.5606079,"198-262"
"496","Meade",-115.61,"Folwer",2013-01-06,372539100142504,119,30,c(-100.24342, 37.429493),"2013","143-72",-100.24342,37.429493,213.5606079,"198-262"
"497","Meade",-119.38,"Folwer",2014-01-05,372539100142504,119,30,c(-100.24342, 37.429493),"2014","143-72",-100.24342,37.429493,213.5606079,"198-262"
"498","Meade",-122.22,"Folwer",2015-01-05,372539100142504,119,30,c(-100.24342, 37.429493),"2015","143-72",-100.24342,37.429493,213.5606079,"198-262"
"499","Meade",-122.27,"Folwer",2015-01-06,372539100142504,119,30,c(-100.24342, 37.429493),"2015","143-72",-100.24342,37.429493,213.5606079,"198-262"
"500","Meade",-122.55,"Folwer",2016-01-05,372539100142504,119,30,c(-100.24342, 37.429493),"2016","143-72",-100.24342,37.429493,213.5606079,"198-262"
"501","Meade",-122.4,"Folwer",2017-01-06,372539100142504,119,30,c(-100.24342, 37.429493),"2017","143-72",-100.24342,37.429493,213.5606079,"198-262"
"502","Meade",-123.6,"Folwer",2018-01-05,372539100142504,119,30,c(-100.24342, 37.429493),"2018","143-72",-100.24342,37.429493,213.5606079,"198-262"
"503","Meade",-124.62,"Folwer",2019-01-05,372539100142504,119,30,c(-100.24342, 37.429493),"2019","143-72",-100.24342,37.429493,213.5606079,"198-262"
"504","Meade",-126.95,"Folwer",2020-01-05,372539100142504,119,30,c(-100.24342, 37.429493),"2020","143-72",-100.24342,37.429493,213.5606079,"198-262"
"505","Meade",-128.4,"Folwer",2021-01-07,372539100142504,119,30,c(-100.24342, 37.429493),"2021","143-72",-100.24342,37.429493,213.5606079,"198-262"
"506","Meade",-133.1,"Folwer",2022-01-06,372539100142504,119,30,c(-100.24342, 37.429493),"2022","143-72",-100.24342,37.429493,213.5606079,"198-262"
"507","Meade",-133.17,"Folwer",2022-01-06,372539100142504,119,30,c(-100.24342, 37.429493),"2022","143-72",-100.24342,37.429493,213.5606079,"198-262"
"508","Meade",-136.18,"Folwer",2023-01-06,372539100142504,119,30,c(-100.24342, 37.429493),"2023","143-72",-100.24342,37.429493,213.5606079,"198-262"
"509","Meade",-133.5,"Folwer",2024-01-05,372539100142504,119,30,c(-100.24342, 37.429493),"2024","143-72",-100.24342,37.429493,213.5606079,"198-262"
"510","Meade",-20,"IRISH FLATS",1984-09-05,370712100232201,119,34,c(-100.394458, 37.119957),"1984","71-0",-100.394458,37.119957,10,"0-65"
"511","Meade",-25.8,"IRISH FLATS",1986-01-08,370712100232201,119,34,c(-100.394458, 37.119957),"1986","71-0",-100.394458,37.119957,10,"0-65"
"512","Meade",-24.72,"IRISH FLATS",1987-01-06,370712100232201,119,34,c(-100.394458, 37.119957),"1987","71-0",-100.394458,37.119957,10,"0-65"
"513","Meade",-25.22,"IRISH FLATS",1988-01-05,370712100232201,119,34,c(-100.394458, 37.119957),"1988","71-0",-100.394458,37.119957,10,"0-65"
"514","Meade",-26.4,"IRISH FLATS",1989-01-10,370712100232201,119,34,c(-100.394458, 37.119957),"1989","71-0",-100.394458,37.119957,10,"0-65"
"515","Meade",-25.7,"IRISH FLATS",1990-01-10,370712100232201,119,34,c(-100.394458, 37.119957),"1990","71-0",-100.394458,37.119957,10,"0-65"
"516","Meade",-24.5,"IRISH FLATS",1991-01-10,370712100232201,119,34,c(-100.394458, 37.119957),"1991","71-0",-100.394458,37.119957,10,"0-65"
"517","Meade",-25.58,"IRISH FLATS",1992-01-15,370712100232201,119,34,c(-100.394458, 37.119957),"1992","71-0",-100.394458,37.119957,10,"0-65"
"518","Meade",-23.97,"IRISH FLATS",1993-02-03,370712100232201,119,34,c(-100.394458, 37.119957),"1993","71-0",-100.394458,37.119957,10,"0-65"
"519","Meade",-26.95,"IRISH FLATS",1995-01-17,370712100232201,119,34,c(-100.394458, 37.119957),"1995","71-0",-100.394458,37.119957,10,"0-65"
"520","Meade",-26.77,"IRISH FLATS",1996-01-24,370712100232201,119,34,c(-100.394458, 37.119957),"1996","71-0",-100.394458,37.119957,10,"0-65"
"521","Meade",-26.79,"IRISH FLATS",1997-01-08,370712100232201,119,34,c(-100.394458, 37.119957),"1997","71-0",-100.394458,37.119957,10,"0-65"
"522","Meade",-26.5,"IRISH FLATS",1998-01-25,370712100232201,119,34,c(-100.394458, 37.119957),"1998","71-0",-100.394458,37.119957,10,"0-65"
"523","Meade",-26.72,"IRISH FLATS",1999-01-06,370712100232201,119,34,c(-100.394458, 37.119957),"1999","71-0",-100.394458,37.119957,10,"0-65"
"524","Meade",-26.32,"IRISH FLATS",2000-01-07,370712100232201,119,34,c(-100.394458, 37.119957),"2000","71-0",-100.394458,37.119957,10,"0-65"
"525","Meade",-26.3,"IRISH FLATS",2000-01-07,370712100232201,119,34,c(-100.394458, 37.119957),"2000","71-0",-100.394458,37.119957,10,"0-65"
"526","Meade",-27.14,"IRISH FLATS",2001-01-06,370712100232201,119,34,c(-100.394458, 37.119957),"2001","71-0",-100.394458,37.119957,10,"0-65"
"527","Meade",-27.74,"IRISH FLATS",2002-01-07,370712100232201,119,34,c(-100.394458, 37.119957),"2002","71-0",-100.394458,37.119957,10,"0-65"
"528","Meade",-26.73,"IRISH FLATS",2003-01-10,370712100232201,119,34,c(-100.394458, 37.119957),"2003","71-0",-100.394458,37.119957,10,"0-65"
"529","Meade",-27.6,"IRISH FLATS",2003-01-10,370712100232201,119,34,c(-100.394458, 37.119957),"2003","71-0",-100.394458,37.119957,10,"0-65"
"530","Meade",-26.45,"IRISH FLATS",2004-01-06,370712100232201,119,34,c(-100.394458, 37.119957),"2004","71-0",-100.394458,37.119957,10,"0-65"
"531","Meade",-26.92,"IRISH FLATS",2005-01-11,370712100232201,119,34,c(-100.394458, 37.119957),"2005","71-0",-100.394458,37.119957,10,"0-65"
"532","Meade",-26.88,"IRISH FLATS",2006-01-08,370712100232201,119,34,c(-100.394458, 37.119957),"2006","71-0",-100.394458,37.119957,10,"0-65"
"533","Meade",-27.17,"IRISH FLATS",2007-01-23,370712100232201,119,34,c(-100.394458, 37.119957),"2007","71-0",-100.394458,37.119957,10,"0-65"
"534","Meade",-27.65,"IRISH FLATS",2008-01-08,370712100232201,119,34,c(-100.394458, 37.119957),"2008","71-0",-100.394458,37.119957,10,"0-65"
"535","Meade",-27.38,"IRISH FLATS",2008-01-08,370712100232201,119,34,c(-100.394458, 37.119957),"2008","71-0",-100.394458,37.119957,10,"0-65"
"536","Meade",-27.35,"IRISH FLATS",2009-01-08,370712100232201,119,34,c(-100.394458, 37.119957),"2009","71-0",-100.394458,37.119957,10,"0-65"
"537","Meade",-27.27,"IRISH FLATS",2010-01-05,370712100232201,119,34,c(-100.394458, 37.119957),"2010","71-0",-100.394458,37.119957,10,"0-65"
"538","Meade",-27.59,"IRISH FLATS",2011-01-07,370712100232201,119,34,c(-100.394458, 37.119957),"2011","71-0",-100.394458,37.119957,10,"0-65"
"539","Meade",-28.55,"IRISH FLATS",2012-01-18,370712100232201,119,34,c(-100.394458, 37.119957),"2012","71-0",-100.394458,37.119957,10,"0-65"
"540","Meade",-28.94,"IRISH FLATS",2013-01-06,370712100232201,119,34,c(-100.394458, 37.119957),"2013","71-0",-100.394458,37.119957,10,"0-65"
"541","Meade",-28.85,"IRISH FLATS",2014-01-05,370712100232201,119,34,c(-100.394458, 37.119957),"2014","71-0",-100.394458,37.119957,10,"0-65"
"542","Meade",-29.28,"IRISH FLATS",2015-01-06,370712100232201,119,34,c(-100.394458, 37.119957),"2015","71-0",-100.394458,37.119957,10,"0-65"
"543","Meade",-28.53,"IRISH FLATS",2016-01-05,370712100232201,119,34,c(-100.394458, 37.119957),"2016","71-0",-100.394458,37.119957,10,"0-65"
"544","Meade",-28.62,"IRISH FLATS",2017-01-06,370712100232201,119,34,c(-100.394458, 37.119957),"2017","71-0",-100.394458,37.119957,10,"0-65"
"545","Meade",-28.55,"IRISH FLATS",2018-01-05,370712100232201,119,34,c(-100.394458, 37.119957),"2018","71-0",-100.394458,37.119957,10,"0-65"
"546","Meade",-28.65,"IRISH FLATS",2020-01-05,370712100232201,119,34,c(-100.394458, 37.119957),"2020","71-0",-100.394458,37.119957,10,"0-65"
"547","Meade",-29.09,"IRISH FLATS",2021-01-07,370712100232201,119,34,c(-100.394458, 37.119957),"2021","71-0",-100.394458,37.119957,10,"0-65"
"548","Meade",-29.7,"IRISH FLATS",2022-01-06,370712100232201,119,34,c(-100.394458, 37.119957),"2022","71-0",-100.394458,37.119957,10,"0-65"
"549","Meade",-28,"IRISH FLATS",2023-01-06,370712100232201,119,34,c(-100.394458, 37.119957),"2023","71-0",-100.394458,37.119957,10,"0-65"
"550","Meade",-29.9,"IRISH FLATS",2024-01-05,370712100232201,119,34,c(-100.394458, 37.119957),"2024","71-0",-100.394458,37.119957,10,"0-65"
"551","Meade",-18.1,"Lake Meade",1939-07-01,370857100234601,119,33,c(-100.398925, 37.150525),"1939","71-0",-100.398925,37.150525,133.5642242,"132-197"
"552","Meade",-18.15,"Lake Meade",1939-07-18,370857100234601,119,33,c(-100.398925, 37.150525),"1939","71-0",-100.398925,37.150525,133.5642242,"132-197"
"553","Meade",-18.91,"Lake Meade",1939-08-03,370857100234601,119,33,c(-100.398925, 37.150525),"1939","71-0",-100.398925,37.150525,133.5642242,"132-197"
"554","Meade",-15.88,"Lake Meade",1939-09-05,370857100234601,119,33,c(-100.398925, 37.150525),"1939","71-0",-100.398925,37.150525,133.5642242,"132-197"
"555","Meade",-14.9,"Lake Meade",1939-09-30,370857100234601,119,33,c(-100.398925, 37.150525),"1939","71-0",-100.398925,37.150525,133.5642242,"132-197"
"556","Meade",-14.44,"Lake Meade",1939-11-09,370857100234601,119,33,c(-100.398925, 37.150525),"1939","71-0",-100.398925,37.150525,133.5642242,"132-197"
"557","Meade",-14.34,"Lake Meade",1939-12-13,370857100234601,119,33,c(-100.398925, 37.150525),"1939","71-0",-100.398925,37.150525,133.5642242,"132-197"
"558","Meade",-14.11,"Lake Meade",1940-01-25,370857100234601,119,33,c(-100.398925, 37.150525),"1940","71-0",-100.398925,37.150525,133.5642242,"132-197"
"559","Meade",-13.98,"Lake Meade",1940-02-14,370857100234601,119,33,c(-100.398925, 37.150525),"1940","71-0",-100.398925,37.150525,133.5642242,"132-197"
"560","Meade",-13.92,"Lake Meade",1940-03-10,370857100234601,119,33,c(-100.398925, 37.150525),"1940","71-0",-100.398925,37.150525,133.5642242,"132-197"
"561","Meade",-13.55,"Lake Meade",1940-04-20,370857100234601,119,33,c(-100.398925, 37.150525),"1940","71-0",-100.398925,37.150525,133.5642242,"132-197"
"562","Meade",-13.77,"Lake Meade",1940-05-17,370857100234601,119,33,c(-100.398925, 37.150525),"1940","71-0",-100.398925,37.150525,133.5642242,"132-197"
"563","Meade",-13.92,"Lake Meade",1940-06-20,370857100234601,119,33,c(-100.398925, 37.150525),"1940","71-0",-100.398925,37.150525,133.5642242,"132-197"
"564","Meade",-14.94,"Lake Meade",1940-07-23,370857100234601,119,33,c(-100.398925, 37.150525),"1940","71-0",-100.398925,37.150525,133.5642242,"132-197"
"565","Meade",-14.76,"Lake Meade",1940-08-19,370857100234601,119,33,c(-100.398925, 37.150525),"1940","71-0",-100.398925,37.150525,133.5642242,"132-197"
"566","Meade",-14.93,"Lake Meade",1940-09-20,370857100234601,119,33,c(-100.398925, 37.150525),"1940","71-0",-100.398925,37.150525,133.5642242,"132-197"
"567","Meade",-14.53,"Lake Meade",1940-10-28,370857100234601,119,33,c(-100.398925, 37.150525),"1940","71-0",-100.398925,37.150525,133.5642242,"132-197"
"568","Meade",-14.43,"Lake Meade",1940-11-14,370857100234601,119,33,c(-100.398925, 37.150525),"1940","71-0",-100.398925,37.150525,133.5642242,"132-197"
"569","Meade",-14.18,"Lake Meade",1940-12-19,370857100234601,119,33,c(-100.398925, 37.150525),"1940","71-0",-100.398925,37.150525,133.5642242,"132-197"
"570","Meade",-14.09,"Lake Meade",1941-01-21,370857100234601,119,33,c(-100.398925, 37.150525),"1941","71-0",-100.398925,37.150525,133.5642242,"132-197"
"571","Meade",-13.84,"Lake Meade",1941-03-14,370857100234601,119,33,c(-100.398925, 37.150525),"1941","71-0",-100.398925,37.150525,133.5642242,"132-197"
"572","Meade",-13.84,"Lake Meade",1941-04-21,370857100234601,119,33,c(-100.398925, 37.150525),"1941","71-0",-100.398925,37.150525,133.5642242,"132-197"
"573","Meade",-13.77,"Lake Meade",1941-05-17,370857100234601,119,33,c(-100.398925, 37.150525),"1941","71-0",-100.398925,37.150525,133.5642242,"132-197"
"574","Meade",-13.1,"Lake Meade",1941-06-10,370857100234601,119,33,c(-100.398925, 37.150525),"1941","71-0",-100.398925,37.150525,133.5642242,"132-197"
"575","Meade",-13.74,"Lake Meade",1941-07-16,370857100234601,119,33,c(-100.398925, 37.150525),"1941","71-0",-100.398925,37.150525,133.5642242,"132-197"
"576","Meade",-13.81,"Lake Meade",1941-08-06,370857100234601,119,33,c(-100.398925, 37.150525),"1941","71-0",-100.398925,37.150525,133.5642242,"132-197"
"577","Meade",-14.18,"Lake Meade",1941-09-09,370857100234601,119,33,c(-100.398925, 37.150525),"1941","71-0",-100.398925,37.150525,133.5642242,"132-197"
"578","Meade",-14.09,"Lake Meade",1941-10-08,370857100234601,119,33,c(-100.398925, 37.150525),"1941","71-0",-100.398925,37.150525,133.5642242,"132-197"
"579","Meade",-13.18,"Lake Meade",1941-11-06,370857100234601,119,33,c(-100.398925, 37.150525),"1941","71-0",-100.398925,37.150525,133.5642242,"132-197"
"580","Meade",-13.65,"Lake Meade",1941-12-03,370857100234601,119,33,c(-100.398925, 37.150525),"1941","71-0",-100.398925,37.150525,133.5642242,"132-197"
"581","Meade",-13.32,"Lake Meade",1942-01-06,370857100234601,119,33,c(-100.398925, 37.150525),"1942","71-0",-100.398925,37.150525,133.5642242,"132-197"
"582","Meade",-13.35,"Lake Meade",1942-02-03,370857100234601,119,33,c(-100.398925, 37.150525),"1942","71-0",-100.398925,37.150525,133.5642242,"132-197"
"583","Meade",-13.29,"Lake Meade",1942-03-03,370857100234601,119,33,c(-100.398925, 37.150525),"1942","71-0",-100.398925,37.150525,133.5642242,"132-197"
"584","Meade",-13.44,"Lake Meade",1942-04-01,370857100234601,119,33,c(-100.398925, 37.150525),"1942","71-0",-100.398925,37.150525,133.5642242,"132-197"
"585","Meade",-13.1,"Lake Meade",1942-05-12,370857100234601,119,33,c(-100.398925, 37.150525),"1942","71-0",-100.398925,37.150525,133.5642242,"132-197"
"586","Meade",-13.57,"Lake Meade",1942-06-02,370857100234601,119,33,c(-100.398925, 37.150525),"1942","71-0",-100.398925,37.150525,133.5642242,"132-197"
"587","Meade",-13.48,"Lake Meade",1942-07-01,370857100234601,119,33,c(-100.398925, 37.150525),"1942","71-0",-100.398925,37.150525,133.5642242,"132-197"
"588","Meade",-14.12,"Lake Meade",1942-08-03,370857100234601,119,33,c(-100.398925, 37.150525),"1942","71-0",-100.398925,37.150525,133.5642242,"132-197"
"589","Meade",-14.25,"Lake Meade",1942-09-09,370857100234601,119,33,c(-100.398925, 37.150525),"1942","71-0",-100.398925,37.150525,133.5642242,"132-197"
"590","Meade",-14.06,"Lake Meade",1942-10-21,370857100234601,119,33,c(-100.398925, 37.150525),"1942","71-0",-100.398925,37.150525,133.5642242,"132-197"
"591","Meade",-14.06,"Lake Meade",1942-11-23,370857100234601,119,33,c(-100.398925, 37.150525),"1942","71-0",-100.398925,37.150525,133.5642242,"132-197"
"592","Meade",-13.98,"Lake Meade",1942-12-17,370857100234601,119,33,c(-100.398925, 37.150525),"1942","71-0",-100.398925,37.150525,133.5642242,"132-197"
"593","Meade",-14.09,"Lake Meade",1943-02-19,370857100234601,119,33,c(-100.398925, 37.150525),"1943","71-0",-100.398925,37.150525,133.5642242,"132-197"
"594","Meade",-13.86,"Lake Meade",1943-03-17,370857100234601,119,33,c(-100.398925, 37.150525),"1943","71-0",-100.398925,37.150525,133.5642242,"132-197"
"595","Meade",-13.82,"Lake Meade",1943-04-27,370857100234601,119,33,c(-100.398925, 37.150525),"1943","71-0",-100.398925,37.150525,133.5642242,"132-197"
"596","Meade",-13.89,"Lake Meade",1943-05-26,370857100234601,119,33,c(-100.398925, 37.150525),"1943","71-0",-100.398925,37.150525,133.5642242,"132-197"
"597","Meade",-13.94,"Lake Meade",1943-06-25,370857100234601,119,33,c(-100.398925, 37.150525),"1943","71-0",-100.398925,37.150525,133.5642242,"132-197"
"598","Meade",-14.38,"Lake Meade",1943-07-19,370857100234601,119,33,c(-100.398925, 37.150525),"1943","71-0",-100.398925,37.150525,133.5642242,"132-197"
"599","Meade",-14.67,"Lake Meade",1943-08-18,370857100234601,119,33,c(-100.398925, 37.150525),"1943","71-0",-100.398925,37.150525,133.5642242,"132-197"
"600","Meade",-14.78,"Lake Meade",1943-09-09,370857100234601,119,33,c(-100.398925, 37.150525),"1943","71-0",-100.398925,37.150525,133.5642242,"132-197"
"601","Meade",-14.74,"Lake Meade",1943-10-05,370857100234601,119,33,c(-100.398925, 37.150525),"1943","71-0",-100.398925,37.150525,133.5642242,"132-197"
"602","Meade",-14.52,"Lake Meade",1943-11-03,370857100234601,119,33,c(-100.398925, 37.150525),"1943","71-0",-100.398925,37.150525,133.5642242,"132-197"
"603","Meade",-14.44,"Lake Meade",1943-11-07,370857100234601,119,33,c(-100.398925, 37.150525),"1943","71-0",-100.398925,37.150525,133.5642242,"132-197"
"604","Meade",-13.77,"Lake Meade",1944-03-02,370857100234601,119,33,c(-100.398925, 37.150525),"1944","71-0",-100.398925,37.150525,133.5642242,"132-197"
"605","Meade",-13.45,"Lake Meade",1944-06-17,370857100234601,119,33,c(-100.398925, 37.150525),"1944","71-0",-100.398925,37.150525,133.5642242,"132-197"
"606","Meade",-14.53,"Lake Meade",1944-08-31,370857100234601,119,33,c(-100.398925, 37.150525),"1944","71-0",-100.398925,37.150525,133.5642242,"132-197"
"607","Meade",-14.29,"Lake Meade",1944-12-14,370857100234601,119,33,c(-100.398925, 37.150525),"1944","71-0",-100.398925,37.150525,133.5642242,"132-197"
"608","Meade",-15.8,"Lake Meade",1953-03-19,370857100234601,119,33,c(-100.398925, 37.150525),"1953","71-0",-100.398925,37.150525,133.5642242,"132-197"
"609","Meade",-14.32,"Lake Meade",1953-06-04,370857100234601,119,33,c(-100.398925, 37.150525),"1953","71-0",-100.398925,37.150525,133.5642242,"132-197"
"610","Meade",-14.63,"Lake Meade",1953-09-09,370857100234601,119,33,c(-100.398925, 37.150525),"1953","71-0",-100.398925,37.150525,133.5642242,"132-197"
"611","Meade",-14.66,"Lake Meade",1953-12-29,370857100234601,119,33,c(-100.398925, 37.150525),"1953","71-0",-100.398925,37.150525,133.5642242,"132-197"
"612","Meade",-14.23,"Lake Meade",1954-03-16,370857100234601,119,33,c(-100.398925, 37.150525),"1954","71-0",-100.398925,37.150525,133.5642242,"132-197"
"613","Meade",-14.33,"Lake Meade",1954-06-09,370857100234601,119,33,c(-100.398925, 37.150525),"1954","71-0",-100.398925,37.150525,133.5642242,"132-197"
"614","Meade",-15.91,"Lake Meade",1954-09-14,370857100234601,119,33,c(-100.398925, 37.150525),"1954","71-0",-100.398925,37.150525,133.5642242,"132-197"
"615","Meade",-14.93,"Lake Meade",1954-12-13,370857100234601,119,33,c(-100.398925, 37.150525),"1954","71-0",-100.398925,37.150525,133.5642242,"132-197"
"616","Meade",-14.47,"Lake Meade",1955-06-28,370857100234601,119,33,c(-100.398925, 37.150525),"1955","71-0",-100.398925,37.150525,133.5642242,"132-197"
"617","Meade",-17.31,"Lake Meade",1955-09-13,370857100234601,119,33,c(-100.398925, 37.150525),"1955","71-0",-100.398925,37.150525,133.5642242,"132-197"
"618","Meade",-15.36,"Lake Meade",1955-12-28,370857100234601,119,33,c(-100.398925, 37.150525),"1955","71-0",-100.398925,37.150525,133.5642242,"132-197"
"619","Meade",-16,"Lake Meade",1956-06-07,370857100234601,119,33,c(-100.398925, 37.150525),"1956","71-0",-100.398925,37.150525,133.5642242,"132-197"
"620","Meade",-17.08,"Lake Meade",1956-09-13,370857100234601,119,33,c(-100.398925, 37.150525),"1956","71-0",-100.398925,37.150525,133.5642242,"132-197"
"621","Meade",-15.91,"Lake Meade",1956-12-04,370857100234601,119,33,c(-100.398925, 37.150525),"1956","71-0",-100.398925,37.150525,133.5642242,"132-197"
"622","Meade",-14.72,"Lake Meade",1957-06-18,370857100234601,119,33,c(-100.398925, 37.150525),"1957","71-0",-100.398925,37.150525,133.5642242,"132-197"
"623","Meade",-17.14,"Lake Meade",1957-09-12,370857100234601,119,33,c(-100.398925, 37.150525),"1957","71-0",-100.398925,37.150525,133.5642242,"132-197"
"624","Meade",-15.18,"Lake Meade",1957-12-19,370857100234601,119,33,c(-100.398925, 37.150525),"1957","71-0",-100.398925,37.150525,133.5642242,"132-197"
"625","Meade",-14.69,"Lake Meade",1958-03-19,370857100234601,119,33,c(-100.398925, 37.150525),"1958","71-0",-100.398925,37.150525,133.5642242,"132-197"
"626","Meade",-15.43,"Lake Meade",1958-07-16,370857100234601,119,33,c(-100.398925, 37.150525),"1958","71-0",-100.398925,37.150525,133.5642242,"132-197"
"627","Meade",-16.57,"Lake Meade",1958-10-17,370857100234601,119,33,c(-100.398925, 37.150525),"1958","71-0",-100.398925,37.150525,133.5642242,"132-197"
"628","Meade",-15.12,"Lake Meade",1959-01-08,370857100234601,119,33,c(-100.398925, 37.150525),"1959","71-0",-100.398925,37.150525,133.5642242,"132-197"
"629","Meade",-15.24,"Lake Meade",1959-04-10,370857100234601,119,33,c(-100.398925, 37.150525),"1959","71-0",-100.398925,37.150525,133.5642242,"132-197"
"630","Meade",-16.9,"Lake Meade",1959-07-17,370857100234601,119,33,c(-100.398925, 37.150525),"1959","71-0",-100.398925,37.150525,133.5642242,"132-197"
"631","Meade",-16.08,"Lake Meade",1959-10-21,370857100234601,119,33,c(-100.398925, 37.150525),"1959","71-0",-100.398925,37.150525,133.5642242,"132-197"
"632","Meade",-15.03,"Lake Meade",1960-01-08,370857100234601,119,33,c(-100.398925, 37.150525),"1960","71-0",-100.398925,37.150525,133.5642242,"132-197"
"633","Meade",-15.36,"Lake Meade",1960-04-18,370857100234601,119,33,c(-100.398925, 37.150525),"1960","71-0",-100.398925,37.150525,133.5642242,"132-197"
"634","Meade",-15.07,"Lake Meade",1960-07-11,370857100234601,119,33,c(-100.398925, 37.150525),"1960","71-0",-100.398925,37.150525,133.5642242,"132-197"
"635","Meade",-17.99,"Lake Meade",1960-09-21,370857100234601,119,33,c(-100.398925, 37.150525),"1960","71-0",-100.398925,37.150525,133.5642242,"132-197"
"636","Meade",-15.5,"Lake Meade",1960-12-07,370857100234601,119,33,c(-100.398925, 37.150525),"1960","71-0",-100.398925,37.150525,133.5642242,"132-197"
"637","Meade",-14.8,"Lake Meade",1961-03-08,370857100234601,119,33,c(-100.398925, 37.150525),"1961","71-0",-100.398925,37.150525,133.5642242,"132-197"
"638","Meade",-14.48,"Lake Meade",1961-06-13,370857100234601,119,33,c(-100.398925, 37.150525),"1961","71-0",-100.398925,37.150525,133.5642242,"132-197"
"639","Meade",-15.9,"Lake Meade",1961-09-12,370857100234601,119,33,c(-100.398925, 37.150525),"1961","71-0",-100.398925,37.150525,133.5642242,"132-197"
"640","Meade",-14.6,"Lake Meade",1961-12-04,370857100234601,119,33,c(-100.398925, 37.150525),"1961","71-0",-100.398925,37.150525,133.5642242,"132-197"
"641","Meade",-14.2,"Lake Meade",1962-03-07,370857100234601,119,33,c(-100.398925, 37.150525),"1962","71-0",-100.398925,37.150525,133.5642242,"132-197"
"642","Meade",-15.65,"Lake Meade",1962-06-04,370857100234601,119,33,c(-100.398925, 37.150525),"1962","71-0",-100.398925,37.150525,133.5642242,"132-197"
"643","Meade",-15.78,"Lake Meade",1962-09-11,370857100234601,119,33,c(-100.398925, 37.150525),"1962","71-0",-100.398925,37.150525,133.5642242,"132-197"
"644","Meade",-14.66,"Lake Meade",1962-12-19,370857100234601,119,33,c(-100.398925, 37.150525),"1962","71-0",-100.398925,37.150525,133.5642242,"132-197"
"645","Meade",-14.4,"Lake Meade",1963-06-10,370857100234601,119,33,c(-100.398925, 37.150525),"1963","71-0",-100.398925,37.150525,133.5642242,"132-197"
"646","Meade",-15.57,"Lake Meade",1963-09-09,370857100234601,119,33,c(-100.398925, 37.150525),"1963","71-0",-100.398925,37.150525,133.5642242,"132-197"
"647","Meade",-16.01,"Lake Meade",1963-12-10,370857100234601,119,33,c(-100.398925, 37.150525),"1963","71-0",-100.398925,37.150525,133.5642242,"132-197"
"648","Meade",-17.71,"Lake Meade",1964-03-04,370857100234601,119,33,c(-100.398925, 37.150525),"1964","71-0",-100.398925,37.150525,133.5642242,"132-197"
"649","Meade",-14.91,"Lake Meade",1964-06-08,370857100234601,119,33,c(-100.398925, 37.150525),"1964","71-0",-100.398925,37.150525,133.5642242,"132-197"
"650","Meade",-16.9,"Lake Meade",1964-09-14,370857100234601,119,33,c(-100.398925, 37.150525),"1964","71-0",-100.398925,37.150525,133.5642242,"132-197"
"651","Meade",-14.76,"Lake Meade",1964-12-14,370857100234601,119,33,c(-100.398925, 37.150525),"1964","71-0",-100.398925,37.150525,133.5642242,"132-197"
"652","Meade",-14.4,"Lake Meade",1965-01-28,370857100234601,119,33,c(-100.398925, 37.150525),"1965","71-0",-100.398925,37.150525,133.5642242,"132-197"
"653","Meade",-14.36,"Lake Meade",1965-03-03,370857100234601,119,33,c(-100.398925, 37.150525),"1965","71-0",-100.398925,37.150525,133.5642242,"132-197"
"654","Meade",-14.72,"Lake Meade",1965-06-14,370857100234601,119,33,c(-100.398925, 37.150525),"1965","71-0",-100.398925,37.150525,133.5642242,"132-197"
"655","Meade",-15.35,"Lake Meade",1965-09-22,370857100234601,119,33,c(-100.398925, 37.150525),"1965","71-0",-100.398925,37.150525,133.5642242,"132-197"
"656","Meade",-14.44,"Lake Meade",1965-12-21,370857100234601,119,33,c(-100.398925, 37.150525),"1965","71-0",-100.398925,37.150525,133.5642242,"132-197"
"657","Meade",-14.3,"Lake Meade",1966-01-17,370857100234601,119,33,c(-100.398925, 37.150525),"1966","71-0",-100.398925,37.150525,133.5642242,"132-197"
"658","Meade",-14.11,"Lake Meade",1966-03-16,370857100234601,119,33,c(-100.398925, 37.150525),"1966","71-0",-100.398925,37.150525,133.5642242,"132-197"
"659","Meade",-18.61,"Lake Meade",1966-06-07,370857100234601,119,33,c(-100.398925, 37.150525),"1966","71-0",-100.398925,37.150525,133.5642242,"132-197"
"660","Meade",-15.95,"Lake Meade",1966-09-13,370857100234601,119,33,c(-100.398925, 37.150525),"1966","71-0",-100.398925,37.150525,133.5642242,"132-197"
"661","Meade",-15.09,"Lake Meade",1966-12-12,370857100234601,119,33,c(-100.398925, 37.150525),"1966","71-0",-100.398925,37.150525,133.5642242,"132-197"
"662","Meade",-14.7,"Lake Meade",1967-01-23,370857100234601,119,33,c(-100.398925, 37.150525),"1967","71-0",-100.398925,37.150525,133.5642242,"132-197"
"663","Meade",-16.73,"Lake Meade",1967-06-07,370857100234601,119,33,c(-100.398925, 37.150525),"1967","71-0",-100.398925,37.150525,133.5642242,"132-197"
"664","Meade",-19.99,"Lake Meade",1967-09-06,370857100234601,119,33,c(-100.398925, 37.150525),"1967","71-0",-100.398925,37.150525,133.5642242,"132-197"
"665","Meade",-15.5,"Lake Meade",1967-12-12,370857100234601,119,33,c(-100.398925, 37.150525),"1967","71-0",-100.398925,37.150525,133.5642242,"132-197"
"666","Meade",-14.93,"Lake Meade",1968-01-15,370857100234601,119,33,c(-100.398925, 37.150525),"1968","71-0",-100.398925,37.150525,133.5642242,"132-197"
"667","Meade",-15.46,"Lake Meade",1968-03-19,370857100234601,119,33,c(-100.398925, 37.150525),"1968","71-0",-100.398925,37.150525,133.5642242,"132-197"
"668","Meade",-15.2,"Lake Meade",1968-06-04,370857100234601,119,33,c(-100.398925, 37.150525),"1968","71-0",-100.398925,37.150525,133.5642242,"132-197"
"669","Meade",-15.66,"Lake Meade",1968-12-17,370857100234601,119,33,c(-100.398925, 37.150525),"1968","71-0",-100.398925,37.150525,133.5642242,"132-197"
"670","Meade",-15.62,"Lake Meade",1969-01-23,370857100234601,119,33,c(-100.398925, 37.150525),"1969","71-0",-100.398925,37.150525,133.5642242,"132-197"
"671","Meade",-14.56,"Lake Meade",1969-04-08,370857100234601,119,33,c(-100.398925, 37.150525),"1969","71-0",-100.398925,37.150525,133.5642242,"132-197"
"672","Meade",-14.73,"Lake Meade",1969-06-18,370857100234601,119,33,c(-100.398925, 37.150525),"1969","71-0",-100.398925,37.150525,133.5642242,"132-197"
"673","Meade",-16.09,"Lake Meade",1969-09-09,370857100234601,119,33,c(-100.398925, 37.150525),"1969","71-0",-100.398925,37.150525,133.5642242,"132-197"
"674","Meade",-14.6,"Lake Meade",1969-12-10,370857100234601,119,33,c(-100.398925, 37.150525),"1969","71-0",-100.398925,37.150525,133.5642242,"132-197"
"675","Meade",-14.35,"Lake Meade",1970-01-22,370857100234601,119,33,c(-100.398925, 37.150525),"1970","71-0",-100.398925,37.150525,133.5642242,"132-197"
"676","Meade",-14.39,"Lake Meade",1970-03-11,370857100234601,119,33,c(-100.398925, 37.150525),"1970","71-0",-100.398925,37.150525,133.5642242,"132-197"
"677","Meade",-15.67,"Lake Meade",1970-06-08,370857100234601,119,33,c(-100.398925, 37.150525),"1970","71-0",-100.398925,37.150525,133.5642242,"132-197"
"678","Meade",-15.64,"Lake Meade",1970-12-15,370857100234601,119,33,c(-100.398925, 37.150525),"1970","71-0",-100.398925,37.150525,133.5642242,"132-197"
"679","Meade",-15.02,"Lake Meade",1971-01-21,370857100234601,119,33,c(-100.398925, 37.150525),"1971","71-0",-100.398925,37.150525,133.5642242,"132-197"
"680","Meade",-15.02,"Lake Meade",1971-03-08,370857100234601,119,33,c(-100.398925, 37.150525),"1971","71-0",-100.398925,37.150525,133.5642242,"132-197"
"681","Meade",-16.8,"Lake Meade",1971-06-07,370857100234601,119,33,c(-100.398925, 37.150525),"1971","71-0",-100.398925,37.150525,133.5642242,"132-197"
"682","Meade",-15.55,"Lake Meade",1971-12-13,370857100234601,119,33,c(-100.398925, 37.150525),"1971","71-0",-100.398925,37.150525,133.5642242,"132-197"
"683","Meade",-15.2,"Lake Meade",1972-01-19,370857100234601,119,33,c(-100.398925, 37.150525),"1972","71-0",-100.398925,37.150525,133.5642242,"132-197"
"684","Meade",-14.78,"Lake Meade",1972-03-13,370857100234601,119,33,c(-100.398925, 37.150525),"1972","71-0",-100.398925,37.150525,133.5642242,"132-197"
"685","Meade",-15.15,"Lake Meade",1972-06-07,370857100234601,119,33,c(-100.398925, 37.150525),"1972","71-0",-100.398925,37.150525,133.5642242,"132-197"
"686","Meade",-16.28,"Lake Meade",1972-09-11,370857100234601,119,33,c(-100.398925, 37.150525),"1972","71-0",-100.398925,37.150525,133.5642242,"132-197"
"687","Meade",-15.05,"Lake Meade",1972-12-06,370857100234601,119,33,c(-100.398925, 37.150525),"1972","71-0",-100.398925,37.150525,133.5642242,"132-197"
"688","Meade",-14.52,"Lake Meade",1973-01-22,370857100234601,119,33,c(-100.398925, 37.150525),"1973","71-0",-100.398925,37.150525,133.5642242,"132-197"
"689","Meade",-14.24,"Lake Meade",1973-03-06,370857100234601,119,33,c(-100.398925, 37.150525),"1973","71-0",-100.398925,37.150525,133.5642242,"132-197"
"690","Meade",-14.94,"Lake Meade",1973-06-20,370857100234601,119,33,c(-100.398925, 37.150525),"1973","71-0",-100.398925,37.150525,133.5642242,"132-197"
"691","Meade",-17.82,"Lake Meade",1973-09-07,370857100234601,119,33,c(-100.398925, 37.150525),"1973","71-0",-100.398925,37.150525,133.5642242,"132-197"
"692","Meade",-14.76,"Lake Meade",1973-12-21,370857100234601,119,33,c(-100.398925, 37.150525),"1973","71-0",-100.398925,37.150525,133.5642242,"132-197"
"693","Meade",-14.99,"Lake Meade",1974-01-15,370857100234601,119,33,c(-100.398925, 37.150525),"1974","71-0",-100.398925,37.150525,133.5642242,"132-197"
"694","Meade",-14.01,"Lake Meade",1974-03-19,370857100234601,119,33,c(-100.398925, 37.150525),"1974","71-0",-100.398925,37.150525,133.5642242,"132-197"
"695","Meade",-18.83,"Lake Meade",1974-06-04,370857100234601,119,33,c(-100.398925, 37.150525),"1974","71-0",-100.398925,37.150525,133.5642242,"132-197"
"696","Meade",-18.31,"Lake Meade",1974-09-04,370857100234601,119,33,c(-100.398925, 37.150525),"1974","71-0",-100.398925,37.150525,133.5642242,"132-197"
"697","Meade",-19.99,"Lake Meade",1974-12-16,370857100234601,119,33,c(-100.398925, 37.150525),"1974","71-0",-100.398925,37.150525,133.5642242,"132-197"
"698","Meade",-15.61,"Lake Meade",1975-01-23,370857100234601,119,33,c(-100.398925, 37.150525),"1975","71-0",-100.398925,37.150525,133.5642242,"132-197"
"699","Meade",-14.99,"Lake Meade",1975-03-05,370857100234601,119,33,c(-100.398925, 37.150525),"1975","71-0",-100.398925,37.150525,133.5642242,"132-197"
"700","Meade",-17.1,"Lake Meade",1975-06-11,370857100234601,119,33,c(-100.398925, 37.150525),"1975","71-0",-100.398925,37.150525,133.5642242,"132-197"
"701","Meade",-19.83,"Lake Meade",1975-09-03,370857100234601,119,33,c(-100.398925, 37.150525),"1975","71-0",-100.398925,37.150525,133.5642242,"132-197"
"702","Meade",-17,"Lake Meade",1976-01-12,370857100234601,119,33,c(-100.398925, 37.150525),"1976","71-0",-100.398925,37.150525,133.5642242,"132-197"
"703","Meade",-16.28,"Lake Meade",1976-03-03,370857100234601,119,33,c(-100.398925, 37.150525),"1976","71-0",-100.398925,37.150525,133.5642242,"132-197"
"704","Meade",-16.9,"Lake Meade",1977-01-12,370857100234601,119,33,c(-100.398925, 37.150525),"1977","71-0",-100.398925,37.150525,133.5642242,"132-197"
"705","Meade",-17.54,"Lake Meade",1977-06-08,370857100234601,119,33,c(-100.398925, 37.150525),"1977","71-0",-100.398925,37.150525,133.5642242,"132-197"
"706","Meade",-19.13,"Lake Meade",1977-09-15,370857100234601,119,33,c(-100.398925, 37.150525),"1977","71-0",-100.398925,37.150525,133.5642242,"132-197"
"707","Meade",-16.55,"Lake Meade",1978-01-19,370857100234601,119,33,c(-100.398925, 37.150525),"1978","71-0",-100.398925,37.150525,133.5642242,"132-197"
"708","Meade",-16.24,"Lake Meade",1978-03-07,370857100234601,119,33,c(-100.398925, 37.150525),"1978","71-0",-100.398925,37.150525,133.5642242,"132-197"
"709","Meade",-18.99,"Lake Meade",1978-06-15,370857100234601,119,33,c(-100.398925, 37.150525),"1978","71-0",-100.398925,37.150525,133.5642242,"132-197"
"710","Meade",-17.55,"Lake Meade",1979-02-02,370857100234601,119,33,c(-100.398925, 37.150525),"1979","71-0",-100.398925,37.150525,133.5642242,"132-197"
"711","Meade",-16.53,"Lake Meade",1979-03-05,370857100234601,119,33,c(-100.398925, 37.150525),"1979","71-0",-100.398925,37.150525,133.5642242,"132-197"
"712","Meade",-15.81,"Lake Meade",1979-06-14,370857100234601,119,33,c(-100.398925, 37.150525),"1979","71-0",-100.398925,37.150525,133.5642242,"132-197"
"713","Meade",-19.82,"Lake Meade",1979-09-05,370857100234601,119,33,c(-100.398925, 37.150525),"1979","71-0",-100.398925,37.150525,133.5642242,"132-197"
"714","Meade",-16.38,"Lake Meade",1980-01-17,370857100234601,119,33,c(-100.398925, 37.150525),"1980","71-0",-100.398925,37.150525,133.5642242,"132-197"
"715","Meade",-15.26,"Lake Meade",1980-05-06,370857100234601,119,33,c(-100.398925, 37.150525),"1980","71-0",-100.398925,37.150525,133.5642242,"132-197"
"716","Meade",-16.56,"Lake Meade",1980-07-08,370857100234601,119,33,c(-100.398925, 37.150525),"1980","71-0",-100.398925,37.150525,133.5642242,"132-197"
"717","Meade",-19.68,"Lake Meade",1980-10-09,370857100234601,119,33,c(-100.398925, 37.150525),"1980","71-0",-100.398925,37.150525,133.5642242,"132-197"
"718","Meade",-16.52,"Lake Meade",1981-01-13,370857100234601,119,33,c(-100.398925, 37.150525),"1981","71-0",-100.398925,37.150525,133.5642242,"132-197"
"719","Meade",-18.21,"Lake Meade",1981-04-28,370857100234601,119,33,c(-100.398925, 37.150525),"1981","71-0",-100.398925,37.150525,133.5642242,"132-197"
"720","Meade",-15.92,"Lake Meade",1981-10-27,370857100234601,119,33,c(-100.398925, 37.150525),"1981","71-0",-100.398925,37.150525,133.5642242,"132-197"
"721","Meade",-16.31,"Lake Meade",1982-01-15,370857100234601,119,33,c(-100.398925, 37.150525),"1982","71-0",-100.398925,37.150525,133.5642242,"132-197"
"722","Meade",-17.11,"Lake Meade",1982-04-08,370857100234601,119,33,c(-100.398925, 37.150525),"1982","71-0",-100.398925,37.150525,133.5642242,"132-197"
"723","Meade",-18.22,"Lake Meade",1982-10-20,370857100234601,119,33,c(-100.398925, 37.150525),"1982","71-0",-100.398925,37.150525,133.5642242,"132-197"
"724","Meade",-16.3,"Lake Meade",1983-01-06,370857100234601,119,33,c(-100.398925, 37.150525),"1983","71-0",-100.398925,37.150525,133.5642242,"132-197"
"725","Meade",-15.24,"Lake Meade",1983-04-28,370857100234601,119,33,c(-100.398925, 37.150525),"1983","71-0",-100.398925,37.150525,133.5642242,"132-197"
"726","Meade",-18.63,"Lake Meade",1983-07-26,370857100234601,119,33,c(-100.398925, 37.150525),"1983","71-0",-100.398925,37.150525,133.5642242,"132-197"
"727","Meade",-15.86,"Lake Meade",1984-01-12,370857100234601,119,33,c(-100.398925, 37.150525),"1984","71-0",-100.398925,37.150525,133.5642242,"132-197"
"728","Meade",-15.1,"Lake Meade",1984-04-12,370857100234601,119,33,c(-100.398925, 37.150525),"1984","71-0",-100.398925,37.150525,133.5642242,"132-197"
"729","Meade",-17.16,"Lake Meade",1984-11-01,370857100234601,119,33,c(-100.398925, 37.150525),"1984","71-0",-100.398925,37.150525,133.5642242,"132-197"
"730","Meade",-14.44,"Lake Meade",1985-01-16,370857100234601,119,33,c(-100.398925, 37.150525),"1985","71-0",-100.398925,37.150525,133.5642242,"132-197"
"731","Meade",-14.73,"Lake Meade",1985-05-05,370857100234601,119,33,c(-100.398925, 37.150525),"1985","71-0",-100.398925,37.150525,133.5642242,"132-197"
"732","Meade",-14.99,"Lake Meade",1985-08-07,370857100234601,119,33,c(-100.398925, 37.150525),"1985","71-0",-100.398925,37.150525,133.5642242,"132-197"
"733","Meade",-16.39,"Lake Meade",1985-10-24,370857100234601,119,33,c(-100.398925, 37.150525),"1985","71-0",-100.398925,37.150525,133.5642242,"132-197"
"734","Meade",-14.79,"Lake Meade",1986-01-08,370857100234601,119,33,c(-100.398925, 37.150525),"1986","71-0",-100.398925,37.150525,133.5642242,"132-197"
"735","Meade",-14.03,"Lake Meade",1986-05-01,370857100234601,119,33,c(-100.398925, 37.150525),"1986","71-0",-100.398925,37.150525,133.5642242,"132-197"
"736","Meade",-16.81,"Lake Meade",1986-10-08,370857100234601,119,33,c(-100.398925, 37.150525),"1986","71-0",-100.398925,37.150525,133.5642242,"132-197"
"737","Meade",-15.59,"Lake Meade",1987-01-06,370857100234601,119,33,c(-100.398925, 37.150525),"1987","71-0",-100.398925,37.150525,133.5642242,"132-197"
"738","Meade",-16.21,"Lake Meade",1987-05-05,370857100234601,119,33,c(-100.398925, 37.150525),"1987","71-0",-100.398925,37.150525,133.5642242,"132-197"
"739","Meade",-15.9,"Lake Meade",1987-11-02,370857100234601,119,33,c(-100.398925, 37.150525),"1987","71-0",-100.398925,37.150525,133.5642242,"132-197"
"740","Meade",-15.29,"Lake Meade",1988-01-05,370857100234601,119,33,c(-100.398925, 37.150525),"1988","71-0",-100.398925,37.150525,133.5642242,"132-197"
"741","Meade",-14.88,"Lake Meade",1988-03-15,370857100234601,119,33,c(-100.398925, 37.150525),"1988","71-0",-100.398925,37.150525,133.5642242,"132-197"
"742","Meade",-18.47,"Lake Meade",1988-09-13,370857100234601,119,33,c(-100.398925, 37.150525),"1988","71-0",-100.398925,37.150525,133.5642242,"132-197"
"743","Meade",-17.27,"Lake Meade",1989-01-10,370857100234601,119,33,c(-100.398925, 37.150525),"1989","71-0",-100.398925,37.150525,133.5642242,"132-197"
"744","Meade",-15.27,"Lake Meade",1989-03-29,370857100234601,119,33,c(-100.398925, 37.150525),"1989","71-0",-100.398925,37.150525,133.5642242,"132-197"
"745","Meade",-14.9,"Lake Meade",1989-06-16,370857100234601,119,33,c(-100.398925, 37.150525),"1989","71-0",-100.398925,37.150525,133.5642242,"132-197"
"746","Meade",-15.66,"Lake Meade",1989-10-04,370857100234601,119,33,c(-100.398925, 37.150525),"1989","71-0",-100.398925,37.150525,133.5642242,"132-197"
"747","Meade",-15.1,"Lake Meade",1990-01-10,370857100234601,119,33,c(-100.398925, 37.150525),"1990","71-0",-100.398925,37.150525,133.5642242,"132-197"
"748","Meade",-15.02,"Lake Meade",1990-04-09,370857100234601,119,33,c(-100.398925, 37.150525),"1990","71-0",-100.398925,37.150525,133.5642242,"132-197"
"749","Meade",-14.88,"Lake Meade",1991-01-10,370857100234601,119,33,c(-100.398925, 37.150525),"1991","71-0",-100.398925,37.150525,133.5642242,"132-197"
"750","Meade",-15.7,"Lake Meade",1991-04-01,370857100234601,119,33,c(-100.398925, 37.150525),"1991","71-0",-100.398925,37.150525,133.5642242,"132-197"
"751","Meade",-20.78,"Lake Meade",1991-09-12,370857100234601,119,33,c(-100.398925, 37.150525),"1991","71-0",-100.398925,37.150525,133.5642242,"132-197"
"752","Meade",-15.22,"Lake Meade",1992-01-15,370857100234601,119,33,c(-100.398925, 37.150525),"1992","71-0",-100.398925,37.150525,133.5642242,"132-197"
"753","Meade",-15.7,"Lake Meade",1992-03-11,370857100234601,119,33,c(-100.398925, 37.150525),"1992","71-0",-100.398925,37.150525,133.5642242,"132-197"
"754","Meade",-16.57,"Lake Meade",1992-06-11,370857100234601,119,33,c(-100.398925, 37.150525),"1992","71-0",-100.398925,37.150525,133.5642242,"132-197"
"755","Meade",-18.99,"Lake Meade",1992-09-15,370857100234601,119,33,c(-100.398925, 37.150525),"1992","71-0",-100.398925,37.150525,133.5642242,"132-197"
"756","Meade",-15.04,"Lake Meade",1993-02-03,370857100234601,119,33,c(-100.398925, 37.150525),"1993","71-0",-100.398925,37.150525,133.5642242,"132-197"
"757","Meade",-14.68,"Lake Meade",1993-04-15,370857100234601,119,33,c(-100.398925, 37.150525),"1993","71-0",-100.398925,37.150525,133.5642242,"132-197"
"758","Meade",-19.98,"Lake Meade",1993-09-07,370857100234601,119,33,c(-100.398925, 37.150525),"1993","71-0",-100.398925,37.150525,133.5642242,"132-197"
"759","Meade",-15.7,"Lake Meade",1994-01-10,370857100234601,119,33,c(-100.398925, 37.150525),"1994","71-0",-100.398925,37.150525,133.5642242,"132-197"
"760","Meade",-19.26,"Lake Meade",1994-09-15,370857100234601,119,33,c(-100.398925, 37.150525),"1994","71-0",-100.398925,37.150525,133.5642242,"132-197"
"761","Meade",-16.21,"Lake Meade",1995-01-17,370857100234601,119,33,c(-100.398925, 37.150525),"1995","71-0",-100.398925,37.150525,133.5642242,"132-197"
"762","Meade",-15.57,"Lake Meade",1995-03-16,370857100234601,119,33,c(-100.398925, 37.150525),"1995","71-0",-100.398925,37.150525,133.5642242,"132-197"
"763","Meade",-21.04,"Lake Meade",1995-09-13,370857100234601,119,33,c(-100.398925, 37.150525),"1995","71-0",-100.398925,37.150525,133.5642242,"132-197"
"764","Meade",-16.4,"Lake Meade",1996-01-24,370857100234601,119,33,c(-100.398925, 37.150525),"1996","71-0",-100.398925,37.150525,133.5642242,"132-197"
"765","Meade",-16.51,"Lake Meade",1996-03-19,370857100234601,119,33,c(-100.398925, 37.150525),"1996","71-0",-100.398925,37.150525,133.5642242,"132-197"
"766","Meade",-17.66,"Lake Meade",1996-09-13,370857100234601,119,33,c(-100.398925, 37.150525),"1996","71-0",-100.398925,37.150525,133.5642242,"132-197"
"767","Meade",-16.14,"Lake Meade",1997-01-08,370857100234601,119,33,c(-100.398925, 37.150525),"1997","71-0",-100.398925,37.150525,133.5642242,"132-197"
"768","Meade",-16.34,"Lake Meade",1998-01-07,370857100234601,119,33,c(-100.398925, 37.150525),"1998","71-0",-100.398925,37.150525,133.5642242,"132-197"
"769","Meade",-16.79,"Lake Meade",1999-01-06,370857100234601,119,33,c(-100.398925, 37.150525),"1999","71-0",-100.398925,37.150525,133.5642242,"132-197"
"770","Meade",-16.45,"Lake Meade",2000-01-07,370857100234601,119,33,c(-100.398925, 37.150525),"2000","71-0",-100.398925,37.150525,133.5642242,"132-197"
"771","Meade",-16.45,"Lake Meade",2001-01-06,370857100234601,119,33,c(-100.398925, 37.150525),"2001","71-0",-100.398925,37.150525,133.5642242,"132-197"
"772","Meade",-17.32,"Lake Meade",2002-01-07,370857100234601,119,33,c(-100.398925, 37.150525),"2002","71-0",-100.398925,37.150525,133.5642242,"132-197"
"773","Meade",-18.43,"Lake Meade",2003-01-10,370857100234601,119,33,c(-100.398925, 37.150525),"2003","71-0",-100.398925,37.150525,133.5642242,"132-197"
"774","Meade",-17.21,"Lake Meade",2004-01-06,370857100234601,119,33,c(-100.398925, 37.150525),"2004","71-0",-100.398925,37.150525,133.5642242,"132-197"
"775","Meade",-16.57,"Lake Meade",2005-01-11,370857100234601,119,33,c(-100.398925, 37.150525),"2005","71-0",-100.398925,37.150525,133.5642242,"132-197"
"776","Meade",-16.25,"Lake Meade",2006-01-08,370857100234601,119,33,c(-100.398925, 37.150525),"2006","71-0",-100.398925,37.150525,133.5642242,"132-197"
"777","Meade",-16.53,"Lake Meade",2007-01-23,370857100234601,119,33,c(-100.398925, 37.150525),"2007","71-0",-100.398925,37.150525,133.5642242,"132-197"
"778","Meade",-17.13,"Lake Meade",2008-01-08,370857100234601,119,33,c(-100.398925, 37.150525),"2008","71-0",-100.398925,37.150525,133.5642242,"132-197"
"779","Meade",-16.94,"Lake Meade",2009-01-08,370857100234601,119,33,c(-100.398925, 37.150525),"2009","71-0",-100.398925,37.150525,133.5642242,"132-197"
"780","Meade",-16.83,"Lake Meade",2010-01-05,370857100234601,119,33,c(-100.398925, 37.150525),"2010","71-0",-100.398925,37.150525,133.5642242,"132-197"
"781","Meade",-19.22,"Lake Meade",2011-01-07,370857100234601,119,33,c(-100.398925, 37.150525),"2011","71-0",-100.398925,37.150525,133.5642242,"132-197"
"782","Meade",-18.77,"Lake Meade",2012-01-06,370857100234601,119,33,c(-100.398925, 37.150525),"2012","71-0",-100.398925,37.150525,133.5642242,"132-197"
"783","Meade",-19.27,"Lake Meade",2013-01-06,370857100234601,119,33,c(-100.398925, 37.150525),"2013","71-0",-100.398925,37.150525,133.5642242,"132-197"
"784","Meade",-20.1,"Lake Meade",2014-01-05,370857100234601,119,33,c(-100.398925, 37.150525),"2014","71-0",-100.398925,37.150525,133.5642242,"132-197"
"785","Meade",-21.02,"Lake Meade",2015-01-06,370857100234601,119,33,c(-100.398925, 37.150525),"2015","71-0",-100.398925,37.150525,133.5642242,"132-197"
"786","Meade",-19.96,"Lake Meade",2016-01-05,370857100234601,119,33,c(-100.398925, 37.150525),"2016","71-0",-100.398925,37.150525,133.5642242,"132-197"
"787","Meade",-20.09,"Lake Meade",2017-01-06,370857100234601,119,33,c(-100.398925, 37.150525),"2017","71-0",-100.398925,37.150525,133.5642242,"132-197"
"788","Meade",-20.1,"Lake Meade",2018-01-05,370857100234601,119,33,c(-100.398925, 37.150525),"2018","71-0",-100.398925,37.150525,133.5642242,"132-197"
"789","Meade",-25.59,"Lake Meade",2019-01-05,370857100234601,119,33,c(-100.398925, 37.150525),"2019","71-0",-100.398925,37.150525,133.5642242,"132-197"
"790","Meade",-19.15,"Lake Meade",2019-03-08,370857100234601,119,33,c(-100.398925, 37.150525),"2019","71-0",-100.398925,37.150525,133.5642242,"132-197"
"791","Meade",-21.43,"Lake Meade",2020-01-05,370857100234601,119,33,c(-100.398925, 37.150525),"2020","71-0",-100.398925,37.150525,133.5642242,"132-197"
"792","Meade",-22.11,"Lake Meade",2021-01-07,370857100234601,119,33,c(-100.398925, 37.150525),"2021","71-0",-100.398925,37.150525,133.5642242,"132-197"
"793","Meade",-22.6,"Lake Meade",2022-01-06,370857100234601,119,33,c(-100.398925, 37.150525),"2022","71-0",-100.398925,37.150525,133.5642242,"132-197"
"794","Meade",-23.55,"Lake Meade",2023-01-06,370857100234601,119,33,c(-100.398925, 37.150525),"2023","71-0",-100.398925,37.150525,133.5642242,"132-197"
"795","Meade",-22.8,"Lake Meade",2024-01-05,370857100234601,119,33,c(-100.398925, 37.150525),"2024","71-0",-100.398925,37.150525,133.5642242,"132-197"
"796","Meade",-183,"KISMET NE",1984-09-25,370948100351601,119,33,c(-100.588444, 37.163597),"1984","215-144",-100.588444,37.163597,298.1105957,"263-328"
"797","Meade",-180.69,"KISMET NE",1985-01-16,370948100351601,119,33,c(-100.588444, 37.163597),"1985","215-144",-100.588444,37.163597,298.1105957,"263-328"
"798","Meade",-183.19,"KISMET NE",1986-01-08,370948100351601,119,33,c(-100.588444, 37.163597),"1986","215-144",-100.588444,37.163597,298.1105957,"263-328"
"799","Meade",-183.78,"KISMET NE",1988-01-05,370948100351601,119,33,c(-100.588444, 37.163597),"1988","215-144",-100.588444,37.163597,298.1105957,"263-328"
"800","Meade",-204.16,"KISMET NE",1989-01-10,370948100351601,119,33,c(-100.588444, 37.163597),"1989","215-144",-100.588444,37.163597,298.1105957,"263-328"
"801","Meade",-205.86,"KISMET NE",1990-01-10,370948100351601,119,33,c(-100.588444, 37.163597),"1990","215-144",-100.588444,37.163597,298.1105957,"263-328"
"802","Meade",-6.5,NA,1965-01-01,371534100203501,119,32,c(-100.343319, 37.261041),"1965","71-0",-100.343319,37.261041,173.9315796,"132-197"
"803","Meade",-6.39,NA,1965-01-23,371534100203501,119,32,c(-100.343319, 37.261041),"1965","71-0",-100.343319,37.261041,173.9315796,"132-197"
"804","Meade",-6.43,NA,1966-01-17,371534100203501,119,32,c(-100.343319, 37.261041),"1966","71-0",-100.343319,37.261041,173.9315796,"132-197"
"805","Meade",-7,NA,1967-01-23,371534100203501,119,32,c(-100.343319, 37.261041),"1967","71-0",-100.343319,37.261041,173.9315796,"132-197"
"806","Meade",-6.8,NA,1968-01-15,371534100203501,119,32,c(-100.343319, 37.261041),"1968","71-0",-100.343319,37.261041,173.9315796,"132-197"
"807","Meade",-7.3,NA,1969-01-22,371534100203501,119,32,c(-100.343319, 37.261041),"1969","71-0",-100.343319,37.261041,173.9315796,"132-197"
"808","Meade",-7.04,NA,1970-01-22,371534100203501,119,32,c(-100.343319, 37.261041),"1970","71-0",-100.343319,37.261041,173.9315796,"132-197"
"809","Meade",-7.38,NA,1971-01-21,371534100203501,119,32,c(-100.343319, 37.261041),"1971","71-0",-100.343319,37.261041,173.9315796,"132-197"
"810","Meade",-6.9,NA,1972-01-19,371534100203501,119,32,c(-100.343319, 37.261041),"1972","71-0",-100.343319,37.261041,173.9315796,"132-197"
"811","Meade",-6.32,NA,1973-01-22,371534100203501,119,32,c(-100.343319, 37.261041),"1973","71-0",-100.343319,37.261041,173.9315796,"132-197"
"812","Meade",-5.3,NA,1974-01-15,371534100203501,119,32,c(-100.343319, 37.261041),"1974","71-0",-100.343319,37.261041,173.9315796,"132-197"
"813","Meade",-6.25,NA,1975-01-23,371534100203501,119,32,c(-100.343319, 37.261041),"1975","71-0",-100.343319,37.261041,173.9315796,"132-197"
"814","Meade",-6.42,NA,1976-01-13,371534100203501,119,32,c(-100.343319, 37.261041),"1976","71-0",-100.343319,37.261041,173.9315796,"132-197"
"815","Meade",-7.9,NA,1977-01-12,371534100203501,119,32,c(-100.343319, 37.261041),"1977","71-0",-100.343319,37.261041,173.9315796,"132-197"
"816","Meade",-8.04,NA,1978-01-19,371534100203501,119,32,c(-100.343319, 37.261041),"1978","71-0",-100.343319,37.261041,173.9315796,"132-197"
"817","Meade",-10.3,NA,1979-02-01,371534100203501,119,32,c(-100.343319, 37.261041),"1979","71-0",-100.343319,37.261041,173.9315796,"132-197"
"818","Meade",-8.81,NA,1980-01-17,371534100203501,119,32,c(-100.343319, 37.261041),"1980","71-0",-100.343319,37.261041,173.9315796,"132-197"
"819","Meade",-8.88,NA,1981-01-13,371534100203501,119,32,c(-100.343319, 37.261041),"1981","71-0",-100.343319,37.261041,173.9315796,"132-197"
"820","Meade",-8.64,NA,1982-01-15,371534100203501,119,32,c(-100.343319, 37.261041),"1982","71-0",-100.343319,37.261041,173.9315796,"132-197"
"821","Meade",-9.1,NA,1983-01-06,371534100203501,119,32,c(-100.343319, 37.261041),"1983","71-0",-100.343319,37.261041,173.9315796,"132-197"
"822","Meade",-6.47,NA,1984-01-11,371534100203501,119,32,c(-100.343319, 37.261041),"1984","71-0",-100.343319,37.261041,173.9315796,"132-197"
"823","Meade",-135,NA,1965-01-01,372200100214001,119,31,c(-100.363124, 37.368444),"1965","143-72",-100.363124,37.368444,276.8536377,"263-328"
"824","Meade",-113.42,NA,1965-01-28,372200100214001,119,31,c(-100.363124, 37.368444),"1965","143-72",-100.363124,37.368444,276.8536377,"263-328"
"825","Meade",-112.2,NA,1966-01-17,372200100214001,119,31,c(-100.363124, 37.368444),"1966","143-72",-100.363124,37.368444,276.8536377,"263-328"
"826","Meade",-114.4,NA,1967-01-23,372200100214001,119,31,c(-100.363124, 37.368444),"1967","143-72",-100.363124,37.368444,276.8536377,"263-328"
"827","Meade",-123.3,NA,1968-01-15,372200100214001,119,31,c(-100.363124, 37.368444),"1968","143-72",-100.363124,37.368444,276.8536377,"263-328"
"828","Meade",-127.33,NA,1969-01-23,372200100214001,119,31,c(-100.363124, 37.368444),"1969","143-72",-100.363124,37.368444,276.8536377,"263-328"
"829","Meade",-127.93,NA,1970-01-22,372200100214001,119,31,c(-100.363124, 37.368444),"1970","143-72",-100.363124,37.368444,276.8536377,"263-328"
"830","Meade",-126.8,NA,1972-01-19,372200100214001,119,31,c(-100.363124, 37.368444),"1972","143-72",-100.363124,37.368444,276.8536377,"263-328"
"831","Meade",-120.36,NA,1973-01-24,372200100214001,119,31,c(-100.363124, 37.368444),"1973","143-72",-100.363124,37.368444,276.8536377,"263-328"
"832","Meade",-116.12,NA,1974-01-16,372200100214001,119,31,c(-100.363124, 37.368444),"1974","143-72",-100.363124,37.368444,276.8536377,"263-328"
"833","Meade",-123.6,NA,1975-01-22,372200100214001,119,31,c(-100.363124, 37.368444),"1975","143-72",-100.363124,37.368444,276.8536377,"263-328"
"834","Meade",-128.79,NA,1976-01-14,372200100214001,119,31,c(-100.363124, 37.368444),"1976","143-72",-100.363124,37.368444,276.8536377,"263-328"
"835","Meade",-128.78,NA,1977-01-12,372200100214001,119,31,c(-100.363124, 37.368444),"1977","143-72",-100.363124,37.368444,276.8536377,"263-328"
"836","Meade",-136.6,NA,1978-01-19,372200100214001,119,31,c(-100.363124, 37.368444),"1978","143-72",-100.363124,37.368444,276.8536377,"263-328"
"837","Meade",-156.23,NA,1979-02-01,372200100214001,119,31,c(-100.363124, 37.368444),"1979","215-144",-100.363124,37.368444,276.8536377,"263-328"
"838","Meade",-153.11,NA,1980-01-18,372200100214001,119,31,c(-100.363124, 37.368444),"1980","215-144",-100.363124,37.368444,276.8536377,"263-328"
"839","Meade",-131.65,NA,1981-01-14,372200100214001,119,31,c(-100.363124, 37.368444),"1981","143-72",-100.363124,37.368444,276.8536377,"263-328"
"840","Meade",-131.47,NA,1982-01-14,372200100214001,119,31,c(-100.363124, 37.368444),"1982","143-72",-100.363124,37.368444,276.8536377,"263-328"
"841","Meade",-133.08,NA,1983-01-07,372200100214001,119,31,c(-100.363124, 37.368444),"1983","143-72",-100.363124,37.368444,276.8536377,"263-328"
"842","Meade",-134.23,NA,1984-01-11,372200100214001,119,31,c(-100.363124, 37.368444),"1984","143-72",-100.363124,37.368444,276.8536377,"263-328"
"843","Meade",-134.7,NA,1985-01-15,372200100214001,119,31,c(-100.363124, 37.368444),"1985","143-72",-100.363124,37.368444,276.8536377,"263-328"
"844","Meade",-139.36,NA,1986-01-07,372200100214001,119,31,c(-100.363124, 37.368444),"1986","143-72",-100.363124,37.368444,276.8536377,"263-328"
"845","Meade",-136.92,NA,1987-01-06,372200100214001,119,31,c(-100.363124, 37.368444),"1987","143-72",-100.363124,37.368444,276.8536377,"263-328"
"846","Meade",-138.47,NA,1988-01-06,372200100214001,119,31,c(-100.363124, 37.368444),"1988","143-72",-100.363124,37.368444,276.8536377,"263-328"
"847","Meade",-146.27,NA,1989-01-11,372200100214001,119,31,c(-100.363124, 37.368444),"1989","215-144",-100.363124,37.368444,276.8536377,"263-328"
"848","Meade",-168.95,NA,1991-01-13,372200100214001,119,31,c(-100.363124, 37.368444),"1991","215-144",-100.363124,37.368444,276.8536377,"263-328"
"849","Meade",-171.25,NA,1992-01-15,372200100214001,119,31,c(-100.363124, 37.368444),"1992","215-144",-100.363124,37.368444,276.8536377,"263-328"
"850","Meade",-172.53,NA,1993-02-04,372200100214001,119,31,c(-100.363124, 37.368444),"1993","215-144",-100.363124,37.368444,276.8536377,"263-328"
"851","Meade",-174.1,NA,1994-01-11,372200100214001,119,31,c(-100.363124, 37.368444),"1994","215-144",-100.363124,37.368444,276.8536377,"263-328"
"852","Meade",-181.5,NA,1997-01-08,372200100214001,119,31,c(-100.363124, 37.368444),"1997","215-144",-100.363124,37.368444,276.8536377,"263-328"
"853","Meade",-184.94,NA,1998-01-07,372200100214001,119,31,c(-100.363124, 37.368444),"1998","215-144",-100.363124,37.368444,276.8536377,"263-328"
"854","Meade",-130,"Plains",1965-01-01,371938100302901,119,31,c(-100.508828, 37.329303),"1965","143-72",-100.508828,37.329303,272.947876,"263-328"
"855","Meade",-129.8,"Plains",1965-01-28,371938100302901,119,31,c(-100.508828, 37.329303),"1965","143-72",-100.508828,37.329303,272.947876,"263-328"
"856","Meade",-130.22,"Plains",1966-01-17,371938100302901,119,31,c(-100.508828, 37.329303),"1966","143-72",-100.508828,37.329303,272.947876,"263-328"
"857","Meade",-131,"Plains",1967-01-23,371938100302901,119,31,c(-100.508828, 37.329303),"1967","143-72",-100.508828,37.329303,272.947876,"263-328"
"858","Meade",-131.4,"Plains",1968-01-15,371938100302901,119,31,c(-100.508828, 37.329303),"1968","143-72",-100.508828,37.329303,272.947876,"263-328"
"859","Meade",-133.59,"Plains",1969-01-22,371938100302901,119,31,c(-100.508828, 37.329303),"1969","143-72",-100.508828,37.329303,272.947876,"263-328"
"860","Meade",-133.28,"Plains",1970-01-22,371938100302901,119,31,c(-100.508828, 37.329303),"1970","143-72",-100.508828,37.329303,272.947876,"263-328"
"861","Meade",-135.05,"Plains",1971-01-20,371938100302901,119,31,c(-100.508828, 37.329303),"1971","143-72",-100.508828,37.329303,272.947876,"263-328"
"862","Meade",-137.3,"Plains",1972-01-19,371938100302901,119,31,c(-100.508828, 37.329303),"1972","143-72",-100.508828,37.329303,272.947876,"263-328"
"863","Meade",-137.09,"Plains",1973-01-22,371938100302901,119,31,c(-100.508828, 37.329303),"1973","143-72",-100.508828,37.329303,272.947876,"263-328"
"864","Meade",-136.49,"Plains",1974-01-15,371938100302901,119,31,c(-100.508828, 37.329303),"1974","143-72",-100.508828,37.329303,272.947876,"263-328"
"865","Meade",-137.37,"Plains",1975-01-23,371938100302901,119,31,c(-100.508828, 37.329303),"1975","143-72",-100.508828,37.329303,272.947876,"263-328"
"866","Meade",-138.75,"Plains",1976-01-14,371938100302901,119,31,c(-100.508828, 37.329303),"1976","143-72",-100.508828,37.329303,272.947876,"263-328"
"867","Meade",-143.26,"Plains",1977-01-12,371938100302901,119,31,c(-100.508828, 37.329303),"1977","143-72",-100.508828,37.329303,272.947876,"263-328"
"868","Meade",-148.2,"Plains",1978-01-19,371938100302901,119,31,c(-100.508828, 37.329303),"1978","215-144",-100.508828,37.329303,272.947876,"263-328"
"869","Meade",-154.18,"Plains",1979-02-02,371938100302901,119,31,c(-100.508828, 37.329303),"1979","215-144",-100.508828,37.329303,272.947876,"263-328"
"870","Meade",-152.21,"Plains",1980-01-17,371938100302901,119,31,c(-100.508828, 37.329303),"1980","215-144",-100.508828,37.329303,272.947876,"263-328"
"871","Meade",-154.72,"Plains",1981-01-14,371938100302901,119,31,c(-100.508828, 37.329303),"1981","215-144",-100.508828,37.329303,272.947876,"263-328"
"872","Meade",-158.24,"Plains",1982-01-14,371938100302901,119,31,c(-100.508828, 37.329303),"1982","215-144",-100.508828,37.329303,272.947876,"263-328"
"873","Meade",-161.3,"Plains",1983-01-05,371938100302901,119,31,c(-100.508828, 37.329303),"1983","215-144",-100.508828,37.329303,272.947876,"263-328"
"874","Meade",-162.48,"Plains",1984-01-12,371938100302901,119,31,c(-100.508828, 37.329303),"1984","215-144",-100.508828,37.329303,272.947876,"263-328"
"875","Meade",-160.54,"Plains",1985-01-16,371938100302901,119,31,c(-100.508828, 37.329303),"1985","215-144",-100.508828,37.329303,272.947876,"263-328"
"876","Meade",-168.99,"Plains",1986-01-08,371938100302901,119,31,c(-100.508828, 37.329303),"1986","215-144",-100.508828,37.329303,272.947876,"263-328"
"877","Meade",-166.72,"Plains",1987-01-07,371938100302901,119,31,c(-100.508828, 37.329303),"1987","215-144",-100.508828,37.329303,272.947876,"263-328"
"878","Meade",-166.23,"Plains",1988-01-06,371938100302901,119,31,c(-100.508828, 37.329303),"1988","215-144",-100.508828,37.329303,272.947876,"263-328"
"879","Meade",-173.86,"Plains",1989-01-11,371938100302901,119,31,c(-100.508828, 37.329303),"1989","215-144",-100.508828,37.329303,272.947876,"263-328"
"880","Meade",-172.9,"Plains",1990-01-09,371938100302901,119,31,c(-100.508828, 37.329303),"1990","215-144",-100.508828,37.329303,272.947876,"263-328"
"881","Meade",-174.05,"Plains",1991-01-13,371938100302901,119,31,c(-100.508828, 37.329303),"1991","215-144",-100.508828,37.329303,272.947876,"263-328"
"882","Meade",-181.8,"Plains",1992-01-15,371938100302901,119,31,c(-100.508828, 37.329303),"1992","215-144",-100.508828,37.329303,272.947876,"263-328"
"883","Meade",-178.78,"Plains",1993-02-03,371938100302901,119,31,c(-100.508828, 37.329303),"1993","215-144",-100.508828,37.329303,272.947876,"263-328"
"884","Meade",-179.28,"Plains",1994-01-11,371938100302901,119,31,c(-100.508828, 37.329303),"1994","215-144",-100.508828,37.329303,272.947876,"263-328"
"885","Meade",-180.96,"Plains",1995-01-17,371938100302901,119,31,c(-100.508828, 37.329303),"1995","215-144",-100.508828,37.329303,272.947876,"263-328"
"886","Meade",-185.02,"Plains",1996-01-19,371938100302901,119,31,c(-100.508828, 37.329303),"1996","215-144",-100.508828,37.329303,272.947876,"263-328"
"887","Meade",-188.23,"Plains",1997-01-08,371938100302901,119,31,c(-100.508828, 37.329303),"1997","215-144",-100.508828,37.329303,272.947876,"263-328"
"888","Meade",-190.62,"Plains",1998-01-07,371938100302901,119,31,c(-100.508828, 37.329303),"1998","215-144",-100.508828,37.329303,272.947876,"263-328"
"889","Meade",-194.41,"Plains",1999-01-06,371938100302901,119,31,c(-100.508828, 37.329303),"1999","215-144",-100.508828,37.329303,272.947876,"263-328"
"890","Meade",-189.8,"Plains",2000-01-07,371938100302901,119,31,c(-100.508828, 37.329303),"2000","215-144",-100.508828,37.329303,272.947876,"263-328"
"891","Meade",-191.78,"Plains",2001-01-06,371938100302901,119,31,c(-100.508828, 37.329303),"2001","215-144",-100.508828,37.329303,272.947876,"263-328"
"892","Meade",-193.75,"Plains",2002-01-07,371938100302901,119,31,c(-100.508828, 37.329303),"2002","215-144",-100.508828,37.329303,272.947876,"263-328"
"893","Meade",-196.54,"Plains",2003-01-10,371938100302901,119,31,c(-100.508828, 37.329303),"2003","215-144",-100.508828,37.329303,272.947876,"263-328"
"894","Meade",-200.5,"Plains",2004-01-06,371938100302901,119,31,c(-100.508828, 37.329303),"2004","215-144",-100.508828,37.329303,272.947876,"263-328"
"895","Meade",-199.15,"Plains",2005-01-12,371938100302901,119,31,c(-100.508828, 37.329303),"2005","215-144",-100.508828,37.329303,272.947876,"263-328"
"896","Meade",-201.14,"Plains",2006-01-08,371938100302901,119,31,c(-100.508828, 37.329303),"2006","215-144",-100.508828,37.329303,272.947876,"263-328"
"897","Meade",-204.38,"Plains",2007-01-23,371938100302901,119,31,c(-100.508828, 37.329303),"2007","215-144",-100.508828,37.329303,272.947876,"263-328"
"898","Meade",-206.75,"Plains",2008-01-07,371938100302901,119,31,c(-100.508828, 37.329303),"2008","215-144",-100.508828,37.329303,272.947876,"263-328"
"899","Meade",-208.76,"Plains",2009-01-08,371938100302901,119,31,c(-100.508828, 37.329303),"2009","215-144",-100.508828,37.329303,272.947876,"263-328"
"900","Meade",-208.74,"Plains",2009-01-08,371938100302901,119,31,c(-100.508828, 37.329303),"2009","215-144",-100.508828,37.329303,272.947876,"263-328"
"901","Meade",-213.28,"Plains",2010-01-05,371938100302901,119,31,c(-100.508828, 37.329303),"2010","215-144",-100.508828,37.329303,272.947876,"263-328"
"902","Meade",-212.35,"Plains",2011-01-07,371938100302901,119,31,c(-100.508828, 37.329303),"2011","215-144",-100.508828,37.329303,272.947876,"263-328"
"903","Meade",-212.47,"Plains",2011-01-07,371938100302901,119,31,c(-100.508828, 37.329303),"2011","215-144",-100.508828,37.329303,272.947876,"263-328"
"904","Meade",-215.9,"Plains",2012-01-06,371938100302901,119,31,c(-100.508828, 37.329303),"2012","215-144",-100.508828,37.329303,272.947876,"263-328"
"905","Meade",-219.82,"Plains",2013-01-06,371938100302901,119,31,c(-100.508828, 37.329303),"2013","287-216",-100.508828,37.329303,272.947876,"263-328"
"906","Meade",-222.77,"Plains",2014-01-05,371938100302901,119,31,c(-100.508828, 37.329303),"2014","287-216",-100.508828,37.329303,272.947876,"263-328"
"907","Meade",-222.5,"Plains",2015-01-05,371938100302901,119,31,c(-100.508828, 37.329303),"2015","287-216",-100.508828,37.329303,272.947876,"263-328"
"908","Meade",-226.23,"Plains",2016-01-05,371938100302901,119,31,c(-100.508828, 37.329303),"2016","287-216",-100.508828,37.329303,272.947876,"263-328"
"909","Meade",-225.91,"Plains",2017-01-06,371938100302901,119,31,c(-100.508828, 37.329303),"2017","287-216",-100.508828,37.329303,272.947876,"263-328"
"910","Meade",-227.2,"Plains",2018-01-05,371938100302901,119,31,c(-100.508828, 37.329303),"2018","287-216",-100.508828,37.329303,272.947876,"263-328"
"911","Meade",-227.68,"Plains",2019-01-05,371938100302901,119,31,c(-100.508828, 37.329303),"2019","287-216",-100.508828,37.329303,272.947876,"263-328"
"912","Meade",-228.04,"Plains",2020-01-05,371938100302901,119,31,c(-100.508828, 37.329303),"2020","287-216",-100.508828,37.329303,272.947876,"263-328"
"913","Meade",-230.79,"Plains",2021-01-07,371938100302901,119,31,c(-100.508828, 37.329303),"2021","287-216",-100.508828,37.329303,272.947876,"263-328"
"914","Meade",-232.9,"Plains",2022-01-06,371938100302901,119,31,c(-100.508828, 37.329303),"2022","287-216",-100.508828,37.329303,272.947876,"263-328"
"915","Meade",-238.08,"Plains",2023-01-06,371938100302901,119,31,c(-100.508828, 37.329303),"2023","287-216",-100.508828,37.329303,272.947876,"263-328"
"916","Meade",-238.8,"Plains",2024-01-05,371938100302901,119,31,c(-100.508828, 37.329303),"2024","287-216",-100.508828,37.329303,272.947876,"263-328"
"917","Meade",-155.64,"Meade",2000-01-08,372200100214002,119,31,c(-100.362824, 37.368524),"2000","215-144",-100.362824,37.368524,276.8536377,"263-328"
"918","Meade",-158.09,"Meade",2001-01-06,372200100214002,119,31,c(-100.362824, 37.368524),"2001","215-144",-100.362824,37.368524,276.8536377,"263-328"
"919","Meade",-160.99,"Meade",2002-01-07,372200100214002,119,31,c(-100.362824, 37.368524),"2002","215-144",-100.362824,37.368524,276.8536377,"263-328"
"920","Meade",-164.46,"Meade",2003-01-10,372200100214002,119,31,c(-100.362824, 37.368524),"2003","215-144",-100.362824,37.368524,276.8536377,"263-328"
"921","Meade",-166.06,"Meade",2004-01-06,372200100214002,119,31,c(-100.362824, 37.368524),"2004","215-144",-100.362824,37.368524,276.8536377,"263-328"
"922","Meade",-166.11,"Meade",2004-01-06,372200100214002,119,31,c(-100.362824, 37.368524),"2004","215-144",-100.362824,37.368524,276.8536377,"263-328"
"923","Meade",-166.19,"Meade",2005-01-12,372200100214002,119,31,c(-100.362824, 37.368524),"2005","215-144",-100.362824,37.368524,276.8536377,"263-328"
"924","Meade",-165.55,"Meade",2006-01-08,372200100214002,119,31,c(-100.362824, 37.368524),"2006","215-144",-100.362824,37.368524,276.8536377,"263-328"
"925","Meade",-171.16,"Meade",2007-01-23,372200100214002,119,31,c(-100.362824, 37.368524),"2007","215-144",-100.362824,37.368524,276.8536377,"263-328"
"926","Meade",-174.5,"Meade",2008-01-08,372200100214002,119,31,c(-100.362824, 37.368524),"2008","215-144",-100.362824,37.368524,276.8536377,"263-328"
"927","Meade",-176.84,"Meade",2009-01-08,372200100214002,119,31,c(-100.362824, 37.368524),"2009","215-144",-100.362824,37.368524,276.8536377,"263-328"
"928","Meade",-179.69,"Meade",2010-01-05,372200100214002,119,31,c(-100.362824, 37.368524),"2010","215-144",-100.362824,37.368524,276.8536377,"263-328"
"929","Meade",-182.29,"Meade",2011-01-07,372200100214002,119,31,c(-100.362824, 37.368524),"2011","215-144",-100.362824,37.368524,276.8536377,"263-328"
"930","Meade",-186.85,"Meade",2012-01-06,372200100214002,119,31,c(-100.362824, 37.368524),"2012","215-144",-100.362824,37.368524,276.8536377,"263-328"
"931","Meade",-192.7,"Meade",2013-01-06,372200100214002,119,31,c(-100.362824, 37.368524),"2013","215-144",-100.362824,37.368524,276.8536377,"263-328"
"932","Meade",-192.89,"Meade",2014-01-05,372200100214002,119,31,c(-100.362824, 37.368524),"2014","215-144",-100.362824,37.368524,276.8536377,"263-328"
"933","Meade",-195.43,"Meade",2015-01-05,372200100214002,119,31,c(-100.362824, 37.368524),"2015","215-144",-100.362824,37.368524,276.8536377,"263-328"
"934","Meade",-196.48,"Meade",2016-01-05,372200100214002,119,31,c(-100.362824, 37.368524),"2016","215-144",-100.362824,37.368524,276.8536377,"263-328"
"935","Meade",-198.9,"Meade",2017-01-06,372200100214002,119,31,c(-100.362824, 37.368524),"2017","215-144",-100.362824,37.368524,276.8536377,"263-328"
"936","Meade",-200.97,"Meade",2018-01-05,372200100214002,119,31,c(-100.362824, 37.368524),"2018","215-144",-100.362824,37.368524,276.8536377,"263-328"
"937","Meade",-201.42,"Meade",2019-01-05,372200100214002,119,31,c(-100.362824, 37.368524),"2019","215-144",-100.362824,37.368524,276.8536377,"263-328"
"938","Meade",-206.76,"Meade",2020-01-05,372200100214002,119,31,c(-100.362824, 37.368524),"2020","215-144",-100.362824,37.368524,276.8536377,"263-328"
"939","Meade",-203.4,"Meade",2021-01-07,372200100214002,119,31,c(-100.362824, 37.368524),"2021","215-144",-100.362824,37.368524,276.8536377,"263-328"
"940","Meade",-202.49,"Meade",2021-02-02,372200100214002,119,31,c(-100.362824, 37.368524),"2021","215-144",-100.362824,37.368524,276.8536377,"263-328"
"941","Meade",-203.05,"Meade",2022-01-06,372200100214002,119,31,c(-100.362824, 37.368524),"2022","215-144",-100.362824,37.368524,276.8536377,"263-328"
"942","Meade",-206.1,"Meade",2023-01-06,372200100214002,119,31,c(-100.362824, 37.368524),"2023","215-144",-100.362824,37.368524,276.8536377,"263-328"
"943","Meade",-207.2,"Meade",2024-01-05,372200100214002,119,31,c(-100.362824, 37.368524),"2024","215-144",-100.362824,37.368524,276.8536377,"263-328"
"944","Meade",-181.69,"Lake Meade",2010-01-05,372422100274201,119,32,c(-100.461767, 37.242214),"2010","215-144",-100.461767,37.242214,243.4763947,"198-262"
"945","Meade",-183.39,"Lake Meade",2011-01-07,372422100274201,119,32,c(-100.461767, 37.242214),"2011","215-144",-100.461767,37.242214,243.4763947,"198-262"
"946","Meade",-185.77,"Lake Meade",2012-01-06,372422100274201,119,32,c(-100.461767, 37.242214),"2012","215-144",-100.461767,37.242214,243.4763947,"198-262"
"947","Meade",-187.65,"Lake Meade",2013-01-06,372422100274201,119,32,c(-100.461767, 37.242214),"2013","215-144",-100.461767,37.242214,243.4763947,"198-262"
"948","Meade",-189.65,"Lake Meade",2014-01-05,372422100274201,119,32,c(-100.461767, 37.242214),"2014","215-144",-100.461767,37.242214,243.4763947,"198-262"
"949","Meade",-191.62,"Lake Meade",2015-01-06,372422100274201,119,32,c(-100.461767, 37.242214),"2015","215-144",-100.461767,37.242214,243.4763947,"198-262"
"950","Meade",-192.71,"Lake Meade",2016-01-05,372422100274201,119,32,c(-100.461767, 37.242214),"2016","215-144",-100.461767,37.242214,243.4763947,"198-262"
"951","Meade",-193.09,"Lake Meade",2017-01-06,372422100274201,119,32,c(-100.461767, 37.242214),"2017","215-144",-100.461767,37.242214,243.4763947,"198-262"
"952","Meade",-194.8,"Lake Meade",2018-01-05,372422100274201,119,32,c(-100.461767, 37.242214),"2018","215-144",-100.461767,37.242214,243.4763947,"198-262"
"953","Meade",-197.1,"Lake Meade",2019-01-05,372422100274201,119,32,c(-100.461767, 37.242214),"2019","215-144",-100.461767,37.242214,243.4763947,"198-262"
"954","Meade",-199.2,"Lake Meade",2020-01-05,372422100274201,119,32,c(-100.461767, 37.242214),"2020","215-144",-100.461767,37.242214,243.4763947,"198-262"
"955","Meade",-199.81,"Lake Meade",2021-01-07,372422100274201,119,32,c(-100.461767, 37.242214),"2021","215-144",-100.461767,37.242214,243.4763947,"198-262"
"956","Meade",-205.79,"Lake Meade",2022-01-06,372422100274201,119,32,c(-100.461767, 37.242214),"2022","215-144",-100.461767,37.242214,243.4763947,"198-262"
"957","Meade",-205.79,"Lake Meade",2022-01-06,372422100274201,119,32,c(-100.461767, 37.242214),"2022","215-144",-100.461767,37.242214,243.4763947,"198-262"
"958","Meade",-208.4,"Lake Meade",2023-01-06,372422100274201,119,32,c(-100.461767, 37.242214),"2023","215-144",-100.461767,37.242214,243.4763947,"198-262"
"959","Meade",-209.3,"Lake Meade",2024-01-05,372422100274201,119,32,c(-100.461767, 37.242214),"2024","215-144",-100.461767,37.242214,243.4763947,"198-262"
"960","Meade",-191.48,"Kismet SE",1975-01-23,370423100344401,119,34,c(-100.579231, 37.072145),"1975","215-144",-100.579231,37.072145,454.3203735,"393-459"
"961","Meade",-194.26,"Kismet SE",1976-01-12,370423100344401,119,34,c(-100.579231, 37.072145),"1976","215-144",-100.579231,37.072145,454.3203735,"393-459"
"962","Meade",-192.53,"Kismet SE",1977-01-07,370423100344401,119,34,c(-100.579231, 37.072145),"1977","215-144",-100.579231,37.072145,454.3203735,"393-459"
"963","Meade",-193.24,"Kismet SE",1978-01-19,370423100344401,119,34,c(-100.579231, 37.072145),"1978","215-144",-100.579231,37.072145,454.3203735,"393-459"
"964","Meade",-193.42,"Kismet SE",1979-02-02,370423100344401,119,34,c(-100.579231, 37.072145),"1979","215-144",-100.579231,37.072145,454.3203735,"393-459"
"965","Meade",-194.22,"Kismet SE",1980-01-16,370423100344401,119,34,c(-100.579231, 37.072145),"1980","215-144",-100.579231,37.072145,454.3203735,"393-459"
"966","Meade",-194.53,"Kismet SE",1981-01-13,370423100344401,119,34,c(-100.579231, 37.072145),"1981","215-144",-100.579231,37.072145,454.3203735,"393-459"
"967","Meade",-195.01,"Kismet SE",1982-01-15,370423100344401,119,34,c(-100.579231, 37.072145),"1982","215-144",-100.579231,37.072145,454.3203735,"393-459"
"968","Meade",-196.4,"Kismet SE",1983-01-06,370423100344401,119,34,c(-100.579231, 37.072145),"1983","215-144",-100.579231,37.072145,454.3203735,"393-459"
"969","Meade",-196.19,"Kismet SE",1984-01-12,370423100344401,119,34,c(-100.579231, 37.072145),"1984","215-144",-100.579231,37.072145,454.3203735,"393-459"
"970","Meade",-197.11,"Kismet SE",1985-01-16,370423100344401,119,34,c(-100.579231, 37.072145),"1985","215-144",-100.579231,37.072145,454.3203735,"393-459"
"971","Meade",-197.72,"Kismet SE",1986-01-08,370423100344401,119,34,c(-100.579231, 37.072145),"1986","215-144",-100.579231,37.072145,454.3203735,"393-459"
"972","Meade",-198.25,"Kismet SE",1987-01-06,370423100344401,119,34,c(-100.579231, 37.072145),"1987","215-144",-100.579231,37.072145,454.3203735,"393-459"
"973","Meade",-198.45,"Kismet SE",1988-01-05,370423100344401,119,34,c(-100.579231, 37.072145),"1988","215-144",-100.579231,37.072145,454.3203735,"393-459"
"974","Meade",-199.67,"Kismet SE",1989-01-10,370423100344401,119,34,c(-100.579231, 37.072145),"1989","215-144",-100.579231,37.072145,454.3203735,"393-459"
"975","Meade",-200.56,"Kismet SE",1990-01-11,370423100344401,119,34,c(-100.579231, 37.072145),"1990","215-144",-100.579231,37.072145,454.3203735,"393-459"
"976","Meade",-189.9,"Kismet SE",1991-01-10,370423100344401,119,34,c(-100.579231, 37.072145),"1991","215-144",-100.579231,37.072145,454.3203735,"393-459"
"977","Meade",-201.98,"Kismet SE",1992-01-15,370423100344401,119,34,c(-100.579231, 37.072145),"1992","215-144",-100.579231,37.072145,454.3203735,"393-459"
"978","Meade",-202.36,"Kismet SE",1993-02-03,370423100344401,119,34,c(-100.579231, 37.072145),"1993","215-144",-100.579231,37.072145,454.3203735,"393-459"
"979","Meade",-202.95,"Kismet SE",1994-01-10,370423100344401,119,34,c(-100.579231, 37.072145),"1994","215-144",-100.579231,37.072145,454.3203735,"393-459"
"980","Meade",-203.55,"Kismet SE",1995-01-17,370423100344401,119,34,c(-100.579231, 37.072145),"1995","215-144",-100.579231,37.072145,454.3203735,"393-459"
"981","Meade",-204.69,"Kismet SE",1996-01-24,370423100344401,119,34,c(-100.579231, 37.072145),"1996","215-144",-100.579231,37.072145,454.3203735,"393-459"
"982","Meade",-204.95,"Kismet SE",1996-03-19,370423100344401,119,34,c(-100.579231, 37.072145),"1996","215-144",-100.579231,37.072145,454.3203735,"393-459"
"983","Meade",-208.95,"Kismet SE",1996-09-13,370423100344401,119,34,c(-100.579231, 37.072145),"1996","215-144",-100.579231,37.072145,454.3203735,"393-459"
"984","Meade",-205.76,"Kismet SE",1997-01-07,370423100344401,119,34,c(-100.579231, 37.072145),"1997","215-144",-100.579231,37.072145,454.3203735,"393-459"
"985","Meade",-206.53,"Kismet SE",1998-01-06,370423100344401,119,34,c(-100.579231, 37.072145),"1998","215-144",-100.579231,37.072145,454.3203735,"393-459"
"986","Meade",-207.82,"Kismet SE",1999-01-06,370423100344401,119,34,c(-100.579231, 37.072145),"1999","215-144",-100.579231,37.072145,454.3203735,"393-459"
"987","Meade",-209.5,"Kismet SE",2000-01-07,370423100344401,119,34,c(-100.579231, 37.072145),"2000","215-144",-100.579231,37.072145,454.3203735,"393-459"
"988","Meade",-209.52,"Kismet SE",2001-01-06,370423100344401,119,34,c(-100.579231, 37.072145),"2001","215-144",-100.579231,37.072145,454.3203735,"393-459"
"989","Meade",-211.08,"Kismet SE",2002-01-07,370423100344401,119,34,c(-100.579231, 37.072145),"2002","215-144",-100.579231,37.072145,454.3203735,"393-459"
"990","Meade",-212.21,"Kismet SE",2003-01-10,370423100344401,119,34,c(-100.579231, 37.072145),"2003","215-144",-100.579231,37.072145,454.3203735,"393-459"
"991","Meade",-212.1,"Kismet SE",2003-01-10,370423100344401,119,34,c(-100.579231, 37.072145),"2003","215-144",-100.579231,37.072145,454.3203735,"393-459"
"992","Meade",-212.84,"Kismet SE",2004-01-05,370423100344401,119,34,c(-100.579231, 37.072145),"2004","215-144",-100.579231,37.072145,454.3203735,"393-459"
"993","Meade",-212.68,"Kismet SE",2005-01-11,370423100344401,119,34,c(-100.579231, 37.072145),"2005","215-144",-100.579231,37.072145,454.3203735,"393-459"
"994","Meade",-213.68,"Kismet SE",2006-01-08,370423100344401,119,34,c(-100.579231, 37.072145),"2006","215-144",-100.579231,37.072145,454.3203735,"393-459"
"995","Meade",-214.86,"Kismet SE",2007-01-23,370423100344401,119,34,c(-100.579231, 37.072145),"2007","215-144",-100.579231,37.072145,454.3203735,"393-459"
"996","Meade",-216.1,"Kismet SE",2008-01-08,370423100344401,119,34,c(-100.579231, 37.072145),"2008","287-216",-100.579231,37.072145,454.3203735,"393-459"
"997","Meade",-216.88,"Kismet SE",2009-01-08,370423100344401,119,34,c(-100.579231, 37.072145),"2009","287-216",-100.579231,37.072145,454.3203735,"393-459"
"998","Meade",-218.13,"Kismet SE",2010-01-05,370423100344401,119,34,c(-100.579231, 37.072145),"2010","287-216",-100.579231,37.072145,454.3203735,"393-459"
"999","Meade",-219.27,"Kismet SE",2011-01-07,370423100344401,119,34,c(-100.579231, 37.072145),"2011","287-216",-100.579231,37.072145,454.3203735,"393-459"
"1000","Meade",-220.66,"Kismet SE",2012-01-06,370423100344401,119,34,c(-100.579231, 37.072145),"2012","287-216",-100.579231,37.072145,454.3203735,"393-459"
"1001","Meade",-222.74,"Kismet SE",2013-01-06,370423100344401,119,34,c(-100.579231, 37.072145),"2013","287-216",-100.579231,37.072145,454.3203735,"393-459"
"1002","Meade",-223.99,"Kismet SE",2014-01-05,370423100344401,119,34,c(-100.579231, 37.072145),"2014","287-216",-100.579231,37.072145,454.3203735,"393-459"
"1003","Meade",-225.92,"Kismet SE",2015-01-05,370423100344401,119,34,c(-100.579231, 37.072145),"2015","287-216",-100.579231,37.072145,454.3203735,"393-459"
"1004","Meade",-227.19,"Kismet SE",2016-01-05,370423100344401,119,34,c(-100.579231, 37.072145),"2016","287-216",-100.579231,37.072145,454.3203735,"393-459"
"1005","Meade",-228.14,"Kismet SE",2017-01-06,370423100344401,119,34,c(-100.579231, 37.072145),"2017","287-216",-100.579231,37.072145,454.3203735,"393-459"
"1006","Meade",-229.58,"Kismet SE",2018-01-05,370423100344401,119,34,c(-100.579231, 37.072145),"2018","287-216",-100.579231,37.072145,454.3203735,"393-459"
"1007","Meade",-231.81,"Kismet SE",2019-01-05,370423100344401,119,34,c(-100.579231, 37.072145),"2019","287-216",-100.579231,37.072145,454.3203735,"393-459"
"1008","Meade",-234.35,"Kismet SE",2020-01-05,370423100344401,119,34,c(-100.579231, 37.072145),"2020","287-216",-100.579231,37.072145,454.3203735,"393-459"
"1009","Meade",-234.35,"Kismet SE",2021-01-07,370423100344401,119,34,c(-100.579231, 37.072145),"2021","287-216",-100.579231,37.072145,454.3203735,"393-459"
"1010","Meade",-235.65,"Kismet SE",2022-01-06,370423100344401,119,34,c(-100.579231, 37.072145),"2022","287-216",-100.579231,37.072145,454.3203735,"393-459"
"1011","Meade",-237.05,"Kismet SE",2023-01-06,370423100344401,119,34,c(-100.579231, 37.072145),"2023","287-216",-100.579231,37.072145,454.3203735,"393-459"
"1012","Meade",-238,"Kismet SE",2024-01-05,370423100344401,119,34,c(-100.579231, 37.072145),"2024","287-216",-100.579231,37.072145,454.3203735,"393-459"
"1013","Meade",-158,NA,1959-07-01,370754100333501,119,33,c(-100.561038, 37.132684),"1959","215-144",-100.561038,37.132684,342.7835693,"328-393"
"1014","Meade",-158.27,NA,1959-07-13,370754100333501,119,33,c(-100.561038, 37.132684),"1959","215-144",-100.561038,37.132684,342.7835693,"328-393"
"1015","Meade",-158.41,NA,1961-01-04,370754100333501,119,33,c(-100.561038, 37.132684),"1961","215-144",-100.561038,37.132684,342.7835693,"328-393"
"1016","Meade",-161.55,NA,1962-01-15,370754100333501,119,33,c(-100.561038, 37.132684),"1962","215-144",-100.561038,37.132684,342.7835693,"328-393"
"1017","Meade",-157.74,NA,1963-01-09,370754100333501,119,33,c(-100.561038, 37.132684),"1963","215-144",-100.561038,37.132684,342.7835693,"328-393"
"1018","Meade",-158.06,NA,1963-06-10,370754100333501,119,33,c(-100.561038, 37.132684),"1963","215-144",-100.561038,37.132684,342.7835693,"328-393"
"1019","Meade",-157.82,NA,1963-12-10,370754100333501,119,33,c(-100.561038, 37.132684),"1963","215-144",-100.561038,37.132684,342.7835693,"328-393"
"1020","Meade",-157.65,NA,1964-03-04,370754100333501,119,33,c(-100.561038, 37.132684),"1964","215-144",-100.561038,37.132684,342.7835693,"328-393"
"1021","Meade",-157.18,NA,1964-06-08,370754100333501,119,33,c(-100.561038, 37.132684),"1964","215-144",-100.561038,37.132684,342.7835693,"328-393"
"1022","Meade",-157.48,NA,1965-01-28,370754100333501,119,33,c(-100.561038, 37.132684),"1965","215-144",-100.561038,37.132684,342.7835693,"328-393"
"1023","Meade",-157.49,NA,1965-03-03,370754100333501,119,33,c(-100.561038, 37.132684),"1965","215-144",-100.561038,37.132684,342.7835693,"328-393"
"1024","Meade",-157.4,NA,1965-06-14,370754100333501,119,33,c(-100.561038, 37.132684),"1965","215-144",-100.561038,37.132684,342.7835693,"328-393"
"1025","Meade",-162.9,NA,1965-09-22,370754100333501,119,33,c(-100.561038, 37.132684),"1965","215-144",-100.561038,37.132684,342.7835693,"328-393"
"1026","Meade",-157.5,NA,1965-12-21,370754100333501,119,33,c(-100.561038, 37.132684),"1965","215-144",-100.561038,37.132684,342.7835693,"328-393"
"1027","Meade",-157.84,NA,1966-01-17,370754100333501,119,33,c(-100.561038, 37.132684),"1966","215-144",-100.561038,37.132684,342.7835693,"328-393"
"1028","Meade",-157.49,NA,1966-03-16,370754100333501,119,33,c(-100.561038, 37.132684),"1966","215-144",-100.561038,37.132684,342.7835693,"328-393"
"1029","Meade",-161.21,NA,1966-09-13,370754100333501,119,33,c(-100.561038, 37.132684),"1966","215-144",-100.561038,37.132684,342.7835693,"328-393"
"1030","Meade",-157.67,NA,1966-12-12,370754100333501,119,33,c(-100.561038, 37.132684),"1966","215-144",-100.561038,37.132684,342.7835693,"328-393"
"1031","Meade",-157.4,NA,1967-01-23,370754100333501,119,33,c(-100.561038, 37.132684),"1967","215-144",-100.561038,37.132684,342.7835693,"328-393"
"1032","Meade",-157.81,NA,1967-03-14,370754100333501,119,33,c(-100.561038, 37.132684),"1967","215-144",-100.561038,37.132684,342.7835693,"328-393"
"1033","Meade",-157.92,NA,1967-09-06,370754100333501,119,33,c(-100.561038, 37.132684),"1967","215-144",-100.561038,37.132684,342.7835693,"328-393"
"1034","Meade",-158.21,NA,1967-12-12,370754100333501,119,33,c(-100.561038, 37.132684),"1967","215-144",-100.561038,37.132684,342.7835693,"328-393"
"1035","Meade",-158,NA,1968-01-15,370754100333501,119,33,c(-100.561038, 37.132684),"1968","215-144",-100.561038,37.132684,342.7835693,"328-393"
"1036","Meade",-165.48,NA,1968-06-04,370754100333501,119,33,c(-100.561038, 37.132684),"1968","215-144",-100.561038,37.132684,342.7835693,"328-393"
"1037","Meade",-158.34,NA,1970-01-22,370754100333501,119,33,c(-100.561038, 37.132684),"1970","215-144",-100.561038,37.132684,342.7835693,"328-393"
"1038","Meade",-164.35,NA,1970-06-08,370754100333501,119,33,c(-100.561038, 37.132684),"1970","215-144",-100.561038,37.132684,342.7835693,"328-393"
"1039","Meade",-158.93,NA,1970-09-08,370754100333501,119,33,c(-100.561038, 37.132684),"1970","215-144",-100.561038,37.132684,342.7835693,"328-393"
"1040","Meade",-159.1,NA,1971-01-21,370754100333501,119,33,c(-100.561038, 37.132684),"1971","215-144",-100.561038,37.132684,342.7835693,"328-393"
"1041","Meade",-158.88,NA,1971-03-08,370754100333501,119,33,c(-100.561038, 37.132684),"1971","215-144",-100.561038,37.132684,342.7835693,"328-393"
"1042","Meade",-159.41,NA,1971-09-15,370754100333501,119,33,c(-100.561038, 37.132684),"1971","215-144",-100.561038,37.132684,342.7835693,"328-393"
"1043","Meade",-159,NA,1972-01-19,370754100333501,119,33,c(-100.561038, 37.132684),"1972","215-144",-100.561038,37.132684,342.7835693,"328-393"
"1044","Meade",-159.59,NA,1972-03-13,370754100333501,119,33,c(-100.561038, 37.132684),"1972","215-144",-100.561038,37.132684,342.7835693,"328-393"
"1045","Meade",-160,NA,1972-12-06,370754100333501,119,33,c(-100.561038, 37.132684),"1972","215-144",-100.561038,37.132684,342.7835693,"328-393"
"1046","Meade",-159.84,NA,1973-03-06,370754100333501,119,33,c(-100.561038, 37.132684),"1973","215-144",-100.561038,37.132684,342.7835693,"328-393"
"1047","Meade",-159.83,NA,1973-06-20,370754100333501,119,33,c(-100.561038, 37.132684),"1973","215-144",-100.561038,37.132684,342.7835693,"328-393"
"1048","Meade",-159.32,NA,1973-09-07,370754100333501,119,33,c(-100.561038, 37.132684),"1973","215-144",-100.561038,37.132684,342.7835693,"328-393"
"1049","Meade",-159.24,NA,1973-12-21,370754100333501,119,33,c(-100.561038, 37.132684),"1973","215-144",-100.561038,37.132684,342.7835693,"328-393"
"1050","Meade",-159.3,NA,1974-03-19,370754100333501,119,33,c(-100.561038, 37.132684),"1974","215-144",-100.561038,37.132684,342.7835693,"328-393"
"1051","Meade",-162.44,NA,1974-06-04,370754100333501,119,33,c(-100.561038, 37.132684),"1974","215-144",-100.561038,37.132684,342.7835693,"328-393"
"1052","Meade",-159.73,NA,1974-09-04,370754100333501,119,33,c(-100.561038, 37.132684),"1974","215-144",-100.561038,37.132684,342.7835693,"328-393"
"1053","Meade",-159.63,NA,1974-12-16,370754100333501,119,33,c(-100.561038, 37.132684),"1974","215-144",-100.561038,37.132684,342.7835693,"328-393"
"1054","Meade",-159.94,NA,1975-01-23,370754100333501,119,33,c(-100.561038, 37.132684),"1975","215-144",-100.561038,37.132684,342.7835693,"328-393"
"1055","Meade",-160.56,NA,1975-03-05,370754100333501,119,33,c(-100.561038, 37.132684),"1975","215-144",-100.561038,37.132684,342.7835693,"328-393"
"1056","Meade",-159.72,NA,1975-06-11,370754100333501,119,33,c(-100.561038, 37.132684),"1975","215-144",-100.561038,37.132684,342.7835693,"328-393"
"1057","Meade",-159.89,NA,1975-09-03,370754100333501,119,33,c(-100.561038, 37.132684),"1975","215-144",-100.561038,37.132684,342.7835693,"328-393"
"1058","Meade",-160.33,NA,1976-03-03,370754100333501,119,33,c(-100.561038, 37.132684),"1976","215-144",-100.561038,37.132684,342.7835693,"328-393"
"1059","Meade",-160,NA,1976-06-22,370754100333501,119,33,c(-100.561038, 37.132684),"1976","215-144",-100.561038,37.132684,342.7835693,"328-393"
"1060","Meade",-161.04,NA,1977-02-16,370754100333501,119,33,c(-100.561038, 37.132684),"1977","215-144",-100.561038,37.132684,342.7835693,"328-393"
"1061","Meade",-163.56,NA,1977-09-15,370754100333501,119,33,c(-100.561038, 37.132684),"1977","215-144",-100.561038,37.132684,342.7835693,"328-393"
"1062","Meade",-162.64,NA,1978-01-19,370754100333501,119,33,c(-100.561038, 37.132684),"1978","215-144",-100.561038,37.132684,342.7835693,"328-393"
"1063","Meade",-162.54,NA,1978-03-07,370754100333501,119,33,c(-100.561038, 37.132684),"1978","215-144",-100.561038,37.132684,342.7835693,"328-393"
"1064","Meade",-163.14,NA,1978-09-06,370754100333501,119,33,c(-100.561038, 37.132684),"1978","215-144",-100.561038,37.132684,342.7835693,"328-393"
"1065","Meade",-163.14,NA,1978-09-09,370754100333501,119,33,c(-100.561038, 37.132684),"1978","215-144",-100.561038,37.132684,342.7835693,"328-393"
"1066","Meade",-164.88,NA,1979-02-02,370754100333501,119,33,c(-100.561038, 37.132684),"1979","215-144",-100.561038,37.132684,342.7835693,"328-393"
"1067","Meade",-165.89,NA,1979-06-14,370754100333501,119,33,c(-100.561038, 37.132684),"1979","215-144",-100.561038,37.132684,342.7835693,"328-393"
"1068","Meade",-163.52,NA,1980-01-16,370754100333501,119,33,c(-100.561038, 37.132684),"1980","215-144",-100.561038,37.132684,342.7835693,"328-393"
"1069","Meade",-164.04,NA,1980-05-06,370754100333501,119,33,c(-100.561038, 37.132684),"1980","215-144",-100.561038,37.132684,342.7835693,"328-393"
"1070","Meade",-164.37,NA,1981-01-14,370754100333501,119,33,c(-100.561038, 37.132684),"1981","215-144",-100.561038,37.132684,342.7835693,"328-393"
"1071","Meade",-168.16,NA,1981-04-28,370754100333501,119,33,c(-100.561038, 37.132684),"1981","215-144",-100.561038,37.132684,342.7835693,"328-393"
"1072","Meade",-175.12,NA,1983-01-06,370754100333501,119,33,c(-100.561038, 37.132684),"1983","215-144",-100.561038,37.132684,342.7835693,"328-393"
"1073","Meade",-173.11,NA,1983-04-28,370754100333501,119,33,c(-100.561038, 37.132684),"1983","215-144",-100.561038,37.132684,342.7835693,"328-393"
"1074","Meade",-175.88,NA,1984-04-12,370754100333501,119,33,c(-100.561038, 37.132684),"1984","215-144",-100.561038,37.132684,342.7835693,"328-393"
"1075","Meade",-171.09,NA,1985-01-16,370754100333501,119,33,c(-100.561038, 37.132684),"1985","215-144",-100.561038,37.132684,342.7835693,"328-393"
"1076","Meade",-179.22,NA,1986-01-08,370754100333501,119,33,c(-100.561038, 37.132684),"1986","215-144",-100.561038,37.132684,342.7835693,"328-393"
"1077","Meade",-180.28,NA,1987-01-06,370754100333501,119,33,c(-100.561038, 37.132684),"1987","215-144",-100.561038,37.132684,342.7835693,"328-393"
"1078","Meade",-167.37,NA,1988-01-05,370754100333501,119,33,c(-100.561038, 37.132684),"1988","215-144",-100.561038,37.132684,342.7835693,"328-393"
"1079","Meade",-171.94,NA,1988-03-15,370754100333501,119,33,c(-100.561038, 37.132684),"1988","215-144",-100.561038,37.132684,342.7835693,"328-393"
"1080","Meade",-172.17,NA,1988-06-16,370754100333501,119,33,c(-100.561038, 37.132684),"1988","215-144",-100.561038,37.132684,342.7835693,"328-393"
"1081","Meade",-190.6,NA,1989-06-16,370754100333501,119,33,c(-100.561038, 37.132684),"1989","215-144",-100.561038,37.132684,342.7835693,"328-393"
"1082","Meade",-88.7,"Lake Meade",1965-01-01,370819100250601,119,33,c(-100.420206, 37.139455),"1965","143-72",-100.420206,37.139455,156.0869141,"132-197"
"1083","Meade",-81.86,"Lake Meade",1965-01-28,370819100250601,119,33,c(-100.420206, 37.139455),"1965","143-72",-100.420206,37.139455,156.0869141,"132-197"
"1084","Meade",-81.35,"Lake Meade",1966-01-17,370819100250601,119,33,c(-100.420206, 37.139455),"1966","143-72",-100.420206,37.139455,156.0869141,"132-197"
"1085","Meade",-82.8,"Lake Meade",1967-01-23,370819100250601,119,33,c(-100.420206, 37.139455),"1967","143-72",-100.420206,37.139455,156.0869141,"132-197"
"1086","Meade",-84.6,"Lake Meade",1968-01-15,370819100250601,119,33,c(-100.420206, 37.139455),"1968","143-72",-100.420206,37.139455,156.0869141,"132-197"
"1087","Meade",-85.78,"Lake Meade",1969-01-22,370819100250601,119,33,c(-100.420206, 37.139455),"1969","143-72",-100.420206,37.139455,156.0869141,"132-197"
"1088","Meade",-81.2,"Lake Meade",1970-01-22,370819100250601,119,33,c(-100.420206, 37.139455),"1970","143-72",-100.420206,37.139455,156.0869141,"132-197"
"1089","Meade",-82.85,"Lake Meade",1971-01-21,370819100250601,119,33,c(-100.420206, 37.139455),"1971","143-72",-100.420206,37.139455,156.0869141,"132-197"
"1090","Meade",-82.15,"Lake Meade",1972-01-19,370819100250601,119,33,c(-100.420206, 37.139455),"1972","143-72",-100.420206,37.139455,156.0869141,"132-197"
"1091","Meade",-82.61,"Lake Meade",1973-01-22,370819100250601,119,33,c(-100.420206, 37.139455),"1973","143-72",-100.420206,37.139455,156.0869141,"132-197"
"1092","Meade",-81.37,"Lake Meade",1974-01-15,370819100250601,119,33,c(-100.420206, 37.139455),"1974","143-72",-100.420206,37.139455,156.0869141,"132-197"
"1093","Meade",-82.88,"Lake Meade",1975-01-23,370819100250601,119,33,c(-100.420206, 37.139455),"1975","143-72",-100.420206,37.139455,156.0869141,"132-197"
"1094","Meade",-84.88,"Lake Meade",1976-01-12,370819100250601,119,33,c(-100.420206, 37.139455),"1976","143-72",-100.420206,37.139455,156.0869141,"132-197"
"1095","Meade",-85.6,"Lake Meade",1977-01-12,370819100250601,119,33,c(-100.420206, 37.139455),"1977","143-72",-100.420206,37.139455,156.0869141,"132-197"
"1096","Meade",-85.07,"Lake Meade",1978-01-19,370819100250601,119,33,c(-100.420206, 37.139455),"1978","143-72",-100.420206,37.139455,156.0869141,"132-197"
"1097","Meade",-85.64,"Lake Meade",1980-01-17,370819100250601,119,33,c(-100.420206, 37.139455),"1980","143-72",-100.420206,37.139455,156.0869141,"132-197"
"1098","Meade",-86.45,"Lake Meade",1981-01-13,370819100250601,119,33,c(-100.420206, 37.139455),"1981","143-72",-100.420206,37.139455,156.0869141,"132-197"
"1099","Meade",-90.74,"Lake Meade",1982-01-15,370819100250601,119,33,c(-100.420206, 37.139455),"1982","143-72",-100.420206,37.139455,156.0869141,"132-197"
"1100","Meade",-86.75,"Lake Meade",1983-01-06,370819100250601,119,33,c(-100.420206, 37.139455),"1983","143-72",-100.420206,37.139455,156.0869141,"132-197"
"1101","Meade",-86.49,"Lake Meade",1984-01-12,370819100250601,119,33,c(-100.420206, 37.139455),"1984","143-72",-100.420206,37.139455,156.0869141,"132-197"
"1102","Meade",-86.01,"Lake Meade",1985-01-16,370819100250601,119,33,c(-100.420206, 37.139455),"1985","143-72",-100.420206,37.139455,156.0869141,"132-197"
"1103","Meade",-87.14,"Lake Meade",1986-01-08,370819100250601,119,33,c(-100.420206, 37.139455),"1986","143-72",-100.420206,37.139455,156.0869141,"132-197"
"1104","Meade",-87.2,"Lake Meade",1987-01-06,370819100250601,119,33,c(-100.420206, 37.139455),"1987","143-72",-100.420206,37.139455,156.0869141,"132-197"
"1105","Meade",-90.88,"Lake Meade",1988-01-05,370819100250601,119,33,c(-100.420206, 37.139455),"1988","143-72",-100.420206,37.139455,156.0869141,"132-197"
"1106","Meade",-94.51,"Lake Meade",1989-01-10,370819100250601,119,33,c(-100.420206, 37.139455),"1989","143-72",-100.420206,37.139455,156.0869141,"132-197"
"1107","Meade",-88.64,"Lake Meade",1991-01-10,370819100250601,119,33,c(-100.420206, 37.139455),"1991","143-72",-100.420206,37.139455,156.0869141,"132-197"
"1108","Meade",-88.52,"Lake Meade",1992-01-15,370819100250601,119,33,c(-100.420206, 37.139455),"1992","143-72",-100.420206,37.139455,156.0869141,"132-197"
"1109","Meade",-86.99,"Lake Meade",1993-02-03,370819100250601,119,33,c(-100.420206, 37.139455),"1993","143-72",-100.420206,37.139455,156.0869141,"132-197"
"1110","Meade",-88.76,"Lake Meade",1994-01-10,370819100250601,119,33,c(-100.420206, 37.139455),"1994","143-72",-100.420206,37.139455,156.0869141,"132-197"
"1111","Meade",-88.78,"Lake Meade",1995-01-17,370819100250601,119,33,c(-100.420206, 37.139455),"1995","143-72",-100.420206,37.139455,156.0869141,"132-197"
"1112","Meade",-89.23,"Lake Meade",1996-01-24,370819100250601,119,33,c(-100.420206, 37.139455),"1996","143-72",-100.420206,37.139455,156.0869141,"132-197"
"1113","Meade",-89.07,"Lake Meade",1997-01-08,370819100250601,119,33,c(-100.420206, 37.139455),"1997","143-72",-100.420206,37.139455,156.0869141,"132-197"
"1114","Meade",-89.46,"Lake Meade",1998-01-07,370819100250601,119,33,c(-100.420206, 37.139455),"1998","143-72",-100.420206,37.139455,156.0869141,"132-197"
"1115","Meade",-89.63,"Lake Meade",1999-01-06,370819100250601,119,33,c(-100.420206, 37.139455),"1999","143-72",-100.420206,37.139455,156.0869141,"132-197"
"1116","Meade",-89.78,"Lake Meade",2000-01-07,370819100250601,119,33,c(-100.420206, 37.139455),"2000","143-72",-100.420206,37.139455,156.0869141,"132-197"
"1117","Meade",-91,"Lake Meade",2001-01-06,370819100250601,119,33,c(-100.420206, 37.139455),"2001","143-72",-100.420206,37.139455,156.0869141,"132-197"
"1118","Meade",-91.01,"Lake Meade",2001-01-07,370819100250601,119,33,c(-100.420206, 37.139455),"2001","143-72",-100.420206,37.139455,156.0869141,"132-197"
"1119","Meade",-92.49,"Lake Meade",2002-01-07,370819100250601,119,33,c(-100.420206, 37.139455),"2002","143-72",-100.420206,37.139455,156.0869141,"132-197"
"1120","Meade",-92.08,"Lake Meade",2003-01-10,370819100250601,119,33,c(-100.420206, 37.139455),"2003","143-72",-100.420206,37.139455,156.0869141,"132-197"
"1121","Meade",-91.65,"Lake Meade",2004-01-06,370819100250601,119,33,c(-100.420206, 37.139455),"2004","143-72",-100.420206,37.139455,156.0869141,"132-197"
"1122","Meade",-91.25,"Lake Meade",2005-01-11,370819100250601,119,33,c(-100.420206, 37.139455),"2005","143-72",-100.420206,37.139455,156.0869141,"132-197"
"1123","Meade",-91.16,"Lake Meade",2006-01-08,370819100250601,119,33,c(-100.420206, 37.139455),"2006","143-72",-100.420206,37.139455,156.0869141,"132-197"
"1124","Meade",-91.74,"Lake Meade",2007-01-23,370819100250601,119,33,c(-100.420206, 37.139455),"2007","143-72",-100.420206,37.139455,156.0869141,"132-197"
"1125","Meade",-92.95,"Lake Meade",2008-01-08,370819100250601,119,33,c(-100.420206, 37.139455),"2008","143-72",-100.420206,37.139455,156.0869141,"132-197"
"1126","Meade",-92.39,"Lake Meade",2009-01-08,370819100250601,119,33,c(-100.420206, 37.139455),"2009","143-72",-100.420206,37.139455,156.0869141,"132-197"
"1127","Meade",-92.62,"Lake Meade",2010-01-05,370819100250601,119,33,c(-100.420206, 37.139455),"2010","143-72",-100.420206,37.139455,156.0869141,"132-197"
"1128","Meade",-92.6,"Lake Meade",2010-01-05,370819100250601,119,33,c(-100.420206, 37.139455),"2010","143-72",-100.420206,37.139455,156.0869141,"132-197"
"1129","Meade",-93.54,"Lake Meade",2011-01-07,370819100250601,119,33,c(-100.420206, 37.139455),"2011","143-72",-100.420206,37.139455,156.0869141,"132-197"
"1130","Meade",-95.96,"Lake Meade",2012-01-06,370819100250601,119,33,c(-100.420206, 37.139455),"2012","143-72",-100.420206,37.139455,156.0869141,"132-197"
"1131","Meade",-96.54,"Lake Meade",2013-01-06,370819100250601,119,33,c(-100.420206, 37.139455),"2013","143-72",-100.420206,37.139455,156.0869141,"132-197"
"1132","Meade",-96.56,"Lake Meade",2014-01-05,370819100250601,119,33,c(-100.420206, 37.139455),"2014","143-72",-100.420206,37.139455,156.0869141,"132-197"
"1133","Meade",-98.02,"Lake Meade",2015-01-05,370819100250601,119,33,c(-100.420206, 37.139455),"2015","143-72",-100.420206,37.139455,156.0869141,"132-197"
"1134","Meade",-9.4,"Fowler",1939-07-17,372746100103701,119,30,c(-100.180021, 37.467837),"1939","71-0",-100.180021,37.467837,132.3891754,"132-197"
"1135","Meade",-13.09,"Fowler",1939-08-31,372746100103701,119,30,c(-100.180021, 37.467837),"1939","71-0",-100.180021,37.467837,132.3891754,"132-197"
"1136","Meade",-13.24,"Fowler",1939-09-29,372746100103701,119,30,c(-100.180021, 37.467837),"1939","71-0",-100.180021,37.467837,132.3891754,"132-197"
"1137","Meade",-11.89,"Fowler",1939-11-09,372746100103701,119,30,c(-100.180021, 37.467837),"1939","71-0",-100.180021,37.467837,132.3891754,"132-197"
"1138","Meade",-11.7,"Fowler",1939-12-13,372746100103701,119,30,c(-100.180021, 37.467837),"1939","71-0",-100.180021,37.467837,132.3891754,"132-197"
"1139","Meade",-11.62,"Fowler",1940-01-25,372746100103701,119,30,c(-100.180021, 37.467837),"1940","71-0",-100.180021,37.467837,132.3891754,"132-197"
"1140","Meade",-11.47,"Fowler",1940-02-14,372746100103701,119,30,c(-100.180021, 37.467837),"1940","71-0",-100.180021,37.467837,132.3891754,"132-197"
"1141","Meade",-11.46,"Fowler",1940-03-21,372746100103701,119,30,c(-100.180021, 37.467837),"1940","71-0",-100.180021,37.467837,132.3891754,"132-197"
"1142","Meade",-11.46,"Fowler",1940-04-20,372746100103701,119,30,c(-100.180021, 37.467837),"1940","71-0",-100.180021,37.467837,132.3891754,"132-197"
"1143","Meade",-11.53,"Fowler",1940-05-17,372746100103701,119,30,c(-100.180021, 37.467837),"1940","71-0",-100.180021,37.467837,132.3891754,"132-197"
"1144","Meade",-11.48,"Fowler",1940-06-20,372746100103701,119,30,c(-100.180021, 37.467837),"1940","71-0",-100.180021,37.467837,132.3891754,"132-197"
"1145","Meade",-12.38,"Fowler",1940-08-17,372746100103701,119,30,c(-100.180021, 37.467837),"1940","71-0",-100.180021,37.467837,132.3891754,"132-197"
"1146","Meade",-13.56,"Fowler",1940-09-20,372746100103701,119,30,c(-100.180021, 37.467837),"1940","71-0",-100.180021,37.467837,132.3891754,"132-197"
"1147","Meade",-11.99,"Fowler",1940-10-29,372746100103701,119,30,c(-100.180021, 37.467837),"1940","71-0",-100.180021,37.467837,132.3891754,"132-197"
"1148","Meade",-11.93,"Fowler",1940-11-19,372746100103701,119,30,c(-100.180021, 37.467837),"1940","71-0",-100.180021,37.467837,132.3891754,"132-197"
"1149","Meade",-11.81,"Fowler",1940-12-21,372746100103701,119,30,c(-100.180021, 37.467837),"1940","71-0",-100.180021,37.467837,132.3891754,"132-197"
"1150","Meade",-11.7,"Fowler",1941-01-21,372746100103701,119,30,c(-100.180021, 37.467837),"1941","71-0",-100.180021,37.467837,132.3891754,"132-197"
"1151","Meade",-11.68,"Fowler",1941-03-17,372746100103701,119,30,c(-100.180021, 37.467837),"1941","71-0",-100.180021,37.467837,132.3891754,"132-197"
"1152","Meade",-11.73,"Fowler",1941-04-21,372746100103701,119,30,c(-100.180021, 37.467837),"1941","71-0",-100.180021,37.467837,132.3891754,"132-197"
"1153","Meade",-11.82,"Fowler",1941-05-16,372746100103701,119,30,c(-100.180021, 37.467837),"1941","71-0",-100.180021,37.467837,132.3891754,"132-197"
"1154","Meade",-11.6,"Fowler",1941-06-11,372746100103701,119,30,c(-100.180021, 37.467837),"1941","71-0",-100.180021,37.467837,132.3891754,"132-197"
"1155","Meade",-11.55,"Fowler",1941-07-15,372746100103701,119,30,c(-100.180021, 37.467837),"1941","71-0",-100.180021,37.467837,132.3891754,"132-197"
"1156","Meade",-11.52,"Fowler",1941-08-06,372746100103701,119,30,c(-100.180021, 37.467837),"1941","71-0",-100.180021,37.467837,132.3891754,"132-197"
"1157","Meade",-11.39,"Fowler",1941-09-10,372746100103701,119,30,c(-100.180021, 37.467837),"1941","71-0",-100.180021,37.467837,132.3891754,"132-197"
"1158","Meade",-11.39,"Fowler",1941-10-09,372746100103701,119,30,c(-100.180021, 37.467837),"1941","71-0",-100.180021,37.467837,132.3891754,"132-197"
"1159","Meade",-11.14,"Fowler",1941-11-07,372746100103701,119,30,c(-100.180021, 37.467837),"1941","71-0",-100.180021,37.467837,132.3891754,"132-197"
"1160","Meade",-10.99,"Fowler",1941-12-03,372746100103701,119,30,c(-100.180021, 37.467837),"1941","71-0",-100.180021,37.467837,132.3891754,"132-197"
"1161","Meade",-10.97,"Fowler",1942-01-06,372746100103701,119,30,c(-100.180021, 37.467837),"1942","71-0",-100.180021,37.467837,132.3891754,"132-197"
"1162","Meade",-11.01,"Fowler",1942-02-03,372746100103701,119,30,c(-100.180021, 37.467837),"1942","71-0",-100.180021,37.467837,132.3891754,"132-197"
"1163","Meade",-15.3,"Fowler",1958-01-31,372746100103701,119,30,c(-100.180021, 37.467837),"1958","71-0",-100.180021,37.467837,132.3891754,"132-197"
"1164","Meade",-19.85,"Fowler",1965-01-28,372746100103701,119,30,c(-100.180021, 37.467837),"1965","71-0",-100.180021,37.467837,132.3891754,"132-197"
"1165","Meade",-20.7,"Fowler",1966-01-17,372746100103701,119,30,c(-100.180021, 37.467837),"1966","71-0",-100.180021,37.467837,132.3891754,"132-197"
"1166","Meade",-20.6,"Fowler",1967-01-23,372746100103701,119,30,c(-100.180021, 37.467837),"1967","71-0",-100.180021,37.467837,132.3891754,"132-197"
"1167","Meade",-22.7,"Fowler",1968-01-15,372746100103701,119,30,c(-100.180021, 37.467837),"1968","71-0",-100.180021,37.467837,132.3891754,"132-197"
"1168","Meade",-22.3,"Fowler",1969-01-23,372746100103701,119,30,c(-100.180021, 37.467837),"1969","71-0",-100.180021,37.467837,132.3891754,"132-197"
"1169","Meade",-22.1,"Fowler",1970-01-22,372746100103701,119,30,c(-100.180021, 37.467837),"1970","71-0",-100.180021,37.467837,132.3891754,"132-197"
"1170","Meade",-23.94,"Fowler",1971-01-20,372746100103701,119,30,c(-100.180021, 37.467837),"1971","71-0",-100.180021,37.467837,132.3891754,"132-197"
"1171","Meade",-22.4,"Fowler",1972-01-19,372746100103701,119,30,c(-100.180021, 37.467837),"1972","71-0",-100.180021,37.467837,132.3891754,"132-197"
"1172","Meade",-20.85,"Fowler",1973-01-24,372746100103701,119,30,c(-100.180021, 37.467837),"1973","71-0",-100.180021,37.467837,132.3891754,"132-197"
"1173","Meade",-20.86,"Fowler",1974-01-16,372746100103701,119,30,c(-100.180021, 37.467837),"1974","71-0",-100.180021,37.467837,132.3891754,"132-197"
"1174","Meade",-23.64,"Fowler",1975-01-22,372746100103701,119,30,c(-100.180021, 37.467837),"1975","71-0",-100.180021,37.467837,132.3891754,"132-197"
"1175","Meade",-28.73,"Fowler",1976-01-13,372746100103701,119,30,c(-100.180021, 37.467837),"1976","71-0",-100.180021,37.467837,132.3891754,"132-197"
"1176","Meade",-38.33,"Fowler",1977-01-11,372746100103701,119,30,c(-100.180021, 37.467837),"1977","71-0",-100.180021,37.467837,132.3891754,"132-197"
"1177","Meade",-39.26,"Fowler",1978-01-19,372746100103701,119,30,c(-100.180021, 37.467837),"1978","71-0",-100.180021,37.467837,132.3891754,"132-197"
"1178","Meade",-42.55,"Fowler",1979-01-01,372746100103701,119,30,c(-100.180021, 37.467837),"1979","71-0",-100.180021,37.467837,132.3891754,"132-197"
"1179","Meade",-41.92,"Fowler",1980-01-18,372746100103701,119,30,c(-100.180021, 37.467837),"1980","71-0",-100.180021,37.467837,132.3891754,"132-197"
"1180","Meade",-45.65,"Fowler",1981-01-13,372746100103701,119,30,c(-100.180021, 37.467837),"1981","71-0",-100.180021,37.467837,132.3891754,"132-197"
"1181","Meade",-43.02,"Fowler",1982-01-14,372746100103701,119,30,c(-100.180021, 37.467837),"1982","71-0",-100.180021,37.467837,132.3891754,"132-197"
"1182","Meade",-47.72,"Fowler",1983-01-07,372746100103701,119,30,c(-100.180021, 37.467837),"1983","71-0",-100.180021,37.467837,132.3891754,"132-197"
"1183","Meade",-46.48,"Fowler",1984-01-11,372746100103701,119,30,c(-100.180021, 37.467837),"1984","71-0",-100.180021,37.467837,132.3891754,"132-197"
"1184","Meade",-44.72,"Fowler",1985-01-15,372746100103701,119,30,c(-100.180021, 37.467837),"1985","71-0",-100.180021,37.467837,132.3891754,"132-197"
"1185","Meade",-45.78,"Fowler",1986-01-07,372746100103701,119,30,c(-100.180021, 37.467837),"1986","71-0",-100.180021,37.467837,132.3891754,"132-197"
"1186","Meade",-48.76,"Fowler",1987-01-07,372746100103701,119,30,c(-100.180021, 37.467837),"1987","71-0",-100.180021,37.467837,132.3891754,"132-197"
"1187","Meade",-49.83,"Fowler",1988-01-06,372746100103701,119,30,c(-100.180021, 37.467837),"1988","71-0",-100.180021,37.467837,132.3891754,"132-197"
"1188","Meade",-58.37,"Fowler",1989-01-10,372746100103701,119,30,c(-100.180021, 37.467837),"1989","71-0",-100.180021,37.467837,132.3891754,"132-197"
"1189","Meade",-58.45,"Fowler",1990-01-10,372746100103701,119,30,c(-100.180021, 37.467837),"1990","71-0",-100.180021,37.467837,132.3891754,"132-197"
"1190","Meade",-22,NA,1965-01-01,372620100114301,119,30,c(-100.197425, 37.443184),"1965","71-0",-100.197425,37.443184,152.8367462,"132-197"
"1191","Meade",-20.76,NA,1965-01-28,372620100114301,119,30,c(-100.197425, 37.443184),"1965","71-0",-100.197425,37.443184,152.8367462,"132-197"
"1192","Meade",-22.03,NA,1966-01-17,372620100114301,119,30,c(-100.197425, 37.443184),"1966","71-0",-100.197425,37.443184,152.8367462,"132-197"
"1193","Meade",-24.3,NA,1967-01-23,372620100114301,119,30,c(-100.197425, 37.443184),"1967","71-0",-100.197425,37.443184,152.8367462,"132-197"
"1194","Meade",-24.9,NA,1968-01-15,372620100114301,119,30,c(-100.197425, 37.443184),"1968","71-0",-100.197425,37.443184,152.8367462,"132-197"
"1195","Meade",-23.55,NA,1969-01-23,372620100114301,119,30,c(-100.197425, 37.443184),"1969","71-0",-100.197425,37.443184,152.8367462,"132-197"
"1196","Meade",-21.9,NA,1970-01-22,372620100114301,119,30,c(-100.197425, 37.443184),"1970","71-0",-100.197425,37.443184,152.8367462,"132-197"
"1197","Meade",-25.72,NA,1971-01-20,372620100114301,119,30,c(-100.197425, 37.443184),"1971","71-0",-100.197425,37.443184,152.8367462,"132-197"
"1198","Meade",-24.7,NA,1972-01-19,372620100114301,119,30,c(-100.197425, 37.443184),"1972","71-0",-100.197425,37.443184,152.8367462,"132-197"
"1199","Meade",-23.22,NA,1973-01-24,372620100114301,119,30,c(-100.197425, 37.443184),"1973","71-0",-100.197425,37.443184,152.8367462,"132-197"
"1200","Meade",-20.72,NA,1974-01-16,372620100114301,119,30,c(-100.197425, 37.443184),"1974","71-0",-100.197425,37.443184,152.8367462,"132-197"
"1201","Meade",-22.69,NA,1975-01-22,372620100114301,119,30,c(-100.197425, 37.443184),"1975","71-0",-100.197425,37.443184,152.8367462,"132-197"
"1202","Meade",-29.04,NA,1976-01-13,372620100114301,119,30,c(-100.197425, 37.443184),"1976","71-0",-100.197425,37.443184,152.8367462,"132-197"
"1203","Meade",-34.2,NA,1977-01-11,372620100114301,119,30,c(-100.197425, 37.443184),"1977","71-0",-100.197425,37.443184,152.8367462,"132-197"
"1204","Meade",-36.7,NA,1978-01-19,372620100114301,119,30,c(-100.197425, 37.443184),"1978","71-0",-100.197425,37.443184,152.8367462,"132-197"
"1205","Meade",-39.6,NA,1979-02-01,372620100114301,119,30,c(-100.197425, 37.443184),"1979","71-0",-100.197425,37.443184,152.8367462,"132-197"
"1206","Meade",-37.21,NA,1980-01-18,372620100114301,119,30,c(-100.197425, 37.443184),"1980","71-0",-100.197425,37.443184,152.8367462,"132-197"
"1207","Meade",-41.11,NA,1981-01-13,372620100114301,119,30,c(-100.197425, 37.443184),"1981","71-0",-100.197425,37.443184,152.8367462,"132-197"
"1208","Meade",-39.78,NA,1982-01-14,372620100114301,119,30,c(-100.197425, 37.443184),"1982","71-0",-100.197425,37.443184,152.8367462,"132-197"
"1209","Meade",-42.35,NA,1983-01-07,372620100114301,119,30,c(-100.197425, 37.443184),"1983","71-0",-100.197425,37.443184,152.8367462,"132-197"
"1210","Meade",-42.46,NA,1984-01-11,372620100114301,119,30,c(-100.197425, 37.443184),"1984","71-0",-100.197425,37.443184,152.8367462,"132-197"
"1211","Meade",-170,NA,1965-01-01,371421100354801,119,32,c(-100.597598, 37.239875),"1965","215-144",-100.597598,37.239875,241.3238831,"198-262"
"1212","Meade",-170.57,NA,1965-01-28,371421100354801,119,32,c(-100.597598, 37.239875),"1965","215-144",-100.597598,37.239875,241.3238831,"198-262"
"1213","Meade",-170.28,NA,1966-01-17,371421100354801,119,32,c(-100.597598, 37.239875),"1966","215-144",-100.597598,37.239875,241.3238831,"198-262"
"1214","Meade",-171.4,NA,1967-01-23,371421100354801,119,32,c(-100.597598, 37.239875),"1967","215-144",-100.597598,37.239875,241.3238831,"198-262"
"1215","Meade",-178.75,NA,1968-01-15,371421100354801,119,32,c(-100.597598, 37.239875),"1968","215-144",-100.597598,37.239875,241.3238831,"198-262"
"1216","Meade",-179.79,NA,1969-01-22,371421100354801,119,32,c(-100.597598, 37.239875),"1969","215-144",-100.597598,37.239875,241.3238831,"198-262"
"1217","Meade",-174.82,NA,1970-01-22,371421100354801,119,32,c(-100.597598, 37.239875),"1970","215-144",-100.597598,37.239875,241.3238831,"198-262"
"1218","Meade",-176.56,NA,1971-01-20,371421100354801,119,32,c(-100.597598, 37.239875),"1971","215-144",-100.597598,37.239875,241.3238831,"198-262"
"1219","Meade",-178.95,NA,1972-01-19,371421100354801,119,32,c(-100.597598, 37.239875),"1972","215-144",-100.597598,37.239875,241.3238831,"198-262"
"1220","Meade",-179.86,NA,1973-01-24,371421100354801,119,32,c(-100.597598, 37.239875),"1973","215-144",-100.597598,37.239875,241.3238831,"198-262"
"1221","Meade",-180.72,NA,1974-01-15,371421100354801,119,32,c(-100.597598, 37.239875),"1974","215-144",-100.597598,37.239875,241.3238831,"198-262"
"1222","Meade",-181.85,NA,1975-01-23,371421100354801,119,32,c(-100.597598, 37.239875),"1975","215-144",-100.597598,37.239875,241.3238831,"198-262"
"1223","Meade",-188.52,NA,1976-01-12,371421100354801,119,32,c(-100.597598, 37.239875),"1976","215-144",-100.597598,37.239875,241.3238831,"198-262"
"1224","Meade",-191.75,NA,1977-01-12,371421100354801,119,32,c(-100.597598, 37.239875),"1977","215-144",-100.597598,37.239875,241.3238831,"198-262"
"1225","Meade",-199.41,NA,1978-01-19,371421100354801,119,32,c(-100.597598, 37.239875),"1978","215-144",-100.597598,37.239875,241.3238831,"198-262"
"1226","Meade",-203.55,NA,1979-02-02,371421100354801,119,32,c(-100.597598, 37.239875),"1979","215-144",-100.597598,37.239875,241.3238831,"198-262"
"1227","Meade",-198.46,NA,1980-01-16,371421100354801,119,32,c(-100.597598, 37.239875),"1980","215-144",-100.597598,37.239875,241.3238831,"198-262"
"1228","Meade",-201.11,NA,1981-01-14,371421100354801,119,32,c(-100.597598, 37.239875),"1981","215-144",-100.597598,37.239875,241.3238831,"198-262"
"1229","Meade",-201.73,NA,1982-01-15,371421100354801,119,32,c(-100.597598, 37.239875),"1982","215-144",-100.597598,37.239875,241.3238831,"198-262"
"1230","Meade",-204.33,NA,1983-01-06,371421100354801,119,32,c(-100.597598, 37.239875),"1983","215-144",-100.597598,37.239875,241.3238831,"198-262"
"1231","Meade",-206.07,NA,1984-01-12,371421100354801,119,32,c(-100.597598, 37.239875),"1984","215-144",-100.597598,37.239875,241.3238831,"198-262"
"1232","Meade",-205.75,NA,1985-01-16,371421100354801,119,32,c(-100.597598, 37.239875),"1985","215-144",-100.597598,37.239875,241.3238831,"198-262"
"1233","Meade",-212.85,NA,1986-01-08,371421100354801,119,32,c(-100.597598, 37.239875),"1986","215-144",-100.597598,37.239875,241.3238831,"198-262"
"1234","Meade",-211.34,NA,1987-01-06,371421100354801,119,32,c(-100.597598, 37.239875),"1987","215-144",-100.597598,37.239875,241.3238831,"198-262"
"1235","Meade",-206.45,NA,1988-01-05,371421100354801,119,32,c(-100.597598, 37.239875),"1988","215-144",-100.597598,37.239875,241.3238831,"198-262"
"1236","Meade",-218.02,NA,1989-01-10,371421100354801,119,32,c(-100.597598, 37.239875),"1989","287-216",-100.597598,37.239875,241.3238831,"198-262"
"1237","Meade",-140.92,"Lake Meade",1975-01-23,371425100272002,119,32,c(-100.456947, 37.241723),"1975","143-72",-100.456947,37.241723,239.4807281,"198-262"
"1238","Meade",-141.27,"Lake Meade",1976-01-12,371425100272002,119,32,c(-100.456947, 37.241723),"1976","143-72",-100.456947,37.241723,239.4807281,"198-262"
"1239","Meade",-142.05,"Lake Meade",1977-01-12,371425100272002,119,32,c(-100.456947, 37.241723),"1977","143-72",-100.456947,37.241723,239.4807281,"198-262"
"1240","Meade",-143.54,"Lake Meade",1978-01-19,371425100272002,119,32,c(-100.456947, 37.241723),"1978","143-72",-100.456947,37.241723,239.4807281,"198-262"
"1241","Meade",-144.69,"Lake Meade",1979-02-02,371425100272002,119,32,c(-100.456947, 37.241723),"1979","215-144",-100.456947,37.241723,239.4807281,"198-262"
"1242","Meade",-145.23,"Lake Meade",1981-01-14,371425100272002,119,32,c(-100.456947, 37.241723),"1981","215-144",-100.456947,37.241723,239.4807281,"198-262"
"1243","Meade",-145.93,"Lake Meade",1982-01-15,371425100272002,119,32,c(-100.456947, 37.241723),"1982","215-144",-100.456947,37.241723,239.4807281,"198-262"
"1244","Meade",-146.95,"Lake Meade",1983-01-06,371425100272002,119,32,c(-100.456947, 37.241723),"1983","215-144",-100.456947,37.241723,239.4807281,"198-262"
"1245","Meade",-146.85,"Lake Meade",1984-01-12,371425100272002,119,32,c(-100.456947, 37.241723),"1984","215-144",-100.456947,37.241723,239.4807281,"198-262"
"1246","Meade",-148.48,"Lake Meade",1985-01-16,371425100272002,119,32,c(-100.456947, 37.241723),"1985","215-144",-100.456947,37.241723,239.4807281,"198-262"
"1247","Meade",-149.82,"Lake Meade",1986-01-08,371425100272002,119,32,c(-100.456947, 37.241723),"1986","215-144",-100.456947,37.241723,239.4807281,"198-262"
"1248","Meade",-149.51,"Lake Meade",1987-01-07,371425100272002,119,32,c(-100.456947, 37.241723),"1987","215-144",-100.456947,37.241723,239.4807281,"198-262"
"1249","Meade",-149.44,"Lake Meade",1988-01-05,371425100272002,119,32,c(-100.456947, 37.241723),"1988","215-144",-100.456947,37.241723,239.4807281,"198-262"
"1250","Meade",-151.76,"Lake Meade",1989-01-11,371425100272002,119,32,c(-100.456947, 37.241723),"1989","215-144",-100.456947,37.241723,239.4807281,"198-262"
"1251","Meade",-152.5,"Lake Meade",1990-01-11,371425100272002,119,32,c(-100.456947, 37.241723),"1990","215-144",-100.456947,37.241723,239.4807281,"198-262"
"1252","Meade",-144.76,"Lake Meade",1991-01-10,371425100272002,119,32,c(-100.456947, 37.241723),"1991","215-144",-100.456947,37.241723,239.4807281,"198-262"
"1253","Meade",-154.52,"Lake Meade",1992-01-15,371425100272002,119,32,c(-100.456947, 37.241723),"1992","215-144",-100.456947,37.241723,239.4807281,"198-262"
"1254","Meade",-150.16,"Lake Meade",1993-02-22,371425100272002,119,32,c(-100.456947, 37.241723),"1993","215-144",-100.456947,37.241723,239.4807281,"198-262"
"1255","Meade",-156.05,"Lake Meade",1994-01-10,371425100272002,119,32,c(-100.456947, 37.241723),"1994","215-144",-100.456947,37.241723,239.4807281,"198-262"
"1256","Meade",-156.88,"Lake Meade",1995-01-17,371425100272002,119,32,c(-100.456947, 37.241723),"1995","215-144",-100.456947,37.241723,239.4807281,"198-262"
"1257","Meade",-157.7,"Lake Meade",1996-01-23,371425100272002,119,32,c(-100.456947, 37.241723),"1996","215-144",-100.456947,37.241723,239.4807281,"198-262"
"1258","Meade",-158.78,"Lake Meade",1997-01-08,371425100272002,119,32,c(-100.456947, 37.241723),"1997","215-144",-100.456947,37.241723,239.4807281,"198-262"
"1259","Meade",-159.74,"Lake Meade",1998-01-07,371425100272002,119,32,c(-100.456947, 37.241723),"1998","215-144",-100.456947,37.241723,239.4807281,"198-262"
"1260","Meade",-160.45,"Lake Meade",1999-01-06,371425100272002,119,32,c(-100.456947, 37.241723),"1999","215-144",-100.456947,37.241723,239.4807281,"198-262"
"1261","Meade",-161.45,"Lake Meade",2000-01-07,371425100272002,119,32,c(-100.456947, 37.241723),"2000","215-144",-100.456947,37.241723,239.4807281,"198-262"
"1262","Meade",-161.62,"Lake Meade",2001-01-06,371425100272002,119,32,c(-100.456947, 37.241723),"2001","215-144",-100.456947,37.241723,239.4807281,"198-262"
"1263","Meade",-164.94,"Lake Meade",2002-01-07,371425100272002,119,32,c(-100.456947, 37.241723),"2002","215-144",-100.456947,37.241723,239.4807281,"198-262"
"1264","Meade",-166.81,"Lake Meade",2003-01-10,371425100272002,119,32,c(-100.456947, 37.241723),"2003","215-144",-100.456947,37.241723,239.4807281,"198-262"
"1265","Meade",-168.98,"Lake Meade",2004-01-06,371425100272002,119,32,c(-100.456947, 37.241723),"2004","215-144",-100.456947,37.241723,239.4807281,"198-262"
"1266","Meade",-168.96,"Lake Meade",2004-01-06,371425100272002,119,32,c(-100.456947, 37.241723),"2004","215-144",-100.456947,37.241723,239.4807281,"198-262"
"1267","Meade",-169.22,"Lake Meade",2005-01-11,371425100272002,119,32,c(-100.456947, 37.241723),"2005","215-144",-100.456947,37.241723,239.4807281,"198-262"
"1268","Meade",-170.91,"Lake Meade",2006-01-08,371425100272002,119,32,c(-100.456947, 37.241723),"2006","215-144",-100.456947,37.241723,239.4807281,"198-262"
"1269","Meade",-172.98,"Lake Meade",2007-01-23,371425100272002,119,32,c(-100.456947, 37.241723),"2007","215-144",-100.456947,37.241723,239.4807281,"198-262"
"1270","Meade",-9.4,"Meade NE",1953-06-16,372307100171401,119,30,c(-100.289022, 37.387604),"1953","71-0",-100.289022,37.387604,269.5099792,"263-328"
"1271","Meade",-8.93,"Meade NE",1953-07-07,372307100171401,119,30,c(-100.289022, 37.387604),"1953","71-0",-100.289022,37.387604,269.5099792,"263-328"
"1272","Meade",-9.5,"Meade NE",1953-09-09,372307100171401,119,30,c(-100.289022, 37.387604),"1953","71-0",-100.289022,37.387604,269.5099792,"263-328"
"1273","Meade",-10.2,"Meade NE",1953-12-29,372307100171401,119,30,c(-100.289022, 37.387604),"1953","71-0",-100.289022,37.387604,269.5099792,"263-328"
"1274","Meade",-9.68,"Meade NE",1954-03-16,372307100171401,119,30,c(-100.289022, 37.387604),"1954","71-0",-100.289022,37.387604,269.5099792,"263-328"
"1275","Meade",-10.52,"Meade NE",1954-06-09,372307100171401,119,30,c(-100.289022, 37.387604),"1954","71-0",-100.289022,37.387604,269.5099792,"263-328"
"1276","Meade",-13.39,"Meade NE",1954-09-14,372307100171401,119,30,c(-100.289022, 37.387604),"1954","71-0",-100.289022,37.387604,269.5099792,"263-328"
"1277","Meade",-14.23,"Meade NE",1954-12-13,372307100171401,119,30,c(-100.289022, 37.387604),"1954","71-0",-100.289022,37.387604,269.5099792,"263-328"
"1278","Meade",-13.4,"Meade NE",1955-03-15,372307100171401,119,30,c(-100.289022, 37.387604),"1955","71-0",-100.289022,37.387604,269.5099792,"263-328"
"1279","Meade",-13.3,"Meade NE",1955-06-28,372307100171401,119,30,c(-100.289022, 37.387604),"1955","71-0",-100.289022,37.387604,269.5099792,"263-328"
"1280","Meade",-14.6,"Meade NE",1955-09-13,372307100171401,119,30,c(-100.289022, 37.387604),"1955","71-0",-100.289022,37.387604,269.5099792,"263-328"
"1281","Meade",-14.88,"Meade NE",1955-12-28,372307100171401,119,30,c(-100.289022, 37.387604),"1955","71-0",-100.289022,37.387604,269.5099792,"263-328"
"1282","Meade",-14.95,"Meade NE",1956-03-13,372307100171401,119,30,c(-100.289022, 37.387604),"1956","71-0",-100.289022,37.387604,269.5099792,"263-328"
"1283","Meade",-15.41,"Meade NE",1956-06-07,372307100171401,119,30,c(-100.289022, 37.387604),"1956","71-0",-100.289022,37.387604,269.5099792,"263-328"
"1284","Meade",-16.58,"Meade NE",1957-09-12,372307100171401,119,30,c(-100.289022, 37.387604),"1957","71-0",-100.289022,37.387604,269.5099792,"263-328"
"1285","Meade",-15.52,"Meade NE",1957-12-19,372307100171401,119,30,c(-100.289022, 37.387604),"1957","71-0",-100.289022,37.387604,269.5099792,"263-328"
"1286","Meade",-14.41,"Meade NE",1958-03-19,372307100171401,119,30,c(-100.289022, 37.387604),"1958","71-0",-100.289022,37.387604,269.5099792,"263-328"
"1287","Meade",-12.14,"Meade NE",1958-07-16,372307100171401,119,30,c(-100.289022, 37.387604),"1958","71-0",-100.289022,37.387604,269.5099792,"263-328"
"1288","Meade",-15.15,"Meade NE",1958-10-17,372307100171401,119,30,c(-100.289022, 37.387604),"1958","71-0",-100.289022,37.387604,269.5099792,"263-328"
"1289","Meade",-15.65,"Meade NE",1959-01-08,372307100171401,119,30,c(-100.289022, 37.387604),"1959","71-0",-100.289022,37.387604,269.5099792,"263-328"
"1290","Meade",-15.13,"Meade NE",1959-04-10,372307100171401,119,30,c(-100.289022, 37.387604),"1959","71-0",-100.289022,37.387604,269.5099792,"263-328"
"1291","Meade",-14.92,"Meade NE",1959-07-17,372307100171401,119,30,c(-100.289022, 37.387604),"1959","71-0",-100.289022,37.387604,269.5099792,"263-328"
"1292","Meade",-16.63,"Meade NE",1959-10-21,372307100171401,119,30,c(-100.289022, 37.387604),"1959","71-0",-100.289022,37.387604,269.5099792,"263-328"
"1293","Meade",-16.11,"Meade NE",1960-01-08,372307100171401,119,30,c(-100.289022, 37.387604),"1960","71-0",-100.289022,37.387604,269.5099792,"263-328"
"1294","Meade",-15.16,"Meade NE",1960-04-18,372307100171401,119,30,c(-100.289022, 37.387604),"1960","71-0",-100.289022,37.387604,269.5099792,"263-328"
"1295","Meade",-15,"Meade NE",1960-07-11,372307100171401,119,30,c(-100.289022, 37.387604),"1960","71-0",-100.289022,37.387604,269.5099792,"263-328"
"1296","Meade",-16.19,"Meade NE",1960-09-21,372307100171401,119,30,c(-100.289022, 37.387604),"1960","71-0",-100.289022,37.387604,269.5099792,"263-328"
"1297","Meade",-16.5,"Meade NE",1960-12-07,372307100171401,119,30,c(-100.289022, 37.387604),"1960","71-0",-100.289022,37.387604,269.5099792,"263-328"
"1298","Meade",-15.64,"Meade NE",1961-03-08,372307100171401,119,30,c(-100.289022, 37.387604),"1961","71-0",-100.289022,37.387604,269.5099792,"263-328"
"1299","Meade",-15.39,"Meade NE",1961-06-13,372307100171401,119,30,c(-100.289022, 37.387604),"1961","71-0",-100.289022,37.387604,269.5099792,"263-328"
"1300","Meade",-14.85,"Meade NE",1961-09-12,372307100171401,119,30,c(-100.289022, 37.387604),"1961","71-0",-100.289022,37.387604,269.5099792,"263-328"
"1301","Meade",-14.65,"Meade NE",1961-12-04,372307100171401,119,30,c(-100.289022, 37.387604),"1961","71-0",-100.289022,37.387604,269.5099792,"263-328"
"1302","Meade",-14.04,"Meade NE",1962-03-07,372307100171401,119,30,c(-100.289022, 37.387604),"1962","71-0",-100.289022,37.387604,269.5099792,"263-328"
"1303","Meade",-13.7,"Meade NE",1962-06-04,372307100171401,119,30,c(-100.289022, 37.387604),"1962","71-0",-100.289022,37.387604,269.5099792,"263-328"
"1304","Meade",-12.52,"Meade NE",1962-09-11,372307100171401,119,30,c(-100.289022, 37.387604),"1962","71-0",-100.289022,37.387604,269.5099792,"263-328"
"1305","Meade",-11.82,"Meade NE",1962-12-19,372307100171401,119,30,c(-100.289022, 37.387604),"1962","71-0",-100.289022,37.387604,269.5099792,"263-328"
"1306","Meade",-11.27,"Meade NE",1963-03-18,372307100171401,119,30,c(-100.289022, 37.387604),"1963","71-0",-100.289022,37.387604,269.5099792,"263-328"
"1307","Meade",-11.21,"Meade NE",1963-06-10,372307100171401,119,30,c(-100.289022, 37.387604),"1963","71-0",-100.289022,37.387604,269.5099792,"263-328"
"1308","Meade",-10.92,"Meade NE",1963-09-09,372307100171401,119,30,c(-100.289022, 37.387604),"1963","71-0",-100.289022,37.387604,269.5099792,"263-328"
"1309","Meade",-11.3,"Meade NE",1963-12-10,372307100171401,119,30,c(-100.289022, 37.387604),"1963","71-0",-100.289022,37.387604,269.5099792,"263-328"
"1310","Meade",-10.57,"Meade NE",1964-03-04,372307100171401,119,30,c(-100.289022, 37.387604),"1964","71-0",-100.289022,37.387604,269.5099792,"263-328"
"1311","Meade",-10.36,"Meade NE",1964-06-08,372307100171401,119,30,c(-100.289022, 37.387604),"1964","71-0",-100.289022,37.387604,269.5099792,"263-328"
"1312","Meade",-11.58,"Meade NE",1964-09-14,372307100171401,119,30,c(-100.289022, 37.387604),"1964","71-0",-100.289022,37.387604,269.5099792,"263-328"
"1313","Meade",-12.19,"Meade NE",1964-12-14,372307100171401,119,30,c(-100.289022, 37.387604),"1964","71-0",-100.289022,37.387604,269.5099792,"263-328"
"1314","Meade",-11.69,"Meade NE",1965-03-03,372307100171401,119,30,c(-100.289022, 37.387604),"1965","71-0",-100.289022,37.387604,269.5099792,"263-328"
"1315","Meade",-11.75,"Meade NE",1965-06-14,372307100171401,119,30,c(-100.289022, 37.387604),"1965","71-0",-100.289022,37.387604,269.5099792,"263-328"
"1316","Meade",-12.12,"Meade NE",1965-09-22,372307100171401,119,30,c(-100.289022, 37.387604),"1965","71-0",-100.289022,37.387604,269.5099792,"263-328"
"1317","Meade",-12.31,"Meade NE",1965-12-21,372307100171401,119,30,c(-100.289022, 37.387604),"1965","71-0",-100.289022,37.387604,269.5099792,"263-328"
"1318","Meade",-11.86,"Meade NE",1966-03-16,372307100171401,119,30,c(-100.289022, 37.387604),"1966","71-0",-100.289022,37.387604,269.5099792,"263-328"
"1319","Meade",-11.49,"Meade NE",1966-06-07,372307100171401,119,30,c(-100.289022, 37.387604),"1966","71-0",-100.289022,37.387604,269.5099792,"263-328"
"1320","Meade",-12.8,"Meade NE",1966-09-13,372307100171401,119,30,c(-100.289022, 37.387604),"1966","71-0",-100.289022,37.387604,269.5099792,"263-328"
"1321","Meade",-12.83,"Meade NE",1966-12-12,372307100171401,119,30,c(-100.289022, 37.387604),"1966","71-0",-100.289022,37.387604,269.5099792,"263-328"
"1322","Meade",-12.54,"Meade NE",1967-01-23,372307100171401,119,30,c(-100.289022, 37.387604),"1967","71-0",-100.289022,37.387604,269.5099792,"263-328"
"1323","Meade",-12.33,"Meade NE",1967-03-14,372307100171401,119,30,c(-100.289022, 37.387604),"1967","71-0",-100.289022,37.387604,269.5099792,"263-328"
"1324","Meade",-12.5,"Meade NE",1967-06-07,372307100171401,119,30,c(-100.289022, 37.387604),"1967","71-0",-100.289022,37.387604,269.5099792,"263-328"
"1325","Meade",-12.92,"Meade NE",1967-09-06,372307100171401,119,30,c(-100.289022, 37.387604),"1967","71-0",-100.289022,37.387604,269.5099792,"263-328"
"1326","Meade",-13.71,"Meade NE",1967-12-12,372307100171401,119,30,c(-100.289022, 37.387604),"1967","71-0",-100.289022,37.387604,269.5099792,"263-328"
"1327","Meade",-13.8,"Meade NE",1968-01-15,372307100171401,119,30,c(-100.289022, 37.387604),"1968","71-0",-100.289022,37.387604,269.5099792,"263-328"
"1328","Meade",-13.9,"Meade NE",1968-06-04,372307100171401,119,30,c(-100.289022, 37.387604),"1968","71-0",-100.289022,37.387604,269.5099792,"263-328"
"1329","Meade",-14.83,"Meade NE",1968-09-11,372307100171401,119,30,c(-100.289022, 37.387604),"1968","71-0",-100.289022,37.387604,269.5099792,"263-328"
"1330","Meade",-14.33,"Meade NE",1968-12-17,372307100171401,119,30,c(-100.289022, 37.387604),"1968","71-0",-100.289022,37.387604,269.5099792,"263-328"
"1331","Meade",-14.04,"Meade NE",1969-01-22,372307100171401,119,30,c(-100.289022, 37.387604),"1969","71-0",-100.289022,37.387604,269.5099792,"263-328"
"1332","Meade",-13.34,"Meade NE",1969-04-08,372307100171401,119,30,c(-100.289022, 37.387604),"1969","71-0",-100.289022,37.387604,269.5099792,"263-328"
"1333","Meade",-12.45,"Meade NE",1969-06-18,372307100171401,119,30,c(-100.289022, 37.387604),"1969","71-0",-100.289022,37.387604,269.5099792,"263-328"
"1334","Meade",-12.6,"Meade NE",1969-09-09,372307100171401,119,30,c(-100.289022, 37.387604),"1969","71-0",-100.289022,37.387604,269.5099792,"263-328"
"1335","Meade",-12.63,"Meade NE",1969-12-10,372307100171401,119,30,c(-100.289022, 37.387604),"1969","71-0",-100.289022,37.387604,269.5099792,"263-328"
"1336","Meade",-12.43,"Meade NE",1970-01-22,372307100171401,119,30,c(-100.289022, 37.387604),"1970","71-0",-100.289022,37.387604,269.5099792,"263-328"
"1337","Meade",-12,"Meade NE",1970-03-11,372307100171401,119,30,c(-100.289022, 37.387604),"1970","71-0",-100.289022,37.387604,269.5099792,"263-328"
"1338","Meade",-10.95,"Meade NE",1970-06-08,372307100171401,119,30,c(-100.289022, 37.387604),"1970","71-0",-100.289022,37.387604,269.5099792,"263-328"
"1339","Meade",-11.34,"Meade NE",1970-09-08,372307100171401,119,30,c(-100.289022, 37.387604),"1970","71-0",-100.289022,37.387604,269.5099792,"263-328"
"1340","Meade",-11.65,"Meade NE",1970-12-15,372307100171401,119,30,c(-100.289022, 37.387604),"1970","71-0",-100.289022,37.387604,269.5099792,"263-328"
"1341","Meade",-11.54,"Meade NE",1971-01-20,372307100171401,119,30,c(-100.289022, 37.387604),"1971","71-0",-100.289022,37.387604,269.5099792,"263-328"
"1342","Meade",-11.3,"Meade NE",1971-03-08,372307100171401,119,30,c(-100.289022, 37.387604),"1971","71-0",-100.289022,37.387604,269.5099792,"263-328"
"1343","Meade",-11.53,"Meade NE",1971-06-07,372307100171401,119,30,c(-100.289022, 37.387604),"1971","71-0",-100.289022,37.387604,269.5099792,"263-328"
"1344","Meade",-9.57,"Meade NE",1971-09-15,372307100171401,119,30,c(-100.289022, 37.387604),"1971","71-0",-100.289022,37.387604,269.5099792,"263-328"
"1345","Meade",-10.25,"Meade NE",1971-12-13,372307100171401,119,30,c(-100.289022, 37.387604),"1971","71-0",-100.289022,37.387604,269.5099792,"263-328"
"1346","Meade",-9.7,"Meade NE",1972-01-19,372307100171401,119,30,c(-100.289022, 37.387604),"1972","71-0",-100.289022,37.387604,269.5099792,"263-328"
"1347","Meade",-9.22,"Meade NE",1972-03-13,372307100171401,119,30,c(-100.289022, 37.387604),"1972","71-0",-100.289022,37.387604,269.5099792,"263-328"
"1348","Meade",-8.96,"Meade NE",1972-06-07,372307100171401,119,30,c(-100.289022, 37.387604),"1972","71-0",-100.289022,37.387604,269.5099792,"263-328"
"1349","Meade",-8.84,"Meade NE",1972-09-11,372307100171401,119,30,c(-100.289022, 37.387604),"1972","71-0",-100.289022,37.387604,269.5099792,"263-328"
"1350","Meade",-8.1,"Meade NE",1972-12-06,372307100171401,119,30,c(-100.289022, 37.387604),"1972","71-0",-100.289022,37.387604,269.5099792,"263-328"
"1351","Meade",-7.89,"Meade NE",1973-01-24,372307100171401,119,30,c(-100.289022, 37.387604),"1973","71-0",-100.289022,37.387604,269.5099792,"263-328"
"1352","Meade",-7.13,"Meade NE",1973-03-06,372307100171401,119,30,c(-100.289022, 37.387604),"1973","71-0",-100.289022,37.387604,269.5099792,"263-328"
"1353","Meade",-5.7,"Meade NE",1973-06-20,372307100171401,119,30,c(-100.289022, 37.387604),"1973","71-0",-100.289022,37.387604,269.5099792,"263-328"
"1354","Meade",-6.5,"Meade NE",1973-09-07,372307100171401,119,30,c(-100.289022, 37.387604),"1973","71-0",-100.289022,37.387604,269.5099792,"263-328"
"1355","Meade",-5.66,"Meade NE",1973-12-21,372307100171401,119,30,c(-100.289022, 37.387604),"1973","71-0",-100.289022,37.387604,269.5099792,"263-328"
"1356","Meade",-5.26,"Meade NE",1974-03-19,372307100171401,119,30,c(-100.289022, 37.387604),"1974","71-0",-100.289022,37.387604,269.5099792,"263-328"
"1357","Meade",-4.68,"Meade NE",1974-06-04,372307100171401,119,30,c(-100.289022, 37.387604),"1974","71-0",-100.289022,37.387604,269.5099792,"263-328"
"1358","Meade",-6.59,"Meade NE",1974-09-04,372307100171401,119,30,c(-100.289022, 37.387604),"1974","71-0",-100.289022,37.387604,269.5099792,"263-328"
"1359","Meade",-7.01,"Meade NE",1974-12-16,372307100171401,119,30,c(-100.289022, 37.387604),"1974","71-0",-100.289022,37.387604,269.5099792,"263-328"
"1360","Meade",-7.02,"Meade NE",1975-01-22,372307100171401,119,30,c(-100.289022, 37.387604),"1975","71-0",-100.289022,37.387604,269.5099792,"263-328"
"1361","Meade",-7.09,"Meade NE",1975-03-05,372307100171401,119,30,c(-100.289022, 37.387604),"1975","71-0",-100.289022,37.387604,269.5099792,"263-328"
"1362","Meade",-7.3,"Meade NE",1975-06-11,372307100171401,119,30,c(-100.289022, 37.387604),"1975","71-0",-100.289022,37.387604,269.5099792,"263-328"
"1363","Meade",-8.98,"Meade NE",1975-09-03,372307100171401,119,30,c(-100.289022, 37.387604),"1975","71-0",-100.289022,37.387604,269.5099792,"263-328"
"1364","Meade",-9.87,"Meade NE",1976-01-13,372307100171401,119,30,c(-100.289022, 37.387604),"1976","71-0",-100.289022,37.387604,269.5099792,"263-328"
"1365","Meade",-9.76,"Meade NE",1976-03-03,372307100171401,119,30,c(-100.289022, 37.387604),"1976","71-0",-100.289022,37.387604,269.5099792,"263-328"
"1366","Meade",-8.56,"Meade NE",1976-06-22,372307100171401,119,30,c(-100.289022, 37.387604),"1976","71-0",-100.289022,37.387604,269.5099792,"263-328"
"1367","Meade",-9.81,"Meade NE",1976-09-16,372307100171401,119,30,c(-100.289022, 37.387604),"1976","71-0",-100.289022,37.387604,269.5099792,"263-328"
"1368","Meade",-9.77,"Meade NE",1977-03-15,372307100171401,119,30,c(-100.289022, 37.387604),"1977","71-0",-100.289022,37.387604,269.5099792,"263-328"
"1369","Meade",-9.45,"Meade NE",1977-06-08,372307100171401,119,30,c(-100.289022, 37.387604),"1977","71-0",-100.289022,37.387604,269.5099792,"263-328"
"1370","Meade",-10.23,"Meade NE",1977-09-15,372307100171401,119,30,c(-100.289022, 37.387604),"1977","71-0",-100.289022,37.387604,269.5099792,"263-328"
"1371","Meade",-9.1,"Meade NE",1978-01-19,372307100171401,119,30,c(-100.289022, 37.387604),"1978","71-0",-100.289022,37.387604,269.5099792,"263-328"
"1372","Meade",-8.84,"Meade NE",1978-03-07,372307100171401,119,30,c(-100.289022, 37.387604),"1978","71-0",-100.289022,37.387604,269.5099792,"263-328"
"1373","Meade",-8.23,"Meade NE",1978-06-15,372307100171401,119,30,c(-100.289022, 37.387604),"1978","71-0",-100.289022,37.387604,269.5099792,"263-328"
"1374","Meade",-9.24,"Meade NE",1978-09-06,372307100171401,119,30,c(-100.289022, 37.387604),"1978","71-0",-100.289022,37.387604,269.5099792,"263-328"
"1375","Meade",-9.2,"Meade NE",1979-02-01,372307100171401,119,30,c(-100.289022, 37.387604),"1979","71-0",-100.289022,37.387604,269.5099792,"263-328"
"1376","Meade",-9.05,"Meade NE",1979-03-05,372307100171401,119,30,c(-100.289022, 37.387604),"1979","71-0",-100.289022,37.387604,269.5099792,"263-328"
"1377","Meade",-9.21,"Meade NE",1979-06-14,372307100171401,119,30,c(-100.289022, 37.387604),"1979","71-0",-100.289022,37.387604,269.5099792,"263-328"
"1378","Meade",-8.53,"Meade NE",1979-09-05,372307100171401,119,30,c(-100.289022, 37.387604),"1979","71-0",-100.289022,37.387604,269.5099792,"263-328"
"1379","Meade",-8.71,"Meade NE",1980-01-18,372307100171401,119,30,c(-100.289022, 37.387604),"1980","71-0",-100.289022,37.387604,269.5099792,"263-328"
"1380","Meade",-7.63,"Meade NE",1980-05-06,372307100171401,119,30,c(-100.289022, 37.387604),"1980","71-0",-100.289022,37.387604,269.5099792,"263-328"
"1381","Meade",-7.54,"Meade NE",1980-07-08,372307100171401,119,30,c(-100.289022, 37.387604),"1980","71-0",-100.289022,37.387604,269.5099792,"263-328"
"1382","Meade",-8.6,"Meade NE",1980-10-09,372307100171401,119,30,c(-100.289022, 37.387604),"1980","71-0",-100.289022,37.387604,269.5099792,"263-328"
"1383","Meade",-8.91,"Meade NE",1981-01-13,372307100171401,119,30,c(-100.289022, 37.387604),"1981","71-0",-100.289022,37.387604,269.5099792,"263-328"
"1384","Meade",-8.98,"Meade NE",1981-04-28,372307100171401,119,30,c(-100.289022, 37.387604),"1981","71-0",-100.289022,37.387604,269.5099792,"263-328"
"1385","Meade",-8.67,"Meade NE",1981-10-27,372307100171401,119,30,c(-100.289022, 37.387604),"1981","71-0",-100.289022,37.387604,269.5099792,"263-328"
"1386","Meade",-7.63,"Meade NE",1982-01-14,372307100171401,119,30,c(-100.289022, 37.387604),"1982","71-0",-100.289022,37.387604,269.5099792,"263-328"
"1387","Meade",-7.04,"Meade NE",1982-04-08,372307100171401,119,30,c(-100.289022, 37.387604),"1982","71-0",-100.289022,37.387604,269.5099792,"263-328"
"1388","Meade",-8.91,"Meade NE",1982-07-27,372307100171401,119,30,c(-100.289022, 37.387604),"1982","71-0",-100.289022,37.387604,269.5099792,"263-328"
"1389","Meade",-9.08,"Meade NE",1983-01-07,372307100171401,119,30,c(-100.289022, 37.387604),"1983","71-0",-100.289022,37.387604,269.5099792,"263-328"
"1390","Meade",-9.61,"Meade NE",1983-07-26,372307100171401,119,30,c(-100.289022, 37.387604),"1983","71-0",-100.289022,37.387604,269.5099792,"263-328"
"1391","Meade",-9.63,"Meade NE",1983-10-26,372307100171401,119,30,c(-100.289022, 37.387604),"1983","71-0",-100.289022,37.387604,269.5099792,"263-328"
"1392","Meade",-7.5,"Meade NE",1984-01-11,372307100171401,119,30,c(-100.289022, 37.387604),"1984","71-0",-100.289022,37.387604,269.5099792,"263-328"
"1393","Meade",-6.69,"Meade NE",1984-04-12,372307100171401,119,30,c(-100.289022, 37.387604),"1984","71-0",-100.289022,37.387604,269.5099792,"263-328"
"1394","Meade",-8.36,"Meade NE",1984-07-25,372307100171401,119,30,c(-100.289022, 37.387604),"1984","71-0",-100.289022,37.387604,269.5099792,"263-328"
"1395","Meade",-6.95,"Meade NE",1985-01-15,372307100171401,119,30,c(-100.289022, 37.387604),"1985","71-0",-100.289022,37.387604,269.5099792,"263-328"
"1396","Meade",-5.89,"Meade NE",1985-05-05,372307100171401,119,30,c(-100.289022, 37.387604),"1985","71-0",-100.289022,37.387604,269.5099792,"263-328"
"1397","Meade",-9.91,"Meade NE",1985-08-07,372307100171401,119,30,c(-100.289022, 37.387604),"1985","71-0",-100.289022,37.387604,269.5099792,"263-328"
"1398","Meade",-8.01,"Meade NE",1985-10-24,372307100171401,119,30,c(-100.289022, 37.387604),"1985","71-0",-100.289022,37.387604,269.5099792,"263-328"
"1399","Meade",-7.05,"Meade NE",1986-01-07,372307100171401,119,30,c(-100.289022, 37.387604),"1986","71-0",-100.289022,37.387604,269.5099792,"263-328"
"1400","Meade",-6.53,"Meade NE",1986-05-01,372307100171401,119,30,c(-100.289022, 37.387604),"1986","71-0",-100.289022,37.387604,269.5099792,"263-328"
"1401","Meade",-8.51,"Meade NE",1986-07-17,372307100171401,119,30,c(-100.289022, 37.387604),"1986","71-0",-100.289022,37.387604,269.5099792,"263-328"
"1402","Meade",-7.73,"Meade NE",1987-01-07,372307100171401,119,30,c(-100.289022, 37.387604),"1987","71-0",-100.289022,37.387604,269.5099792,"263-328"
"1403","Meade",-7.61,"Meade NE",1987-05-05,372307100171401,119,30,c(-100.289022, 37.387604),"1987","71-0",-100.289022,37.387604,269.5099792,"263-328"
"1404","Meade",-7.91,"Meade NE",1987-11-02,372307100171401,119,30,c(-100.289022, 37.387604),"1987","71-0",-100.289022,37.387604,269.5099792,"263-328"
"1405","Meade",-8.1,"Meade NE",1988-01-06,372307100171401,119,30,c(-100.289022, 37.387604),"1988","71-0",-100.289022,37.387604,269.5099792,"263-328"
"1406","Meade",-7.42,"Meade NE",1988-03-15,372307100171401,119,30,c(-100.289022, 37.387604),"1988","71-0",-100.289022,37.387604,269.5099792,"263-328"
"1407","Meade",-7.82,"Meade NE",1988-07-16,372307100171401,119,30,c(-100.289022, 37.387604),"1988","71-0",-100.289022,37.387604,269.5099792,"263-328"
"1408","Meade",-7.81,"Meade NE",1988-09-13,372307100171401,119,30,c(-100.289022, 37.387604),"1988","71-0",-100.289022,37.387604,269.5099792,"263-328"
"1409","Meade",-9.24,"Meade NE",1989-01-10,372307100171401,119,30,c(-100.289022, 37.387604),"1989","71-0",-100.289022,37.387604,269.5099792,"263-328"
"1410","Meade",-9.07,"Meade NE",1989-03-29,372307100171401,119,30,c(-100.289022, 37.387604),"1989","71-0",-100.289022,37.387604,269.5099792,"263-328"
"1411","Meade",-27.17,"Meade NE",1989-10-04,372307100171401,119,30,c(-100.289022, 37.387604),"1989","71-0",-100.289022,37.387604,269.5099792,"263-328"
"1412","Meade",-7.48,"Meade NE",1990-01-10,372307100171401,119,30,c(-100.289022, 37.387604),"1990","71-0",-100.289022,37.387604,269.5099792,"263-328"
"1413","Meade",-7,"Meade NE",1990-04-09,372307100171401,119,30,c(-100.289022, 37.387604),"1990","71-0",-100.289022,37.387604,269.5099792,"263-328"
"1414","Meade",-6.69,"Meade NE",1990-07-11,372307100171401,119,30,c(-100.289022, 37.387604),"1990","71-0",-100.289022,37.387604,269.5099792,"263-328"
"1415","Meade",-7.01,"Meade NE",1990-09-10,372307100171401,119,30,c(-100.289022, 37.387604),"1990","71-0",-100.289022,37.387604,269.5099792,"263-328"
"1416","Meade",-8.6,"Meade NE",1991-01-13,372307100171401,119,30,c(-100.289022, 37.387604),"1991","71-0",-100.289022,37.387604,269.5099792,"263-328"
"1417","Meade",-8.46,"Meade NE",1991-04-01,372307100171401,119,30,c(-100.289022, 37.387604),"1991","71-0",-100.289022,37.387604,269.5099792,"263-328"
"1418","Meade",-8.2,"Meade NE",1991-06-21,372307100171401,119,30,c(-100.289022, 37.387604),"1991","71-0",-100.289022,37.387604,269.5099792,"263-328"
"1419","Meade",-8.73,"Meade NE",1991-09-12,372307100171401,119,30,c(-100.289022, 37.387604),"1991","71-0",-100.289022,37.387604,269.5099792,"263-328"
"1420","Meade",-9.65,"Meade NE",1992-01-14,372307100171401,119,30,c(-100.289022, 37.387604),"1992","71-0",-100.289022,37.387604,269.5099792,"263-328"
"1421","Meade",-9.39,"Meade NE",1992-03-11,372307100171401,119,30,c(-100.289022, 37.387604),"1992","71-0",-100.289022,37.387604,269.5099792,"263-328"
"1422","Meade",-8.05,"Meade NE",1992-06-11,372307100171401,119,30,c(-100.289022, 37.387604),"1992","71-0",-100.289022,37.387604,269.5099792,"263-328"
"1423","Meade",-7.13,"Meade NE",1992-09-16,372307100171401,119,30,c(-100.289022, 37.387604),"1992","71-0",-100.289022,37.387604,269.5099792,"263-328"
"1424","Meade",-7.28,"Meade NE",1993-02-02,372307100171401,119,30,c(-100.289022, 37.387604),"1993","71-0",-100.289022,37.387604,269.5099792,"263-328"
"1425","Meade",-6.74,"Meade NE",1993-04-15,372307100171401,119,30,c(-100.289022, 37.387604),"1993","71-0",-100.289022,37.387604,269.5099792,"263-328"
"1426","Meade",-5.95,"Meade NE",1993-09-07,372307100171401,119,30,c(-100.289022, 37.387604),"1993","71-0",-100.289022,37.387604,269.5099792,"263-328"
"1427","Meade",-6.88,"Meade NE",1994-01-11,372307100171401,119,30,c(-100.289022, 37.387604),"1994","71-0",-100.289022,37.387604,269.5099792,"263-328"
"1428","Meade",-6.82,"Meade NE",1994-09-15,372307100171401,119,30,c(-100.289022, 37.387604),"1994","71-0",-100.289022,37.387604,269.5099792,"263-328"
"1429","Meade",-7.48,"Meade NE",1995-01-18,372307100171401,119,30,c(-100.289022, 37.387604),"1995","71-0",-100.289022,37.387604,269.5099792,"263-328"
"1430","Meade",-7.84,"Meade NE",1995-03-16,372307100171401,119,30,c(-100.289022, 37.387604),"1995","71-0",-100.289022,37.387604,269.5099792,"263-328"
"1431","Meade",-6.15,"Meade NE",1995-09-13,372307100171401,119,30,c(-100.289022, 37.387604),"1995","71-0",-100.289022,37.387604,269.5099792,"263-328"
"1432","Meade",-7.44,"Meade NE",1996-01-23,372307100171401,119,30,c(-100.289022, 37.387604),"1996","71-0",-100.289022,37.387604,269.5099792,"263-328"
"1433","Meade",-7.77,"Meade NE",1996-03-19,372307100171401,119,30,c(-100.289022, 37.387604),"1996","71-0",-100.289022,37.387604,269.5099792,"263-328"
"1434","Meade",-6.06,"Meade NE",1996-09-13,372307100171401,119,30,c(-100.289022, 37.387604),"1996","71-0",-100.289022,37.387604,269.5099792,"263-328"
"1435","Meade",-6.15,"Meade NE",1997-01-08,372307100171401,119,30,c(-100.289022, 37.387604),"1997","71-0",-100.289022,37.387604,269.5099792,"263-328"
"1436","Meade",-5.89,"Meade NE",1998-01-07,372307100171401,119,30,c(-100.289022, 37.387604),"1998","71-0",-100.289022,37.387604,269.5099792,"263-328"
"1437","Meade",-6.65,"Meade NE",1999-01-06,372307100171401,119,30,c(-100.289022, 37.387604),"1999","71-0",-100.289022,37.387604,269.5099792,"263-328"
"1438","Meade",-6.71,"Meade NE",1999-01-08,372307100171401,119,30,c(-100.289022, 37.387604),"1999","71-0",-100.289022,37.387604,269.5099792,"263-328"
"1439","Meade",-7.55,"Meade NE",2000-01-07,372307100171401,119,30,c(-100.289022, 37.387604),"2000","71-0",-100.289022,37.387604,269.5099792,"263-328"
"1440","Meade",-10.25,"Meade NE",2001-01-06,372307100171401,119,30,c(-100.289022, 37.387604),"2001","71-0",-100.289022,37.387604,269.5099792,"263-328"
"1441","Meade",-13.3,"Meade NE",2002-01-07,372307100171401,119,30,c(-100.289022, 37.387604),"2002","71-0",-100.289022,37.387604,269.5099792,"263-328"
"1442","Meade",-78.5,"FOWLER SW",1978-08-17,371758100085702,119,32,c(-100.366025, 37.299066),"1978","143-72",-100.366025,37.299066,270.4734497,"263-328"
"1443","Meade",-87.94,"FOWLER SW",1978-12-15,371758100085702,119,32,c(-100.366025, 37.299066),"1978","143-72",-100.366025,37.299066,270.4734497,"263-328"
"1444","Meade",-87.74,"FOWLER SW",1979-05-23,371758100085702,119,32,c(-100.366025, 37.299066),"1979","143-72",-100.366025,37.299066,270.4734497,"263-328"
"1445","Meade",-87.4,"FOWLER SW",1979-09-18,371758100085702,119,32,c(-100.366025, 37.299066),"1979","143-72",-100.366025,37.299066,270.4734497,"263-328"
"1446","Meade",-87.97,"FOWLER SW",1979-10-03,371758100085702,119,32,c(-100.366025, 37.299066),"1979","143-72",-100.366025,37.299066,270.4734497,"263-328"
"1447","Meade",-246.02,"PLAINS NE",2006-01-09,372760100362401,119,30,c(-100.60659, 37.46657),"2006","287-216",-100.60659,37.46657,222.5823669,"198-262"
"1448","Meade",-250.94,"PLAINS NE",2007-01-23,372760100362401,119,30,c(-100.60659, 37.46657),"2007","287-216",-100.60659,37.46657,222.5823669,"198-262"
"1449","Meade",-254.02,"PLAINS NE",2008-01-28,372760100362401,119,30,c(-100.60659, 37.46657),"2008","287-216",-100.60659,37.46657,222.5823669,"198-262"
"1450","Meade",-258.77,"PLAINS NE",2009-01-08,372760100362401,119,30,c(-100.60659, 37.46657),"2009","287-216",-100.60659,37.46657,222.5823669,"198-262"
"1451","Meade",-262.14,"PLAINS NE",2010-01-05,372760100362401,119,30,c(-100.60659, 37.46657),"2010","287-216",-100.60659,37.46657,222.5823669,"198-262"
"1452","Meade",-264.95,"PLAINS NE",2011-01-07,372760100362401,119,30,c(-100.60659, 37.46657),"2011","287-216",-100.60659,37.46657,222.5823669,"198-262"
"1453","Meade",-271.59,"PLAINS NE",2012-01-06,372760100362401,119,30,c(-100.60659, 37.46657),"2012","287-216",-100.60659,37.46657,222.5823669,"198-262"
"1454","Meade",-277.49,"PLAINS NE",2013-01-06,372760100362401,119,30,c(-100.60659, 37.46657),"2013","287-216",-100.60659,37.46657,222.5823669,"198-262"
"1455","Meade",-279.06,"PLAINS NE",2014-01-05,372760100362401,119,30,c(-100.60659, 37.46657),"2014","287-216",-100.60659,37.46657,222.5823669,"198-262"
"1456","Meade",-281.88,"PLAINS NE",2015-01-05,372760100362401,119,30,c(-100.60659, 37.46657),"2015","287-216",-100.60659,37.46657,222.5823669,"198-262"
"1457","Meade",-282.24,"PLAINS NE",2015-01-06,372760100362401,119,30,c(-100.60659, 37.46657),"2015","287-216",-100.60659,37.46657,222.5823669,"198-262"
"1458","Meade",-283.2,"PLAINS NE",2016-01-05,372760100362401,119,30,c(-100.60659, 37.46657),"2016","287-216",-100.60659,37.46657,222.5823669,"198-262"
"1459","Meade",-286,"PLAINS NE",2017-01-06,372760100362401,119,30,c(-100.60659, 37.46657),"2017","287-216",-100.60659,37.46657,222.5823669,"198-262"
"1460","Meade",-287.68,"PLAINS NE",2018-01-05,372760100362401,119,30,c(-100.60659, 37.46657),"2018","287-216",-100.60659,37.46657,222.5823669,"198-262"
"1461","Meade",-288.73,"PLAINS NE",2019-01-05,372760100362401,119,30,c(-100.60659, 37.46657),"2019","359-288",-100.60659,37.46657,222.5823669,"198-262"
"1462","Meade",-289.6,"PLAINS NE",2020-01-04,372760100362401,119,30,c(-100.60659, 37.46657),"2020","359-288",-100.60659,37.46657,222.5823669,"198-262"
"1463","Meade",-292,"PLAINS NE",2021-01-07,372760100362401,119,30,c(-100.60659, 37.46657),"2021","359-288",-100.60659,37.46657,222.5823669,"198-262"
"1464","Meade",-296.18,"PLAINS NE",2022-01-06,372760100362401,119,30,c(-100.60659, 37.46657),"2022","359-288",-100.60659,37.46657,222.5823669,"198-262"
"1465","Meade",-300.75,"PLAINS NE",2023-01-06,372760100362401,119,30,c(-100.60659, 37.46657),"2023","359-288",-100.60659,37.46657,222.5823669,"198-262"
"1466","Meade",-302.25,"PLAINS NE",2024-01-05,372760100362401,119,30,c(-100.60659, 37.46657),"2024","359-288",-100.60659,37.46657,222.5823669,"198-262"
"1467","Meade",-234.16,"Kismet NE",2012-01-06,370945100335101,119,33,c(-100.564122, 37.162682),"2012","287-216",-100.564122,37.162682,294.9257202,"263-328"
"1468","Meade",-237.45,"Kismet NE",2013-01-06,370945100335101,119,33,c(-100.564122, 37.162682),"2013","287-216",-100.564122,37.162682,294.9257202,"263-328"
"1469","Meade",-241.48,"Kismet NE",2014-01-05,370945100335101,119,33,c(-100.564122, 37.162682),"2014","287-216",-100.564122,37.162682,294.9257202,"263-328"
"1470","Meade",-243.46,"Kismet NE",2015-01-05,370945100335101,119,33,c(-100.564122, 37.162682),"2015","287-216",-100.564122,37.162682,294.9257202,"263-328"
"1471","Meade",-246.32,"Kismet NE",2016-01-05,370945100335101,119,33,c(-100.564122, 37.162682),"2016","287-216",-100.564122,37.162682,294.9257202,"263-328"
"1472","Meade",-247.53,"Kismet NE",2017-01-06,370945100335101,119,33,c(-100.564122, 37.162682),"2017","287-216",-100.564122,37.162682,294.9257202,"263-328"
"1473","Meade",-246.8,"Kismet NE",2018-01-05,370945100335101,119,33,c(-100.564122, 37.162682),"2018","287-216",-100.564122,37.162682,294.9257202,"263-328"
"1474","Meade",-255.8,"Kismet NE",2018-01-05,370945100335101,119,33,c(-100.564122, 37.162682),"2018","287-216",-100.564122,37.162682,294.9257202,"263-328"
"1475","Meade",-252.2,"Kismet NE",2019-01-05,370945100335101,119,33,c(-100.564122, 37.162682),"2019","287-216",-100.564122,37.162682,294.9257202,"263-328"
"1476","Meade",-251.46,"Kismet NE",2019-03-08,370945100335101,119,33,c(-100.564122, 37.162682),"2019","287-216",-100.564122,37.162682,294.9257202,"263-328"
"1477","Meade",-253.8,"Kismet NE",2020-01-05,370945100335101,119,33,c(-100.564122, 37.162682),"2020","287-216",-100.564122,37.162682,294.9257202,"263-328"
"1478","Meade",-254.76,"Kismet NE",2021-01-07,370945100335101,119,33,c(-100.564122, 37.162682),"2021","287-216",-100.564122,37.162682,294.9257202,"263-328"
"1479","Meade",-259.8,"Kismet NE",2022-01-06,370945100335101,119,33,c(-100.564122, 37.162682),"2022","287-216",-100.564122,37.162682,294.9257202,"263-328"
"1480","Meade",-256.7,"Kismet NE",2023-01-06,370945100335101,119,33,c(-100.564122, 37.162682),"2023","287-216",-100.564122,37.162682,294.9257202,"263-328"
"1481","Meade",-261.3,"Kismet NE",2024-01-05,370945100335101,119,33,c(-100.564122, 37.162682),"2024","287-216",-100.564122,37.162682,294.9257202,"263-328"
"1482","Meade",-145,"Plains NE",1959-01-01,372454100361701,119,30,c(-100.606332, 37.416523),"1959","215-144",-100.606332,37.416523,260.2168274,"198-262"
"1483","Meade",-144.59,"Plains NE",1959-01-06,372454100361701,119,30,c(-100.606332, 37.416523),"1959","215-144",-100.606332,37.416523,260.2168274,"198-262"
"1484","Meade",-146.29,"Plains NE",1965-01-28,372454100361701,119,30,c(-100.606332, 37.416523),"1965","215-144",-100.606332,37.416523,260.2168274,"198-262"
"1485","Meade",-145.95,"Plains NE",1966-01-17,372454100361701,119,30,c(-100.606332, 37.416523),"1966","215-144",-100.606332,37.416523,260.2168274,"198-262"
"1486","Meade",-147.55,"Plains NE",1967-01-23,372454100361701,119,30,c(-100.606332, 37.416523),"1967","215-144",-100.606332,37.416523,260.2168274,"198-262"
"1487","Meade",-149.6,"Plains NE",1968-01-15,372454100361701,119,30,c(-100.606332, 37.416523),"1968","215-144",-100.606332,37.416523,260.2168274,"198-262"
"1488","Meade",-151.75,"Plains NE",1968-06-04,372454100361701,119,30,c(-100.606332, 37.416523),"1968","215-144",-100.606332,37.416523,260.2168274,"198-262"
"1489","Meade",-153.52,"Plains NE",1968-12-17,372454100361701,119,30,c(-100.606332, 37.416523),"1968","215-144",-100.606332,37.416523,260.2168274,"198-262"
"1490","Meade",-153.05,"Plains NE",1969-01-23,372454100361701,119,30,c(-100.606332, 37.416523),"1969","215-144",-100.606332,37.416523,260.2168274,"198-262"
"1491","Meade",-153.53,"Plains NE",1969-04-14,372454100361701,119,30,c(-100.606332, 37.416523),"1969","215-144",-100.606332,37.416523,260.2168274,"198-262"
"1492","Meade",-152.02,"Plains NE",1969-06-18,372454100361701,119,30,c(-100.606332, 37.416523),"1969","215-144",-100.606332,37.416523,260.2168274,"198-262"
"1493","Meade",-153.88,"Plains NE",1969-09-22,372454100361701,119,30,c(-100.606332, 37.416523),"1969","215-144",-100.606332,37.416523,260.2168274,"198-262"
"1494","Meade",-153.12,"Plains NE",1970-01-21,372454100361701,119,30,c(-100.606332, 37.416523),"1970","215-144",-100.606332,37.416523,260.2168274,"198-262"
"1495","Meade",-153.23,"Plains NE",1970-03-11,372454100361701,119,30,c(-100.606332, 37.416523),"1970","215-144",-100.606332,37.416523,260.2168274,"198-262"
"1496","Meade",-157.11,"Plains NE",1970-12-10,372454100361701,119,30,c(-100.606332, 37.416523),"1970","215-144",-100.606332,37.416523,260.2168274,"198-262"
"1497","Meade",-155.84,"Plains NE",1971-01-20,372454100361701,119,30,c(-100.606332, 37.416523),"1971","215-144",-100.606332,37.416523,260.2168274,"198-262"
"1498","Meade",-155.27,"Plains NE",1971-03-08,372454100361701,119,30,c(-100.606332, 37.416523),"1971","215-144",-100.606332,37.416523,260.2168274,"198-262"
"1499","Meade",-160.08,"Plains NE",1971-09-14,372454100361701,119,30,c(-100.606332, 37.416523),"1971","215-144",-100.606332,37.416523,260.2168274,"198-262"
"1500","Meade",-157.95,"Plains NE",1971-12-15,372454100361701,119,30,c(-100.606332, 37.416523),"1971","215-144",-100.606332,37.416523,260.2168274,"198-262"
"1501","Meade",-155.05,"Plains NE",1972-01-19,372454100361701,119,30,c(-100.606332, 37.416523),"1972","215-144",-100.606332,37.416523,260.2168274,"198-262"
"1502","Meade",-156.6,"Plains NE",1972-03-14,372454100361701,119,30,c(-100.606332, 37.416523),"1972","215-144",-100.606332,37.416523,260.2168274,"198-262"
"1503","Meade",-160.59,"Plains NE",1972-06-13,372454100361701,119,30,c(-100.606332, 37.416523),"1972","215-144",-100.606332,37.416523,260.2168274,"198-262"
"1504","Meade",-159.63,"Plains NE",1972-09-20,372454100361701,119,30,c(-100.606332, 37.416523),"1972","215-144",-100.606332,37.416523,260.2168274,"198-262"
"1505","Meade",-154.75,"Plains NE",1972-12-06,372454100361701,119,30,c(-100.606332, 37.416523),"1972","215-144",-100.606332,37.416523,260.2168274,"198-262"
"1506","Meade",-157.95,"Plains NE",1973-01-24,372454100361701,119,30,c(-100.606332, 37.416523),"1973","215-144",-100.606332,37.416523,260.2168274,"198-262"
"1507","Meade",-162.02,"Plains NE",1973-09-14,372454100361701,119,30,c(-100.606332, 37.416523),"1973","215-144",-100.606332,37.416523,260.2168274,"198-262"
"1508","Meade",-161.05,"Plains NE",1973-12-13,372454100361701,119,30,c(-100.606332, 37.416523),"1973","215-144",-100.606332,37.416523,260.2168274,"198-262"
"1509","Meade",-158.23,"Plains NE",1974-01-15,372454100361701,119,30,c(-100.606332, 37.416523),"1974","215-144",-100.606332,37.416523,260.2168274,"198-262"
"1510","Meade",-157.74,"Plains NE",1974-03-07,372454100361701,119,30,c(-100.606332, 37.416523),"1974","215-144",-100.606332,37.416523,260.2168274,"198-262"
"1511","Meade",-159.36,"Plains NE",1974-06-05,372454100361701,119,30,c(-100.606332, 37.416523),"1974","215-144",-100.606332,37.416523,260.2168274,"198-262"
"1512","Meade",-161.58,"Plains NE",1974-09-04,372454100361701,119,30,c(-100.606332, 37.416523),"1974","215-144",-100.606332,37.416523,260.2168274,"198-262"
"1513","Meade",-159.83,"Plains NE",1974-12-09,372454100361701,119,30,c(-100.606332, 37.416523),"1974","215-144",-100.606332,37.416523,260.2168274,"198-262"
"1514","Meade",-159.69,"Plains NE",1975-01-22,372454100361701,119,30,c(-100.606332, 37.416523),"1975","215-144",-100.606332,37.416523,260.2168274,"198-262"
"1515","Meade",-159.59,"Plains NE",1975-03-04,372454100361701,119,30,c(-100.606332, 37.416523),"1975","215-144",-100.606332,37.416523,260.2168274,"198-262"
"1516","Meade",-161.21,"Plains NE",1975-06-11,372454100361701,119,30,c(-100.606332, 37.416523),"1975","215-144",-100.606332,37.416523,260.2168274,"198-262"
"1517","Meade",-162.84,"Plains NE",1976-01-14,372454100361701,119,30,c(-100.606332, 37.416523),"1976","215-144",-100.606332,37.416523,260.2168274,"198-262"
"1518","Meade",-163.74,"Plains NE",1976-03-03,372454100361701,119,30,c(-100.606332, 37.416523),"1976","215-144",-100.606332,37.416523,260.2168274,"198-262"
"1519","Meade",-168.71,"Plains NE",1976-09-16,372454100361701,119,30,c(-100.606332, 37.416523),"1976","215-144",-100.606332,37.416523,260.2168274,"198-262"
"1520","Meade",-177.9,"Plains NE",1977-01-12,372454100361701,119,30,c(-100.606332, 37.416523),"1977","215-144",-100.606332,37.416523,260.2168274,"198-262"
"1521","Meade",-166.18,"Plains NE",1977-03-15,372454100361701,119,30,c(-100.606332, 37.416523),"1977","215-144",-100.606332,37.416523,260.2168274,"198-262"
"1522","Meade",-166.53,"Plains NE",1977-06-08,372454100361701,119,30,c(-100.606332, 37.416523),"1977","215-144",-100.606332,37.416523,260.2168274,"198-262"
"1523","Meade",-170.01,"Plains NE",1977-09-15,372454100361701,119,30,c(-100.606332, 37.416523),"1977","215-144",-100.606332,37.416523,260.2168274,"198-262"
"1524","Meade",-182.64,"Plains NE",1978-01-19,372454100361701,119,30,c(-100.606332, 37.416523),"1978","215-144",-100.606332,37.416523,260.2168274,"198-262"
"1525","Meade",-177.71,"Plains NE",1978-03-07,372454100361701,119,30,c(-100.606332, 37.416523),"1978","215-144",-100.606332,37.416523,260.2168274,"198-262"
"1526","Meade",-169.32,"Plains NE",1978-06-15,372454100361701,119,30,c(-100.606332, 37.416523),"1978","215-144",-100.606332,37.416523,260.2168274,"198-262"
"1527","Meade",-174.7,"Plains NE",1978-09-06,372454100361701,119,30,c(-100.606332, 37.416523),"1978","215-144",-100.606332,37.416523,260.2168274,"198-262"
"1528","Meade",-184.47,"Plains NE",1979-02-02,372454100361701,119,30,c(-100.606332, 37.416523),"1979","215-144",-100.606332,37.416523,260.2168274,"198-262"
"1529","Meade",-171.83,"Plains NE",1979-03-29,372454100361701,119,30,c(-100.606332, 37.416523),"1979","215-144",-100.606332,37.416523,260.2168274,"198-262"
"1530","Meade",-177.39,"Plains NE",1979-06-14,372454100361701,119,30,c(-100.606332, 37.416523),"1979","215-144",-100.606332,37.416523,260.2168274,"198-262"
"1531","Meade",-177.06,"Plains NE",1979-09-05,372454100361701,119,30,c(-100.606332, 37.416523),"1979","215-144",-100.606332,37.416523,260.2168274,"198-262"
"1532","Meade",-173.89,"Plains NE",1980-01-16,372454100361701,119,30,c(-100.606332, 37.416523),"1980","215-144",-100.606332,37.416523,260.2168274,"198-262"
"1533","Meade",-174.17,"Plains NE",1980-01-18,372454100361701,119,30,c(-100.606332, 37.416523),"1980","215-144",-100.606332,37.416523,260.2168274,"198-262"
"1534","Meade",-172.91,"Plains NE",1980-05-06,372454100361701,119,30,c(-100.606332, 37.416523),"1980","215-144",-100.606332,37.416523,260.2168274,"198-262"
"1535","Meade",-177.9,"Plains NE",1980-10-09,372454100361701,119,30,c(-100.606332, 37.416523),"1980","215-144",-100.606332,37.416523,260.2168274,"198-262"
"1536","Meade",-177.62,"Plains NE",1981-01-14,372454100361701,119,30,c(-100.606332, 37.416523),"1981","215-144",-100.606332,37.416523,260.2168274,"198-262"
"1537","Meade",-181.83,"Plains NE",1981-10-27,372454100361701,119,30,c(-100.606332, 37.416523),"1981","215-144",-100.606332,37.416523,260.2168274,"198-262"
"1538","Meade",-179.81,"Plains NE",1982-01-14,372454100361701,119,30,c(-100.606332, 37.416523),"1982","215-144",-100.606332,37.416523,260.2168274,"198-262"
"1539","Meade",-181.51,"Plains NE",1982-04-08,372454100361701,119,30,c(-100.606332, 37.416523),"1982","215-144",-100.606332,37.416523,260.2168274,"198-262"
"1540","Meade",-184.36,"Plains NE",1982-10-20,372454100361701,119,30,c(-100.606332, 37.416523),"1982","215-144",-100.606332,37.416523,260.2168274,"198-262"
"1541","Meade",-184.1,"Plains NE",1983-01-05,372454100361701,119,30,c(-100.606332, 37.416523),"1983","215-144",-100.606332,37.416523,260.2168274,"198-262"
"1542","Meade",-183.13,"Plains NE",1983-04-28,372454100361701,119,30,c(-100.606332, 37.416523),"1983","215-144",-100.606332,37.416523,260.2168274,"198-262"
"1543","Meade",-185.69,"Plains NE",1983-10-26,372454100361701,119,30,c(-100.606332, 37.416523),"1983","215-144",-100.606332,37.416523,260.2168274,"198-262"
"1544","Meade",-183.62,"Plains NE",1984-01-11,372454100361701,119,30,c(-100.606332, 37.416523),"1984","215-144",-100.606332,37.416523,260.2168274,"198-262"
"1545","Meade",-183.61,"Plains NE",1984-04-12,372454100361701,119,30,c(-100.606332, 37.416523),"1984","215-144",-100.606332,37.416523,260.2168274,"198-262"
"1546","Meade",-188.21,"Plains NE",1984-11-01,372454100361701,119,30,c(-100.606332, 37.416523),"1984","215-144",-100.606332,37.416523,260.2168274,"198-262"
"1547","Meade",-186.11,"Plains NE",1985-01-16,372454100361701,119,30,c(-100.606332, 37.416523),"1985","215-144",-100.606332,37.416523,260.2168274,"198-262"
"1548","Meade",-186.26,"Plains NE",1985-05-05,372454100361701,119,30,c(-100.606332, 37.416523),"1985","215-144",-100.606332,37.416523,260.2168274,"198-262"
"1549","Meade",-187.3,"Plains NE",1985-08-07,372454100361701,119,30,c(-100.606332, 37.416523),"1985","215-144",-100.606332,37.416523,260.2168274,"198-262"
"1550","Meade",-188,"Plains NE",1985-10-24,372454100361701,119,30,c(-100.606332, 37.416523),"1985","215-144",-100.606332,37.416523,260.2168274,"198-262"
"1551","Meade",-188.56,"Plains NE",1986-01-07,372454100361701,119,30,c(-100.606332, 37.416523),"1986","215-144",-100.606332,37.416523,260.2168274,"198-262"
"1552","Meade",-189.91,"Plains NE",1986-10-08,372454100361701,119,30,c(-100.606332, 37.416523),"1986","215-144",-100.606332,37.416523,260.2168274,"198-262"
"1553","Meade",-191.72,"Plains NE",1987-01-07,372454100361701,119,30,c(-100.606332, 37.416523),"1987","215-144",-100.606332,37.416523,260.2168274,"198-262"
"1554","Meade",-192.36,"Plains NE",1987-05-05,372454100361701,119,30,c(-100.606332, 37.416523),"1987","215-144",-100.606332,37.416523,260.2168274,"198-262"
"1555","Meade",-191.56,"Plains NE",1988-03-15,372454100361701,119,30,c(-100.606332, 37.416523),"1988","215-144",-100.606332,37.416523,260.2168274,"198-262"
"1556","Meade",-192.66,"Plains NE",1988-06-16,372454100361701,119,30,c(-100.606332, 37.416523),"1988","215-144",-100.606332,37.416523,260.2168274,"198-262"
"1557","Meade",-190.56,"Plains NE",1988-09-13,372454100361701,119,30,c(-100.606332, 37.416523),"1988","215-144",-100.606332,37.416523,260.2168274,"198-262"
"1558","Meade",-205.8,"Plains NE",1989-01-11,372454100361701,119,30,c(-100.606332, 37.416523),"1989","215-144",-100.606332,37.416523,260.2168274,"198-262"
"1559","Meade",-208.35,"Plains NE",1989-03-29,372454100361701,119,30,c(-100.606332, 37.416523),"1989","215-144",-100.606332,37.416523,260.2168274,"198-262"
"1560","Meade",-212.55,"Plains NE",1989-06-16,372454100361701,119,30,c(-100.606332, 37.416523),"1989","215-144",-100.606332,37.416523,260.2168274,"198-262"
"1561","Meade",-204.25,"Plains NE",1989-10-20,372454100361701,119,30,c(-100.606332, 37.416523),"1989","215-144",-100.606332,37.416523,260.2168274,"198-262"
"1562","Meade",-205.72,"Plains NE",1990-01-09,372454100361701,119,30,c(-100.606332, 37.416523),"1990","215-144",-100.606332,37.416523,260.2168274,"198-262"
"1563","Meade",-201.6,"Plains NE",1990-04-09,372454100361701,119,30,c(-100.606332, 37.416523),"1990","215-144",-100.606332,37.416523,260.2168274,"198-262"
"1564","Meade",-214.25,"Plains NE",1991-01-13,372454100361701,119,30,c(-100.606332, 37.416523),"1991","215-144",-100.606332,37.416523,260.2168274,"198-262"
"1565","Meade",-202.72,"Plains NE",1991-03-22,372454100361701,119,30,c(-100.606332, 37.416523),"1991","215-144",-100.606332,37.416523,260.2168274,"198-262"
"1566","Meade",-212.22,"Plains NE",1991-06-05,372454100361701,119,30,c(-100.606332, 37.416523),"1991","215-144",-100.606332,37.416523,260.2168274,"198-262"
"1567","Meade",-214.67,"Plains NE",1991-09-10,372454100361701,119,30,c(-100.606332, 37.416523),"1991","215-144",-100.606332,37.416523,260.2168274,"198-262"
"1568","Meade",-208.11,"Plains NE",1992-01-16,372454100361701,119,30,c(-100.606332, 37.416523),"1992","215-144",-100.606332,37.416523,260.2168274,"198-262"
"1569","Meade",-209.88,"Plains NE",1992-03-13,372454100361701,119,30,c(-100.606332, 37.416523),"1992","215-144",-100.606332,37.416523,260.2168274,"198-262"
"1570","Meade",-216.55,"Plains NE",1992-09-11,372454100361701,119,30,c(-100.606332, 37.416523),"1992","287-216",-100.606332,37.416523,260.2168274,"198-262"
"1571","Meade",-209.92,"Plains NE",1993-02-02,372454100361701,119,30,c(-100.606332, 37.416523),"1993","215-144",-100.606332,37.416523,260.2168274,"198-262"
"1572","Meade",-207.79,"Plains NE",1993-04-15,372454100361701,119,30,c(-100.606332, 37.416523),"1993","215-144",-100.606332,37.416523,260.2168274,"198-262"
"1573","Meade",-215.31,"Plains NE",1993-09-07,372454100361701,119,30,c(-100.606332, 37.416523),"1993","215-144",-100.606332,37.416523,260.2168274,"198-262"
"1574","Meade",-210.2,"Plains NE",1994-01-11,372454100361701,119,30,c(-100.606332, 37.416523),"1994","215-144",-100.606332,37.416523,260.2168274,"198-262"
"1575","Meade",-216.79,"Plains NE",1994-09-15,372454100361701,119,30,c(-100.606332, 37.416523),"1994","287-216",-100.606332,37.416523,260.2168274,"198-262"
"1576","Meade",-211.94,"Plains NE",1995-01-17,372454100361701,119,30,c(-100.606332, 37.416523),"1995","215-144",-100.606332,37.416523,260.2168274,"198-262"
"1577","Meade",-210.49,"Plains NE",1995-03-16,372454100361701,119,30,c(-100.606332, 37.416523),"1995","215-144",-100.606332,37.416523,260.2168274,"198-262"
"1578","Meade",-222.01,"Plains NE",1995-09-13,372454100361701,119,30,c(-100.606332, 37.416523),"1995","287-216",-100.606332,37.416523,260.2168274,"198-262"
"1579","Meade",-214.33,"Plains NE",1996-01-19,372454100361701,119,30,c(-100.606332, 37.416523),"1996","215-144",-100.606332,37.416523,260.2168274,"198-262"
"1580","Meade",-213.47,"Plains NE",1996-03-19,372454100361701,119,30,c(-100.606332, 37.416523),"1996","215-144",-100.606332,37.416523,260.2168274,"198-262"
"1581","Meade",-221.39,"Plains NE",1996-09-13,372454100361701,119,30,c(-100.606332, 37.416523),"1996","287-216",-100.606332,37.416523,260.2168274,"198-262"
"1582","Meade",-215.27,"Plains NE",1997-01-08,372454100361701,119,30,c(-100.606332, 37.416523),"1997","215-144",-100.606332,37.416523,260.2168274,"198-262"
"1583","Meade",-216.73,"Plains NE",1998-01-07,372454100361701,119,30,c(-100.606332, 37.416523),"1998","287-216",-100.606332,37.416523,260.2168274,"198-262"
"1584","Meade",-219.25,"Plains NE",1999-01-06,372454100361701,119,30,c(-100.606332, 37.416523),"1999","287-216",-100.606332,37.416523,260.2168274,"198-262"
"1585","Meade",-221.6,"Plains NE",2000-01-07,372454100361701,119,30,c(-100.606332, 37.416523),"2000","287-216",-100.606332,37.416523,260.2168274,"198-262"
"1586","Meade",-225.99,"Plains NE",2001-01-06,372454100361701,119,30,c(-100.606332, 37.416523),"2001","287-216",-100.606332,37.416523,260.2168274,"198-262"
"1587","Meade",-228.85,"Plains NE",2002-01-07,372454100361701,119,30,c(-100.606332, 37.416523),"2002","287-216",-100.606332,37.416523,260.2168274,"198-262"
"1588","Meade",-227.87,"Plains NE",2002-01-07,372454100361701,119,30,c(-100.606332, 37.416523),"2002","287-216",-100.606332,37.416523,260.2168274,"198-262"
"1589","Meade",-232.45,"Plains NE",2003-01-10,372454100361701,119,30,c(-100.606332, 37.416523),"2003","287-216",-100.606332,37.416523,260.2168274,"198-262"
"1590","Meade",-235.25,"Plains NE",2004-01-06,372454100361701,119,30,c(-100.606332, 37.416523),"2004","287-216",-100.606332,37.416523,260.2168274,"198-262"
"1591","Meade",-235.56,"Plains NE",2005-01-12,372454100361701,119,30,c(-100.606332, 37.416523),"2005","287-216",-100.606332,37.416523,260.2168274,"198-262"
"1592","Meade",-238.63,"Plains NE",2006-01-08,372454100361701,119,30,c(-100.606332, 37.416523),"2006","287-216",-100.606332,37.416523,260.2168274,"198-262"
"1593","Meade",-241.9,"Plains NE",2007-01-23,372454100361701,119,30,c(-100.606332, 37.416523),"2007","287-216",-100.606332,37.416523,260.2168274,"198-262"
"1594","Meade",-246.78,"Plains NE",2008-01-07,372454100361701,119,30,c(-100.606332, 37.416523),"2008","287-216",-100.606332,37.416523,260.2168274,"198-262"
"1595","Meade",-250.08,"Plains NE",2009-01-08,372454100361701,119,30,c(-100.606332, 37.416523),"2009","287-216",-100.606332,37.416523,260.2168274,"198-262"
"1596","Meade",-252.41,"Plains NE",2010-01-05,372454100361701,119,30,c(-100.606332, 37.416523),"2010","287-216",-100.606332,37.416523,260.2168274,"198-262"
"1597","Meade",-255.69,"Plains NE",2011-01-07,372454100361701,119,30,c(-100.606332, 37.416523),"2011","287-216",-100.606332,37.416523,260.2168274,"198-262"
"1598","Meade",-261.69,"Plains NE",2012-01-06,372454100361701,119,30,c(-100.606332, 37.416523),"2012","287-216",-100.606332,37.416523,260.2168274,"198-262"
"1599","Meade",-265.34,"Plains NE",2013-01-06,372454100361701,119,30,c(-100.606332, 37.416523),"2013","287-216",-100.606332,37.416523,260.2168274,"198-262"
"1600","Meade",-269.5,"Plains NE",2014-01-05,372454100361701,119,30,c(-100.606332, 37.416523),"2014","287-216",-100.606332,37.416523,260.2168274,"198-262"
"1601","Meade",-272.52,"Plains NE",2015-01-05,372454100361701,119,30,c(-100.606332, 37.416523),"2015","287-216",-100.606332,37.416523,260.2168274,"198-262"
"1602","Meade",-273.68,"Plains NE",2016-01-05,372454100361701,119,30,c(-100.606332, 37.416523),"2016","287-216",-100.606332,37.416523,260.2168274,"198-262"
"1603","Meade",-279,"Plains NE",2017-01-06,372454100361701,119,30,c(-100.606332, 37.416523),"2017","287-216",-100.606332,37.416523,260.2168274,"198-262"
"1604","Meade",-276.2,"Plains NE",2017-01-06,372454100361701,119,30,c(-100.606332, 37.416523),"2017","287-216",-100.606332,37.416523,260.2168274,"198-262"
"1605","Meade",-277.59,"Plains NE",2018-01-05,372454100361701,119,30,c(-100.606332, 37.416523),"2018","287-216",-100.606332,37.416523,260.2168274,"198-262"
"1606","Meade",-281.12,"Plains NE",2019-01-05,372454100361701,119,30,c(-100.606332, 37.416523),"2019","287-216",-100.606332,37.416523,260.2168274,"198-262"
"1607","Meade",-282.31,"Plains NE",2020-01-04,372454100361701,119,30,c(-100.606332, 37.416523),"2020","287-216",-100.606332,37.416523,260.2168274,"198-262"
"1608","Meade",-286.6,"Plains NE",2021-01-07,372454100361701,119,30,c(-100.606332, 37.416523),"2021","287-216",-100.606332,37.416523,260.2168274,"198-262"
"1609","Meade",-284.72,"Plains NE",2022-01-06,372454100361701,119,30,c(-100.606332, 37.416523),"2022","287-216",-100.606332,37.416523,260.2168274,"198-262"
"1610","Meade",-292.15,"Plains NE",2023-01-06,372454100361701,119,30,c(-100.606332, 37.416523),"2023","359-288",-100.606332,37.416523,260.2168274,"198-262"
"1611","Meade",-293.82,"Plains NE",2024-01-05,372454100361701,119,30,c(-100.606332, 37.416523),"2024","359-288",-100.606332,37.416523,260.2168274,"198-262"
"1612","Meade",-189.19,"KISMET",1996-02-05,370930100380301,119,33,c(-100.634595, 37.158356),"1996","215-144",-100.634595,37.158356,308.7164612,"263-328"
"1613","Meade",-196.61,"KISMET",1996-03-19,370930100380301,119,33,c(-100.634595, 37.158356),"1996","215-144",-100.634595,37.158356,308.7164612,"263-328"
"1614","Meade",-197.79,"KISMET",1996-09-13,370930100380301,119,33,c(-100.634595, 37.158356),"1996","215-144",-100.634595,37.158356,308.7164612,"263-328"
"1615","Meade",-63.41,"MINNEOLA",1978-12-15,372803100071702,119,30,c(-100.122106, 37.468406),"1978","71-0",-100.122106,37.468406,10,"0-65"
"1616","Meade",-63.34,"MINNEOLA",1979-05-23,372803100071702,119,30,c(-100.122106, 37.468406),"1979","71-0",-100.122106,37.468406,10,"0-65"
"1617","Meade",-64.19,"MINNEOLA",1979-09-18,372803100071702,119,30,c(-100.122106, 37.468406),"1979","71-0",-100.122106,37.468406,10,"0-65"
"1618","Meade",-64.17,"MINNEOLA",1979-09-27,372803100071702,119,30,c(-100.122106, 37.468406),"1979","71-0",-100.122106,37.468406,10,"0-65"
"1619","Meade",-86.88,NA,1965-01-28,372821100210901,119,30,c(-100.353314, 37.4739),"1965","143-72",-100.353314,37.4739,186.0617371,"132-197"
"1620","Meade",-97.2,NA,1966-01-17,372821100210901,119,30,c(-100.353314, 37.4739),"1966","143-72",-100.353314,37.4739,186.0617371,"132-197"
"1621","Meade",-90.2,NA,1967-01-23,372821100210901,119,30,c(-100.353314, 37.4739),"1967","143-72",-100.353314,37.4739,186.0617371,"132-197"
"1622","Meade",-98.4,NA,1968-01-15,372821100210901,119,30,c(-100.353314, 37.4739),"1968","143-72",-100.353314,37.4739,186.0617371,"132-197"
"1623","Meade",-91.6,NA,1969-01-23,372821100210901,119,30,c(-100.353314, 37.4739),"1969","143-72",-100.353314,37.4739,186.0617371,"132-197"
"1624","Meade",-96.65,NA,1970-01-22,372821100210901,119,30,c(-100.353314, 37.4739),"1970","143-72",-100.353314,37.4739,186.0617371,"132-197"
"1625","Meade",-96.64,NA,1971-01-20,372821100210901,119,30,c(-100.353314, 37.4739),"1971","143-72",-100.353314,37.4739,186.0617371,"132-197"
"1626","Meade",-94.55,NA,1972-01-19,372821100210901,119,30,c(-100.353314, 37.4739),"1972","143-72",-100.353314,37.4739,186.0617371,"132-197"
"1627","Meade",-95.27,NA,1973-01-24,372821100210901,119,30,c(-100.353314, 37.4739),"1973","143-72",-100.353314,37.4739,186.0617371,"132-197"
"1628","Meade",-95.77,NA,1974-01-16,372821100210901,119,30,c(-100.353314, 37.4739),"1974","143-72",-100.353314,37.4739,186.0617371,"132-197"
"1629","Meade",-103.03,NA,1975-01-22,372821100210901,119,30,c(-100.353314, 37.4739),"1975","143-72",-100.353314,37.4739,186.0617371,"132-197"
"1630","Meade",-101.92,NA,1976-01-13,372821100210901,119,30,c(-100.353314, 37.4739),"1976","143-72",-100.353314,37.4739,186.0617371,"132-197"
"1631","Meade",-105.67,NA,1977-01-11,372821100210901,119,30,c(-100.353314, 37.4739),"1977","143-72",-100.353314,37.4739,186.0617371,"132-197"
"1632","Meade",-107.85,NA,1978-01-19,372821100210901,119,30,c(-100.353314, 37.4739),"1978","143-72",-100.353314,37.4739,186.0617371,"132-197"
"1633","Meade",-114.25,NA,1979-02-01,372821100210901,119,30,c(-100.353314, 37.4739),"1979","143-72",-100.353314,37.4739,186.0617371,"132-197"
"1634","Meade",-114.31,NA,1980-01-18,372821100210901,119,30,c(-100.353314, 37.4739),"1980","143-72",-100.353314,37.4739,186.0617371,"132-197"
"1635","Meade",-115.63,NA,1981-01-14,372821100210901,119,30,c(-100.353314, 37.4739),"1981","143-72",-100.353314,37.4739,186.0617371,"132-197"
"1636","Meade",-115.03,NA,1982-01-14,372821100210901,119,30,c(-100.353314, 37.4739),"1982","143-72",-100.353314,37.4739,186.0617371,"132-197"
"1637","Meade",-120.35,NA,1983-01-05,372821100210901,119,30,c(-100.353314, 37.4739),"1983","143-72",-100.353314,37.4739,186.0617371,"132-197"
"1638","Meade",-120.42,NA,1984-01-11,372821100210901,119,30,c(-100.353314, 37.4739),"1984","143-72",-100.353314,37.4739,186.0617371,"132-197"
"1639","Meade",-242.9,"Plains",2004-01-06,372117100354702,119,31,c(-100.596941, 37.355413),"2004","287-216",-100.596941,37.355413,251.1871033,"198-262"
"1640","Meade",-242.95,"Plains",2005-01-12,372117100354702,119,31,c(-100.596941, 37.355413),"2005","287-216",-100.596941,37.355413,251.1871033,"198-262"
"1641","Meade",-243.44,"Plains",2006-01-08,372117100354702,119,31,c(-100.596941, 37.355413),"2006","287-216",-100.596941,37.355413,251.1871033,"198-262"
"1642","Meade",-247.28,"Plains",2007-01-23,372117100354702,119,31,c(-100.596941, 37.355413),"2007","287-216",-100.596941,37.355413,251.1871033,"198-262"
"1643","Meade",-252.82,"Plains",2008-01-07,372117100354702,119,31,c(-100.596941, 37.355413),"2008","287-216",-100.596941,37.355413,251.1871033,"198-262"
"1644","Meade",-256.84,"Plains",2009-01-08,372117100354702,119,31,c(-100.596941, 37.355413),"2009","287-216",-100.596941,37.355413,251.1871033,"198-262"
"1645","Meade",-258.96,"Plains",2010-01-05,372117100354702,119,31,c(-100.596941, 37.355413),"2010","287-216",-100.596941,37.355413,251.1871033,"198-262"
"1646","Meade",-258.79,"Plains",2010-01-05,372117100354702,119,31,c(-100.596941, 37.355413),"2010","287-216",-100.596941,37.355413,251.1871033,"198-262"
"1647","Meade",-262.16,"Plains",2011-01-07,372117100354702,119,31,c(-100.596941, 37.355413),"2011","287-216",-100.596941,37.355413,251.1871033,"198-262"
"1648","Meade",-266.4,"Plains",2012-01-06,372117100354702,119,31,c(-100.596941, 37.355413),"2012","287-216",-100.596941,37.355413,251.1871033,"198-262"
"1649","Meade",-271.54,"Plains",2013-01-06,372117100354702,119,31,c(-100.596941, 37.355413),"2013","287-216",-100.596941,37.355413,251.1871033,"198-262"
"1650","Meade",-273,"Plains",2014-01-05,372117100354702,119,31,c(-100.596941, 37.355413),"2014","287-216",-100.596941,37.355413,251.1871033,"198-262"
"1651","Meade",-275.94,"Plains",2015-01-05,372117100354702,119,31,c(-100.596941, 37.355413),"2015","287-216",-100.596941,37.355413,251.1871033,"198-262"
"1652","Meade",-276.65,"Plains",2016-01-05,372117100354702,119,31,c(-100.596941, 37.355413),"2016","287-216",-100.596941,37.355413,251.1871033,"198-262"
"1653","Meade",-279.45,"Plains",2017-01-06,372117100354702,119,31,c(-100.596941, 37.355413),"2017","287-216",-100.596941,37.355413,251.1871033,"198-262"
"1654","Meade",-279.29,"Plains",2018-01-05,372117100354702,119,31,c(-100.596941, 37.355413),"2018","287-216",-100.596941,37.355413,251.1871033,"198-262"
"1655","Meade",-282.3,"Plains",2019-01-05,372117100354702,119,31,c(-100.596941, 37.355413),"2019","287-216",-100.596941,37.355413,251.1871033,"198-262"
"1656","Meade",-282.09,"Plains",2020-01-04,372117100354702,119,31,c(-100.596941, 37.355413),"2020","287-216",-100.596941,37.355413,251.1871033,"198-262"
"1657","Meade",-284,"Plains",2021-01-07,372117100354702,119,31,c(-100.596941, 37.355413),"2021","287-216",-100.596941,37.355413,251.1871033,"198-262"
"1658","Meade",-285.92,"Plains",2022-01-06,372117100354702,119,31,c(-100.596941, 37.355413),"2022","287-216",-100.596941,37.355413,251.1871033,"198-262"
"1659","Meade",-285.9,"Plains",2022-01-06,372117100354702,119,31,c(-100.596941, 37.355413),"2022","287-216",-100.596941,37.355413,251.1871033,"198-262"
"1660","Meade",-290.1,"Plains",2023-01-06,372117100354702,119,31,c(-100.596941, 37.355413),"2023","359-288",-100.596941,37.355413,251.1871033,"198-262"
"1661","Meade",-290.82,"Plains",2024-01-05,372117100354702,119,31,c(-100.596941, 37.355413),"2024","359-288",-100.596941,37.355413,251.1871033,"198-262"
"1662","Meade",-290.85,"Plains",2024-01-05,372117100354702,119,31,c(-100.596941, 37.355413),"2024","359-288",-100.596941,37.355413,251.1871033,"198-262"
"1663","Meade",-257.29,"Plains NE",2022-03-08,372459100301501,119,30,c(-100.504141, 37.416302),"2022","287-216",-100.504141,37.416302,309.0986938,"263-328"
"1664","Meade",-262.08,"Plains NE",2023-01-06,372459100301501,119,30,c(-100.504141, 37.416302),"2023","287-216",-100.504141,37.416302,309.0986938,"263-328"
"1665","Meade",-262.01,"Plains NE",2023-01-06,372459100301501,119,30,c(-100.504141, 37.416302),"2023","287-216",-100.504141,37.416302,309.0986938,"263-328"
"1666","Meade",-263.22,"Plains NE",2024-01-05,372459100301501,119,30,c(-100.504141, 37.416302),"2024","287-216",-100.504141,37.416302,309.0986938,"263-328"
"1667","Meade",-263.64,"Plains NE",2024-01-05,372459100301501,119,30,c(-100.504141, 37.416302),"2024","287-216",-100.504141,37.416302,309.0986938,"263-328"
"1668","Meade",-187.36,NA,1975-01-23,370403100344402,119,34,c(-100.578129, 37.06724),"1975","215-144",-100.578129,37.06724,442.7352295,"393-459"
"1669","Meade",-187.5,NA,1976-01-12,370403100344402,119,34,c(-100.578129, 37.06724),"1976","215-144",-100.578129,37.06724,442.7352295,"393-459"
"1670","Meade",-187.08,NA,1977-01-07,370403100344402,119,34,c(-100.578129, 37.06724),"1977","215-144",-100.578129,37.06724,442.7352295,"393-459"
"1671","Meade",-188.59,NA,1978-01-19,370403100344402,119,34,c(-100.578129, 37.06724),"1978","215-144",-100.578129,37.06724,442.7352295,"393-459"
"1672","Meade",-189.1,NA,1979-02-02,370403100344402,119,34,c(-100.578129, 37.06724),"1979","215-144",-100.578129,37.06724,442.7352295,"393-459"
"1673","Meade",-189.59,NA,1980-01-16,370403100344402,119,34,c(-100.578129, 37.06724),"1980","215-144",-100.578129,37.06724,442.7352295,"393-459"
"1674","Meade",-189.69,NA,1980-01-18,370403100344402,119,34,c(-100.578129, 37.06724),"1980","215-144",-100.578129,37.06724,442.7352295,"393-459"
"1675","Meade",-190.21,NA,1981-01-13,370403100344402,119,34,c(-100.578129, 37.06724),"1981","215-144",-100.578129,37.06724,442.7352295,"393-459"
"1676","Meade",-190.23,NA,1982-01-15,370403100344402,119,34,c(-100.578129, 37.06724),"1982","215-144",-100.578129,37.06724,442.7352295,"393-459"
"1677","Meade",-191.48,NA,1983-01-06,370403100344402,119,34,c(-100.578129, 37.06724),"1983","215-144",-100.578129,37.06724,442.7352295,"393-459"
"1678","Meade",-188.8,NA,1984-01-12,370403100344402,119,34,c(-100.578129, 37.06724),"1984","215-144",-100.578129,37.06724,442.7352295,"393-459"
"1679","Meade",-163,NA,1965-01-01,371302100331401,119,32,c(-100.554491, 37.217934),"1965","215-144",-100.554491,37.217934,266.6624756,"263-328"
"1680","Meade",-181.58,NA,1981-01-13,371302100331401,119,32,c(-100.554491, 37.217934),"1981","215-144",-100.554491,37.217934,266.6624756,"263-328"
"1681","Meade",-189.44,NA,1982-01-15,371302100331401,119,32,c(-100.554491, 37.217934),"1982","215-144",-100.554491,37.217934,266.6624756,"263-328"
"1682","Meade",-189.85,NA,1983-01-06,371302100331401,119,32,c(-100.554491, 37.217934),"1983","215-144",-100.554491,37.217934,266.6624756,"263-328"
"1683","Meade",-184.83,NA,1984-01-12,371302100331401,119,32,c(-100.554491, 37.217934),"1984","215-144",-100.554491,37.217934,266.6624756,"263-328"
"1684","Meade",-19.32,"FOWLER",1985-01-15,372304100104601,119,30,c(-100.180519, 37.387504),"1985","71-0",-100.180519,37.387504,115.1991806,"66-131"
"1685","Meade",-17.89,"FOWLER",1986-01-07,372304100104601,119,30,c(-100.180519, 37.387504),"1986","71-0",-100.180519,37.387504,115.1991806,"66-131"
"1686","Meade",-18.7,"FOWLER",1987-01-07,372304100104601,119,30,c(-100.180519, 37.387504),"1987","71-0",-100.180519,37.387504,115.1991806,"66-131"
"1687","Meade",-17.33,"FOWLER",1988-01-06,372304100104601,119,30,c(-100.180519, 37.387504),"1988","71-0",-100.180519,37.387504,115.1991806,"66-131"
"1688","Meade",-19.71,"FOWLER",1989-01-10,372304100104601,119,30,c(-100.180519, 37.387504),"1989","71-0",-100.180519,37.387504,115.1991806,"66-131"
"1689","Meade",-20.01,"FOWLER",1990-01-10,372304100104601,119,30,c(-100.180519, 37.387504),"1990","71-0",-100.180519,37.387504,115.1991806,"66-131"
"1690","Meade",-20.6,"FOWLER",1991-01-11,372304100104601,119,30,c(-100.180519, 37.387504),"1991","71-0",-100.180519,37.387504,115.1991806,"66-131"
"1691","Meade",-22.48,"FOWLER",1992-01-14,372304100104601,119,30,c(-100.180519, 37.387504),"1992","71-0",-100.180519,37.387504,115.1991806,"66-131"
"1692","Meade",-18.15,"FOWLER",1993-02-04,372304100104601,119,30,c(-100.180519, 37.387504),"1993","71-0",-100.180519,37.387504,115.1991806,"66-131"
"1693","Meade",-21.54,"FOWLER",1994-01-11,372304100104601,119,30,c(-100.180519, 37.387504),"1994","71-0",-100.180519,37.387504,115.1991806,"66-131"
"1694","Meade",-23.13,"FOWLER",1995-01-18,372304100104601,119,30,c(-100.180519, 37.387504),"1995","71-0",-100.180519,37.387504,115.1991806,"66-131"
"1695","Meade",-23.68,"FOWLER",1996-01-23,372304100104601,119,30,c(-100.180519, 37.387504),"1996","71-0",-100.180519,37.387504,115.1991806,"66-131"
"1696","Meade",-20.44,"FOWLER",1997-01-08,372304100104601,119,30,c(-100.180519, 37.387504),"1997","71-0",-100.180519,37.387504,115.1991806,"66-131"
"1697","Meade",-21.51,"FOWLER",1998-01-07,372304100104601,119,30,c(-100.180519, 37.387504),"1998","71-0",-100.180519,37.387504,115.1991806,"66-131"
"1698","Meade",-16.39,"FOWLER",1999-01-06,372304100104601,119,30,c(-100.180519, 37.387504),"1999","71-0",-100.180519,37.387504,115.1991806,"66-131"
"1699","Meade",-15.94,"FOWLER",2000-01-07,372304100104601,119,30,c(-100.180519, 37.387504),"2000","71-0",-100.180519,37.387504,115.1991806,"66-131"
"1700","Meade",-17.38,"FOWLER",2001-01-06,372304100104601,119,30,c(-100.180519, 37.387504),"2001","71-0",-100.180519,37.387504,115.1991806,"66-131"
"1701","Meade",-18.65,"FOWLER",2002-01-07,372304100104601,119,30,c(-100.180519, 37.387504),"2002","71-0",-100.180519,37.387504,115.1991806,"66-131"
"1702","Meade",-20.52,"FOWLER",2003-01-10,372304100104601,119,30,c(-100.180519, 37.387504),"2003","71-0",-100.180519,37.387504,115.1991806,"66-131"
"1703","Meade",-20.29,"FOWLER",2004-01-06,372304100104601,119,30,c(-100.180519, 37.387504),"2004","71-0",-100.180519,37.387504,115.1991806,"66-131"
"1704","Meade",-20.95,"FOWLER",2005-01-12,372304100104601,119,30,c(-100.180519, 37.387504),"2005","71-0",-100.180519,37.387504,115.1991806,"66-131"
"1705","Meade",-20.68,"FOWLER",2006-01-08,372304100104601,119,30,c(-100.180519, 37.387504),"2006","71-0",-100.180519,37.387504,115.1991806,"66-131"
"1706","Meade",-22.66,"FOWLER",2007-01-23,372304100104601,119,30,c(-100.180519, 37.387504),"2007","71-0",-100.180519,37.387504,115.1991806,"66-131"
"1707","Meade",-22.15,"FOWLER",2008-01-08,372304100104601,119,30,c(-100.180519, 37.387504),"2008","71-0",-100.180519,37.387504,115.1991806,"66-131"
"1708","Meade",-23.96,"FOWLER",2009-01-08,372304100104601,119,30,c(-100.180519, 37.387504),"2009","71-0",-100.180519,37.387504,115.1991806,"66-131"
"1709","Meade",-24.81,"FOWLER",2010-01-05,372304100104601,119,30,c(-100.180519, 37.387504),"2010","71-0",-100.180519,37.387504,115.1991806,"66-131"
"1710","Meade",-25.56,"FOWLER",2011-01-07,372304100104601,119,30,c(-100.180519, 37.387504),"2011","71-0",-100.180519,37.387504,115.1991806,"66-131"
"1711","Meade",-29.35,"FOWLER",2012-01-06,372304100104601,119,30,c(-100.180519, 37.387504),"2012","71-0",-100.180519,37.387504,115.1991806,"66-131"
"1712","Meade",-30.52,"FOWLER",2013-01-06,372304100104601,119,30,c(-100.180519, 37.387504),"2013","71-0",-100.180519,37.387504,115.1991806,"66-131"
"1713","Meade",-31.96,"FOWLER",2014-01-05,372304100104601,119,30,c(-100.180519, 37.387504),"2014","71-0",-100.180519,37.387504,115.1991806,"66-131"
"1714","Meade",-32.54,"FOWLER",2015-01-05,372304100104601,119,30,c(-100.180519, 37.387504),"2015","71-0",-100.180519,37.387504,115.1991806,"66-131"
"1715","Meade",-31.69,"FOWLER",2016-01-05,372304100104601,119,30,c(-100.180519, 37.387504),"2016","71-0",-100.180519,37.387504,115.1991806,"66-131"
"1716","Meade",-31.63,"FOWLER",2016-01-05,372304100104601,119,30,c(-100.180519, 37.387504),"2016","71-0",-100.180519,37.387504,115.1991806,"66-131"
"1717","Meade",-30.02,"FOWLER",2017-01-06,372304100104601,119,30,c(-100.180519, 37.387504),"2017","71-0",-100.180519,37.387504,115.1991806,"66-131"
"1718","Meade",-30.14,"FOWLER",2018-01-05,372304100104601,119,30,c(-100.180519, 37.387504),"2018","71-0",-100.180519,37.387504,115.1991806,"66-131"
"1719","Meade",-32.4,"FOWLER",2019-01-05,372304100104601,119,30,c(-100.180519, 37.387504),"2019","71-0",-100.180519,37.387504,115.1991806,"66-131"
"1720","Meade",-29.8,"FOWLER",2020-01-05,372304100104601,119,30,c(-100.180519, 37.387504),"2020","71-0",-100.180519,37.387504,115.1991806,"66-131"
"1721","Meade",-30.88,"FOWLER",2021-01-07,372304100104601,119,30,c(-100.180519, 37.387504),"2021","71-0",-100.180519,37.387504,115.1991806,"66-131"
"1722","Meade",-32.1,"FOWLER",2022-01-06,372304100104601,119,30,c(-100.180519, 37.387504),"2022","71-0",-100.180519,37.387504,115.1991806,"66-131"
"1723","Meade",-35.5,"FOWLER",2023-01-06,372304100104601,119,30,c(-100.180519, 37.387504),"2023","71-0",-100.180519,37.387504,115.1991806,"66-131"
"1724","Meade",-34.8,"FOWLER",2024-01-05,372304100104601,119,30,c(-100.180519, 37.387504),"2024","71-0",-100.180519,37.387504,115.1991806,"66-131"
"1725","Meade",-134,NA,1965-01-01,372117100354701,119,31,c(-100.597331, 37.355603),"1965","143-72",-100.597331,37.355603,251.1871033,"198-262"
"1726","Meade",-133.7,NA,1965-01-28,372117100354701,119,31,c(-100.597331, 37.355603),"1965","143-72",-100.597331,37.355603,251.1871033,"198-262"
"1727","Meade",-133.9,NA,1966-01-17,372117100354701,119,31,c(-100.597331, 37.355603),"1966","143-72",-100.597331,37.355603,251.1871033,"198-262"
"1728","Meade",-135,NA,1967-01-23,372117100354701,119,31,c(-100.597331, 37.355603),"1967","143-72",-100.597331,37.355603,251.1871033,"198-262"
"1729","Meade",-136.65,NA,1968-01-15,372117100354701,119,31,c(-100.597331, 37.355603),"1968","143-72",-100.597331,37.355603,251.1871033,"198-262"
"1730","Meade",-138.37,NA,1969-01-22,372117100354701,119,31,c(-100.597331, 37.355603),"1969","143-72",-100.597331,37.355603,251.1871033,"198-262"
"1731","Meade",-138.9,NA,1970-01-21,372117100354701,119,31,c(-100.597331, 37.355603),"1970","143-72",-100.597331,37.355603,251.1871033,"198-262"
"1732","Meade",-141.83,NA,1971-01-20,372117100354701,119,31,c(-100.597331, 37.355603),"1971","143-72",-100.597331,37.355603,251.1871033,"198-262"
"1733","Meade",-143.8,NA,1972-01-19,372117100354701,119,31,c(-100.597331, 37.355603),"1972","143-72",-100.597331,37.355603,251.1871033,"198-262"
"1734","Meade",-142.79,NA,1973-01-22,372117100354701,119,31,c(-100.597331, 37.355603),"1973","143-72",-100.597331,37.355603,251.1871033,"198-262"
"1735","Meade",-146.4,NA,1974-01-15,372117100354701,119,31,c(-100.597331, 37.355603),"1974","215-144",-100.597331,37.355603,251.1871033,"198-262"
"1736","Meade",-148.56,NA,1975-01-23,372117100354701,119,31,c(-100.597331, 37.355603),"1975","215-144",-100.597331,37.355603,251.1871033,"198-262"
"1737","Meade",-153.76,NA,1976-01-14,372117100354701,119,31,c(-100.597331, 37.355603),"1976","215-144",-100.597331,37.355603,251.1871033,"198-262"
"1738","Meade",-168.47,NA,1977-01-12,372117100354701,119,31,c(-100.597331, 37.355603),"1977","215-144",-100.597331,37.355603,251.1871033,"198-262"
"1739","Meade",-169.78,NA,1978-01-19,372117100354701,119,31,c(-100.597331, 37.355603),"1978","215-144",-100.597331,37.355603,251.1871033,"198-262"
"1740","Meade",-166.94,NA,1979-02-02,372117100354701,119,31,c(-100.597331, 37.355603),"1979","215-144",-100.597331,37.355603,251.1871033,"198-262"
"1741","Meade",-169.87,NA,1980-01-16,372117100354701,119,31,c(-100.597331, 37.355603),"1980","215-144",-100.597331,37.355603,251.1871033,"198-262"
"1742","Meade",-172.4,NA,1981-01-14,372117100354701,119,31,c(-100.597331, 37.355603),"1981","215-144",-100.597331,37.355603,251.1871033,"198-262"
"1743","Meade",-175.83,NA,1982-01-14,372117100354701,119,31,c(-100.597331, 37.355603),"1982","215-144",-100.597331,37.355603,251.1871033,"198-262"
"1744","Meade",-177.9,NA,1983-01-05,372117100354701,119,31,c(-100.597331, 37.355603),"1983","215-144",-100.597331,37.355603,251.1871033,"198-262"
"1745","Meade",-179.3,NA,1984-01-11,372117100354701,119,31,c(-100.597331, 37.355603),"1984","215-144",-100.597331,37.355603,251.1871033,"198-262"
"1746","Meade",-182.8,NA,1985-01-16,372117100354701,119,31,c(-100.597331, 37.355603),"1985","215-144",-100.597331,37.355603,251.1871033,"198-262"
"1747","Meade",-186.34,NA,1986-01-08,372117100354701,119,31,c(-100.597331, 37.355603),"1986","215-144",-100.597331,37.355603,251.1871033,"198-262"
"1748","Meade",-188.85,NA,1987-01-07,372117100354701,119,31,c(-100.597331, 37.355603),"1987","215-144",-100.597331,37.355603,251.1871033,"198-262"
"1749","Meade",-191.07,NA,1988-01-06,372117100354701,119,31,c(-100.597331, 37.355603),"1988","215-144",-100.597331,37.355603,251.1871033,"198-262"
"1750","Meade",-197.7,NA,1989-01-11,372117100354701,119,31,c(-100.597331, 37.355603),"1989","215-144",-100.597331,37.355603,251.1871033,"198-262"
"1751","Meade",-199.51,NA,1990-01-09,372117100354701,119,31,c(-100.597331, 37.355603),"1990","215-144",-100.597331,37.355603,251.1871033,"198-262"
"1752","Meade",-206.3,NA,1991-01-13,372117100354701,119,31,c(-100.597331, 37.355603),"1991","215-144",-100.597331,37.355603,251.1871033,"198-262"
"1753","Meade",-206.14,NA,1992-01-16,372117100354701,119,31,c(-100.597331, 37.355603),"1992","215-144",-100.597331,37.355603,251.1871033,"198-262"
"1754","Meade",-206.7,NA,1993-02-02,372117100354701,119,31,c(-100.597331, 37.355603),"1993","215-144",-100.597331,37.355603,251.1871033,"198-262"
"1755","Meade",-209.7,NA,1994-01-11,372117100354701,119,31,c(-100.597331, 37.355603),"1994","215-144",-100.597331,37.355603,251.1871033,"198-262"
"1756","Meade",-212.8,NA,1995-01-17,372117100354701,119,31,c(-100.597331, 37.355603),"1995","215-144",-100.597331,37.355603,251.1871033,"198-262"
"1757","Meade",-216.7,NA,1996-01-19,372117100354701,119,31,c(-100.597331, 37.355603),"1996","287-216",-100.597331,37.355603,251.1871033,"198-262"
"1758","Meade",-220.35,NA,1997-01-08,372117100354701,119,31,c(-100.597331, 37.355603),"1997","287-216",-100.597331,37.355603,251.1871033,"198-262"
"1759","Meade",-223.5,NA,1998-01-07,372117100354701,119,31,c(-100.597331, 37.355603),"1998","287-216",-100.597331,37.355603,251.1871033,"198-262"
"1760","Meade",-227.92,NA,1999-01-06,372117100354701,119,31,c(-100.597331, 37.355603),"1999","287-216",-100.597331,37.355603,251.1871033,"198-262"
"1761","Meade",-228.84,NA,2000-01-07,372117100354701,119,31,c(-100.597331, 37.355603),"2000","287-216",-100.597331,37.355603,251.1871033,"198-262"
"1762","Meade",-230.88,NA,2001-01-06,372117100354701,119,31,c(-100.597331, 37.355603),"2001","287-216",-100.597331,37.355603,251.1871033,"198-262"
"1763","Meade",-233.34,NA,2002-01-07,372117100354701,119,31,c(-100.597331, 37.355603),"2002","287-216",-100.597331,37.355603,251.1871033,"198-262"
"1764","Meade",-233.32,NA,2002-01-07,372117100354701,119,31,c(-100.597331, 37.355603),"2002","287-216",-100.597331,37.355603,251.1871033,"198-262"
"1765","Meade",-239.96,NA,2003-01-10,372117100354701,119,31,c(-100.597331, 37.355603),"2003","287-216",-100.597331,37.355603,251.1871033,"198-262"
"1766","Meade",-239.88,NA,2003-01-10,372117100354701,119,31,c(-100.597331, 37.355603),"2003","287-216",-100.597331,37.355603,251.1871033,"198-262"
"1767","Meade",-91.1,NA,1975-01-01,372026100162401,119,31,c(-100.273477, 37.342584),"1975","143-72",-100.273477,37.342584,160.3096924,"132-197"
"1768","Meade",-91.14,NA,1975-01-22,372026100162401,119,31,c(-100.273477, 37.342584),"1975","143-72",-100.273477,37.342584,160.3096924,"132-197"
"1769","Meade",-30.3,NA,1965-01-01,372719100124901,119,30,c(-100.215142, 37.459725),"1965","71-0",-100.215142,37.459725,142.1052551,"132-197"
"1770","Meade",-29.93,NA,1965-01-28,372719100124901,119,30,c(-100.215142, 37.459725),"1965","71-0",-100.215142,37.459725,142.1052551,"132-197"
"1771","Meade",-29.92,NA,1966-01-17,372719100124901,119,30,c(-100.215142, 37.459725),"1966","71-0",-100.215142,37.459725,142.1052551,"132-197"
"1772","Meade",-31.4,NA,1967-01-23,372719100124901,119,30,c(-100.215142, 37.459725),"1967","71-0",-100.215142,37.459725,142.1052551,"132-197"
"1773","Meade",-33.7,NA,1968-01-15,372719100124901,119,30,c(-100.215142, 37.459725),"1968","71-0",-100.215142,37.459725,142.1052551,"132-197"
"1774","Meade",-34.6,NA,1969-01-23,372719100124901,119,30,c(-100.215142, 37.459725),"1969","71-0",-100.215142,37.459725,142.1052551,"132-197"
"1775","Meade",-32.2,NA,1970-01-22,372719100124901,119,30,c(-100.215142, 37.459725),"1970","71-0",-100.215142,37.459725,142.1052551,"132-197"
"1776","Meade",-37.93,NA,1971-01-20,372719100124901,119,30,c(-100.215142, 37.459725),"1971","71-0",-100.215142,37.459725,142.1052551,"132-197"
"1777","Meade",-37.85,NA,1972-01-19,372719100124901,119,30,c(-100.215142, 37.459725),"1972","71-0",-100.215142,37.459725,142.1052551,"132-197"
"1778","Meade",-35.68,NA,1973-01-24,372719100124901,119,30,c(-100.215142, 37.459725),"1973","71-0",-100.215142,37.459725,142.1052551,"132-197"
"1779","Meade",-31.95,NA,1974-01-16,372719100124901,119,30,c(-100.215142, 37.459725),"1974","71-0",-100.215142,37.459725,142.1052551,"132-197"
"1780","Meade",-34.87,NA,1975-01-22,372719100124901,119,30,c(-100.215142, 37.459725),"1975","71-0",-100.215142,37.459725,142.1052551,"132-197"
"1781","Meade",-42.67,NA,1976-01-13,372719100124901,119,30,c(-100.215142, 37.459725),"1976","71-0",-100.215142,37.459725,142.1052551,"132-197"
"1782","Meade",-50.84,NA,1977-01-11,372719100124901,119,30,c(-100.215142, 37.459725),"1977","71-0",-100.215142,37.459725,142.1052551,"132-197"
"1783","Meade",-48.99,NA,1978-01-19,372719100124901,119,30,c(-100.215142, 37.459725),"1978","71-0",-100.215142,37.459725,142.1052551,"132-197"
"1784","Meade",-59.57,NA,1979-02-01,372719100124901,119,30,c(-100.215142, 37.459725),"1979","71-0",-100.215142,37.459725,142.1052551,"132-197"
"1785","Meade",-57.4,NA,1980-01-18,372719100124901,119,30,c(-100.215142, 37.459725),"1980","71-0",-100.215142,37.459725,142.1052551,"132-197"
"1786","Meade",-60.79,NA,1981-01-13,372719100124901,119,30,c(-100.215142, 37.459725),"1981","71-0",-100.215142,37.459725,142.1052551,"132-197"
"1787","Meade",-59.92,NA,1982-01-14,372719100124901,119,30,c(-100.215142, 37.459725),"1982","71-0",-100.215142,37.459725,142.1052551,"132-197"
"1788","Meade",-62.33,NA,1983-01-07,372719100124901,119,30,c(-100.215142, 37.459725),"1983","71-0",-100.215142,37.459725,142.1052551,"132-197"
"1789","Meade",-61.57,NA,1984-01-11,372719100124901,119,30,c(-100.215142, 37.459725),"1984","71-0",-100.215142,37.459725,142.1052551,"132-197"
"1790","Meade",-15.6,"Fowler",1939-08-01,372539100142501,119,30,c(-100.243402, 37.42974),"1939","71-0",-100.243402,37.42974,213.5606079,"198-262"
"1791","Meade",-15.57,"Fowler",1939-08-31,372539100142501,119,30,c(-100.243402, 37.42974),"1939","71-0",-100.243402,37.42974,213.5606079,"198-262"
"1792","Meade",-17.79,"Fowler",1939-09-15,372539100142501,119,30,c(-100.243402, 37.42974),"1939","71-0",-100.243402,37.42974,213.5606079,"198-262"
"1793","Meade",-14.88,"Fowler",1939-09-25,372539100142501,119,30,c(-100.243402, 37.42974),"1939","71-0",-100.243402,37.42974,213.5606079,"198-262"
"1794","Meade",-15.27,"Fowler",1939-09-30,372539100142501,119,30,c(-100.243402, 37.42974),"1939","71-0",-100.243402,37.42974,213.5606079,"198-262"
"1795","Meade",-14.99,"Fowler",1939-10-10,372539100142501,119,30,c(-100.243402, 37.42974),"1939","71-0",-100.243402,37.42974,213.5606079,"198-262"
"1796","Meade",-14.83,"Fowler",1939-10-15,372539100142501,119,30,c(-100.243402, 37.42974),"1939","71-0",-100.243402,37.42974,213.5606079,"198-262"
"1797","Meade",-14.73,"Fowler",1939-10-20,372539100142501,119,30,c(-100.243402, 37.42974),"1939","71-0",-100.243402,37.42974,213.5606079,"198-262"
"1798","Meade",-14.68,"Fowler",1939-10-25,372539100142501,119,30,c(-100.243402, 37.42974),"1939","71-0",-100.243402,37.42974,213.5606079,"198-262"
"1799","Meade",-14.73,"Fowler",1939-10-30,372539100142501,119,30,c(-100.243402, 37.42974),"1939","71-0",-100.243402,37.42974,213.5606079,"198-262"
"1800","Meade",-14.7,"Fowler",1939-11-05,372539100142501,119,30,c(-100.243402, 37.42974),"1939","71-0",-100.243402,37.42974,213.5606079,"198-262"
"1801","Meade",-14.7,"Fowler",1939-11-10,372539100142501,119,30,c(-100.243402, 37.42974),"1939","71-0",-100.243402,37.42974,213.5606079,"198-262"
"1802","Meade",-14.69,"Fowler",1939-11-15,372539100142501,119,30,c(-100.243402, 37.42974),"1939","71-0",-100.243402,37.42974,213.5606079,"198-262"
"1803","Meade",-14.67,"Fowler",1939-11-20,372539100142501,119,30,c(-100.243402, 37.42974),"1939","71-0",-100.243402,37.42974,213.5606079,"198-262"
"1804","Meade",-14.72,"Fowler",1939-11-25,372539100142501,119,30,c(-100.243402, 37.42974),"1939","71-0",-100.243402,37.42974,213.5606079,"198-262"
"1805","Meade",-14.61,"Fowler",1939-11-30,372539100142501,119,30,c(-100.243402, 37.42974),"1939","71-0",-100.243402,37.42974,213.5606079,"198-262"
"1806","Meade",-14.65,"Fowler",1939-12-05,372539100142501,119,30,c(-100.243402, 37.42974),"1939","71-0",-100.243402,37.42974,213.5606079,"198-262"
"1807","Meade",-14.65,"Fowler",1939-12-10,372539100142501,119,30,c(-100.243402, 37.42974),"1939","71-0",-100.243402,37.42974,213.5606079,"198-262"
"1808","Meade",-14.66,"Fowler",1939-12-15,372539100142501,119,30,c(-100.243402, 37.42974),"1939","71-0",-100.243402,37.42974,213.5606079,"198-262"
"1809","Meade",-14.66,"Fowler",1939-12-20,372539100142501,119,30,c(-100.243402, 37.42974),"1939","71-0",-100.243402,37.42974,213.5606079,"198-262"
"1810","Meade",-14.65,"Fowler",1939-12-25,372539100142501,119,30,c(-100.243402, 37.42974),"1939","71-0",-100.243402,37.42974,213.5606079,"198-262"
"1811","Meade",-14.62,"Fowler",1939-12-30,372539100142501,119,30,c(-100.243402, 37.42974),"1939","71-0",-100.243402,37.42974,213.5606079,"198-262"
"1812","Meade",-14.65,"Fowler",1940-01-05,372539100142501,119,30,c(-100.243402, 37.42974),"1940","71-0",-100.243402,37.42974,213.5606079,"198-262"
"1813","Meade",-14.63,"Fowler",1940-01-10,372539100142501,119,30,c(-100.243402, 37.42974),"1940","71-0",-100.243402,37.42974,213.5606079,"198-262"
"1814","Meade",-14.7,"Fowler",1940-01-15,372539100142501,119,30,c(-100.243402, 37.42974),"1940","71-0",-100.243402,37.42974,213.5606079,"198-262"
"1815","Meade",-14.73,"Fowler",1940-01-20,372539100142501,119,30,c(-100.243402, 37.42974),"1940","71-0",-100.243402,37.42974,213.5606079,"198-262"
"1816","Meade",-14.74,"Fowler",1940-01-25,372539100142501,119,30,c(-100.243402, 37.42974),"1940","71-0",-100.243402,37.42974,213.5606079,"198-262"
"1817","Meade",-14.7,"Fowler",1940-01-30,372539100142501,119,30,c(-100.243402, 37.42974),"1940","71-0",-100.243402,37.42974,213.5606079,"198-262"
"1818","Meade",-14.69,"Fowler",1940-02-05,372539100142501,119,30,c(-100.243402, 37.42974),"1940","71-0",-100.243402,37.42974,213.5606079,"198-262"
"1819","Meade",-14.71,"Fowler",1940-02-10,372539100142501,119,30,c(-100.243402, 37.42974),"1940","71-0",-100.243402,37.42974,213.5606079,"198-262"
"1820","Meade",-14.69,"Fowler",1940-02-15,372539100142501,119,30,c(-100.243402, 37.42974),"1940","71-0",-100.243402,37.42974,213.5606079,"198-262"
"1821","Meade",-14.75,"Fowler",1940-02-20,372539100142501,119,30,c(-100.243402, 37.42974),"1940","71-0",-100.243402,37.42974,213.5606079,"198-262"
"1822","Meade",-14.77,"Fowler",1940-02-25,372539100142501,119,30,c(-100.243402, 37.42974),"1940","71-0",-100.243402,37.42974,213.5606079,"198-262"
"1823","Meade",-14.74,"Fowler",1940-03-05,372539100142501,119,30,c(-100.243402, 37.42974),"1940","71-0",-100.243402,37.42974,213.5606079,"198-262"
"1824","Meade",-14.7,"Fowler",1940-03-10,372539100142501,119,30,c(-100.243402, 37.42974),"1940","71-0",-100.243402,37.42974,213.5606079,"198-262"
"1825","Meade",-14.72,"Fowler",1940-03-15,372539100142501,119,30,c(-100.243402, 37.42974),"1940","71-0",-100.243402,37.42974,213.5606079,"198-262"
"1826","Meade",-14.7,"Fowler",1940-03-20,372539100142501,119,30,c(-100.243402, 37.42974),"1940","71-0",-100.243402,37.42974,213.5606079,"198-262"
"1827","Meade",-14.72,"Fowler",1940-03-25,372539100142501,119,30,c(-100.243402, 37.42974),"1940","71-0",-100.243402,37.42974,213.5606079,"198-262"
"1828","Meade",-14.7,"Fowler",1940-03-30,372539100142501,119,30,c(-100.243402, 37.42974),"1940","71-0",-100.243402,37.42974,213.5606079,"198-262"
"1829","Meade",-14.83,"Fowler",1940-04-10,372539100142501,119,30,c(-100.243402, 37.42974),"1940","71-0",-100.243402,37.42974,213.5606079,"198-262"
"1830","Meade",-14.18,"Fowler",1940-04-15,372539100142501,119,30,c(-100.243402, 37.42974),"1940","71-0",-100.243402,37.42974,213.5606079,"198-262"
"1831","Meade",-14.65,"Fowler",1940-04-20,372539100142501,119,30,c(-100.243402, 37.42974),"1940","71-0",-100.243402,37.42974,213.5606079,"198-262"
"1832","Meade",-14.63,"Fowler",1940-04-25,372539100142501,119,30,c(-100.243402, 37.42974),"1940","71-0",-100.243402,37.42974,213.5606079,"198-262"
"1833","Meade",-14.62,"Fowler",1940-05-31,372539100142501,119,30,c(-100.243402, 37.42974),"1940","71-0",-100.243402,37.42974,213.5606079,"198-262"
"1834","Meade",-14.63,"Fowler",1940-06-05,372539100142501,119,30,c(-100.243402, 37.42974),"1940","71-0",-100.243402,37.42974,213.5606079,"198-262"
"1835","Meade",-14.65,"Fowler",1940-06-10,372539100142501,119,30,c(-100.243402, 37.42974),"1940","71-0",-100.243402,37.42974,213.5606079,"198-262"
"1836","Meade",-14.63,"Fowler",1940-06-15,372539100142501,119,30,c(-100.243402, 37.42974),"1940","71-0",-100.243402,37.42974,213.5606079,"198-262"
"1837","Meade",-14.67,"Fowler",1940-06-20,372539100142501,119,30,c(-100.243402, 37.42974),"1940","71-0",-100.243402,37.42974,213.5606079,"198-262"
"1838","Meade",-14.7,"Fowler",1940-06-25,372539100142501,119,30,c(-100.243402, 37.42974),"1940","71-0",-100.243402,37.42974,213.5606079,"198-262"
"1839","Meade",-14.67,"Fowler",1940-07-05,372539100142501,119,30,c(-100.243402, 37.42974),"1940","71-0",-100.243402,37.42974,213.5606079,"198-262"
"1840","Meade",-14.7,"Fowler",1940-07-10,372539100142501,119,30,c(-100.243402, 37.42974),"1940","71-0",-100.243402,37.42974,213.5606079,"198-262"
"1841","Meade",-14.89,"Fowler",1940-08-10,372539100142501,119,30,c(-100.243402, 37.42974),"1940","71-0",-100.243402,37.42974,213.5606079,"198-262"
"1842","Meade",-14.81,"Fowler",1940-08-25,372539100142501,119,30,c(-100.243402, 37.42974),"1940","71-0",-100.243402,37.42974,213.5606079,"198-262"
"1843","Meade",-14.74,"Fowler",1940-08-30,372539100142501,119,30,c(-100.243402, 37.42974),"1940","71-0",-100.243402,37.42974,213.5606079,"198-262"
"1844","Meade",-14.64,"Fowler",1940-09-05,372539100142501,119,30,c(-100.243402, 37.42974),"1940","71-0",-100.243402,37.42974,213.5606079,"198-262"
"1845","Meade",-14.62,"Fowler",1940-09-10,372539100142501,119,30,c(-100.243402, 37.42974),"1940","71-0",-100.243402,37.42974,213.5606079,"198-262"
"1846","Meade",-14.58,"Fowler",1940-09-15,372539100142501,119,30,c(-100.243402, 37.42974),"1940","71-0",-100.243402,37.42974,213.5606079,"198-262"
"1847","Meade",-14.64,"Fowler",1940-09-20,372539100142501,119,30,c(-100.243402, 37.42974),"1940","71-0",-100.243402,37.42974,213.5606079,"198-262"
"1848","Meade",-14.67,"Fowler",1940-09-25,372539100142501,119,30,c(-100.243402, 37.42974),"1940","71-0",-100.243402,37.42974,213.5606079,"198-262"
"1849","Meade",-14.6,"Fowler",1940-09-30,372539100142501,119,30,c(-100.243402, 37.42974),"1940","71-0",-100.243402,37.42974,213.5606079,"198-262"
"1850","Meade",-14.56,"Fowler",1940-10-05,372539100142501,119,30,c(-100.243402, 37.42974),"1940","71-0",-100.243402,37.42974,213.5606079,"198-262"
"1851","Meade",-14.58,"Fowler",1940-10-10,372539100142501,119,30,c(-100.243402, 37.42974),"1940","71-0",-100.243402,37.42974,213.5606079,"198-262"
"1852","Meade",-14.63,"Fowler",1940-10-15,372539100142501,119,30,c(-100.243402, 37.42974),"1940","71-0",-100.243402,37.42974,213.5606079,"198-262"
"1853","Meade",-14.64,"Fowler",1940-10-20,372539100142501,119,30,c(-100.243402, 37.42974),"1940","71-0",-100.243402,37.42974,213.5606079,"198-262"
"1854","Meade",-14.62,"Fowler",1940-10-25,372539100142501,119,30,c(-100.243402, 37.42974),"1940","71-0",-100.243402,37.42974,213.5606079,"198-262"
"1855","Meade",-14.77,"Fowler",1940-10-30,372539100142501,119,30,c(-100.243402, 37.42974),"1940","71-0",-100.243402,37.42974,213.5606079,"198-262"
"1856","Meade",-14.87,"Fowler",1940-11-05,372539100142501,119,30,c(-100.243402, 37.42974),"1940","71-0",-100.243402,37.42974,213.5606079,"198-262"
"1857","Meade",-14.79,"Fowler",1940-11-15,372539100142501,119,30,c(-100.243402, 37.42974),"1940","71-0",-100.243402,37.42974,213.5606079,"198-262"
"1858","Meade",-14.65,"Fowler",1940-11-20,372539100142501,119,30,c(-100.243402, 37.42974),"1940","71-0",-100.243402,37.42974,213.5606079,"198-262"
"1859","Meade",-14.59,"Fowler",1940-11-25,372539100142501,119,30,c(-100.243402, 37.42974),"1940","71-0",-100.243402,37.42974,213.5606079,"198-262"
"1860","Meade",-14.6,"Fowler",1940-12-10,372539100142501,119,30,c(-100.243402, 37.42974),"1940","71-0",-100.243402,37.42974,213.5606079,"198-262"
"1861","Meade",-14.57,"Fowler",1940-12-15,372539100142501,119,30,c(-100.243402, 37.42974),"1940","71-0",-100.243402,37.42974,213.5606079,"198-262"
"1862","Meade",-14.6,"Fowler",1940-12-20,372539100142501,119,30,c(-100.243402, 37.42974),"1940","71-0",-100.243402,37.42974,213.5606079,"198-262"
"1863","Meade",-14.56,"Fowler",1940-12-25,372539100142501,119,30,c(-100.243402, 37.42974),"1940","71-0",-100.243402,37.42974,213.5606079,"198-262"
"1864","Meade",-14.59,"Fowler",1940-12-30,372539100142501,119,30,c(-100.243402, 37.42974),"1940","71-0",-100.243402,37.42974,213.5606079,"198-262"
"1865","Meade",-14.63,"Fowler",1941-01-05,372539100142501,119,30,c(-100.243402, 37.42974),"1941","71-0",-100.243402,37.42974,213.5606079,"198-262"
"1866","Meade",-14.67,"Fowler",1941-01-10,372539100142501,119,30,c(-100.243402, 37.42974),"1941","71-0",-100.243402,37.42974,213.5606079,"198-262"
"1867","Meade",-14.59,"Fowler",1941-01-15,372539100142501,119,30,c(-100.243402, 37.42974),"1941","71-0",-100.243402,37.42974,213.5606079,"198-262"
"1868","Meade",-14.64,"Fowler",1941-01-20,372539100142501,119,30,c(-100.243402, 37.42974),"1941","71-0",-100.243402,37.42974,213.5606079,"198-262"
"1869","Meade",-14.7,"Fowler",1941-01-25,372539100142501,119,30,c(-100.243402, 37.42974),"1941","71-0",-100.243402,37.42974,213.5606079,"198-262"
"1870","Meade",-14.66,"Fowler",1941-01-30,372539100142501,119,30,c(-100.243402, 37.42974),"1941","71-0",-100.243402,37.42974,213.5606079,"198-262"
"1871","Meade",-14.65,"Fowler",1941-02-05,372539100142501,119,30,c(-100.243402, 37.42974),"1941","71-0",-100.243402,37.42974,213.5606079,"198-262"
"1872","Meade",-14.68,"Fowler",1941-02-10,372539100142501,119,30,c(-100.243402, 37.42974),"1941","71-0",-100.243402,37.42974,213.5606079,"198-262"
"1873","Meade",-14.71,"Fowler",1941-02-15,372539100142501,119,30,c(-100.243402, 37.42974),"1941","71-0",-100.243402,37.42974,213.5606079,"198-262"
"1874","Meade",-14.71,"Fowler",1941-02-20,372539100142501,119,30,c(-100.243402, 37.42974),"1941","71-0",-100.243402,37.42974,213.5606079,"198-262"
"1875","Meade",-14.69,"Fowler",1941-02-25,372539100142501,119,30,c(-100.243402, 37.42974),"1941","71-0",-100.243402,37.42974,213.5606079,"198-262"
"1876","Meade",-14.72,"Fowler",1941-03-05,372539100142501,119,30,c(-100.243402, 37.42974),"1941","71-0",-100.243402,37.42974,213.5606079,"198-262"
"1877","Meade",-14.71,"Fowler",1941-03-10,372539100142501,119,30,c(-100.243402, 37.42974),"1941","71-0",-100.243402,37.42974,213.5606079,"198-262"
"1878","Meade",-14.67,"Fowler",1941-03-15,372539100142501,119,30,c(-100.243402, 37.42974),"1941","71-0",-100.243402,37.42974,213.5606079,"198-262"
"1879","Meade",-14.71,"Fowler",1941-03-20,372539100142501,119,30,c(-100.243402, 37.42974),"1941","71-0",-100.243402,37.42974,213.5606079,"198-262"
"1880","Meade",-14.73,"Fowler",1941-03-25,372539100142501,119,30,c(-100.243402, 37.42974),"1941","71-0",-100.243402,37.42974,213.5606079,"198-262"
"1881","Meade",-14.69,"Fowler",1941-03-30,372539100142501,119,30,c(-100.243402, 37.42974),"1941","71-0",-100.243402,37.42974,213.5606079,"198-262"
"1882","Meade",-14.7,"Fowler",1941-04-05,372539100142501,119,30,c(-100.243402, 37.42974),"1941","71-0",-100.243402,37.42974,213.5606079,"198-262"
"1883","Meade",-14.72,"Fowler",1941-04-10,372539100142501,119,30,c(-100.243402, 37.42974),"1941","71-0",-100.243402,37.42974,213.5606079,"198-262"
"1884","Meade",-14.75,"Fowler",1941-04-15,372539100142501,119,30,c(-100.243402, 37.42974),"1941","71-0",-100.243402,37.42974,213.5606079,"198-262"
"1885","Meade",-14.8,"Fowler",1941-04-20,372539100142501,119,30,c(-100.243402, 37.42974),"1941","71-0",-100.243402,37.42974,213.5606079,"198-262"
"1886","Meade",-14.76,"Fowler",1941-04-25,372539100142501,119,30,c(-100.243402, 37.42974),"1941","71-0",-100.243402,37.42974,213.5606079,"198-262"
"1887","Meade",-14.69,"Fowler",1941-04-30,372539100142501,119,30,c(-100.243402, 37.42974),"1941","71-0",-100.243402,37.42974,213.5606079,"198-262"
"1888","Meade",-14.79,"Fowler",1941-05-05,372539100142501,119,30,c(-100.243402, 37.42974),"1941","71-0",-100.243402,37.42974,213.5606079,"198-262"
"1889","Meade",-14.77,"Fowler",1941-05-10,372539100142501,119,30,c(-100.243402, 37.42974),"1941","71-0",-100.243402,37.42974,213.5606079,"198-262"
"1890","Meade",-14.73,"Fowler",1941-05-15,372539100142501,119,30,c(-100.243402, 37.42974),"1941","71-0",-100.243402,37.42974,213.5606079,"198-262"
"1891","Meade",-14.76,"Fowler",1941-05-20,372539100142501,119,30,c(-100.243402, 37.42974),"1941","71-0",-100.243402,37.42974,213.5606079,"198-262"
"1892","Meade",-14.72,"Fowler",1941-05-25,372539100142501,119,30,c(-100.243402, 37.42974),"1941","71-0",-100.243402,37.42974,213.5606079,"198-262"
"1893","Meade",-14.53,"Fowler",1941-05-30,372539100142501,119,30,c(-100.243402, 37.42974),"1941","71-0",-100.243402,37.42974,213.5606079,"198-262"
"1894","Meade",-14.53,"Fowler",1941-06-05,372539100142501,119,30,c(-100.243402, 37.42974),"1941","71-0",-100.243402,37.42974,213.5606079,"198-262"
"1895","Meade",-14.46,"Fowler",1941-06-10,372539100142501,119,30,c(-100.243402, 37.42974),"1941","71-0",-100.243402,37.42974,213.5606079,"198-262"
"1896","Meade",-14.48,"Fowler",1941-06-15,372539100142501,119,30,c(-100.243402, 37.42974),"1941","71-0",-100.243402,37.42974,213.5606079,"198-262"
"1897","Meade",-14.45,"Fowler",1941-06-20,372539100142501,119,30,c(-100.243402, 37.42974),"1941","71-0",-100.243402,37.42974,213.5606079,"198-262"
"1898","Meade",-14.42,"Fowler",1941-06-25,372539100142501,119,30,c(-100.243402, 37.42974),"1941","71-0",-100.243402,37.42974,213.5606079,"198-262"
"1899","Meade",-14.42,"Fowler",1941-06-30,372539100142501,119,30,c(-100.243402, 37.42974),"1941","71-0",-100.243402,37.42974,213.5606079,"198-262"
"1900","Meade",-14.41,"Fowler",1941-07-05,372539100142501,119,30,c(-100.243402, 37.42974),"1941","71-0",-100.243402,37.42974,213.5606079,"198-262"
"1901","Meade",-14.39,"Fowler",1941-07-10,372539100142501,119,30,c(-100.243402, 37.42974),"1941","71-0",-100.243402,37.42974,213.5606079,"198-262"
"1902","Meade",-14.45,"Fowler",1941-07-15,372539100142501,119,30,c(-100.243402, 37.42974),"1941","71-0",-100.243402,37.42974,213.5606079,"198-262"
"1903","Meade",-14.32,"Fowler",1941-07-20,372539100142501,119,30,c(-100.243402, 37.42974),"1941","71-0",-100.243402,37.42974,213.5606079,"198-262"
"1904","Meade",-14.31,"Fowler",1941-07-25,372539100142501,119,30,c(-100.243402, 37.42974),"1941","71-0",-100.243402,37.42974,213.5606079,"198-262"
"1905","Meade",-14.55,"Fowler",1941-07-30,372539100142501,119,30,c(-100.243402, 37.42974),"1941","71-0",-100.243402,37.42974,213.5606079,"198-262"
"1906","Meade",-14.56,"Fowler",1941-08-05,372539100142501,119,30,c(-100.243402, 37.42974),"1941","71-0",-100.243402,37.42974,213.5606079,"198-262"
"1907","Meade",-14.19,"Fowler",1941-08-10,372539100142501,119,30,c(-100.243402, 37.42974),"1941","71-0",-100.243402,37.42974,213.5606079,"198-262"
"1908","Meade",-14.35,"Fowler",1941-08-15,372539100142501,119,30,c(-100.243402, 37.42974),"1941","71-0",-100.243402,37.42974,213.5606079,"198-262"
"1909","Meade",-14.37,"Fowler",1941-08-25,372539100142501,119,30,c(-100.243402, 37.42974),"1941","71-0",-100.243402,37.42974,213.5606079,"198-262"
"1910","Meade",-14.15,"Fowler",1941-08-30,372539100142501,119,30,c(-100.243402, 37.42974),"1941","71-0",-100.243402,37.42974,213.5606079,"198-262"
"1911","Meade",-14.08,"Fowler",1941-09-05,372539100142501,119,30,c(-100.243402, 37.42974),"1941","71-0",-100.243402,37.42974,213.5606079,"198-262"
"1912","Meade",-14.09,"Fowler",1941-09-10,372539100142501,119,30,c(-100.243402, 37.42974),"1941","71-0",-100.243402,37.42974,213.5606079,"198-262"
"1913","Meade",-14.04,"Fowler",1941-09-15,372539100142501,119,30,c(-100.243402, 37.42974),"1941","71-0",-100.243402,37.42974,213.5606079,"198-262"
"1914","Meade",-14.02,"Fowler",1941-09-20,372539100142501,119,30,c(-100.243402, 37.42974),"1941","71-0",-100.243402,37.42974,213.5606079,"198-262"
"1915","Meade",-14.07,"Fowler",1941-09-25,372539100142501,119,30,c(-100.243402, 37.42974),"1941","71-0",-100.243402,37.42974,213.5606079,"198-262"
"1916","Meade",-14.03,"Fowler",1941-09-30,372539100142501,119,30,c(-100.243402, 37.42974),"1941","71-0",-100.243402,37.42974,213.5606079,"198-262"
"1917","Meade",-13.98,"Fowler",1941-10-05,372539100142501,119,30,c(-100.243402, 37.42974),"1941","71-0",-100.243402,37.42974,213.5606079,"198-262"
"1918","Meade",-14.07,"Fowler",1941-10-10,372539100142501,119,30,c(-100.243402, 37.42974),"1941","71-0",-100.243402,37.42974,213.5606079,"198-262"
"1919","Meade",-14.06,"Fowler",1941-10-15,372539100142501,119,30,c(-100.243402, 37.42974),"1941","71-0",-100.243402,37.42974,213.5606079,"198-262"
"1920","Meade",-14.02,"Fowler",1941-10-20,372539100142501,119,30,c(-100.243402, 37.42974),"1941","71-0",-100.243402,37.42974,213.5606079,"198-262"
"1921","Meade",-13.95,"Fowler",1941-10-25,372539100142501,119,30,c(-100.243402, 37.42974),"1941","71-0",-100.243402,37.42974,213.5606079,"198-262"
"1922","Meade",-13.91,"Fowler",1941-10-30,372539100142501,119,30,c(-100.243402, 37.42974),"1941","71-0",-100.243402,37.42974,213.5606079,"198-262"
"1923","Meade",-13.98,"Fowler",1941-11-05,372539100142501,119,30,c(-100.243402, 37.42974),"1941","71-0",-100.243402,37.42974,213.5606079,"198-262"
"1924","Meade",-14.07,"Fowler",1941-11-10,372539100142501,119,30,c(-100.243402, 37.42974),"1941","71-0",-100.243402,37.42974,213.5606079,"198-262"
"1925","Meade",-14.06,"Fowler",1941-11-15,372539100142501,119,30,c(-100.243402, 37.42974),"1941","71-0",-100.243402,37.42974,213.5606079,"198-262"
"1926","Meade",-14.02,"Fowler",1941-11-20,372539100142501,119,30,c(-100.243402, 37.42974),"1941","71-0",-100.243402,37.42974,213.5606079,"198-262"
"1927","Meade",-13.95,"Fowler",1941-11-25,372539100142501,119,30,c(-100.243402, 37.42974),"1941","71-0",-100.243402,37.42974,213.5606079,"198-262"
"1928","Meade",-13.91,"Fowler",1941-11-30,372539100142501,119,30,c(-100.243402, 37.42974),"1941","71-0",-100.243402,37.42974,213.5606079,"198-262"
"1929","Meade",-14.06,"Fowler",1941-12-05,372539100142501,119,30,c(-100.243402, 37.42974),"1941","71-0",-100.243402,37.42974,213.5606079,"198-262"
"1930","Meade",-14.04,"Fowler",1941-12-10,372539100142501,119,30,c(-100.243402, 37.42974),"1941","71-0",-100.243402,37.42974,213.5606079,"198-262"
"1931","Meade",-14,"Fowler",1941-12-15,372539100142501,119,30,c(-100.243402, 37.42974),"1941","71-0",-100.243402,37.42974,213.5606079,"198-262"
"1932","Meade",-14.03,"Fowler",1941-12-20,372539100142501,119,30,c(-100.243402, 37.42974),"1941","71-0",-100.243402,37.42974,213.5606079,"198-262"
"1933","Meade",-14.99,"Fowler",1941-12-25,372539100142501,119,30,c(-100.243402, 37.42974),"1941","71-0",-100.243402,37.42974,213.5606079,"198-262"
"1934","Meade",-14.01,"Fowler",1941-12-30,372539100142501,119,30,c(-100.243402, 37.42974),"1941","71-0",-100.243402,37.42974,213.5606079,"198-262"
"1935","Meade",-13.98,"Fowler",1942-01-25,372539100142501,119,30,c(-100.243402, 37.42974),"1942","71-0",-100.243402,37.42974,213.5606079,"198-262"
"1936","Meade",-14,"Fowler",1942-01-30,372539100142501,119,30,c(-100.243402, 37.42974),"1942","71-0",-100.243402,37.42974,213.5606079,"198-262"
"1937","Meade",-13.99,"Fowler",1942-02-05,372539100142501,119,30,c(-100.243402, 37.42974),"1942","71-0",-100.243402,37.42974,213.5606079,"198-262"
"1938","Meade",-14.06,"Fowler",1942-02-10,372539100142501,119,30,c(-100.243402, 37.42974),"1942","71-0",-100.243402,37.42974,213.5606079,"198-262"
"1939","Meade",-13.88,"Fowler",1942-02-20,372539100142501,119,30,c(-100.243402, 37.42974),"1942","71-0",-100.243402,37.42974,213.5606079,"198-262"
"1940","Meade",-13.98,"Fowler",1942-02-25,372539100142501,119,30,c(-100.243402, 37.42974),"1942","71-0",-100.243402,37.42974,213.5606079,"198-262"
"1941","Meade",-13.87,"Fowler",1942-03-05,372539100142501,119,30,c(-100.243402, 37.42974),"1942","71-0",-100.243402,37.42974,213.5606079,"198-262"
"1942","Meade",-13.82,"Fowler",1942-03-10,372539100142501,119,30,c(-100.243402, 37.42974),"1942","71-0",-100.243402,37.42974,213.5606079,"198-262"
"1943","Meade",-13.77,"Fowler",1942-03-15,372539100142501,119,30,c(-100.243402, 37.42974),"1942","71-0",-100.243402,37.42974,213.5606079,"198-262"
"1944","Meade",-13.83,"Fowler",1942-03-20,372539100142501,119,30,c(-100.243402, 37.42974),"1942","71-0",-100.243402,37.42974,213.5606079,"198-262"
"1945","Meade",-13.76,"Fowler",1942-03-25,372539100142501,119,30,c(-100.243402, 37.42974),"1942","71-0",-100.243402,37.42974,213.5606079,"198-262"
"1946","Meade",-13.83,"Fowler",1942-03-30,372539100142501,119,30,c(-100.243402, 37.42974),"1942","71-0",-100.243402,37.42974,213.5606079,"198-262"
"1947","Meade",-13.75,"Fowler",1942-04-05,372539100142501,119,30,c(-100.243402, 37.42974),"1942","71-0",-100.243402,37.42974,213.5606079,"198-262"
"1948","Meade",-13.76,"Fowler",1942-04-10,372539100142501,119,30,c(-100.243402, 37.42974),"1942","71-0",-100.243402,37.42974,213.5606079,"198-262"
"1949","Meade",-13.76,"Fowler",1942-04-15,372539100142501,119,30,c(-100.243402, 37.42974),"1942","71-0",-100.243402,37.42974,213.5606079,"198-262"
"1950","Meade",-13.75,"Fowler",1942-04-20,372539100142501,119,30,c(-100.243402, 37.42974),"1942","71-0",-100.243402,37.42974,213.5606079,"198-262"
"1951","Meade",-13.65,"Fowler",1942-04-25,372539100142501,119,30,c(-100.243402, 37.42974),"1942","71-0",-100.243402,37.42974,213.5606079,"198-262"
"1952","Meade",-13.7,"Fowler",1942-04-30,372539100142501,119,30,c(-100.243402, 37.42974),"1942","71-0",-100.243402,37.42974,213.5606079,"198-262"
"1953","Meade",-13.77,"Fowler",1942-05-05,372539100142501,119,30,c(-100.243402, 37.42974),"1942","71-0",-100.243402,37.42974,213.5606079,"198-262"
"1954","Meade",-13.71,"Fowler",1942-05-10,372539100142501,119,30,c(-100.243402, 37.42974),"1942","71-0",-100.243402,37.42974,213.5606079,"198-262"
"1955","Meade",-13.73,"Fowler",1942-05-15,372539100142501,119,30,c(-100.243402, 37.42974),"1942","71-0",-100.243402,37.42974,213.5606079,"198-262"
"1956","Meade",-13.74,"Fowler",1942-05-20,372539100142501,119,30,c(-100.243402, 37.42974),"1942","71-0",-100.243402,37.42974,213.5606079,"198-262"
"1957","Meade",-13.77,"Fowler",1942-05-25,372539100142501,119,30,c(-100.243402, 37.42974),"1942","71-0",-100.243402,37.42974,213.5606079,"198-262"
"1958","Meade",-13.88,"Fowler",1942-05-30,372539100142501,119,30,c(-100.243402, 37.42974),"1942","71-0",-100.243402,37.42974,213.5606079,"198-262"
"1959","Meade",-13.92,"Fowler",1942-06-05,372539100142501,119,30,c(-100.243402, 37.42974),"1942","71-0",-100.243402,37.42974,213.5606079,"198-262"
"1960","Meade",-13.75,"Fowler",1942-06-10,372539100142501,119,30,c(-100.243402, 37.42974),"1942","71-0",-100.243402,37.42974,213.5606079,"198-262"
"1961","Meade",-13.75,"Fowler",1942-06-15,372539100142501,119,30,c(-100.243402, 37.42974),"1942","71-0",-100.243402,37.42974,213.5606079,"198-262"
"1962","Meade",-13.72,"Fowler",1942-06-20,372539100142501,119,30,c(-100.243402, 37.42974),"1942","71-0",-100.243402,37.42974,213.5606079,"198-262"
"1963","Meade",-13.68,"Fowler",1942-06-25,372539100142501,119,30,c(-100.243402, 37.42974),"1942","71-0",-100.243402,37.42974,213.5606079,"198-262"
"1964","Meade",-13.72,"Fowler",1942-06-30,372539100142501,119,30,c(-100.243402, 37.42974),"1942","71-0",-100.243402,37.42974,213.5606079,"198-262"
"1965","Meade",-13.68,"Fowler",1942-07-05,372539100142501,119,30,c(-100.243402, 37.42974),"1942","71-0",-100.243402,37.42974,213.5606079,"198-262"
"1966","Meade",-13.7,"Fowler",1942-07-10,372539100142501,119,30,c(-100.243402, 37.42974),"1942","71-0",-100.243402,37.42974,213.5606079,"198-262"
"1967","Meade",-13.76,"Fowler",1942-07-15,372539100142501,119,30,c(-100.243402, 37.42974),"1942","71-0",-100.243402,37.42974,213.5606079,"198-262"
"1968","Meade",-13.78,"Fowler",1942-07-20,372539100142501,119,30,c(-100.243402, 37.42974),"1942","71-0",-100.243402,37.42974,213.5606079,"198-262"
"1969","Meade",-13.65,"Fowler",1942-07-25,372539100142501,119,30,c(-100.243402, 37.42974),"1942","71-0",-100.243402,37.42974,213.5606079,"198-262"
"1970","Meade",-13.65,"Fowler",1942-07-30,372539100142501,119,30,c(-100.243402, 37.42974),"1942","71-0",-100.243402,37.42974,213.5606079,"198-262"
"1971","Meade",-13.65,"Fowler",1942-08-05,372539100142501,119,30,c(-100.243402, 37.42974),"1942","71-0",-100.243402,37.42974,213.5606079,"198-262"
"1972","Meade",-13.6,"Fowler",1942-08-10,372539100142501,119,30,c(-100.243402, 37.42974),"1942","71-0",-100.243402,37.42974,213.5606079,"198-262"
"1973","Meade",-13.65,"Fowler",1942-08-15,372539100142501,119,30,c(-100.243402, 37.42974),"1942","71-0",-100.243402,37.42974,213.5606079,"198-262"
"1974","Meade",-13.64,"Fowler",1942-08-20,372539100142501,119,30,c(-100.243402, 37.42974),"1942","71-0",-100.243402,37.42974,213.5606079,"198-262"
"1975","Meade",-13.56,"Fowler",1942-08-25,372539100142501,119,30,c(-100.243402, 37.42974),"1942","71-0",-100.243402,37.42974,213.5606079,"198-262"
"1976","Meade",-13.57,"Fowler",1942-08-30,372539100142501,119,30,c(-100.243402, 37.42974),"1942","71-0",-100.243402,37.42974,213.5606079,"198-262"
"1977","Meade",-13.59,"Fowler",1942-09-05,372539100142501,119,30,c(-100.243402, 37.42974),"1942","71-0",-100.243402,37.42974,213.5606079,"198-262"
"1978","Meade",-13.64,"Fowler",1942-09-10,372539100142501,119,30,c(-100.243402, 37.42974),"1942","71-0",-100.243402,37.42974,213.5606079,"198-262"
"1979","Meade",-13.63,"Fowler",1942-09-15,372539100142501,119,30,c(-100.243402, 37.42974),"1942","71-0",-100.243402,37.42974,213.5606079,"198-262"
"1980","Meade",-13.75,"Fowler",1942-09-20,372539100142501,119,30,c(-100.243402, 37.42974),"1942","71-0",-100.243402,37.42974,213.5606079,"198-262"
"1981","Meade",-13.8,"Fowler",1942-09-25,372539100142501,119,30,c(-100.243402, 37.42974),"1942","71-0",-100.243402,37.42974,213.5606079,"198-262"
"1982","Meade",-13.8,"Fowler",1942-09-30,372539100142501,119,30,c(-100.243402, 37.42974),"1942","71-0",-100.243402,37.42974,213.5606079,"198-262"
"1983","Meade",-13.83,"Fowler",1942-10-05,372539100142501,119,30,c(-100.243402, 37.42974),"1942","71-0",-100.243402,37.42974,213.5606079,"198-262"
"1984","Meade",-13.77,"Fowler",1942-10-10,372539100142501,119,30,c(-100.243402, 37.42974),"1942","71-0",-100.243402,37.42974,213.5606079,"198-262"
"1985","Meade",-13.66,"Fowler",1942-10-15,372539100142501,119,30,c(-100.243402, 37.42974),"1942","71-0",-100.243402,37.42974,213.5606079,"198-262"
"1986","Meade",-13.63,"Fowler",1942-10-20,372539100142501,119,30,c(-100.243402, 37.42974),"1942","71-0",-100.243402,37.42974,213.5606079,"198-262"
"1987","Meade",-13.64,"Fowler",1942-11-10,372539100142501,119,30,c(-100.243402, 37.42974),"1942","71-0",-100.243402,37.42974,213.5606079,"198-262"
"1988","Meade",-13.56,"Fowler",1942-11-15,372539100142501,119,30,c(-100.243402, 37.42974),"1942","71-0",-100.243402,37.42974,213.5606079,"198-262"
"1989","Meade",-13.62,"Fowler",1942-11-20,372539100142501,119,30,c(-100.243402, 37.42974),"1942","71-0",-100.243402,37.42974,213.5606079,"198-262"
"1990","Meade",-13.56,"Fowler",1942-11-25,372539100142501,119,30,c(-100.243402, 37.42974),"1942","71-0",-100.243402,37.42974,213.5606079,"198-262"
"1991","Meade",-13.51,"Fowler",1942-11-30,372539100142501,119,30,c(-100.243402, 37.42974),"1942","71-0",-100.243402,37.42974,213.5606079,"198-262"
"1992","Meade",-13.53,"Fowler",1942-12-05,372539100142501,119,30,c(-100.243402, 37.42974),"1942","71-0",-100.243402,37.42974,213.5606079,"198-262"
"1993","Meade",-13.52,"Fowler",1942-12-10,372539100142501,119,30,c(-100.243402, 37.42974),"1942","71-0",-100.243402,37.42974,213.5606079,"198-262"
"1994","Meade",-13.55,"Fowler",1942-12-15,372539100142501,119,30,c(-100.243402, 37.42974),"1942","71-0",-100.243402,37.42974,213.5606079,"198-262"
"1995","Meade",-13.58,"Fowler",1942-12-20,372539100142501,119,30,c(-100.243402, 37.42974),"1942","71-0",-100.243402,37.42974,213.5606079,"198-262"
"1996","Meade",-13.51,"Fowler",1942-12-25,372539100142501,119,30,c(-100.243402, 37.42974),"1942","71-0",-100.243402,37.42974,213.5606079,"198-262"
"1997","Meade",-13.54,"Fowler",1942-12-30,372539100142501,119,30,c(-100.243402, 37.42974),"1942","71-0",-100.243402,37.42974,213.5606079,"198-262"
"1998","Meade",-13.57,"Fowler",1943-01-05,372539100142501,119,30,c(-100.243402, 37.42974),"1943","71-0",-100.243402,37.42974,213.5606079,"198-262"
"1999","Meade",-13.51,"Fowler",1943-02-25,372539100142501,119,30,c(-100.243402, 37.42974),"1943","71-0",-100.243402,37.42974,213.5606079,"198-262"
"2000","Meade",-13.47,"Fowler",1943-03-05,372539100142501,119,30,c(-100.243402, 37.42974),"1943","71-0",-100.243402,37.42974,213.5606079,"198-262"
"2001","Meade",-13.46,"Fowler",1943-03-15,372539100142501,119,30,c(-100.243402, 37.42974),"1943","71-0",-100.243402,37.42974,213.5606079,"198-262"
"2002","Meade",-13.52,"Fowler",1943-03-20,372539100142501,119,30,c(-100.243402, 37.42974),"1943","71-0",-100.243402,37.42974,213.5606079,"198-262"
"2003","Meade",-13.47,"Fowler",1943-03-25,372539100142501,119,30,c(-100.243402, 37.42974),"1943","71-0",-100.243402,37.42974,213.5606079,"198-262"
"2004","Meade",-13.42,"Fowler",1943-03-30,372539100142501,119,30,c(-100.243402, 37.42974),"1943","71-0",-100.243402,37.42974,213.5606079,"198-262"
"2005","Meade",-13.54,"Fowler",1943-04-05,372539100142501,119,30,c(-100.243402, 37.42974),"1943","71-0",-100.243402,37.42974,213.5606079,"198-262"
"2006","Meade",-13.48,"Fowler",1943-04-10,372539100142501,119,30,c(-100.243402, 37.42974),"1943","71-0",-100.243402,37.42974,213.5606079,"198-262"
"2007","Meade",-13.51,"Fowler",1943-04-15,372539100142501,119,30,c(-100.243402, 37.42974),"1943","71-0",-100.243402,37.42974,213.5606079,"198-262"
"2008","Meade",-13.48,"Fowler",1943-04-20,372539100142501,119,30,c(-100.243402, 37.42974),"1943","71-0",-100.243402,37.42974,213.5606079,"198-262"
"2009","Meade",-13.49,"Fowler",1943-04-25,372539100142501,119,30,c(-100.243402, 37.42974),"1943","71-0",-100.243402,37.42974,213.5606079,"198-262"
"2010","Meade",-15.7,"Fowler",1943-04-30,372539100142501,119,30,c(-100.243402, 37.42974),"1943","71-0",-100.243402,37.42974,213.5606079,"198-262"
"2011","Meade",-13.71,"Fowler",1943-05-05,372539100142501,119,30,c(-100.243402, 37.42974),"1943","71-0",-100.243402,37.42974,213.5606079,"198-262"
"2012","Meade",-13.67,"Fowler",1943-05-10,372539100142501,119,30,c(-100.243402, 37.42974),"1943","71-0",-100.243402,37.42974,213.5606079,"198-262"
"2013","Meade",-13.65,"Fowler",1943-05-20,372539100142501,119,30,c(-100.243402, 37.42974),"1943","71-0",-100.243402,37.42974,213.5606079,"198-262"
"2014","Meade",-13.56,"Fowler",1943-05-25,372539100142501,119,30,c(-100.243402, 37.42974),"1943","71-0",-100.243402,37.42974,213.5606079,"198-262"
"2015","Meade",-13.46,"Fowler",1943-05-30,372539100142501,119,30,c(-100.243402, 37.42974),"1943","71-0",-100.243402,37.42974,213.5606079,"198-262"
"2016","Meade",-13.59,"Fowler",1943-06-05,372539100142501,119,30,c(-100.243402, 37.42974),"1943","71-0",-100.243402,37.42974,213.5606079,"198-262"
"2017","Meade",-13.47,"Fowler",1943-06-10,372539100142501,119,30,c(-100.243402, 37.42974),"1943","71-0",-100.243402,37.42974,213.5606079,"198-262"
"2018","Meade",-13.43,"Fowler",1943-06-15,372539100142501,119,30,c(-100.243402, 37.42974),"1943","71-0",-100.243402,37.42974,213.5606079,"198-262"
"2019","Meade",-13.32,"Fowler",1943-06-20,372539100142501,119,30,c(-100.243402, 37.42974),"1943","71-0",-100.243402,37.42974,213.5606079,"198-262"
"2020","Meade",-13.41,"Fowler",1943-06-25,372539100142501,119,30,c(-100.243402, 37.42974),"1943","71-0",-100.243402,37.42974,213.5606079,"198-262"
"2021","Meade",-13.42,"Fowler",1943-06-30,372539100142501,119,30,c(-100.243402, 37.42974),"1943","71-0",-100.243402,37.42974,213.5606079,"198-262"
"2022","Meade",-13.48,"Fowler",1943-07-05,372539100142501,119,30,c(-100.243402, 37.42974),"1943","71-0",-100.243402,37.42974,213.5606079,"198-262"
"2023","Meade",-13.58,"Fowler",1943-07-10,372539100142501,119,30,c(-100.243402, 37.42974),"1943","71-0",-100.243402,37.42974,213.5606079,"198-262"
"2024","Meade",-13.64,"Fowler",1943-07-15,372539100142501,119,30,c(-100.243402, 37.42974),"1943","71-0",-100.243402,37.42974,213.5606079,"198-262"
"2025","Meade",-14.57,"Fowler",1943-07-30,372539100142501,119,30,c(-100.243402, 37.42974),"1943","71-0",-100.243402,37.42974,213.5606079,"198-262"
"2026","Meade",-14.17,"Fowler",1943-08-05,372539100142501,119,30,c(-100.243402, 37.42974),"1943","71-0",-100.243402,37.42974,213.5606079,"198-262"
"2027","Meade",-13.91,"Fowler",1943-08-10,372539100142501,119,30,c(-100.243402, 37.42974),"1943","71-0",-100.243402,37.42974,213.5606079,"198-262"
"2028","Meade",-13.85,"Fowler",1943-08-15,372539100142501,119,30,c(-100.243402, 37.42974),"1943","71-0",-100.243402,37.42974,213.5606079,"198-262"
"2029","Meade",-13.95,"Fowler",1943-08-20,372539100142501,119,30,c(-100.243402, 37.42974),"1943","71-0",-100.243402,37.42974,213.5606079,"198-262"
"2030","Meade",-14.12,"Fowler",1943-08-25,372539100142501,119,30,c(-100.243402, 37.42974),"1943","71-0",-100.243402,37.42974,213.5606079,"198-262"
"2031","Meade",-14.32,"Fowler",1943-09-05,372539100142501,119,30,c(-100.243402, 37.42974),"1943","71-0",-100.243402,37.42974,213.5606079,"198-262"
"2032","Meade",-14,"Fowler",1943-09-10,372539100142501,119,30,c(-100.243402, 37.42974),"1943","71-0",-100.243402,37.42974,213.5606079,"198-262"
"2033","Meade",-13.91,"Fowler",1943-09-15,372539100142501,119,30,c(-100.243402, 37.42974),"1943","71-0",-100.243402,37.42974,213.5606079,"198-262"
"2034","Meade",-13.92,"Fowler",1943-09-20,372539100142501,119,30,c(-100.243402, 37.42974),"1943","71-0",-100.243402,37.42974,213.5606079,"198-262"
"2035","Meade",-13.79,"Fowler",1943-09-25,372539100142501,119,30,c(-100.243402, 37.42974),"1943","71-0",-100.243402,37.42974,213.5606079,"198-262"
"2036","Meade",-13.74,"Fowler",1943-09-30,372539100142501,119,30,c(-100.243402, 37.42974),"1943","71-0",-100.243402,37.42974,213.5606079,"198-262"
"2037","Meade",-13.74,"Fowler",1943-10-05,372539100142501,119,30,c(-100.243402, 37.42974),"1943","71-0",-100.243402,37.42974,213.5606079,"198-262"
"2038","Meade",-13.72,"Fowler",1943-10-10,372539100142501,119,30,c(-100.243402, 37.42974),"1943","71-0",-100.243402,37.42974,213.5606079,"198-262"
"2039","Meade",-13.76,"Fowler",1943-10-15,372539100142501,119,30,c(-100.243402, 37.42974),"1943","71-0",-100.243402,37.42974,213.5606079,"198-262"
"2040","Meade",-13.87,"Fowler",1943-10-20,372539100142501,119,30,c(-100.243402, 37.42974),"1943","71-0",-100.243402,37.42974,213.5606079,"198-262"
"2041","Meade",-13.88,"Fowler",1943-10-25,372539100142501,119,30,c(-100.243402, 37.42974),"1943","71-0",-100.243402,37.42974,213.5606079,"198-262"
"2042","Meade",-13.78,"Fowler",1943-10-30,372539100142501,119,30,c(-100.243402, 37.42974),"1943","71-0",-100.243402,37.42974,213.5606079,"198-262"
"2043","Meade",-13.77,"Fowler",1943-11-05,372539100142501,119,30,c(-100.243402, 37.42974),"1943","71-0",-100.243402,37.42974,213.5606079,"198-262"
"2044","Meade",-13.86,"Fowler",1943-11-10,372539100142501,119,30,c(-100.243402, 37.42974),"1943","71-0",-100.243402,37.42974,213.5606079,"198-262"
"2045","Meade",-13.86,"Fowler",1943-11-15,372539100142501,119,30,c(-100.243402, 37.42974),"1943","71-0",-100.243402,37.42974,213.5606079,"198-262"
"2046","Meade",-13.86,"Fowler",1943-11-20,372539100142501,119,30,c(-100.243402, 37.42974),"1943","71-0",-100.243402,37.42974,213.5606079,"198-262"
"2047","Meade",-13.88,"Fowler",1943-11-25,372539100142501,119,30,c(-100.243402, 37.42974),"1943","71-0",-100.243402,37.42974,213.5606079,"198-262"
"2048","Meade",-13.85,"Fowler",1943-11-30,372539100142501,119,30,c(-100.243402, 37.42974),"1943","71-0",-100.243402,37.42974,213.5606079,"198-262"
"2049","Meade",-13.87,"Fowler",1943-12-05,372539100142501,119,30,c(-100.243402, 37.42974),"1943","71-0",-100.243402,37.42974,213.5606079,"198-262"
"2050","Meade",-13.86,"Fowler",1943-12-10,372539100142501,119,30,c(-100.243402, 37.42974),"1943","71-0",-100.243402,37.42974,213.5606079,"198-262"
"2051","Meade",-13.89,"Fowler",1943-12-15,372539100142501,119,30,c(-100.243402, 37.42974),"1943","71-0",-100.243402,37.42974,213.5606079,"198-262"
"2052","Meade",-13.88,"Fowler",1943-12-20,372539100142501,119,30,c(-100.243402, 37.42974),"1943","71-0",-100.243402,37.42974,213.5606079,"198-262"
"2053","Meade",-13.85,"Fowler",1943-12-25,372539100142501,119,30,c(-100.243402, 37.42974),"1943","71-0",-100.243402,37.42974,213.5606079,"198-262"
"2054","Meade",-13.88,"Fowler",1943-12-30,372539100142501,119,30,c(-100.243402, 37.42974),"1943","71-0",-100.243402,37.42974,213.5606079,"198-262"
"2055","Meade",-13.9,"Fowler",1944-01-05,372539100142501,119,30,c(-100.243402, 37.42974),"1944","71-0",-100.243402,37.42974,213.5606079,"198-262"
"2056","Meade",-13.87,"Fowler",1944-01-10,372539100142501,119,30,c(-100.243402, 37.42974),"1944","71-0",-100.243402,37.42974,213.5606079,"198-262"
"2057","Meade",-13.88,"Fowler",1944-01-15,372539100142501,119,30,c(-100.243402, 37.42974),"1944","71-0",-100.243402,37.42974,213.5606079,"198-262"
"2058","Meade",-13.91,"Fowler",1944-01-20,372539100142501,119,30,c(-100.243402, 37.42974),"1944","71-0",-100.243402,37.42974,213.5606079,"198-262"
"2059","Meade",-13.9,"Fowler",1944-01-25,372539100142501,119,30,c(-100.243402, 37.42974),"1944","71-0",-100.243402,37.42974,213.5606079,"198-262"
"2060","Meade",-13.9,"Fowler",1944-01-30,372539100142501,119,30,c(-100.243402, 37.42974),"1944","71-0",-100.243402,37.42974,213.5606079,"198-262"
"2061","Meade",-13.83,"Fowler",1944-02-05,372539100142501,119,30,c(-100.243402, 37.42974),"1944","71-0",-100.243402,37.42974,213.5606079,"198-262"
"2062","Meade",-13.85,"Fowler",1944-02-10,372539100142501,119,30,c(-100.243402, 37.42974),"1944","71-0",-100.243402,37.42974,213.5606079,"198-262"
"2063","Meade",-13.8,"Fowler",1944-02-15,372539100142501,119,30,c(-100.243402, 37.42974),"1944","71-0",-100.243402,37.42974,213.5606079,"198-262"
"2064","Meade",-13.81,"Fowler",1944-02-20,372539100142501,119,30,c(-100.243402, 37.42974),"1944","71-0",-100.243402,37.42974,213.5606079,"198-262"
"2065","Meade",-13.77,"Fowler",1944-02-25,372539100142501,119,30,c(-100.243402, 37.42974),"1944","71-0",-100.243402,37.42974,213.5606079,"198-262"
"2066","Meade",-13.79,"Fowler",1944-03-05,372539100142501,119,30,c(-100.243402, 37.42974),"1944","71-0",-100.243402,37.42974,213.5606079,"198-262"
"2067","Meade",-13.78,"Fowler",1944-03-10,372539100142501,119,30,c(-100.243402, 37.42974),"1944","71-0",-100.243402,37.42974,213.5606079,"198-262"
"2068","Meade",-13.75,"Fowler",1944-03-15,372539100142501,119,30,c(-100.243402, 37.42974),"1944","71-0",-100.243402,37.42974,213.5606079,"198-262"
"2069","Meade",-13.74,"Fowler",1944-03-20,372539100142501,119,30,c(-100.243402, 37.42974),"1944","71-0",-100.243402,37.42974,213.5606079,"198-262"
"2070","Meade",-13.75,"Fowler",1944-03-25,372539100142501,119,30,c(-100.243402, 37.42974),"1944","71-0",-100.243402,37.42974,213.5606079,"198-262"
"2071","Meade",-13.73,"Fowler",1944-03-30,372539100142501,119,30,c(-100.243402, 37.42974),"1944","71-0",-100.243402,37.42974,213.5606079,"198-262"
"2072","Meade",-13.76,"Fowler",1944-04-05,372539100142501,119,30,c(-100.243402, 37.42974),"1944","71-0",-100.243402,37.42974,213.5606079,"198-262"
"2073","Meade",-13.65,"Fowler",1944-04-10,372539100142501,119,30,c(-100.243402, 37.42974),"1944","71-0",-100.243402,37.42974,213.5606079,"198-262"
"2074","Meade",-13.67,"Fowler",1944-04-15,372539100142501,119,30,c(-100.243402, 37.42974),"1944","71-0",-100.243402,37.42974,213.5606079,"198-262"
"2075","Meade",-13.63,"Fowler",1944-04-20,372539100142501,119,30,c(-100.243402, 37.42974),"1944","71-0",-100.243402,37.42974,213.5606079,"198-262"
"2076","Meade",-13.57,"Fowler",1944-04-25,372539100142501,119,30,c(-100.243402, 37.42974),"1944","71-0",-100.243402,37.42974,213.5606079,"198-262"
"2077","Meade",-13.52,"Fowler",1944-04-30,372539100142501,119,30,c(-100.243402, 37.42974),"1944","71-0",-100.243402,37.42974,213.5606079,"198-262"
"2078","Meade",-13.52,"Fowler",1944-05-05,372539100142501,119,30,c(-100.243402, 37.42974),"1944","71-0",-100.243402,37.42974,213.5606079,"198-262"
"2079","Meade",-13.5,"Fowler",1944-05-10,372539100142501,119,30,c(-100.243402, 37.42974),"1944","71-0",-100.243402,37.42974,213.5606079,"198-262"
"2080","Meade",-13.43,"Fowler",1944-05-15,372539100142501,119,30,c(-100.243402, 37.42974),"1944","71-0",-100.243402,37.42974,213.5606079,"198-262"
"2081","Meade",-13.5,"Fowler",1944-05-20,372539100142501,119,30,c(-100.243402, 37.42974),"1944","71-0",-100.243402,37.42974,213.5606079,"198-262"
"2082","Meade",-13.47,"Fowler",1944-05-25,372539100142501,119,30,c(-100.243402, 37.42974),"1944","71-0",-100.243402,37.42974,213.5606079,"198-262"
"2083","Meade",-13.33,"Fowler",1944-06-05,372539100142501,119,30,c(-100.243402, 37.42974),"1944","71-0",-100.243402,37.42974,213.5606079,"198-262"
"2084","Meade",-13.33,"Fowler",1944-06-10,372539100142501,119,30,c(-100.243402, 37.42974),"1944","71-0",-100.243402,37.42974,213.5606079,"198-262"
"2085","Meade",-13.29,"Fowler",1944-06-15,372539100142501,119,30,c(-100.243402, 37.42974),"1944","71-0",-100.243402,37.42974,213.5606079,"198-262"
"2086","Meade",-13.33,"Fowler",1944-06-20,372539100142501,119,30,c(-100.243402, 37.42974),"1944","71-0",-100.243402,37.42974,213.5606079,"198-262"
"2087","Meade",-13.31,"Fowler",1944-06-25,372539100142501,119,30,c(-100.243402, 37.42974),"1944","71-0",-100.243402,37.42974,213.5606079,"198-262"
"2088","Meade",-13.32,"Fowler",1944-06-30,372539100142501,119,30,c(-100.243402, 37.42974),"1944","71-0",-100.243402,37.42974,213.5606079,"198-262"
"2089","Meade",-13.28,"Fowler",1944-07-05,372539100142501,119,30,c(-100.243402, 37.42974),"1944","71-0",-100.243402,37.42974,213.5606079,"198-262"
"2090","Meade",-13.3,"Fowler",1944-07-10,372539100142501,119,30,c(-100.243402, 37.42974),"1944","71-0",-100.243402,37.42974,213.5606079,"198-262"
"2091","Meade",-13.4,"Fowler",1944-08-20,372539100142501,119,30,c(-100.243402, 37.42974),"1944","71-0",-100.243402,37.42974,213.5606079,"198-262"
"2092","Meade",-13.39,"Fowler",1944-09-10,372539100142501,119,30,c(-100.243402, 37.42974),"1944","71-0",-100.243402,37.42974,213.5606079,"198-262"
"2093","Meade",-13.36,"Fowler",1944-09-15,372539100142501,119,30,c(-100.243402, 37.42974),"1944","71-0",-100.243402,37.42974,213.5606079,"198-262"
"2094","Meade",-13.4,"Fowler",1944-09-20,372539100142501,119,30,c(-100.243402, 37.42974),"1944","71-0",-100.243402,37.42974,213.5606079,"198-262"
"2095","Meade",-13.47,"Fowler",1944-09-25,372539100142501,119,30,c(-100.243402, 37.42974),"1944","71-0",-100.243402,37.42974,213.5606079,"198-262"
"2096","Meade",-13.41,"Fowler",1944-09-30,372539100142501,119,30,c(-100.243402, 37.42974),"1944","71-0",-100.243402,37.42974,213.5606079,"198-262"
"2097","Meade",-13.34,"Fowler",1944-10-05,372539100142501,119,30,c(-100.243402, 37.42974),"1944","71-0",-100.243402,37.42974,213.5606079,"198-262"
"2098","Meade",-13.35,"Fowler",1944-10-10,372539100142501,119,30,c(-100.243402, 37.42974),"1944","71-0",-100.243402,37.42974,213.5606079,"198-262"
"2099","Meade",-13.35,"Fowler",1944-10-20,372539100142501,119,30,c(-100.243402, 37.42974),"1944","71-0",-100.243402,37.42974,213.5606079,"198-262"
"2100","Meade",-13.34,"Fowler",1944-10-25,372539100142501,119,30,c(-100.243402, 37.42974),"1944","71-0",-100.243402,37.42974,213.5606079,"198-262"
"2101","Meade",-13.18,"Fowler",1944-11-10,372539100142501,119,30,c(-100.243402, 37.42974),"1944","71-0",-100.243402,37.42974,213.5606079,"198-262"
"2102","Meade",-13.28,"Fowler",1944-11-15,372539100142501,119,30,c(-100.243402, 37.42974),"1944","71-0",-100.243402,37.42974,213.5606079,"198-262"
"2103","Meade",-13.23,"Fowler",1944-11-20,372539100142501,119,30,c(-100.243402, 37.42974),"1944","71-0",-100.243402,37.42974,213.5606079,"198-262"
"2104","Meade",-13.2,"Fowler",1944-11-25,372539100142501,119,30,c(-100.243402, 37.42974),"1944","71-0",-100.243402,37.42974,213.5606079,"198-262"
"2105","Meade",-13.12,"Fowler",1944-12-05,372539100142501,119,30,c(-100.243402, 37.42974),"1944","71-0",-100.243402,37.42974,213.5606079,"198-262"
"2106","Meade",-13.18,"Fowler",1944-12-10,372539100142501,119,30,c(-100.243402, 37.42974),"1944","71-0",-100.243402,37.42974,213.5606079,"198-262"
"2107","Meade",-13.18,"Fowler",1944-12-15,372539100142501,119,30,c(-100.243402, 37.42974),"1944","71-0",-100.243402,37.42974,213.5606079,"198-262"
"2108","Meade",-13.19,"Fowler",1944-12-20,372539100142501,119,30,c(-100.243402, 37.42974),"1944","71-0",-100.243402,37.42974,213.5606079,"198-262"
"2109","Meade",-13.22,"Fowler",1944-12-25,372539100142501,119,30,c(-100.243402, 37.42974),"1944","71-0",-100.243402,37.42974,213.5606079,"198-262"
"2110","Meade",-13.21,"Fowler",1944-12-30,372539100142501,119,30,c(-100.243402, 37.42974),"1944","71-0",-100.243402,37.42974,213.5606079,"198-262"
"2111","Meade",-13.19,"Fowler",1945-01-05,372539100142501,119,30,c(-100.243402, 37.42974),"1945","71-0",-100.243402,37.42974,213.5606079,"198-262"
"2112","Meade",-13.21,"Fowler",1945-01-10,372539100142501,119,30,c(-100.243402, 37.42974),"1945","71-0",-100.243402,37.42974,213.5606079,"198-262"
"2113","Meade",-13.21,"Fowler",1945-01-15,372539100142501,119,30,c(-100.243402, 37.42974),"1945","71-0",-100.243402,37.42974,213.5606079,"198-262"
"2114","Meade",-13.19,"Fowler",1945-01-20,372539100142501,119,30,c(-100.243402, 37.42974),"1945","71-0",-100.243402,37.42974,213.5606079,"198-262"
"2115","Meade",-13.18,"Fowler",1945-01-25,372539100142501,119,30,c(-100.243402, 37.42974),"1945","71-0",-100.243402,37.42974,213.5606079,"198-262"
"2116","Meade",-13.23,"Fowler",1945-01-30,372539100142501,119,30,c(-100.243402, 37.42974),"1945","71-0",-100.243402,37.42974,213.5606079,"198-262"
"2117","Meade",-13.21,"Fowler",1945-02-05,372539100142501,119,30,c(-100.243402, 37.42974),"1945","71-0",-100.243402,37.42974,213.5606079,"198-262"
"2118","Meade",-13.24,"Fowler",1945-02-10,372539100142501,119,30,c(-100.243402, 37.42974),"1945","71-0",-100.243402,37.42974,213.5606079,"198-262"
"2119","Meade",-13.24,"Fowler",1945-02-15,372539100142501,119,30,c(-100.243402, 37.42974),"1945","71-0",-100.243402,37.42974,213.5606079,"198-262"
"2120","Meade",-13.22,"Fowler",1945-02-20,372539100142501,119,30,c(-100.243402, 37.42974),"1945","71-0",-100.243402,37.42974,213.5606079,"198-262"
"2121","Meade",-13.19,"Fowler",1945-02-25,372539100142501,119,30,c(-100.243402, 37.42974),"1945","71-0",-100.243402,37.42974,213.5606079,"198-262"
"2122","Meade",-13.27,"Fowler",1945-03-10,372539100142501,119,30,c(-100.243402, 37.42974),"1945","71-0",-100.243402,37.42974,213.5606079,"198-262"
"2123","Meade",-13.17,"Fowler",1945-03-15,372539100142501,119,30,c(-100.243402, 37.42974),"1945","71-0",-100.243402,37.42974,213.5606079,"198-262"
"2124","Meade",-13.22,"Fowler",1945-03-20,372539100142501,119,30,c(-100.243402, 37.42974),"1945","71-0",-100.243402,37.42974,213.5606079,"198-262"
"2125","Meade",-13.16,"Fowler",1945-03-25,372539100142501,119,30,c(-100.243402, 37.42974),"1945","71-0",-100.243402,37.42974,213.5606079,"198-262"
"2126","Meade",-13.16,"Fowler",1945-03-30,372539100142501,119,30,c(-100.243402, 37.42974),"1945","71-0",-100.243402,37.42974,213.5606079,"198-262"
"2127","Meade",-13.22,"Fowler",1945-04-05,372539100142501,119,30,c(-100.243402, 37.42974),"1945","71-0",-100.243402,37.42974,213.5606079,"198-262"
"2128","Meade",-13.19,"Fowler",1945-04-10,372539100142501,119,30,c(-100.243402, 37.42974),"1945","71-0",-100.243402,37.42974,213.5606079,"198-262"
"2129","Meade",-13.13,"Fowler",1945-04-15,372539100142501,119,30,c(-100.243402, 37.42974),"1945","71-0",-100.243402,37.42974,213.5606079,"198-262"
"2130","Meade",-13.16,"Fowler",1945-04-20,372539100142501,119,30,c(-100.243402, 37.42974),"1945","71-0",-100.243402,37.42974,213.5606079,"198-262"
"2131","Meade",-13.14,"Fowler",1945-04-25,372539100142501,119,30,c(-100.243402, 37.42974),"1945","71-0",-100.243402,37.42974,213.5606079,"198-262"
"2132","Meade",-13.2,"Fowler",1945-04-30,372539100142501,119,30,c(-100.243402, 37.42974),"1945","71-0",-100.243402,37.42974,213.5606079,"198-262"
"2133","Meade",-13.13,"Fowler",1945-05-05,372539100142501,119,30,c(-100.243402, 37.42974),"1945","71-0",-100.243402,37.42974,213.5606079,"198-262"
"2134","Meade",-13.15,"Fowler",1945-05-10,372539100142501,119,30,c(-100.243402, 37.42974),"1945","71-0",-100.243402,37.42974,213.5606079,"198-262"
"2135","Meade",-13.16,"Fowler",1945-05-15,372539100142501,119,30,c(-100.243402, 37.42974),"1945","71-0",-100.243402,37.42974,213.5606079,"198-262"
"2136","Meade",-13.17,"Fowler",1945-05-20,372539100142501,119,30,c(-100.243402, 37.42974),"1945","71-0",-100.243402,37.42974,213.5606079,"198-262"
"2137","Meade",-13.19,"Fowler",1945-05-25,372539100142501,119,30,c(-100.243402, 37.42974),"1945","71-0",-100.243402,37.42974,213.5606079,"198-262"
"2138","Meade",-13.31,"Fowler",1945-05-30,372539100142501,119,30,c(-100.243402, 37.42974),"1945","71-0",-100.243402,37.42974,213.5606079,"198-262"
"2139","Meade",-13.22,"Fowler",1945-06-05,372539100142501,119,30,c(-100.243402, 37.42974),"1945","71-0",-100.243402,37.42974,213.5606079,"198-262"
"2140","Meade",-13.16,"Fowler",1945-06-15,372539100142501,119,30,c(-100.243402, 37.42974),"1945","71-0",-100.243402,37.42974,213.5606079,"198-262"
"2141","Meade",-13.1,"Fowler",1945-06-20,372539100142501,119,30,c(-100.243402, 37.42974),"1945","71-0",-100.243402,37.42974,213.5606079,"198-262"
"2142","Meade",-13.09,"Fowler",1945-06-25,372539100142501,119,30,c(-100.243402, 37.42974),"1945","71-0",-100.243402,37.42974,213.5606079,"198-262"
"2143","Meade",-13.03,"Fowler",1945-06-30,372539100142501,119,30,c(-100.243402, 37.42974),"1945","71-0",-100.243402,37.42974,213.5606079,"198-262"
"2144","Meade",-13.05,"Fowler",1945-07-05,372539100142501,119,30,c(-100.243402, 37.42974),"1945","71-0",-100.243402,37.42974,213.5606079,"198-262"
"2145","Meade",-13.03,"Fowler",1945-07-10,372539100142501,119,30,c(-100.243402, 37.42974),"1945","71-0",-100.243402,37.42974,213.5606079,"198-262"
"2146","Meade",-13,"Fowler",1945-07-15,372539100142501,119,30,c(-100.243402, 37.42974),"1945","71-0",-100.243402,37.42974,213.5606079,"198-262"
"2147","Meade",-13.03,"Fowler",1945-07-20,372539100142501,119,30,c(-100.243402, 37.42974),"1945","71-0",-100.243402,37.42974,213.5606079,"198-262"
"2148","Meade",-13.05,"Fowler",1945-07-30,372539100142501,119,30,c(-100.243402, 37.42974),"1945","71-0",-100.243402,37.42974,213.5606079,"198-262"
"2149","Meade",-13.21,"Fowler",1945-08-05,372539100142501,119,30,c(-100.243402, 37.42974),"1945","71-0",-100.243402,37.42974,213.5606079,"198-262"
"2150","Meade",-13.31,"Fowler",1945-08-10,372539100142501,119,30,c(-100.243402, 37.42974),"1945","71-0",-100.243402,37.42974,213.5606079,"198-262"
"2151","Meade",-13.37,"Fowler",1945-08-15,372539100142501,119,30,c(-100.243402, 37.42974),"1945","71-0",-100.243402,37.42974,213.5606079,"198-262"
"2152","Meade",-13.2,"Fowler",1945-08-20,372539100142501,119,30,c(-100.243402, 37.42974),"1945","71-0",-100.243402,37.42974,213.5606079,"198-262"
"2153","Meade",-13.17,"Fowler",1945-08-25,372539100142501,119,30,c(-100.243402, 37.42974),"1945","71-0",-100.243402,37.42974,213.5606079,"198-262"
"2154","Meade",-13.38,"Fowler",1945-08-30,372539100142501,119,30,c(-100.243402, 37.42974),"1945","71-0",-100.243402,37.42974,213.5606079,"198-262"
"2155","Meade",-13.37,"Fowler",1945-09-05,372539100142501,119,30,c(-100.243402, 37.42974),"1945","71-0",-100.243402,37.42974,213.5606079,"198-262"
"2156","Meade",-13.38,"Fowler",1945-09-10,372539100142501,119,30,c(-100.243402, 37.42974),"1945","71-0",-100.243402,37.42974,213.5606079,"198-262"
"2157","Meade",-13.32,"Fowler",1945-09-15,372539100142501,119,30,c(-100.243402, 37.42974),"1945","71-0",-100.243402,37.42974,213.5606079,"198-262"
"2158","Meade",-13.5,"Fowler",1945-09-20,372539100142501,119,30,c(-100.243402, 37.42974),"1945","71-0",-100.243402,37.42974,213.5606079,"198-262"
"2159","Meade",-13.49,"Fowler",1945-09-25,372539100142501,119,30,c(-100.243402, 37.42974),"1945","71-0",-100.243402,37.42974,213.5606079,"198-262"
"2160","Meade",-13.21,"Fowler",1945-10-15,372539100142501,119,30,c(-100.243402, 37.42974),"1945","71-0",-100.243402,37.42974,213.5606079,"198-262"
"2161","Meade",-13.15,"Fowler",1945-10-20,372539100142501,119,30,c(-100.243402, 37.42974),"1945","71-0",-100.243402,37.42974,213.5606079,"198-262"
"2162","Meade",-13.19,"Fowler",1945-10-25,372539100142501,119,30,c(-100.243402, 37.42974),"1945","71-0",-100.243402,37.42974,213.5606079,"198-262"
"2163","Meade",-13.21,"Fowler",1945-10-30,372539100142501,119,30,c(-100.243402, 37.42974),"1945","71-0",-100.243402,37.42974,213.5606079,"198-262"
"2164","Meade",-13.16,"Fowler",1945-11-05,372539100142501,119,30,c(-100.243402, 37.42974),"1945","71-0",-100.243402,37.42974,213.5606079,"198-262"
"2165","Meade",-13.21,"Fowler",1945-11-10,372539100142501,119,30,c(-100.243402, 37.42974),"1945","71-0",-100.243402,37.42974,213.5606079,"198-262"
"2166","Meade",-13.21,"Fowler",1945-11-15,372539100142501,119,30,c(-100.243402, 37.42974),"1945","71-0",-100.243402,37.42974,213.5606079,"198-262"
"2167","Meade",-13.19,"Fowler",1945-11-20,372539100142501,119,30,c(-100.243402, 37.42974),"1945","71-0",-100.243402,37.42974,213.5606079,"198-262"
"2168","Meade",-13.21,"Fowler",1945-11-25,372539100142501,119,30,c(-100.243402, 37.42974),"1945","71-0",-100.243402,37.42974,213.5606079,"198-262"
"2169","Meade",-13.32,"Fowler",1945-11-30,372539100142501,119,30,c(-100.243402, 37.42974),"1945","71-0",-100.243402,37.42974,213.5606079,"198-262"
"2170","Meade",-13.26,"Fowler",1945-12-05,372539100142501,119,30,c(-100.243402, 37.42974),"1945","71-0",-100.243402,37.42974,213.5606079,"198-262"
"2171","Meade",-13.29,"Fowler",1945-12-10,372539100142501,119,30,c(-100.243402, 37.42974),"1945","71-0",-100.243402,37.42974,213.5606079,"198-262"
"2172","Meade",-13.22,"Fowler",1945-12-15,372539100142501,119,30,c(-100.243402, 37.42974),"1945","71-0",-100.243402,37.42974,213.5606079,"198-262"
"2173","Meade",-13.17,"Fowler",1945-12-25,372539100142501,119,30,c(-100.243402, 37.42974),"1945","71-0",-100.243402,37.42974,213.5606079,"198-262"
"2174","Meade",-13.21,"Fowler",1945-12-30,372539100142501,119,30,c(-100.243402, 37.42974),"1945","71-0",-100.243402,37.42974,213.5606079,"198-262"
"2175","Meade",-13.27,"Fowler",1946-01-05,372539100142501,119,30,c(-100.243402, 37.42974),"1946","71-0",-100.243402,37.42974,213.5606079,"198-262"
"2176","Meade",-13.31,"Fowler",1946-01-10,372539100142501,119,30,c(-100.243402, 37.42974),"1946","71-0",-100.243402,37.42974,213.5606079,"198-262"
"2177","Meade",-13.34,"Fowler",1946-01-20,372539100142501,119,30,c(-100.243402, 37.42974),"1946","71-0",-100.243402,37.42974,213.5606079,"198-262"
"2178","Meade",-13.29,"Fowler",1946-01-25,372539100142501,119,30,c(-100.243402, 37.42974),"1946","71-0",-100.243402,37.42974,213.5606079,"198-262"
"2179","Meade",-13.33,"Fowler",1946-01-30,372539100142501,119,30,c(-100.243402, 37.42974),"1946","71-0",-100.243402,37.42974,213.5606079,"198-262"
"2180","Meade",-13.35,"Fowler",1946-02-05,372539100142501,119,30,c(-100.243402, 37.42974),"1946","71-0",-100.243402,37.42974,213.5606079,"198-262"
"2181","Meade",-13.38,"Fowler",1946-02-10,372539100142501,119,30,c(-100.243402, 37.42974),"1946","71-0",-100.243402,37.42974,213.5606079,"198-262"
"2182","Meade",-13.35,"Fowler",1946-02-15,372539100142501,119,30,c(-100.243402, 37.42974),"1946","71-0",-100.243402,37.42974,213.5606079,"198-262"
"2183","Meade",-13.37,"Fowler",1946-02-25,372539100142501,119,30,c(-100.243402, 37.42974),"1946","71-0",-100.243402,37.42974,213.5606079,"198-262"
"2184","Meade",-13.38,"Fowler",1946-03-05,372539100142501,119,30,c(-100.243402, 37.42974),"1946","71-0",-100.243402,37.42974,213.5606079,"198-262"
"2185","Meade",-13.42,"Fowler",1946-03-10,372539100142501,119,30,c(-100.243402, 37.42974),"1946","71-0",-100.243402,37.42974,213.5606079,"198-262"
"2186","Meade",-13.31,"Fowler",1946-03-15,372539100142501,119,30,c(-100.243402, 37.42974),"1946","71-0",-100.243402,37.42974,213.5606079,"198-262"
"2187","Meade",-13.41,"Fowler",1946-03-20,372539100142501,119,30,c(-100.243402, 37.42974),"1946","71-0",-100.243402,37.42974,213.5606079,"198-262"
"2188","Meade",-13.41,"Fowler",1946-03-25,372539100142501,119,30,c(-100.243402, 37.42974),"1946","71-0",-100.243402,37.42974,213.5606079,"198-262"
"2189","Meade",-13.44,"Fowler",1946-03-30,372539100142501,119,30,c(-100.243402, 37.42974),"1946","71-0",-100.243402,37.42974,213.5606079,"198-262"
"2190","Meade",-13.43,"Fowler",1946-04-05,372539100142501,119,30,c(-100.243402, 37.42974),"1946","71-0",-100.243402,37.42974,213.5606079,"198-262"
"2191","Meade",-13.48,"Fowler",1946-04-10,372539100142501,119,30,c(-100.243402, 37.42974),"1946","71-0",-100.243402,37.42974,213.5606079,"198-262"
"2192","Meade",-13.53,"Fowler",1946-04-15,372539100142501,119,30,c(-100.243402, 37.42974),"1946","71-0",-100.243402,37.42974,213.5606079,"198-262"
"2193","Meade",-13.87,"Fowler",1946-04-20,372539100142501,119,30,c(-100.243402, 37.42974),"1946","71-0",-100.243402,37.42974,213.5606079,"198-262"
"2194","Meade",-14.1,"Fowler",1946-04-25,372539100142501,119,30,c(-100.243402, 37.42974),"1946","71-0",-100.243402,37.42974,213.5606079,"198-262"
"2195","Meade",-14.32,"Fowler",1946-04-30,372539100142501,119,30,c(-100.243402, 37.42974),"1946","71-0",-100.243402,37.42974,213.5606079,"198-262"
"2196","Meade",-14.02,"Fowler",1946-06-05,372539100142501,119,30,c(-100.243402, 37.42974),"1946","71-0",-100.243402,37.42974,213.5606079,"198-262"
"2197","Meade",-14.02,"Fowler",1946-06-10,372539100142501,119,30,c(-100.243402, 37.42974),"1946","71-0",-100.243402,37.42974,213.5606079,"198-262"
"2198","Meade",-13.41,"Fowler",1947-03-25,372539100142501,119,30,c(-100.243402, 37.42974),"1947","71-0",-100.243402,37.42974,213.5606079,"198-262"
"2199","Meade",-13.21,"Fowler",1947-06-20,372539100142501,119,30,c(-100.243402, 37.42974),"1947","71-0",-100.243402,37.42974,213.5606079,"198-262"
"2200","Meade",-14.55,"Fowler",1947-09-16,372539100142501,119,30,c(-100.243402, 37.42974),"1947","71-0",-100.243402,37.42974,213.5606079,"198-262"
"2201","Meade",-13.22,"Fowler",1948-06-17,372539100142501,119,30,c(-100.243402, 37.42974),"1948","71-0",-100.243402,37.42974,213.5606079,"198-262"
"2202","Meade",-14.11,"Fowler",1948-07-31,372539100142501,119,30,c(-100.243402, 37.42974),"1948","71-0",-100.243402,37.42974,213.5606079,"198-262"
"2203","Meade",-13.38,"Fowler",1948-08-10,372539100142501,119,30,c(-100.243402, 37.42974),"1948","71-0",-100.243402,37.42974,213.5606079,"198-262"
"2204","Meade",-13.22,"Fowler",1948-08-15,372539100142501,119,30,c(-100.243402, 37.42974),"1948","71-0",-100.243402,37.42974,213.5606079,"198-262"
"2205","Meade",-13.54,"Fowler",1948-09-05,372539100142501,119,30,c(-100.243402, 37.42974),"1948","71-0",-100.243402,37.42974,213.5606079,"198-262"
"2206","Meade",-13.58,"Fowler",1948-09-10,372539100142501,119,30,c(-100.243402, 37.42974),"1948","71-0",-100.243402,37.42974,213.5606079,"198-262"
"2207","Meade",-13.52,"Fowler",1948-09-15,372539100142501,119,30,c(-100.243402, 37.42974),"1948","71-0",-100.243402,37.42974,213.5606079,"198-262"
"2208","Meade",-13.67,"Fowler",1948-09-20,372539100142501,119,30,c(-100.243402, 37.42974),"1948","71-0",-100.243402,37.42974,213.5606079,"198-262"
"2209","Meade",-13.62,"Fowler",1948-09-25,372539100142501,119,30,c(-100.243402, 37.42974),"1948","71-0",-100.243402,37.42974,213.5606079,"198-262"
"2210","Meade",-13.54,"Fowler",1948-09-30,372539100142501,119,30,c(-100.243402, 37.42974),"1948","71-0",-100.243402,37.42974,213.5606079,"198-262"
"2211","Meade",-13.48,"Fowler",1948-10-05,372539100142501,119,30,c(-100.243402, 37.42974),"1948","71-0",-100.243402,37.42974,213.5606079,"198-262"
"2212","Meade",-13.58,"Fowler",1948-10-10,372539100142501,119,30,c(-100.243402, 37.42974),"1948","71-0",-100.243402,37.42974,213.5606079,"198-262"
"2213","Meade",-13.62,"Fowler",1948-10-15,372539100142501,119,30,c(-100.243402, 37.42974),"1948","71-0",-100.243402,37.42974,213.5606079,"198-262"
"2214","Meade",-13.54,"Fowler",1948-10-20,372539100142501,119,30,c(-100.243402, 37.42974),"1948","71-0",-100.243402,37.42974,213.5606079,"198-262"
"2215","Meade",-13.57,"Fowler",1948-10-25,372539100142501,119,30,c(-100.243402, 37.42974),"1948","71-0",-100.243402,37.42974,213.5606079,"198-262"
"2216","Meade",-13.42,"Fowler",1948-10-30,372539100142501,119,30,c(-100.243402, 37.42974),"1948","71-0",-100.243402,37.42974,213.5606079,"198-262"
"2217","Meade",-13.39,"Fowler",1948-11-05,372539100142501,119,30,c(-100.243402, 37.42974),"1948","71-0",-100.243402,37.42974,213.5606079,"198-262"
"2218","Meade",-13.38,"Fowler",1948-11-10,372539100142501,119,30,c(-100.243402, 37.42974),"1948","71-0",-100.243402,37.42974,213.5606079,"198-262"
"2219","Meade",-13.45,"Fowler",1948-11-15,372539100142501,119,30,c(-100.243402, 37.42974),"1948","71-0",-100.243402,37.42974,213.5606079,"198-262"
"2220","Meade",-13.36,"Fowler",1948-11-30,372539100142501,119,30,c(-100.243402, 37.42974),"1948","71-0",-100.243402,37.42974,213.5606079,"198-262"
"2221","Meade",-13.33,"Fowler",1948-12-05,372539100142501,119,30,c(-100.243402, 37.42974),"1948","71-0",-100.243402,37.42974,213.5606079,"198-262"
"2222","Meade",-13.37,"Fowler",1948-12-10,372539100142501,119,30,c(-100.243402, 37.42974),"1948","71-0",-100.243402,37.42974,213.5606079,"198-262"
"2223","Meade",-13.42,"Fowler",1948-12-15,372539100142501,119,30,c(-100.243402, 37.42974),"1948","71-0",-100.243402,37.42974,213.5606079,"198-262"
"2224","Meade",-13.33,"Fowler",1948-12-20,372539100142501,119,30,c(-100.243402, 37.42974),"1948","71-0",-100.243402,37.42974,213.5606079,"198-262"
"2225","Meade",-13.38,"Fowler",1948-12-25,372539100142501,119,30,c(-100.243402, 37.42974),"1948","71-0",-100.243402,37.42974,213.5606079,"198-262"
"2226","Meade",-13.3,"Fowler",1949-01-10,372539100142501,119,30,c(-100.243402, 37.42974),"1949","71-0",-100.243402,37.42974,213.5606079,"198-262"
"2227","Meade",-13.25,"Fowler",1949-01-15,372539100142501,119,30,c(-100.243402, 37.42974),"1949","71-0",-100.243402,37.42974,213.5606079,"198-262"
"2228","Meade",-13.19,"Fowler",1949-01-20,372539100142501,119,30,c(-100.243402, 37.42974),"1949","71-0",-100.243402,37.42974,213.5606079,"198-262"
"2229","Meade",-13.2,"Fowler",1949-01-25,372539100142501,119,30,c(-100.243402, 37.42974),"1949","71-0",-100.243402,37.42974,213.5606079,"198-262"
"2230","Meade",-13.19,"Fowler",1949-01-30,372539100142501,119,30,c(-100.243402, 37.42974),"1949","71-0",-100.243402,37.42974,213.5606079,"198-262"
"2231","Meade",-13.2,"Fowler",1949-02-05,372539100142501,119,30,c(-100.243402, 37.42974),"1949","71-0",-100.243402,37.42974,213.5606079,"198-262"
"2232","Meade",-13.24,"Fowler",1949-02-10,372539100142501,119,30,c(-100.243402, 37.42974),"1949","71-0",-100.243402,37.42974,213.5606079,"198-262"
"2233","Meade",-13.18,"Fowler",1949-02-15,372539100142501,119,30,c(-100.243402, 37.42974),"1949","71-0",-100.243402,37.42974,213.5606079,"198-262"
"2234","Meade",-13.17,"Fowler",1949-02-20,372539100142501,119,30,c(-100.243402, 37.42974),"1949","71-0",-100.243402,37.42974,213.5606079,"198-262"
"2235","Meade",-13.1,"Fowler",1949-02-25,372539100142501,119,30,c(-100.243402, 37.42974),"1949","71-0",-100.243402,37.42974,213.5606079,"198-262"
"2236","Meade",-13.02,"Fowler",1949-03-05,372539100142501,119,30,c(-100.243402, 37.42974),"1949","71-0",-100.243402,37.42974,213.5606079,"198-262"
"2237","Meade",-13.04,"Fowler",1949-03-10,372539100142501,119,30,c(-100.243402, 37.42974),"1949","71-0",-100.243402,37.42974,213.5606079,"198-262"
"2238","Meade",-13.09,"Fowler",1949-03-15,372539100142501,119,30,c(-100.243402, 37.42974),"1949","71-0",-100.243402,37.42974,213.5606079,"198-262"
"2239","Meade",-13.05,"Fowler",1949-03-20,372539100142501,119,30,c(-100.243402, 37.42974),"1949","71-0",-100.243402,37.42974,213.5606079,"198-262"
"2240","Meade",-13.09,"Fowler",1949-03-25,372539100142501,119,30,c(-100.243402, 37.42974),"1949","71-0",-100.243402,37.42974,213.5606079,"198-262"
"2241","Meade",-13.02,"Fowler",1949-03-30,372539100142501,119,30,c(-100.243402, 37.42974),"1949","71-0",-100.243402,37.42974,213.5606079,"198-262"
"2242","Meade",-13.03,"Fowler",1949-04-05,372539100142501,119,30,c(-100.243402, 37.42974),"1949","71-0",-100.243402,37.42974,213.5606079,"198-262"
"2243","Meade",-13.06,"Fowler",1949-04-10,372539100142501,119,30,c(-100.243402, 37.42974),"1949","71-0",-100.243402,37.42974,213.5606079,"198-262"
"2244","Meade",-13.04,"Fowler",1949-04-15,372539100142501,119,30,c(-100.243402, 37.42974),"1949","71-0",-100.243402,37.42974,213.5606079,"198-262"
"2245","Meade",-12.98,"Fowler",1949-04-20,372539100142501,119,30,c(-100.243402, 37.42974),"1949","71-0",-100.243402,37.42974,213.5606079,"198-262"
"2246","Meade",-13.07,"Fowler",1949-04-25,372539100142501,119,30,c(-100.243402, 37.42974),"1949","71-0",-100.243402,37.42974,213.5606079,"198-262"
"2247","Meade",-12.95,"Fowler",1949-04-30,372539100142501,119,30,c(-100.243402, 37.42974),"1949","71-0",-100.243402,37.42974,213.5606079,"198-262"
"2248","Meade",-12.99,"Fowler",1949-05-05,372539100142501,119,30,c(-100.243402, 37.42974),"1949","71-0",-100.243402,37.42974,213.5606079,"198-262"
"2249","Meade",-13,"Fowler",1949-05-10,372539100142501,119,30,c(-100.243402, 37.42974),"1949","71-0",-100.243402,37.42974,213.5606079,"198-262"
"2250","Meade",-12.94,"Fowler",1949-05-15,372539100142501,119,30,c(-100.243402, 37.42974),"1949","71-0",-100.243402,37.42974,213.5606079,"198-262"
"2251","Meade",-12.82,"Fowler",1949-05-20,372539100142501,119,30,c(-100.243402, 37.42974),"1949","71-0",-100.243402,37.42974,213.5606079,"198-262"
"2252","Meade",-12.83,"Fowler",1949-05-25,372539100142501,119,30,c(-100.243402, 37.42974),"1949","71-0",-100.243402,37.42974,213.5606079,"198-262"
"2253","Meade",-12.8,"Fowler",1949-05-30,372539100142501,119,30,c(-100.243402, 37.42974),"1949","71-0",-100.243402,37.42974,213.5606079,"198-262"
"2254","Meade",-12.68,"Fowler",1949-06-05,372539100142501,119,30,c(-100.243402, 37.42974),"1949","71-0",-100.243402,37.42974,213.5606079,"198-262"
"2255","Meade",-12.66,"Fowler",1949-06-10,372539100142501,119,30,c(-100.243402, 37.42974),"1949","71-0",-100.243402,37.42974,213.5606079,"198-262"
"2256","Meade",-12.61,"Fowler",1949-06-15,372539100142501,119,30,c(-100.243402, 37.42974),"1949","71-0",-100.243402,37.42974,213.5606079,"198-262"
"2257","Meade",-12.59,"Fowler",1949-06-20,372539100142501,119,30,c(-100.243402, 37.42974),"1949","71-0",-100.243402,37.42974,213.5606079,"198-262"
"2258","Meade",-12.59,"Fowler",1949-06-25,372539100142501,119,30,c(-100.243402, 37.42974),"1949","71-0",-100.243402,37.42974,213.5606079,"198-262"
"2259","Meade",-12.46,"Fowler",1949-06-30,372539100142501,119,30,c(-100.243402, 37.42974),"1949","71-0",-100.243402,37.42974,213.5606079,"198-262"
"2260","Meade",-12.49,"Fowler",1949-07-05,372539100142501,119,30,c(-100.243402, 37.42974),"1949","71-0",-100.243402,37.42974,213.5606079,"198-262"
"2261","Meade",-12.4,"Fowler",1949-07-10,372539100142501,119,30,c(-100.243402, 37.42974),"1949","71-0",-100.243402,37.42974,213.5606079,"198-262"
"2262","Meade",-12.24,"Fowler",1949-07-15,372539100142501,119,30,c(-100.243402, 37.42974),"1949","71-0",-100.243402,37.42974,213.5606079,"198-262"
"2263","Meade",-12.26,"Fowler",1949-07-20,372539100142501,119,30,c(-100.243402, 37.42974),"1949","71-0",-100.243402,37.42974,213.5606079,"198-262"
"2264","Meade",-12.25,"Fowler",1949-07-25,372539100142501,119,30,c(-100.243402, 37.42974),"1949","71-0",-100.243402,37.42974,213.5606079,"198-262"
"2265","Meade",-12.2,"Fowler",1949-07-30,372539100142501,119,30,c(-100.243402, 37.42974),"1949","71-0",-100.243402,37.42974,213.5606079,"198-262"
"2266","Meade",-12.15,"Fowler",1949-08-05,372539100142501,119,30,c(-100.243402, 37.42974),"1949","71-0",-100.243402,37.42974,213.5606079,"198-262"
"2267","Meade",-12.11,"Fowler",1949-08-10,372539100142501,119,30,c(-100.243402, 37.42974),"1949","71-0",-100.243402,37.42974,213.5606079,"198-262"
"2268","Meade",-12.63,"Fowler",1949-08-15,372539100142501,119,30,c(-100.243402, 37.42974),"1949","71-0",-100.243402,37.42974,213.5606079,"198-262"
"2269","Meade",-12.52,"Fowler",1949-09-05,372539100142501,119,30,c(-100.243402, 37.42974),"1949","71-0",-100.243402,37.42974,213.5606079,"198-262"
"2270","Meade",-12.41,"Fowler",1949-09-10,372539100142501,119,30,c(-100.243402, 37.42974),"1949","71-0",-100.243402,37.42974,213.5606079,"198-262"
"2271","Meade",-12.23,"Fowler",1949-09-15,372539100142501,119,30,c(-100.243402, 37.42974),"1949","71-0",-100.243402,37.42974,213.5606079,"198-262"
"2272","Meade",-12.15,"Fowler",1949-09-20,372539100142501,119,30,c(-100.243402, 37.42974),"1949","71-0",-100.243402,37.42974,213.5606079,"198-262"
"2273","Meade",-12.21,"Fowler",1949-09-25,372539100142501,119,30,c(-100.243402, 37.42974),"1949","71-0",-100.243402,37.42974,213.5606079,"198-262"
"2274","Meade",-12.23,"Fowler",1949-09-30,372539100142501,119,30,c(-100.243402, 37.42974),"1949","71-0",-100.243402,37.42974,213.5606079,"198-262"
"2275","Meade",-12.08,"Fowler",1949-10-15,372539100142501,119,30,c(-100.243402, 37.42974),"1949","71-0",-100.243402,37.42974,213.5606079,"198-262"
"2276","Meade",-12.03,"Fowler",1949-10-20,372539100142501,119,30,c(-100.243402, 37.42974),"1949","71-0",-100.243402,37.42974,213.5606079,"198-262"
"2277","Meade",-12.02,"Fowler",1949-10-25,372539100142501,119,30,c(-100.243402, 37.42974),"1949","71-0",-100.243402,37.42974,213.5606079,"198-262"
"2278","Meade",-11.95,"Fowler",1949-11-25,372539100142501,119,30,c(-100.243402, 37.42974),"1949","71-0",-100.243402,37.42974,213.5606079,"198-262"
"2279","Meade",-12,"Fowler",1949-11-30,372539100142501,119,30,c(-100.243402, 37.42974),"1949","71-0",-100.243402,37.42974,213.5606079,"198-262"
"2280","Meade",-12.01,"Fowler",1949-12-05,372539100142501,119,30,c(-100.243402, 37.42974),"1949","71-0",-100.243402,37.42974,213.5606079,"198-262"
"2281","Meade",-11.93,"Fowler",1949-12-10,372539100142501,119,30,c(-100.243402, 37.42974),"1949","71-0",-100.243402,37.42974,213.5606079,"198-262"
"2282","Meade",-12.04,"Fowler",1949-12-15,372539100142501,119,30,c(-100.243402, 37.42974),"1949","71-0",-100.243402,37.42974,213.5606079,"198-262"
"2283","Meade",-11.97,"Fowler",1949-12-20,372539100142501,119,30,c(-100.243402, 37.42974),"1949","71-0",-100.243402,37.42974,213.5606079,"198-262"
"2284","Meade",-11.96,"Fowler",1949-12-25,372539100142501,119,30,c(-100.243402, 37.42974),"1949","71-0",-100.243402,37.42974,213.5606079,"198-262"
"2285","Meade",-11.96,"Fowler",1949-12-30,372539100142501,119,30,c(-100.243402, 37.42974),"1949","71-0",-100.243402,37.42974,213.5606079,"198-262"
"2286","Meade",-11.95,"Fowler",1950-01-05,372539100142501,119,30,c(-100.243402, 37.42974),"1950","71-0",-100.243402,37.42974,213.5606079,"198-262"
"2287","Meade",-11.96,"Fowler",1950-01-10,372539100142501,119,30,c(-100.243402, 37.42974),"1950","71-0",-100.243402,37.42974,213.5606079,"198-262"
"2288","Meade",-11.96,"Fowler",1950-01-15,372539100142501,119,30,c(-100.243402, 37.42974),"1950","71-0",-100.243402,37.42974,213.5606079,"198-262"
"2289","Meade",-11.97,"Fowler",1950-01-20,372539100142501,119,30,c(-100.243402, 37.42974),"1950","71-0",-100.243402,37.42974,213.5606079,"198-262"
"2290","Meade",-11.99,"Fowler",1950-01-25,372539100142501,119,30,c(-100.243402, 37.42974),"1950","71-0",-100.243402,37.42974,213.5606079,"198-262"
"2291","Meade",-11.96,"Fowler",1950-01-30,372539100142501,119,30,c(-100.243402, 37.42974),"1950","71-0",-100.243402,37.42974,213.5606079,"198-262"
"2292","Meade",-11.96,"Fowler",1950-02-05,372539100142501,119,30,c(-100.243402, 37.42974),"1950","71-0",-100.243402,37.42974,213.5606079,"198-262"
"2293","Meade",-11.95,"Fowler",1950-02-10,372539100142501,119,30,c(-100.243402, 37.42974),"1950","71-0",-100.243402,37.42974,213.5606079,"198-262"
"2294","Meade",-12.01,"Fowler",1950-02-15,372539100142501,119,30,c(-100.243402, 37.42974),"1950","71-0",-100.243402,37.42974,213.5606079,"198-262"
"2295","Meade",-11.97,"Fowler",1950-02-20,372539100142501,119,30,c(-100.243402, 37.42974),"1950","71-0",-100.243402,37.42974,213.5606079,"198-262"
"2296","Meade",-11.99,"Fowler",1950-02-25,372539100142501,119,30,c(-100.243402, 37.42974),"1950","71-0",-100.243402,37.42974,213.5606079,"198-262"
"2297","Meade",-12.02,"Fowler",1950-03-05,372539100142501,119,30,c(-100.243402, 37.42974),"1950","71-0",-100.243402,37.42974,213.5606079,"198-262"
"2298","Meade",-11.99,"Fowler",1950-03-10,372539100142501,119,30,c(-100.243402, 37.42974),"1950","71-0",-100.243402,37.42974,213.5606079,"198-262"
"2299","Meade",-12.04,"Fowler",1950-03-15,372539100142501,119,30,c(-100.243402, 37.42974),"1950","71-0",-100.243402,37.42974,213.5606079,"198-262"
"2300","Meade",-12.08,"Fowler",1950-03-20,372539100142501,119,30,c(-100.243402, 37.42974),"1950","71-0",-100.243402,37.42974,213.5606079,"198-262"
"2301","Meade",-12.21,"Fowler",1950-03-25,372539100142501,119,30,c(-100.243402, 37.42974),"1950","71-0",-100.243402,37.42974,213.5606079,"198-262"
"2302","Meade",-12.71,"Fowler",1950-03-30,372539100142501,119,30,c(-100.243402, 37.42974),"1950","71-0",-100.243402,37.42974,213.5606079,"198-262"
"2303","Meade",-13.04,"Fowler",1950-04-20,372539100142501,119,30,c(-100.243402, 37.42974),"1950","71-0",-100.243402,37.42974,213.5606079,"198-262"
"2304","Meade",-12.92,"Fowler",1950-04-25,372539100142501,119,30,c(-100.243402, 37.42974),"1950","71-0",-100.243402,37.42974,213.5606079,"198-262"
"2305","Meade",-12.83,"Fowler",1950-04-30,372539100142501,119,30,c(-100.243402, 37.42974),"1950","71-0",-100.243402,37.42974,213.5606079,"198-262"
"2306","Meade",-14.56,"Fowler",1950-05-05,372539100142501,119,30,c(-100.243402, 37.42974),"1950","71-0",-100.243402,37.42974,213.5606079,"198-262"
"2307","Meade",-14.53,"Fowler",1950-05-10,372539100142501,119,30,c(-100.243402, 37.42974),"1950","71-0",-100.243402,37.42974,213.5606079,"198-262"
"2308","Meade",-13.57,"Fowler",1950-05-15,372539100142501,119,30,c(-100.243402, 37.42974),"1950","71-0",-100.243402,37.42974,213.5606079,"198-262"
"2309","Meade",-13.19,"Fowler",1950-05-20,372539100142501,119,30,c(-100.243402, 37.42974),"1950","71-0",-100.243402,37.42974,213.5606079,"198-262"
"2310","Meade",-13.19,"Fowler",1950-05-25,372539100142501,119,30,c(-100.243402, 37.42974),"1950","71-0",-100.243402,37.42974,213.5606079,"198-262"
"2311","Meade",-13.19,"Fowler",1950-05-30,372539100142501,119,30,c(-100.243402, 37.42974),"1950","71-0",-100.243402,37.42974,213.5606079,"198-262"
"2312","Meade",-12.95,"Fowler",1950-06-05,372539100142501,119,30,c(-100.243402, 37.42974),"1950","71-0",-100.243402,37.42974,213.5606079,"198-262"
"2313","Meade",-13.12,"Fowler",1950-06-10,372539100142501,119,30,c(-100.243402, 37.42974),"1950","71-0",-100.243402,37.42974,213.5606079,"198-262"
"2314","Meade",-13.39,"Fowler",1950-06-15,372539100142501,119,30,c(-100.243402, 37.42974),"1950","71-0",-100.243402,37.42974,213.5606079,"198-262"
"2315","Meade",-13.75,"Fowler",1950-06-20,372539100142501,119,30,c(-100.243402, 37.42974),"1950","71-0",-100.243402,37.42974,213.5606079,"198-262"
"2316","Meade",-14.32,"Fowler",1950-06-25,372539100142501,119,30,c(-100.243402, 37.42974),"1950","71-0",-100.243402,37.42974,213.5606079,"198-262"
"2317","Meade",-15.88,"Fowler",1950-06-30,372539100142501,119,30,c(-100.243402, 37.42974),"1950","71-0",-100.243402,37.42974,213.5606079,"198-262"
"2318","Meade",-13.92,"Fowler",1950-07-05,372539100142501,119,30,c(-100.243402, 37.42974),"1950","71-0",-100.243402,37.42974,213.5606079,"198-262"
"2319","Meade",-13.21,"Fowler",1950-07-10,372539100142501,119,30,c(-100.243402, 37.42974),"1950","71-0",-100.243402,37.42974,213.5606079,"198-262"
"2320","Meade",-12.99,"Fowler",1950-07-15,372539100142501,119,30,c(-100.243402, 37.42974),"1950","71-0",-100.243402,37.42974,213.5606079,"198-262"
"2321","Meade",-13.03,"Fowler",1950-07-20,372539100142501,119,30,c(-100.243402, 37.42974),"1950","71-0",-100.243402,37.42974,213.5606079,"198-262"
"2322","Meade",-13.08,"Fowler",1950-07-30,372539100142501,119,30,c(-100.243402, 37.42974),"1950","71-0",-100.243402,37.42974,213.5606079,"198-262"
"2323","Meade",-12.72,"Fowler",1950-08-05,372539100142501,119,30,c(-100.243402, 37.42974),"1950","71-0",-100.243402,37.42974,213.5606079,"198-262"
"2324","Meade",-12.6,"Fowler",1950-08-10,372539100142501,119,30,c(-100.243402, 37.42974),"1950","71-0",-100.243402,37.42974,213.5606079,"198-262"
"2325","Meade",-12.53,"Fowler",1950-08-15,372539100142501,119,30,c(-100.243402, 37.42974),"1950","71-0",-100.243402,37.42974,213.5606079,"198-262"
"2326","Meade",-12.46,"Fowler",1950-08-20,372539100142501,119,30,c(-100.243402, 37.42974),"1950","71-0",-100.243402,37.42974,213.5606079,"198-262"
"2327","Meade",-12.34,"Fowler",1950-08-25,372539100142501,119,30,c(-100.243402, 37.42974),"1950","71-0",-100.243402,37.42974,213.5606079,"198-262"
"2328","Meade",-12.32,"Fowler",1950-08-30,372539100142501,119,30,c(-100.243402, 37.42974),"1950","71-0",-100.243402,37.42974,213.5606079,"198-262"
"2329","Meade",-12.28,"Fowler",1950-09-05,372539100142501,119,30,c(-100.243402, 37.42974),"1950","71-0",-100.243402,37.42974,213.5606079,"198-262"
"2330","Meade",-12.22,"Fowler",1950-09-10,372539100142501,119,30,c(-100.243402, 37.42974),"1950","71-0",-100.243402,37.42974,213.5606079,"198-262"
"2331","Meade",-12.18,"Fowler",1950-09-15,372539100142501,119,30,c(-100.243402, 37.42974),"1950","71-0",-100.243402,37.42974,213.5606079,"198-262"
"2332","Meade",-12.19,"Fowler",1950-09-20,372539100142501,119,30,c(-100.243402, 37.42974),"1950","71-0",-100.243402,37.42974,213.5606079,"198-262"
"2333","Meade",-12.34,"Fowler",1950-09-25,372539100142501,119,30,c(-100.243402, 37.42974),"1950","71-0",-100.243402,37.42974,213.5606079,"198-262"
"2334","Meade",-12.17,"Fowler",1950-09-30,372539100142501,119,30,c(-100.243402, 37.42974),"1950","71-0",-100.243402,37.42974,213.5606079,"198-262"
"2335","Meade",-12.34,"Fowler",1950-10-05,372539100142501,119,30,c(-100.243402, 37.42974),"1950","71-0",-100.243402,37.42974,213.5606079,"198-262"
"2336","Meade",-12.19,"Fowler",1950-10-10,372539100142501,119,30,c(-100.243402, 37.42974),"1950","71-0",-100.243402,37.42974,213.5606079,"198-262"
"2337","Meade",-12.48,"Fowler",1950-10-15,372539100142501,119,30,c(-100.243402, 37.42974),"1950","71-0",-100.243402,37.42974,213.5606079,"198-262"
"2338","Meade",-12.5,"Fowler",1950-10-20,372539100142501,119,30,c(-100.243402, 37.42974),"1950","71-0",-100.243402,37.42974,213.5606079,"198-262"
"2339","Meade",-12.33,"Fowler",1950-10-25,372539100142501,119,30,c(-100.243402, 37.42974),"1950","71-0",-100.243402,37.42974,213.5606079,"198-262"
"2340","Meade",-14.41,"Fowler",1950-10-30,372539100142501,119,30,c(-100.243402, 37.42974),"1950","71-0",-100.243402,37.42974,213.5606079,"198-262"
"2341","Meade",-12.26,"Fowler",1950-11-25,372539100142501,119,30,c(-100.243402, 37.42974),"1950","71-0",-100.243402,37.42974,213.5606079,"198-262"
"2342","Meade",-12.23,"Fowler",1950-11-30,372539100142501,119,30,c(-100.243402, 37.42974),"1950","71-0",-100.243402,37.42974,213.5606079,"198-262"
"2343","Meade",-12.32,"Fowler",1950-12-10,372539100142501,119,30,c(-100.243402, 37.42974),"1950","71-0",-100.243402,37.42974,213.5606079,"198-262"
"2344","Meade",-12.47,"Fowler",1950-12-20,372539100142501,119,30,c(-100.243402, 37.42974),"1950","71-0",-100.243402,37.42974,213.5606079,"198-262"
"2345","Meade",-12.28,"Fowler",1950-12-25,372539100142501,119,30,c(-100.243402, 37.42974),"1950","71-0",-100.243402,37.42974,213.5606079,"198-262"
"2346","Meade",-12.27,"Fowler",1950-12-30,372539100142501,119,30,c(-100.243402, 37.42974),"1950","71-0",-100.243402,37.42974,213.5606079,"198-262"
"2347","Meade",-12.3,"Fowler",1951-01-05,372539100142501,119,30,c(-100.243402, 37.42974),"1951","71-0",-100.243402,37.42974,213.5606079,"198-262"
"2348","Meade",-12.29,"Fowler",1951-01-10,372539100142501,119,30,c(-100.243402, 37.42974),"1951","71-0",-100.243402,37.42974,213.5606079,"198-262"
"2349","Meade",-12.29,"Fowler",1951-01-15,372539100142501,119,30,c(-100.243402, 37.42974),"1951","71-0",-100.243402,37.42974,213.5606079,"198-262"
"2350","Meade",-12.37,"Fowler",1951-01-20,372539100142501,119,30,c(-100.243402, 37.42974),"1951","71-0",-100.243402,37.42974,213.5606079,"198-262"
"2351","Meade",-12.72,"Fowler",1951-01-25,372539100142501,119,30,c(-100.243402, 37.42974),"1951","71-0",-100.243402,37.42974,213.5606079,"198-262"
"2352","Meade",-12.46,"Fowler",1951-01-30,372539100142501,119,30,c(-100.243402, 37.42974),"1951","71-0",-100.243402,37.42974,213.5606079,"198-262"
"2353","Meade",-12.3,"Fowler",1951-02-05,372539100142501,119,30,c(-100.243402, 37.42974),"1951","71-0",-100.243402,37.42974,213.5606079,"198-262"
"2354","Meade",-12.31,"Fowler",1951-02-10,372539100142501,119,30,c(-100.243402, 37.42974),"1951","71-0",-100.243402,37.42974,213.5606079,"198-262"
"2355","Meade",-12.37,"Fowler",1951-02-15,372539100142501,119,30,c(-100.243402, 37.42974),"1951","71-0",-100.243402,37.42974,213.5606079,"198-262"
"2356","Meade",-12.34,"Fowler",1951-02-20,372539100142501,119,30,c(-100.243402, 37.42974),"1951","71-0",-100.243402,37.42974,213.5606079,"198-262"
"2357","Meade",-12.57,"Fowler",1951-02-25,372539100142501,119,30,c(-100.243402, 37.42974),"1951","71-0",-100.243402,37.42974,213.5606079,"198-262"
"2358","Meade",-12.72,"Fowler",1951-03-05,372539100142501,119,30,c(-100.243402, 37.42974),"1951","71-0",-100.243402,37.42974,213.5606079,"198-262"
"2359","Meade",-12.56,"Fowler",1951-03-10,372539100142501,119,30,c(-100.243402, 37.42974),"1951","71-0",-100.243402,37.42974,213.5606079,"198-262"
"2360","Meade",-12.43,"Fowler",1951-03-15,372539100142501,119,30,c(-100.243402, 37.42974),"1951","71-0",-100.243402,37.42974,213.5606079,"198-262"
"2361","Meade",-12.45,"Fowler",1951-03-20,372539100142501,119,30,c(-100.243402, 37.42974),"1951","71-0",-100.243402,37.42974,213.5606079,"198-262"
"2362","Meade",-12.43,"Fowler",1951-03-25,372539100142501,119,30,c(-100.243402, 37.42974),"1951","71-0",-100.243402,37.42974,213.5606079,"198-262"
"2363","Meade",-12.35,"Fowler",1951-04-05,372539100142501,119,30,c(-100.243402, 37.42974),"1951","71-0",-100.243402,37.42974,213.5606079,"198-262"
"2364","Meade",-12.34,"Fowler",1951-04-10,372539100142501,119,30,c(-100.243402, 37.42974),"1951","71-0",-100.243402,37.42974,213.5606079,"198-262"
"2365","Meade",-12.31,"Fowler",1951-04-15,372539100142501,119,30,c(-100.243402, 37.42974),"1951","71-0",-100.243402,37.42974,213.5606079,"198-262"
"2366","Meade",-12.25,"Fowler",1951-04-20,372539100142501,119,30,c(-100.243402, 37.42974),"1951","71-0",-100.243402,37.42974,213.5606079,"198-262"
"2367","Meade",-12.31,"Fowler",1951-04-25,372539100142501,119,30,c(-100.243402, 37.42974),"1951","71-0",-100.243402,37.42974,213.5606079,"198-262"
"2368","Meade",-12.32,"Fowler",1951-04-30,372539100142501,119,30,c(-100.243402, 37.42974),"1951","71-0",-100.243402,37.42974,213.5606079,"198-262"
"2369","Meade",-12.56,"Fowler",1951-05-05,372539100142501,119,30,c(-100.243402, 37.42974),"1951","71-0",-100.243402,37.42974,213.5606079,"198-262"
"2370","Meade",-12.57,"Fowler",1951-05-10,372539100142501,119,30,c(-100.243402, 37.42974),"1951","71-0",-100.243402,37.42974,213.5606079,"198-262"
"2371","Meade",-12.44,"Fowler",1951-05-15,372539100142501,119,30,c(-100.243402, 37.42974),"1951","71-0",-100.243402,37.42974,213.5606079,"198-262"
"2372","Meade",-12.12,"Fowler",1951-05-20,372539100142501,119,30,c(-100.243402, 37.42974),"1951","71-0",-100.243402,37.42974,213.5606079,"198-262"
"2373","Meade",-11.95,"Fowler",1951-05-25,372539100142501,119,30,c(-100.243402, 37.42974),"1951","71-0",-100.243402,37.42974,213.5606079,"198-262"
"2374","Meade",-11.9,"Fowler",1951-05-30,372539100142501,119,30,c(-100.243402, 37.42974),"1951","71-0",-100.243402,37.42974,213.5606079,"198-262"
"2375","Meade",-11.89,"Fowler",1951-06-05,372539100142501,119,30,c(-100.243402, 37.42974),"1951","71-0",-100.243402,37.42974,213.5606079,"198-262"
"2376","Meade",-11.83,"Fowler",1951-06-10,372539100142501,119,30,c(-100.243402, 37.42974),"1951","71-0",-100.243402,37.42974,213.5606079,"198-262"
"2377","Meade",-11.72,"Fowler",1951-06-15,372539100142501,119,30,c(-100.243402, 37.42974),"1951","71-0",-100.243402,37.42974,213.5606079,"198-262"
"2378","Meade",-11.7,"Fowler",1951-06-20,372539100142501,119,30,c(-100.243402, 37.42974),"1951","71-0",-100.243402,37.42974,213.5606079,"198-262"
"2379","Meade",-11.68,"Fowler",1951-06-25,372539100142501,119,30,c(-100.243402, 37.42974),"1951","71-0",-100.243402,37.42974,213.5606079,"198-262"
"2380","Meade",-11.53,"Fowler",1951-06-30,372539100142501,119,30,c(-100.243402, 37.42974),"1951","71-0",-100.243402,37.42974,213.5606079,"198-262"
"2381","Meade",-11.48,"Fowler",1951-07-05,372539100142501,119,30,c(-100.243402, 37.42974),"1951","71-0",-100.243402,37.42974,213.5606079,"198-262"
"2382","Meade",-11.47,"Fowler",1951-07-10,372539100142501,119,30,c(-100.243402, 37.42974),"1951","71-0",-100.243402,37.42974,213.5606079,"198-262"
"2383","Meade",-11.48,"Fowler",1951-07-15,372539100142501,119,30,c(-100.243402, 37.42974),"1951","71-0",-100.243402,37.42974,213.5606079,"198-262"
"2384","Meade",-13.03,"Fowler",1951-07-30,372539100142501,119,30,c(-100.243402, 37.42974),"1951","71-0",-100.243402,37.42974,213.5606079,"198-262"
"2385","Meade",-16.47,"Fowler",1951-08-10,372539100142501,119,30,c(-100.243402, 37.42974),"1951","71-0",-100.243402,37.42974,213.5606079,"198-262"
"2386","Meade",-16,"Fowler",1951-08-15,372539100142501,119,30,c(-100.243402, 37.42974),"1951","71-0",-100.243402,37.42974,213.5606079,"198-262"
"2387","Meade",-15.89,"Fowler",1951-08-20,372539100142501,119,30,c(-100.243402, 37.42974),"1951","71-0",-100.243402,37.42974,213.5606079,"198-262"
"2388","Meade",-13.54,"Fowler",1951-08-25,372539100142501,119,30,c(-100.243402, 37.42974),"1951","71-0",-100.243402,37.42974,213.5606079,"198-262"
"2389","Meade",-14.95,"Fowler",1951-08-30,372539100142501,119,30,c(-100.243402, 37.42974),"1951","71-0",-100.243402,37.42974,213.5606079,"198-262"
"2390","Meade",-14.57,"Fowler",1951-09-05,372539100142501,119,30,c(-100.243402, 37.42974),"1951","71-0",-100.243402,37.42974,213.5606079,"198-262"
"2391","Meade",-12.98,"Fowler",1951-09-10,372539100142501,119,30,c(-100.243402, 37.42974),"1951","71-0",-100.243402,37.42974,213.5606079,"198-262"
"2392","Meade",-12.42,"Fowler",1951-09-15,372539100142501,119,30,c(-100.243402, 37.42974),"1951","71-0",-100.243402,37.42974,213.5606079,"198-262"
"2393","Meade",-12.11,"Fowler",1951-09-20,372539100142501,119,30,c(-100.243402, 37.42974),"1951","71-0",-100.243402,37.42974,213.5606079,"198-262"
"2394","Meade",-12.28,"Fowler",1951-09-25,372539100142501,119,30,c(-100.243402, 37.42974),"1951","71-0",-100.243402,37.42974,213.5606079,"198-262"
"2395","Meade",-12.1,"Fowler",1951-09-30,372539100142501,119,30,c(-100.243402, 37.42974),"1951","71-0",-100.243402,37.42974,213.5606079,"198-262"
"2396","Meade",-12.11,"Fowler",1951-10-20,372539100142501,119,30,c(-100.243402, 37.42974),"1951","71-0",-100.243402,37.42974,213.5606079,"198-262"
"2397","Meade",-11.9,"Fowler",1951-10-25,372539100142501,119,30,c(-100.243402, 37.42974),"1951","71-0",-100.243402,37.42974,213.5606079,"198-262"
"2398","Meade",-11.79,"Fowler",1951-10-30,372539100142501,119,30,c(-100.243402, 37.42974),"1951","71-0",-100.243402,37.42974,213.5606079,"198-262"
"2399","Meade",-11.72,"Fowler",1951-11-05,372539100142501,119,30,c(-100.243402, 37.42974),"1951","71-0",-100.243402,37.42974,213.5606079,"198-262"
"2400","Meade",-11.66,"Fowler",1951-11-10,372539100142501,119,30,c(-100.243402, 37.42974),"1951","71-0",-100.243402,37.42974,213.5606079,"198-262"
"2401","Meade",-11.68,"Fowler",1951-11-15,372539100142501,119,30,c(-100.243402, 37.42974),"1951","71-0",-100.243402,37.42974,213.5606079,"198-262"
"2402","Meade",-11.69,"Fowler",1951-11-20,372539100142501,119,30,c(-100.243402, 37.42974),"1951","71-0",-100.243402,37.42974,213.5606079,"198-262"
"2403","Meade",-11.73,"Fowler",1951-11-25,372539100142501,119,30,c(-100.243402, 37.42974),"1951","71-0",-100.243402,37.42974,213.5606079,"198-262"
"2404","Meade",-11.7,"Fowler",1951-11-30,372539100142501,119,30,c(-100.243402, 37.42974),"1951","71-0",-100.243402,37.42974,213.5606079,"198-262"
"2405","Meade",-11.65,"Fowler",1951-12-05,372539100142501,119,30,c(-100.243402, 37.42974),"1951","71-0",-100.243402,37.42974,213.5606079,"198-262"
"2406","Meade",-11.73,"Fowler",1951-12-10,372539100142501,119,30,c(-100.243402, 37.42974),"1951","71-0",-100.243402,37.42974,213.5606079,"198-262"
"2407","Meade",-11.74,"Fowler",1951-12-15,372539100142501,119,30,c(-100.243402, 37.42974),"1951","71-0",-100.243402,37.42974,213.5606079,"198-262"
"2408","Meade",-11.69,"Fowler",1951-12-20,372539100142501,119,30,c(-100.243402, 37.42974),"1951","71-0",-100.243402,37.42974,213.5606079,"198-262"
"2409","Meade",-11.79,"Fowler",1951-12-25,372539100142501,119,30,c(-100.243402, 37.42974),"1951","71-0",-100.243402,37.42974,213.5606079,"198-262"
"2410","Meade",-11.7,"Fowler",1951-12-30,372539100142501,119,30,c(-100.243402, 37.42974),"1951","71-0",-100.243402,37.42974,213.5606079,"198-262"
"2411","Meade",-11.8,"Fowler",1952-01-05,372539100142501,119,30,c(-100.243402, 37.42974),"1952","71-0",-100.243402,37.42974,213.5606079,"198-262"
"2412","Meade",-11.84,"Fowler",1952-01-10,372539100142501,119,30,c(-100.243402, 37.42974),"1952","71-0",-100.243402,37.42974,213.5606079,"198-262"
"2413","Meade",-11.75,"Fowler",1952-01-15,372539100142501,119,30,c(-100.243402, 37.42974),"1952","71-0",-100.243402,37.42974,213.5606079,"198-262"
"2414","Meade",-11.8,"Fowler",1952-01-20,372539100142501,119,30,c(-100.243402, 37.42974),"1952","71-0",-100.243402,37.42974,213.5606079,"198-262"
"2415","Meade",-11.76,"Fowler",1952-01-25,372539100142501,119,30,c(-100.243402, 37.42974),"1952","71-0",-100.243402,37.42974,213.5606079,"198-262"
"2416","Meade",-12.43,"Fowler",1952-01-30,372539100142501,119,30,c(-100.243402, 37.42974),"1952","71-0",-100.243402,37.42974,213.5606079,"198-262"
"2417","Meade",-12.35,"Fowler",1952-02-05,372539100142501,119,30,c(-100.243402, 37.42974),"1952","71-0",-100.243402,37.42974,213.5606079,"198-262"
"2418","Meade",-12.47,"Fowler",1952-02-10,372539100142501,119,30,c(-100.243402, 37.42974),"1952","71-0",-100.243402,37.42974,213.5606079,"198-262"
"2419","Meade",-12.2,"Fowler",1952-02-15,372539100142501,119,30,c(-100.243402, 37.42974),"1952","71-0",-100.243402,37.42974,213.5606079,"198-262"
"2420","Meade",-11.98,"Fowler",1952-02-20,372539100142501,119,30,c(-100.243402, 37.42974),"1952","71-0",-100.243402,37.42974,213.5606079,"198-262"
"2421","Meade",-12.01,"Fowler",1952-02-25,372539100142501,119,30,c(-100.243402, 37.42974),"1952","71-0",-100.243402,37.42974,213.5606079,"198-262"
"2422","Meade",-11.86,"Fowler",1952-03-05,372539100142501,119,30,c(-100.243402, 37.42974),"1952","71-0",-100.243402,37.42974,213.5606079,"198-262"
"2423","Meade",-11.8,"Fowler",1952-03-10,372539100142501,119,30,c(-100.243402, 37.42974),"1952","71-0",-100.243402,37.42974,213.5606079,"198-262"
"2424","Meade",-11.85,"Fowler",1952-03-15,372539100142501,119,30,c(-100.243402, 37.42974),"1952","71-0",-100.243402,37.42974,213.5606079,"198-262"
"2425","Meade",-11.79,"Fowler",1952-03-20,372539100142501,119,30,c(-100.243402, 37.42974),"1952","71-0",-100.243402,37.42974,213.5606079,"198-262"
"2426","Meade",-11.89,"Fowler",1952-03-25,372539100142501,119,30,c(-100.243402, 37.42974),"1952","71-0",-100.243402,37.42974,213.5606079,"198-262"
"2427","Meade",-11.81,"Fowler",1952-03-30,372539100142501,119,30,c(-100.243402, 37.42974),"1952","71-0",-100.243402,37.42974,213.5606079,"198-262"
"2428","Meade",-11.63,"Fowler",1952-04-05,372539100142501,119,30,c(-100.243402, 37.42974),"1952","71-0",-100.243402,37.42974,213.5606079,"198-262"
"2429","Meade",-11.8,"Fowler",1952-04-10,372539100142501,119,30,c(-100.243402, 37.42974),"1952","71-0",-100.243402,37.42974,213.5606079,"198-262"
"2430","Meade",-11.61,"Fowler",1952-04-15,372539100142501,119,30,c(-100.243402, 37.42974),"1952","71-0",-100.243402,37.42974,213.5606079,"198-262"
"2431","Meade",-11.56,"Fowler",1952-04-20,372539100142501,119,30,c(-100.243402, 37.42974),"1952","71-0",-100.243402,37.42974,213.5606079,"198-262"
"2432","Meade",-11.56,"Fowler",1952-04-25,372539100142501,119,30,c(-100.243402, 37.42974),"1952","71-0",-100.243402,37.42974,213.5606079,"198-262"
"2433","Meade",-11.59,"Fowler",1952-04-30,372539100142501,119,30,c(-100.243402, 37.42974),"1952","71-0",-100.243402,37.42974,213.5606079,"198-262"
"2434","Meade",-11.58,"Fowler",1952-05-05,372539100142501,119,30,c(-100.243402, 37.42974),"1952","71-0",-100.243402,37.42974,213.5606079,"198-262"
"2435","Meade",-12.32,"Fowler",1952-05-10,372539100142501,119,30,c(-100.243402, 37.42974),"1952","71-0",-100.243402,37.42974,213.5606079,"198-262"
"2436","Meade",-12.52,"Fowler",1952-05-15,372539100142501,119,30,c(-100.243402, 37.42974),"1952","71-0",-100.243402,37.42974,213.5606079,"198-262"
"2437","Meade",-12.49,"Fowler",1952-05-20,372539100142501,119,30,c(-100.243402, 37.42974),"1952","71-0",-100.243402,37.42974,213.5606079,"198-262"
"2438","Meade",-12.6,"Fowler",1952-05-25,372539100142501,119,30,c(-100.243402, 37.42974),"1952","71-0",-100.243402,37.42974,213.5606079,"198-262"
"2439","Meade",-12.09,"Fowler",1952-05-30,372539100142501,119,30,c(-100.243402, 37.42974),"1952","71-0",-100.243402,37.42974,213.5606079,"198-262"
"2440","Meade",-12.42,"Fowler",1952-06-05,372539100142501,119,30,c(-100.243402, 37.42974),"1952","71-0",-100.243402,37.42974,213.5606079,"198-262"
"2441","Meade",-13.08,"Fowler",1952-06-10,372539100142501,119,30,c(-100.243402, 37.42974),"1952","71-0",-100.243402,37.42974,213.5606079,"198-262"
"2442","Meade",-14.95,"Fowler",1952-08-30,372539100142501,119,30,c(-100.243402, 37.42974),"1952","71-0",-100.243402,37.42974,213.5606079,"198-262"
"2443","Meade",-14.57,"Fowler",1952-09-05,372539100142501,119,30,c(-100.243402, 37.42974),"1952","71-0",-100.243402,37.42974,213.5606079,"198-262"
"2444","Meade",-14.18,"Fowler",1952-09-30,372539100142501,119,30,c(-100.243402, 37.42974),"1952","71-0",-100.243402,37.42974,213.5606079,"198-262"
"2445","Meade",-14.1,"Fowler",1952-10-05,372539100142501,119,30,c(-100.243402, 37.42974),"1952","71-0",-100.243402,37.42974,213.5606079,"198-262"
"2446","Meade",-13.77,"Fowler",1952-10-10,372539100142501,119,30,c(-100.243402, 37.42974),"1952","71-0",-100.243402,37.42974,213.5606079,"198-262"
"2447","Meade",-13.83,"Fowler",1952-10-15,372539100142501,119,30,c(-100.243402, 37.42974),"1952","71-0",-100.243402,37.42974,213.5606079,"198-262"
"2448","Meade",-13.91,"Fowler",1952-10-20,372539100142501,119,30,c(-100.243402, 37.42974),"1952","71-0",-100.243402,37.42974,213.5606079,"198-262"
"2449","Meade",-13.61,"Fowler",1952-10-25,372539100142501,119,30,c(-100.243402, 37.42974),"1952","71-0",-100.243402,37.42974,213.5606079,"198-262"
"2450","Meade",-13.99,"Fowler",1952-11-10,372539100142501,119,30,c(-100.243402, 37.42974),"1952","71-0",-100.243402,37.42974,213.5606079,"198-262"
"2451","Meade",-13.41,"Fowler",1952-11-15,372539100142501,119,30,c(-100.243402, 37.42974),"1952","71-0",-100.243402,37.42974,213.5606079,"198-262"
"2452","Meade",-14.78,"Fowler",1952-11-20,372539100142501,119,30,c(-100.243402, 37.42974),"1952","71-0",-100.243402,37.42974,213.5606079,"198-262"
"2453","Meade",-13.48,"Fowler",1952-11-30,372539100142501,119,30,c(-100.243402, 37.42974),"1952","71-0",-100.243402,37.42974,213.5606079,"198-262"
"2454","Meade",-13.3,"Fowler",1952-12-05,372539100142501,119,30,c(-100.243402, 37.42974),"1952","71-0",-100.243402,37.42974,213.5606079,"198-262"
"2455","Meade",-13.25,"Fowler",1952-12-10,372539100142501,119,30,c(-100.243402, 37.42974),"1952","71-0",-100.243402,37.42974,213.5606079,"198-262"
"2456","Meade",-13.58,"Fowler",1952-12-15,372539100142501,119,30,c(-100.243402, 37.42974),"1952","71-0",-100.243402,37.42974,213.5606079,"198-262"
"2457","Meade",-13.69,"Fowler",1952-12-20,372539100142501,119,30,c(-100.243402, 37.42974),"1952","71-0",-100.243402,37.42974,213.5606079,"198-262"
"2458","Meade",-13.32,"Fowler",1952-12-25,372539100142501,119,30,c(-100.243402, 37.42974),"1952","71-0",-100.243402,37.42974,213.5606079,"198-262"
"2459","Meade",-13.08,"Fowler",1953-01-05,372539100142501,119,30,c(-100.243402, 37.42974),"1953","71-0",-100.243402,37.42974,213.5606079,"198-262"
"2460","Meade",-13.12,"Fowler",1953-01-10,372539100142501,119,30,c(-100.243402, 37.42974),"1953","71-0",-100.243402,37.42974,213.5606079,"198-262"
"2461","Meade",-13.15,"Fowler",1953-01-15,372539100142501,119,30,c(-100.243402, 37.42974),"1953","71-0",-100.243402,37.42974,213.5606079,"198-262"
"2462","Meade",-13.1,"Fowler",1953-01-20,372539100142501,119,30,c(-100.243402, 37.42974),"1953","71-0",-100.243402,37.42974,213.5606079,"198-262"
"2463","Meade",-13.12,"Fowler",1953-01-25,372539100142501,119,30,c(-100.243402, 37.42974),"1953","71-0",-100.243402,37.42974,213.5606079,"198-262"
"2464","Meade",-13.68,"Fowler",1953-01-30,372539100142501,119,30,c(-100.243402, 37.42974),"1953","71-0",-100.243402,37.42974,213.5606079,"198-262"
"2465","Meade",-13.42,"Fowler",1953-02-05,372539100142501,119,30,c(-100.243402, 37.42974),"1953","71-0",-100.243402,37.42974,213.5606079,"198-262"
"2466","Meade",-13.36,"Fowler",1953-02-10,372539100142501,119,30,c(-100.243402, 37.42974),"1953","71-0",-100.243402,37.42974,213.5606079,"198-262"
"2467","Meade",-13.22,"Fowler",1953-02-15,372539100142501,119,30,c(-100.243402, 37.42974),"1953","71-0",-100.243402,37.42974,213.5606079,"198-262"
"2468","Meade",-13.18,"Fowler",1953-02-20,372539100142501,119,30,c(-100.243402, 37.42974),"1953","71-0",-100.243402,37.42974,213.5606079,"198-262"
"2469","Meade",-13.11,"Fowler",1953-02-25,372539100142501,119,30,c(-100.243402, 37.42974),"1953","71-0",-100.243402,37.42974,213.5606079,"198-262"
"2470","Meade",-13.22,"Fowler",1953-03-05,372539100142501,119,30,c(-100.243402, 37.42974),"1953","71-0",-100.243402,37.42974,213.5606079,"198-262"
"2471","Meade",-13.18,"Fowler",1953-03-20,372539100142501,119,30,c(-100.243402, 37.42974),"1953","71-0",-100.243402,37.42974,213.5606079,"198-262"
"2472","Meade",-13.24,"Fowler",1953-03-25,372539100142501,119,30,c(-100.243402, 37.42974),"1953","71-0",-100.243402,37.42974,213.5606079,"198-262"
"2473","Meade",-13.27,"Fowler",1953-03-30,372539100142501,119,30,c(-100.243402, 37.42974),"1953","71-0",-100.243402,37.42974,213.5606079,"198-262"
"2474","Meade",-16.6,"Fowler",1953-04-25,372539100142501,119,30,c(-100.243402, 37.42974),"1953","71-0",-100.243402,37.42974,213.5606079,"198-262"
"2475","Meade",-16.6,"Fowler",1953-05-05,372539100142501,119,30,c(-100.243402, 37.42974),"1953","71-0",-100.243402,37.42974,213.5606079,"198-262"
"2476","Meade",-17.32,"Fowler",1953-05-10,372539100142501,119,30,c(-100.243402, 37.42974),"1953","71-0",-100.243402,37.42974,213.5606079,"198-262"
"2477","Meade",-18.66,"Fowler",1953-05-15,372539100142501,119,30,c(-100.243402, 37.42974),"1953","71-0",-100.243402,37.42974,213.5606079,"198-262"
"2478","Meade",-17.14,"Fowler",1953-05-25,372539100142501,119,30,c(-100.243402, 37.42974),"1953","71-0",-100.243402,37.42974,213.5606079,"198-262"
"2479","Meade",-16.33,"Fowler",1953-06-05,372539100142501,119,30,c(-100.243402, 37.42974),"1953","71-0",-100.243402,37.42974,213.5606079,"198-262"
"2480","Meade",-15.18,"Fowler",1953-06-10,372539100142501,119,30,c(-100.243402, 37.42974),"1953","71-0",-100.243402,37.42974,213.5606079,"198-262"
"2481","Meade",-15.7,"Fowler",1953-06-15,372539100142501,119,30,c(-100.243402, 37.42974),"1953","71-0",-100.243402,37.42974,213.5606079,"198-262"
"2482","Meade",-18.28,"Fowler",1953-06-30,372539100142501,119,30,c(-100.243402, 37.42974),"1953","71-0",-100.243402,37.42974,213.5606079,"198-262"
"2483","Meade",-18.86,"Fowler",1953-07-20,372539100142501,119,30,c(-100.243402, 37.42974),"1953","71-0",-100.243402,37.42974,213.5606079,"198-262"
"2484","Meade",-17.32,"Fowler",1953-07-25,372539100142501,119,30,c(-100.243402, 37.42974),"1953","71-0",-100.243402,37.42974,213.5606079,"198-262"
"2485","Meade",-16.62,"Fowler",1953-07-30,372539100142501,119,30,c(-100.243402, 37.42974),"1953","71-0",-100.243402,37.42974,213.5606079,"198-262"
"2486","Meade",-15.54,"Fowler",1953-08-10,372539100142501,119,30,c(-100.243402, 37.42974),"1953","71-0",-100.243402,37.42974,213.5606079,"198-262"
"2487","Meade",-16.8,"Fowler",1953-08-15,372539100142501,119,30,c(-100.243402, 37.42974),"1953","71-0",-100.243402,37.42974,213.5606079,"198-262"
"2488","Meade",-17.38,"Fowler",1953-08-20,372539100142501,119,30,c(-100.243402, 37.42974),"1953","71-0",-100.243402,37.42974,213.5606079,"198-262"
"2489","Meade",-20,"Fowler",1953-08-30,372539100142501,119,30,c(-100.243402, 37.42974),"1953","71-0",-100.243402,37.42974,213.5606079,"198-262"
"2490","Meade",-17.4,"Fowler",1953-09-05,372539100142501,119,30,c(-100.243402, 37.42974),"1953","71-0",-100.243402,37.42974,213.5606079,"198-262"
"2491","Meade",-15.44,"Fowler",1953-09-10,372539100142501,119,30,c(-100.243402, 37.42974),"1953","71-0",-100.243402,37.42974,213.5606079,"198-262"
"2492","Meade",-15.32,"Fowler",1953-09-15,372539100142501,119,30,c(-100.243402, 37.42974),"1953","71-0",-100.243402,37.42974,213.5606079,"198-262"
"2493","Meade",-14.7,"Fowler",1953-09-20,372539100142501,119,30,c(-100.243402, 37.42974),"1953","71-0",-100.243402,37.42974,213.5606079,"198-262"
"2494","Meade",-15.45,"Fowler",1953-09-25,372539100142501,119,30,c(-100.243402, 37.42974),"1953","71-0",-100.243402,37.42974,213.5606079,"198-262"
"2495","Meade",-15.52,"Fowler",1953-09-30,372539100142501,119,30,c(-100.243402, 37.42974),"1953","71-0",-100.243402,37.42974,213.5606079,"198-262"
"2496","Meade",-15.3,"Fowler",1953-10-05,372539100142501,119,30,c(-100.243402, 37.42974),"1953","71-0",-100.243402,37.42974,213.5606079,"198-262"
"2497","Meade",-16.33,"Fowler",1953-10-10,372539100142501,119,30,c(-100.243402, 37.42974),"1953","71-0",-100.243402,37.42974,213.5606079,"198-262"
"2498","Meade",-16.04,"Fowler",1953-10-15,372539100142501,119,30,c(-100.243402, 37.42974),"1953","71-0",-100.243402,37.42974,213.5606079,"198-262"
"2499","Meade",-14.7,"Fowler",1953-10-20,372539100142501,119,30,c(-100.243402, 37.42974),"1953","71-0",-100.243402,37.42974,213.5606079,"198-262"
"2500","Meade",-13.71,"Fowler",1953-11-15,372539100142501,119,30,c(-100.243402, 37.42974),"1953","71-0",-100.243402,37.42974,213.5606079,"198-262"
"2501","Meade",-13.56,"Fowler",1953-11-20,372539100142501,119,30,c(-100.243402, 37.42974),"1953","71-0",-100.243402,37.42974,213.5606079,"198-262"
"2502","Meade",-13.55,"Fowler",1953-11-25,372539100142501,119,30,c(-100.243402, 37.42974),"1953","71-0",-100.243402,37.42974,213.5606079,"198-262"
"2503","Meade",-13.36,"Fowler",1953-12-05,372539100142501,119,30,c(-100.243402, 37.42974),"1953","71-0",-100.243402,37.42974,213.5606079,"198-262"
"2504","Meade",-13.37,"Fowler",1953-12-10,372539100142501,119,30,c(-100.243402, 37.42974),"1953","71-0",-100.243402,37.42974,213.5606079,"198-262"
"2505","Meade",-13.46,"Fowler",1953-12-25,372539100142501,119,30,c(-100.243402, 37.42974),"1953","71-0",-100.243402,37.42974,213.5606079,"198-262"
"2506","Meade",-13.46,"Fowler",1953-12-30,372539100142501,119,30,c(-100.243402, 37.42974),"1953","71-0",-100.243402,37.42974,213.5606079,"198-262"
"2507","Meade",-31.43,"Fowler",1954-01-05,372539100142501,119,30,c(-100.243402, 37.42974),"1954","71-0",-100.243402,37.42974,213.5606079,"198-262"
"2508","Meade",-13.41,"Fowler",1954-01-10,372539100142501,119,30,c(-100.243402, 37.42974),"1954","71-0",-100.243402,37.42974,213.5606079,"198-262"
"2509","Meade",-13.4,"Fowler",1954-01-15,372539100142501,119,30,c(-100.243402, 37.42974),"1954","71-0",-100.243402,37.42974,213.5606079,"198-262"
"2510","Meade",-13.42,"Fowler",1954-01-20,372539100142501,119,30,c(-100.243402, 37.42974),"1954","71-0",-100.243402,37.42974,213.5606079,"198-262"
"2511","Meade",-13.4,"Fowler",1954-01-25,372539100142501,119,30,c(-100.243402, 37.42974),"1954","71-0",-100.243402,37.42974,213.5606079,"198-262"
"2512","Meade",-13.44,"Fowler",1954-01-30,372539100142501,119,30,c(-100.243402, 37.42974),"1954","71-0",-100.243402,37.42974,213.5606079,"198-262"
"2513","Meade",-13.67,"Fowler",1954-02-05,372539100142501,119,30,c(-100.243402, 37.42974),"1954","71-0",-100.243402,37.42974,213.5606079,"198-262"
"2514","Meade",-14.44,"Fowler",1954-02-10,372539100142501,119,30,c(-100.243402, 37.42974),"1954","71-0",-100.243402,37.42974,213.5606079,"198-262"
"2515","Meade",-14.06,"Fowler",1954-02-15,372539100142501,119,30,c(-100.243402, 37.42974),"1954","71-0",-100.243402,37.42974,213.5606079,"198-262"
"2516","Meade",-13.88,"Fowler",1954-03-05,372539100142501,119,30,c(-100.243402, 37.42974),"1954","71-0",-100.243402,37.42974,213.5606079,"198-262"
"2517","Meade",-17.22,"Fowler",1954-03-20,372539100142501,119,30,c(-100.243402, 37.42974),"1954","71-0",-100.243402,37.42974,213.5606079,"198-262"
"2518","Meade",-15.04,"Fowler",1954-03-25,372539100142501,119,30,c(-100.243402, 37.42974),"1954","71-0",-100.243402,37.42974,213.5606079,"198-262"
"2519","Meade",-14.93,"Fowler",1954-03-30,372539100142501,119,30,c(-100.243402, 37.42974),"1954","71-0",-100.243402,37.42974,213.5606079,"198-262"
"2520","Meade",-18.74,"Fowler",1954-04-25,372539100142501,119,30,c(-100.243402, 37.42974),"1954","71-0",-100.243402,37.42974,213.5606079,"198-262"
"2521","Meade",-18.97,"Fowler",1954-04-30,372539100142501,119,30,c(-100.243402, 37.42974),"1954","71-0",-100.243402,37.42974,213.5606079,"198-262"
"2522","Meade",-18.1,"Fowler",1954-05-05,372539100142501,119,30,c(-100.243402, 37.42974),"1954","71-0",-100.243402,37.42974,213.5606079,"198-262"
"2523","Meade",-18.7,"Fowler",1954-05-10,372539100142501,119,30,c(-100.243402, 37.42974),"1954","71-0",-100.243402,37.42974,213.5606079,"198-262"
"2524","Meade",-15.87,"Fowler",1954-06-10,372539100142501,119,30,c(-100.243402, 37.42974),"1954","71-0",-100.243402,37.42974,213.5606079,"198-262"
"2525","Meade",-15.35,"Fowler",1954-06-15,372539100142501,119,30,c(-100.243402, 37.42974),"1954","71-0",-100.243402,37.42974,213.5606079,"198-262"
"2526","Meade",-16.39,"Fowler",1954-06-20,372539100142501,119,30,c(-100.243402, 37.42974),"1954","71-0",-100.243402,37.42974,213.5606079,"198-262"
"2527","Meade",-23.98,"Fowler",1954-07-25,372539100142501,119,30,c(-100.243402, 37.42974),"1954","71-0",-100.243402,37.42974,213.5606079,"198-262"
"2528","Meade",-20.32,"Fowler",1954-08-05,372539100142501,119,30,c(-100.243402, 37.42974),"1954","71-0",-100.243402,37.42974,213.5606079,"198-262"
"2529","Meade",-24.27,"Fowler",1954-08-10,372539100142501,119,30,c(-100.243402, 37.42974),"1954","71-0",-100.243402,37.42974,213.5606079,"198-262"
"2530","Meade",-26.7,"Fowler",1954-08-15,372539100142501,119,30,c(-100.243402, 37.42974),"1954","71-0",-100.243402,37.42974,213.5606079,"198-262"
"2531","Meade",-18.75,"Fowler",1954-08-30,372539100142501,119,30,c(-100.243402, 37.42974),"1954","71-0",-100.243402,37.42974,213.5606079,"198-262"
"2532","Meade",-21.59,"Fowler",1954-09-05,372539100142501,119,30,c(-100.243402, 37.42974),"1954","71-0",-100.243402,37.42974,213.5606079,"198-262"
"2533","Meade",-22.39,"Fowler",1954-09-25,372539100142501,119,30,c(-100.243402, 37.42974),"1954","71-0",-100.243402,37.42974,213.5606079,"198-262"
"2534","Meade",-22.63,"Fowler",1954-09-30,372539100142501,119,30,c(-100.243402, 37.42974),"1954","71-0",-100.243402,37.42974,213.5606079,"198-262"
"2535","Meade",-20.97,"Fowler",1954-10-05,372539100142501,119,30,c(-100.243402, 37.42974),"1954","71-0",-100.243402,37.42974,213.5606079,"198-262"
"2536","Meade",-17.62,"Fowler",1954-10-10,372539100142501,119,30,c(-100.243402, 37.42974),"1954","71-0",-100.243402,37.42974,213.5606079,"198-262"
"2537","Meade",-17.6,"Fowler",1954-10-15,372539100142501,119,30,c(-100.243402, 37.42974),"1954","71-0",-100.243402,37.42974,213.5606079,"198-262"
"2538","Meade",-17.11,"Fowler",1954-10-20,372539100142501,119,30,c(-100.243402, 37.42974),"1954","71-0",-100.243402,37.42974,213.5606079,"198-262"
"2539","Meade",-16.56,"Fowler",1954-10-25,372539100142501,119,30,c(-100.243402, 37.42974),"1954","71-0",-100.243402,37.42974,213.5606079,"198-262"
"2540","Meade",-15.92,"Fowler",1954-11-15,372539100142501,119,30,c(-100.243402, 37.42974),"1954","71-0",-100.243402,37.42974,213.5606079,"198-262"
"2541","Meade",-15.09,"Fowler",1954-12-15,372539100142501,119,30,c(-100.243402, 37.42974),"1954","71-0",-100.243402,37.42974,213.5606079,"198-262"
"2542","Meade",-15.1,"Fowler",1954-12-20,372539100142501,119,30,c(-100.243402, 37.42974),"1954","71-0",-100.243402,37.42974,213.5606079,"198-262"
"2543","Meade",-14.89,"Fowler",1955-01-15,372539100142501,119,30,c(-100.243402, 37.42974),"1955","71-0",-100.243402,37.42974,213.5606079,"198-262"
"2544","Meade",-14.86,"Fowler",1955-01-20,372539100142501,119,30,c(-100.243402, 37.42974),"1955","71-0",-100.243402,37.42974,213.5606079,"198-262"
"2545","Meade",-14.88,"Fowler",1955-01-25,372539100142501,119,30,c(-100.243402, 37.42974),"1955","71-0",-100.243402,37.42974,213.5606079,"198-262"
"2546","Meade",-15.28,"Fowler",1955-01-30,372539100142501,119,30,c(-100.243402, 37.42974),"1955","71-0",-100.243402,37.42974,213.5606079,"198-262"
"2547","Meade",-15.08,"Fowler",1955-02-05,372539100142501,119,30,c(-100.243402, 37.42974),"1955","71-0",-100.243402,37.42974,213.5606079,"198-262"
"2548","Meade",-14.7,"Fowler",1955-02-15,372539100142501,119,30,c(-100.243402, 37.42974),"1955","71-0",-100.243402,37.42974,213.5606079,"198-262"
"2549","Meade",-14.86,"Fowler",1955-02-20,372539100142501,119,30,c(-100.243402, 37.42974),"1955","71-0",-100.243402,37.42974,213.5606079,"198-262"
"2550","Meade",-14.83,"Fowler",1955-02-25,372539100142501,119,30,c(-100.243402, 37.42974),"1955","71-0",-100.243402,37.42974,213.5606079,"198-262"
"2551","Meade",-15.29,"Fowler",1955-03-05,372539100142501,119,30,c(-100.243402, 37.42974),"1955","71-0",-100.243402,37.42974,213.5606079,"198-262"
"2552","Meade",-17.18,"Fowler",1955-03-10,372539100142501,119,30,c(-100.243402, 37.42974),"1955","71-0",-100.243402,37.42974,213.5606079,"198-262"
"2553","Meade",-18.99,"Fowler",1955-03-25,372539100142501,119,30,c(-100.243402, 37.42974),"1955","71-0",-100.243402,37.42974,213.5606079,"198-262"
"2554","Meade",-22.85,"Fowler",1955-04-15,372539100142501,119,30,c(-100.243402, 37.42974),"1955","71-0",-100.243402,37.42974,213.5606079,"198-262"
"2555","Meade",-22.56,"Fowler",1955-05-20,372539100142501,119,30,c(-100.243402, 37.42974),"1955","71-0",-100.243402,37.42974,213.5606079,"198-262"
"2556","Meade",-18.9,"Fowler",1955-05-25,372539100142501,119,30,c(-100.243402, 37.42974),"1955","71-0",-100.243402,37.42974,213.5606079,"198-262"
"2557","Meade",-17.54,"Fowler",1955-05-30,372539100142501,119,30,c(-100.243402, 37.42974),"1955","71-0",-100.243402,37.42974,213.5606079,"198-262"
"2558","Meade",-16.42,"Fowler",1955-06-05,372539100142501,119,30,c(-100.243402, 37.42974),"1955","71-0",-100.243402,37.42974,213.5606079,"198-262"
"2559","Meade",-15.88,"Fowler",1955-06-10,372539100142501,119,30,c(-100.243402, 37.42974),"1955","71-0",-100.243402,37.42974,213.5606079,"198-262"
"2560","Meade",-15.58,"Fowler",1955-06-15,372539100142501,119,30,c(-100.243402, 37.42974),"1955","71-0",-100.243402,37.42974,213.5606079,"198-262"
"2561","Meade",-15.16,"Fowler",1955-06-20,372539100142501,119,30,c(-100.243402, 37.42974),"1955","71-0",-100.243402,37.42974,213.5606079,"198-262"
"2562","Meade",-15.24,"Fowler",1955-06-25,372539100142501,119,30,c(-100.243402, 37.42974),"1955","71-0",-100.243402,37.42974,213.5606079,"198-262"
"2563","Meade",-14.98,"Fowler",1955-06-30,372539100142501,119,30,c(-100.243402, 37.42974),"1955","71-0",-100.243402,37.42974,213.5606079,"198-262"
"2564","Meade",-14.37,"Fowler",1955-07-05,372539100142501,119,30,c(-100.243402, 37.42974),"1955","71-0",-100.243402,37.42974,213.5606079,"198-262"
"2565","Meade",-18.16,"Fowler",1955-07-15,372539100142501,119,30,c(-100.243402, 37.42974),"1955","71-0",-100.243402,37.42974,213.5606079,"198-262"
"2566","Meade",-33.45,"Fowler",1955-07-30,372539100142501,119,30,c(-100.243402, 37.42974),"1955","71-0",-100.243402,37.42974,213.5606079,"198-262"
"2567","Meade",-47.11,"Fowler",1955-08-05,372539100142501,119,30,c(-100.243402, 37.42974),"1955","71-0",-100.243402,37.42974,213.5606079,"198-262"
"2568","Meade",-22.96,"Fowler",1955-09-25,372539100142501,119,30,c(-100.243402, 37.42974),"1955","71-0",-100.243402,37.42974,213.5606079,"198-262"
"2569","Meade",-20,"Fowler",1955-09-30,372539100142501,119,30,c(-100.243402, 37.42974),"1955","71-0",-100.243402,37.42974,213.5606079,"198-262"
"2570","Meade",-18.42,"Fowler",1955-10-05,372539100142501,119,30,c(-100.243402, 37.42974),"1955","71-0",-100.243402,37.42974,213.5606079,"198-262"
"2571","Meade",-17.4,"Fowler",1955-10-10,372539100142501,119,30,c(-100.243402, 37.42974),"1955","71-0",-100.243402,37.42974,213.5606079,"198-262"
"2572","Meade",-16.92,"Fowler",1955-10-15,372539100142501,119,30,c(-100.243402, 37.42974),"1955","71-0",-100.243402,37.42974,213.5606079,"198-262"
"2573","Meade",-17,"Fowler",1955-10-20,372539100142501,119,30,c(-100.243402, 37.42974),"1955","71-0",-100.243402,37.42974,213.5606079,"198-262"
"2574","Meade",-16.82,"Fowler",1955-10-25,372539100142501,119,30,c(-100.243402, 37.42974),"1955","71-0",-100.243402,37.42974,213.5606079,"198-262"
"2575","Meade",-17.96,"Fowler",1955-11-05,372539100142501,119,30,c(-100.243402, 37.42974),"1955","71-0",-100.243402,37.42974,213.5606079,"198-262"
"2576","Meade",-17.8,"Fowler",1955-11-10,372539100142501,119,30,c(-100.243402, 37.42974),"1955","71-0",-100.243402,37.42974,213.5606079,"198-262"
"2577","Meade",-18.98,"Fowler",1955-11-15,372539100142501,119,30,c(-100.243402, 37.42974),"1955","71-0",-100.243402,37.42974,213.5606079,"198-262"
"2578","Meade",-17.68,"Fowler",1955-11-30,372539100142501,119,30,c(-100.243402, 37.42974),"1955","71-0",-100.243402,37.42974,213.5606079,"198-262"
"2579","Meade",-16.92,"Fowler",1955-12-05,372539100142501,119,30,c(-100.243402, 37.42974),"1955","71-0",-100.243402,37.42974,213.5606079,"198-262"
"2580","Meade",-19.56,"Fowler",1955-12-10,372539100142501,119,30,c(-100.243402, 37.42974),"1955","71-0",-100.243402,37.42974,213.5606079,"198-262"
"2581","Meade",-18.92,"Fowler",1955-12-15,372539100142501,119,30,c(-100.243402, 37.42974),"1955","71-0",-100.243402,37.42974,213.5606079,"198-262"
"2582","Meade",-16.56,"Fowler",1955-12-20,372539100142501,119,30,c(-100.243402, 37.42974),"1955","71-0",-100.243402,37.42974,213.5606079,"198-262"
"2583","Meade",-19.9,"Fowler",1955-12-25,372539100142501,119,30,c(-100.243402, 37.42974),"1955","71-0",-100.243402,37.42974,213.5606079,"198-262"
"2584","Meade",-19.21,"Fowler",1955-12-30,372539100142501,119,30,c(-100.243402, 37.42974),"1955","71-0",-100.243402,37.42974,213.5606079,"198-262"
"2585","Meade",-25.98,"Fowler",1956-01-05,372539100142501,119,30,c(-100.243402, 37.42974),"1956","71-0",-100.243402,37.42974,213.5606079,"198-262"
"2586","Meade",-17.04,"Fowler",1956-01-10,372539100142501,119,30,c(-100.243402, 37.42974),"1956","71-0",-100.243402,37.42974,213.5606079,"198-262"
"2587","Meade",-16.16,"Fowler",1956-01-15,372539100142501,119,30,c(-100.243402, 37.42974),"1956","71-0",-100.243402,37.42974,213.5606079,"198-262"
"2588","Meade",-15.74,"Fowler",1956-01-20,372539100142501,119,30,c(-100.243402, 37.42974),"1956","71-0",-100.243402,37.42974,213.5606079,"198-262"
"2589","Meade",-15.58,"Fowler",1956-01-25,372539100142501,119,30,c(-100.243402, 37.42974),"1956","71-0",-100.243402,37.42974,213.5606079,"198-262"
"2590","Meade",-15.3,"Fowler",1956-02-05,372539100142501,119,30,c(-100.243402, 37.42974),"1956","71-0",-100.243402,37.42974,213.5606079,"198-262"
"2591","Meade",-15.29,"Fowler",1956-02-10,372539100142501,119,30,c(-100.243402, 37.42974),"1956","71-0",-100.243402,37.42974,213.5606079,"198-262"
"2592","Meade",-15.41,"Fowler",1956-02-15,372539100142501,119,30,c(-100.243402, 37.42974),"1956","71-0",-100.243402,37.42974,213.5606079,"198-262"
"2593","Meade",-15.3,"Fowler",1956-02-20,372539100142501,119,30,c(-100.243402, 37.42974),"1956","71-0",-100.243402,37.42974,213.5606079,"198-262"
"2594","Meade",-16.26,"Fowler",1956-02-25,372539100142501,119,30,c(-100.243402, 37.42974),"1956","71-0",-100.243402,37.42974,213.5606079,"198-262"
"2595","Meade",-16,"Fowler",1956-03-05,372539100142501,119,30,c(-100.243402, 37.42974),"1956","71-0",-100.243402,37.42974,213.5606079,"198-262"
"2596","Meade",-18,"Fowler",1956-03-10,372539100142501,119,30,c(-100.243402, 37.42974),"1956","71-0",-100.243402,37.42974,213.5606079,"198-262"
"2597","Meade",-16.14,"Fowler",1956-03-15,372539100142501,119,30,c(-100.243402, 37.42974),"1956","71-0",-100.243402,37.42974,213.5606079,"198-262"
"2598","Meade",-18.25,"Fowler",1956-03-20,372539100142501,119,30,c(-100.243402, 37.42974),"1956","71-0",-100.243402,37.42974,213.5606079,"198-262"
"2599","Meade",-20.62,"Fowler",1956-03-30,372539100142501,119,30,c(-100.243402, 37.42974),"1956","71-0",-100.243402,37.42974,213.5606079,"198-262"
"2600","Meade",-20.79,"Fowler",1956-04-20,372539100142501,119,30,c(-100.243402, 37.42974),"1956","71-0",-100.243402,37.42974,213.5606079,"198-262"
"2601","Meade",-22,"Fowler",1956-04-25,372539100142501,119,30,c(-100.243402, 37.42974),"1956","71-0",-100.243402,37.42974,213.5606079,"198-262"
"2602","Meade",-24.51,"Fowler",1956-04-30,372539100142501,119,30,c(-100.243402, 37.42974),"1956","71-0",-100.243402,37.42974,213.5606079,"198-262"
"2603","Meade",-29.3,"Fowler",1956-05-05,372539100142501,119,30,c(-100.243402, 37.42974),"1956","71-0",-100.243402,37.42974,213.5606079,"198-262"
"2604","Meade",-32.19,"Fowler",1956-05-25,372539100142501,119,30,c(-100.243402, 37.42974),"1956","71-0",-100.243402,37.42974,213.5606079,"198-262"
"2605","Meade",-25.93,"Fowler",1956-06-05,372539100142501,119,30,c(-100.243402, 37.42974),"1956","71-0",-100.243402,37.42974,213.5606079,"198-262"
"2606","Meade",-23.92,"Fowler",1956-06-10,372539100142501,119,30,c(-100.243402, 37.42974),"1956","71-0",-100.243402,37.42974,213.5606079,"198-262"
"2607","Meade",-26.39,"Fowler",1956-06-15,372539100142501,119,30,c(-100.243402, 37.42974),"1956","71-0",-100.243402,37.42974,213.5606079,"198-262"
"2608","Meade",-23,"Fowler",1956-06-30,372539100142501,119,30,c(-100.243402, 37.42974),"1956","71-0",-100.243402,37.42974,213.5606079,"198-262"
"2609","Meade",-34.02,"Fowler",1956-07-20,372539100142501,119,30,c(-100.243402, 37.42974),"1956","71-0",-100.243402,37.42974,213.5606079,"198-262"
"2610","Meade",-38.3,"Fowler",1956-08-05,372539100142501,119,30,c(-100.243402, 37.42974),"1956","71-0",-100.243402,37.42974,213.5606079,"198-262"
"2611","Meade",-42.05,"Fowler",1956-08-10,372539100142501,119,30,c(-100.243402, 37.42974),"1956","71-0",-100.243402,37.42974,213.5606079,"198-262"
"2612","Meade",-46.64,"Fowler",1956-08-15,372539100142501,119,30,c(-100.243402, 37.42974),"1956","71-0",-100.243402,37.42974,213.5606079,"198-262"
"2613","Meade",-37.52,"Fowler",1956-09-15,372539100142501,119,30,c(-100.243402, 37.42974),"1956","71-0",-100.243402,37.42974,213.5606079,"198-262"
"2614","Meade",-34.72,"Fowler",1956-10-05,372539100142501,119,30,c(-100.243402, 37.42974),"1956","71-0",-100.243402,37.42974,213.5606079,"198-262"
"2615","Meade",-34.02,"Fowler",1956-10-20,372539100142501,119,30,c(-100.243402, 37.42974),"1956","71-0",-100.243402,37.42974,213.5606079,"198-262"
"2616","Meade",-21.2,"Fowler",1956-11-10,372539100142501,119,30,c(-100.243402, 37.42974),"1956","71-0",-100.243402,37.42974,213.5606079,"198-262"
"2617","Meade",-17.2,"Fowler",1957-01-05,372539100142501,119,30,c(-100.243402, 37.42974),"1957","71-0",-100.243402,37.42974,213.5606079,"198-262"
"2618","Meade",-18.18,"Fowler",1957-01-10,372539100142501,119,30,c(-100.243402, 37.42974),"1957","71-0",-100.243402,37.42974,213.5606079,"198-262"
"2619","Meade",-17.7,"Fowler",1957-01-15,372539100142501,119,30,c(-100.243402, 37.42974),"1957","71-0",-100.243402,37.42974,213.5606079,"198-262"
"2620","Meade",-17.3,"Fowler",1957-01-20,372539100142501,119,30,c(-100.243402, 37.42974),"1957","71-0",-100.243402,37.42974,213.5606079,"198-262"
"2621","Meade",-17.18,"Fowler",1957-01-25,372539100142501,119,30,c(-100.243402, 37.42974),"1957","71-0",-100.243402,37.42974,213.5606079,"198-262"
"2622","Meade",-17.3,"Fowler",1957-01-30,372539100142501,119,30,c(-100.243402, 37.42974),"1957","71-0",-100.243402,37.42974,213.5606079,"198-262"
"2623","Meade",-17.16,"Fowler",1957-02-05,372539100142501,119,30,c(-100.243402, 37.42974),"1957","71-0",-100.243402,37.42974,213.5606079,"198-262"
"2624","Meade",-18.4,"Fowler",1957-02-10,372539100142501,119,30,c(-100.243402, 37.42974),"1957","71-0",-100.243402,37.42974,213.5606079,"198-262"
"2625","Meade",-18.75,"Fowler",1957-02-15,372539100142501,119,30,c(-100.243402, 37.42974),"1957","71-0",-100.243402,37.42974,213.5606079,"198-262"
"2626","Meade",-16.98,"Fowler",1957-04-10,372539100142501,119,30,c(-100.243402, 37.42974),"1957","71-0",-100.243402,37.42974,213.5606079,"198-262"
"2627","Meade",-16.8,"Fowler",1957-04-15,372539100142501,119,30,c(-100.243402, 37.42974),"1957","71-0",-100.243402,37.42974,213.5606079,"198-262"
"2628","Meade",-16.72,"Fowler",1957-04-20,372539100142501,119,30,c(-100.243402, 37.42974),"1957","71-0",-100.243402,37.42974,213.5606079,"198-262"
"2629","Meade",-17,"Fowler",1957-04-25,372539100142501,119,30,c(-100.243402, 37.42974),"1957","71-0",-100.243402,37.42974,213.5606079,"198-262"
"2630","Meade",-17,"Fowler",1957-04-30,372539100142501,119,30,c(-100.243402, 37.42974),"1957","71-0",-100.243402,37.42974,213.5606079,"198-262"
"2631","Meade",-16.88,"Fowler",1957-05-05,372539100142501,119,30,c(-100.243402, 37.42974),"1957","71-0",-100.243402,37.42974,213.5606079,"198-262"
"2632","Meade",-16.89,"Fowler",1957-05-10,372539100142501,119,30,c(-100.243402, 37.42974),"1957","71-0",-100.243402,37.42974,213.5606079,"198-262"
"2633","Meade",-16.82,"Fowler",1957-05-15,372539100142501,119,30,c(-100.243402, 37.42974),"1957","71-0",-100.243402,37.42974,213.5606079,"198-262"
"2634","Meade",-16.74,"Fowler",1957-05-20,372539100142501,119,30,c(-100.243402, 37.42974),"1957","71-0",-100.243402,37.42974,213.5606079,"198-262"
"2635","Meade",-16.6,"Fowler",1957-05-25,372539100142501,119,30,c(-100.243402, 37.42974),"1957","71-0",-100.243402,37.42974,213.5606079,"198-262"
"2636","Meade",-16.54,"Fowler",1957-05-30,372539100142501,119,30,c(-100.243402, 37.42974),"1957","71-0",-100.243402,37.42974,213.5606079,"198-262"
"2637","Meade",-16.35,"Fowler",1957-06-05,372539100142501,119,30,c(-100.243402, 37.42974),"1957","71-0",-100.243402,37.42974,213.5606079,"198-262"
"2638","Meade",-16.21,"Fowler",1957-06-10,372539100142501,119,30,c(-100.243402, 37.42974),"1957","71-0",-100.243402,37.42974,213.5606079,"198-262"
"2639","Meade",-16.14,"Fowler",1957-06-15,372539100142501,119,30,c(-100.243402, 37.42974),"1957","71-0",-100.243402,37.42974,213.5606079,"198-262"
"2640","Meade",-16.6,"Fowler",1957-06-20,372539100142501,119,30,c(-100.243402, 37.42974),"1957","71-0",-100.243402,37.42974,213.5606079,"198-262"
"2641","Meade",-16.2,"Fowler",1957-06-30,372539100142501,119,30,c(-100.243402, 37.42974),"1957","71-0",-100.243402,37.42974,213.5606079,"198-262"
"2642","Meade",-16.09,"Fowler",1957-07-05,372539100142501,119,30,c(-100.243402, 37.42974),"1957","71-0",-100.243402,37.42974,213.5606079,"198-262"
"2643","Meade",-16.88,"Fowler",1957-07-10,372539100142501,119,30,c(-100.243402, 37.42974),"1957","71-0",-100.243402,37.42974,213.5606079,"198-262"
"2644","Meade",-20.26,"Fowler",1957-07-20,372539100142501,119,30,c(-100.243402, 37.42974),"1957","71-0",-100.243402,37.42974,213.5606079,"198-262"
"2645","Meade",-21.16,"Fowler",1957-07-25,372539100142501,119,30,c(-100.243402, 37.42974),"1957","71-0",-100.243402,37.42974,213.5606079,"198-262"
"2646","Meade",-17.84,"Fowler",1957-07-30,372539100142501,119,30,c(-100.243402, 37.42974),"1957","71-0",-100.243402,37.42974,213.5606079,"198-262"
"2647","Meade",-29.79,"Fowler",1957-08-10,372539100142501,119,30,c(-100.243402, 37.42974),"1957","71-0",-100.243402,37.42974,213.5606079,"198-262"
"2648","Meade",-37.12,"Fowler",1957-08-15,372539100142501,119,30,c(-100.243402, 37.42974),"1957","71-0",-100.243402,37.42974,213.5606079,"198-262"
"2649","Meade",-37.53,"Fowler",1957-08-20,372539100142501,119,30,c(-100.243402, 37.42974),"1957","71-0",-100.243402,37.42974,213.5606079,"198-262"
"2650","Meade",-20.2,"Fowler",1957-09-25,372539100142501,119,30,c(-100.243402, 37.42974),"1957","71-0",-100.243402,37.42974,213.5606079,"198-262"
"2651","Meade",-17.42,"Fowler",1957-10-05,372539100142501,119,30,c(-100.243402, 37.42974),"1957","71-0",-100.243402,37.42974,213.5606079,"198-262"
"2652","Meade",-17.71,"Fowler",1957-10-10,372539100142501,119,30,c(-100.243402, 37.42974),"1957","71-0",-100.243402,37.42974,213.5606079,"198-262"
"2653","Meade",-17.6,"Fowler",1957-10-15,372539100142501,119,30,c(-100.243402, 37.42974),"1957","71-0",-100.243402,37.42974,213.5606079,"198-262"
"2654","Meade",-17.54,"Fowler",1957-10-20,372539100142501,119,30,c(-100.243402, 37.42974),"1957","71-0",-100.243402,37.42974,213.5606079,"198-262"
"2655","Meade",-17.39,"Fowler",1957-10-25,372539100142501,119,30,c(-100.243402, 37.42974),"1957","71-0",-100.243402,37.42974,213.5606079,"198-262"
"2656","Meade",-17.1,"Fowler",1957-10-30,372539100142501,119,30,c(-100.243402, 37.42974),"1957","71-0",-100.243402,37.42974,213.5606079,"198-262"
"2657","Meade",-16.38,"Fowler",1957-11-05,372539100142501,119,30,c(-100.243402, 37.42974),"1957","71-0",-100.243402,37.42974,213.5606079,"198-262"
"2658","Meade",-16.2,"Fowler",1957-11-10,372539100142501,119,30,c(-100.243402, 37.42974),"1957","71-0",-100.243402,37.42974,213.5606079,"198-262"
"2659","Meade",-16.51,"Fowler",1957-11-15,372539100142501,119,30,c(-100.243402, 37.42974),"1957","71-0",-100.243402,37.42974,213.5606079,"198-262"
"2660","Meade",-16.54,"Fowler",1957-11-20,372539100142501,119,30,c(-100.243402, 37.42974),"1957","71-0",-100.243402,37.42974,213.5606079,"198-262"
"2661","Meade",-16.3,"Fowler",1957-11-25,372539100142501,119,30,c(-100.243402, 37.42974),"1957","71-0",-100.243402,37.42974,213.5606079,"198-262"
"2662","Meade",-16.08,"Fowler",1957-11-30,372539100142501,119,30,c(-100.243402, 37.42974),"1957","71-0",-100.243402,37.42974,213.5606079,"198-262"
"2663","Meade",-15.84,"Fowler",1957-12-05,372539100142501,119,30,c(-100.243402, 37.42974),"1957","71-0",-100.243402,37.42974,213.5606079,"198-262"
"2664","Meade",-15.84,"Fowler",1957-12-10,372539100142501,119,30,c(-100.243402, 37.42974),"1957","71-0",-100.243402,37.42974,213.5606079,"198-262"
"2665","Meade",-15.9,"Fowler",1957-12-20,372539100142501,119,30,c(-100.243402, 37.42974),"1957","71-0",-100.243402,37.42974,213.5606079,"198-262"
"2666","Meade",-15.78,"Fowler",1957-12-25,372539100142501,119,30,c(-100.243402, 37.42974),"1957","71-0",-100.243402,37.42974,213.5606079,"198-262"
"2667","Meade",-15.99,"Fowler",1958-01-05,372539100142501,119,30,c(-100.243402, 37.42974),"1958","71-0",-100.243402,37.42974,213.5606079,"198-262"
"2668","Meade",-16.01,"Fowler",1958-01-10,372539100142501,119,30,c(-100.243402, 37.42974),"1958","71-0",-100.243402,37.42974,213.5606079,"198-262"
"2669","Meade",-16.27,"Fowler",1958-01-15,372539100142501,119,30,c(-100.243402, 37.42974),"1958","71-0",-100.243402,37.42974,213.5606079,"198-262"
"2670","Meade",-16.5,"Fowler",1958-01-20,372539100142501,119,30,c(-100.243402, 37.42974),"1958","71-0",-100.243402,37.42974,213.5606079,"198-262"
"2671","Meade",-15.91,"Fowler",1958-01-25,372539100142501,119,30,c(-100.243402, 37.42974),"1958","71-0",-100.243402,37.42974,213.5606079,"198-262"
"2672","Meade",-15.89,"Fowler",1958-01-30,372539100142501,119,30,c(-100.243402, 37.42974),"1958","71-0",-100.243402,37.42974,213.5606079,"198-262"
"2673","Meade",-15.78,"Fowler",1958-02-05,372539100142501,119,30,c(-100.243402, 37.42974),"1958","71-0",-100.243402,37.42974,213.5606079,"198-262"
"2674","Meade",-15.9,"Fowler",1958-02-10,372539100142501,119,30,c(-100.243402, 37.42974),"1958","71-0",-100.243402,37.42974,213.5606079,"198-262"
"2675","Meade",-15.65,"Fowler",1958-02-15,372539100142501,119,30,c(-100.243402, 37.42974),"1958","71-0",-100.243402,37.42974,213.5606079,"198-262"
"2676","Meade",-15.62,"Fowler",1958-02-20,372539100142501,119,30,c(-100.243402, 37.42974),"1958","71-0",-100.243402,37.42974,213.5606079,"198-262"
"2677","Meade",-15.53,"Fowler",1958-02-25,372539100142501,119,30,c(-100.243402, 37.42974),"1958","71-0",-100.243402,37.42974,213.5606079,"198-262"
"2678","Meade",-15.55,"Fowler",1958-03-05,372539100142501,119,30,c(-100.243402, 37.42974),"1958","71-0",-100.243402,37.42974,213.5606079,"198-262"
"2679","Meade",-15.44,"Fowler",1958-03-10,372539100142501,119,30,c(-100.243402, 37.42974),"1958","71-0",-100.243402,37.42974,213.5606079,"198-262"
"2680","Meade",-15.39,"Fowler",1958-03-20,372539100142501,119,30,c(-100.243402, 37.42974),"1958","71-0",-100.243402,37.42974,213.5606079,"198-262"
"2681","Meade",-15.4,"Fowler",1958-03-25,372539100142501,119,30,c(-100.243402, 37.42974),"1958","71-0",-100.243402,37.42974,213.5606079,"198-262"
"2682","Meade",-15.4,"Fowler",1958-03-30,372539100142501,119,30,c(-100.243402, 37.42974),"1958","71-0",-100.243402,37.42974,213.5606079,"198-262"
"2683","Meade",-15.38,"Fowler",1958-04-05,372539100142501,119,30,c(-100.243402, 37.42974),"1958","71-0",-100.243402,37.42974,213.5606079,"198-262"
"2684","Meade",-15.4,"Fowler",1958-04-10,372539100142501,119,30,c(-100.243402, 37.42974),"1958","71-0",-100.243402,37.42974,213.5606079,"198-262"
"2685","Meade",-15.4,"Fowler",1958-04-15,372539100142501,119,30,c(-100.243402, 37.42974),"1958","71-0",-100.243402,37.42974,213.5606079,"198-262"
"2686","Meade",-15.41,"Fowler",1958-04-20,372539100142501,119,30,c(-100.243402, 37.42974),"1958","71-0",-100.243402,37.42974,213.5606079,"198-262"
"2687","Meade",-15.41,"Fowler",1958-04-25,372539100142501,119,30,c(-100.243402, 37.42974),"1958","71-0",-100.243402,37.42974,213.5606079,"198-262"
"2688","Meade",-15.38,"Fowler",1958-04-30,372539100142501,119,30,c(-100.243402, 37.42974),"1958","71-0",-100.243402,37.42974,213.5606079,"198-262"
"2689","Meade",-15.42,"Fowler",1958-05-05,372539100142501,119,30,c(-100.243402, 37.42974),"1958","71-0",-100.243402,37.42974,213.5606079,"198-262"
"2690","Meade",-17,"Fowler",1958-05-10,372539100142501,119,30,c(-100.243402, 37.42974),"1958","71-0",-100.243402,37.42974,213.5606079,"198-262"
"2691","Meade",-16.1,"Fowler",1958-05-15,372539100142501,119,30,c(-100.243402, 37.42974),"1958","71-0",-100.243402,37.42974,213.5606079,"198-262"
"2692","Meade",-18.44,"Fowler",1958-05-20,372539100142501,119,30,c(-100.243402, 37.42974),"1958","71-0",-100.243402,37.42974,213.5606079,"198-262"
"2693","Meade",-18.61,"Fowler",1958-05-25,372539100142501,119,30,c(-100.243402, 37.42974),"1958","71-0",-100.243402,37.42974,213.5606079,"198-262"
"2694","Meade",-18.65,"Fowler",1958-05-30,372539100142501,119,30,c(-100.243402, 37.42974),"1958","71-0",-100.243402,37.42974,213.5606079,"198-262"
"2695","Meade",-17.4,"Fowler",1958-06-05,372539100142501,119,30,c(-100.243402, 37.42974),"1958","71-0",-100.243402,37.42974,213.5606079,"198-262"
"2696","Meade",-16.71,"Fowler",1958-06-10,372539100142501,119,30,c(-100.243402, 37.42974),"1958","71-0",-100.243402,37.42974,213.5606079,"198-262"
"2697","Meade",-16.6,"Fowler",1958-06-15,372539100142501,119,30,c(-100.243402, 37.42974),"1958","71-0",-100.243402,37.42974,213.5606079,"198-262"
"2698","Meade",-16.15,"Fowler",1958-06-20,372539100142501,119,30,c(-100.243402, 37.42974),"1958","71-0",-100.243402,37.42974,213.5606079,"198-262"
"2699","Meade",-21.55,"Fowler",1958-09-10,372539100142501,119,30,c(-100.243402, 37.42974),"1958","71-0",-100.243402,37.42974,213.5606079,"198-262"
"2700","Meade",-20.01,"Fowler",1958-09-20,372539100142501,119,30,c(-100.243402, 37.42974),"1958","71-0",-100.243402,37.42974,213.5606079,"198-262"
"2701","Meade",-19.56,"Fowler",1958-09-25,372539100142501,119,30,c(-100.243402, 37.42974),"1958","71-0",-100.243402,37.42974,213.5606079,"198-262"
"2702","Meade",-18.82,"Fowler",1958-10-05,372539100142501,119,30,c(-100.243402, 37.42974),"1958","71-0",-100.243402,37.42974,213.5606079,"198-262"
"2703","Meade",-16.18,"Fowler",1959-01-10,372539100142501,119,30,c(-100.243402, 37.42974),"1959","71-0",-100.243402,37.42974,213.5606079,"198-262"
"2704","Meade",-16.08,"Fowler",1959-01-15,372539100142501,119,30,c(-100.243402, 37.42974),"1959","71-0",-100.243402,37.42974,213.5606079,"198-262"
"2705","Meade",-16.02,"Fowler",1959-01-20,372539100142501,119,30,c(-100.243402, 37.42974),"1959","71-0",-100.243402,37.42974,213.5606079,"198-262"
"2706","Meade",-16.03,"Fowler",1959-01-25,372539100142501,119,30,c(-100.243402, 37.42974),"1959","71-0",-100.243402,37.42974,213.5606079,"198-262"
"2707","Meade",-16.03,"Fowler",1959-01-30,372539100142501,119,30,c(-100.243402, 37.42974),"1959","71-0",-100.243402,37.42974,213.5606079,"198-262"
"2708","Meade",-15.95,"Fowler",1959-02-05,372539100142501,119,30,c(-100.243402, 37.42974),"1959","71-0",-100.243402,37.42974,213.5606079,"198-262"
"2709","Meade",-15.89,"Fowler",1959-02-10,372539100142501,119,30,c(-100.243402, 37.42974),"1959","71-0",-100.243402,37.42974,213.5606079,"198-262"
"2710","Meade",-15.89,"Fowler",1959-02-15,372539100142501,119,30,c(-100.243402, 37.42974),"1959","71-0",-100.243402,37.42974,213.5606079,"198-262"
"2711","Meade",-15.91,"Fowler",1959-02-20,372539100142501,119,30,c(-100.243402, 37.42974),"1959","71-0",-100.243402,37.42974,213.5606079,"198-262"
"2712","Meade",-15.93,"Fowler",1959-02-25,372539100142501,119,30,c(-100.243402, 37.42974),"1959","71-0",-100.243402,37.42974,213.5606079,"198-262"
"2713","Meade",-16.06,"Fowler",1959-03-25,372539100142501,119,30,c(-100.243402, 37.42974),"1959","71-0",-100.243402,37.42974,213.5606079,"198-262"
"2714","Meade",-15.98,"Fowler",1959-03-30,372539100142501,119,30,c(-100.243402, 37.42974),"1959","71-0",-100.243402,37.42974,213.5606079,"198-262"
"2715","Meade",-15.91,"Fowler",1959-04-05,372539100142501,119,30,c(-100.243402, 37.42974),"1959","71-0",-100.243402,37.42974,213.5606079,"198-262"
"2716","Meade",-15.91,"Fowler",1959-04-10,372539100142501,119,30,c(-100.243402, 37.42974),"1959","71-0",-100.243402,37.42974,213.5606079,"198-262"
"2717","Meade",-15.94,"Fowler",1959-04-15,372539100142501,119,30,c(-100.243402, 37.42974),"1959","71-0",-100.243402,37.42974,213.5606079,"198-262"
"2718","Meade",-16.78,"Fowler",1959-04-20,372539100142501,119,30,c(-100.243402, 37.42974),"1959","71-0",-100.243402,37.42974,213.5606079,"198-262"
"2719","Meade",-18.65,"Fowler",1959-04-25,372539100142501,119,30,c(-100.243402, 37.42974),"1959","71-0",-100.243402,37.42974,213.5606079,"198-262"
"2720","Meade",-29,"Fowler",1959-04-30,372539100142501,119,30,c(-100.243402, 37.42974),"1959","71-0",-100.243402,37.42974,213.5606079,"198-262"
"2721","Meade",-24.6,"Fowler",1959-05-05,372539100142501,119,30,c(-100.243402, 37.42974),"1959","71-0",-100.243402,37.42974,213.5606079,"198-262"
"2722","Meade",-19.42,"Fowler",1959-05-10,372539100142501,119,30,c(-100.243402, 37.42974),"1959","71-0",-100.243402,37.42974,213.5606079,"198-262"
"2723","Meade",-17.67,"Fowler",1959-05-15,372539100142501,119,30,c(-100.243402, 37.42974),"1959","71-0",-100.243402,37.42974,213.5606079,"198-262"
"2724","Meade",-16.92,"Fowler",1959-05-20,372539100142501,119,30,c(-100.243402, 37.42974),"1959","71-0",-100.243402,37.42974,213.5606079,"198-262"
"2725","Meade",-16.56,"Fowler",1959-05-25,372539100142501,119,30,c(-100.243402, 37.42974),"1959","71-0",-100.243402,37.42974,213.5606079,"198-262"
"2726","Meade",-16.32,"Fowler",1959-05-30,372539100142501,119,30,c(-100.243402, 37.42974),"1959","71-0",-100.243402,37.42974,213.5606079,"198-262"
"2727","Meade",-16.19,"Fowler",1959-06-05,372539100142501,119,30,c(-100.243402, 37.42974),"1959","71-0",-100.243402,37.42974,213.5606079,"198-262"
"2728","Meade",-16.22,"Fowler",1959-06-10,372539100142501,119,30,c(-100.243402, 37.42974),"1959","71-0",-100.243402,37.42974,213.5606079,"198-262"
"2729","Meade",-17.26,"Fowler",1959-06-15,372539100142501,119,30,c(-100.243402, 37.42974),"1959","71-0",-100.243402,37.42974,213.5606079,"198-262"
"2730","Meade",-21.71,"Fowler",1959-06-20,372539100142501,119,30,c(-100.243402, 37.42974),"1959","71-0",-100.243402,37.42974,213.5606079,"198-262"
"2731","Meade",-22.71,"Fowler",1959-06-25,372539100142501,119,30,c(-100.243402, 37.42974),"1959","71-0",-100.243402,37.42974,213.5606079,"198-262"
"2732","Meade",-22.1,"Fowler",1959-06-30,372539100142501,119,30,c(-100.243402, 37.42974),"1959","71-0",-100.243402,37.42974,213.5606079,"198-262"
"2733","Meade",-21.31,"Fowler",1959-07-05,372539100142501,119,30,c(-100.243402, 37.42974),"1959","71-0",-100.243402,37.42974,213.5606079,"198-262"
"2734","Meade",-27.01,"Fowler",1959-07-10,372539100142501,119,30,c(-100.243402, 37.42974),"1959","71-0",-100.243402,37.42974,213.5606079,"198-262"
"2735","Meade",-24.01,"Fowler",1959-07-15,372539100142501,119,30,c(-100.243402, 37.42974),"1959","71-0",-100.243402,37.42974,213.5606079,"198-262"
"2736","Meade",-36.15,"Fowler",1959-07-20,372539100142501,119,30,c(-100.243402, 37.42974),"1959","71-0",-100.243402,37.42974,213.5606079,"198-262"
"2737","Meade",-30.3,"Fowler",1959-07-25,372539100142501,119,30,c(-100.243402, 37.42974),"1959","71-0",-100.243402,37.42974,213.5606079,"198-262"
"2738","Meade",-37.58,"Fowler",1959-07-30,372539100142501,119,30,c(-100.243402, 37.42974),"1959","71-0",-100.243402,37.42974,213.5606079,"198-262"
"2739","Meade",-32.15,"Fowler",1959-08-05,372539100142501,119,30,c(-100.243402, 37.42974),"1959","71-0",-100.243402,37.42974,213.5606079,"198-262"
"2740","Meade",-38.57,"Fowler",1959-08-15,372539100142501,119,30,c(-100.243402, 37.42974),"1959","71-0",-100.243402,37.42974,213.5606079,"198-262"
"2741","Meade",-29,"Fowler",1959-08-20,372539100142501,119,30,c(-100.243402, 37.42974),"1959","71-0",-100.243402,37.42974,213.5606079,"198-262"
"2742","Meade",-26.5,"Fowler",1959-08-25,372539100142501,119,30,c(-100.243402, 37.42974),"1959","71-0",-100.243402,37.42974,213.5606079,"198-262"
"2743","Meade",-26.18,"Fowler",1959-09-05,372539100142501,119,30,c(-100.243402, 37.42974),"1959","71-0",-100.243402,37.42974,213.5606079,"198-262"
"2744","Meade",-35.7,"Fowler",1959-09-10,372539100142501,119,30,c(-100.243402, 37.42974),"1959","71-0",-100.243402,37.42974,213.5606079,"198-262"
"2745","Meade",-26.58,"Fowler",1959-09-25,372539100142501,119,30,c(-100.243402, 37.42974),"1959","71-0",-100.243402,37.42974,213.5606079,"198-262"
"2746","Meade",-22.63,"Fowler",1959-09-30,372539100142501,119,30,c(-100.243402, 37.42974),"1959","71-0",-100.243402,37.42974,213.5606079,"198-262"
"2747","Meade",-20.65,"Fowler",1959-10-05,372539100142501,119,30,c(-100.243402, 37.42974),"1959","71-0",-100.243402,37.42974,213.5606079,"198-262"
"2748","Meade",-19.57,"Fowler",1959-10-10,372539100142501,119,30,c(-100.243402, 37.42974),"1959","71-0",-100.243402,37.42974,213.5606079,"198-262"
"2749","Meade",-18.78,"Fowler",1959-10-15,372539100142501,119,30,c(-100.243402, 37.42974),"1959","71-0",-100.243402,37.42974,213.5606079,"198-262"
"2750","Meade",-18.53,"Fowler",1959-10-20,372539100142501,119,30,c(-100.243402, 37.42974),"1959","71-0",-100.243402,37.42974,213.5606079,"198-262"
"2751","Meade",-18.07,"Fowler",1959-10-25,372539100142501,119,30,c(-100.243402, 37.42974),"1959","71-0",-100.243402,37.42974,213.5606079,"198-262"
"2752","Meade",-18.02,"Fowler",1959-10-30,372539100142501,119,30,c(-100.243402, 37.42974),"1959","71-0",-100.243402,37.42974,213.5606079,"198-262"
"2753","Meade",-17.75,"Fowler",1959-11-05,372539100142501,119,30,c(-100.243402, 37.42974),"1959","71-0",-100.243402,37.42974,213.5606079,"198-262"
"2754","Meade",-17.65,"Fowler",1959-11-10,372539100142501,119,30,c(-100.243402, 37.42974),"1959","71-0",-100.243402,37.42974,213.5606079,"198-262"
"2755","Meade",-17.43,"Fowler",1959-11-15,372539100142501,119,30,c(-100.243402, 37.42974),"1959","71-0",-100.243402,37.42974,213.5606079,"198-262"
"2756","Meade",-17.31,"Fowler",1959-11-20,372539100142501,119,30,c(-100.243402, 37.42974),"1959","71-0",-100.243402,37.42974,213.5606079,"198-262"
"2757","Meade",-17.1,"Fowler",1959-11-25,372539100142501,119,30,c(-100.243402, 37.42974),"1959","71-0",-100.243402,37.42974,213.5606079,"198-262"
"2758","Meade",-17.13,"Fowler",1959-11-30,372539100142501,119,30,c(-100.243402, 37.42974),"1959","71-0",-100.243402,37.42974,213.5606079,"198-262"
"2759","Meade",-16.83,"Fowler",1960-01-05,372539100142501,119,30,c(-100.243402, 37.42974),"1960","71-0",-100.243402,37.42974,213.5606079,"198-262"
"2760","Meade",-16.82,"Fowler",1960-01-10,372539100142501,119,30,c(-100.243402, 37.42974),"1960","71-0",-100.243402,37.42974,213.5606079,"198-262"
"2761","Meade",-16.77,"Fowler",1960-01-15,372539100142501,119,30,c(-100.243402, 37.42974),"1960","71-0",-100.243402,37.42974,213.5606079,"198-262"
"2762","Meade",-16.76,"Fowler",1960-01-20,372539100142501,119,30,c(-100.243402, 37.42974),"1960","71-0",-100.243402,37.42974,213.5606079,"198-262"
"2763","Meade",-16.7,"Fowler",1960-01-25,372539100142501,119,30,c(-100.243402, 37.42974),"1960","71-0",-100.243402,37.42974,213.5606079,"198-262"
"2764","Meade",-16.67,"Fowler",1960-01-30,372539100142501,119,30,c(-100.243402, 37.42974),"1960","71-0",-100.243402,37.42974,213.5606079,"198-262"
"2765","Meade",-16.45,"Fowler",1960-02-10,372539100142501,119,30,c(-100.243402, 37.42974),"1960","71-0",-100.243402,37.42974,213.5606079,"198-262"
"2766","Meade",-16.43,"Fowler",1960-02-15,372539100142501,119,30,c(-100.243402, 37.42974),"1960","71-0",-100.243402,37.42974,213.5606079,"198-262"
"2767","Meade",-16.37,"Fowler",1960-02-20,372539100142501,119,30,c(-100.243402, 37.42974),"1960","71-0",-100.243402,37.42974,213.5606079,"198-262"
"2768","Meade",-16.4,"Fowler",1960-02-25,372539100142501,119,30,c(-100.243402, 37.42974),"1960","71-0",-100.243402,37.42974,213.5606079,"198-262"
"2769","Meade",-16.33,"Fowler",1960-03-05,372539100142501,119,30,c(-100.243402, 37.42974),"1960","71-0",-100.243402,37.42974,213.5606079,"198-262"
"2770","Meade",-16.35,"Fowler",1960-03-10,372539100142501,119,30,c(-100.243402, 37.42974),"1960","71-0",-100.243402,37.42974,213.5606079,"198-262"
"2771","Meade",-16.23,"Fowler",1960-03-15,372539100142501,119,30,c(-100.243402, 37.42974),"1960","71-0",-100.243402,37.42974,213.5606079,"198-262"
"2772","Meade",-16.4,"Fowler",1960-03-20,372539100142501,119,30,c(-100.243402, 37.42974),"1960","71-0",-100.243402,37.42974,213.5606079,"198-262"
"2773","Meade",-16.33,"Fowler",1960-03-25,372539100142501,119,30,c(-100.243402, 37.42974),"1960","71-0",-100.243402,37.42974,213.5606079,"198-262"
"2774","Meade",-16.38,"Fowler",1960-03-30,372539100142501,119,30,c(-100.243402, 37.42974),"1960","71-0",-100.243402,37.42974,213.5606079,"198-262"
"2775","Meade",-16.07,"Fowler",1960-04-05,372539100142501,119,30,c(-100.243402, 37.42974),"1960","71-0",-100.243402,37.42974,213.5606079,"198-262"
"2776","Meade",-16,"Fowler",1960-04-10,372539100142501,119,30,c(-100.243402, 37.42974),"1960","71-0",-100.243402,37.42974,213.5606079,"198-262"
"2777","Meade",-16.03,"Fowler",1960-04-15,372539100142501,119,30,c(-100.243402, 37.42974),"1960","71-0",-100.243402,37.42974,213.5606079,"198-262"
"2778","Meade",-16,"Fowler",1960-04-20,372539100142501,119,30,c(-100.243402, 37.42974),"1960","71-0",-100.243402,37.42974,213.5606079,"198-262"
"2779","Meade",-16.1,"Fowler",1960-04-25,372539100142501,119,30,c(-100.243402, 37.42974),"1960","71-0",-100.243402,37.42974,213.5606079,"198-262"
"2780","Meade",-16.15,"Fowler",1960-04-30,372539100142501,119,30,c(-100.243402, 37.42974),"1960","71-0",-100.243402,37.42974,213.5606079,"198-262"
"2781","Meade",-16.03,"Fowler",1960-05-05,372539100142501,119,30,c(-100.243402, 37.42974),"1960","71-0",-100.243402,37.42974,213.5606079,"198-262"
"2782","Meade",-16.07,"Fowler",1960-05-10,372539100142501,119,30,c(-100.243402, 37.42974),"1960","71-0",-100.243402,37.42974,213.5606079,"198-262"
"2783","Meade",-19,"Fowler",1960-05-15,372539100142501,119,30,c(-100.243402, 37.42974),"1960","71-0",-100.243402,37.42974,213.5606079,"198-262"
"2784","Meade",-22.8,"Fowler",1960-05-25,372539100142501,119,30,c(-100.243402, 37.42974),"1960","71-0",-100.243402,37.42974,213.5606079,"198-262"
"2785","Meade",-21.23,"Fowler",1960-05-30,372539100142501,119,30,c(-100.243402, 37.42974),"1960","71-0",-100.243402,37.42974,213.5606079,"198-262"
"2786","Meade",-23.2,"Fowler",1960-06-05,372539100142501,119,30,c(-100.243402, 37.42974),"1960","71-0",-100.243402,37.42974,213.5606079,"198-262"
"2787","Meade",-19.25,"Fowler",1960-06-10,372539100142501,119,30,c(-100.243402, 37.42974),"1960","71-0",-100.243402,37.42974,213.5606079,"198-262"
"2788","Meade",-17.5,"Fowler",1960-06-15,372539100142501,119,30,c(-100.243402, 37.42974),"1960","71-0",-100.243402,37.42974,213.5606079,"198-262"
"2789","Meade",-17.8,"Fowler",1960-06-20,372539100142501,119,30,c(-100.243402, 37.42974),"1960","71-0",-100.243402,37.42974,213.5606079,"198-262"
"2790","Meade",-19.17,"Fowler",1960-06-30,372539100142501,119,30,c(-100.243402, 37.42974),"1960","71-0",-100.243402,37.42974,213.5606079,"198-262"
"2791","Meade",-18.65,"Fowler",1960-07-05,372539100142501,119,30,c(-100.243402, 37.42974),"1960","71-0",-100.243402,37.42974,213.5606079,"198-262"
"2792","Meade",-18.1,"Fowler",1960-07-10,372539100142501,119,30,c(-100.243402, 37.42974),"1960","71-0",-100.243402,37.42974,213.5606079,"198-262"
"2793","Meade",-29.05,"Fowler",1960-07-25,372539100142501,119,30,c(-100.243402, 37.42974),"1960","71-0",-100.243402,37.42974,213.5606079,"198-262"
"2794","Meade",-43.27,"Fowler",1960-08-05,372539100142501,119,30,c(-100.243402, 37.42974),"1960","71-0",-100.243402,37.42974,213.5606079,"198-262"
"2795","Meade",-31.75,"Fowler",1960-08-10,372539100142501,119,30,c(-100.243402, 37.42974),"1960","71-0",-100.243402,37.42974,213.5606079,"198-262"
"2796","Meade",-28.07,"Fowler",1960-08-15,372539100142501,119,30,c(-100.243402, 37.42974),"1960","71-0",-100.243402,37.42974,213.5606079,"198-262"
"2797","Meade",-31.25,"Fowler",1960-08-20,372539100142501,119,30,c(-100.243402, 37.42974),"1960","71-0",-100.243402,37.42974,213.5606079,"198-262"
"2798","Meade",-18.85,"Fowler",1960-10-25,372539100142501,119,30,c(-100.243402, 37.42974),"1960","71-0",-100.243402,37.42974,213.5606079,"198-262"
"2799","Meade",-18.3,"Fowler",1960-10-30,372539100142501,119,30,c(-100.243402, 37.42974),"1960","71-0",-100.243402,37.42974,213.5606079,"198-262"
"2800","Meade",-18.15,"Fowler",1960-11-05,372539100142501,119,30,c(-100.243402, 37.42974),"1960","71-0",-100.243402,37.42974,213.5606079,"198-262"
"2801","Meade",-18.85,"Fowler",1960-11-15,372539100142501,119,30,c(-100.243402, 37.42974),"1960","71-0",-100.243402,37.42974,213.5606079,"198-262"
"2802","Meade",-17.48,"Fowler",1960-11-20,372539100142501,119,30,c(-100.243402, 37.42974),"1960","71-0",-100.243402,37.42974,213.5606079,"198-262"
"2803","Meade",-17.45,"Fowler",1960-11-25,372539100142501,119,30,c(-100.243402, 37.42974),"1960","71-0",-100.243402,37.42974,213.5606079,"198-262"
"2804","Meade",-17.3,"Fowler",1960-11-30,372539100142501,119,30,c(-100.243402, 37.42974),"1960","71-0",-100.243402,37.42974,213.5606079,"198-262"
"2805","Meade",-17.3,"Fowler",1960-12-05,372539100142501,119,30,c(-100.243402, 37.42974),"1960","71-0",-100.243402,37.42974,213.5606079,"198-262"
"2806","Meade",-17.12,"Fowler",1960-12-10,372539100142501,119,30,c(-100.243402, 37.42974),"1960","71-0",-100.243402,37.42974,213.5606079,"198-262"
"2807","Meade",-16.95,"Fowler",1960-12-20,372539100142501,119,30,c(-100.243402, 37.42974),"1960","71-0",-100.243402,37.42974,213.5606079,"198-262"
"2808","Meade",-17,"Fowler",1960-12-25,372539100142501,119,30,c(-100.243402, 37.42974),"1960","71-0",-100.243402,37.42974,213.5606079,"198-262"
"2809","Meade",-16.8,"Fowler",1960-12-30,372539100142501,119,30,c(-100.243402, 37.42974),"1960","71-0",-100.243402,37.42974,213.5606079,"198-262"
"2810","Meade",-16.87,"Fowler",1961-01-05,372539100142501,119,30,c(-100.243402, 37.42974),"1961","71-0",-100.243402,37.42974,213.5606079,"198-262"
"2811","Meade",-16.85,"Fowler",1961-01-10,372539100142501,119,30,c(-100.243402, 37.42974),"1961","71-0",-100.243402,37.42974,213.5606079,"198-262"
"2812","Meade",-16.75,"Fowler",1961-01-15,372539100142501,119,30,c(-100.243402, 37.42974),"1961","71-0",-100.243402,37.42974,213.5606079,"198-262"
"2813","Meade",-16.85,"Fowler",1961-01-30,372539100142501,119,30,c(-100.243402, 37.42974),"1961","71-0",-100.243402,37.42974,213.5606079,"198-262"
"2814","Meade",-16.91,"Fowler",1961-02-05,372539100142501,119,30,c(-100.243402, 37.42974),"1961","71-0",-100.243402,37.42974,213.5606079,"198-262"
"2815","Meade",-16.7,"Fowler",1961-02-10,372539100142501,119,30,c(-100.243402, 37.42974),"1961","71-0",-100.243402,37.42974,213.5606079,"198-262"
"2816","Meade",-16.74,"Fowler",1961-02-15,372539100142501,119,30,c(-100.243402, 37.42974),"1961","71-0",-100.243402,37.42974,213.5606079,"198-262"
"2817","Meade",-17.3,"Fowler",1961-02-20,372539100142501,119,30,c(-100.243402, 37.42974),"1961","71-0",-100.243402,37.42974,213.5606079,"198-262"
"2818","Meade",-18.02,"Fowler",1961-02-25,372539100142501,119,30,c(-100.243402, 37.42974),"1961","71-0",-100.243402,37.42974,213.5606079,"198-262"
"2819","Meade",-19,"Fowler",1961-03-15,372539100142501,119,30,c(-100.243402, 37.42974),"1961","71-0",-100.243402,37.42974,213.5606079,"198-262"
"2820","Meade",-17.15,"Fowler",1961-03-30,372539100142501,119,30,c(-100.243402, 37.42974),"1961","71-0",-100.243402,37.42974,213.5606079,"198-262"
"2821","Meade",-16.98,"Fowler",1961-04-05,372539100142501,119,30,c(-100.243402, 37.42974),"1961","71-0",-100.243402,37.42974,213.5606079,"198-262"
"2822","Meade",-16.95,"Fowler",1961-04-10,372539100142501,119,30,c(-100.243402, 37.42974),"1961","71-0",-100.243402,37.42974,213.5606079,"198-262"
"2823","Meade",-17.3,"Fowler",1961-04-15,372539100142501,119,30,c(-100.243402, 37.42974),"1961","71-0",-100.243402,37.42974,213.5606079,"198-262"
"2824","Meade",-21.18,"Fowler",1961-04-20,372539100142501,119,30,c(-100.243402, 37.42974),"1961","71-0",-100.243402,37.42974,213.5606079,"198-262"
"2825","Meade",-23.34,"Fowler",1961-04-25,372539100142501,119,30,c(-100.243402, 37.42974),"1961","71-0",-100.243402,37.42974,213.5606079,"198-262"
"2826","Meade",-23.4,"Fowler",1961-04-30,372539100142501,119,30,c(-100.243402, 37.42974),"1961","71-0",-100.243402,37.42974,213.5606079,"198-262"
"2827","Meade",-22.83,"Fowler",1961-05-05,372539100142501,119,30,c(-100.243402, 37.42974),"1961","71-0",-100.243402,37.42974,213.5606079,"198-262"
"2828","Meade",-22.86,"Fowler",1961-05-10,372539100142501,119,30,c(-100.243402, 37.42974),"1961","71-0",-100.243402,37.42974,213.5606079,"198-262"
"2829","Meade",-22.5,"Fowler",1961-05-15,372539100142501,119,30,c(-100.243402, 37.42974),"1961","71-0",-100.243402,37.42974,213.5606079,"198-262"
"2830","Meade",-26.35,"Fowler",1961-05-20,372539100142501,119,30,c(-100.243402, 37.42974),"1961","71-0",-100.243402,37.42974,213.5606079,"198-262"
"2831","Meade",-24.4,"Fowler",1961-05-25,372539100142501,119,30,c(-100.243402, 37.42974),"1961","71-0",-100.243402,37.42974,213.5606079,"198-262"
"2832","Meade",-21.5,"Fowler",1961-05-30,372539100142501,119,30,c(-100.243402, 37.42974),"1961","71-0",-100.243402,37.42974,213.5606079,"198-262"
"2833","Meade",-19.8,"Fowler",1961-06-05,372539100142501,119,30,c(-100.243402, 37.42974),"1961","71-0",-100.243402,37.42974,213.5606079,"198-262"
"2834","Meade",-18.65,"Fowler",1961-06-10,372539100142501,119,30,c(-100.243402, 37.42974),"1961","71-0",-100.243402,37.42974,213.5606079,"198-262"
"2835","Meade",-18.1,"Fowler",1961-06-15,372539100142501,119,30,c(-100.243402, 37.42974),"1961","71-0",-100.243402,37.42974,213.5606079,"198-262"
"2836","Meade",-17.92,"Fowler",1961-06-20,372539100142501,119,30,c(-100.243402, 37.42974),"1961","71-0",-100.243402,37.42974,213.5606079,"198-262"
"2837","Meade",-18,"Fowler",1961-06-25,372539100142501,119,30,c(-100.243402, 37.42974),"1961","71-0",-100.243402,37.42974,213.5606079,"198-262"
"2838","Meade",-17.85,"Fowler",1961-06-30,372539100142501,119,30,c(-100.243402, 37.42974),"1961","71-0",-100.243402,37.42974,213.5606079,"198-262"
"2839","Meade",-18.3,"Fowler",1961-07-05,372539100142501,119,30,c(-100.243402, 37.42974),"1961","71-0",-100.243402,37.42974,213.5606079,"198-262"
"2840","Meade",-21.6,"Fowler",1961-07-10,372539100142501,119,30,c(-100.243402, 37.42974),"1961","71-0",-100.243402,37.42974,213.5606079,"198-262"
"2841","Meade",-20.1,"Fowler",1961-07-15,372539100142501,119,30,c(-100.243402, 37.42974),"1961","71-0",-100.243402,37.42974,213.5606079,"198-262"
"2842","Meade",-23.25,"Fowler",1961-07-20,372539100142501,119,30,c(-100.243402, 37.42974),"1961","71-0",-100.243402,37.42974,213.5606079,"198-262"
"2843","Meade",-21.2,"Fowler",1961-07-25,372539100142501,119,30,c(-100.243402, 37.42974),"1961","71-0",-100.243402,37.42974,213.5606079,"198-262"
"2844","Meade",-27.2,"Fowler",1961-07-30,372539100142501,119,30,c(-100.243402, 37.42974),"1961","71-0",-100.243402,37.42974,213.5606079,"198-262"
"2845","Meade",-27.7,"Fowler",1961-08-05,372539100142501,119,30,c(-100.243402, 37.42974),"1961","71-0",-100.243402,37.42974,213.5606079,"198-262"
"2846","Meade",-31.6,"Fowler",1961-08-10,372539100142501,119,30,c(-100.243402, 37.42974),"1961","71-0",-100.243402,37.42974,213.5606079,"198-262"
"2847","Meade",-26.2,"Fowler",1961-08-15,372539100142501,119,30,c(-100.243402, 37.42974),"1961","71-0",-100.243402,37.42974,213.5606079,"198-262"
"2848","Meade",-22.4,"Fowler",1961-08-20,372539100142501,119,30,c(-100.243402, 37.42974),"1961","71-0",-100.243402,37.42974,213.5606079,"198-262"
"2849","Meade",-20.7,"Fowler",1961-08-25,372539100142501,119,30,c(-100.243402, 37.42974),"1961","71-0",-100.243402,37.42974,213.5606079,"198-262"
"2850","Meade",-25.45,"Fowler",1961-08-30,372539100142501,119,30,c(-100.243402, 37.42974),"1961","71-0",-100.243402,37.42974,213.5606079,"198-262"
"2851","Meade",-33.4,"Fowler",1961-09-05,372539100142501,119,30,c(-100.243402, 37.42974),"1961","71-0",-100.243402,37.42974,213.5606079,"198-262"
"2852","Meade",-26.9,"Fowler",1961-09-10,372539100142501,119,30,c(-100.243402, 37.42974),"1961","71-0",-100.243402,37.42974,213.5606079,"198-262"
"2853","Meade",-22.4,"Fowler",1961-09-15,372539100142501,119,30,c(-100.243402, 37.42974),"1961","71-0",-100.243402,37.42974,213.5606079,"198-262"
"2854","Meade",-24.85,"Fowler",1961-09-20,372539100142501,119,30,c(-100.243402, 37.42974),"1961","71-0",-100.243402,37.42974,213.5606079,"198-262"
"2855","Meade",-24.3,"Fowler",1961-09-25,372539100142501,119,30,c(-100.243402, 37.42974),"1961","71-0",-100.243402,37.42974,213.5606079,"198-262"
"2856","Meade",-22.85,"Fowler",1961-09-30,372539100142501,119,30,c(-100.243402, 37.42974),"1961","71-0",-100.243402,37.42974,213.5606079,"198-262"
"2857","Meade",-25.15,"Fowler",1961-10-05,372539100142501,119,30,c(-100.243402, 37.42974),"1961","71-0",-100.243402,37.42974,213.5606079,"198-262"
"2858","Meade",-23,"Fowler",1961-10-10,372539100142501,119,30,c(-100.243402, 37.42974),"1961","71-0",-100.243402,37.42974,213.5606079,"198-262"
"2859","Meade",-22.7,"Fowler",1961-10-15,372539100142501,119,30,c(-100.243402, 37.42974),"1961","71-0",-100.243402,37.42974,213.5606079,"198-262"
"2860","Meade",-23.45,"Fowler",1961-10-20,372539100142501,119,30,c(-100.243402, 37.42974),"1961","71-0",-100.243402,37.42974,213.5606079,"198-262"
"2861","Meade",-25.45,"Fowler",1961-10-25,372539100142501,119,30,c(-100.243402, 37.42974),"1961","71-0",-100.243402,37.42974,213.5606079,"198-262"
"2862","Meade",-20.9,"Fowler",1961-11-05,372539100142501,119,30,c(-100.243402, 37.42974),"1961","71-0",-100.243402,37.42974,213.5606079,"198-262"
"2863","Meade",-19.4,"Fowler",1961-11-10,372539100142501,119,30,c(-100.243402, 37.42974),"1961","71-0",-100.243402,37.42974,213.5606079,"198-262"
"2864","Meade",-18.8,"Fowler",1961-11-15,372539100142501,119,30,c(-100.243402, 37.42974),"1961","71-0",-100.243402,37.42974,213.5606079,"198-262"
"2865","Meade",-17.95,"Fowler",1961-11-30,372539100142501,119,30,c(-100.243402, 37.42974),"1961","71-0",-100.243402,37.42974,213.5606079,"198-262"
"2866","Meade",-17.85,"Fowler",1961-12-05,372539100142501,119,30,c(-100.243402, 37.42974),"1961","71-0",-100.243402,37.42974,213.5606079,"198-262"
"2867","Meade",-17.65,"Fowler",1961-12-10,372539100142501,119,30,c(-100.243402, 37.42974),"1961","71-0",-100.243402,37.42974,213.5606079,"198-262"
"2868","Meade",-17.55,"Fowler",1961-12-20,372539100142501,119,30,c(-100.243402, 37.42974),"1961","71-0",-100.243402,37.42974,213.5606079,"198-262"
"2869","Meade",-17.1,"Fowler",1961-12-25,372539100142501,119,30,c(-100.243402, 37.42974),"1961","71-0",-100.243402,37.42974,213.5606079,"198-262"
"2870","Meade",-17,"Fowler",1961-12-30,372539100142501,119,30,c(-100.243402, 37.42974),"1961","71-0",-100.243402,37.42974,213.5606079,"198-262"
"2871","Meade",-17.15,"Fowler",1962-01-05,372539100142501,119,30,c(-100.243402, 37.42974),"1962","71-0",-100.243402,37.42974,213.5606079,"198-262"
"2872","Meade",-17.15,"Fowler",1962-01-10,372539100142501,119,30,c(-100.243402, 37.42974),"1962","71-0",-100.243402,37.42974,213.5606079,"198-262"
"2873","Meade",-16.78,"Fowler",1962-01-25,372539100142501,119,30,c(-100.243402, 37.42974),"1962","71-0",-100.243402,37.42974,213.5606079,"198-262"
"2874","Meade",-16.79,"Fowler",1962-01-30,372539100142501,119,30,c(-100.243402, 37.42974),"1962","71-0",-100.243402,37.42974,213.5606079,"198-262"
"2875","Meade",-18,"Fowler",1962-02-05,372539100142501,119,30,c(-100.243402, 37.42974),"1962","71-0",-100.243402,37.42974,213.5606079,"198-262"
"2876","Meade",-17.5,"Fowler",1962-02-10,372539100142501,119,30,c(-100.243402, 37.42974),"1962","71-0",-100.243402,37.42974,213.5606079,"198-262"
"2877","Meade",-16.85,"Fowler",1962-02-15,372539100142501,119,30,c(-100.243402, 37.42974),"1962","71-0",-100.243402,37.42974,213.5606079,"198-262"
"2878","Meade",-16.62,"Fowler",1962-02-20,372539100142501,119,30,c(-100.243402, 37.42974),"1962","71-0",-100.243402,37.42974,213.5606079,"198-262"
"2879","Meade",-16.6,"Fowler",1962-02-25,372539100142501,119,30,c(-100.243402, 37.42974),"1962","71-0",-100.243402,37.42974,213.5606079,"198-262"
"2880","Meade",-16.6,"Fowler",1962-03-20,372539100142501,119,30,c(-100.243402, 37.42974),"1962","71-0",-100.243402,37.42974,213.5606079,"198-262"
"2881","Meade",-18.1,"Fowler",1962-03-25,372539100142501,119,30,c(-100.243402, 37.42974),"1962","71-0",-100.243402,37.42974,213.5606079,"198-262"
"2882","Meade",-18.07,"Fowler",1962-03-30,372539100142501,119,30,c(-100.243402, 37.42974),"1962","71-0",-100.243402,37.42974,213.5606079,"198-262"
"2883","Meade",-17.33,"Fowler",1962-04-05,372539100142501,119,30,c(-100.243402, 37.42974),"1962","71-0",-100.243402,37.42974,213.5606079,"198-262"
"2884","Meade",-16.93,"Fowler",1962-04-10,372539100142501,119,30,c(-100.243402, 37.42974),"1962","71-0",-100.243402,37.42974,213.5606079,"198-262"
"2885","Meade",-16.75,"Fowler",1962-04-15,372539100142501,119,30,c(-100.243402, 37.42974),"1962","71-0",-100.243402,37.42974,213.5606079,"198-262"
"2886","Meade",-17.6,"Fowler",1962-04-20,372539100142501,119,30,c(-100.243402, 37.42974),"1962","71-0",-100.243402,37.42974,213.5606079,"198-262"
"2887","Meade",-20.6,"Fowler",1962-04-25,372539100142501,119,30,c(-100.243402, 37.42974),"1962","71-0",-100.243402,37.42974,213.5606079,"198-262"
"2888","Meade",-21.3,"Fowler",1962-04-30,372539100142501,119,30,c(-100.243402, 37.42974),"1962","71-0",-100.243402,37.42974,213.5606079,"198-262"
"2889","Meade",-23.55,"Fowler",1962-05-05,372539100142501,119,30,c(-100.243402, 37.42974),"1962","71-0",-100.243402,37.42974,213.5606079,"198-262"
"2890","Meade",-24.3,"Fowler",1962-05-20,372539100142501,119,30,c(-100.243402, 37.42974),"1962","71-0",-100.243402,37.42974,213.5606079,"198-262"
"2891","Meade",-21.6,"Fowler",1962-05-25,372539100142501,119,30,c(-100.243402, 37.42974),"1962","71-0",-100.243402,37.42974,213.5606079,"198-262"
"2892","Meade",-19.55,"Fowler",1962-05-30,372539100142501,119,30,c(-100.243402, 37.42974),"1962","71-0",-100.243402,37.42974,213.5606079,"198-262"
"2893","Meade",-18.15,"Fowler",1962-06-05,372539100142501,119,30,c(-100.243402, 37.42974),"1962","71-0",-100.243402,37.42974,213.5606079,"198-262"
"2894","Meade",-17.7,"Fowler",1962-06-10,372539100142501,119,30,c(-100.243402, 37.42974),"1962","71-0",-100.243402,37.42974,213.5606079,"198-262"
"2895","Meade",-17.3,"Fowler",1962-06-15,372539100142501,119,30,c(-100.243402, 37.42974),"1962","71-0",-100.243402,37.42974,213.5606079,"198-262"
"2896","Meade",-17.2,"Fowler",1962-06-20,372539100142501,119,30,c(-100.243402, 37.42974),"1962","71-0",-100.243402,37.42974,213.5606079,"198-262"
"2897","Meade",-17.05,"Fowler",1962-06-25,372539100142501,119,30,c(-100.243402, 37.42974),"1962","71-0",-100.243402,37.42974,213.5606079,"198-262"
"2898","Meade",-16.83,"Fowler",1962-06-30,372539100142501,119,30,c(-100.243402, 37.42974),"1962","71-0",-100.243402,37.42974,213.5606079,"198-262"
"2899","Meade",-19,"Fowler",1962-07-05,372539100142501,119,30,c(-100.243402, 37.42974),"1962","71-0",-100.243402,37.42974,213.5606079,"198-262"
"2900","Meade",-17.37,"Fowler",1962-07-10,372539100142501,119,30,c(-100.243402, 37.42974),"1962","71-0",-100.243402,37.42974,213.5606079,"198-262"
"2901","Meade",-32.2,"Fowler",1962-07-15,372539100142501,119,30,c(-100.243402, 37.42974),"1962","71-0",-100.243402,37.42974,213.5606079,"198-262"
"2902","Meade",-34.4,"Fowler",1962-07-20,372539100142501,119,30,c(-100.243402, 37.42974),"1962","71-0",-100.243402,37.42974,213.5606079,"198-262"
"2903","Meade",-25.5,"Fowler",1962-07-25,372539100142501,119,30,c(-100.243402, 37.42974),"1962","71-0",-100.243402,37.42974,213.5606079,"198-262"
"2904","Meade",-21.75,"Fowler",1962-07-30,372539100142501,119,30,c(-100.243402, 37.42974),"1962","71-0",-100.243402,37.42974,213.5606079,"198-262"
"2905","Meade",-21.02,"Fowler",1962-08-05,372539100142501,119,30,c(-100.243402, 37.42974),"1962","71-0",-100.243402,37.42974,213.5606079,"198-262"
"2906","Meade",-20.73,"Fowler",1962-08-10,372539100142501,119,30,c(-100.243402, 37.42974),"1962","71-0",-100.243402,37.42974,213.5606079,"198-262"
"2907","Meade",-34.05,"Fowler",1962-08-15,372539100142501,119,30,c(-100.243402, 37.42974),"1962","71-0",-100.243402,37.42974,213.5606079,"198-262"
"2908","Meade",-32.5,"Fowler",1962-08-20,372539100142501,119,30,c(-100.243402, 37.42974),"1962","71-0",-100.243402,37.42974,213.5606079,"198-262"
"2909","Meade",-28.1,"Fowler",1962-08-25,372539100142501,119,30,c(-100.243402, 37.42974),"1962","71-0",-100.243402,37.42974,213.5606079,"198-262"
"2910","Meade",-24.37,"Fowler",1962-09-05,372539100142501,119,30,c(-100.243402, 37.42974),"1962","71-0",-100.243402,37.42974,213.5606079,"198-262"
"2911","Meade",-22.68,"Fowler",1962-09-20,372539100142501,119,30,c(-100.243402, 37.42974),"1962","71-0",-100.243402,37.42974,213.5606079,"198-262"
"2912","Meade",-22.2,"Fowler",1962-09-25,372539100142501,119,30,c(-100.243402, 37.42974),"1962","71-0",-100.243402,37.42974,213.5606079,"198-262"
"2913","Meade",-18.9,"Fowler",1962-09-30,372539100142501,119,30,c(-100.243402, 37.42974),"1962","71-0",-100.243402,37.42974,213.5606079,"198-262"
"2914","Meade",-17.7,"Fowler",1962-10-05,372539100142501,119,30,c(-100.243402, 37.42974),"1962","71-0",-100.243402,37.42974,213.5606079,"198-262"
"2915","Meade",-17.75,"Fowler",1962-10-10,372539100142501,119,30,c(-100.243402, 37.42974),"1962","71-0",-100.243402,37.42974,213.5606079,"198-262"
"2916","Meade",-18,"Fowler",1962-10-15,372539100142501,119,30,c(-100.243402, 37.42974),"1962","71-0",-100.243402,37.42974,213.5606079,"198-262"
"2917","Meade",-18.37,"Fowler",1962-10-20,372539100142501,119,30,c(-100.243402, 37.42974),"1962","71-0",-100.243402,37.42974,213.5606079,"198-262"
"2918","Meade",-17.75,"Fowler",1962-10-25,372539100142501,119,30,c(-100.243402, 37.42974),"1962","71-0",-100.243402,37.42974,213.5606079,"198-262"
"2919","Meade",-17.87,"Fowler",1962-10-30,372539100142501,119,30,c(-100.243402, 37.42974),"1962","71-0",-100.243402,37.42974,213.5606079,"198-262"
"2920","Meade",-17.07,"Fowler",1962-11-05,372539100142501,119,30,c(-100.243402, 37.42974),"1962","71-0",-100.243402,37.42974,213.5606079,"198-262"
"2921","Meade",-17.1,"Fowler",1962-11-10,372539100142501,119,30,c(-100.243402, 37.42974),"1962","71-0",-100.243402,37.42974,213.5606079,"198-262"
"2922","Meade",-17.8,"Fowler",1962-11-15,372539100142501,119,30,c(-100.243402, 37.42974),"1962","71-0",-100.243402,37.42974,213.5606079,"198-262"
"2923","Meade",-17,"Fowler",1962-11-20,372539100142501,119,30,c(-100.243402, 37.42974),"1962","71-0",-100.243402,37.42974,213.5606079,"198-262"
"2924","Meade",-17,"Fowler",1962-11-25,372539100142501,119,30,c(-100.243402, 37.42974),"1962","71-0",-100.243402,37.42974,213.5606079,"198-262"
"2925","Meade",-16.7,"Fowler",1962-11-30,372539100142501,119,30,c(-100.243402, 37.42974),"1962","71-0",-100.243402,37.42974,213.5606079,"198-262"
"2926","Meade",-16.75,"Fowler",1962-12-05,372539100142501,119,30,c(-100.243402, 37.42974),"1962","71-0",-100.243402,37.42974,213.5606079,"198-262"
"2927","Meade",-15.9,"Fowler",1962-12-10,372539100142501,119,30,c(-100.243402, 37.42974),"1962","71-0",-100.243402,37.42974,213.5606079,"198-262"
"2928","Meade",-16.4,"Fowler",1962-12-20,372539100142501,119,30,c(-100.243402, 37.42974),"1962","71-0",-100.243402,37.42974,213.5606079,"198-262"
"2929","Meade",-16.6,"Fowler",1962-12-25,372539100142501,119,30,c(-100.243402, 37.42974),"1962","71-0",-100.243402,37.42974,213.5606079,"198-262"
"2930","Meade",-16.5,"Fowler",1962-12-30,372539100142501,119,30,c(-100.243402, 37.42974),"1962","71-0",-100.243402,37.42974,213.5606079,"198-262"
"2931","Meade",-15.7,"Fowler",1963-01-20,372539100142501,119,30,c(-100.243402, 37.42974),"1963","71-0",-100.243402,37.42974,213.5606079,"198-262"
"2932","Meade",-15.6,"Fowler",1963-01-27,372539100142501,119,30,c(-100.243402, 37.42974),"1963","71-0",-100.243402,37.42974,213.5606079,"198-262"
"2933","Meade",-15.01,"Fowler",1963-02-03,372539100142501,119,30,c(-100.243402, 37.42974),"1963","71-0",-100.243402,37.42974,213.5606079,"198-262"
"2934","Meade",-16.01,"Fowler",1963-02-10,372539100142501,119,30,c(-100.243402, 37.42974),"1963","71-0",-100.243402,37.42974,213.5606079,"198-262"
"2935","Meade",-15.08,"Fowler",1963-02-16,372539100142501,119,30,c(-100.243402, 37.42974),"1963","71-0",-100.243402,37.42974,213.5606079,"198-262"
"2936","Meade",-15.8,"Fowler",1963-02-23,372539100142501,119,30,c(-100.243402, 37.42974),"1963","71-0",-100.243402,37.42974,213.5606079,"198-262"
"2937","Meade",-17.3,"Fowler",1963-03-03,372539100142501,119,30,c(-100.243402, 37.42974),"1963","71-0",-100.243402,37.42974,213.5606079,"198-262"
"2938","Meade",-19.9,"Fowler",1963-03-11,372539100142501,119,30,c(-100.243402, 37.42974),"1963","71-0",-100.243402,37.42974,213.5606079,"198-262"
"2939","Meade",-19.85,"Fowler",1963-03-17,372539100142501,119,30,c(-100.243402, 37.42974),"1963","71-0",-100.243402,37.42974,213.5606079,"198-262"
"2940","Meade",-19.7,"Fowler",1963-03-26,372539100142501,119,30,c(-100.243402, 37.42974),"1963","71-0",-100.243402,37.42974,213.5606079,"198-262"
"2941","Meade",-22.6,"Fowler",1963-03-31,372539100142501,119,30,c(-100.243402, 37.42974),"1963","71-0",-100.243402,37.42974,213.5606079,"198-262"
"2942","Meade",-23.8,"Fowler",1963-04-07,372539100142501,119,30,c(-100.243402, 37.42974),"1963","71-0",-100.243402,37.42974,213.5606079,"198-262"
"2943","Meade",-31.85,"Fowler",1963-04-14,372539100142501,119,30,c(-100.243402, 37.42974),"1963","71-0",-100.243402,37.42974,213.5606079,"198-262"
"2944","Meade",-27.7,"Fowler",1963-04-22,372539100142501,119,30,c(-100.243402, 37.42974),"1963","71-0",-100.243402,37.42974,213.5606079,"198-262"
"2945","Meade",-29.5,"Fowler",1963-05-01,372539100142501,119,30,c(-100.243402, 37.42974),"1963","71-0",-100.243402,37.42974,213.5606079,"198-262"
"2946","Meade",-31.6,"Fowler",1963-05-06,372539100142501,119,30,c(-100.243402, 37.42974),"1963","71-0",-100.243402,37.42974,213.5606079,"198-262"
"2947","Meade",-34.8,"Fowler",1963-05-12,372539100142501,119,30,c(-100.243402, 37.42974),"1963","71-0",-100.243402,37.42974,213.5606079,"198-262"
"2948","Meade",-26.5,"Fowler",1963-06-02,372539100142501,119,30,c(-100.243402, 37.42974),"1963","71-0",-100.243402,37.42974,213.5606079,"198-262"
"2949","Meade",-23.4,"Fowler",1963-06-10,372539100142501,119,30,c(-100.243402, 37.42974),"1963","71-0",-100.243402,37.42974,213.5606079,"198-262"
"2950","Meade",-20.2,"Fowler",1963-06-18,372539100142501,119,30,c(-100.243402, 37.42974),"1963","71-0",-100.243402,37.42974,213.5606079,"198-262"
"2951","Meade",-20.75,"Fowler",1963-06-23,372539100142501,119,30,c(-100.243402, 37.42974),"1963","71-0",-100.243402,37.42974,213.5606079,"198-262"
"2952","Meade",-26.5,"Fowler",1963-07-09,372539100142501,119,30,c(-100.243402, 37.42974),"1963","71-0",-100.243402,37.42974,213.5606079,"198-262"
"2953","Meade",-28,"Fowler",1963-07-14,372539100142501,119,30,c(-100.243402, 37.42974),"1963","71-0",-100.243402,37.42974,213.5606079,"198-262"
"2954","Meade",-36,"Fowler",1963-07-20,372539100142501,119,30,c(-100.243402, 37.42974),"1963","71-0",-100.243402,37.42974,213.5606079,"198-262"
"2955","Meade",-35.6,"Fowler",1963-07-27,372539100142501,119,30,c(-100.243402, 37.42974),"1963","71-0",-100.243402,37.42974,213.5606079,"198-262"
"2956","Meade",-49.96,"Fowler",1963-08-06,372539100142501,119,30,c(-100.243402, 37.42974),"1963","71-0",-100.243402,37.42974,213.5606079,"198-262"
"2957","Meade",-49,"Fowler",1963-08-12,372539100142501,119,30,c(-100.243402, 37.42974),"1963","71-0",-100.243402,37.42974,213.5606079,"198-262"
"2958","Meade",-64.1,"Fowler",1963-08-18,372539100142501,119,30,c(-100.243402, 37.42974),"1963","71-0",-100.243402,37.42974,213.5606079,"198-262"
"2959","Meade",-49.35,"Fowler",1963-08-24,372539100142501,119,30,c(-100.243402, 37.42974),"1963","71-0",-100.243402,37.42974,213.5606079,"198-262"
"2960","Meade",-44.9,"Fowler",1963-09-03,372539100142501,119,30,c(-100.243402, 37.42974),"1963","71-0",-100.243402,37.42974,213.5606079,"198-262"
"2961","Meade",-30.3,"Fowler",1963-09-15,372539100142501,119,30,c(-100.243402, 37.42974),"1963","71-0",-100.243402,37.42974,213.5606079,"198-262"
"2962","Meade",-24,"Fowler",1963-09-22,372539100142501,119,30,c(-100.243402, 37.42974),"1963","71-0",-100.243402,37.42974,213.5606079,"198-262"
"2963","Meade",-20.6,"Fowler",1963-09-28,372539100142501,119,30,c(-100.243402, 37.42974),"1963","71-0",-100.243402,37.42974,213.5606079,"198-262"
"2964","Meade",-20,"Fowler",1963-10-06,372539100142501,119,30,c(-100.243402, 37.42974),"1963","71-0",-100.243402,37.42974,213.5606079,"198-262"
"2965","Meade",-22.6,"Fowler",1963-10-13,372539100142501,119,30,c(-100.243402, 37.42974),"1963","71-0",-100.243402,37.42974,213.5606079,"198-262"
"2966","Meade",-21,"Fowler",1963-10-20,372539100142501,119,30,c(-100.243402, 37.42974),"1963","71-0",-100.243402,37.42974,213.5606079,"198-262"
"2967","Meade",-21.5,"Fowler",1963-10-27,372539100142501,119,30,c(-100.243402, 37.42974),"1963","71-0",-100.243402,37.42974,213.5606079,"198-262"
"2968","Meade",-20.3,"Fowler",1963-11-03,372539100142501,119,30,c(-100.243402, 37.42974),"1963","71-0",-100.243402,37.42974,213.5606079,"198-262"
"2969","Meade",-18.9,"Fowler",1963-11-10,372539100142501,119,30,c(-100.243402, 37.42974),"1963","71-0",-100.243402,37.42974,213.5606079,"198-262"
"2970","Meade",-18.6,"Fowler",1963-11-17,372539100142501,119,30,c(-100.243402, 37.42974),"1963","71-0",-100.243402,37.42974,213.5606079,"198-262"
"2971","Meade",-18.5,"Fowler",1963-11-24,372539100142501,119,30,c(-100.243402, 37.42974),"1963","71-0",-100.243402,37.42974,213.5606079,"198-262"
"2972","Meade",-21.4,"Fowler",1963-12-01,372539100142501,119,30,c(-100.243402, 37.42974),"1963","71-0",-100.243402,37.42974,213.5606079,"198-262"
"2973","Meade",-19.2,"Fowler",1963-12-07,372539100142501,119,30,c(-100.243402, 37.42974),"1963","71-0",-100.243402,37.42974,213.5606079,"198-262"
"2974","Meade",-18.94,"Fowler",1963-12-15,372539100142501,119,30,c(-100.243402, 37.42974),"1963","71-0",-100.243402,37.42974,213.5606079,"198-262"
"2975","Meade",-17.6,"Fowler",1963-12-23,372539100142501,119,30,c(-100.243402, 37.42974),"1963","71-0",-100.243402,37.42974,213.5606079,"198-262"
"2976","Meade",-18,"Fowler",1963-12-29,372539100142501,119,30,c(-100.243402, 37.42974),"1963","71-0",-100.243402,37.42974,213.5606079,"198-262"
"2977","Meade",-20,"Fowler",1964-01-05,372539100142501,119,30,c(-100.243402, 37.42974),"1964","71-0",-100.243402,37.42974,213.5606079,"198-262"
"2978","Meade",-17.6,"Fowler",1964-01-13,372539100142501,119,30,c(-100.243402, 37.42974),"1964","71-0",-100.243402,37.42974,213.5606079,"198-262"
"2979","Meade",-17.3,"Fowler",1964-01-20,372539100142501,119,30,c(-100.243402, 37.42974),"1964","71-0",-100.243402,37.42974,213.5606079,"198-262"
"2980","Meade",-17.8,"Fowler",1964-01-26,372539100142501,119,30,c(-100.243402, 37.42974),"1964","71-0",-100.243402,37.42974,213.5606079,"198-262"
"2981","Meade",-18.5,"Fowler",1964-02-09,372539100142501,119,30,c(-100.243402, 37.42974),"1964","71-0",-100.243402,37.42974,213.5606079,"198-262"
"2982","Meade",-17.4,"Fowler",1964-02-23,372539100142501,119,30,c(-100.243402, 37.42974),"1964","71-0",-100.243402,37.42974,213.5606079,"198-262"
"2983","Meade",-17.7,"Fowler",1964-02-29,372539100142501,119,30,c(-100.243402, 37.42974),"1964","71-0",-100.243402,37.42974,213.5606079,"198-262"
"2984","Meade",-17.5,"Fowler",1964-03-07,372539100142501,119,30,c(-100.243402, 37.42974),"1964","71-0",-100.243402,37.42974,213.5606079,"198-262"
"2985","Meade",-17.2,"Fowler",1964-03-17,372539100142501,119,30,c(-100.243402, 37.42974),"1964","71-0",-100.243402,37.42974,213.5606079,"198-262"
"2986","Meade",-17.2,"Fowler",1964-03-21,372539100142501,119,30,c(-100.243402, 37.42974),"1964","71-0",-100.243402,37.42974,213.5606079,"198-262"
"2987","Meade",-18,"Fowler",1964-03-29,372539100142501,119,30,c(-100.243402, 37.42974),"1964","71-0",-100.243402,37.42974,213.5606079,"198-262"
"2988","Meade",-20,"Fowler",1964-04-05,372539100142501,119,30,c(-100.243402, 37.42974),"1964","71-0",-100.243402,37.42974,213.5606079,"198-262"
"2989","Meade",-25,"Fowler",1964-04-19,372539100142501,119,30,c(-100.243402, 37.42974),"1964","71-0",-100.243402,37.42974,213.5606079,"198-262"
"2990","Meade",-42.4,"Fowler",1964-04-22,372539100142501,119,30,c(-100.243402, 37.42974),"1964","71-0",-100.243402,37.42974,213.5606079,"198-262"
"2991","Meade",-45,"Fowler",1964-05-03,372539100142501,119,30,c(-100.243402, 37.42974),"1964","71-0",-100.243402,37.42974,213.5606079,"198-262"
"2992","Meade",-32.7,"Fowler",1964-05-17,372539100142501,119,30,c(-100.243402, 37.42974),"1964","71-0",-100.243402,37.42974,213.5606079,"198-262"
"2993","Meade",-26.4,"Fowler",1964-06-01,372539100142501,119,30,c(-100.243402, 37.42974),"1964","71-0",-100.243402,37.42974,213.5606079,"198-262"
"2994","Meade",-23,"Fowler",1964-06-07,372539100142501,119,30,c(-100.243402, 37.42974),"1964","71-0",-100.243402,37.42974,213.5606079,"198-262"
"2995","Meade",-20.8,"Fowler",1964-06-15,372539100142501,119,30,c(-100.243402, 37.42974),"1964","71-0",-100.243402,37.42974,213.5606079,"198-262"
"2996","Meade",-19.4,"Fowler",1964-06-21,372539100142501,119,30,c(-100.243402, 37.42974),"1964","71-0",-100.243402,37.42974,213.5606079,"198-262"
"2997","Meade",-19.4,"Fowler",1964-06-30,372539100142501,119,30,c(-100.243402, 37.42974),"1964","71-0",-100.243402,37.42974,213.5606079,"198-262"
"2998","Meade",-32.9,"Fowler",1964-07-12,372539100142501,119,30,c(-100.243402, 37.42974),"1964","71-0",-100.243402,37.42974,213.5606079,"198-262"
"2999","Meade",-47.1,"Fowler",1964-07-19,372539100142501,119,30,c(-100.243402, 37.42974),"1964","71-0",-100.243402,37.42974,213.5606079,"198-262"
"3000","Meade",-32.1,"Fowler",1964-09-14,372539100142501,119,30,c(-100.243402, 37.42974),"1964","71-0",-100.243402,37.42974,213.5606079,"198-262"
"3001","Meade",-19.59,"Fowler",1964-12-14,372539100142501,119,30,c(-100.243402, 37.42974),"1964","71-0",-100.243402,37.42974,213.5606079,"198-262"
"3002","Meade",-19.45,"Fowler",1964-12-15,372539100142501,119,30,c(-100.243402, 37.42974),"1964","71-0",-100.243402,37.42974,213.5606079,"198-262"
"3003","Meade",-19.2,"Fowler",1964-12-20,372539100142501,119,30,c(-100.243402, 37.42974),"1964","71-0",-100.243402,37.42974,213.5606079,"198-262"
"3004","Meade",-19,"Fowler",1964-12-25,372539100142501,119,30,c(-100.243402, 37.42974),"1964","71-0",-100.243402,37.42974,213.5606079,"198-262"
"3005","Meade",-19.97,"Fowler",1964-12-30,372539100142501,119,30,c(-100.243402, 37.42974),"1964","71-0",-100.243402,37.42974,213.5606079,"198-262"
"3006","Meade",-18.45,"Fowler",1965-01-05,372539100142501,119,30,c(-100.243402, 37.42974),"1965","71-0",-100.243402,37.42974,213.5606079,"198-262"
"3007","Meade",-18.35,"Fowler",1965-01-10,372539100142501,119,30,c(-100.243402, 37.42974),"1965","71-0",-100.243402,37.42974,213.5606079,"198-262"
"3008","Meade",-18.45,"Fowler",1965-01-15,372539100142501,119,30,c(-100.243402, 37.42974),"1965","71-0",-100.243402,37.42974,213.5606079,"198-262"
"3009","Meade",-18.35,"Fowler",1965-01-20,372539100142501,119,30,c(-100.243402, 37.42974),"1965","71-0",-100.243402,37.42974,213.5606079,"198-262"
"3010","Meade",-18.23,"Fowler",1965-01-25,372539100142501,119,30,c(-100.243402, 37.42974),"1965","71-0",-100.243402,37.42974,213.5606079,"198-262"
"3011","Meade",-18.15,"Fowler",1965-01-30,372539100142501,119,30,c(-100.243402, 37.42974),"1965","71-0",-100.243402,37.42974,213.5606079,"198-262"
"3012","Meade",-18.07,"Fowler",1965-02-05,372539100142501,119,30,c(-100.243402, 37.42974),"1965","71-0",-100.243402,37.42974,213.5606079,"198-262"
"3013","Meade",-18,"Fowler",1965-02-10,372539100142501,119,30,c(-100.243402, 37.42974),"1965","71-0",-100.243402,37.42974,213.5606079,"198-262"
"3014","Meade",-17.98,"Fowler",1965-02-15,372539100142501,119,30,c(-100.243402, 37.42974),"1965","71-0",-100.243402,37.42974,213.5606079,"198-262"
"3015","Meade",-17.85,"Fowler",1965-02-20,372539100142501,119,30,c(-100.243402, 37.42974),"1965","71-0",-100.243402,37.42974,213.5606079,"198-262"
"3016","Meade",-17.87,"Fowler",1965-02-25,372539100142501,119,30,c(-100.243402, 37.42974),"1965","71-0",-100.243402,37.42974,213.5606079,"198-262"
"3017","Meade",-17.81,"Fowler",1965-03-05,372539100142501,119,30,c(-100.243402, 37.42974),"1965","71-0",-100.243402,37.42974,213.5606079,"198-262"
"3018","Meade",-18,"Fowler",1965-03-10,372539100142501,119,30,c(-100.243402, 37.42974),"1965","71-0",-100.243402,37.42974,213.5606079,"198-262"
"3019","Meade",-17.8,"Fowler",1965-03-15,372539100142501,119,30,c(-100.243402, 37.42974),"1965","71-0",-100.243402,37.42974,213.5606079,"198-262"
"3020","Meade",-18.2,"Fowler",1965-03-20,372539100142501,119,30,c(-100.243402, 37.42974),"1965","71-0",-100.243402,37.42974,213.5606079,"198-262"
"3021","Meade",-18.35,"Fowler",1965-03-25,372539100142501,119,30,c(-100.243402, 37.42974),"1965","71-0",-100.243402,37.42974,213.5606079,"198-262"
"3022","Meade",-17.85,"Fowler",1965-03-30,372539100142501,119,30,c(-100.243402, 37.42974),"1965","71-0",-100.243402,37.42974,213.5606079,"198-262"
"3023","Meade",-18.42,"Fowler",1965-04-05,372539100142501,119,30,c(-100.243402, 37.42974),"1965","71-0",-100.243402,37.42974,213.5606079,"198-262"
"3024","Meade",-18.05,"Fowler",1965-04-10,372539100142501,119,30,c(-100.243402, 37.42974),"1965","71-0",-100.243402,37.42974,213.5606079,"198-262"
"3025","Meade",-18.11,"Fowler",1965-04-15,372539100142501,119,30,c(-100.243402, 37.42974),"1965","71-0",-100.243402,37.42974,213.5606079,"198-262"
"3026","Meade",-18.45,"Fowler",1965-04-20,372539100142501,119,30,c(-100.243402, 37.42974),"1965","71-0",-100.243402,37.42974,213.5606079,"198-262"
"3027","Meade",-18.91,"Fowler",1965-04-25,372539100142501,119,30,c(-100.243402, 37.42974),"1965","71-0",-100.243402,37.42974,213.5606079,"198-262"
"3028","Meade",-18.92,"Fowler",1965-04-30,372539100142501,119,30,c(-100.243402, 37.42974),"1965","71-0",-100.243402,37.42974,213.5606079,"198-262"
"3029","Meade",-18.92,"Fowler",1965-05-05,372539100142501,119,30,c(-100.243402, 37.42974),"1965","71-0",-100.243402,37.42974,213.5606079,"198-262"
"3030","Meade",-18.92,"Fowler",1965-05-10,372539100142501,119,30,c(-100.243402, 37.42974),"1965","71-0",-100.243402,37.42974,213.5606079,"198-262"
"3031","Meade",-18.92,"Fowler",1965-05-15,372539100142501,119,30,c(-100.243402, 37.42974),"1965","71-0",-100.243402,37.42974,213.5606079,"198-262"
"3032","Meade",-18.92,"Fowler",1965-05-20,372539100142501,119,30,c(-100.243402, 37.42974),"1965","71-0",-100.243402,37.42974,213.5606079,"198-262"
"3033","Meade",-18.92,"Fowler",1965-05-25,372539100142501,119,30,c(-100.243402, 37.42974),"1965","71-0",-100.243402,37.42974,213.5606079,"198-262"
"3034","Meade",-18.92,"Fowler",1965-05-30,372539100142501,119,30,c(-100.243402, 37.42974),"1965","71-0",-100.243402,37.42974,213.5606079,"198-262"
"3035","Meade",-19.15,"Fowler",1965-06-05,372539100142501,119,30,c(-100.243402, 37.42974),"1965","71-0",-100.243402,37.42974,213.5606079,"198-262"
"3036","Meade",-19.01,"Fowler",1965-06-10,372539100142501,119,30,c(-100.243402, 37.42974),"1965","71-0",-100.243402,37.42974,213.5606079,"198-262"
"3037","Meade",-20,"Fowler",1965-06-15,372539100142501,119,30,c(-100.243402, 37.42974),"1965","71-0",-100.243402,37.42974,213.5606079,"198-262"
"3038","Meade",-20.72,"Fowler",1965-06-20,372539100142501,119,30,c(-100.243402, 37.42974),"1965","71-0",-100.243402,37.42974,213.5606079,"198-262"
"3039","Meade",-20.97,"Fowler",1965-06-25,372539100142501,119,30,c(-100.243402, 37.42974),"1965","71-0",-100.243402,37.42974,213.5606079,"198-262"
"3040","Meade",-20.9,"Fowler",1965-06-30,372539100142501,119,30,c(-100.243402, 37.42974),"1965","71-0",-100.243402,37.42974,213.5606079,"198-262"
"3041","Meade",-18.6,"Fowler",1965-07-05,372539100142501,119,30,c(-100.243402, 37.42974),"1965","71-0",-100.243402,37.42974,213.5606079,"198-262"
"3042","Meade",-17.31,"Fowler",1965-07-10,372539100142501,119,30,c(-100.243402, 37.42974),"1965","71-0",-100.243402,37.42974,213.5606079,"198-262"
"3043","Meade",-17.35,"Fowler",1965-07-15,372539100142501,119,30,c(-100.243402, 37.42974),"1965","71-0",-100.243402,37.42974,213.5606079,"198-262"
"3044","Meade",-17.33,"Fowler",1965-07-20,372539100142501,119,30,c(-100.243402, 37.42974),"1965","71-0",-100.243402,37.42974,213.5606079,"198-262"
"3045","Meade",-17.34,"Fowler",1965-07-25,372539100142501,119,30,c(-100.243402, 37.42974),"1965","71-0",-100.243402,37.42974,213.5606079,"198-262"
"3046","Meade",-17.35,"Fowler",1965-07-30,372539100142501,119,30,c(-100.243402, 37.42974),"1965","71-0",-100.243402,37.42974,213.5606079,"198-262"
"3047","Meade",-17.35,"Fowler",1965-08-05,372539100142501,119,30,c(-100.243402, 37.42974),"1965","71-0",-100.243402,37.42974,213.5606079,"198-262"
"3048","Meade",-17.35,"Fowler",1965-08-10,372539100142501,119,30,c(-100.243402, 37.42974),"1965","71-0",-100.243402,37.42974,213.5606079,"198-262"
"3049","Meade",-17.34,"Fowler",1965-08-15,372539100142501,119,30,c(-100.243402, 37.42974),"1965","71-0",-100.243402,37.42974,213.5606079,"198-262"
"3050","Meade",-23.35,"Fowler",1965-09-25,372539100142501,119,30,c(-100.243402, 37.42974),"1965","71-0",-100.243402,37.42974,213.5606079,"198-262"
"3051","Meade",-21.65,"Fowler",1965-09-30,372539100142501,119,30,c(-100.243402, 37.42974),"1965","71-0",-100.243402,37.42974,213.5606079,"198-262"
"3052","Meade",-21.36,"Fowler",1965-10-05,372539100142501,119,30,c(-100.243402, 37.42974),"1965","71-0",-100.243402,37.42974,213.5606079,"198-262"
"3053","Meade",-19.17,"Fowler",1965-10-10,372539100142501,119,30,c(-100.243402, 37.42974),"1965","71-0",-100.243402,37.42974,213.5606079,"198-262"
"3054","Meade",-19.23,"Fowler",1965-10-15,372539100142501,119,30,c(-100.243402, 37.42974),"1965","71-0",-100.243402,37.42974,213.5606079,"198-262"
"3055","Meade",-19.08,"Fowler",1965-10-20,372539100142501,119,30,c(-100.243402, 37.42974),"1965","71-0",-100.243402,37.42974,213.5606079,"198-262"
"3056","Meade",-18.76,"Fowler",1965-10-25,372539100142501,119,30,c(-100.243402, 37.42974),"1965","71-0",-100.243402,37.42974,213.5606079,"198-262"
"3057","Meade",-18.45,"Fowler",1965-10-30,372539100142501,119,30,c(-100.243402, 37.42974),"1965","71-0",-100.243402,37.42974,213.5606079,"198-262"
"3058","Meade",-18.35,"Fowler",1965-11-05,372539100142501,119,30,c(-100.243402, 37.42974),"1965","71-0",-100.243402,37.42974,213.5606079,"198-262"
"3059","Meade",-18.23,"Fowler",1965-11-10,372539100142501,119,30,c(-100.243402, 37.42974),"1965","71-0",-100.243402,37.42974,213.5606079,"198-262"
"3060","Meade",-18.1,"Fowler",1965-11-15,372539100142501,119,30,c(-100.243402, 37.42974),"1965","71-0",-100.243402,37.42974,213.5606079,"198-262"
"3061","Meade",-18.2,"Fowler",1965-11-20,372539100142501,119,30,c(-100.243402, 37.42974),"1965","71-0",-100.243402,37.42974,213.5606079,"198-262"
"3062","Meade",-18.38,"Fowler",1965-11-25,372539100142501,119,30,c(-100.243402, 37.42974),"1965","71-0",-100.243402,37.42974,213.5606079,"198-262"
"3063","Meade",-18.45,"Fowler",1965-11-30,372539100142501,119,30,c(-100.243402, 37.42974),"1965","71-0",-100.243402,37.42974,213.5606079,"198-262"
"3064","Meade",-16.92,"Fowler",1965-12-05,372539100142501,119,30,c(-100.243402, 37.42974),"1965","71-0",-100.243402,37.42974,213.5606079,"198-262"
"3065","Meade",-15.88,"Fowler",1965-12-10,372539100142501,119,30,c(-100.243402, 37.42974),"1965","71-0",-100.243402,37.42974,213.5606079,"198-262"
"3066","Meade",-17.05,"Fowler",1965-12-15,372539100142501,119,30,c(-100.243402, 37.42974),"1965","71-0",-100.243402,37.42974,213.5606079,"198-262"
"3067","Meade",-17.85,"Fowler",1965-12-20,372539100142501,119,30,c(-100.243402, 37.42974),"1965","71-0",-100.243402,37.42974,213.5606079,"198-262"
"3068","Meade",-16.5,"Fowler",1966-01-17,372539100142501,119,30,c(-100.243402, 37.42974),"1966","71-0",-100.243402,37.42974,213.5606079,"198-262"
"3069","Meade",-16.55,"Fowler",1966-03-16,372539100142501,119,30,c(-100.243402, 37.42974),"1966","71-0",-100.243402,37.42974,213.5606079,"198-262"
"3070","Meade",-36.49,"Fowler",1966-06-07,372539100142501,119,30,c(-100.243402, 37.42974),"1966","71-0",-100.243402,37.42974,213.5606079,"198-262"
"3071","Meade",-21.91,"Fowler",1966-09-13,372539100142501,119,30,c(-100.243402, 37.42974),"1966","71-0",-100.243402,37.42974,213.5606079,"198-262"
"3072","Meade",-23.11,"Fowler",1966-12-12,372539100142501,119,30,c(-100.243402, 37.42974),"1966","71-0",-100.243402,37.42974,213.5606079,"198-262"
"3073","Meade",-18.6,"Fowler",1967-01-23,372539100142501,119,30,c(-100.243402, 37.42974),"1967","71-0",-100.243402,37.42974,213.5606079,"198-262"
"3074","Meade",-30.85,"Fowler",1967-03-14,372539100142501,119,30,c(-100.243402, 37.42974),"1967","71-0",-100.243402,37.42974,213.5606079,"198-262"
"3075","Meade",-20.18,"Fowler",1968-01-15,372539100142501,119,30,c(-100.243402, 37.42974),"1968","71-0",-100.243402,37.42974,213.5606079,"198-262"
"3076","Meade",-15.78,"Fowler",1968-03-19,372539100142501,119,30,c(-100.243402, 37.42974),"1968","71-0",-100.243402,37.42974,213.5606079,"198-262"
"3077","Meade",-20.25,"Fowler",1969-01-22,372539100142501,119,30,c(-100.243402, 37.42974),"1969","71-0",-100.243402,37.42974,213.5606079,"198-262"
"3078","Meade",-19.5,"Fowler",1970-01-22,372539100142501,119,30,c(-100.243402, 37.42974),"1970","71-0",-100.243402,37.42974,213.5606079,"198-262"
"3079","Meade",-24,"Fowler",1971-01-20,372539100142501,119,30,c(-100.243402, 37.42974),"1971","71-0",-100.243402,37.42974,213.5606079,"198-262"
"3080","Meade",-23.4,"Fowler",1972-01-19,372539100142501,119,30,c(-100.243402, 37.42974),"1972","71-0",-100.243402,37.42974,213.5606079,"198-262"
"3081","Meade",-22.6,"Fowler",1973-01-24,372539100142501,119,30,c(-100.243402, 37.42974),"1973","71-0",-100.243402,37.42974,213.5606079,"198-262"
"3082","Meade",-24.29,"Fowler",1975-01-22,372539100142501,119,30,c(-100.243402, 37.42974),"1975","71-0",-100.243402,37.42974,213.5606079,"198-262"
"3083","Meade",-30.05,"Fowler",1976-01-13,372539100142501,119,30,c(-100.243402, 37.42974),"1976","71-0",-100.243402,37.42974,213.5606079,"198-262"
"3084","Meade",-38.6,"Fowler",1977-01-11,372539100142501,119,30,c(-100.243402, 37.42974),"1977","71-0",-100.243402,37.42974,213.5606079,"198-262"
"3085","Meade",-34.23,"Fowler",1978-01-19,372539100142501,119,30,c(-100.243402, 37.42974),"1978","71-0",-100.243402,37.42974,213.5606079,"198-262"
"3086","Meade",-38.43,"Fowler",1980-01-18,372539100142501,119,30,c(-100.243402, 37.42974),"1980","71-0",-100.243402,37.42974,213.5606079,"198-262"
"3087","Meade",-42.9,"Fowler",1981-01-13,372539100142501,119,30,c(-100.243402, 37.42974),"1981","71-0",-100.243402,37.42974,213.5606079,"198-262"
"3088","Meade",-39.78,"Fowler",1982-01-14,372539100142501,119,30,c(-100.243402, 37.42974),"1982","71-0",-100.243402,37.42974,213.5606079,"198-262"
"3089","Meade",-44.04,"Fowler",1983-01-07,372539100142501,119,30,c(-100.243402, 37.42974),"1983","71-0",-100.243402,37.42974,213.5606079,"198-262"
"3090","Meade",-42.65,"Fowler",1984-01-11,372539100142501,119,30,c(-100.243402, 37.42974),"1984","71-0",-100.243402,37.42974,213.5606079,"198-262"
"3091","Meade",-41.44,"Fowler",1985-01-15,372539100142501,119,30,c(-100.243402, 37.42974),"1985","71-0",-100.243402,37.42974,213.5606079,"198-262"
"3092","Meade",-42.03,"Fowler",1986-01-07,372539100142501,119,30,c(-100.243402, 37.42974),"1986","71-0",-100.243402,37.42974,213.5606079,"198-262"
"3093","Meade",-44.42,"Fowler",1987-01-07,372539100142501,119,30,c(-100.243402, 37.42974),"1987","71-0",-100.243402,37.42974,213.5606079,"198-262"
"3094","Meade",-104,NA,1965-01-01,372738100283901,119,30,c(-100.478196, 37.461114),"1965","143-72",-100.478196,37.461114,257.358429,"198-262"
"3095","Meade",-104.05,NA,1965-01-05,372738100283901,119,30,c(-100.478196, 37.461114),"1965","143-72",-100.478196,37.461114,257.358429,"198-262"
"3096","Meade",-107.44,NA,1966-01-17,372738100283901,119,30,c(-100.478196, 37.461114),"1966","143-72",-100.478196,37.461114,257.358429,"198-262"
"3097","Meade",-105,NA,1967-01-23,372738100283901,119,30,c(-100.478196, 37.461114),"1967","143-72",-100.478196,37.461114,257.358429,"198-262"
"3098","Meade",-105.5,NA,1968-01-23,372738100283901,119,30,c(-100.478196, 37.461114),"1968","143-72",-100.478196,37.461114,257.358429,"198-262"
"3099","Meade",-107.07,NA,1969-01-23,372738100283901,119,30,c(-100.478196, 37.461114),"1969","143-72",-100.478196,37.461114,257.358429,"198-262"
"3100","Meade",-107.68,NA,1970-01-21,372738100283901,119,30,c(-100.478196, 37.461114),"1970","143-72",-100.478196,37.461114,257.358429,"198-262"
"3101","Meade",-110.05,NA,1972-01-19,372738100283901,119,30,c(-100.478196, 37.461114),"1972","143-72",-100.478196,37.461114,257.358429,"198-262"
"3102","Meade",-110.05,NA,1973-01-24,372738100283901,119,30,c(-100.478196, 37.461114),"1973","143-72",-100.478196,37.461114,257.358429,"198-262"
"3103","Meade",-111.7,NA,1974-01-24,372738100283901,119,30,c(-100.478196, 37.461114),"1974","143-72",-100.478196,37.461114,257.358429,"198-262"
"3104","Meade",-113.24,NA,1975-01-22,372738100283901,119,30,c(-100.478196, 37.461114),"1975","143-72",-100.478196,37.461114,257.358429,"198-262"
"3105","Meade",-116.08,NA,1976-01-14,372738100283901,119,30,c(-100.478196, 37.461114),"1976","143-72",-100.478196,37.461114,257.358429,"198-262"
"3106","Meade",-117.99,NA,1977-01-12,372738100283901,119,30,c(-100.478196, 37.461114),"1977","143-72",-100.478196,37.461114,257.358429,"198-262"
"3107","Meade",-122.28,NA,1978-01-19,372738100283901,119,30,c(-100.478196, 37.461114),"1978","143-72",-100.478196,37.461114,257.358429,"198-262"
"3108","Meade",-128.1,NA,1980-01-15,372738100283901,119,30,c(-100.478196, 37.461114),"1980","143-72",-100.478196,37.461114,257.358429,"198-262"
"3109","Meade",-129.24,NA,1980-01-18,372738100283901,119,30,c(-100.478196, 37.461114),"1980","143-72",-100.478196,37.461114,257.358429,"198-262"
"3110","Meade",-130.77,NA,1981-01-14,372738100283901,119,30,c(-100.478196, 37.461114),"1981","143-72",-100.478196,37.461114,257.358429,"198-262"
"3111","Meade",-131.01,NA,1982-01-14,372738100283901,119,30,c(-100.478196, 37.461114),"1982","143-72",-100.478196,37.461114,257.358429,"198-262"
"3112","Meade",-136.4,NA,1983-01-05,372738100283901,119,30,c(-100.478196, 37.461114),"1983","143-72",-100.478196,37.461114,257.358429,"198-262"
"3113","Meade",-137.64,NA,1984-01-11,372738100283901,119,30,c(-100.478196, 37.461114),"1984","143-72",-100.478196,37.461114,257.358429,"198-262"
"3114","Meade",-154,"Plains NW",1965-01-01,372740100390101,119,30,c(-100.652434, 37.460604),"1965","215-144",-100.652434,37.460604,222.3976135,"198-262"
"3115","Meade",-154.42,"Plains NW",1965-01-28,372740100390101,119,30,c(-100.652434, 37.460604),"1965","215-144",-100.652434,37.460604,222.3976135,"198-262"
"3116","Meade",-158.1,"Plains NW",1966-01-17,372740100390101,119,30,c(-100.652434, 37.460604),"1966","215-144",-100.652434,37.460604,222.3976135,"198-262"
"3117","Meade",-155.4,"Plains NW",1967-01-23,372740100390101,119,30,c(-100.652434, 37.460604),"1967","215-144",-100.652434,37.460604,222.3976135,"198-262"
"3118","Meade",-156.98,"Plains NW",1968-01-15,372740100390101,119,30,c(-100.652434, 37.460604),"1968","215-144",-100.652434,37.460604,222.3976135,"198-262"
"3119","Meade",-161.87,"Plains NW",1969-01-23,372740100390101,119,30,c(-100.652434, 37.460604),"1969","215-144",-100.652434,37.460604,222.3976135,"198-262"
"3120","Meade",-162.1,"Plains NW",1970-01-21,372740100390101,119,30,c(-100.652434, 37.460604),"1970","215-144",-100.652434,37.460604,222.3976135,"198-262"
"3121","Meade",-196,"Plains NW",1984-09-05,372740100390101,119,30,c(-100.652434, 37.460604),"1984","215-144",-100.652434,37.460604,222.3976135,"198-262"
"3122","Meade",-185.83,"Plains NW",1985-01-16,372740100390101,119,30,c(-100.652434, 37.460604),"1985","215-144",-100.652434,37.460604,222.3976135,"198-262"
"3123","Meade",-199.53,"Plains NW",1986-01-07,372740100390101,119,30,c(-100.652434, 37.460604),"1986","215-144",-100.652434,37.460604,222.3976135,"198-262"
"3124","Meade",-201.29,"Plains NW",1987-01-07,372740100390101,119,30,c(-100.652434, 37.460604),"1987","215-144",-100.652434,37.460604,222.3976135,"198-262"
"3125","Meade",-207.4,"Plains NW",1989-01-11,372740100390101,119,30,c(-100.652434, 37.460604),"1989","215-144",-100.652434,37.460604,222.3976135,"198-262"
"3126","Meade",-210.93,"Plains NW",1990-01-09,372740100390101,119,30,c(-100.652434, 37.460604),"1990","215-144",-100.652434,37.460604,222.3976135,"198-262"
"3127","Meade",-213,"Plains NW",1991-01-13,372740100390101,119,30,c(-100.652434, 37.460604),"1991","215-144",-100.652434,37.460604,222.3976135,"198-262"
"3128","Meade",-217.09,"Plains NW",1992-01-16,372740100390101,119,30,c(-100.652434, 37.460604),"1992","287-216",-100.652434,37.460604,222.3976135,"198-262"
"3129","Meade",-219.25,"Plains NW",1993-02-04,372740100390101,119,30,c(-100.652434, 37.460604),"1993","287-216",-100.652434,37.460604,222.3976135,"198-262"
"3130","Meade",-221.42,"Plains NW",1994-01-11,372740100390101,119,30,c(-100.652434, 37.460604),"1994","287-216",-100.652434,37.460604,222.3976135,"198-262"
"3131","Meade",-223.69,"Plains NW",1995-01-19,372740100390101,119,30,c(-100.652434, 37.460604),"1995","287-216",-100.652434,37.460604,222.3976135,"198-262"
"3132","Meade",-226.58,"Plains NW",1996-01-19,372740100390101,119,30,c(-100.652434, 37.460604),"1996","287-216",-100.652434,37.460604,222.3976135,"198-262"
"3133","Meade",-228.79,"Plains NW",1997-01-08,372740100390101,119,30,c(-100.652434, 37.460604),"1997","287-216",-100.652434,37.460604,222.3976135,"198-262"
"3134","Meade",-229.39,"Plains NW",1998-01-07,372740100390101,119,30,c(-100.652434, 37.460604),"1998","287-216",-100.652434,37.460604,222.3976135,"198-262"
"3135","Meade",-229.21,"Plains NW",1998-01-25,372740100390101,119,30,c(-100.652434, 37.460604),"1998","287-216",-100.652434,37.460604,222.3976135,"198-262"
"3136","Meade",-232.7,"Plains NW",1999-01-06,372740100390101,119,30,c(-100.652434, 37.460604),"1999","287-216",-100.652434,37.460604,222.3976135,"198-262"
"3137","Meade",-234.79,"Plains NW",2000-01-07,372740100390101,119,30,c(-100.652434, 37.460604),"2000","287-216",-100.652434,37.460604,222.3976135,"198-262"
"3138","Meade",-237.69,"Plains NW",2001-01-05,372740100390101,119,30,c(-100.652434, 37.460604),"2001","287-216",-100.652434,37.460604,222.3976135,"198-262"
"3139","Meade",-240.61,"Plains NW",2002-01-06,372740100390101,119,30,c(-100.652434, 37.460604),"2002","287-216",-100.652434,37.460604,222.3976135,"198-262"
"3140","Meade",-244.98,"Plains NW",2003-01-09,372740100390101,119,30,c(-100.652434, 37.460604),"2003","287-216",-100.652434,37.460604,222.3976135,"198-262"
"3141","Meade",-133,"Plains NE",1959-01-01,372455100301701,119,30,c(-100.506629, 37.416173),"1959","143-72",-100.506629,37.416173,310.5223999,"263-328"
"3142","Meade",-132.58,"Plains NE",1959-01-06,372455100301701,119,30,c(-100.506629, 37.416173),"1959","143-72",-100.506629,37.416173,310.5223999,"263-328"
"3143","Meade",-132.44,"Plains NE",1960-01-08,372455100301701,119,30,c(-100.506629, 37.416173),"1960","143-72",-100.506629,37.416173,310.5223999,"263-328"
"3144","Meade",-132.84,"Plains NE",1961-01-04,372455100301701,119,30,c(-100.506629, 37.416173),"1961","143-72",-100.506629,37.416173,310.5223999,"263-328"
"3145","Meade",-133.78,"Plains NE",1962-01-15,372455100301701,119,30,c(-100.506629, 37.416173),"1962","143-72",-100.506629,37.416173,310.5223999,"263-328"
"3146","Meade",-133.14,"Plains NE",1963-01-09,372455100301701,119,30,c(-100.506629, 37.416173),"1963","143-72",-100.506629,37.416173,310.5223999,"263-328"
"3147","Meade",-133.89,"Plains NE",1964-01-14,372455100301701,119,30,c(-100.506629, 37.416173),"1964","143-72",-100.506629,37.416173,310.5223999,"263-328"
"3148","Meade",-137.89,"Plains NE",1966-01-05,372455100301701,119,30,c(-100.506629, 37.416173),"1966","143-72",-100.506629,37.416173,310.5223999,"263-328"
"3149","Meade",-135.65,"Plains NE",1967-01-23,372455100301701,119,30,c(-100.506629, 37.416173),"1967","143-72",-100.506629,37.416173,310.5223999,"263-328"
"3150","Meade",-136.25,"Plains NE",1968-01-15,372455100301701,119,30,c(-100.506629, 37.416173),"1968","143-72",-100.506629,37.416173,310.5223999,"263-328"
"3151","Meade",-137.22,"Plains NE",1969-01-23,372455100301701,119,30,c(-100.506629, 37.416173),"1969","143-72",-100.506629,37.416173,310.5223999,"263-328"
"3152","Meade",-137.62,"Plains NE",1970-01-21,372455100301701,119,30,c(-100.506629, 37.416173),"1970","143-72",-100.506629,37.416173,310.5223999,"263-328"
"3153","Meade",-143.05,"Plains NE",1971-01-20,372455100301701,119,30,c(-100.506629, 37.416173),"1971","143-72",-100.506629,37.416173,310.5223999,"263-328"
"3154","Meade",-144.75,"Plains NE",1972-01-19,372455100301701,119,30,c(-100.506629, 37.416173),"1972","215-144",-100.506629,37.416173,310.5223999,"263-328"
"3155","Meade",-145.93,"Plains NE",1973-01-24,372455100301701,119,30,c(-100.506629, 37.416173),"1973","215-144",-100.506629,37.416173,310.5223999,"263-328"
"3156","Meade",-145.95,"Plains NE",1974-01-15,372455100301701,119,30,c(-100.506629, 37.416173),"1974","215-144",-100.506629,37.416173,310.5223999,"263-328"
"3157","Meade",-146.62,"Plains NE",1975-01-22,372455100301701,119,30,c(-100.506629, 37.416173),"1975","215-144",-100.506629,37.416173,310.5223999,"263-328"
"3158","Meade",-150.86,"Plains NE",1976-01-14,372455100301701,119,30,c(-100.506629, 37.416173),"1976","215-144",-100.506629,37.416173,310.5223999,"263-328"
"3159","Meade",-154.82,"Plains NE",1977-01-12,372455100301701,119,30,c(-100.506629, 37.416173),"1977","215-144",-100.506629,37.416173,310.5223999,"263-328"
"3160","Meade",-158.85,"Plains NE",1978-01-19,372455100301701,119,30,c(-100.506629, 37.416173),"1978","215-144",-100.506629,37.416173,310.5223999,"263-328"
"3161","Meade",-158.84,"Plains NE",1979-02-02,372455100301701,119,30,c(-100.506629, 37.416173),"1979","215-144",-100.506629,37.416173,310.5223999,"263-328"
"3162","Meade",-165.1,"Plains NE",1980-01-15,372455100301701,119,30,c(-100.506629, 37.416173),"1980","215-144",-100.506629,37.416173,310.5223999,"263-328"
"3163","Meade",-165.7,"Plains NE",1980-01-18,372455100301701,119,30,c(-100.506629, 37.416173),"1980","215-144",-100.506629,37.416173,310.5223999,"263-328"
"3164","Meade",-167.98,"Plains NE",1981-01-14,372455100301701,119,30,c(-100.506629, 37.416173),"1981","215-144",-100.506629,37.416173,310.5223999,"263-328"
"3165","Meade",-172.04,"Plains NE",1982-01-14,372455100301701,119,30,c(-100.506629, 37.416173),"1982","215-144",-100.506629,37.416173,310.5223999,"263-328"
"3166","Meade",-174.65,"Plains NE",1983-01-05,372455100301701,119,30,c(-100.506629, 37.416173),"1983","215-144",-100.506629,37.416173,310.5223999,"263-328"
"3167","Meade",-175.49,"Plains NE",1984-01-11,372455100301701,119,30,c(-100.506629, 37.416173),"1984","215-144",-100.506629,37.416173,310.5223999,"263-328"
"3168","Meade",-175.16,"Plains NE",1985-01-16,372455100301701,119,30,c(-100.506629, 37.416173),"1985","215-144",-100.506629,37.416173,310.5223999,"263-328"
"3169","Meade",-176.2,"Plains NE",1986-01-07,372455100301701,119,30,c(-100.506629, 37.416173),"1986","215-144",-100.506629,37.416173,310.5223999,"263-328"
"3170","Meade",-175.83,"Plains NE",1987-01-07,372455100301701,119,30,c(-100.506629, 37.416173),"1987","215-144",-100.506629,37.416173,310.5223999,"263-328"
"3171","Meade",-177.18,"Plains NE",1988-01-06,372455100301701,119,30,c(-100.506629, 37.416173),"1988","215-144",-100.506629,37.416173,310.5223999,"263-328"
"3172","Meade",-186.8,"Plains NE",1989-01-11,372455100301701,119,30,c(-100.506629, 37.416173),"1989","215-144",-100.506629,37.416173,310.5223999,"263-328"
"3173","Meade",-189.81,"Plains NE",1990-01-09,372455100301701,119,30,c(-100.506629, 37.416173),"1990","215-144",-100.506629,37.416173,310.5223999,"263-328"
"3174","Meade",-191,"Plains NE",1991-01-13,372455100301701,119,30,c(-100.506629, 37.416173),"1991","215-144",-100.506629,37.416173,310.5223999,"263-328"
"3175","Meade",-194.55,"Plains NE",1992-01-15,372455100301701,119,30,c(-100.506629, 37.416173),"1992","215-144",-100.506629,37.416173,310.5223999,"263-328"
"3176","Meade",-197.07,"Plains NE",1994-01-11,372455100301701,119,30,c(-100.506629, 37.416173),"1994","215-144",-100.506629,37.416173,310.5223999,"263-328"
"3177","Meade",-198.88,"Plains NE",1995-01-17,372455100301701,119,30,c(-100.506629, 37.416173),"1995","215-144",-100.506629,37.416173,310.5223999,"263-328"
"3178","Meade",-200.83,"Plains NE",1996-01-19,372455100301701,119,30,c(-100.506629, 37.416173),"1996","215-144",-100.506629,37.416173,310.5223999,"263-328"
"3179","Meade",-201.96,"Plains NE",1997-01-08,372455100301701,119,30,c(-100.506629, 37.416173),"1997","215-144",-100.506629,37.416173,310.5223999,"263-328"
"3180","Meade",-203.99,"Plains NE",1998-01-07,372455100301701,119,30,c(-100.506629, 37.416173),"1998","215-144",-100.506629,37.416173,310.5223999,"263-328"
"3181","Meade",-205.84,"Plains NE",1999-01-06,372455100301701,119,30,c(-100.506629, 37.416173),"1999","215-144",-100.506629,37.416173,310.5223999,"263-328"
"3182","Meade",-208.01,"Plains NE",2000-01-07,372455100301701,119,30,c(-100.506629, 37.416173),"2000","215-144",-100.506629,37.416173,310.5223999,"263-328"
"3183","Meade",-209.62,"Plains NE",2001-01-06,372455100301701,119,30,c(-100.506629, 37.416173),"2001","215-144",-100.506629,37.416173,310.5223999,"263-328"
"3184","Meade",-210,"Plains NE",2001-01-07,372455100301701,119,30,c(-100.506629, 37.416173),"2001","215-144",-100.506629,37.416173,310.5223999,"263-328"
"3185","Meade",-212.3,"Plains NE",2002-01-07,372455100301701,119,30,c(-100.506629, 37.416173),"2002","215-144",-100.506629,37.416173,310.5223999,"263-328"
"3186","Meade",-215.33,"Plains NE",2003-01-10,372455100301701,119,30,c(-100.506629, 37.416173),"2003","215-144",-100.506629,37.416173,310.5223999,"263-328"
"3187","Meade",-218.1,"Plains NE",2004-01-06,372455100301701,119,30,c(-100.506629, 37.416173),"2004","287-216",-100.506629,37.416173,310.5223999,"263-328"
"3188","Meade",-218.92,"Plains NE",2005-01-12,372455100301701,119,30,c(-100.506629, 37.416173),"2005","287-216",-100.506629,37.416173,310.5223999,"263-328"
"3189","Meade",-221.72,"Plains NE",2006-01-08,372455100301701,119,30,c(-100.506629, 37.416173),"2006","287-216",-100.506629,37.416173,310.5223999,"263-328"
"3190","Meade",-223.75,"Plains NE",2007-01-23,372455100301701,119,30,c(-100.506629, 37.416173),"2007","287-216",-100.506629,37.416173,310.5223999,"263-328"
"3191","Meade",-225.54,"Plains NE",2008-01-07,372455100301701,119,30,c(-100.506629, 37.416173),"2008","287-216",-100.506629,37.416173,310.5223999,"263-328"
"3192","Meade",-227.65,"Plains NE",2009-01-08,372455100301701,119,30,c(-100.506629, 37.416173),"2009","287-216",-100.506629,37.416173,310.5223999,"263-328"
"3193","Meade",-224.71,"Plains NE",2010-01-05,372455100301701,119,30,c(-100.506629, 37.416173),"2010","287-216",-100.506629,37.416173,310.5223999,"263-328"
"3194","Meade",-224.73,"Plains NE",2011-01-07,372455100301701,119,30,c(-100.506629, 37.416173),"2011","287-216",-100.506629,37.416173,310.5223999,"263-328"
"3195","Meade",-221.72,"Plains NE",2012-01-18,372455100301701,119,30,c(-100.506629, 37.416173),"2012","287-216",-100.506629,37.416173,310.5223999,"263-328"
"3196","Meade",-222.95,"Plains NE",2012-02-21,372455100301701,119,30,c(-100.506629, 37.416173),"2012","287-216",-100.506629,37.416173,310.5223999,"263-328"
"3197","Meade",-219.65,"Plains NE",2013-01-06,372455100301701,119,30,c(-100.506629, 37.416173),"2013","287-216",-100.506629,37.416173,310.5223999,"263-328"
"3198","Meade",-224.05,"Plains NE",2014-01-05,372455100301701,119,30,c(-100.506629, 37.416173),"2014","287-216",-100.506629,37.416173,310.5223999,"263-328"
"3199","Meade",-217.35,"Plains NE",2015-01-05,372455100301701,119,30,c(-100.506629, 37.416173),"2015","287-216",-100.506629,37.416173,310.5223999,"263-328"
"3200","Meade",-218.8,"Plains NE",2016-01-05,372455100301701,119,30,c(-100.506629, 37.416173),"2016","287-216",-100.506629,37.416173,310.5223999,"263-328"
"3201","Meade",-218.02,"Plains NE",2017-01-06,372455100301701,119,30,c(-100.506629, 37.416173),"2017","287-216",-100.506629,37.416173,310.5223999,"263-328"
"3202","Meade",-217.87,"Plains NE",2018-01-05,372455100301701,119,30,c(-100.506629, 37.416173),"2018","287-216",-100.506629,37.416173,310.5223999,"263-328"
"3203","Meade",-218.99,"Plains NE",2019-01-05,372455100301701,119,30,c(-100.506629, 37.416173),"2019","287-216",-100.506629,37.416173,310.5223999,"263-328"
"3204","Meade",-220.2,"Plains NE",2020-01-05,372455100301701,119,30,c(-100.506629, 37.416173),"2020","287-216",-100.506629,37.416173,310.5223999,"263-328"
"3205","Meade",-223.18,"Plains NE",2021-01-07,372455100301701,119,30,c(-100.506629, 37.416173),"2021","287-216",-100.506629,37.416173,310.5223999,"263-328"
"3206","Meade",-224.25,"Plains NE",2022-01-06,372455100301701,119,30,c(-100.506629, 37.416173),"2022","287-216",-100.506629,37.416173,310.5223999,"263-328"
"3207","Meade",-163.64,NA,1965-01-28,371302100331402,119,32,c(-100.554491, 37.217934),"1965","215-144",-100.554491,37.217934,266.6624756,"263-328"
"3208","Meade",-175.5,NA,1966-01-17,371302100331402,119,32,c(-100.554491, 37.217934),"1966","215-144",-100.554491,37.217934,266.6624756,"263-328"
"3209","Meade",-165.6,NA,1967-01-23,371302100331402,119,32,c(-100.554491, 37.217934),"1967","215-144",-100.554491,37.217934,266.6624756,"263-328"
"3210","Meade",-167.15,NA,1968-01-15,371302100331402,119,32,c(-100.554491, 37.217934),"1968","215-144",-100.554491,37.217934,266.6624756,"263-328"
"3211","Meade",-169.3,NA,1969-01-22,371302100331402,119,32,c(-100.554491, 37.217934),"1969","215-144",-100.554491,37.217934,266.6624756,"263-328"
"3212","Meade",-167.35,NA,1970-01-22,371302100331402,119,32,c(-100.554491, 37.217934),"1970","215-144",-100.554491,37.217934,266.6624756,"263-328"
"3213","Meade",-169.42,NA,1971-01-20,371302100331402,119,32,c(-100.554491, 37.217934),"1971","215-144",-100.554491,37.217934,266.6624756,"263-328"
"3214","Meade",-171.26,NA,1973-01-22,371302100331402,119,32,c(-100.554491, 37.217934),"1973","215-144",-100.554491,37.217934,266.6624756,"263-328"
"3215","Meade",-171.68,NA,1974-01-15,371302100331402,119,32,c(-100.554491, 37.217934),"1974","215-144",-100.554491,37.217934,266.6624756,"263-328"
"3216","Meade",-172.47,NA,1975-01-23,371302100331402,119,32,c(-100.554491, 37.217934),"1975","215-144",-100.554491,37.217934,266.6624756,"263-328"
"3217","Meade",-175.23,NA,1976-01-12,371302100331402,119,32,c(-100.554491, 37.217934),"1976","215-144",-100.554491,37.217934,266.6624756,"263-328"
"3218","Meade",-190.6,NA,1978-01-19,371302100331402,119,32,c(-100.554491, 37.217934),"1978","215-144",-100.554491,37.217934,266.6624756,"263-328"
"3219","Meade",-191.72,NA,1979-02-02,371302100331402,119,32,c(-100.554491, 37.217934),"1979","215-144",-100.554491,37.217934,266.6624756,"263-328"
"3220","Meade",-192.15,NA,1980-01-16,371302100331402,119,32,c(-100.554491, 37.217934),"1980","215-144",-100.554491,37.217934,266.6624756,"263-328"
"3221","Meade",-182.35,NA,1981-01-13,371302100331402,119,32,c(-100.554491, 37.217934),"1981","215-144",-100.554491,37.217934,266.6624756,"263-328"
"3222","Meade",-94.39,"Fowler SW",1975-01-22,371931100115501,119,31,c(-100.199719, 37.328894),"1975","143-72",-100.199719,37.328894,107.1641388,"66-131"
"3223","Meade",-95.14,"Fowler SW",1977-01-11,371931100115501,119,31,c(-100.199719, 37.328894),"1977","143-72",-100.199719,37.328894,107.1641388,"66-131"
"3224","Meade",-99.85,"Fowler SW",1980-01-18,371931100115501,119,31,c(-100.199719, 37.328894),"1980","143-72",-100.199719,37.328894,107.1641388,"66-131"
"3225","Meade",-100.14,"Fowler SW",1981-01-13,371931100115501,119,31,c(-100.199719, 37.328894),"1981","143-72",-100.199719,37.328894,107.1641388,"66-131"
"3226","Meade",-101.52,"Fowler SW",1982-01-14,371931100115501,119,31,c(-100.199719, 37.328894),"1982","143-72",-100.199719,37.328894,107.1641388,"66-131"
"3227","Meade",-102.52,"Fowler SW",1983-01-06,371931100115501,119,31,c(-100.199719, 37.328894),"1983","143-72",-100.199719,37.328894,107.1641388,"66-131"
"3228","Meade",-102.5,"Fowler SW",1985-01-15,371931100115501,119,31,c(-100.199719, 37.328894),"1985","143-72",-100.199719,37.328894,107.1641388,"66-131"
"3229","Meade",-102.06,"Fowler SW",1986-01-07,371931100115501,119,31,c(-100.199719, 37.328894),"1986","143-72",-100.199719,37.328894,107.1641388,"66-131"
"3230","Meade",-102.02,"Fowler SW",1987-01-07,371931100115501,119,31,c(-100.199719, 37.328894),"1987","143-72",-100.199719,37.328894,107.1641388,"66-131"
"3231","Meade",-103.57,"Fowler SW",1988-01-06,371931100115501,119,31,c(-100.199719, 37.328894),"1988","143-72",-100.199719,37.328894,107.1641388,"66-131"
"3232","Meade",-105.26,"Fowler SW",1989-01-10,371931100115501,119,31,c(-100.199719, 37.328894),"1989","143-72",-100.199719,37.328894,107.1641388,"66-131"
"3233","Meade",-104.81,"Fowler SW",1990-01-10,371931100115501,119,31,c(-100.199719, 37.328894),"1990","143-72",-100.199719,37.328894,107.1641388,"66-131"
"3234","Meade",-105.24,"Fowler SW",1991-01-11,371931100115501,119,31,c(-100.199719, 37.328894),"1991","143-72",-100.199719,37.328894,107.1641388,"66-131"
"3235","Meade",-106.27,"Fowler SW",1992-01-14,371931100115501,119,31,c(-100.199719, 37.328894),"1992","143-72",-100.199719,37.328894,107.1641388,"66-131"
"3236","Meade",-106.85,"Fowler SW",1993-02-04,371931100115501,119,31,c(-100.199719, 37.328894),"1993","143-72",-100.199719,37.328894,107.1641388,"66-131"
"3237","Meade",-107.24,"Fowler SW",1994-01-11,371931100115501,119,31,c(-100.199719, 37.328894),"1994","143-72",-100.199719,37.328894,107.1641388,"66-131"
"3238","Meade",-107.91,"Fowler SW",1995-01-18,371931100115501,119,31,c(-100.199719, 37.328894),"1995","143-72",-100.199719,37.328894,107.1641388,"66-131"
"3239","Meade",-108.01,"Fowler SW",1997-01-08,371931100115501,119,31,c(-100.199719, 37.328894),"1997","143-72",-100.199719,37.328894,107.1641388,"66-131"
"3240","Meade",-104.93,"Fowler SW",1998-01-25,371931100115501,119,31,c(-100.199719, 37.328894),"1998","143-72",-100.199719,37.328894,107.1641388,"66-131"
"3241","Meade",-101.71,"Fowler SW",1999-01-06,371931100115501,119,31,c(-100.199719, 37.328894),"1999","143-72",-100.199719,37.328894,107.1641388,"66-131"
"3242","Meade",-102.88,"Fowler SW",2000-01-07,371931100115501,119,31,c(-100.199719, 37.328894),"2000","143-72",-100.199719,37.328894,107.1641388,"66-131"
"3243","Meade",-103.3,"Fowler SW",2001-01-06,371931100115501,119,31,c(-100.199719, 37.328894),"2001","143-72",-100.199719,37.328894,107.1641388,"66-131"
"3244","Meade",-103.88,"Fowler SW",2002-01-07,371931100115501,119,31,c(-100.199719, 37.328894),"2002","143-72",-100.199719,37.328894,107.1641388,"66-131"
"3245","Meade",-105.23,"Fowler SW",2003-01-10,371931100115501,119,31,c(-100.199719, 37.328894),"2003","143-72",-100.199719,37.328894,107.1641388,"66-131"
"3246","Meade",-105.74,"Fowler SW",2004-01-06,371931100115501,119,31,c(-100.199719, 37.328894),"2004","143-72",-100.199719,37.328894,107.1641388,"66-131"
"3247","Meade",-105.88,"Fowler SW",2005-01-12,371931100115501,119,31,c(-100.199719, 37.328894),"2005","143-72",-100.199719,37.328894,107.1641388,"66-131"
"3248","Meade",-105.8,"Fowler SW",2006-01-08,371931100115501,119,31,c(-100.199719, 37.328894),"2006","143-72",-100.199719,37.328894,107.1641388,"66-131"
"3249","Meade",-106.66,"Fowler SW",2007-01-23,371931100115501,119,31,c(-100.199719, 37.328894),"2007","143-72",-100.199719,37.328894,107.1641388,"66-131"
"3250","Meade",-106.95,"Fowler SW",2009-01-08,371931100115501,119,31,c(-100.199719, 37.328894),"2009","143-72",-100.199719,37.328894,107.1641388,"66-131"
"3251","Meade",-108.53,"Fowler SW",2010-01-05,371931100115501,119,31,c(-100.199719, 37.328894),"2010","143-72",-100.199719,37.328894,107.1641388,"66-131"
"3252","Meade",-109.03,"Fowler SW",2011-01-07,371931100115501,119,31,c(-100.199719, 37.328894),"2011","143-72",-100.199719,37.328894,107.1641388,"66-131"
"3253","Meade",-111.72,"Fowler SW",2012-01-06,371931100115501,119,31,c(-100.199719, 37.328894),"2012","143-72",-100.199719,37.328894,107.1641388,"66-131"
"3254","Meade",-113,"Fowler SW",2013-01-06,371931100115501,119,31,c(-100.199719, 37.328894),"2013","143-72",-100.199719,37.328894,107.1641388,"66-131"
"3255","Meade",-114.23,"Fowler SW",2014-01-05,371931100115501,119,31,c(-100.199719, 37.328894),"2014","143-72",-100.199719,37.328894,107.1641388,"66-131"
"3256","Meade",-115.51,"Fowler SW",2015-01-05,371931100115501,119,31,c(-100.199719, 37.328894),"2015","143-72",-100.199719,37.328894,107.1641388,"66-131"
"3257","Meade",-115.77,"Fowler SW",2016-01-05,371931100115501,119,31,c(-100.199719, 37.328894),"2016","143-72",-100.199719,37.328894,107.1641388,"66-131"
"3258","Meade",-112.2,"Fowler SW",2017-01-06,371931100115501,119,31,c(-100.199719, 37.328894),"2017","143-72",-100.199719,37.328894,107.1641388,"66-131"
"3259","Meade",-115.23,"Fowler SW",2018-01-05,371931100115501,119,31,c(-100.199719, 37.328894),"2018","143-72",-100.199719,37.328894,107.1641388,"66-131"
"3260","Meade",-116.35,"Fowler SW",2019-01-05,371931100115501,119,31,c(-100.199719, 37.328894),"2019","143-72",-100.199719,37.328894,107.1641388,"66-131"
"3261","Meade",-115.75,"Fowler SW",2020-01-05,371931100115501,119,31,c(-100.199719, 37.328894),"2020","143-72",-100.199719,37.328894,107.1641388,"66-131"
"3262","Meade",-116.28,"Fowler SW",2021-01-07,371931100115501,119,31,c(-100.199719, 37.328894),"2021","143-72",-100.199719,37.328894,107.1641388,"66-131"
"3263","Meade",-116.5,"Fowler SW",2022-01-06,371931100115501,119,31,c(-100.199719, 37.328894),"2022","143-72",-100.199719,37.328894,107.1641388,"66-131"
"3264","Meade",-117,"Fowler SW",2023-01-06,371931100115501,119,31,c(-100.199719, 37.328894),"2023","143-72",-100.199719,37.328894,107.1641388,"66-131"
"3265","Meade",-119.35,"Fowler SW",2024-01-05,371931100115501,119,31,c(-100.199719, 37.328894),"2024","143-72",-100.199719,37.328894,107.1641388,"66-131"
"3266","Meade",-131,NA,1964-01-01,372201100245401,119,31,c(-100.415511, 37.368157),"1964","143-72",-100.415511,37.368157,247.1419678,"198-262"
"3267","Meade",-130.77,NA,1964-01-04,372201100245401,119,31,c(-100.415511, 37.368157),"1964","143-72",-100.415511,37.368157,247.1419678,"198-262"
"3268","Meade",-130.69,NA,1965-01-28,372201100245401,119,31,c(-100.415511, 37.368157),"1965","143-72",-100.415511,37.368157,247.1419678,"198-262"
"3269","Meade",-131.22,NA,1966-01-17,372201100245401,119,31,c(-100.415511, 37.368157),"1966","143-72",-100.415511,37.368157,247.1419678,"198-262"
"3270","Meade",-132.5,NA,1967-01-23,372201100245401,119,31,c(-100.415511, 37.368157),"1967","143-72",-100.415511,37.368157,247.1419678,"198-262"
"3271","Meade",-134.47,NA,1968-01-15,372201100245401,119,31,c(-100.415511, 37.368157),"1968","143-72",-100.415511,37.368157,247.1419678,"198-262"
"3272","Meade",-136.23,NA,1969-01-22,372201100245401,119,31,c(-100.415511, 37.368157),"1969","143-72",-100.415511,37.368157,247.1419678,"198-262"
"3273","Meade",-136.95,NA,1970-01-22,372201100245401,119,31,c(-100.415511, 37.368157),"1970","143-72",-100.415511,37.368157,247.1419678,"198-262"
"3274","Meade",-55.99,"MEADE NE",1985-01-15,372539100171401,119,30,c(-100.293222, 37.431043),"1985","71-0",-100.293222,37.431043,275.1880493,"263-328"
"3275","Meade",-56.8,"MEADE NE",1986-01-07,372539100171401,119,30,c(-100.293222, 37.431043),"1986","71-0",-100.293222,37.431043,275.1880493,"263-328"
"3276","Meade",-60.39,"MEADE NE",1987-01-07,372539100171401,119,30,c(-100.293222, 37.431043),"1987","71-0",-100.293222,37.431043,275.1880493,"263-328"
"3277","Meade",-62.69,"MEADE NE",1988-01-06,372539100171401,119,30,c(-100.293222, 37.431043),"1988","71-0",-100.293222,37.431043,275.1880493,"263-328"
"3278","Meade",-71.25,"MEADE NE",1989-01-10,372539100171401,119,30,c(-100.293222, 37.431043),"1989","71-0",-100.293222,37.431043,275.1880493,"263-328"
"3279","Meade",-69.3,"MEADE NE",1990-01-10,372539100171401,119,30,c(-100.293222, 37.431043),"1990","71-0",-100.293222,37.431043,275.1880493,"263-328"
"3280","Meade",-74.16,"MEADE NE",1991-01-13,372539100171401,119,30,c(-100.293222, 37.431043),"1991","143-72",-100.293222,37.431043,275.1880493,"263-328"
"3281","Meade",-75.12,"MEADE NE",1992-01-14,372539100171401,119,30,c(-100.293222, 37.431043),"1992","143-72",-100.293222,37.431043,275.1880493,"263-328"
"3282","Meade",-72.8,"MEADE NE",1993-02-02,372539100171401,119,30,c(-100.293222, 37.431043),"1993","143-72",-100.293222,37.431043,275.1880493,"263-328"
"3283","Meade",-73.82,"MEADE NE",1994-01-11,372539100171401,119,30,c(-100.293222, 37.431043),"1994","143-72",-100.293222,37.431043,275.1880493,"263-328"
"3284","Meade",-75.91,"MEADE NE",1995-01-18,372539100171401,119,30,c(-100.293222, 37.431043),"1995","143-72",-100.293222,37.431043,275.1880493,"263-328"
"3285","Meade",-80.58,"MEADE NE",1996-01-23,372539100171401,119,30,c(-100.293222, 37.431043),"1996","143-72",-100.293222,37.431043,275.1880493,"263-328"
"3286","Meade",-78.96,"MEADE NE",1997-01-08,372539100171401,119,30,c(-100.293222, 37.431043),"1997","143-72",-100.293222,37.431043,275.1880493,"263-328"
"3287","Meade",-79.01,"MEADE NE",1998-01-09,372539100171401,119,30,c(-100.293222, 37.431043),"1998","143-72",-100.293222,37.431043,275.1880493,"263-328"
"3288","Meade",-83.65,"MEADE NE",1999-01-06,372539100171401,119,30,c(-100.293222, 37.431043),"1999","143-72",-100.293222,37.431043,275.1880493,"263-328"
"3289","Meade",-86.94,"MEADE NE",2000-01-07,372539100171401,119,30,c(-100.293222, 37.431043),"2000","143-72",-100.293222,37.431043,275.1880493,"263-328"
"3290","Meade",-87.71,"MEADE NE",2001-01-06,372539100171401,119,30,c(-100.293222, 37.431043),"2001","143-72",-100.293222,37.431043,275.1880493,"263-328"
"3291","Meade",-91.08,"MEADE NE",2002-01-07,372539100171401,119,30,c(-100.293222, 37.431043),"2002","143-72",-100.293222,37.431043,275.1880493,"263-328"
"3292","Meade",-94.66,"MEADE NE",2003-01-10,372539100171401,119,30,c(-100.293222, 37.431043),"2003","143-72",-100.293222,37.431043,275.1880493,"263-328"
"3293","Meade",-96.52,"MEADE NE",2004-01-06,372539100171401,119,30,c(-100.293222, 37.431043),"2004","143-72",-100.293222,37.431043,275.1880493,"263-328"
"3294","Meade",-95.88,"MEADE NE",2005-01-11,372539100171401,119,30,c(-100.293222, 37.431043),"2005","143-72",-100.293222,37.431043,275.1880493,"263-328"
"3295","Meade",-99,"MEADE NE",2006-01-08,372539100171401,119,30,c(-100.293222, 37.431043),"2006","143-72",-100.293222,37.431043,275.1880493,"263-328"
"3296","Meade",-101.18,"MEADE NE",2007-01-23,372539100171401,119,30,c(-100.293222, 37.431043),"2007","143-72",-100.293222,37.431043,275.1880493,"263-328"
"3297","Meade",-104.98,"MEADE NE",2008-01-07,372539100171401,119,30,c(-100.293222, 37.431043),"2008","143-72",-100.293222,37.431043,275.1880493,"263-328"
"3298","Meade",-104.97,"MEADE NE",2008-01-08,372539100171401,119,30,c(-100.293222, 37.431043),"2008","143-72",-100.293222,37.431043,275.1880493,"263-328"
"3299","Meade",-107.82,"MEADE NE",2009-01-08,372539100171401,119,30,c(-100.293222, 37.431043),"2009","143-72",-100.293222,37.431043,275.1880493,"263-328"
"3300","Meade",-111.58,"MEADE NE",2010-01-05,372539100171401,119,30,c(-100.293222, 37.431043),"2010","143-72",-100.293222,37.431043,275.1880493,"263-328"
"3301","Meade",-115.74,"MEADE NE",2011-01-07,372539100171401,119,30,c(-100.293222, 37.431043),"2011","143-72",-100.293222,37.431043,275.1880493,"263-328"
"3302","Meade",-124.45,"MEADE NE",2012-01-06,372539100171401,119,30,c(-100.293222, 37.431043),"2012","143-72",-100.293222,37.431043,275.1880493,"263-328"
"3303","Meade",-130.4,"MEADE NE",2013-01-06,372539100171401,119,30,c(-100.293222, 37.431043),"2013","143-72",-100.293222,37.431043,275.1880493,"263-328"
"3304","Meade",-132.3,"MEADE NE",2014-01-05,372539100171401,119,30,c(-100.293222, 37.431043),"2014","143-72",-100.293222,37.431043,275.1880493,"263-328"
"3305","Meade",-135.05,"MEADE NE",2015-01-05,372539100171401,119,30,c(-100.293222, 37.431043),"2015","143-72",-100.293222,37.431043,275.1880493,"263-328"
"3306","Meade",-137.36,"MEADE NE",2016-01-05,372539100171401,119,30,c(-100.293222, 37.431043),"2016","143-72",-100.293222,37.431043,275.1880493,"263-328"
"3307","Meade",-138.88,"MEADE NE",2017-01-06,372539100171401,119,30,c(-100.293222, 37.431043),"2017","143-72",-100.293222,37.431043,275.1880493,"263-328"
"3308","Meade",-140.36,"MEADE NE",2018-01-05,372539100171401,119,30,c(-100.293222, 37.431043),"2018","143-72",-100.293222,37.431043,275.1880493,"263-328"
"3309","Meade",-140.34,"MEADE NE",2018-01-05,372539100171401,119,30,c(-100.293222, 37.431043),"2018","143-72",-100.293222,37.431043,275.1880493,"263-328"
"3310","Meade",-142.02,"MEADE NE",2019-01-05,372539100171401,119,30,c(-100.293222, 37.431043),"2019","143-72",-100.293222,37.431043,275.1880493,"263-328"
"3311","Meade",-142.02,"MEADE NE",2019-01-05,372539100171401,119,30,c(-100.293222, 37.431043),"2019","143-72",-100.293222,37.431043,275.1880493,"263-328"
"3312","Meade",-144.43,"MEADE NE",2020-01-05,372539100171401,119,30,c(-100.293222, 37.431043),"2020","215-144",-100.293222,37.431043,275.1880493,"263-328"
"3313","Meade",-148.1,"MEADE NE",2021-01-07,372539100171401,119,30,c(-100.293222, 37.431043),"2021","215-144",-100.293222,37.431043,275.1880493,"263-328"
"3314","Meade",-152.75,"MEADE NE",2022-01-06,372539100171401,119,30,c(-100.293222, 37.431043),"2022","215-144",-100.293222,37.431043,275.1880493,"263-328"
"3315","Meade",-163.24,"MEADE NE",2023-01-06,372539100171401,119,30,c(-100.293222, 37.431043),"2023","215-144",-100.293222,37.431043,275.1880493,"263-328"
"3316","Meade",-156.2,"MEADE NE",2024-01-05,372539100171401,119,30,c(-100.293222, 37.431043),"2024","215-144",-100.293222,37.431043,275.1880493,"263-328"
"3317","Meade",-116.45,"MEADE NW",1985-01-15,372359100224701,119,30,c(-100.380025, 37.401843),"1985","143-72",-100.380025,37.401843,290.430542,"263-328"
"3318","Meade",-119.2,"MEADE NW",1986-01-07,372359100224701,119,30,c(-100.380025, 37.401843),"1986","143-72",-100.380025,37.401843,290.430542,"263-328"
"3319","Meade",-120.31,"MEADE NW",1987-01-06,372359100224701,119,30,c(-100.380025, 37.401843),"1987","143-72",-100.380025,37.401843,290.430542,"263-328"
"3320","Meade",-124.17,"MEADE NW",1988-01-06,372359100224701,119,30,c(-100.380025, 37.401843),"1988","143-72",-100.380025,37.401843,290.430542,"263-328"
"3321","Meade",-124.84,"MEADE NW",1989-01-11,372359100224701,119,30,c(-100.380025, 37.401843),"1989","143-72",-100.380025,37.401843,290.430542,"263-328"
"3322","Meade",-126.7,"MEADE NW",1990-01-09,372359100224701,119,30,c(-100.380025, 37.401843),"1990","143-72",-100.380025,37.401843,290.430542,"263-328"
"3323","Meade",-128.4,"MEADE NW",1991-01-22,372359100224701,119,30,c(-100.380025, 37.401843),"1991","143-72",-100.380025,37.401843,290.430542,"263-328"
"3324","Meade",-131.45,"MEADE NW",1992-01-15,372359100224701,119,30,c(-100.380025, 37.401843),"1992","143-72",-100.380025,37.401843,290.430542,"263-328"
"3325","Meade",-132.37,"MEADE NW",1993-02-22,372359100224701,119,30,c(-100.380025, 37.401843),"1993","143-72",-100.380025,37.401843,290.430542,"263-328"
"3326","Meade",-134.22,"MEADE NW",1994-01-11,372359100224701,119,30,c(-100.380025, 37.401843),"1994","143-72",-100.380025,37.401843,290.430542,"263-328"
"3327","Meade",-135.96,"MEADE NW",1995-01-19,372359100224701,119,30,c(-100.380025, 37.401843),"1995","143-72",-100.380025,37.401843,290.430542,"263-328"
"3328","Meade",-138.17,"MEADE NW",1996-01-20,372359100224701,119,30,c(-100.380025, 37.401843),"1996","143-72",-100.380025,37.401843,290.430542,"263-328"
"3329","Meade",-139.43,"MEADE NW",1997-01-08,372359100224701,119,30,c(-100.380025, 37.401843),"1997","143-72",-100.380025,37.401843,290.430542,"263-328"
"3330","Meade",-139.45,"MEADE NW",1997-01-11,372359100224701,119,30,c(-100.380025, 37.401843),"1997","143-72",-100.380025,37.401843,290.430542,"263-328"
"3331","Meade",-140.56,"MEADE NW",1998-01-25,372359100224701,119,30,c(-100.380025, 37.401843),"1998","143-72",-100.380025,37.401843,290.430542,"263-328"
"3332","Meade",-143.08,"MEADE NW",1999-01-06,372359100224701,119,30,c(-100.380025, 37.401843),"1999","143-72",-100.380025,37.401843,290.430542,"263-328"
"3333","Meade",-133,NA,1965-01-01,372400100245001,119,30,c(-100.414733, 37.400826),"1965","143-72",-100.414733,37.400826,284.3283997,"263-328"
"3334","Meade",-124.56,NA,1965-01-28,372400100245001,119,30,c(-100.414733, 37.400826),"1965","143-72",-100.414733,37.400826,284.3283997,"263-328"
"3335","Meade",-130.68,NA,1966-01-17,372400100245001,119,30,c(-100.414733, 37.400826),"1966","143-72",-100.414733,37.400826,284.3283997,"263-328"
"3336","Meade",-125.8,NA,1967-01-23,372400100245001,119,30,c(-100.414733, 37.400826),"1967","143-72",-100.414733,37.400826,284.3283997,"263-328"
"3337","Meade",-132.6,NA,1968-01-15,372400100245001,119,30,c(-100.414733, 37.400826),"1968","143-72",-100.414733,37.400826,284.3283997,"263-328"
"3338","Meade",-134.18,NA,1969-01-23,372400100245001,119,30,c(-100.414733, 37.400826),"1969","143-72",-100.414733,37.400826,284.3283997,"263-328"
"3339","Meade",-130.1,NA,1970-01-22,372400100245001,119,30,c(-100.414733, 37.400826),"1970","143-72",-100.414733,37.400826,284.3283997,"263-328"
"3340","Meade",-132.7,NA,1972-01-19,372400100245001,119,30,c(-100.414733, 37.400826),"1972","143-72",-100.414733,37.400826,284.3283997,"263-328"
"3341","Meade",-135.17,NA,1973-01-24,372400100245001,119,30,c(-100.414733, 37.400826),"1973","143-72",-100.414733,37.400826,284.3283997,"263-328"
"3342","Meade",-143.88,NA,1975-01-22,372400100245001,119,30,c(-100.414733, 37.400826),"1975","143-72",-100.414733,37.400826,284.3283997,"263-328"
"3343","Meade",-128,NA,1965-01-01,372403100312301,119,30,c(-100.524111, 37.400963),"1965","143-72",-100.524111,37.400963,301.5898438,"263-328"
"3344","Meade",-129.22,NA,1965-01-28,372403100312301,119,30,c(-100.524111, 37.400963),"1965","143-72",-100.524111,37.400963,301.5898438,"263-328"
"3345","Meade",-130.78,NA,1966-01-17,372403100312301,119,30,c(-100.524111, 37.400963),"1966","143-72",-100.524111,37.400963,301.5898438,"263-328"
"3346","Meade",-132.7,NA,1968-01-15,372403100312301,119,30,c(-100.524111, 37.400963),"1968","143-72",-100.524111,37.400963,301.5898438,"263-328"
"3347","Meade",-137.17,NA,1969-01-23,372403100312301,119,30,c(-100.524111, 37.400963),"1969","143-72",-100.524111,37.400963,301.5898438,"263-328"
"3348","Meade",-132.34,NA,1970-01-21,372403100312301,119,30,c(-100.524111, 37.400963),"1970","143-72",-100.524111,37.400963,301.5898438,"263-328"
"3349","Meade",-134.61,NA,1971-01-20,372403100312301,119,30,c(-100.524111, 37.400963),"1971","143-72",-100.524111,37.400963,301.5898438,"263-328"
"3350","Meade",-142.7,NA,1972-01-19,372403100312301,119,30,c(-100.524111, 37.400963),"1972","143-72",-100.524111,37.400963,301.5898438,"263-328"
"3351","Meade",-136.94,NA,1973-01-24,372403100312301,119,30,c(-100.524111, 37.400963),"1973","143-72",-100.524111,37.400963,301.5898438,"263-328"
"3352","Meade",-137.41,NA,1974-01-15,372403100312301,119,30,c(-100.524111, 37.400963),"1974","143-72",-100.524111,37.400963,301.5898438,"263-328"
"3353","Meade",-139.75,NA,1975-01-22,372403100312301,119,30,c(-100.524111, 37.400963),"1975","143-72",-100.524111,37.400963,301.5898438,"263-328"
"3354","Meade",-144.83,NA,1976-01-14,372403100312301,119,30,c(-100.524111, 37.400963),"1976","215-144",-100.524111,37.400963,301.5898438,"263-328"
"3355","Meade",-148.9,NA,1977-01-12,372403100312301,119,30,c(-100.524111, 37.400963),"1977","215-144",-100.524111,37.400963,301.5898438,"263-328"
"3356","Meade",-153.06,NA,1978-01-19,372403100312301,119,30,c(-100.524111, 37.400963),"1978","215-144",-100.524111,37.400963,301.5898438,"263-328"
"3357","Meade",-157.4,NA,1979-02-02,372403100312301,119,30,c(-100.524111, 37.400963),"1979","215-144",-100.524111,37.400963,301.5898438,"263-328"
"3358","Meade",-160.34,NA,1980-01-16,372403100312301,119,30,c(-100.524111, 37.400963),"1980","215-144",-100.524111,37.400963,301.5898438,"263-328"
"3359","Meade",-163.02,NA,1981-01-14,372403100312301,119,30,c(-100.524111, 37.400963),"1981","215-144",-100.524111,37.400963,301.5898438,"263-328"
"3360","Meade",-167.56,NA,1982-01-14,372403100312301,119,30,c(-100.524111, 37.400963),"1982","215-144",-100.524111,37.400963,301.5898438,"263-328"
"3361","Meade",-171.7,NA,1983-01-05,372403100312301,119,30,c(-100.524111, 37.400963),"1983","215-144",-100.524111,37.400963,301.5898438,"263-328"
"3362","Meade",-173.76,NA,1984-01-11,372403100312301,119,30,c(-100.524111, 37.400963),"1984","215-144",-100.524111,37.400963,301.5898438,"263-328"
"3363","Meade",-143.26,"Missler",1965-01-28,371938100250102,119,31,c(-100.417226, 37.328853),"1965","143-72",-100.417226,37.328853,230.2567139,"198-262"
"3364","Meade",-155.42,"Missler",1966-01-17,371938100250102,119,31,c(-100.417226, 37.328853),"1966","215-144",-100.417226,37.328853,230.2567139,"198-262"
"3365","Meade",-146.2,"Missler",1967-01-23,371938100250102,119,31,c(-100.417226, 37.328853),"1967","215-144",-100.417226,37.328853,230.2567139,"198-262"
"3366","Meade",-152.9,"Missler",1968-01-15,371938100250102,119,31,c(-100.417226, 37.328853),"1968","215-144",-100.417226,37.328853,230.2567139,"198-262"
"3367","Meade",-150.53,"Missler",1969-01-23,371938100250102,119,31,c(-100.417226, 37.328853),"1969","215-144",-100.417226,37.328853,230.2567139,"198-262"
"3368","Meade",-149.65,"Missler",1970-01-22,371938100250102,119,31,c(-100.417226, 37.328853),"1970","215-144",-100.417226,37.328853,230.2567139,"198-262"
"3369","Meade",-151.98,"Missler",1971-01-20,371938100250102,119,31,c(-100.417226, 37.328853),"1971","215-144",-100.417226,37.328853,230.2567139,"198-262"
"3370","Meade",-154.33,"Missler",1974-01-15,371938100250102,119,31,c(-100.417226, 37.328853),"1974","215-144",-100.417226,37.328853,230.2567139,"198-262"
"3371","Meade",-156.16,"Missler",1975-01-23,371938100250102,119,31,c(-100.417226, 37.328853),"1975","215-144",-100.417226,37.328853,230.2567139,"198-262"
"3372","Meade",-162.72,"Missler",1976-01-14,371938100250102,119,31,c(-100.417226, 37.328853),"1976","215-144",-100.417226,37.328853,230.2567139,"198-262"
"3373","Meade",-167.68,"Missler",1977-01-12,371938100250102,119,31,c(-100.417226, 37.328853),"1977","215-144",-100.417226,37.328853,230.2567139,"198-262"
"3374","Meade",-171.54,"Missler",1978-01-19,371938100250102,119,31,c(-100.417226, 37.328853),"1978","215-144",-100.417226,37.328853,230.2567139,"198-262"
"3375","Meade",-182.7,"Missler",1979-02-01,371938100250102,119,31,c(-100.417226, 37.328853),"1979","215-144",-100.417226,37.328853,230.2567139,"198-262"
"3376","Meade",-174.77,"Missler",1980-01-18,371938100250102,119,31,c(-100.417226, 37.328853),"1980","215-144",-100.417226,37.328853,230.2567139,"198-262"
"3377","Meade",-176.1,"Missler",1981-01-14,371938100250102,119,31,c(-100.417226, 37.328853),"1981","215-144",-100.417226,37.328853,230.2567139,"198-262"
"3378","Meade",-176.47,"Missler",1982-01-14,371938100250102,119,31,c(-100.417226, 37.328853),"1982","215-144",-100.417226,37.328853,230.2567139,"198-262"
"3379","Meade",-178.85,"Missler",1983-01-05,371938100250102,119,31,c(-100.417226, 37.328853),"1983","215-144",-100.417226,37.328853,230.2567139,"198-262"
"3380","Meade",-177.73,"Missler",1984-01-12,371938100250102,119,31,c(-100.417226, 37.328853),"1984","215-144",-100.417226,37.328853,230.2567139,"198-262"
"3381","Meade",-177.49,"Missler",1985-01-15,371938100250102,119,31,c(-100.417226, 37.328853),"1985","215-144",-100.417226,37.328853,230.2567139,"198-262"
"3382","Meade",-178.27,"Missler",1986-01-08,371938100250102,119,31,c(-100.417226, 37.328853),"1986","215-144",-100.417226,37.328853,230.2567139,"198-262"
"3383","Meade",-181.24,"Missler",1987-01-07,371938100250102,119,31,c(-100.417226, 37.328853),"1987","215-144",-100.417226,37.328853,230.2567139,"198-262"
"3384","Meade",-182.75,"Missler",1988-01-05,371938100250102,119,31,c(-100.417226, 37.328853),"1988","215-144",-100.417226,37.328853,230.2567139,"198-262"
"3385","Meade",-188.54,"Missler",1990-01-09,371938100250102,119,31,c(-100.417226, 37.328853),"1990","215-144",-100.417226,37.328853,230.2567139,"198-262"
"3386","Meade",-195.3,"Missler",1991-01-13,371938100250102,119,31,c(-100.417226, 37.328853),"1991","215-144",-100.417226,37.328853,230.2567139,"198-262"
"3387","Meade",-191.89,"Missler",1992-01-15,371938100250102,119,31,c(-100.417226, 37.328853),"1992","215-144",-100.417226,37.328853,230.2567139,"198-262"
"3388","Meade",-192.76,"Missler",1993-02-03,371938100250102,119,31,c(-100.417226, 37.328853),"1993","215-144",-100.417226,37.328853,230.2567139,"198-262"
"3389","Meade",-193.45,"Missler",1994-01-11,371938100250102,119,31,c(-100.417226, 37.328853),"1994","215-144",-100.417226,37.328853,230.2567139,"198-262"
"3390","Meade",-194.5,"Missler",1995-01-19,371938100250102,119,31,c(-100.417226, 37.328853),"1995","215-144",-100.417226,37.328853,230.2567139,"198-262"
"3391","Meade",-194.96,"Missler",1996-01-20,371938100250102,119,31,c(-100.417226, 37.328853),"1996","215-144",-100.417226,37.328853,230.2567139,"198-262"
"3392","Meade",-195.11,"Missler",1997-01-08,371938100250102,119,31,c(-100.417226, 37.328853),"1997","215-144",-100.417226,37.328853,230.2567139,"198-262"
"3393","Meade",-195.56,"Missler",1998-01-07,371938100250102,119,31,c(-100.417226, 37.328853),"1998","215-144",-100.417226,37.328853,230.2567139,"198-262"
"3394","Meade",-200.7,"Missler",1999-01-08,371938100250102,119,31,c(-100.417226, 37.328853),"1999","215-144",-100.417226,37.328853,230.2567139,"198-262"
"3395","Meade",-198.71,"Missler",2000-01-07,371938100250102,119,31,c(-100.417226, 37.328853),"2000","215-144",-100.417226,37.328853,230.2567139,"198-262"
"3396","Meade",-200.98,"Missler",2001-01-06,371938100250102,119,31,c(-100.417226, 37.328853),"2001","215-144",-100.417226,37.328853,230.2567139,"198-262"
"3397","Meade",-203.68,"Missler",2002-01-07,371938100250102,119,31,c(-100.417226, 37.328853),"2002","215-144",-100.417226,37.328853,230.2567139,"198-262"
"3398","Meade",-208.21,"Missler",2003-01-10,371938100250102,119,31,c(-100.417226, 37.328853),"2003","215-144",-100.417226,37.328853,230.2567139,"198-262"
"3399","Meade",-208.69,"Missler",2004-01-06,371938100250102,119,31,c(-100.417226, 37.328853),"2004","215-144",-100.417226,37.328853,230.2567139,"198-262"
"3400","Meade",-208.7,"Missler",2004-01-06,371938100250102,119,31,c(-100.417226, 37.328853),"2004","215-144",-100.417226,37.328853,230.2567139,"198-262"
"3401","Meade",-209.61,"Missler",2005-01-12,371938100250102,119,31,c(-100.417226, 37.328853),"2005","215-144",-100.417226,37.328853,230.2567139,"198-262"
"3402","Meade",-210.86,"Missler",2006-01-08,371938100250102,119,31,c(-100.417226, 37.328853),"2006","215-144",-100.417226,37.328853,230.2567139,"198-262"
"3403","Meade",-213.39,"Missler",2007-01-23,371938100250102,119,31,c(-100.417226, 37.328853),"2007","215-144",-100.417226,37.328853,230.2567139,"198-262"
"3404","Meade",-213.42,"Missler",2007-01-23,371938100250102,119,31,c(-100.417226, 37.328853),"2007","215-144",-100.417226,37.328853,230.2567139,"198-262"
"3405","Meade",-216.54,"Missler",2008-01-08,371938100250102,119,31,c(-100.417226, 37.328853),"2008","287-216",-100.417226,37.328853,230.2567139,"198-262"
"3406","Meade",-219.75,"Missler",2009-01-08,371938100250102,119,31,c(-100.417226, 37.328853),"2009","287-216",-100.417226,37.328853,230.2567139,"198-262"
"3407","Meade",-219.01,"Missler",2009-01-08,371938100250102,119,31,c(-100.417226, 37.328853),"2009","287-216",-100.417226,37.328853,230.2567139,"198-262"
"3408","Meade",-221.75,"Missler",2010-02-15,371938100250102,119,31,c(-100.417226, 37.328853),"2010","287-216",-100.417226,37.328853,230.2567139,"198-262"
"3409","Meade",-223.95,"Missler",2011-01-07,371938100250102,119,31,c(-100.417226, 37.328853),"2011","287-216",-100.417226,37.328853,230.2567139,"198-262"
"3410","Meade",-149.68,"Proffit Lake NW",1995-02-17,371428100115901,119,32,c(-100.199667, 37.241183),"1995","215-144",-100.199667,37.241183,10,"0-65"
"3411","Meade",-154.86,"Proffit Lake NW",1996-07-08,371428100115901,119,32,c(-100.199667, 37.241183),"1996","215-144",-100.199667,37.241183,10,"0-65"
"3412","Meade",-153.9,"Proffit Lake NW",1996-09-10,371428100115901,119,32,c(-100.199667, 37.241183),"1996","215-144",-100.199667,37.241183,10,"0-65"
"3413","Meade",-157.99,"Proffit Lake NW",1996-12-13,371428100115901,119,32,c(-100.199667, 37.241183),"1996","215-144",-100.199667,37.241183,10,"0-65"
"3414","Meade",-157.08,"Proffit Lake NW",1997-06-12,371428100115901,119,32,c(-100.199667, 37.241183),"1997","215-144",-100.199667,37.241183,10,"0-65"
"3415","Meade",-155.9,"Proffit Lake NW",1997-09-23,371428100115901,119,32,c(-100.199667, 37.241183),"1997","215-144",-100.199667,37.241183,10,"0-65"
"3416","Meade",-156,"Proffit Lake NW",1997-12-19,371428100115901,119,32,c(-100.199667, 37.241183),"1997","215-144",-100.199667,37.241183,10,"0-65"
"3417","Meade",-157.77,"Proffit Lake NW",1998-03-30,371428100115901,119,32,c(-100.199667, 37.241183),"1998","215-144",-100.199667,37.241183,10,"0-65"
"3418","Meade",-154.23,"Proffit Lake NW",1998-06-18,371428100115901,119,32,c(-100.199667, 37.241183),"1998","215-144",-100.199667,37.241183,10,"0-65"
"3419","Meade",-156.67,"Proffit Lake NW",1998-09-28,371428100115901,119,32,c(-100.199667, 37.241183),"1998","215-144",-100.199667,37.241183,10,"0-65"
"3420","Meade",-156.7,"Proffit Lake NW",1998-12-22,371428100115901,119,32,c(-100.199667, 37.241183),"1998","215-144",-100.199667,37.241183,10,"0-65"
"3421","Meade",-157.35,"Proffit Lake NW",1999-04-06,371428100115901,119,32,c(-100.199667, 37.241183),"1999","215-144",-100.199667,37.241183,10,"0-65"
"3422","Meade",-153.56,"Proffit Lake NW",1999-06-21,371428100115901,119,32,c(-100.199667, 37.241183),"1999","215-144",-100.199667,37.241183,10,"0-65"
"3423","Meade",-152.92,"Proffit Lake NW",1999-09-29,371428100115901,119,32,c(-100.199667, 37.241183),"1999","215-144",-100.199667,37.241183,10,"0-65"
"3424","Meade",-155.16,"Proffit Lake NW",1999-12-09,371428100115901,119,32,c(-100.199667, 37.241183),"1999","215-144",-100.199667,37.241183,10,"0-65"
"3425","Meade",-151.6,"Proffit Lake NW",2000-12-27,371428100115901,119,32,c(-100.199667, 37.241183),"2000","215-144",-100.199667,37.241183,10,"0-65"
"3426","Meade",-154.89,"Proffit Lake NW",2001-12-13,371428100115901,119,32,c(-100.199667, 37.241183),"2001","215-144",-100.199667,37.241183,10,"0-65"
"3427","Meade",-155.62,"Proffit Lake NW",2002-03-22,371428100115901,119,32,c(-100.199667, 37.241183),"2002","215-144",-100.199667,37.241183,10,"0-65"
"3428","Meade",-151,"Proffit Lake NW",2002-06-13,371428100115901,119,32,c(-100.199667, 37.241183),"2002","215-144",-100.199667,37.241183,10,"0-65"
"3429","Meade",-151.17,"Proffit Lake NW",2002-09-11,371428100115901,119,32,c(-100.199667, 37.241183),"2002","215-144",-100.199667,37.241183,10,"0-65"
"3430","Meade",-153.29,"Proffit Lake NW",2002-12-16,371428100115901,119,32,c(-100.199667, 37.241183),"2002","215-144",-100.199667,37.241183,10,"0-65"
"3431","Meade",-153.42,"Proffit Lake NW",2003-03-27,371428100115901,119,32,c(-100.199667, 37.241183),"2003","215-144",-100.199667,37.241183,10,"0-65"
"3432","Meade",-151.02,"Proffit Lake NW",2003-06-19,371428100115901,119,32,c(-100.199667, 37.241183),"2003","215-144",-100.199667,37.241183,10,"0-65"
"3433","Meade",-156.58,"Proffit Lake NW",2003-09-17,371428100115901,119,32,c(-100.199667, 37.241183),"2003","215-144",-100.199667,37.241183,10,"0-65"
"3434","Meade",-151.1,"Proffit Lake NW",2003-12-12,371428100115901,119,32,c(-100.199667, 37.241183),"2003","215-144",-100.199667,37.241183,10,"0-65"
"3435","Meade",-153.59,"Proffit Lake NW",2004-03-15,371428100115901,119,32,c(-100.199667, 37.241183),"2004","215-144",-100.199667,37.241183,10,"0-65"
"3436","Meade",-151.35,"Proffit Lake NW",2004-06-19,371428100115901,119,32,c(-100.199667, 37.241183),"2004","215-144",-100.199667,37.241183,10,"0-65"
"3437","Meade",-155.95,"Proffit Lake NW",2004-09-16,371428100115901,119,32,c(-100.199667, 37.241183),"2004","215-144",-100.199667,37.241183,10,"0-65"
"3438","Meade",-149.44,"Proffit Lake NW",2004-12-14,371428100115901,119,32,c(-100.199667, 37.241183),"2004","215-144",-100.199667,37.241183,10,"0-65"
"3439","Meade",-151.02,"Proffit Lake NW",2005-03-17,371428100115901,119,32,c(-100.199667, 37.241183),"2005","215-144",-100.199667,37.241183,10,"0-65"
"3440","Meade",-147.5,"Proffit Lake NW",2005-06-14,371428100115901,119,32,c(-100.199667, 37.241183),"2005","215-144",-100.199667,37.241183,10,"0-65"
"3441","Meade",-150.9,"Proffit Lake NW",2005-12-13,371428100115901,119,32,c(-100.199667, 37.241183),"2005","215-144",-100.199667,37.241183,10,"0-65"
"3442","Meade",-151.84,"Proffit Lake NW",2006-04-03,371428100115901,119,32,c(-100.199667, 37.241183),"2006","215-144",-100.199667,37.241183,10,"0-65"
"3443","Meade",-151.4,"Proffit Lake NW",2006-06-15,371428100115901,119,32,c(-100.199667, 37.241183),"2006","215-144",-100.199667,37.241183,10,"0-65"
"3444","Meade",-151.23,"Proffit Lake NW",2006-09-14,371428100115901,119,32,c(-100.199667, 37.241183),"2006","215-144",-100.199667,37.241183,10,"0-65"
"3445","Meade",-151.86,"Proffit Lake NW",2006-12-19,371428100115901,119,32,c(-100.199667, 37.241183),"2006","215-144",-100.199667,37.241183,10,"0-65"
"3446","Meade",-154.05,"Proffit Lake NW",2007-04-04,371428100115901,119,32,c(-100.199667, 37.241183),"2007","215-144",-100.199667,37.241183,10,"0-65"
"3447","Meade",-151.9,"Proffit Lake NW",2007-06-19,371428100115901,119,32,c(-100.199667, 37.241183),"2007","215-144",-100.199667,37.241183,10,"0-65"
"3448","Meade",-151.32,"Proffit Lake NW",2007-09-17,371428100115901,119,32,c(-100.199667, 37.241183),"2007","215-144",-100.199667,37.241183,10,"0-65"
"3449","Meade",-151.66,"Proffit Lake NW",2008-01-15,371428100115901,119,32,c(-100.199667, 37.241183),"2008","215-144",-100.199667,37.241183,10,"0-65"
"3450","Meade",-152.11,"Proffit Lake NW",2008-03-19,371428100115901,119,32,c(-100.199667, 37.241183),"2008","215-144",-100.199667,37.241183,10,"0-65"
"3451","Meade",-151.93,"Proffit Lake NW",2008-06-11,371428100115901,119,32,c(-100.199667, 37.241183),"2008","215-144",-100.199667,37.241183,10,"0-65"
"3452","Meade",-157.41,"Proffit Lake NW",2008-09-15,371428100115901,119,32,c(-100.199667, 37.241183),"2008","215-144",-100.199667,37.241183,10,"0-65"
"3453","Meade",-152.16,"Proffit Lake NW",2008-12-19,371428100115901,119,32,c(-100.199667, 37.241183),"2008","215-144",-100.199667,37.241183,10,"0-65"
"3454","Meade",-152.09,"Proffit Lake NW",2009-03-25,371428100115901,119,32,c(-100.199667, 37.241183),"2009","215-144",-100.199667,37.241183,10,"0-65"
"3455","Meade",-153.12,"Proffit Lake NW",2009-06-11,371428100115901,119,32,c(-100.199667, 37.241183),"2009","215-144",-100.199667,37.241183,10,"0-65"
"3456","Meade",-153.23,"Proffit Lake NW",2009-12-17,371428100115901,119,32,c(-100.199667, 37.241183),"2009","215-144",-100.199667,37.241183,10,"0-65"
"3457","Meade",-152.55,"Proffit Lake NW",2010-12-16,371428100115901,119,32,c(-100.199667, 37.241183),"2010","215-144",-100.199667,37.241183,10,"0-65"
"3458","Meade",-152.94,"Proffit Lake NW",2011-04-11,371428100115901,119,32,c(-100.199667, 37.241183),"2011","215-144",-100.199667,37.241183,10,"0-65"
"3459","Meade",-157.17,"Proffit Lake NW",2011-06-21,371428100115901,119,32,c(-100.199667, 37.241183),"2011","215-144",-100.199667,37.241183,10,"0-65"
"3460","Meade",-152.58,"Proffit Lake NW",2011-09-26,371428100115901,119,32,c(-100.199667, 37.241183),"2011","215-144",-100.199667,37.241183,10,"0-65"
"3461","Meade",-153.06,"Proffit Lake NW",2011-12-05,371428100115901,119,32,c(-100.199667, 37.241183),"2011","215-144",-100.199667,37.241183,10,"0-65"
"3462","Meade",-154.62,"Proffit Lake NW",2012-03-29,371428100115901,119,32,c(-100.199667, 37.241183),"2012","215-144",-100.199667,37.241183,10,"0-65"
"3463","Meade",-154.22,"Proffit Lake NW",2012-09-25,371428100115901,119,32,c(-100.199667, 37.241183),"2012","215-144",-100.199667,37.241183,10,"0-65"
"3464","Meade",-152.99,"Proffit Lake NW",2013-01-08,371428100115901,119,32,c(-100.199667, 37.241183),"2013","215-144",-100.199667,37.241183,10,"0-65"
"3465","Meade",-153.7,"Proffit Lake NW",2013-04-09,371428100115901,119,32,c(-100.199667, 37.241183),"2013","215-144",-100.199667,37.241183,10,"0-65"
"3466","Meade",-153.36,"Proffit Lake NW",2013-06-14,371428100115901,119,32,c(-100.199667, 37.241183),"2013","215-144",-100.199667,37.241183,10,"0-65"
"3467","Meade",-153.23,"Proffit Lake NW",2013-12-04,371428100115901,119,32,c(-100.199667, 37.241183),"2013","215-144",-100.199667,37.241183,10,"0-65"
"3468","Meade",-153.74,"Proffit Lake NW",2014-04-01,371428100115901,119,32,c(-100.199667, 37.241183),"2014","215-144",-100.199667,37.241183,10,"0-65"
"3469","Meade",-153.52,"Proffit Lake NW",2014-06-17,371428100115901,119,32,c(-100.199667, 37.241183),"2014","215-144",-100.199667,37.241183,10,"0-65"
"3470","Meade",-154.52,"Proffit Lake NW",2014-09-18,371428100115901,119,32,c(-100.199667, 37.241183),"2014","215-144",-100.199667,37.241183,10,"0-65"
"3471","Meade",-154.15,"Proffit Lake NW",2014-12-16,371428100115901,119,32,c(-100.199667, 37.241183),"2014","215-144",-100.199667,37.241183,10,"0-65"
"3472","Meade",-154.17,"Proffit Lake NW",2015-03-17,371428100115901,119,32,c(-100.199667, 37.241183),"2015","215-144",-100.199667,37.241183,10,"0-65"
"3473","Meade",-154.76,"Proffit Lake NW",2015-06-15,371428100115901,119,32,c(-100.199667, 37.241183),"2015","215-144",-100.199667,37.241183,10,"0-65"
"3474","Meade",-154.13,"Proffit Lake NW",2015-10-13,371428100115901,119,32,c(-100.199667, 37.241183),"2015","215-144",-100.199667,37.241183,10,"0-65"
"3475","Meade",-153.58,"Proffit Lake NW",2016-01-14,371428100115901,119,32,c(-100.199667, 37.241183),"2016","215-144",-100.199667,37.241183,10,"0-65"
"3476","Meade",-152.74,"Proffit Lake NW",2016-04-19,371428100115901,119,32,c(-100.199667, 37.241183),"2016","215-144",-100.199667,37.241183,10,"0-65"
"3477","Meade",-153.74,"Proffit Lake NW",2016-10-17,371428100115901,119,32,c(-100.199667, 37.241183),"2016","215-144",-100.199667,37.241183,10,"0-65"
"3478","Meade",-154.68,"Proffit Lake NW",2016-12-14,371428100115901,119,32,c(-100.199667, 37.241183),"2016","215-144",-100.199667,37.241183,10,"0-65"
"3479","Meade",-154.41,"Proffit Lake NW",2017-04-17,371428100115901,119,32,c(-100.199667, 37.241183),"2017","215-144",-100.199667,37.241183,10,"0-65"
"3480","Meade",-156.67,"Proffit Lake NW",2017-10-16,371428100115901,119,32,c(-100.199667, 37.241183),"2017","215-144",-100.199667,37.241183,10,"0-65"
"3481","Meade",-154.32,"Proffit Lake NW",2017-12-28,371428100115901,119,32,c(-100.199667, 37.241183),"2017","215-144",-100.199667,37.241183,10,"0-65"
"3482","Meade",-154.25,"Proffit Lake NW",2018-04-16,371428100115901,119,32,c(-100.199667, 37.241183),"2018","215-144",-100.199667,37.241183,10,"0-65"
"3483","Meade",-155.51,"Proffit Lake NW",2018-10-22,371428100115901,119,32,c(-100.199667, 37.241183),"2018","215-144",-100.199667,37.241183,10,"0-65"
"3484","Meade",-154.04,"Proffit Lake NW",2019-01-02,371428100115901,119,32,c(-100.199667, 37.241183),"2019","215-144",-100.199667,37.241183,10,"0-65"
"3485","Meade",-153.63,"Proffit Lake NW",2019-04-15,371428100115901,119,32,c(-100.199667, 37.241183),"2019","215-144",-100.199667,37.241183,10,"0-65"
"3486","Meade",-150.69,"Proffit Lake NW",2020-12-22,371428100115901,119,32,c(-100.199667, 37.241183),"2020","215-144",-100.199667,37.241183,10,"0-65"
"3487","Meade",-153.32,"Proffit Lake NW",2021-04-13,371428100115901,119,32,c(-100.199667, 37.241183),"2021","215-144",-100.199667,37.241183,10,"0-65"
"3488","Meade",-152.65,"Proffit Lake NW",2021-10-19,371428100115901,119,32,c(-100.199667, 37.241183),"2021","215-144",-100.199667,37.241183,10,"0-65"
"3489","Meade",-152.42,"Proffit Lake NW",2021-12-15,371428100115901,119,32,c(-100.199667, 37.241183),"2021","215-144",-100.199667,37.241183,10,"0-65"
"3490","Meade",-153.28,"Proffit Lake NW",2022-04-25,371428100115901,119,32,c(-100.199667, 37.241183),"2022","215-144",-100.199667,37.241183,10,"0-65"
"3491","Meade",-152.65,"Proffit Lake NW",2023-12-19,371428100115901,119,32,c(-100.199667, 37.241183),"2023","215-144",-100.199667,37.241183,10,"0-65"
"3492","Meade",-23.98,"Kismet SE",1965-01-05,370048100342101,119,35,c(-100.570688, 37.017351),"1965","71-0",-100.570688,37.017351,247.8323669,"198-262"
"3493","Meade",-23.16,"Kismet SE",1966-01-17,370048100342101,119,35,c(-100.570688, 37.017351),"1966","71-0",-100.570688,37.017351,247.8323669,"198-262"
"3494","Meade",-23.4,"Kismet SE",1967-01-23,370048100342101,119,35,c(-100.570688, 37.017351),"1967","71-0",-100.570688,37.017351,247.8323669,"198-262"
"3495","Meade",-23.07,"Kismet SE",1968-01-15,370048100342101,119,35,c(-100.570688, 37.017351),"1968","71-0",-100.570688,37.017351,247.8323669,"198-262"
"3496","Meade",-23.1,"Kismet SE",1969-01-22,370048100342101,119,35,c(-100.570688, 37.017351),"1969","71-0",-100.570688,37.017351,247.8323669,"198-262"
"3497","Meade",-22.84,"Kismet SE",1970-01-22,370048100342101,119,35,c(-100.570688, 37.017351),"1970","71-0",-100.570688,37.017351,247.8323669,"198-262"
"3498","Meade",-24.17,"Kismet SE",1971-01-21,370048100342101,119,35,c(-100.570688, 37.017351),"1971","71-0",-100.570688,37.017351,247.8323669,"198-262"
"3499","Meade",-22.7,"Kismet SE",1972-01-19,370048100342101,119,35,c(-100.570688, 37.017351),"1972","71-0",-100.570688,37.017351,247.8323669,"198-262"
"3500","Meade",-22.47,"Kismet SE",1974-01-15,370048100342101,119,35,c(-100.570688, 37.017351),"1974","71-0",-100.570688,37.017351,247.8323669,"198-262"
"3501","Meade",-22.75,"Kismet SE",1975-01-23,370048100342101,119,35,c(-100.570688, 37.017351),"1975","71-0",-100.570688,37.017351,247.8323669,"198-262"
"3502","Meade",-22.71,"Kismet SE",1979-02-02,370048100342101,119,35,c(-100.570688, 37.017351),"1979","71-0",-100.570688,37.017351,247.8323669,"198-262"
"3503","Meade",-22.76,"Kismet SE",1980-01-16,370048100342101,119,35,c(-100.570688, 37.017351),"1980","71-0",-100.570688,37.017351,247.8323669,"198-262"
"3504","Meade",-25.02,"Kismet SE",1981-01-13,370048100342101,119,35,c(-100.570688, 37.017351),"1981","71-0",-100.570688,37.017351,247.8323669,"198-262"
"3505","Meade",-26.13,"Kismet SE",1982-01-15,370048100342101,119,35,c(-100.570688, 37.017351),"1982","71-0",-100.570688,37.017351,247.8323669,"198-262"
"3506","Meade",-26.7,"Kismet SE",1983-01-06,370048100342101,119,35,c(-100.570688, 37.017351),"1983","71-0",-100.570688,37.017351,247.8323669,"198-262"
"3507","Meade",-25.51,"Kismet SE",1984-01-12,370048100342101,119,35,c(-100.570688, 37.017351),"1984","71-0",-100.570688,37.017351,247.8323669,"198-262"
"3508","Meade",-24.99,"Kismet SE",1985-01-16,370048100342101,119,35,c(-100.570688, 37.017351),"1985","71-0",-100.570688,37.017351,247.8323669,"198-262"
"3509","Meade",-25.92,"Kismet SE",1986-01-08,370048100342101,119,35,c(-100.570688, 37.017351),"1986","71-0",-100.570688,37.017351,247.8323669,"198-262"
"3510","Meade",-25.4,"Kismet SE",1987-01-06,370048100342101,119,35,c(-100.570688, 37.017351),"1987","71-0",-100.570688,37.017351,247.8323669,"198-262"
"3511","Meade",-25.24,"Kismet SE",1988-01-05,370048100342101,119,35,c(-100.570688, 37.017351),"1988","71-0",-100.570688,37.017351,247.8323669,"198-262"
"3512","Meade",-26.48,"Kismet SE",1989-01-10,370048100342101,119,35,c(-100.570688, 37.017351),"1989","71-0",-100.570688,37.017351,247.8323669,"198-262"
"3513","Meade",-24.86,"Kismet SE",1990-01-10,370048100342101,119,35,c(-100.570688, 37.017351),"1990","71-0",-100.570688,37.017351,247.8323669,"198-262"
"3514","Meade",-24.44,"Kismet SE",1991-01-10,370048100342101,119,35,c(-100.570688, 37.017351),"1991","71-0",-100.570688,37.017351,247.8323669,"198-262"
"3515","Meade",-26.48,"Kismet SE",1992-01-15,370048100342101,119,35,c(-100.570688, 37.017351),"1992","71-0",-100.570688,37.017351,247.8323669,"198-262"
"3516","Meade",-23.16,"Kismet SE",1993-02-03,370048100342101,119,35,c(-100.570688, 37.017351),"1993","71-0",-100.570688,37.017351,247.8323669,"198-262"
"3517","Meade",-24.6,"Kismet SE",1994-01-10,370048100342101,119,35,c(-100.570688, 37.017351),"1994","71-0",-100.570688,37.017351,247.8323669,"198-262"
"3518","Meade",-24.86,"Kismet SE",1995-01-17,370048100342101,119,35,c(-100.570688, 37.017351),"1995","71-0",-100.570688,37.017351,247.8323669,"198-262"
"3519","Meade",-25.4,"Kismet SE",1996-01-24,370048100342101,119,35,c(-100.570688, 37.017351),"1996","71-0",-100.570688,37.017351,247.8323669,"198-262"
"3520","Meade",-25,"Kismet SE",1997-01-07,370048100342101,119,35,c(-100.570688, 37.017351),"1997","71-0",-100.570688,37.017351,247.8323669,"198-262"
"3521","Meade",-24.8,"Kismet SE",1998-01-06,370048100342101,119,35,c(-100.570688, 37.017351),"1998","71-0",-100.570688,37.017351,247.8323669,"198-262"
"3522","Meade",-24.28,"Kismet SE",1999-01-06,370048100342101,119,35,c(-100.570688, 37.017351),"1999","71-0",-100.570688,37.017351,247.8323669,"198-262"
"3523","Meade",-25.35,"Kismet SE",2000-01-07,370048100342101,119,35,c(-100.570688, 37.017351),"2000","71-0",-100.570688,37.017351,247.8323669,"198-262"
"3524","Meade",-25.21,"Kismet SE",2001-01-06,370048100342101,119,35,c(-100.570688, 37.017351),"2001","71-0",-100.570688,37.017351,247.8323669,"198-262"
"3525","Meade",-25.76,"Kismet SE",2002-01-07,370048100342101,119,35,c(-100.570688, 37.017351),"2002","71-0",-100.570688,37.017351,247.8323669,"198-262"
"3526","Meade",-26.73,"Kismet SE",2003-01-10,370048100342101,119,35,c(-100.570688, 37.017351),"2003","71-0",-100.570688,37.017351,247.8323669,"198-262"
"3527","Meade",-26.29,"Kismet SE",2004-01-05,370048100342101,119,35,c(-100.570688, 37.017351),"2004","71-0",-100.570688,37.017351,247.8323669,"198-262"
"3528","Meade",-25.65,"Kismet SE",2005-01-11,370048100342101,119,35,c(-100.570688, 37.017351),"2005","71-0",-100.570688,37.017351,247.8323669,"198-262"
"3529","Meade",-25.66,"Kismet SE",2006-01-08,370048100342101,119,35,c(-100.570688, 37.017351),"2006","71-0",-100.570688,37.017351,247.8323669,"198-262"
"3530","Meade",-29.99,"Kismet SE",2007-01-23,370048100342101,119,35,c(-100.570688, 37.017351),"2007","71-0",-100.570688,37.017351,247.8323669,"198-262"
"3531","Meade",-32.39,"Kismet SE",2008-01-08,370048100342101,119,35,c(-100.570688, 37.017351),"2008","71-0",-100.570688,37.017351,247.8323669,"198-262"
"3532","Meade",-30.58,"Kismet SE",2009-01-08,370048100342101,119,35,c(-100.570688, 37.017351),"2009","71-0",-100.570688,37.017351,247.8323669,"198-262"
"3533","Meade",-30.2,"Kismet SE",2010-01-05,370048100342101,119,35,c(-100.570688, 37.017351),"2010","71-0",-100.570688,37.017351,247.8323669,"198-262"
"3534","Meade",-29.05,"Kismet SE",2011-01-07,370048100342101,119,35,c(-100.570688, 37.017351),"2011","71-0",-100.570688,37.017351,247.8323669,"198-262"
"3535","Meade",-30.16,"Kismet SE",2012-01-06,370048100342101,119,35,c(-100.570688, 37.017351),"2012","71-0",-100.570688,37.017351,247.8323669,"198-262"
"3536","Meade",-31.84,"Kismet SE",2013-01-06,370048100342101,119,35,c(-100.570688, 37.017351),"2013","71-0",-100.570688,37.017351,247.8323669,"198-262"
"3537","Meade",-31.46,"Kismet SE",2014-01-05,370048100342101,119,35,c(-100.570688, 37.017351),"2014","71-0",-100.570688,37.017351,247.8323669,"198-262"
"3538","Meade",-31.36,"Kismet SE",2015-01-05,370048100342101,119,35,c(-100.570688, 37.017351),"2015","71-0",-100.570688,37.017351,247.8323669,"198-262"
"3539","Meade",-30.78,"Kismet SE",2016-01-05,370048100342101,119,35,c(-100.570688, 37.017351),"2016","71-0",-100.570688,37.017351,247.8323669,"198-262"
"3540","Meade",-31.56,"Kismet SE",2017-01-06,370048100342101,119,35,c(-100.570688, 37.017351),"2017","71-0",-100.570688,37.017351,247.8323669,"198-262"
"3541","Meade",-31.55,"Kismet SE",2018-01-05,370048100342101,119,35,c(-100.570688, 37.017351),"2018","71-0",-100.570688,37.017351,247.8323669,"198-262"
"3542","Meade",-31.35,"Kismet SE",2019-01-05,370048100342101,119,35,c(-100.570688, 37.017351),"2019","71-0",-100.570688,37.017351,247.8323669,"198-262"
"3543","Meade",-31.88,"Kismet SE",2020-01-05,370048100342101,119,35,c(-100.570688, 37.017351),"2020","71-0",-100.570688,37.017351,247.8323669,"198-262"
"3544","Meade",-32.3,"Kismet SE",2021-01-07,370048100342101,119,35,c(-100.570688, 37.017351),"2021","71-0",-100.570688,37.017351,247.8323669,"198-262"
"3545","Meade",-32.32,"Kismet SE",2021-01-07,370048100342101,119,35,c(-100.570688, 37.017351),"2021","71-0",-100.570688,37.017351,247.8323669,"198-262"
"3546","Meade",-32.4,"Kismet SE",2022-01-06,370048100342101,119,35,c(-100.570688, 37.017351),"2022","71-0",-100.570688,37.017351,247.8323669,"198-262"
"3547","Meade",-33.2,"Kismet SE",2023-01-06,370048100342101,119,35,c(-100.570688, 37.017351),"2023","71-0",-100.570688,37.017351,247.8323669,"198-262"
"3548","Meade",-32.22,"Kismet SE",2024-01-05,370048100342101,119,35,c(-100.570688, 37.017351),"2024","71-0",-100.570688,37.017351,247.8323669,"198-262"
"3549","Meade",-196.52,NA,1975-01-23,370403100344401,119,34,c(-100.578129, 37.06724),"1975","215-144",-100.578129,37.06724,442.7352295,"393-459"
"3550","Meade",-197.9,NA,1977-01-07,370403100344401,119,34,c(-100.578129, 37.06724),"1977","215-144",-100.578129,37.06724,442.7352295,"393-459"
"3551","Meade",-121.4,"MINNEOLA",1978-12-15,372803100071701,119,30,c(-100.122106, 37.468406),"1978","143-72",-100.122106,37.468406,10,"0-65"
"3552","Meade",-118.28,"MINNEOLA",1979-05-23,372803100071701,119,30,c(-100.122106, 37.468406),"1979","143-72",-100.122106,37.468406,10,"0-65"
"3553","Meade",-125.45,"MINNEOLA",1979-09-18,372803100071701,119,30,c(-100.122106, 37.468406),"1979","143-72",-100.122106,37.468406,10,"0-65"
"3554","Meade",-125.52,"MINNEOLA",1979-09-28,372803100071701,119,30,c(-100.122106, 37.468406),"1979","143-72",-100.122106,37.468406,10,"0-65"
"3555","Meade",-156,"Plains",1965-01-01,371618100354701,119,32,c(-100.59863, 37.272852),"1965","215-144",-100.59863,37.272852,267.3525391,"263-328"
"3556","Meade",-155.42,"Plains",1965-01-28,371618100354701,119,32,c(-100.59863, 37.272852),"1965","215-144",-100.59863,37.272852,267.3525391,"263-328"
"3557","Meade",-156.75,"Plains",1966-01-17,371618100354701,119,32,c(-100.59863, 37.272852),"1966","215-144",-100.59863,37.272852,267.3525391,"263-328"
"3558","Meade",-156.7,"Plains",1967-01-23,371618100354701,119,32,c(-100.59863, 37.272852),"1967","215-144",-100.59863,37.272852,267.3525391,"263-328"
"3559","Meade",-159.85,"Plains",1969-01-22,371618100354701,119,32,c(-100.59863, 37.272852),"1969","215-144",-100.59863,37.272852,267.3525391,"263-328"
"3560","Meade",-161.27,"Plains",1970-01-22,371618100354701,119,32,c(-100.59863, 37.272852),"1970","215-144",-100.59863,37.272852,267.3525391,"263-328"
"3561","Meade",-162.55,"Plains",1971-01-20,371618100354701,119,32,c(-100.59863, 37.272852),"1971","215-144",-100.59863,37.272852,267.3525391,"263-328"
"3562","Meade",-164.5,"Plains",1972-01-19,371618100354701,119,32,c(-100.59863, 37.272852),"1972","215-144",-100.59863,37.272852,267.3525391,"263-328"
"3563","Meade",-175.52,"Plains",1973-01-22,371618100354701,119,32,c(-100.59863, 37.272852),"1973","215-144",-100.59863,37.272852,267.3525391,"263-328"
"3564","Meade",-180.48,"Plains",1974-01-15,371618100354701,119,32,c(-100.59863, 37.272852),"1974","215-144",-100.59863,37.272852,267.3525391,"263-328"
"3565","Meade",-178.29,"Plains",1975-01-23,371618100354701,119,32,c(-100.59863, 37.272852),"1975","215-144",-100.59863,37.272852,267.3525391,"263-328"
"3566","Meade",-178.48,"Plains",1976-01-12,371618100354701,119,32,c(-100.59863, 37.272852),"1976","215-144",-100.59863,37.272852,267.3525391,"263-328"
"3567","Meade",-174.99,"Plains",1977-02-16,371618100354701,119,32,c(-100.59863, 37.272852),"1977","215-144",-100.59863,37.272852,267.3525391,"263-328"
"3568","Meade",-183.56,"Plains",1978-01-19,371618100354701,119,32,c(-100.59863, 37.272852),"1978","215-144",-100.59863,37.272852,267.3525391,"263-328"
"3569","Meade",-189.62,"Plains",1979-02-02,371618100354701,119,32,c(-100.59863, 37.272852),"1979","215-144",-100.59863,37.272852,267.3525391,"263-328"
"3570","Meade",-188.86,"Plains",1980-01-18,371618100354701,119,32,c(-100.59863, 37.272852),"1980","215-144",-100.59863,37.272852,267.3525391,"263-328"
"3571","Meade",-184.63,"Plains",1981-01-14,371618100354701,119,32,c(-100.59863, 37.272852),"1981","215-144",-100.59863,37.272852,267.3525391,"263-328"
"3572","Meade",-189.06,"Plains",1982-01-15,371618100354701,119,32,c(-100.59863, 37.272852),"1982","215-144",-100.59863,37.272852,267.3525391,"263-328"
"3573","Meade",-191.8,"Plains",1983-01-05,371618100354701,119,32,c(-100.59863, 37.272852),"1983","215-144",-100.59863,37.272852,267.3525391,"263-328"
"3574","Meade",-191.09,"Plains",1984-01-11,371618100354701,119,32,c(-100.59863, 37.272852),"1984","215-144",-100.59863,37.272852,267.3525391,"263-328"
"3575","Meade",-192.41,"Plains",1985-01-16,371618100354701,119,32,c(-100.59863, 37.272852),"1985","215-144",-100.59863,37.272852,267.3525391,"263-328"
"3576","Meade",-192.89,"Plains",1986-01-08,371618100354701,119,32,c(-100.59863, 37.272852),"1986","215-144",-100.59863,37.272852,267.3525391,"263-328"
"3577","Meade",-194.34,"Plains",1987-01-06,371618100354701,119,32,c(-100.59863, 37.272852),"1987","215-144",-100.59863,37.272852,267.3525391,"263-328"
"3578","Meade",-196.99,"Plains",1988-01-05,371618100354701,119,32,c(-100.59863, 37.272852),"1988","215-144",-100.59863,37.272852,267.3525391,"263-328"
"3579","Meade",-202.2,"Plains",1989-01-10,371618100354701,119,32,c(-100.59863, 37.272852),"1989","215-144",-100.59863,37.272852,267.3525391,"263-328"
"3580","Meade",-199.46,"Plains",1991-01-10,371618100354701,119,32,c(-100.59863, 37.272852),"1991","215-144",-100.59863,37.272852,267.3525391,"263-328"
"3581","Meade",-207.23,"Plains",1992-01-14,371618100354701,119,32,c(-100.59863, 37.272852),"1992","215-144",-100.59863,37.272852,267.3525391,"263-328"
"3582","Meade",-208.83,"Plains",1993-02-02,371618100354701,119,32,c(-100.59863, 37.272852),"1993","215-144",-100.59863,37.272852,267.3525391,"263-328"
"3583","Meade",-210.65,"Plains",1994-01-11,371618100354701,119,32,c(-100.59863, 37.272852),"1994","215-144",-100.59863,37.272852,267.3525391,"263-328"
"3584","Meade",-213.02,"Plains",1995-01-17,371618100354701,119,32,c(-100.59863, 37.272852),"1995","215-144",-100.59863,37.272852,267.3525391,"263-328"
"3585","Meade",-215.38,"Plains",1996-01-19,371618100354701,119,32,c(-100.59863, 37.272852),"1996","215-144",-100.59863,37.272852,267.3525391,"263-328"
"3586","Meade",-217.92,"Plains",1997-01-07,371618100354701,119,32,c(-100.59863, 37.272852),"1997","287-216",-100.59863,37.272852,267.3525391,"263-328"
"3587","Meade",-219.48,"Plains",1998-01-06,371618100354701,119,32,c(-100.59863, 37.272852),"1998","287-216",-100.59863,37.272852,267.3525391,"263-328"
"3588","Meade",-221.2,"Plains",1999-01-06,371618100354701,119,32,c(-100.59863, 37.272852),"1999","287-216",-100.59863,37.272852,267.3525391,"263-328"
"3589","Meade",-222.38,"Plains",2000-01-07,371618100354701,119,32,c(-100.59863, 37.272852),"2000","287-216",-100.59863,37.272852,267.3525391,"263-328"
"3590","Meade",-224.47,"Plains",2001-01-06,371618100354701,119,32,c(-100.59863, 37.272852),"2001","287-216",-100.59863,37.272852,267.3525391,"263-328"
"3591","Meade",-227.01,"Plains",2002-01-07,371618100354701,119,32,c(-100.59863, 37.272852),"2002","287-216",-100.59863,37.272852,267.3525391,"263-328"
"3592","Meade",-229.86,"Plains",2003-01-10,371618100354701,119,32,c(-100.59863, 37.272852),"2003","287-216",-100.59863,37.272852,267.3525391,"263-328"
"3593","Meade",-231.76,"Plains",2004-01-05,371618100354701,119,32,c(-100.59863, 37.272852),"2004","287-216",-100.59863,37.272852,267.3525391,"263-328"
"3594","Meade",-232.93,"Plains",2005-01-12,371618100354701,119,32,c(-100.59863, 37.272852),"2005","287-216",-100.59863,37.272852,267.3525391,"263-328"
"3595","Meade",-235.15,"Plains",2006-01-08,371618100354701,119,32,c(-100.59863, 37.272852),"2006","287-216",-100.59863,37.272852,267.3525391,"263-328"
"3596","Meade",-237.58,"Plains",2007-01-23,371618100354701,119,32,c(-100.59863, 37.272852),"2007","287-216",-100.59863,37.272852,267.3525391,"263-328"
"3597","Meade",-239.82,"Plains",2008-01-08,371618100354701,119,32,c(-100.59863, 37.272852),"2008","287-216",-100.59863,37.272852,267.3525391,"263-328"
"3598","Meade",-241.42,"Plains",2009-03-10,371618100354701,119,32,c(-100.59863, 37.272852),"2009","287-216",-100.59863,37.272852,267.3525391,"263-328"
"3599","Meade",-242.79,"Plains",2010-01-05,371618100354701,119,32,c(-100.59863, 37.272852),"2010","287-216",-100.59863,37.272852,267.3525391,"263-328"
"3600","Meade",-245.84,"Plains",2011-01-07,371618100354701,119,32,c(-100.59863, 37.272852),"2011","287-216",-100.59863,37.272852,267.3525391,"263-328"
"3601","Meade",-249.15,"Plains",2012-01-06,371618100354701,119,32,c(-100.59863, 37.272852),"2012","287-216",-100.59863,37.272852,267.3525391,"263-328"
"3602","Meade",-249.13,"Plains",2012-01-06,371618100354701,119,32,c(-100.59863, 37.272852),"2012","287-216",-100.59863,37.272852,267.3525391,"263-328"
"3603","Meade",-263.96,"Plains",2013-01-06,371618100354701,119,32,c(-100.59863, 37.272852),"2013","287-216",-100.59863,37.272852,267.3525391,"263-328"
"3604","Meade",-256.26,"Plains",2014-01-05,371618100354701,119,32,c(-100.59863, 37.272852),"2014","287-216",-100.59863,37.272852,267.3525391,"263-328"
"3605","Meade",-261.09,"Plains",2015-01-06,371618100354701,119,32,c(-100.59863, 37.272852),"2015","287-216",-100.59863,37.272852,267.3525391,"263-328"
"3606","Meade",-262.5,"Plains",2016-01-05,371618100354701,119,32,c(-100.59863, 37.272852),"2016","287-216",-100.59863,37.272852,267.3525391,"263-328"
"3607","Meade",-262.6,"Plains",2017-01-06,371618100354701,119,32,c(-100.59863, 37.272852),"2017","287-216",-100.59863,37.272852,267.3525391,"263-328"
"3608","Meade",-264.79,"Plains",2018-01-05,371618100354701,119,32,c(-100.59863, 37.272852),"2018","287-216",-100.59863,37.272852,267.3525391,"263-328"
"3609","Meade",-265.83,"Plains",2019-01-05,371618100354701,119,32,c(-100.59863, 37.272852),"2019","287-216",-100.59863,37.272852,267.3525391,"263-328"
"3610","Meade",-267.36,"Plains",2020-01-05,371618100354701,119,32,c(-100.59863, 37.272852),"2020","287-216",-100.59863,37.272852,267.3525391,"263-328"
"3611","Meade",-269.49,"Plains",2021-01-07,371618100354701,119,32,c(-100.59863, 37.272852),"2021","287-216",-100.59863,37.272852,267.3525391,"263-328"
"3612","Meade",-274.65,"Plains",2022-01-06,371618100354701,119,32,c(-100.59863, 37.272852),"2022","287-216",-100.59863,37.272852,267.3525391,"263-328"
"3613","Meade",-277.73,"Plains",2023-01-06,371618100354701,119,32,c(-100.59863, 37.272852),"2023","287-216",-100.59863,37.272852,267.3525391,"263-328"
"3614","Meade",-275.1,"Plains",2024-01-05,371618100354701,119,32,c(-100.59863, 37.272852),"2024","287-216",-100.59863,37.272852,267.3525391,"263-328"
"3615","Meade",-141.49,NA,1975-01-25,371425100272001,119,32,c(-100.455986, 37.241688),"1975","143-72",-100.455986,37.241688,239.4807281,"198-262"
"3616","Meade",-141.9,NA,1977-01-12,371425100272001,119,32,c(-100.455986, 37.241688),"1977","143-72",-100.455986,37.241688,239.4807281,"198-262"
"3617","Meade",-141.16,NA,1979-02-02,371425100272001,119,32,c(-100.455986, 37.241688),"1979","143-72",-100.455986,37.241688,239.4807281,"198-262"
"3618","Meade",-145.07,NA,1980-01-17,371425100272001,119,32,c(-100.455986, 37.241688),"1980","215-144",-100.455986,37.241688,239.4807281,"198-262"
"3619","Meade",-145.8,NA,1981-01-14,371425100272001,119,32,c(-100.455986, 37.241688),"1981","215-144",-100.455986,37.241688,239.4807281,"198-262"
"3620","Meade",-146.35,NA,1982-01-15,371425100272001,119,32,c(-100.455986, 37.241688),"1982","215-144",-100.455986,37.241688,239.4807281,"198-262"
"3621","Meade",-147.45,NA,1983-01-06,371425100272001,119,32,c(-100.455986, 37.241688),"1983","215-144",-100.455986,37.241688,239.4807281,"198-262"
"3622","Meade",-147.33,NA,1984-01-12,371425100272001,119,32,c(-100.455986, 37.241688),"1984","215-144",-100.455986,37.241688,239.4807281,"198-262"
"3623","Meade",-60.6,"FOWLER SW",1939-07-01,371929100140101,119,31,c(-100.234185, 37.326944),"1939","71-0",-100.234185,37.326944,82.60464478,"66-131"
"3624","Meade",-60.56,"FOWLER SW",1939-07-26,371929100140101,119,31,c(-100.234185, 37.326944),"1939","71-0",-100.234185,37.326944,82.60464478,"66-131"
"3625","Meade",-60.61,"FOWLER SW",1939-08-02,371929100140101,119,31,c(-100.234185, 37.326944),"1939","71-0",-100.234185,37.326944,82.60464478,"66-131"
"3626","Meade",-60.56,"FOWLER SW",1939-08-31,371929100140101,119,31,c(-100.234185, 37.326944),"1939","71-0",-100.234185,37.326944,82.60464478,"66-131"
"3627","Meade",-60.6,"FOWLER SW",1939-09-29,371929100140101,119,31,c(-100.234185, 37.326944),"1939","71-0",-100.234185,37.326944,82.60464478,"66-131"
"3628","Meade",-60.52,"FOWLER SW",1939-11-09,371929100140101,119,31,c(-100.234185, 37.326944),"1939","71-0",-100.234185,37.326944,82.60464478,"66-131"
"3629","Meade",-60.52,"FOWLER SW",1939-12-13,371929100140101,119,31,c(-100.234185, 37.326944),"1939","71-0",-100.234185,37.326944,82.60464478,"66-131"
"3630","Meade",-60.59,"FOWLER SW",1940-01-25,371929100140101,119,31,c(-100.234185, 37.326944),"1940","71-0",-100.234185,37.326944,82.60464478,"66-131"
"3631","Meade",-60.52,"FOWLER SW",1940-02-14,371929100140101,119,31,c(-100.234185, 37.326944),"1940","71-0",-100.234185,37.326944,82.60464478,"66-131"
"3632","Meade",-60.59,"FOWLER SW",1940-03-21,371929100140101,119,31,c(-100.234185, 37.326944),"1940","71-0",-100.234185,37.326944,82.60464478,"66-131"
"3633","Meade",-60.54,"FOWLER SW",1940-04-20,371929100140101,119,31,c(-100.234185, 37.326944),"1940","71-0",-100.234185,37.326944,82.60464478,"66-131"
"3634","Meade",-60.77,"FOWLER SW",1940-05-17,371929100140101,119,31,c(-100.234185, 37.326944),"1940","71-0",-100.234185,37.326944,82.60464478,"66-131"
"3635","Meade",-60.56,"FOWLER SW",1940-06-20,371929100140101,119,31,c(-100.234185, 37.326944),"1940","71-0",-100.234185,37.326944,82.60464478,"66-131"
"3636","Meade",-60.56,"FOWLER SW",1940-07-23,371929100140101,119,31,c(-100.234185, 37.326944),"1940","71-0",-100.234185,37.326944,82.60464478,"66-131"
"3637","Meade",-60.61,"FOWLER SW",1940-08-17,371929100140101,119,31,c(-100.234185, 37.326944),"1940","71-0",-100.234185,37.326944,82.60464478,"66-131"
"3638","Meade",-60.6,"FOWLER SW",1940-09-20,371929100140101,119,31,c(-100.234185, 37.326944),"1940","71-0",-100.234185,37.326944,82.60464478,"66-131"
"3639","Meade",-60.56,"FOWLER SW",1940-10-29,371929100140101,119,31,c(-100.234185, 37.326944),"1940","71-0",-100.234185,37.326944,82.60464478,"66-131"
"3640","Meade",-60.59,"FOWLER SW",1940-11-19,371929100140101,119,31,c(-100.234185, 37.326944),"1940","71-0",-100.234185,37.326944,82.60464478,"66-131"
"3641","Meade",-60.52,"FOWLER SW",1940-12-21,371929100140101,119,31,c(-100.234185, 37.326944),"1940","71-0",-100.234185,37.326944,82.60464478,"66-131"
"3642","Meade",-60.51,"FOWLER SW",1941-01-21,371929100140101,119,31,c(-100.234185, 37.326944),"1941","71-0",-100.234185,37.326944,82.60464478,"66-131"
"3643","Meade",-60.47,"FOWLER SW",1941-03-17,371929100140101,119,31,c(-100.234185, 37.326944),"1941","71-0",-100.234185,37.326944,82.60464478,"66-131"
"3644","Meade",-60.48,"FOWLER SW",1941-04-21,371929100140101,119,31,c(-100.234185, 37.326944),"1941","71-0",-100.234185,37.326944,82.60464478,"66-131"
"3645","Meade",-60.45,"FOWLER SW",1941-05-16,371929100140101,119,31,c(-100.234185, 37.326944),"1941","71-0",-100.234185,37.326944,82.60464478,"66-131"
"3646","Meade",-60.42,"FOWLER SW",1941-06-10,371929100140101,119,31,c(-100.234185, 37.326944),"1941","71-0",-100.234185,37.326944,82.60464478,"66-131"
"3647","Meade",-60.46,"FOWLER SW",1941-07-15,371929100140101,119,31,c(-100.234185, 37.326944),"1941","71-0",-100.234185,37.326944,82.60464478,"66-131"
"3648","Meade",-60.42,"FOWLER SW",1941-08-06,371929100140101,119,31,c(-100.234185, 37.326944),"1941","71-0",-100.234185,37.326944,82.60464478,"66-131"
"3649","Meade",-60.35,"FOWLER SW",1941-09-09,371929100140101,119,31,c(-100.234185, 37.326944),"1941","71-0",-100.234185,37.326944,82.60464478,"66-131"
"3650","Meade",-60.37,"FOWLER SW",1941-10-08,371929100140101,119,31,c(-100.234185, 37.326944),"1941","71-0",-100.234185,37.326944,82.60464478,"66-131"
"3651","Meade",-60.43,"FOWLER SW",1941-11-06,371929100140101,119,31,c(-100.234185, 37.326944),"1941","71-0",-100.234185,37.326944,82.60464478,"66-131"
"3652","Meade",-60.36,"FOWLER SW",1941-12-03,371929100140101,119,31,c(-100.234185, 37.326944),"1941","71-0",-100.234185,37.326944,82.60464478,"66-131"
"3653","Meade",-60.39,"FOWLER SW",1942-01-06,371929100140101,119,31,c(-100.234185, 37.326944),"1942","71-0",-100.234185,37.326944,82.60464478,"66-131"
"3654","Meade",-60.42,"FOWLER SW",1942-02-03,371929100140101,119,31,c(-100.234185, 37.326944),"1942","71-0",-100.234185,37.326944,82.60464478,"66-131"
"3655","Meade",-60.39,"FOWLER SW",1942-03-03,371929100140101,119,31,c(-100.234185, 37.326944),"1942","71-0",-100.234185,37.326944,82.60464478,"66-131"
"3656","Meade",-60.33,"FOWLER SW",1942-04-01,371929100140101,119,31,c(-100.234185, 37.326944),"1942","71-0",-100.234185,37.326944,82.60464478,"66-131"
"3657","Meade",-60.37,"FOWLER SW",1942-05-12,371929100140101,119,31,c(-100.234185, 37.326944),"1942","71-0",-100.234185,37.326944,82.60464478,"66-131"
"3658","Meade",-60.31,"FOWLER SW",1942-06-02,371929100140101,119,31,c(-100.234185, 37.326944),"1942","71-0",-100.234185,37.326944,82.60464478,"66-131"
"3659","Meade",-60.3,"FOWLER SW",1942-07-01,371929100140101,119,31,c(-100.234185, 37.326944),"1942","71-0",-100.234185,37.326944,82.60464478,"66-131"
"3660","Meade",-60.29,"FOWLER SW",1942-08-03,371929100140101,119,31,c(-100.234185, 37.326944),"1942","71-0",-100.234185,37.326944,82.60464478,"66-131"
"3661","Meade",-60.28,"FOWLER SW",1942-09-09,371929100140101,119,31,c(-100.234185, 37.326944),"1942","71-0",-100.234185,37.326944,82.60464478,"66-131"
"3662","Meade",-60.26,"FOWLER SW",1942-10-21,371929100140101,119,31,c(-100.234185, 37.326944),"1942","71-0",-100.234185,37.326944,82.60464478,"66-131"
"3663","Meade",-60.2,"FOWLER SW",1942-11-23,371929100140101,119,31,c(-100.234185, 37.326944),"1942","71-0",-100.234185,37.326944,82.60464478,"66-131"
"3664","Meade",-60.22,"FOWLER SW",1942-12-17,371929100140101,119,31,c(-100.234185, 37.326944),"1942","71-0",-100.234185,37.326944,82.60464478,"66-131"
"3665","Meade",-60.14,"FOWLER SW",1943-02-19,371929100140101,119,31,c(-100.234185, 37.326944),"1943","71-0",-100.234185,37.326944,82.60464478,"66-131"
"3666","Meade",-60.16,"FOWLER SW",1943-03-17,371929100140101,119,31,c(-100.234185, 37.326944),"1943","71-0",-100.234185,37.326944,82.60464478,"66-131"
"3667","Meade",-60.04,"FOWLER SW",1943-06-25,371929100140101,119,31,c(-100.234185, 37.326944),"1943","71-0",-100.234185,37.326944,82.60464478,"66-131"
"3668","Meade",-60.01,"FOWLER SW",1943-07-19,371929100140101,119,31,c(-100.234185, 37.326944),"1943","71-0",-100.234185,37.326944,82.60464478,"66-131"
"3669","Meade",-60,"FOWLER SW",1943-08-18,371929100140101,119,31,c(-100.234185, 37.326944),"1943","71-0",-100.234185,37.326944,82.60464478,"66-131"
"3670","Meade",-59.99,"FOWLER SW",1943-09-09,371929100140101,119,31,c(-100.234185, 37.326944),"1943","71-0",-100.234185,37.326944,82.60464478,"66-131"
"3671","Meade",-60.02,"FOWLER SW",1943-10-04,371929100140101,119,31,c(-100.234185, 37.326944),"1943","71-0",-100.234185,37.326944,82.60464478,"66-131"
"3672","Meade",-60.01,"FOWLER SW",1943-11-02,371929100140101,119,31,c(-100.234185, 37.326944),"1943","71-0",-100.234185,37.326944,82.60464478,"66-131"
"3673","Meade",-60.03,"FOWLER SW",1943-12-06,371929100140101,119,31,c(-100.234185, 37.326944),"1943","71-0",-100.234185,37.326944,82.60464478,"66-131"
"3674","Meade",-59.85,"FOWLER SW",1944-06-17,371929100140101,119,31,c(-100.234185, 37.326944),"1944","71-0",-100.234185,37.326944,82.60464478,"66-131"
"3675","Meade",-59.79,"FOWLER SW",1944-08-30,371929100140101,119,31,c(-100.234185, 37.326944),"1944","71-0",-100.234185,37.326944,82.60464478,"66-131"
"3676","Meade",-59.78,"FOWLER SW",1944-12-14,371929100140101,119,31,c(-100.234185, 37.326944),"1944","71-0",-100.234185,37.326944,82.60464478,"66-131"
"3677","Meade",-59.6,"FOWLER SW",1945-03-13,371929100140101,119,31,c(-100.234185, 37.326944),"1945","71-0",-100.234185,37.326944,82.60464478,"66-131"
"3678","Meade",-59.68,"FOWLER SW",1945-06-07,371929100140101,119,31,c(-100.234185, 37.326944),"1945","71-0",-100.234185,37.326944,82.60464478,"66-131"
"3679","Meade",-59.61,"FOWLER SW",1945-09-19,371929100140101,119,31,c(-100.234185, 37.326944),"1945","71-0",-100.234185,37.326944,82.60464478,"66-131"
"3680","Meade",-59.6,"FOWLER SW",1945-12-18,371929100140101,119,31,c(-100.234185, 37.326944),"1945","71-0",-100.234185,37.326944,82.60464478,"66-131"
"3681","Meade",-59.57,"FOWLER SW",1946-03-25,371929100140101,119,31,c(-100.234185, 37.326944),"1946","71-0",-100.234185,37.326944,82.60464478,"66-131"
"3682","Meade",-59.55,"FOWLER SW",1946-06-05,371929100140101,119,31,c(-100.234185, 37.326944),"1946","71-0",-100.234185,37.326944,82.60464478,"66-131"
"3683","Meade",-59.57,"FOWLER SW",1946-09-20,371929100140101,119,31,c(-100.234185, 37.326944),"1946","71-0",-100.234185,37.326944,82.60464478,"66-131"
"3684","Meade",-59.59,"FOWLER SW",1946-12-21,371929100140101,119,31,c(-100.234185, 37.326944),"1946","71-0",-100.234185,37.326944,82.60464478,"66-131"
"3685","Meade",-59.52,"FOWLER SW",1947-03-21,371929100140101,119,31,c(-100.234185, 37.326944),"1947","71-0",-100.234185,37.326944,82.60464478,"66-131"
"3686","Meade",-59.4,"FOWLER SW",1947-09-16,371929100140101,119,31,c(-100.234185, 37.326944),"1947","71-0",-100.234185,37.326944,82.60464478,"66-131"
"3687","Meade",-61.4,"FOWLER SW",1947-12-15,371929100140101,119,31,c(-100.234185, 37.326944),"1947","71-0",-100.234185,37.326944,82.60464478,"66-131"
"3688","Meade",-59.28,"FOWLER SW",1948-06-17,371929100140101,119,31,c(-100.234185, 37.326944),"1948","71-0",-100.234185,37.326944,82.60464478,"66-131"
"3689","Meade",-59.49,"FOWLER SW",1948-09-21,371929100140101,119,31,c(-100.234185, 37.326944),"1948","71-0",-100.234185,37.326944,82.60464478,"66-131"
"3690","Meade",-59.23,"FOWLER SW",1948-12-17,371929100140101,119,31,c(-100.234185, 37.326944),"1948","71-0",-100.234185,37.326944,82.60464478,"66-131"
"3691","Meade",-59.18,"FOWLER SW",1949-03-08,371929100140101,119,31,c(-100.234185, 37.326944),"1949","71-0",-100.234185,37.326944,82.60464478,"66-131"
"3692","Meade",-58.88,"FOWLER SW",1949-09-15,371929100140101,119,31,c(-100.234185, 37.326944),"1949","71-0",-100.234185,37.326944,82.60464478,"66-131"
"3693","Meade",-58.6,"FOWLER SW",1949-12-20,371929100140101,119,31,c(-100.234185, 37.326944),"1949","71-0",-100.234185,37.326944,82.60464478,"66-131"
"3694","Meade",-58.4,"FOWLER SW",1950-03-15,371929100140101,119,31,c(-100.234185, 37.326944),"1950","71-0",-100.234185,37.326944,82.60464478,"66-131"
"3695","Meade",-58.25,"FOWLER SW",1950-06-13,371929100140101,119,31,c(-100.234185, 37.326944),"1950","71-0",-100.234185,37.326944,82.60464478,"66-131"
"3696","Meade",-58.1,"FOWLER SW",1950-09-26,371929100140101,119,31,c(-100.234185, 37.326944),"1950","71-0",-100.234185,37.326944,82.60464478,"66-131"
"3697","Meade",-57.98,"FOWLER SW",1950-12-27,371929100140101,119,31,c(-100.234185, 37.326944),"1950","71-0",-100.234185,37.326944,82.60464478,"66-131"
"3698","Meade",-57.8,"FOWLER SW",1951-03-19,371929100140101,119,31,c(-100.234185, 37.326944),"1951","71-0",-100.234185,37.326944,82.60464478,"66-131"
"3699","Meade",-57.3,"FOWLER SW",1951-09-19,371929100140101,119,31,c(-100.234185, 37.326944),"1951","71-0",-100.234185,37.326944,82.60464478,"66-131"
"3700","Meade",-57.14,"FOWLER SW",1951-12-18,371929100140101,119,31,c(-100.234185, 37.326944),"1951","71-0",-100.234185,37.326944,82.60464478,"66-131"
"3701","Meade",-56.93,"FOWLER SW",1952-03-19,371929100140101,119,31,c(-100.234185, 37.326944),"1952","71-0",-100.234185,37.326944,82.60464478,"66-131"
"3702","Meade",-56.81,"FOWLER SW",1952-06-09,371929100140101,119,31,c(-100.234185, 37.326944),"1952","71-0",-100.234185,37.326944,82.60464478,"66-131"
"3703","Meade",-56.75,"FOWLER SW",1952-09-03,371929100140101,119,31,c(-100.234185, 37.326944),"1952","71-0",-100.234185,37.326944,82.60464478,"66-131"
"3704","Meade",-56.74,"FOWLER SW",1952-12-10,371929100140101,119,31,c(-100.234185, 37.326944),"1952","71-0",-100.234185,37.326944,82.60464478,"66-131"
"3705","Meade",-56.59,"FOWLER SW",1953-03-19,371929100140101,119,31,c(-100.234185, 37.326944),"1953","71-0",-100.234185,37.326944,82.60464478,"66-131"
"3706","Meade",-56.45,"FOWLER SW",1953-06-04,371929100140101,119,31,c(-100.234185, 37.326944),"1953","71-0",-100.234185,37.326944,82.60464478,"66-131"
"3707","Meade",-56.38,"FOWLER SW",1953-09-09,371929100140101,119,31,c(-100.234185, 37.326944),"1953","71-0",-100.234185,37.326944,82.60464478,"66-131"
"3708","Meade",-56.36,"FOWLER SW",1953-12-29,371929100140101,119,31,c(-100.234185, 37.326944),"1953","71-0",-100.234185,37.326944,82.60464478,"66-131"
"3709","Meade",-56.49,"FOWLER SW",1954-03-16,371929100140101,119,31,c(-100.234185, 37.326944),"1954","71-0",-100.234185,37.326944,82.60464478,"66-131"
"3710","Meade",-56.36,"FOWLER SW",1954-06-09,371929100140101,119,31,c(-100.234185, 37.326944),"1954","71-0",-100.234185,37.326944,82.60464478,"66-131"
"3711","Meade",-56.39,"FOWLER SW",1954-09-14,371929100140101,119,31,c(-100.234185, 37.326944),"1954","71-0",-100.234185,37.326944,82.60464478,"66-131"
"3712","Meade",-56.41,"FOWLER SW",1954-12-13,371929100140101,119,31,c(-100.234185, 37.326944),"1954","71-0",-100.234185,37.326944,82.60464478,"66-131"
"3713","Meade",-56.39,"FOWLER SW",1955-03-15,371929100140101,119,31,c(-100.234185, 37.326944),"1955","71-0",-100.234185,37.326944,82.60464478,"66-131"
"3714","Meade",-56.38,"FOWLER SW",1955-09-13,371929100140101,119,31,c(-100.234185, 37.326944),"1955","71-0",-100.234185,37.326944,82.60464478,"66-131"
"3715","Meade",-56.34,"FOWLER SW",1955-12-28,371929100140101,119,31,c(-100.234185, 37.326944),"1955","71-0",-100.234185,37.326944,82.60464478,"66-131"
"3716","Meade",-56.43,"FOWLER SW",1956-03-13,371929100140101,119,31,c(-100.234185, 37.326944),"1956","71-0",-100.234185,37.326944,82.60464478,"66-131"
"3717","Meade",-56.37,"FOWLER SW",1956-06-07,371929100140101,119,31,c(-100.234185, 37.326944),"1956","71-0",-100.234185,37.326944,82.60464478,"66-131"
"3718","Meade",-56.35,"FOWLER SW",1956-09-13,371929100140101,119,31,c(-100.234185, 37.326944),"1956","71-0",-100.234185,37.326944,82.60464478,"66-131"
"3719","Meade",-56.39,"FOWLER SW",1956-12-04,371929100140101,119,31,c(-100.234185, 37.326944),"1956","71-0",-100.234185,37.326944,82.60464478,"66-131"
"3720","Meade",-56.55,"FOWLER SW",1957-03-19,371929100140101,119,31,c(-100.234185, 37.326944),"1957","71-0",-100.234185,37.326944,82.60464478,"66-131"
"3721","Meade",-56.69,"FOWLER SW",1957-06-18,371929100140101,119,31,c(-100.234185, 37.326944),"1957","71-0",-100.234185,37.326944,82.60464478,"66-131"
"3722","Meade",-56.37,"FOWLER SW",1957-12-19,371929100140101,119,31,c(-100.234185, 37.326944),"1957","71-0",-100.234185,37.326944,82.60464478,"66-131"
"3723","Meade",-56.58,"FOWLER SW",1958-03-19,371929100140101,119,31,c(-100.234185, 37.326944),"1958","71-0",-100.234185,37.326944,82.60464478,"66-131"
"3724","Meade",-56.49,"FOWLER SW",1958-07-16,371929100140101,119,31,c(-100.234185, 37.326944),"1958","71-0",-100.234185,37.326944,82.60464478,"66-131"
"3725","Meade",-56.38,"FOWLER SW",1958-10-17,371929100140101,119,31,c(-100.234185, 37.326944),"1958","71-0",-100.234185,37.326944,82.60464478,"66-131"
"3726","Meade",-56.49,"FOWLER SW",1959-01-08,371929100140101,119,31,c(-100.234185, 37.326944),"1959","71-0",-100.234185,37.326944,82.60464478,"66-131"
"3727","Meade",-57.56,"FOWLER SW",1959-04-10,371929100140101,119,31,c(-100.234185, 37.326944),"1959","71-0",-100.234185,37.326944,82.60464478,"66-131"
"3728","Meade",-56.38,"FOWLER SW",1959-07-17,371929100140101,119,31,c(-100.234185, 37.326944),"1959","71-0",-100.234185,37.326944,82.60464478,"66-131"
"3729","Meade",-143,NA,1965-01-01,372513100274101,119,30,c(-100.461627, 37.419623),"1965","143-72",-100.461627,37.419623,290.8287964,"263-328"
"3730","Meade",-137.86,NA,1965-01-28,372513100274101,119,30,c(-100.461627, 37.419623),"1965","143-72",-100.461627,37.419623,290.8287964,"263-328"
"3731","Meade",-141.35,NA,1966-01-17,372513100274101,119,30,c(-100.461627, 37.419623),"1966","143-72",-100.461627,37.419623,290.8287964,"263-328"
"3732","Meade",-138.9,NA,1967-01-23,372513100274101,119,30,c(-100.461627, 37.419623),"1967","143-72",-100.461627,37.419623,290.8287964,"263-328"
"3733","Meade",-141,NA,1968-01-15,372513100274101,119,30,c(-100.461627, 37.419623),"1968","143-72",-100.461627,37.419623,290.8287964,"263-328"
"3734","Meade",-142.67,NA,1969-01-23,372513100274101,119,30,c(-100.461627, 37.419623),"1969","143-72",-100.461627,37.419623,290.8287964,"263-328"
"3735","Meade",-142.5,NA,1970-01-21,372513100274101,119,30,c(-100.461627, 37.419623),"1970","143-72",-100.461627,37.419623,290.8287964,"263-328"
"3736","Meade",-145.3,NA,1971-01-20,372513100274101,119,30,c(-100.461627, 37.419623),"1971","215-144",-100.461627,37.419623,290.8287964,"263-328"
"3737","Meade",-145.6,NA,1972-01-19,372513100274101,119,30,c(-100.461627, 37.419623),"1972","215-144",-100.461627,37.419623,290.8287964,"263-328"
"3738","Meade",-146.91,NA,1973-01-24,372513100274101,119,30,c(-100.461627, 37.419623),"1973","215-144",-100.461627,37.419623,290.8287964,"263-328"
"3739","Meade",-148.6,NA,1974-01-15,372513100274101,119,30,c(-100.461627, 37.419623),"1974","215-144",-100.461627,37.419623,290.8287964,"263-328"
"3740","Meade",-148.72,NA,1975-01-22,372513100274101,119,30,c(-100.461627, 37.419623),"1975","215-144",-100.461627,37.419623,290.8287964,"263-328"
"3741","Meade",-151.99,NA,1976-01-13,372513100274101,119,30,c(-100.461627, 37.419623),"1976","215-144",-100.461627,37.419623,290.8287964,"263-328"
"3742","Meade",-154.67,NA,1977-01-12,372513100274101,119,30,c(-100.461627, 37.419623),"1977","215-144",-100.461627,37.419623,290.8287964,"263-328"
"3743","Meade",-158.34,NA,1978-01-19,372513100274101,119,30,c(-100.461627, 37.419623),"1978","215-144",-100.461627,37.419623,290.8287964,"263-328"
"3744","Meade",-161.17,NA,1979-02-02,372513100274101,119,30,c(-100.461627, 37.419623),"1979","215-144",-100.461627,37.419623,290.8287964,"263-328"
"3745","Meade",-164.43,NA,1980-01-15,372513100274101,119,30,c(-100.461627, 37.419623),"1980","215-144",-100.461627,37.419623,290.8287964,"263-328"
"3746","Meade",-167.51,NA,1981-01-14,372513100274101,119,30,c(-100.461627, 37.419623),"1981","215-144",-100.461627,37.419623,290.8287964,"263-328"
"3747","Meade",-171.09,NA,1982-01-14,372513100274101,119,30,c(-100.461627, 37.419623),"1982","215-144",-100.461627,37.419623,290.8287964,"263-328"
"3748","Meade",-176.3,NA,1983-01-05,372513100274101,119,30,c(-100.461627, 37.419623),"1983","215-144",-100.461627,37.419623,290.8287964,"263-328"
"3749","Meade",-179.32,NA,1984-01-11,372513100274101,119,30,c(-100.461627, 37.419623),"1984","215-144",-100.461627,37.419623,290.8287964,"263-328"
"3750","Meade",-181.94,NA,1985-01-15,372513100274101,119,30,c(-100.461627, 37.419623),"1985","215-144",-100.461627,37.419623,290.8287964,"263-328"
"3751","Meade",-177.98,NA,1986-01-07,372513100274101,119,30,c(-100.461627, 37.419623),"1986","215-144",-100.461627,37.419623,290.8287964,"263-328"
"3752","Meade",-179.95,NA,1987-01-07,372513100274101,119,30,c(-100.461627, 37.419623),"1987","215-144",-100.461627,37.419623,290.8287964,"263-328"
"3753","Meade",-181.15,NA,1988-01-06,372513100274101,119,30,c(-100.461627, 37.419623),"1988","215-144",-100.461627,37.419623,290.8287964,"263-328"
"3754","Meade",-184.27,NA,1989-01-11,372513100274101,119,30,c(-100.461627, 37.419623),"1989","215-144",-100.461627,37.419623,290.8287964,"263-328"
"3755","Meade",-186.6,NA,1990-01-09,372513100274101,119,30,c(-100.461627, 37.419623),"1990","215-144",-100.461627,37.419623,290.8287964,"263-328"
"3756","Meade",-188.52,NA,1991-01-11,372513100274101,119,30,c(-100.461627, 37.419623),"1991","215-144",-100.461627,37.419623,290.8287964,"263-328"
"3757","Meade",-192.85,NA,1992-01-15,372513100274101,119,30,c(-100.461627, 37.419623),"1992","215-144",-100.461627,37.419623,290.8287964,"263-328"
"3758","Meade",-194.06,NA,1993-02-02,372513100274101,119,30,c(-100.461627, 37.419623),"1993","215-144",-100.461627,37.419623,290.8287964,"263-328"
"3759","Meade",-195.94,NA,1994-01-11,372513100274101,119,30,c(-100.461627, 37.419623),"1994","215-144",-100.461627,37.419623,290.8287964,"263-328"
"3760","Meade",-197.83,NA,1995-01-19,372513100274101,119,30,c(-100.461627, 37.419623),"1995","215-144",-100.461627,37.419623,290.8287964,"263-328"
"3761","Meade",-202.62,NA,1996-01-19,372513100274101,119,30,c(-100.461627, 37.419623),"1996","215-144",-100.461627,37.419623,290.8287964,"263-328"
"3762","Meade",-203.78,NA,1998-01-07,372513100274101,119,30,c(-100.461627, 37.419623),"1998","215-144",-100.461627,37.419623,290.8287964,"263-328"
"3763","Meade",-205.72,NA,1999-01-08,372513100274101,119,30,c(-100.461627, 37.419623),"1999","215-144",-100.461627,37.419623,290.8287964,"263-328"
"3764","Meade",-135,NA,1959-07-01,371711100301701,119,32,c(-100.505494, 37.287636),"1959","143-72",-100.505494,37.287636,272.62146,"263-328"
"3765","Meade",-135.13,NA,1959-07-13,371711100301701,119,32,c(-100.505494, 37.287636),"1959","143-72",-100.505494,37.287636,272.62146,"263-328"
"3766","Meade",-135.33,NA,1961-01-04,371711100301701,119,32,c(-100.505494, 37.287636),"1961","143-72",-100.505494,37.287636,272.62146,"263-328"
"3767","Meade",-135.18,NA,1962-01-15,371711100301701,119,32,c(-100.505494, 37.287636),"1962","143-72",-100.505494,37.287636,272.62146,"263-328"
"3768","Meade",-134.6,NA,1963-01-09,371711100301701,119,32,c(-100.505494, 37.287636),"1963","143-72",-100.505494,37.287636,272.62146,"263-328"
"3769","Meade",-135.9,NA,1964-01-14,371711100301701,119,32,c(-100.505494, 37.287636),"1964","143-72",-100.505494,37.287636,272.62146,"263-328"
"3770","Meade",-137.35,NA,1966-01-05,371711100301701,119,32,c(-100.505494, 37.287636),"1966","143-72",-100.505494,37.287636,272.62146,"263-328"
"3771","Meade",-138.1,NA,1967-01-23,371711100301701,119,32,c(-100.505494, 37.287636),"1967","143-72",-100.505494,37.287636,272.62146,"263-328"
"3772","Meade",-139.3,NA,1968-01-15,371711100301701,119,32,c(-100.505494, 37.287636),"1968","143-72",-100.505494,37.287636,272.62146,"263-328"
"3773","Meade",-140.97,NA,1969-01-23,371711100301701,119,32,c(-100.505494, 37.287636),"1969","143-72",-100.505494,37.287636,272.62146,"263-328"
"3774","Meade",-141.53,NA,1970-01-22,371711100301701,119,32,c(-100.505494, 37.287636),"1970","143-72",-100.505494,37.287636,272.62146,"263-328"
"3775","Meade",-144.04,NA,1971-01-20,371711100301701,119,32,c(-100.505494, 37.287636),"1971","215-144",-100.505494,37.287636,272.62146,"263-328"
"3776","Meade",-145.3,NA,1972-01-19,371711100301701,119,32,c(-100.505494, 37.287636),"1972","215-144",-100.505494,37.287636,272.62146,"263-328"
"3777","Meade",-145.84,NA,1973-01-22,371711100301701,119,32,c(-100.505494, 37.287636),"1973","215-144",-100.505494,37.287636,272.62146,"263-328"
"3778","Meade",-145.48,NA,1974-01-15,371711100301701,119,32,c(-100.505494, 37.287636),"1974","215-144",-100.505494,37.287636,272.62146,"263-328"
"3779","Meade",-148.92,NA,1975-01-23,371711100301701,119,32,c(-100.505494, 37.287636),"1975","215-144",-100.505494,37.287636,272.62146,"263-328"
"3780","Meade",-149.39,NA,1976-01-14,371711100301701,119,32,c(-100.505494, 37.287636),"1976","215-144",-100.505494,37.287636,272.62146,"263-328"
"3781","Meade",-152.14,NA,1977-01-12,371711100301701,119,32,c(-100.505494, 37.287636),"1977","215-144",-100.505494,37.287636,272.62146,"263-328"
"3782","Meade",-160.81,NA,1978-01-19,371711100301701,119,32,c(-100.505494, 37.287636),"1978","215-144",-100.505494,37.287636,272.62146,"263-328"
"3783","Meade",-163.41,NA,1979-02-02,371711100301701,119,32,c(-100.505494, 37.287636),"1979","215-144",-100.505494,37.287636,272.62146,"263-328"
"3784","Meade",-157.67,NA,1980-01-17,371711100301701,119,32,c(-100.505494, 37.287636),"1980","215-144",-100.505494,37.287636,272.62146,"263-328"
"3785","Meade",-157.67,NA,1980-01-18,371711100301701,119,32,c(-100.505494, 37.287636),"1980","215-144",-100.505494,37.287636,272.62146,"263-328"
"3786","Meade",-159.24,NA,1981-01-14,371711100301701,119,32,c(-100.505494, 37.287636),"1981","215-144",-100.505494,37.287636,272.62146,"263-328"
"3787","Meade",-163.11,NA,1982-01-14,371711100301701,119,32,c(-100.505494, 37.287636),"1982","215-144",-100.505494,37.287636,272.62146,"263-328"
"3788","Meade",-163.1,NA,1983-01-06,371711100301701,119,32,c(-100.505494, 37.287636),"1983","215-144",-100.505494,37.287636,272.62146,"263-328"
"3789","Meade",-163.99,NA,1984-01-12,371711100301701,119,32,c(-100.505494, 37.287636),"1984","215-144",-100.505494,37.287636,272.62146,"263-328"
"3790","Meade",-163.21,NA,1985-01-16,371711100301701,119,32,c(-100.505494, 37.287636),"1985","215-144",-100.505494,37.287636,272.62146,"263-328"
"3791","Meade",-168.16,NA,1986-01-08,371711100301701,119,32,c(-100.505494, 37.287636),"1986","215-144",-100.505494,37.287636,272.62146,"263-328"
"3792","Meade",-167.69,NA,1987-01-07,371711100301701,119,32,c(-100.505494, 37.287636),"1987","215-144",-100.505494,37.287636,272.62146,"263-328"
"3793","Meade",-168.58,NA,1988-01-05,371711100301701,119,32,c(-100.505494, 37.287636),"1988","215-144",-100.505494,37.287636,272.62146,"263-328"
"3794","Meade",-169.72,NA,1989-01-11,371711100301701,119,32,c(-100.505494, 37.287636),"1989","215-144",-100.505494,37.287636,272.62146,"263-328"
"3795","Meade",-159.89,NA,1990-01-09,371711100301701,119,32,c(-100.505494, 37.287636),"1990","215-144",-100.505494,37.287636,272.62146,"263-328"
"3796","Meade",-160.9,NA,1991-01-13,371711100301701,119,32,c(-100.505494, 37.287636),"1991","215-144",-100.505494,37.287636,272.62146,"263-328"
"3797","Meade",-155.7,NA,1992-01-14,371711100301701,119,32,c(-100.505494, 37.287636),"1992","215-144",-100.505494,37.287636,272.62146,"263-328"
"3798","Meade",-164.9,NA,1993-02-03,371711100301701,119,32,c(-100.505494, 37.287636),"1993","215-144",-100.505494,37.287636,272.62146,"263-328"
"3799","Meade",-162.95,NA,1994-01-11,371711100301701,119,32,c(-100.505494, 37.287636),"1994","215-144",-100.505494,37.287636,272.62146,"263-328"
"3800","Meade",-125.5,"MEADE NE",1984-07-16,372220100203501,119,31,c(-100.344624, 37.373694),"1984","143-72",-100.344624,37.373694,295.3982544,"263-328"
"3801","Meade",-123.45,"MEADE NE",1985-01-15,372220100203501,119,31,c(-100.344624, 37.373694),"1985","143-72",-100.344624,37.373694,295.3982544,"263-328"
"3802","Meade",-124.44,"MEADE NE",1986-01-08,372220100203501,119,31,c(-100.344624, 37.373694),"1986","143-72",-100.344624,37.373694,295.3982544,"263-328"
"3803","Meade",-121.15,"MEADE NE",1987-01-06,372220100203501,119,31,c(-100.344624, 37.373694),"1987","143-72",-100.344624,37.373694,295.3982544,"263-328"
"3804","Meade",-122.27,"MEADE NE",1988-01-06,372220100203501,119,31,c(-100.344624, 37.373694),"1988","143-72",-100.344624,37.373694,295.3982544,"263-328"
"3805","Meade",-129.11,"MEADE NE",1989-01-10,372220100203501,119,31,c(-100.344624, 37.373694),"1989","143-72",-100.344624,37.373694,295.3982544,"263-328"
"3806","Meade",-130.56,"MEADE NE",1990-01-09,372220100203501,119,31,c(-100.344624, 37.373694),"1990","143-72",-100.344624,37.373694,295.3982544,"263-328"
"3807","Meade",-140.94,"MEADE NE",1991-01-13,372220100203501,119,31,c(-100.344624, 37.373694),"1991","143-72",-100.344624,37.373694,295.3982544,"263-328"
"3808","Meade",-133.95,"MEADE NE",1992-01-14,372220100203501,119,31,c(-100.344624, 37.373694),"1992","143-72",-100.344624,37.373694,295.3982544,"263-328"
"3809","Meade",-134.49,"MEADE NE",1993-02-04,372220100203501,119,31,c(-100.344624, 37.373694),"1993","143-72",-100.344624,37.373694,295.3982544,"263-328"
"3810","Meade",-135.85,"MEADE NE",1994-01-11,372220100203501,119,31,c(-100.344624, 37.373694),"1994","143-72",-100.344624,37.373694,295.3982544,"263-328"
"3811","Meade",-137.5,"MEADE NE",1995-01-18,372220100203501,119,31,c(-100.344624, 37.373694),"1995","143-72",-100.344624,37.373694,295.3982544,"263-328"
"3812","Meade",-140.35,"MEADE NE",1996-01-20,372220100203501,119,31,c(-100.344624, 37.373694),"1996","143-72",-100.344624,37.373694,295.3982544,"263-328"
"3813","Meade",-140.16,"MEADE NE",1997-01-08,372220100203501,119,31,c(-100.344624, 37.373694),"1997","143-72",-100.344624,37.373694,295.3982544,"263-328"
"3814","Meade",-140.37,"MEADE NE",1997-01-11,372220100203501,119,31,c(-100.344624, 37.373694),"1997","143-72",-100.344624,37.373694,295.3982544,"263-328"
"3815","Meade",-140.1,"MEADE NE",1998-01-07,372220100203501,119,31,c(-100.344624, 37.373694),"1998","143-72",-100.344624,37.373694,295.3982544,"263-328"
"3816","Meade",-142.1,"MEADE NE",1999-01-06,372220100203501,119,31,c(-100.344624, 37.373694),"1999","143-72",-100.344624,37.373694,295.3982544,"263-328"
"3817","Meade",-142.84,"MEADE NE",2000-01-07,372220100203501,119,31,c(-100.344624, 37.373694),"2000","143-72",-100.344624,37.373694,295.3982544,"263-328"
"3818","Meade",-145.37,"MEADE NE",2001-01-06,372220100203501,119,31,c(-100.344624, 37.373694),"2001","215-144",-100.344624,37.373694,295.3982544,"263-328"
"3819","Meade",-147.93,"MEADE NE",2002-01-07,372220100203501,119,31,c(-100.344624, 37.373694),"2002","215-144",-100.344624,37.373694,295.3982544,"263-328"
"3820","Meade",-151.44,"MEADE NE",2003-01-10,372220100203501,119,31,c(-100.344624, 37.373694),"2003","215-144",-100.344624,37.373694,295.3982544,"263-328"
"3821","Meade",-152.85,"MEADE NE",2004-01-06,372220100203501,119,31,c(-100.344624, 37.373694),"2004","215-144",-100.344624,37.373694,295.3982544,"263-328"
"3822","Meade",-152.24,"MEADE NE",2005-01-12,372220100203501,119,31,c(-100.344624, 37.373694),"2005","215-144",-100.344624,37.373694,295.3982544,"263-328"
"3823","Meade",-153.82,"MEADE NE",2006-01-08,372220100203501,119,31,c(-100.344624, 37.373694),"2006","215-144",-100.344624,37.373694,295.3982544,"263-328"
"3824","Meade",-157.32,"MEADE NE",2007-01-23,372220100203501,119,31,c(-100.344624, 37.373694),"2007","215-144",-100.344624,37.373694,295.3982544,"263-328"
"3825","Meade",-160.18,"MEADE NE",2008-01-08,372220100203501,119,31,c(-100.344624, 37.373694),"2008","215-144",-100.344624,37.373694,295.3982544,"263-328"
"3826","Meade",-162.27,"MEADE NE",2009-01-08,372220100203501,119,31,c(-100.344624, 37.373694),"2009","215-144",-100.344624,37.373694,295.3982544,"263-328"
"3827","Meade",-165.71,"MEADE NE",2010-01-05,372220100203501,119,31,c(-100.344624, 37.373694),"2010","215-144",-100.344624,37.373694,295.3982544,"263-328"
"3828","Meade",-169.21,"MEADE NE",2011-01-07,372220100203501,119,31,c(-100.344624, 37.373694),"2011","215-144",-100.344624,37.373694,295.3982544,"263-328"
"3829","Meade",-175.67,"MEADE NE",2012-01-06,372220100203501,119,31,c(-100.344624, 37.373694),"2012","215-144",-100.344624,37.373694,295.3982544,"263-328"
"3830","Meade",-179.19,"MEADE NE",2013-01-06,372220100203501,119,31,c(-100.344624, 37.373694),"2013","215-144",-100.344624,37.373694,295.3982544,"263-328"
"3831","Meade",-179.45,"MEADE NE",2014-01-05,372220100203501,119,31,c(-100.344624, 37.373694),"2014","215-144",-100.344624,37.373694,295.3982544,"263-328"
"3832","Meade",-182.81,"MEADE NE",2015-01-05,372220100203501,119,31,c(-100.344624, 37.373694),"2015","215-144",-100.344624,37.373694,295.3982544,"263-328"
"3833","Meade",-181.65,"MEADE NE",2016-01-05,372220100203501,119,31,c(-100.344624, 37.373694),"2016","215-144",-100.344624,37.373694,295.3982544,"263-328"
"3834","Meade",-183.05,"MEADE NE",2017-01-06,372220100203501,119,31,c(-100.344624, 37.373694),"2017","215-144",-100.344624,37.373694,295.3982544,"263-328"
"3835","Meade",-183.03,"MEADE NE",2017-01-06,372220100203501,119,31,c(-100.344624, 37.373694),"2017","215-144",-100.344624,37.373694,295.3982544,"263-328"
"3836","Meade",-186.38,"MEADE NE",2018-01-05,372220100203501,119,31,c(-100.344624, 37.373694),"2018","215-144",-100.344624,37.373694,295.3982544,"263-328"
"3837","Meade",-190.84,"MEADE NE",2019-01-05,372220100203501,119,31,c(-100.344624, 37.373694),"2019","215-144",-100.344624,37.373694,295.3982544,"263-328"
"3838","Meade",-191.54,"MEADE NE",2020-01-05,372220100203501,119,31,c(-100.344624, 37.373694),"2020","215-144",-100.344624,37.373694,295.3982544,"263-328"
"3839","Meade",-193.57,"MEADE NE",2020-01-05,372220100203501,119,31,c(-100.344624, 37.373694),"2020","215-144",-100.344624,37.373694,295.3982544,"263-328"
"3840","Meade",-189.8,"MEADE NE",2021-01-07,372220100203501,119,31,c(-100.344624, 37.373694),"2021","215-144",-100.344624,37.373694,295.3982544,"263-328"
"3841","Meade",-188.09,"MEADE NE",2021-02-02,372220100203501,119,31,c(-100.344624, 37.373694),"2021","215-144",-100.344624,37.373694,295.3982544,"263-328"
"3842","Meade",-191.15,"MEADE NE",2022-01-06,372220100203501,119,31,c(-100.344624, 37.373694),"2022","215-144",-100.344624,37.373694,295.3982544,"263-328"
"3843","Meade",-195.25,"MEADE NE",2023-01-06,372220100203501,119,31,c(-100.344624, 37.373694),"2023","215-144",-100.344624,37.373694,295.3982544,"263-328"
"3844","Meade",-196.3,"MEADE NE",2024-01-05,372220100203501,119,31,c(-100.344624, 37.373694),"2024","215-144",-100.344624,37.373694,295.3982544,"263-328"
"3845","Meade",-174.27,"Kismet NE",2004-01-06,370938100304101,119,33,c(-100.511964, 37.158841),"2004","215-144",-100.511964,37.158841,285.7720337,"263-328"
"3846","Meade",-175.04,"Kismet NE",2005-01-11,370938100304101,119,33,c(-100.511964, 37.158841),"2005","215-144",-100.511964,37.158841,285.7720337,"263-328"
"3847","Meade",-176.2,"Kismet NE",2006-01-08,370938100304101,119,33,c(-100.511964, 37.158841),"2006","215-144",-100.511964,37.158841,285.7720337,"263-328"
"3848","Meade",-178.82,"Kismet NE",2008-01-08,370938100304101,119,33,c(-100.511964, 37.158841),"2008","215-144",-100.511964,37.158841,285.7720337,"263-328"
"3849","Meade",-180.52,"Kismet NE",2009-01-08,370938100304101,119,33,c(-100.511964, 37.158841),"2009","215-144",-100.511964,37.158841,285.7720337,"263-328"
"3850","Meade",-181.95,"Kismet NE",2010-01-05,370938100304101,119,33,c(-100.511964, 37.158841),"2010","215-144",-100.511964,37.158841,285.7720337,"263-328"
"3851","Meade",-183.49,"Kismet NE",2011-01-07,370938100304101,119,33,c(-100.511964, 37.158841),"2011","215-144",-100.511964,37.158841,285.7720337,"263-328"
"3852","Meade",-185.71,"Kismet NE",2012-01-06,370938100304101,119,33,c(-100.511964, 37.158841),"2012","215-144",-100.511964,37.158841,285.7720337,"263-328"
"3853","Meade",-187.86,"Kismet NE",2013-01-06,370938100304101,119,33,c(-100.511964, 37.158841),"2013","215-144",-100.511964,37.158841,285.7720337,"263-328"
"3854","Meade",-189.75,"Kismet NE",2014-01-05,370938100304101,119,33,c(-100.511964, 37.158841),"2014","215-144",-100.511964,37.158841,285.7720337,"263-328"
"3855","Meade",-192.06,"Kismet NE",2015-01-06,370938100304101,119,33,c(-100.511964, 37.158841),"2015","215-144",-100.511964,37.158841,285.7720337,"263-328"
"3856","Meade",-193.45,"Kismet NE",2016-01-05,370938100304101,119,33,c(-100.511964, 37.158841),"2016","215-144",-100.511964,37.158841,285.7720337,"263-328"
"3857","Meade",-194.15,"Kismet NE",2017-01-06,370938100304101,119,33,c(-100.511964, 37.158841),"2017","215-144",-100.511964,37.158841,285.7720337,"263-328"
"3858","Meade",-195.7,"Kismet NE",2018-01-05,370938100304101,119,33,c(-100.511964, 37.158841),"2018","215-144",-100.511964,37.158841,285.7720337,"263-328"
"3859","Meade",-197.57,"Kismet NE",2019-01-05,370938100304101,119,33,c(-100.511964, 37.158841),"2019","215-144",-100.511964,37.158841,285.7720337,"263-328"
"3860","Meade",-199.3,"Kismet NE",2020-01-05,370938100304101,119,33,c(-100.511964, 37.158841),"2020","215-144",-100.511964,37.158841,285.7720337,"263-328"
"3861","Meade",-200.41,"Kismet NE",2021-01-07,370938100304101,119,33,c(-100.511964, 37.158841),"2021","215-144",-100.511964,37.158841,285.7720337,"263-328"
"3862","Meade",-202.4,"Kismet NE",2022-01-06,370938100304101,119,33,c(-100.511964, 37.158841),"2022","215-144",-100.511964,37.158841,285.7720337,"263-328"
"3863","Meade",-206.3,"Kismet NE",2023-01-06,370938100304101,119,33,c(-100.511964, 37.158841),"2023","215-144",-100.511964,37.158841,285.7720337,"263-328"
"3864","Meade",-205.5,"Kismet NE",2024-01-05,370938100304101,119,33,c(-100.511964, 37.158841),"2024","215-144",-100.511964,37.158841,285.7720337,"263-328"
"3865","Meade",-206.26,"Kismet NE",2024-01-05,370938100304101,119,33,c(-100.511964, 37.158841),"2024","215-144",-100.511964,37.158841,285.7720337,"263-328"
"3866","Meade",-158.66,"Irish Flats",2004-01-06,370307100295701,119,34,c(-100.499394, 37.052013),"2004","215-144",-100.499394,37.052013,310.8222046,"263-328"
"3867","Meade",-158.2,"Irish Flats",2005-01-11,370307100295701,119,34,c(-100.499394, 37.052013),"2005","215-144",-100.499394,37.052013,310.8222046,"263-328"
"3868","Meade",-158.5,"Irish Flats",2006-01-08,370307100295701,119,34,c(-100.499394, 37.052013),"2006","215-144",-100.499394,37.052013,310.8222046,"263-328"
"3869","Meade",-158.77,"Irish Flats",2007-01-23,370307100295701,119,34,c(-100.499394, 37.052013),"2007","215-144",-100.499394,37.052013,310.8222046,"263-328"
"3870","Meade",-158.77,"Irish Flats",2008-01-08,370307100295701,119,34,c(-100.499394, 37.052013),"2008","215-144",-100.499394,37.052013,310.8222046,"263-328"
"3871","Meade",-159.11,"Irish Flats",2009-01-08,370307100295701,119,34,c(-100.499394, 37.052013),"2009","215-144",-100.499394,37.052013,310.8222046,"263-328"
"3872","Meade",-159.34,"Irish Flats",2010-01-05,370307100295701,119,34,c(-100.499394, 37.052013),"2010","215-144",-100.499394,37.052013,310.8222046,"263-328"
"3873","Meade",-159.59,"Irish Flats",2011-01-07,370307100295701,119,34,c(-100.499394, 37.052013),"2011","215-144",-100.499394,37.052013,310.8222046,"263-328"
"3874","Meade",-159.62,"Irish Flats",2011-01-07,370307100295701,119,34,c(-100.499394, 37.052013),"2011","215-144",-100.499394,37.052013,310.8222046,"263-328"
"3875","Meade",-159.74,"Irish Flats",2012-01-06,370307100295701,119,34,c(-100.499394, 37.052013),"2012","215-144",-100.499394,37.052013,310.8222046,"263-328"
"3876","Meade",-160.17,"Irish Flats",2013-01-06,370307100295701,119,34,c(-100.499394, 37.052013),"2013","215-144",-100.499394,37.052013,310.8222046,"263-328"
"3877","Meade",-160.16,"Irish Flats",2014-01-05,370307100295701,119,34,c(-100.499394, 37.052013),"2014","215-144",-100.499394,37.052013,310.8222046,"263-328"
"3878","Meade",-160.27,"Irish Flats",2015-01-05,370307100295701,119,34,c(-100.499394, 37.052013),"2015","215-144",-100.499394,37.052013,310.8222046,"263-328"
"3879","Meade",-159.92,"Irish Flats",2016-01-05,370307100295701,119,34,c(-100.499394, 37.052013),"2016","215-144",-100.499394,37.052013,310.8222046,"263-328"
"3880","Meade",-161.12,"Irish Flats",2017-01-06,370307100295701,119,34,c(-100.499394, 37.052013),"2017","215-144",-100.499394,37.052013,310.8222046,"263-328"
"3881","Meade",-160.03,"Irish Flats",2018-01-05,370307100295701,119,34,c(-100.499394, 37.052013),"2018","215-144",-100.499394,37.052013,310.8222046,"263-328"
"3882","Meade",-160.23,"Irish Flats",2019-01-05,370307100295701,119,34,c(-100.499394, 37.052013),"2019","215-144",-100.499394,37.052013,310.8222046,"263-328"
"3883","Meade",-160.47,"Irish Flats",2020-01-05,370307100295701,119,34,c(-100.499394, 37.052013),"2020","215-144",-100.499394,37.052013,310.8222046,"263-328"
"3884","Meade",-160.84,"Irish Flats",2021-01-07,370307100295701,119,34,c(-100.499394, 37.052013),"2021","215-144",-100.499394,37.052013,310.8222046,"263-328"
"3885","Meade",-160.73,"Irish Flats",2022-01-06,370307100295701,119,34,c(-100.499394, 37.052013),"2022","215-144",-100.499394,37.052013,310.8222046,"263-328"
"3886","Meade",-161.03,"Irish Flats",2023-01-06,370307100295701,119,34,c(-100.499394, 37.052013),"2023","215-144",-100.499394,37.052013,310.8222046,"263-328"
"3887","Meade",-158.8,"Irish Flats",2024-01-05,370307100295701,119,34,c(-100.499394, 37.052013),"2024","215-144",-100.499394,37.052013,310.8222046,"263-328"
"3888","Meade",-211.96,"KISMET NE",2006-01-09,371419100315001,119,32,c(-100.530749, 37.238654),"2006","215-144",-100.530749,37.238654,286.3785095,"263-328"
"3889","Meade",-212.15,"KISMET NE",2007-01-23,371419100315001,119,32,c(-100.530749, 37.238654),"2007","215-144",-100.530749,37.238654,286.3785095,"263-328"
"3890","Meade",-204.39,"KISMET NE",2008-01-08,371419100315001,119,32,c(-100.530749, 37.238654),"2008","215-144",-100.530749,37.238654,286.3785095,"263-328"
"3891","Meade",-206.03,"KISMET NE",2009-01-08,371419100315001,119,32,c(-100.530749, 37.238654),"2009","215-144",-100.530749,37.238654,286.3785095,"263-328"
"3892","Meade",-207.31,"KISMET NE",2010-01-05,371419100315001,119,32,c(-100.530749, 37.238654),"2010","215-144",-100.530749,37.238654,286.3785095,"263-328"
"3893","Meade",-209.1,"KISMET NE",2011-01-07,371419100315001,119,32,c(-100.530749, 37.238654),"2011","215-144",-100.530749,37.238654,286.3785095,"263-328"
"3894","Meade",-211.15,"KISMET NE",2012-01-06,371419100315001,119,32,c(-100.530749, 37.238654),"2012","215-144",-100.530749,37.238654,286.3785095,"263-328"
"3895","Meade",-220.38,"KISMET NE",2013-01-06,371419100315001,119,32,c(-100.530749, 37.238654),"2013","287-216",-100.530749,37.238654,286.3785095,"263-328"
"3896","Meade",-216.29,"KISMET NE",2014-01-05,371419100315001,119,32,c(-100.530749, 37.238654),"2014","287-216",-100.530749,37.238654,286.3785095,"263-328"
"3897","Meade",-218.51,"KISMET NE",2015-01-06,371419100315001,119,32,c(-100.530749, 37.238654),"2015","287-216",-100.530749,37.238654,286.3785095,"263-328"
"3898","Meade",-62.26,"Fowler",1991-01-11,372802100104801,119,30,c(-100.180018, 37.467123),"1991","71-0",-100.180018,37.467123,132.3891754,"132-197"
"3899","Meade",-74.25,"Fowler",1992-01-14,372802100104801,119,30,c(-100.180018, 37.467123),"1992","143-72",-100.180018,37.467123,132.3891754,"132-197"
"3900","Meade",-63.98,"Fowler",1993-02-04,372802100104801,119,30,c(-100.180018, 37.467123),"1993","71-0",-100.180018,37.467123,132.3891754,"132-197"
"3901","Meade",-65,"Fowler",1994-01-11,372802100104801,119,30,c(-100.180018, 37.467123),"1994","71-0",-100.180018,37.467123,132.3891754,"132-197"
"3902","Meade",-69.52,"Fowler",1995-01-18,372802100104801,119,30,c(-100.180018, 37.467123),"1995","71-0",-100.180018,37.467123,132.3891754,"132-197"
"3903","Meade",-75.32,"Fowler",1996-01-23,372802100104801,119,30,c(-100.180018, 37.467123),"1996","143-72",-100.180018,37.467123,132.3891754,"132-197"
"3904","Meade",-69.04,"Fowler",1997-01-08,372802100104801,119,30,c(-100.180018, 37.467123),"1997","71-0",-100.180018,37.467123,132.3891754,"132-197"
"3905","Meade",-66.99,"Fowler",1998-01-07,372802100104801,119,30,c(-100.180018, 37.467123),"1998","71-0",-100.180018,37.467123,132.3891754,"132-197"
"3906","Meade",-72.95,"Fowler",1999-01-06,372802100104801,119,30,c(-100.180018, 37.467123),"1999","143-72",-100.180018,37.467123,132.3891754,"132-197"
"3907","Meade",-68.59,"Fowler",2000-01-07,372802100104801,119,30,c(-100.180018, 37.467123),"2000","71-0",-100.180018,37.467123,132.3891754,"132-197"
"3908","Meade",-75.08,"Fowler",2001-01-06,372802100104801,119,30,c(-100.180018, 37.467123),"2001","143-72",-100.180018,37.467123,132.3891754,"132-197"
"3909","Meade",-75.03,"Fowler",2001-01-07,372802100104801,119,30,c(-100.180018, 37.467123),"2001","143-72",-100.180018,37.467123,132.3891754,"132-197"
"3910","Meade",-80.77,"Fowler",2002-01-07,372802100104801,119,30,c(-100.180018, 37.467123),"2002","143-72",-100.180018,37.467123,132.3891754,"132-197"
"3911","Meade",-84.54,"Fowler",2003-01-10,372802100104801,119,30,c(-100.180018, 37.467123),"2003","143-72",-100.180018,37.467123,132.3891754,"132-197"
"3912","Meade",-87.7,"Fowler",2004-01-06,372802100104801,119,30,c(-100.180018, 37.467123),"2004","143-72",-100.180018,37.467123,132.3891754,"132-197"
"3913","Meade",-81.7,"Fowler",2005-01-12,372802100104801,119,30,c(-100.180018, 37.467123),"2005","143-72",-100.180018,37.467123,132.3891754,"132-197"
"3914","Meade",-84.9,"Fowler",2006-01-08,372802100104801,119,30,c(-100.180018, 37.467123),"2006","143-72",-100.180018,37.467123,132.3891754,"132-197"
"3915","Meade",-88.82,"Fowler",2007-01-23,372802100104801,119,30,c(-100.180018, 37.467123),"2007","143-72",-100.180018,37.467123,132.3891754,"132-197"
"3916","Meade",-88.85,"Fowler",2008-01-08,372802100104801,119,30,c(-100.180018, 37.467123),"2008","143-72",-100.180018,37.467123,132.3891754,"132-197"
"3917","Meade",-100.03,"Fowler",2009-01-08,372802100104801,119,30,c(-100.180018, 37.467123),"2009","143-72",-100.180018,37.467123,132.3891754,"132-197"
"3918","Meade",-105.88,"Fowler",2010-01-05,372802100104801,119,30,c(-100.180018, 37.467123),"2010","143-72",-100.180018,37.467123,132.3891754,"132-197"
"3919","Meade",-107.67,"Fowler",2011-01-07,372802100104801,119,30,c(-100.180018, 37.467123),"2011","143-72",-100.180018,37.467123,132.3891754,"132-197"
"3920","Meade",-119.98,"Fowler",2012-01-06,372802100104801,119,30,c(-100.180018, 37.467123),"2012","143-72",-100.180018,37.467123,132.3891754,"132-197"
"3921","Meade",-122.3,"Fowler",2013-01-06,372802100104801,119,30,c(-100.180018, 37.467123),"2013","143-72",-100.180018,37.467123,132.3891754,"132-197"
"3922","Meade",-124.44,"Fowler",2014-01-05,372802100104801,119,30,c(-100.180018, 37.467123),"2014","143-72",-100.180018,37.467123,132.3891754,"132-197"
"3923","Meade",-126.99,"Fowler",2015-01-05,372802100104801,119,30,c(-100.180018, 37.467123),"2015","143-72",-100.180018,37.467123,132.3891754,"132-197"
"3924","Meade",-127.9,"Fowler",2016-01-05,372802100104801,119,30,c(-100.180018, 37.467123),"2016","143-72",-100.180018,37.467123,132.3891754,"132-197"
"3925","Meade",-126.66,"Fowler",2017-01-06,372802100104801,119,30,c(-100.180018, 37.467123),"2017","143-72",-100.180018,37.467123,132.3891754,"132-197"
"3926","Meade",-128.68,"Fowler",2018-01-05,372802100104801,119,30,c(-100.180018, 37.467123),"2018","143-72",-100.180018,37.467123,132.3891754,"132-197"
"3927","Meade",-129.46,"Fowler",2019-01-05,372802100104801,119,30,c(-100.180018, 37.467123),"2019","143-72",-100.180018,37.467123,132.3891754,"132-197"
"3928","Meade",-129.56,"Fowler",2020-01-05,372802100104801,119,30,c(-100.180018, 37.467123),"2020","143-72",-100.180018,37.467123,132.3891754,"132-197"
"3929","Meade",-130.73,"Fowler",2021-01-07,372802100104801,119,30,c(-100.180018, 37.467123),"2021","143-72",-100.180018,37.467123,132.3891754,"132-197"
"3930","Meade",-132.2,"Fowler",2022-01-06,372802100104801,119,30,c(-100.180018, 37.467123),"2022","143-72",-100.180018,37.467123,132.3891754,"132-197"
"3931","Meade",-132.42,"Fowler",2022-01-06,372802100104801,119,30,c(-100.180018, 37.467123),"2022","143-72",-100.180018,37.467123,132.3891754,"132-197"
"3932","Meade",-136.51,"Fowler",2023-01-06,372802100104801,119,30,c(-100.180018, 37.467123),"2023","143-72",-100.180018,37.467123,132.3891754,"132-197"
"3933","Meade",-136.3,"Fowler",2024-01-05,372802100104801,119,30,c(-100.180018, 37.467123),"2024","143-72",-100.180018,37.467123,132.3891754,"132-197"
"3934","Meade",-100.59,"Folwer SW",1995-02-17,371738100101301,119,32,c(-100.170345, 37.293882),"1995","143-72",-100.170345,37.293882,10,"0-65"
"3935","Meade",-99.92,"Folwer SW",1997-06-12,371738100101301,119,32,c(-100.170345, 37.293882),"1997","143-72",-100.170345,37.293882,10,"0-65"
"3936","Meade",-99.75,"Folwer SW",1997-09-23,371738100101301,119,32,c(-100.170345, 37.293882),"1997","143-72",-100.170345,37.293882,10,"0-65"
"3937","Meade",-99.25,"Folwer SW",1997-12-19,371738100101301,119,32,c(-100.170345, 37.293882),"1997","143-72",-100.170345,37.293882,10,"0-65"
"3938","Meade",-98.8,"Folwer SW",1998-03-30,371738100101301,119,32,c(-100.170345, 37.293882),"1998","143-72",-100.170345,37.293882,10,"0-65"
"3939","Meade",-98.75,"Folwer SW",1998-06-18,371738100101301,119,32,c(-100.170345, 37.293882),"1998","143-72",-100.170345,37.293882,10,"0-65"
"3940","Meade",-98.58,"Folwer SW",1998-09-28,371738100101301,119,32,c(-100.170345, 37.293882),"1998","143-72",-100.170345,37.293882,10,"0-65"
"3941","Meade",-98.53,"Folwer SW",1998-12-22,371738100101301,119,32,c(-100.170345, 37.293882),"1998","143-72",-100.170345,37.293882,10,"0-65"
"3942","Meade",-100.28,"Folwer SW",1999-04-06,371738100101301,119,32,c(-100.170345, 37.293882),"1999","143-72",-100.170345,37.293882,10,"0-65"
"3943","Meade",-97.72,"Folwer SW",1999-06-21,371738100101301,119,32,c(-100.170345, 37.293882),"1999","143-72",-100.170345,37.293882,10,"0-65"
"3944","Meade",-97.98,"Folwer SW",1999-09-29,371738100101301,119,32,c(-100.170345, 37.293882),"1999","143-72",-100.170345,37.293882,10,"0-65"
"3945","Meade",-97.63,"Folwer SW",1999-12-03,371738100101301,119,32,c(-100.170345, 37.293882),"1999","143-72",-100.170345,37.293882,10,"0-65"
"3946","Meade",-96.91,"Folwer SW",2000-12-27,371738100101301,119,32,c(-100.170345, 37.293882),"2000","143-72",-100.170345,37.293882,10,"0-65"
"3947","Meade",-97.31,"Folwer SW",2001-12-13,371738100101301,119,32,c(-100.170345, 37.293882),"2001","143-72",-100.170345,37.293882,10,"0-65"
"3948","Meade",-97.27,"Folwer SW",2002-03-22,371738100101301,119,32,c(-100.170345, 37.293882),"2002","143-72",-100.170345,37.293882,10,"0-65"
"3949","Meade",-97.42,"Folwer SW",2002-06-13,371738100101301,119,32,c(-100.170345, 37.293882),"2002","143-72",-100.170345,37.293882,10,"0-65"
"3950","Meade",-97.92,"Folwer SW",2002-09-11,371738100101301,119,32,c(-100.170345, 37.293882),"2002","143-72",-100.170345,37.293882,10,"0-65"
"3951","Meade",-97.5,"Folwer SW",2002-12-16,371738100101301,119,32,c(-100.170345, 37.293882),"2002","143-72",-100.170345,37.293882,10,"0-65"
"3952","Meade",-97.33,"Folwer SW",2003-03-27,371738100101301,119,32,c(-100.170345, 37.293882),"2003","143-72",-100.170345,37.293882,10,"0-65"
"3953","Meade",-97.8,"Folwer SW",2003-06-19,371738100101301,119,32,c(-100.170345, 37.293882),"2003","143-72",-100.170345,37.293882,10,"0-65"
"3954","Meade",-97.9,"Folwer SW",2003-09-17,371738100101301,119,32,c(-100.170345, 37.293882),"2003","143-72",-100.170345,37.293882,10,"0-65"
"3955","Meade",-98.18,"Folwer SW",2003-12-12,371738100101301,119,32,c(-100.170345, 37.293882),"2003","143-72",-100.170345,37.293882,10,"0-65"
"3956","Meade",-97.62,"Folwer SW",2004-03-15,371738100101301,119,32,c(-100.170345, 37.293882),"2004","143-72",-100.170345,37.293882,10,"0-65"
"3957","Meade",-98.96,"Folwer SW",2004-06-17,371738100101301,119,32,c(-100.170345, 37.293882),"2004","143-72",-100.170345,37.293882,10,"0-65"
"3958","Meade",-98.77,"Folwer SW",2004-09-16,371738100101301,119,32,c(-100.170345, 37.293882),"2004","143-72",-100.170345,37.293882,10,"0-65"
"3959","Meade",-98.9,"Folwer SW",2004-12-14,371738100101301,119,32,c(-100.170345, 37.293882),"2004","143-72",-100.170345,37.293882,10,"0-65"
"3960","Meade",-98.31,"Folwer SW",2005-03-17,371738100101301,119,32,c(-100.170345, 37.293882),"2005","143-72",-100.170345,37.293882,10,"0-65"
"3961","Meade",-98.81,"Folwer SW",2005-06-14,371738100101301,119,32,c(-100.170345, 37.293882),"2005","143-72",-100.170345,37.293882,10,"0-65"
"3962","Meade",-99.19,"Folwer SW",2005-09-15,371738100101301,119,32,c(-100.170345, 37.293882),"2005","143-72",-100.170345,37.293882,10,"0-65"
"3963","Meade",-98.67,"Folwer SW",2005-12-13,371738100101301,119,32,c(-100.170345, 37.293882),"2005","143-72",-100.170345,37.293882,10,"0-65"
"3964","Meade",-99.29,"Folwer SW",2006-04-03,371738100101301,119,32,c(-100.170345, 37.293882),"2006","143-72",-100.170345,37.293882,10,"0-65"
"3965","Meade",-99.25,"Folwer SW",2006-06-15,371738100101301,119,32,c(-100.170345, 37.293882),"2006","143-72",-100.170345,37.293882,10,"0-65"
"3966","Meade",-99.48,"Folwer SW",2006-09-14,371738100101301,119,32,c(-100.170345, 37.293882),"2006","143-72",-100.170345,37.293882,10,"0-65"
"3967","Meade",-99.89,"Folwer SW",2006-12-19,371738100101301,119,32,c(-100.170345, 37.293882),"2006","143-72",-100.170345,37.293882,10,"0-65"
"3968","Meade",-99.89,"Folwer SW",2007-04-04,371738100101301,119,32,c(-100.170345, 37.293882),"2007","143-72",-100.170345,37.293882,10,"0-65"
"3969","Meade",-99.5,"Folwer SW",2007-06-19,371738100101301,119,32,c(-100.170345, 37.293882),"2007","143-72",-100.170345,37.293882,10,"0-65"
"3970","Meade",-99.59,"Folwer SW",2007-09-20,371738100101301,119,32,c(-100.170345, 37.293882),"2007","143-72",-100.170345,37.293882,10,"0-65"
"3971","Meade",-99.44,"Folwer SW",2008-01-15,371738100101301,119,32,c(-100.170345, 37.293882),"2008","143-72",-100.170345,37.293882,10,"0-65"
"3972","Meade",-99.69,"Folwer SW",2008-03-19,371738100101301,119,32,c(-100.170345, 37.293882),"2008","143-72",-100.170345,37.293882,10,"0-65"
"3973","Meade",-99.8,"Folwer SW",2008-06-11,371738100101301,119,32,c(-100.170345, 37.293882),"2008","143-72",-100.170345,37.293882,10,"0-65"
"3974","Meade",-100.29,"Folwer SW",2008-09-15,371738100101301,119,32,c(-100.170345, 37.293882),"2008","143-72",-100.170345,37.293882,10,"0-65"
"3975","Meade",-100.2,"Folwer SW",2008-12-19,371738100101301,119,32,c(-100.170345, 37.293882),"2008","143-72",-100.170345,37.293882,10,"0-65"
"3976","Meade",-100.39,"Folwer SW",2009-03-25,371738100101301,119,32,c(-100.170345, 37.293882),"2009","143-72",-100.170345,37.293882,10,"0-65"
"3977","Meade",-100.63,"Folwer SW",2009-06-11,371738100101301,119,32,c(-100.170345, 37.293882),"2009","143-72",-100.170345,37.293882,10,"0-65"
"3978","Meade",-100.99,"Folwer SW",2009-09-16,371738100101301,119,32,c(-100.170345, 37.293882),"2009","143-72",-100.170345,37.293882,10,"0-65"
"3979","Meade",-100.5,"Folwer SW",2009-12-17,371738100101301,119,32,c(-100.170345, 37.293882),"2009","143-72",-100.170345,37.293882,10,"0-65"
"3980","Meade",-101.38,"Folwer SW",2010-12-16,371738100101301,119,32,c(-100.170345, 37.293882),"2010","143-72",-100.170345,37.293882,10,"0-65"
"3981","Meade",-101.94,"Folwer SW",2011-04-11,371738100101301,119,32,c(-100.170345, 37.293882),"2011","143-72",-100.170345,37.293882,10,"0-65"
"3982","Meade",-101.89,"Folwer SW",2011-06-21,371738100101301,119,32,c(-100.170345, 37.293882),"2011","143-72",-100.170345,37.293882,10,"0-65"
"3983","Meade",-102.95,"Folwer SW",2011-09-26,371738100101301,119,32,c(-100.170345, 37.293882),"2011","143-72",-100.170345,37.293882,10,"0-65"
"3984","Meade",-102.34,"Folwer SW",2011-12-05,371738100101301,119,32,c(-100.170345, 37.293882),"2011","143-72",-100.170345,37.293882,10,"0-65"
"3985","Meade",-102.15,"Folwer SW",2012-03-26,371738100101301,119,32,c(-100.170345, 37.293882),"2012","143-72",-100.170345,37.293882,10,"0-65"
"3986","Meade",-102.52,"Folwer SW",2012-06-19,371738100101301,119,32,c(-100.170345, 37.293882),"2012","143-72",-100.170345,37.293882,10,"0-65"
"3987","Meade",-102.79,"Folwer SW",2012-09-25,371738100101301,119,32,c(-100.170345, 37.293882),"2012","143-72",-100.170345,37.293882,10,"0-65"
"3988","Meade",-102.9,"Folwer SW",2013-01-08,371738100101301,119,32,c(-100.170345, 37.293882),"2013","143-72",-100.170345,37.293882,10,"0-65"
"3989","Meade",-103.11,"Folwer SW",2013-04-09,371738100101301,119,32,c(-100.170345, 37.293882),"2013","143-72",-100.170345,37.293882,10,"0-65"
"3990","Meade",-103.5,"Folwer SW",2013-06-14,371738100101301,119,32,c(-100.170345, 37.293882),"2013","143-72",-100.170345,37.293882,10,"0-65"
"3991","Meade",-103.78,"Folwer SW",2013-09-18,371738100101301,119,32,c(-100.170345, 37.293882),"2013","143-72",-100.170345,37.293882,10,"0-65"
"3992","Meade",-103.76,"Folwer SW",2013-12-04,371738100101301,119,32,c(-100.170345, 37.293882),"2013","143-72",-100.170345,37.293882,10,"0-65"
"3993","Meade",-104.01,"Folwer SW",2014-04-01,371738100101301,119,32,c(-100.170345, 37.293882),"2014","143-72",-100.170345,37.293882,10,"0-65"
"3994","Meade",-104.25,"Folwer SW",2014-06-17,371738100101301,119,32,c(-100.170345, 37.293882),"2014","143-72",-100.170345,37.293882,10,"0-65"
"3995","Meade",-104.7,"Folwer SW",2014-12-16,371738100101301,119,32,c(-100.170345, 37.293882),"2014","143-72",-100.170345,37.293882,10,"0-65"
"3996","Meade",-104.64,"Folwer SW",2015-03-17,371738100101301,119,32,c(-100.170345, 37.293882),"2015","143-72",-100.170345,37.293882,10,"0-65"
"3997","Meade",-104.75,"Folwer SW",2015-06-15,371738100101301,119,32,c(-100.170345, 37.293882),"2015","143-72",-100.170345,37.293882,10,"0-65"
"3998","Meade",-104.86,"Folwer SW",2015-10-13,371738100101301,119,32,c(-100.170345, 37.293882),"2015","143-72",-100.170345,37.293882,10,"0-65"
"3999","Meade",-104.38,"Folwer SW",2016-01-14,371738100101301,119,32,c(-100.170345, 37.293882),"2016","143-72",-100.170345,37.293882,10,"0-65"
"4000","Meade",-104.86,"Folwer SW",2016-04-19,371738100101301,119,32,c(-100.170345, 37.293882),"2016","143-72",-100.170345,37.293882,10,"0-65"
"4001","Meade",-104.65,"Folwer SW",2016-10-17,371738100101301,119,32,c(-100.170345, 37.293882),"2016","143-72",-100.170345,37.293882,10,"0-65"
"4002","Meade",-105.19,"Folwer SW",2016-12-14,371738100101301,119,32,c(-100.170345, 37.293882),"2016","143-72",-100.170345,37.293882,10,"0-65"
"4003","Meade",-105.2,"Folwer SW",2017-04-17,371738100101301,119,32,c(-100.170345, 37.293882),"2017","143-72",-100.170345,37.293882,10,"0-65"
"4004","Meade",-105.22,"Folwer SW",2017-10-16,371738100101301,119,32,c(-100.170345, 37.293882),"2017","143-72",-100.170345,37.293882,10,"0-65"
"4005","Meade",-104.97,"Folwer SW",2017-12-28,371738100101301,119,32,c(-100.170345, 37.293882),"2017","143-72",-100.170345,37.293882,10,"0-65"
"4006","Meade",-105.28,"Folwer SW",2018-04-16,371738100101301,119,32,c(-100.170345, 37.293882),"2018","143-72",-100.170345,37.293882,10,"0-65"
"4007","Meade",-105.27,"Folwer SW",2018-10-22,371738100101301,119,32,c(-100.170345, 37.293882),"2018","143-72",-100.170345,37.293882,10,"0-65"
"4008","Meade",-105.24,"Folwer SW",2019-01-02,371738100101301,119,32,c(-100.170345, 37.293882),"2019","143-72",-100.170345,37.293882,10,"0-65"
"4009","Meade",-105.07,"Folwer SW",2019-04-15,371738100101301,119,32,c(-100.170345, 37.293882),"2019","143-72",-100.170345,37.293882,10,"0-65"
"4010","Meade",-105.04,"Folwer SW",2020-12-22,371738100101301,119,32,c(-100.170345, 37.293882),"2020","143-72",-100.170345,37.293882,10,"0-65"
"4011","Meade",-105.39,"Folwer SW",2021-04-13,371738100101301,119,32,c(-100.170345, 37.293882),"2021","143-72",-100.170345,37.293882,10,"0-65"
"4012","Meade",-105.22,"Folwer SW",2021-10-19,371738100101301,119,32,c(-100.170345, 37.293882),"2021","143-72",-100.170345,37.293882,10,"0-65"
"4013","Meade",-105,"Folwer SW",2021-12-15,371738100101301,119,32,c(-100.170345, 37.293882),"2021","143-72",-100.170345,37.293882,10,"0-65"
"4014","Meade",-105.98,"Folwer SW",2022-04-25,371738100101301,119,32,c(-100.170345, 37.293882),"2022","143-72",-100.170345,37.293882,10,"0-65"
"4015","Meade",-181.02,"KISMET NE",1991-11-27,370856100313601,119,33,c(-100.527094, 37.148912),"1991","215-144",-100.527094,37.148912,297.7553406,"263-328"
"4016","Meade",-181.92,"KISMET NE",1992-06-11,370856100313601,119,33,c(-100.527094, 37.148912),"1992","215-144",-100.527094,37.148912,297.7553406,"263-328"
"4017","Meade",-181.7,"KISMET NE",1993-04-15,370856100313601,119,33,c(-100.527094, 37.148912),"1993","215-144",-100.527094,37.148912,297.7553406,"263-328"
"4018","Meade",-185.03,"KISMET NE",1994-09-15,370856100313601,119,33,c(-100.527094, 37.148912),"1994","215-144",-100.527094,37.148912,297.7553406,"263-328"
"4019","Meade",-176.59,"KISMET NE",1995-03-16,370856100313601,119,33,c(-100.527094, 37.148912),"1995","215-144",-100.527094,37.148912,297.7553406,"263-328"
"4020","Meade",-187.25,"KISMET NE",1995-09-13,370856100313601,119,33,c(-100.527094, 37.148912),"1995","215-144",-100.527094,37.148912,297.7553406,"263-328"
"4021","Meade",-178.2,"KISMET NE",1996-03-19,370856100313601,119,33,c(-100.527094, 37.148912),"1996","215-144",-100.527094,37.148912,297.7553406,"263-328"
"4022","Meade",-187.96,"KISMET NE",1996-09-13,370856100313601,119,33,c(-100.527094, 37.148912),"1996","215-144",-100.527094,37.148912,297.7553406,"263-328"
"4023","Meade",-132,"PLAINS NE",1962-01-01,372450100354001,119,30,c(-100.595525, 37.414818),"1962","143-72",-100.595525,37.414818,267.6524963,"263-328"
"4024","Meade",-131.55,"PLAINS NE",1962-01-30,372450100354001,119,30,c(-100.595525, 37.414818),"1962","143-72",-100.595525,37.414818,267.6524963,"263-328"
"4025","Meade",-131.5,"PLAINS NE",1962-03-07,372450100354001,119,30,c(-100.595525, 37.414818),"1962","143-72",-100.595525,37.414818,267.6524963,"263-328"
"4026","Meade",-131.75,"PLAINS NE",1962-06-04,372450100354001,119,30,c(-100.595525, 37.414818),"1962","143-72",-100.595525,37.414818,267.6524963,"263-328"
"4027","Meade",-131.9,"PLAINS NE",1962-09-11,372450100354001,119,30,c(-100.595525, 37.414818),"1962","143-72",-100.595525,37.414818,267.6524963,"263-328"
"4028","Meade",-132.03,"PLAINS NE",1962-12-19,372450100354001,119,30,c(-100.595525, 37.414818),"1962","143-72",-100.595525,37.414818,267.6524963,"263-328"
"4029","Meade",-132.04,"PLAINS NE",1963-03-13,372450100354001,119,30,c(-100.595525, 37.414818),"1963","143-72",-100.595525,37.414818,267.6524963,"263-328"
"4030","Meade",-132.13,"PLAINS NE",1963-06-10,372450100354001,119,30,c(-100.595525, 37.414818),"1963","143-72",-100.595525,37.414818,267.6524963,"263-328"
"4031","Meade",-132.46,"PLAINS NE",1963-09-09,372450100354001,119,30,c(-100.595525, 37.414818),"1963","143-72",-100.595525,37.414818,267.6524963,"263-328"
"4032","Meade",-130.65,"PLAINS NE",1963-12-10,372450100354001,119,30,c(-100.595525, 37.414818),"1963","143-72",-100.595525,37.414818,267.6524963,"263-328"
"4033","Meade",-132.35,"PLAINS NE",1964-03-04,372450100354001,119,30,c(-100.595525, 37.414818),"1964","143-72",-100.595525,37.414818,267.6524963,"263-328"
"4034","Meade",-132.5,"PLAINS NE",1964-06-08,372450100354001,119,30,c(-100.595525, 37.414818),"1964","143-72",-100.595525,37.414818,267.6524963,"263-328"
"4035","Meade",-127.77,"PLAINS NE",1964-09-14,372450100354001,119,30,c(-100.595525, 37.414818),"1964","143-72",-100.595525,37.414818,267.6524963,"263-328"
"4036","Meade",-130.76,"PLAINS NE",1964-12-14,372450100354001,119,30,c(-100.595525, 37.414818),"1964","143-72",-100.595525,37.414818,267.6524963,"263-328"
"4037","Meade",-132.63,"PLAINS NE",1965-03-03,372450100354001,119,30,c(-100.595525, 37.414818),"1965","143-72",-100.595525,37.414818,267.6524963,"263-328"
"4038","Meade",-132.97,"PLAINS NE",1965-06-14,372450100354001,119,30,c(-100.595525, 37.414818),"1965","143-72",-100.595525,37.414818,267.6524963,"263-328"
"4039","Meade",-135.05,"PLAINS NE",1965-09-22,372450100354001,119,30,c(-100.595525, 37.414818),"1965","143-72",-100.595525,37.414818,267.6524963,"263-328"
"4040","Meade",-133.8,"PLAINS NE",1965-12-21,372450100354001,119,30,c(-100.595525, 37.414818),"1965","143-72",-100.595525,37.414818,267.6524963,"263-328"
"4041","Meade",-132.97,"PLAINS NE",1966-03-16,372450100354001,119,30,c(-100.595525, 37.414818),"1966","143-72",-100.595525,37.414818,267.6524963,"263-328"
"4042","Meade",-133.26,"PLAINS NE",1966-06-07,372450100354001,119,30,c(-100.595525, 37.414818),"1966","143-72",-100.595525,37.414818,267.6524963,"263-328"
"4043","Meade",-133.59,"PLAINS NE",1966-09-13,372450100354001,119,30,c(-100.595525, 37.414818),"1966","143-72",-100.595525,37.414818,267.6524963,"263-328"
"4044","Meade",-133.69,"PLAINS NE",1966-12-12,372450100354001,119,30,c(-100.595525, 37.414818),"1966","143-72",-100.595525,37.414818,267.6524963,"263-328"
"4045","Meade",-133.75,"PLAINS NE",1967-03-14,372450100354001,119,30,c(-100.595525, 37.414818),"1967","143-72",-100.595525,37.414818,267.6524963,"263-328"
"4046","Meade",-135.15,"PLAINS NE",1967-06-07,372450100354001,119,30,c(-100.595525, 37.414818),"1967","143-72",-100.595525,37.414818,267.6524963,"263-328"
"4047","Meade",-103,"Meade NW",1965-01-01,372638100241701,119,30,c(-100.406626, 37.443653),"1965","143-72",-100.406626,37.443653,306.4900513,"263-328"
"4048","Meade",-103.45,"Meade NW",1965-01-28,372638100241701,119,30,c(-100.406626, 37.443653),"1965","143-72",-100.406626,37.443653,306.4900513,"263-328"
"4049","Meade",-109.6,"Meade NW",1966-01-17,372638100241701,119,30,c(-100.406626, 37.443653),"1966","143-72",-100.406626,37.443653,306.4900513,"263-328"
"4050","Meade",-109.7,"Meade NW",1967-01-23,372638100241701,119,30,c(-100.406626, 37.443653),"1967","143-72",-100.406626,37.443653,306.4900513,"263-328"
"4051","Meade",-109.3,"Meade NW",1968-01-15,372638100241701,119,30,c(-100.406626, 37.443653),"1968","143-72",-100.406626,37.443653,306.4900513,"263-328"
"4052","Meade",-110.42,"Meade NW",1969-01-23,372638100241701,119,30,c(-100.406626, 37.443653),"1969","143-72",-100.406626,37.443653,306.4900513,"263-328"
"4053","Meade",-114.05,"Meade NW",1970-01-22,372638100241701,119,30,c(-100.406626, 37.443653),"1970","143-72",-100.406626,37.443653,306.4900513,"263-328"
"4054","Meade",-117.98,"Meade NW",1971-01-20,372638100241701,119,30,c(-100.406626, 37.443653),"1971","143-72",-100.406626,37.443653,306.4900513,"263-328"
"4055","Meade",-110.05,"Meade NW",1972-01-19,372638100241701,119,30,c(-100.406626, 37.443653),"1972","143-72",-100.406626,37.443653,306.4900513,"263-328"
"4056","Meade",-111.04,"Meade NW",1973-01-24,372638100241701,119,30,c(-100.406626, 37.443653),"1973","143-72",-100.406626,37.443653,306.4900513,"263-328"
"4057","Meade",-112.12,"Meade NW",1974-01-16,372638100241701,119,30,c(-100.406626, 37.443653),"1974","143-72",-100.406626,37.443653,306.4900513,"263-328"
"4058","Meade",-112.67,"Meade NW",1975-01-22,372638100241701,119,30,c(-100.406626, 37.443653),"1975","143-72",-100.406626,37.443653,306.4900513,"263-328"
"4059","Meade",-115.59,"Meade NW",1976-01-13,372638100241701,119,30,c(-100.406626, 37.443653),"1976","143-72",-100.406626,37.443653,306.4900513,"263-328"
"4060","Meade",-117.49,"Meade NW",1977-01-12,372638100241701,119,30,c(-100.406626, 37.443653),"1977","143-72",-100.406626,37.443653,306.4900513,"263-328"
"4061","Meade",-123.32,"Meade NW",1978-01-19,372638100241701,119,30,c(-100.406626, 37.443653),"1978","143-72",-100.406626,37.443653,306.4900513,"263-328"
"4062","Meade",-129.1,"Meade NW",1979-02-02,372638100241701,119,30,c(-100.406626, 37.443653),"1979","143-72",-100.406626,37.443653,306.4900513,"263-328"
"4063","Meade",-140.7,"Meade NW",1980-01-18,372638100241701,119,30,c(-100.406626, 37.443653),"1980","143-72",-100.406626,37.443653,306.4900513,"263-328"
"4064","Meade",-129.85,"Meade NW",1981-01-14,372638100241701,119,30,c(-100.406626, 37.443653),"1981","143-72",-100.406626,37.443653,306.4900513,"263-328"
"4065","Meade",-132.32,"Meade NW",1982-01-14,372638100241701,119,30,c(-100.406626, 37.443653),"1982","143-72",-100.406626,37.443653,306.4900513,"263-328"
"4066","Meade",-136.1,"Meade NW",1983-01-05,372638100241701,119,30,c(-100.406626, 37.443653),"1983","143-72",-100.406626,37.443653,306.4900513,"263-328"
"4067","Meade",-136.72,"Meade NW",1984-01-11,372638100241701,119,30,c(-100.406626, 37.443653),"1984","143-72",-100.406626,37.443653,306.4900513,"263-328"
"4068","Meade",-138.95,"Meade NW",1985-01-15,372638100241701,119,30,c(-100.406626, 37.443653),"1985","143-72",-100.406626,37.443653,306.4900513,"263-328"
"4069","Meade",-141.25,"Meade NW",1986-01-07,372638100241701,119,30,c(-100.406626, 37.443653),"1986","143-72",-100.406626,37.443653,306.4900513,"263-328"
"4070","Meade",-144.65,"Meade NW",1987-01-06,372638100241701,119,30,c(-100.406626, 37.443653),"1987","215-144",-100.406626,37.443653,306.4900513,"263-328"
"4071","Meade",-146.69,"Meade NW",1988-01-06,372638100241701,119,30,c(-100.406626, 37.443653),"1988","215-144",-100.406626,37.443653,306.4900513,"263-328"
"4072","Meade",-164.52,"Meade NW",1989-01-11,372638100241701,119,30,c(-100.406626, 37.443653),"1989","215-144",-100.406626,37.443653,306.4900513,"263-328"
"4073","Meade",-160.89,"Meade NW",1990-01-09,372638100241701,119,30,c(-100.406626, 37.443653),"1990","215-144",-100.406626,37.443653,306.4900513,"263-328"
"4074","Meade",-156,"Meade NW",1991-02-14,372638100241701,119,30,c(-100.406626, 37.443653),"1991","215-144",-100.406626,37.443653,306.4900513,"263-328"
"4075","Meade",-157.42,"Meade NW",1992-01-15,372638100241701,119,30,c(-100.406626, 37.443653),"1992","215-144",-100.406626,37.443653,306.4900513,"263-328"
"4076","Meade",-158.77,"Meade NW",1993-02-02,372638100241701,119,30,c(-100.406626, 37.443653),"1993","215-144",-100.406626,37.443653,306.4900513,"263-328"
"4077","Meade",-160.9,"Meade NW",1994-01-11,372638100241701,119,30,c(-100.406626, 37.443653),"1994","215-144",-100.406626,37.443653,306.4900513,"263-328"
"4078","Meade",-167.53,"Meade NW",1995-01-19,372638100241701,119,30,c(-100.406626, 37.443653),"1995","215-144",-100.406626,37.443653,306.4900513,"263-328"
"4079","Meade",-166.08,"Meade NW",1996-01-20,372638100241701,119,30,c(-100.406626, 37.443653),"1996","215-144",-100.406626,37.443653,306.4900513,"263-328"
"4080","Meade",-167.43,"Meade NW",1997-01-08,372638100241701,119,30,c(-100.406626, 37.443653),"1997","215-144",-100.406626,37.443653,306.4900513,"263-328"
"4081","Meade",-167.78,"Meade NW",1997-01-11,372638100241701,119,30,c(-100.406626, 37.443653),"1997","215-144",-100.406626,37.443653,306.4900513,"263-328"
"4082","Meade",-169.39,"Meade NW",1998-01-07,372638100241701,119,30,c(-100.406626, 37.443653),"1998","215-144",-100.406626,37.443653,306.4900513,"263-328"
"4083","Meade",-172.26,"Meade NW",1999-01-06,372638100241701,119,30,c(-100.406626, 37.443653),"1999","215-144",-100.406626,37.443653,306.4900513,"263-328"
"4084","Meade",-173.64,"Meade NW",2000-01-07,372638100241701,119,30,c(-100.406626, 37.443653),"2000","215-144",-100.406626,37.443653,306.4900513,"263-328"
"4085","Meade",-175.98,"Meade NW",2001-01-06,372638100241701,119,30,c(-100.406626, 37.443653),"2001","215-144",-100.406626,37.443653,306.4900513,"263-328"
"4086","Meade",-178.42,"Meade NW",2002-01-07,372638100241701,119,30,c(-100.406626, 37.443653),"2002","215-144",-100.406626,37.443653,306.4900513,"263-328"
"4087","Meade",-182.34,"Meade NW",2003-01-10,372638100241701,119,30,c(-100.406626, 37.443653),"2003","215-144",-100.406626,37.443653,306.4900513,"263-328"
"4088","Meade",-185.43,"Meade NW",2004-01-06,372638100241701,119,30,c(-100.406626, 37.443653),"2004","215-144",-100.406626,37.443653,306.4900513,"263-328"
"4089","Meade",-186.55,"Meade NW",2005-01-12,372638100241701,119,30,c(-100.406626, 37.443653),"2005","215-144",-100.406626,37.443653,306.4900513,"263-328"
"4090","Meade",-186.69,"Meade NW",2005-01-12,372638100241701,119,30,c(-100.406626, 37.443653),"2005","215-144",-100.406626,37.443653,306.4900513,"263-328"
"4091","Meade",-189.3,"Meade NW",2006-01-08,372638100241701,119,30,c(-100.406626, 37.443653),"2006","215-144",-100.406626,37.443653,306.4900513,"263-328"
"4092","Meade",-192.65,"Meade NW",2007-01-23,372638100241701,119,30,c(-100.406626, 37.443653),"2007","215-144",-100.406626,37.443653,306.4900513,"263-328"
"4093","Meade",-195.62,"Meade NW",2008-01-07,372638100241701,119,30,c(-100.406626, 37.443653),"2008","215-144",-100.406626,37.443653,306.4900513,"263-328"
"4094","Meade",-198.59,"Meade NW",2009-01-08,372638100241701,119,30,c(-100.406626, 37.443653),"2009","215-144",-100.406626,37.443653,306.4900513,"263-328"
"4095","Meade",-201.24,"Meade NW",2010-01-05,372638100241701,119,30,c(-100.406626, 37.443653),"2010","215-144",-100.406626,37.443653,306.4900513,"263-328"
"4096","Meade",-204.15,"Meade NW",2011-01-07,372638100241701,119,30,c(-100.406626, 37.443653),"2011","215-144",-100.406626,37.443653,306.4900513,"263-328"
"4097","Meade",-208.65,"Meade NW",2012-01-06,372638100241701,119,30,c(-100.406626, 37.443653),"2012","215-144",-100.406626,37.443653,306.4900513,"263-328"
"4098","Meade",-212.1,"Meade NW",2013-01-06,372638100241701,119,30,c(-100.406626, 37.443653),"2013","215-144",-100.406626,37.443653,306.4900513,"263-328"
"4099","Meade",-212.25,"Meade NW",2013-01-06,372638100241701,119,30,c(-100.406626, 37.443653),"2013","215-144",-100.406626,37.443653,306.4900513,"263-328"
"4100","Meade",-215.2,"Meade NW",2014-01-05,372638100241701,119,30,c(-100.406626, 37.443653),"2014","215-144",-100.406626,37.443653,306.4900513,"263-328"
"4101","Meade",-218.15,"Meade NW",2015-01-06,372638100241701,119,30,c(-100.406626, 37.443653),"2015","287-216",-100.406626,37.443653,306.4900513,"263-328"
"4102","Meade",-221.89,"Meade NW",2016-01-05,372638100241701,119,30,c(-100.406626, 37.443653),"2016","287-216",-100.406626,37.443653,306.4900513,"263-328"
"4103","Meade",-221.95,"Meade NW",2017-01-06,372638100241701,119,30,c(-100.406626, 37.443653),"2017","287-216",-100.406626,37.443653,306.4900513,"263-328"
"4104","Meade",-223.52,"Meade NW",2018-01-05,372638100241701,119,30,c(-100.406626, 37.443653),"2018","287-216",-100.406626,37.443653,306.4900513,"263-328"
"4105","Meade",-224.3,"Meade NW",2019-01-05,372638100241701,119,30,c(-100.406626, 37.443653),"2019","287-216",-100.406626,37.443653,306.4900513,"263-328"
"4106","Meade",-226.85,"Meade NW",2020-01-05,372638100241701,119,30,c(-100.406626, 37.443653),"2020","287-216",-100.406626,37.443653,306.4900513,"263-328"
"4107","Meade",-226.99,"Meade NW",2020-01-05,372638100241701,119,30,c(-100.406626, 37.443653),"2020","287-216",-100.406626,37.443653,306.4900513,"263-328"
"4108","Meade",-228.94,"Meade NW",2021-01-07,372638100241701,119,30,c(-100.406626, 37.443653),"2021","287-216",-100.406626,37.443653,306.4900513,"263-328"
"4109","Meade",-234.15,"Meade NW",2022-01-06,372638100241701,119,30,c(-100.406626, 37.443653),"2022","287-216",-100.406626,37.443653,306.4900513,"263-328"
"4110","Meade",-234.3,"Meade NW",2023-01-06,372638100241701,119,30,c(-100.406626, 37.443653),"2023","287-216",-100.406626,37.443653,306.4900513,"263-328"
"4111","Meade",-235.05,"Meade NW",2024-01-05,372638100241701,119,30,c(-100.406626, 37.443653),"2024","287-216",-100.406626,37.443653,306.4900513,"263-328"
"4112","Meade",-63.99,"MINNEOLA",1986-01-07,372628100064701,119,30,c(-100.116086, 37.444893),"1986","71-0",-100.116086,37.444893,10,"0-65"
"4113","Meade",-67.18,"MINNEOLA",1989-11-21,372628100064701,119,30,c(-100.116086, 37.444893),"1989","71-0",-100.116086,37.444893,10,"0-65"
"4114","Meade",-67.27,"MINNEOLA",1990-01-10,372628100064701,119,30,c(-100.116086, 37.444893),"1990","71-0",-100.116086,37.444893,10,"0-65"
"4115","Meade",-67.42,"MINNEOLA",1991-01-11,372628100064701,119,30,c(-100.116086, 37.444893),"1991","71-0",-100.116086,37.444893,10,"0-65"
"4116","Meade",-68.36,"MINNEOLA",1992-01-14,372628100064701,119,30,c(-100.116086, 37.444893),"1992","71-0",-100.116086,37.444893,10,"0-65"
"4117","Meade",-69.6,"MINNEOLA",1993-02-04,372628100064701,119,30,c(-100.116086, 37.444893),"1993","71-0",-100.116086,37.444893,10,"0-65"
"4118","Meade",-69.5,"MINNEOLA",1994-01-11,372628100064701,119,30,c(-100.116086, 37.444893),"1994","71-0",-100.116086,37.444893,10,"0-65"
"4119","Meade",-69.86,"MINNEOLA",1995-01-18,372628100064701,119,30,c(-100.116086, 37.444893),"1995","71-0",-100.116086,37.444893,10,"0-65"
"4120","Meade",-70.22,"MINNEOLA",1996-01-23,372628100064701,119,30,c(-100.116086, 37.444893),"1996","71-0",-100.116086,37.444893,10,"0-65"
"4121","Meade",-70.58,"MINNEOLA",1997-01-08,372628100064701,119,30,c(-100.116086, 37.444893),"1997","71-0",-100.116086,37.444893,10,"0-65"
"4122","Meade",-70.52,"MINNEOLA",1998-01-07,372628100064701,119,30,c(-100.116086, 37.444893),"1998","71-0",-100.116086,37.444893,10,"0-65"
"4123","Meade",-70.02,"MINNEOLA",1999-01-06,372628100064701,119,30,c(-100.116086, 37.444893),"1999","71-0",-100.116086,37.444893,10,"0-65"
"4124","Meade",-69.43,"MINNEOLA",2000-01-07,372628100064701,119,30,c(-100.116086, 37.444893),"2000","71-0",-100.116086,37.444893,10,"0-65"
"4125","Meade",-69.4,"MINNEOLA",2000-01-08,372628100064701,119,30,c(-100.116086, 37.444893),"2000","71-0",-100.116086,37.444893,10,"0-65"
"4126","Meade",-68.72,"MINNEOLA",2001-01-07,372628100064701,119,30,c(-100.116086, 37.444893),"2001","71-0",-100.116086,37.444893,10,"0-65"
"4127","Meade",-68.63,"MINNEOLA",2002-01-08,372628100064701,119,30,c(-100.116086, 37.444893),"2002","71-0",-100.116086,37.444893,10,"0-65"
"4128","Meade",-68.66,"MINNEOLA",2003-01-10,372628100064701,119,30,c(-100.116086, 37.444893),"2003","71-0",-100.116086,37.444893,10,"0-65"
"4129","Meade",-72.6,"MINNEOLA",2004-01-06,372628100064701,119,30,c(-100.116086, 37.444893),"2004","143-72",-100.116086,37.444893,10,"0-65"
"4130","Meade",-32.86,"Meade",1975-01-22,372026100162402,119,31,c(-100.27307, 37.342935),"1975","71-0",-100.27307,37.342935,160.3096924,"132-197"
"4131","Meade",-28.09,"Meade",1976-01-13,372026100162402,119,31,c(-100.27307, 37.342935),"1976","71-0",-100.27307,37.342935,160.3096924,"132-197"
"4132","Meade",-35.66,"Meade",1977-01-11,372026100162402,119,31,c(-100.27307, 37.342935),"1977","71-0",-100.27307,37.342935,160.3096924,"132-197"
"4133","Meade",-31.27,"Meade",1978-01-19,372026100162402,119,31,c(-100.27307, 37.342935),"1978","71-0",-100.27307,37.342935,160.3096924,"132-197"
"4134","Meade",-31.6,"Meade",1979-02-01,372026100162402,119,31,c(-100.27307, 37.342935),"1979","71-0",-100.27307,37.342935,160.3096924,"132-197"
"4135","Meade",-27.86,"Meade",1980-01-18,372026100162402,119,31,c(-100.27307, 37.342935),"1980","71-0",-100.27307,37.342935,160.3096924,"132-197"
"4136","Meade",-31.12,"Meade",1981-01-13,372026100162402,119,31,c(-100.27307, 37.342935),"1981","71-0",-100.27307,37.342935,160.3096924,"132-197"
"4137","Meade",-30.58,"Meade",1983-01-07,372026100162402,119,31,c(-100.27307, 37.342935),"1983","71-0",-100.27307,37.342935,160.3096924,"132-197"
"4138","Meade",-29.97,"Meade",1984-01-11,372026100162402,119,31,c(-100.27307, 37.342935),"1984","71-0",-100.27307,37.342935,160.3096924,"132-197"
"4139","Meade",-27.13,"Meade",1985-01-15,372026100162402,119,31,c(-100.27307, 37.342935),"1985","71-0",-100.27307,37.342935,160.3096924,"132-197"
"4140","Meade",-27.12,"Meade",1986-01-07,372026100162402,119,31,c(-100.27307, 37.342935),"1986","71-0",-100.27307,37.342935,160.3096924,"132-197"
"4141","Meade",-28.05,"Meade",1987-01-06,372026100162402,119,31,c(-100.27307, 37.342935),"1987","71-0",-100.27307,37.342935,160.3096924,"132-197"
"4142","Meade",-29.25,"Meade",1988-01-06,372026100162402,119,31,c(-100.27307, 37.342935),"1988","71-0",-100.27307,37.342935,160.3096924,"132-197"
"4143","Meade",-37.76,"Meade",1989-01-10,372026100162402,119,31,c(-100.27307, 37.342935),"1989","71-0",-100.27307,37.342935,160.3096924,"132-197"
"4144","Meade",-35.3,"Meade",1990-01-10,372026100162402,119,31,c(-100.27307, 37.342935),"1990","71-0",-100.27307,37.342935,160.3096924,"132-197"
"4145","Meade",-39.75,"Meade",1991-01-11,372026100162402,119,31,c(-100.27307, 37.342935),"1991","71-0",-100.27307,37.342935,160.3096924,"132-197"
"4146","Meade",-43.38,"Meade",1992-01-14,372026100162402,119,31,c(-100.27307, 37.342935),"1992","71-0",-100.27307,37.342935,160.3096924,"132-197"
"4147","Meade",-38,"Meade",1994-01-11,372026100162402,119,31,c(-100.27307, 37.342935),"1994","71-0",-100.27307,37.342935,160.3096924,"132-197"
"4148","Meade",-39.1,"Meade",1995-01-18,372026100162402,119,31,c(-100.27307, 37.342935),"1995","71-0",-100.27307,37.342935,160.3096924,"132-197"
"4149","Meade",-44.71,"Meade",1996-01-23,372026100162402,119,31,c(-100.27307, 37.342935),"1996","71-0",-100.27307,37.342935,160.3096924,"132-197"
"4150","Meade",-35.5,"Meade",1997-01-08,372026100162402,119,31,c(-100.27307, 37.342935),"1997","71-0",-100.27307,37.342935,160.3096924,"132-197"
"4151","Meade",-30.18,"Meade",1998-01-09,372026100162402,119,31,c(-100.27307, 37.342935),"1998","71-0",-100.27307,37.342935,160.3096924,"132-197"
"4152","Meade",-37.67,"Meade",1999-01-06,372026100162402,119,31,c(-100.27307, 37.342935),"1999","71-0",-100.27307,37.342935,160.3096924,"132-197"
"4153","Meade",-34.66,"Meade",2000-01-07,372026100162402,119,31,c(-100.27307, 37.342935),"2000","71-0",-100.27307,37.342935,160.3096924,"132-197"
"4154","Meade",-42.98,"Meade",2001-01-06,372026100162402,119,31,c(-100.27307, 37.342935),"2001","71-0",-100.27307,37.342935,160.3096924,"132-197"
"4155","Meade",-48.47,"Meade",2002-01-07,372026100162402,119,31,c(-100.27307, 37.342935),"2002","71-0",-100.27307,37.342935,160.3096924,"132-197"
"4156","Meade",-59.55,"Meade",2003-01-10,372026100162402,119,31,c(-100.27307, 37.342935),"2003","71-0",-100.27307,37.342935,160.3096924,"132-197"
"4157","Meade",-57.47,"Meade",2004-01-06,372026100162402,119,31,c(-100.27307, 37.342935),"2004","71-0",-100.27307,37.342935,160.3096924,"132-197"
"4158","Meade",-59.48,"Meade",2005-01-11,372026100162402,119,31,c(-100.27307, 37.342935),"2005","71-0",-100.27307,37.342935,160.3096924,"132-197"
"4159","Meade",-58.55,"Meade",2006-01-08,372026100162402,119,31,c(-100.27307, 37.342935),"2006","71-0",-100.27307,37.342935,160.3096924,"132-197"
"4160","Meade",-67.41,"Meade",2007-01-23,372026100162402,119,31,c(-100.27307, 37.342935),"2007","71-0",-100.27307,37.342935,160.3096924,"132-197"
"4161","Meade",-67.27,"Meade",2008-01-08,372026100162402,119,31,c(-100.27307, 37.342935),"2008","71-0",-100.27307,37.342935,160.3096924,"132-197"
"4162","Meade",-87,"Meade",2009-01-08,372026100162402,119,31,c(-100.27307, 37.342935),"2009","143-72",-100.27307,37.342935,160.3096924,"132-197"
"4163","Meade",-81.27,"Meade",2010-01-05,372026100162402,119,31,c(-100.27307, 37.342935),"2010","143-72",-100.27307,37.342935,160.3096924,"132-197"
"4164","Meade",-88.54,"Meade",2011-01-07,372026100162402,119,31,c(-100.27307, 37.342935),"2011","143-72",-100.27307,37.342935,160.3096924,"132-197"
"4165","Meade",-95.98,"Meade",2012-01-06,372026100162402,119,31,c(-100.27307, 37.342935),"2012","143-72",-100.27307,37.342935,160.3096924,"132-197"
"4166","Meade",-96.06,"Meade",2012-01-06,372026100162402,119,31,c(-100.27307, 37.342935),"2012","143-72",-100.27307,37.342935,160.3096924,"132-197"
"4167","Meade",-103.77,"Meade",2013-01-06,372026100162402,119,31,c(-100.27307, 37.342935),"2013","143-72",-100.27307,37.342935,160.3096924,"132-197"
"4168","Meade",-105.18,"Meade",2014-01-05,372026100162402,119,31,c(-100.27307, 37.342935),"2014","143-72",-100.27307,37.342935,160.3096924,"132-197"
"4169","Meade",-106.67,"Meade",2015-01-05,372026100162402,119,31,c(-100.27307, 37.342935),"2015","143-72",-100.27307,37.342935,160.3096924,"132-197"
"4170","Meade",-104.9,"Meade",2016-01-05,372026100162402,119,31,c(-100.27307, 37.342935),"2016","143-72",-100.27307,37.342935,160.3096924,"132-197"
"4171","Meade",-101.62,"Meade",2017-01-06,372026100162402,119,31,c(-100.27307, 37.342935),"2017","143-72",-100.27307,37.342935,160.3096924,"132-197"
"4172","Meade",-100.56,"Meade",2018-01-05,372026100162402,119,31,c(-100.27307, 37.342935),"2018","143-72",-100.27307,37.342935,160.3096924,"132-197"
"4173","Meade",-100.85,"Meade",2019-01-05,372026100162402,119,31,c(-100.27307, 37.342935),"2019","143-72",-100.27307,37.342935,160.3096924,"132-197"
"4174","Meade",-100.86,"Meade",2019-01-05,372026100162402,119,31,c(-100.27307, 37.342935),"2019","143-72",-100.27307,37.342935,160.3096924,"132-197"
"4175","Meade",-95.04,"Meade",2020-01-05,372026100162402,119,31,c(-100.27307, 37.342935),"2020","143-72",-100.27307,37.342935,160.3096924,"132-197"
"4176","Meade",-96.17,"Meade",2021-01-07,372026100162402,119,31,c(-100.27307, 37.342935),"2021","143-72",-100.27307,37.342935,160.3096924,"132-197"
"4177","Meade",-99.55,"Meade",2022-01-06,372026100162402,119,31,c(-100.27307, 37.342935),"2022","143-72",-100.27307,37.342935,160.3096924,"132-197"
"4178","Meade",-107.94,"Meade",2023-01-06,372026100162402,119,31,c(-100.27307, 37.342935),"2023","143-72",-100.27307,37.342935,160.3096924,"132-197"
"4179","Meade",-110.52,"Meade",2024-01-05,372026100162402,119,31,c(-100.27307, 37.342935),"2024","143-72",-100.27307,37.342935,160.3096924,"132-197"
"4180","Meade",-63.1,"Meade",1939-07-01,371732100214701,119,32,c(-100.363724, 37.292754),"1939","71-0",-100.363724,37.292754,268.5789185,"263-328"
"4181","Meade",-63.12,"Meade",1939-07-28,371732100214701,119,32,c(-100.363724, 37.292754),"1939","71-0",-100.363724,37.292754,268.5789185,"263-328"
"4182","Meade",-63.11,"Meade",1939-08-02,371732100214701,119,32,c(-100.363724, 37.292754),"1939","71-0",-100.363724,37.292754,268.5789185,"263-328"
"4183","Meade",-63.18,"Meade",1939-09-01,371732100214701,119,32,c(-100.363724, 37.292754),"1939","71-0",-100.363724,37.292754,268.5789185,"263-328"
"4184","Meade",-63.28,"Meade",1939-09-30,371732100214701,119,32,c(-100.363724, 37.292754),"1939","71-0",-100.363724,37.292754,268.5789185,"263-328"
"4185","Meade",-62.96,"Meade",1939-11-13,371732100214701,119,32,c(-100.363724, 37.292754),"1939","71-0",-100.363724,37.292754,268.5789185,"263-328"
"4186","Meade",-62.93,"Meade",1939-12-14,371732100214701,119,32,c(-100.363724, 37.292754),"1939","71-0",-100.363724,37.292754,268.5789185,"263-328"
"4187","Meade",-62.95,"Meade",1940-02-14,371732100214701,119,32,c(-100.363724, 37.292754),"1940","71-0",-100.363724,37.292754,268.5789185,"263-328"
"4188","Meade",-62.95,"Meade",1940-03-21,371732100214701,119,32,c(-100.363724, 37.292754),"1940","71-0",-100.363724,37.292754,268.5789185,"263-328"
"4189","Meade",-62.96,"Meade",1940-04-20,371732100214701,119,32,c(-100.363724, 37.292754),"1940","71-0",-100.363724,37.292754,268.5789185,"263-328"
"4190","Meade",-62.8,"Meade",1940-05-22,371732100214701,119,32,c(-100.363724, 37.292754),"1940","71-0",-100.363724,37.292754,268.5789185,"263-328"
"4191","Meade",-62.71,"Meade",1940-06-20,371732100214701,119,32,c(-100.363724, 37.292754),"1940","71-0",-100.363724,37.292754,268.5789185,"263-328"
"4192","Meade",-63.16,"Meade",1940-07-23,371732100214701,119,32,c(-100.363724, 37.292754),"1940","71-0",-100.363724,37.292754,268.5789185,"263-328"
"4193","Meade",-63.38,"Meade",1940-08-19,371732100214701,119,32,c(-100.363724, 37.292754),"1940","71-0",-100.363724,37.292754,268.5789185,"263-328"
"4194","Meade",-63.43,"Meade",1940-09-30,371732100214701,119,32,c(-100.363724, 37.292754),"1940","71-0",-100.363724,37.292754,268.5789185,"263-328"
"4195","Meade",-63.24,"Meade",1940-10-28,371732100214701,119,32,c(-100.363724, 37.292754),"1940","71-0",-100.363724,37.292754,268.5789185,"263-328"
"4196","Meade",-63.27,"Meade",1940-11-14,371732100214701,119,32,c(-100.363724, 37.292754),"1940","71-0",-100.363724,37.292754,268.5789185,"263-328"
"4197","Meade",-63.12,"Meade",1940-12-20,371732100214701,119,32,c(-100.363724, 37.292754),"1940","71-0",-100.363724,37.292754,268.5789185,"263-328"
"4198","Meade",-63.12,"Meade",1941-01-21,371732100214701,119,32,c(-100.363724, 37.292754),"1941","71-0",-100.363724,37.292754,268.5789185,"263-328"
"4199","Meade",-63.11,"Meade",1941-03-18,371732100214701,119,32,c(-100.363724, 37.292754),"1941","71-0",-100.363724,37.292754,268.5789185,"263-328"
"4200","Meade",-63.22,"Meade",1941-04-22,371732100214701,119,32,c(-100.363724, 37.292754),"1941","71-0",-100.363724,37.292754,268.5789185,"263-328"
"4201","Meade",-63.09,"Meade",1941-05-16,371732100214701,119,32,c(-100.363724, 37.292754),"1941","71-0",-100.363724,37.292754,268.5789185,"263-328"
"4202","Meade",-63.11,"Meade",1941-06-11,371732100214701,119,32,c(-100.363724, 37.292754),"1941","71-0",-100.363724,37.292754,268.5789185,"263-328"
"4203","Meade",-63.15,"Meade",1941-07-15,371732100214701,119,32,c(-100.363724, 37.292754),"1941","71-0",-100.363724,37.292754,268.5789185,"263-328"
"4204","Meade",-63.27,"Meade",1941-08-07,371732100214701,119,32,c(-100.363724, 37.292754),"1941","71-0",-100.363724,37.292754,268.5789185,"263-328"
"4205","Meade",-63.29,"Meade",1941-09-09,371732100214701,119,32,c(-100.363724, 37.292754),"1941","71-0",-100.363724,37.292754,268.5789185,"263-328"
"4206","Meade",-63.21,"Meade",1941-10-09,371732100214701,119,32,c(-100.363724, 37.292754),"1941","71-0",-100.363724,37.292754,268.5789185,"263-328"
"4207","Meade",-63.35,"Meade",1941-11-06,371732100214701,119,32,c(-100.363724, 37.292754),"1941","71-0",-100.363724,37.292754,268.5789185,"263-328"
"4208","Meade",-63.3,"Meade",1941-12-03,371732100214701,119,32,c(-100.363724, 37.292754),"1941","71-0",-100.363724,37.292754,268.5789185,"263-328"
"4209","Meade",-63.34,"Meade",1942-01-06,371732100214701,119,32,c(-100.363724, 37.292754),"1942","71-0",-100.363724,37.292754,268.5789185,"263-328"
"4210","Meade",-63.31,"Meade",1942-02-03,371732100214701,119,32,c(-100.363724, 37.292754),"1942","71-0",-100.363724,37.292754,268.5789185,"263-328"
"4211","Meade",-63.01,"Meade",1942-04-01,371732100214701,119,32,c(-100.363724, 37.292754),"1942","71-0",-100.363724,37.292754,268.5789185,"263-328"
"4212","Meade",-62.99,"Meade",1942-05-12,371732100214701,119,32,c(-100.363724, 37.292754),"1942","71-0",-100.363724,37.292754,268.5789185,"263-328"
"4213","Meade",-62.61,"Meade",1942-06-02,371732100214701,119,32,c(-100.363724, 37.292754),"1942","71-0",-100.363724,37.292754,268.5789185,"263-328"
"4214","Meade",-62.66,"Meade",1942-07-07,371732100214701,119,32,c(-100.363724, 37.292754),"1942","71-0",-100.363724,37.292754,268.5789185,"263-328"
"4215","Meade",-62.64,"Meade",1942-08-03,371732100214701,119,32,c(-100.363724, 37.292754),"1942","71-0",-100.363724,37.292754,268.5789185,"263-328"
"4216","Meade",-62.61,"Meade",1942-09-09,371732100214701,119,32,c(-100.363724, 37.292754),"1942","71-0",-100.363724,37.292754,268.5789185,"263-328"
"4217","Meade",-62.59,"Meade",1942-10-21,371732100214701,119,32,c(-100.363724, 37.292754),"1942","71-0",-100.363724,37.292754,268.5789185,"263-328"
"4218","Meade",-62.62,"Meade",1942-11-23,371732100214701,119,32,c(-100.363724, 37.292754),"1942","71-0",-100.363724,37.292754,268.5789185,"263-328"
"4219","Meade",-62.67,"Meade",1943-01-27,371732100214701,119,32,c(-100.363724, 37.292754),"1943","71-0",-100.363724,37.292754,268.5789185,"263-328"
"4220","Meade",-62.58,"Meade",1943-02-19,371732100214701,119,32,c(-100.363724, 37.292754),"1943","71-0",-100.363724,37.292754,268.5789185,"263-328"
"4221","Meade",-62.63,"Meade",1943-03-17,371732100214701,119,32,c(-100.363724, 37.292754),"1943","71-0",-100.363724,37.292754,268.5789185,"263-328"
"4222","Meade",-62.83,"Meade",1943-04-27,371732100214701,119,32,c(-100.363724, 37.292754),"1943","71-0",-100.363724,37.292754,268.5789185,"263-328"
"4223","Meade",-62.79,"Meade",1943-05-26,371732100214701,119,32,c(-100.363724, 37.292754),"1943","71-0",-100.363724,37.292754,268.5789185,"263-328"
"4224","Meade",-62.75,"Meade",1943-06-26,371732100214701,119,32,c(-100.363724, 37.292754),"1943","71-0",-100.363724,37.292754,268.5789185,"263-328"
"4225","Meade",-63.39,"Meade",1943-07-19,371732100214701,119,32,c(-100.363724, 37.292754),"1943","71-0",-100.363724,37.292754,268.5789185,"263-328"
"4226","Meade",-63.57,"Meade",1943-08-18,371732100214701,119,32,c(-100.363724, 37.292754),"1943","71-0",-100.363724,37.292754,268.5789185,"263-328"
"4227","Meade",-67.12,"Meade",1943-09-09,371732100214701,119,32,c(-100.363724, 37.292754),"1943","71-0",-100.363724,37.292754,268.5789185,"263-328"
"4228","Meade",-63.4,"Meade",1943-10-05,371732100214701,119,32,c(-100.363724, 37.292754),"1943","71-0",-100.363724,37.292754,268.5789185,"263-328"
"4229","Meade",-63.22,"Meade",1943-11-03,371732100214701,119,32,c(-100.363724, 37.292754),"1943","71-0",-100.363724,37.292754,268.5789185,"263-328"
"4230","Meade",-62.8,"Meade",1944-03-02,371732100214701,119,32,c(-100.363724, 37.292754),"1944","71-0",-100.363724,37.292754,268.5789185,"263-328"
"4231","Meade",-62,"Meade",1944-06-17,371732100214701,119,32,c(-100.363724, 37.292754),"1944","71-0",-100.363724,37.292754,268.5789185,"263-328"
"4232","Meade",-62.92,"Meade",1944-08-31,371732100214701,119,32,c(-100.363724, 37.292754),"1944","71-0",-100.363724,37.292754,268.5789185,"263-328"
"4233","Meade",-62.95,"Meade",1945-06-07,371732100214701,119,32,c(-100.363724, 37.292754),"1945","71-0",-100.363724,37.292754,268.5789185,"263-328"
"4234","Meade",-63.37,"Meade",1945-09-20,371732100214701,119,32,c(-100.363724, 37.292754),"1945","71-0",-100.363724,37.292754,268.5789185,"263-328"
"4235","Meade",-63.07,"Meade",1945-12-18,371732100214701,119,32,c(-100.363724, 37.292754),"1945","71-0",-100.363724,37.292754,268.5789185,"263-328"
"4236","Meade",-63.44,"Meade",1946-06-04,371732100214701,119,32,c(-100.363724, 37.292754),"1946","71-0",-100.363724,37.292754,268.5789185,"263-328"
"4237","Meade",-63.6,"Meade",1946-09-20,371732100214701,119,32,c(-100.363724, 37.292754),"1946","71-0",-100.363724,37.292754,268.5789185,"263-328"
"4238","Meade",-62.62,"Meade",1946-12-21,371732100214701,119,32,c(-100.363724, 37.292754),"1946","71-0",-100.363724,37.292754,268.5789185,"263-328"
"4239","Meade",-62.77,"Meade",1947-06-18,371732100214701,119,32,c(-100.363724, 37.292754),"1947","71-0",-100.363724,37.292754,268.5789185,"263-328"
"4240","Meade",-62.56,"Meade",1947-09-16,371732100214701,119,32,c(-100.363724, 37.292754),"1947","71-0",-100.363724,37.292754,268.5789185,"263-328"
"4241","Meade",-62.89,"Meade",1947-12-15,371732100214701,119,32,c(-100.363724, 37.292754),"1947","71-0",-100.363724,37.292754,268.5789185,"263-328"
"4242","Meade",-62.42,"Meade",1948-06-17,371732100214701,119,32,c(-100.363724, 37.292754),"1948","71-0",-100.363724,37.292754,268.5789185,"263-328"
"4243","Meade",-63.14,"Meade",1948-09-21,371732100214701,119,32,c(-100.363724, 37.292754),"1948","71-0",-100.363724,37.292754,268.5789185,"263-328"
"4244","Meade",-62.21,"Meade",1948-12-17,371732100214701,119,32,c(-100.363724, 37.292754),"1948","71-0",-100.363724,37.292754,268.5789185,"263-328"
"4245","Meade",-60.53,"Meade",1949-06-20,371732100214701,119,32,c(-100.363724, 37.292754),"1949","71-0",-100.363724,37.292754,268.5789185,"263-328"
"4246","Meade",-61.22,"Meade",1949-09-15,371732100214701,119,32,c(-100.363724, 37.292754),"1949","71-0",-100.363724,37.292754,268.5789185,"263-328"
"4247","Meade",-61.83,"Meade",1950-09-26,371732100214701,119,32,c(-100.363724, 37.292754),"1950","71-0",-100.363724,37.292754,268.5789185,"263-328"
"4248","Meade",-60.38,"Meade",1950-12-26,371732100214701,119,32,c(-100.363724, 37.292754),"1950","71-0",-100.363724,37.292754,268.5789185,"263-328"
"4249","Meade",-60.64,"Meade",1951-09-18,371732100214701,119,32,c(-100.363724, 37.292754),"1951","71-0",-100.363724,37.292754,268.5789185,"263-328"
"4250","Meade",-60.18,"Meade",1952-03-19,371732100214701,119,32,c(-100.363724, 37.292754),"1952","71-0",-100.363724,37.292754,268.5789185,"263-328"
"4251","Meade",-61.09,"Meade",1952-12-10,371732100214701,119,32,c(-100.363724, 37.292754),"1952","71-0",-100.363724,37.292754,268.5789185,"263-328"
"4252","Meade",-61.1,"Meade",1953-03-19,371732100214701,119,32,c(-100.363724, 37.292754),"1953","71-0",-100.363724,37.292754,268.5789185,"263-328"
"4253","Meade",-61.7,"Meade",1954-03-16,371732100214701,119,32,c(-100.363724, 37.292754),"1954","71-0",-100.363724,37.292754,268.5789185,"263-328"
"4254","Meade",-62.43,"Meade",1954-06-09,371732100214701,119,32,c(-100.363724, 37.292754),"1954","71-0",-100.363724,37.292754,268.5789185,"263-328"
"4255","Meade",-63.45,"Meade",1954-09-14,371732100214701,119,32,c(-100.363724, 37.292754),"1954","71-0",-100.363724,37.292754,268.5789185,"263-328"
"4256","Meade",-61.4,"Meade",1954-12-13,371732100214701,119,32,c(-100.363724, 37.292754),"1954","71-0",-100.363724,37.292754,268.5789185,"263-328"
"4257","Meade",-62.65,"Meade",1955-03-15,371732100214701,119,32,c(-100.363724, 37.292754),"1955","71-0",-100.363724,37.292754,268.5789185,"263-328"
"4258","Meade",-62.68,"Meade",1955-06-28,371732100214701,119,32,c(-100.363724, 37.292754),"1955","71-0",-100.363724,37.292754,268.5789185,"263-328"
"4259","Meade",-63.49,"Meade",1955-09-13,371732100214701,119,32,c(-100.363724, 37.292754),"1955","71-0",-100.363724,37.292754,268.5789185,"263-328"
"4260","Meade",-62.59,"Meade",1955-12-28,371732100214701,119,32,c(-100.363724, 37.292754),"1955","71-0",-100.363724,37.292754,268.5789185,"263-328"
"4261","Meade",-62.84,"Meade",1956-03-13,371732100214701,119,32,c(-100.363724, 37.292754),"1956","71-0",-100.363724,37.292754,268.5789185,"263-328"
"4262","Meade",-64.29,"Meade",1956-06-07,371732100214701,119,32,c(-100.363724, 37.292754),"1956","71-0",-100.363724,37.292754,268.5789185,"263-328"
"4263","Meade",-66.02,"Meade",1956-09-13,371732100214701,119,32,c(-100.363724, 37.292754),"1956","71-0",-100.363724,37.292754,268.5789185,"263-328"
"4264","Meade",-63.65,"Meade",1956-12-04,371732100214701,119,32,c(-100.363724, 37.292754),"1956","71-0",-100.363724,37.292754,268.5789185,"263-328"
"4265","Meade",-63.35,"Meade",1957-03-19,371732100214701,119,32,c(-100.363724, 37.292754),"1957","71-0",-100.363724,37.292754,268.5789185,"263-328"
"4266","Meade",-62.57,"Meade",1957-06-18,371732100214701,119,32,c(-100.363724, 37.292754),"1957","71-0",-100.363724,37.292754,268.5789185,"263-328"
"4267","Meade",-63.55,"Meade",1957-09-12,371732100214701,119,32,c(-100.363724, 37.292754),"1957","71-0",-100.363724,37.292754,268.5789185,"263-328"
"4268","Meade",-62.84,"Meade",1957-12-19,371732100214701,119,32,c(-100.363724, 37.292754),"1957","71-0",-100.363724,37.292754,268.5789185,"263-328"
"4269","Meade",-63.38,"Meade",1958-07-16,371732100214701,119,32,c(-100.363724, 37.292754),"1958","71-0",-100.363724,37.292754,268.5789185,"263-328"
"4270","Meade",-63.1,"Meade",1958-11-17,371732100214701,119,32,c(-100.363724, 37.292754),"1958","71-0",-100.363724,37.292754,268.5789185,"263-328"
"4271","Meade",-62.7,"Meade",1959-01-08,371732100214701,119,32,c(-100.363724, 37.292754),"1959","71-0",-100.363724,37.292754,268.5789185,"263-328"
"4272","Meade",-62.78,"Meade",1959-04-10,371732100214701,119,32,c(-100.363724, 37.292754),"1959","71-0",-100.363724,37.292754,268.5789185,"263-328"
"4273","Meade",-64.26,"Meade",1959-07-17,371732100214701,119,32,c(-100.363724, 37.292754),"1959","71-0",-100.363724,37.292754,268.5789185,"263-328"
"4274","Meade",-63.2,"Meade",1959-10-21,371732100214701,119,32,c(-100.363724, 37.292754),"1959","71-0",-100.363724,37.292754,268.5789185,"263-328"
"4275","Meade",-63.01,"Meade",1960-01-08,371732100214701,119,32,c(-100.363724, 37.292754),"1960","71-0",-100.363724,37.292754,268.5789185,"263-328"
"4276","Meade",-64.2,"Meade",1960-07-11,371732100214701,119,32,c(-100.363724, 37.292754),"1960","71-0",-100.363724,37.292754,268.5789185,"263-328"
"4277","Meade",-65.06,"Meade",1960-09-21,371732100214701,119,32,c(-100.363724, 37.292754),"1960","71-0",-100.363724,37.292754,268.5789185,"263-328"
"4278","Meade",-63.45,"Meade",1960-12-07,371732100214701,119,32,c(-100.363724, 37.292754),"1960","71-0",-100.363724,37.292754,268.5789185,"263-328"
"4279","Meade",-63.25,"Meade",1961-03-08,371732100214701,119,32,c(-100.363724, 37.292754),"1961","71-0",-100.363724,37.292754,268.5789185,"263-328"
"4280","Meade",-63.33,"Meade",1961-06-13,371732100214701,119,32,c(-100.363724, 37.292754),"1961","71-0",-100.363724,37.292754,268.5789185,"263-328"
"4281","Meade",-64.21,"Meade",1961-09-12,371732100214701,119,32,c(-100.363724, 37.292754),"1961","71-0",-100.363724,37.292754,268.5789185,"263-328"
"4282","Meade",-64.01,"Meade",1962-06-04,371732100214701,119,32,c(-100.363724, 37.292754),"1962","71-0",-100.363724,37.292754,268.5789185,"263-328"
"4283","Meade",-63.02,"Meade",1962-09-11,371732100214701,119,32,c(-100.363724, 37.292754),"1962","71-0",-100.363724,37.292754,268.5789185,"263-328"
"4284","Meade",-62.78,"Meade",1962-12-19,371732100214701,119,32,c(-100.363724, 37.292754),"1962","71-0",-100.363724,37.292754,268.5789185,"263-328"
"4285","Meade",-62.83,"Meade",1963-06-10,371732100214701,119,32,c(-100.363724, 37.292754),"1963","71-0",-100.363724,37.292754,268.5789185,"263-328"
"4286","Meade",-64.86,"Meade",1963-09-09,371732100214701,119,32,c(-100.363724, 37.292754),"1963","71-0",-100.363724,37.292754,268.5789185,"263-328"
"4287","Meade",-63.95,"Meade",1964-09-14,371732100214701,119,32,c(-100.363724, 37.292754),"1964","71-0",-100.363724,37.292754,268.5789185,"263-328"
"4288","Meade",-64.73,"Meade",1965-06-14,371732100214701,119,32,c(-100.363724, 37.292754),"1965","71-0",-100.363724,37.292754,268.5789185,"263-328"
"4289","Meade",-66.15,"Meade",1966-06-07,371732100214701,119,32,c(-100.363724, 37.292754),"1966","71-0",-100.363724,37.292754,268.5789185,"263-328"
"4290","Meade",-65.99,"Meade",1966-09-13,371732100214701,119,32,c(-100.363724, 37.292754),"1966","71-0",-100.363724,37.292754,268.5789185,"263-328"
"4291","Meade",-65.58,"Meade",1966-12-12,371732100214701,119,32,c(-100.363724, 37.292754),"1966","71-0",-100.363724,37.292754,268.5789185,"263-328"
"4292","Meade",-66.3,"Meade",1967-01-23,371732100214701,119,32,c(-100.363724, 37.292754),"1967","71-0",-100.363724,37.292754,268.5789185,"263-328"
"4293","Meade",-65.18,"Meade",1967-12-12,371732100214701,119,32,c(-100.363724, 37.292754),"1967","71-0",-100.363724,37.292754,268.5789185,"263-328"
"4294","Meade",-64.1,"Meade",1968-01-15,371732100214701,119,32,c(-100.363724, 37.292754),"1968","71-0",-100.363724,37.292754,268.5789185,"263-328"
"4295","Meade",-65.04,"Meade",1968-03-19,371732100214701,119,32,c(-100.363724, 37.292754),"1968","71-0",-100.363724,37.292754,268.5789185,"263-328"
"4296","Meade",-67.39,"Meade",1968-09-11,371732100214701,119,32,c(-100.363724, 37.292754),"1968","71-0",-100.363724,37.292754,268.5789185,"263-328"
"4297","Meade",-65.6,"Meade",1968-12-17,371732100214701,119,32,c(-100.363724, 37.292754),"1968","71-0",-100.363724,37.292754,268.5789185,"263-328"
"4298","Meade",-64.84,"Meade",1969-01-22,371732100214701,119,32,c(-100.363724, 37.292754),"1969","71-0",-100.363724,37.292754,268.5789185,"263-328"
"4299","Meade",-65.78,"Meade",1969-04-08,371732100214701,119,32,c(-100.363724, 37.292754),"1969","71-0",-100.363724,37.292754,268.5789185,"263-328"
"4300","Meade",-65.97,"Meade",1969-06-18,371732100214701,119,32,c(-100.363724, 37.292754),"1969","71-0",-100.363724,37.292754,268.5789185,"263-328"
"4301","Meade",-68.1,"Meade",1969-09-09,371732100214701,119,32,c(-100.363724, 37.292754),"1969","71-0",-100.363724,37.292754,268.5789185,"263-328"
"4302","Meade",-65.65,"Meade",1969-12-10,371732100214701,119,32,c(-100.363724, 37.292754),"1969","71-0",-100.363724,37.292754,268.5789185,"263-328"
"4303","Meade",-67.5,"Meade",1970-01-22,371732100214701,119,32,c(-100.363724, 37.292754),"1970","71-0",-100.363724,37.292754,268.5789185,"263-328"
"4304","Meade",-66.12,"Meade",1970-03-11,371732100214701,119,32,c(-100.363724, 37.292754),"1970","71-0",-100.363724,37.292754,268.5789185,"263-328"
"4305","Meade",-67.1,"Meade",1970-06-08,371732100214701,119,32,c(-100.363724, 37.292754),"1970","71-0",-100.363724,37.292754,268.5789185,"263-328"
"4306","Meade",-68.34,"Meade",1970-09-08,371732100214701,119,32,c(-100.363724, 37.292754),"1970","71-0",-100.363724,37.292754,268.5789185,"263-328"
"4307","Meade",-67.26,"Meade",1970-12-15,371732100214701,119,32,c(-100.363724, 37.292754),"1970","71-0",-100.363724,37.292754,268.5789185,"263-328"
"4308","Meade",-66.9,"Meade",1971-06-07,371732100214701,119,32,c(-100.363724, 37.292754),"1971","71-0",-100.363724,37.292754,268.5789185,"263-328"
"4309","Meade",-70.62,"Meade",1971-09-15,371732100214701,119,32,c(-100.363724, 37.292754),"1971","71-0",-100.363724,37.292754,268.5789185,"263-328"
"4310","Meade",-67.05,"Meade",1971-12-13,371732100214701,119,32,c(-100.363724, 37.292754),"1971","71-0",-100.363724,37.292754,268.5789185,"263-328"
"4311","Meade",-67.25,"Meade",1972-01-19,371732100214701,119,32,c(-100.363724, 37.292754),"1972","71-0",-100.363724,37.292754,268.5789185,"263-328"
"4312","Meade",-67.66,"Meade",1972-03-13,371732100214701,119,32,c(-100.363724, 37.292754),"1972","71-0",-100.363724,37.292754,268.5789185,"263-328"
"4313","Meade",-67.78,"Meade",1972-06-07,371732100214701,119,32,c(-100.363724, 37.292754),"1972","71-0",-100.363724,37.292754,268.5789185,"263-328"
"4314","Meade",-67.3,"Meade",1972-12-06,371732100214701,119,32,c(-100.363724, 37.292754),"1972","71-0",-100.363724,37.292754,268.5789185,"263-328"
"4315","Meade",-67.37,"Meade",1973-01-24,371732100214701,119,32,c(-100.363724, 37.292754),"1973","71-0",-100.363724,37.292754,268.5789185,"263-328"
"4316","Meade",-66.94,"Meade",1973-03-06,371732100214701,119,32,c(-100.363724, 37.292754),"1973","71-0",-100.363724,37.292754,268.5789185,"263-328"
"4317","Meade",-67.14,"Meade",1973-06-20,371732100214701,119,32,c(-100.363724, 37.292754),"1973","71-0",-100.363724,37.292754,268.5789185,"263-328"
"4318","Meade",-68.01,"Meade",1973-09-07,371732100214701,119,32,c(-100.363724, 37.292754),"1973","71-0",-100.363724,37.292754,268.5789185,"263-328"
"4319","Meade",-64.88,"Meade",1973-12-21,371732100214701,119,32,c(-100.363724, 37.292754),"1973","71-0",-100.363724,37.292754,268.5789185,"263-328"
"4320","Meade",-66.15,"Meade",1974-01-15,371732100214701,119,32,c(-100.363724, 37.292754),"1974","71-0",-100.363724,37.292754,268.5789185,"263-328"
"4321","Meade",-64.78,"Meade",1974-03-19,371732100214701,119,32,c(-100.363724, 37.292754),"1974","71-0",-100.363724,37.292754,268.5789185,"263-328"
"4322","Meade",-66.79,"Meade",1974-06-04,371732100214701,119,32,c(-100.363724, 37.292754),"1974","71-0",-100.363724,37.292754,268.5789185,"263-328"
"4323","Meade",-66.38,"Meade",1974-09-04,371732100214701,119,32,c(-100.363724, 37.292754),"1974","71-0",-100.363724,37.292754,268.5789185,"263-328"
"4324","Meade",-65.56,"Meade",1974-12-16,371732100214701,119,32,c(-100.363724, 37.292754),"1974","71-0",-100.363724,37.292754,268.5789185,"263-328"
"4325","Meade",-65.06,"Meade",1975-01-23,371732100214701,119,32,c(-100.363724, 37.292754),"1975","71-0",-100.363724,37.292754,268.5789185,"263-328"
"4326","Meade",-65.28,"Meade",1975-03-05,371732100214701,119,32,c(-100.363724, 37.292754),"1975","71-0",-100.363724,37.292754,268.5789185,"263-328"
"4327","Meade",-65.65,"Meade",1975-06-11,371732100214701,119,32,c(-100.363724, 37.292754),"1975","71-0",-100.363724,37.292754,268.5789185,"263-328"
"4328","Meade",-72.9,"Meade",1975-09-03,371732100214701,119,32,c(-100.363724, 37.292754),"1975","143-72",-100.363724,37.292754,268.5789185,"263-328"
"4329","Meade",-66.72,"Meade",1976-01-15,371732100214701,119,32,c(-100.363724, 37.292754),"1976","71-0",-100.363724,37.292754,268.5789185,"263-328"
"4330","Meade",-67.08,"Meade",1976-03-03,371732100214701,119,32,c(-100.363724, 37.292754),"1976","71-0",-100.363724,37.292754,268.5789185,"263-328"
"4331","Meade",-68.39,"Meade",1976-06-22,371732100214701,119,32,c(-100.363724, 37.292754),"1976","71-0",-100.363724,37.292754,268.5789185,"263-328"
"4332","Meade",-70.18,"Meade",1976-09-16,371732100214701,119,32,c(-100.363724, 37.292754),"1976","71-0",-100.363724,37.292754,268.5789185,"263-328"
"4333","Meade",-68.3,"Meade",1977-01-12,371732100214701,119,32,c(-100.363724, 37.292754),"1977","71-0",-100.363724,37.292754,268.5789185,"263-328"
"4334","Meade",-68.01,"Meade",1977-03-15,371732100214701,119,32,c(-100.363724, 37.292754),"1977","71-0",-100.363724,37.292754,268.5789185,"263-328"
"4335","Meade",-68.23,"Meade",1977-06-08,371732100214701,119,32,c(-100.363724, 37.292754),"1977","71-0",-100.363724,37.292754,268.5789185,"263-328"
"4336","Meade",-70.86,"Meade",1977-09-15,371732100214701,119,32,c(-100.363724, 37.292754),"1977","71-0",-100.363724,37.292754,268.5789185,"263-328"
"4337","Meade",-68.72,"Meade",1978-01-19,371732100214701,119,32,c(-100.363724, 37.292754),"1978","71-0",-100.363724,37.292754,268.5789185,"263-328"
"4338","Meade",-68.43,"Meade",1978-03-07,371732100214701,119,32,c(-100.363724, 37.292754),"1978","71-0",-100.363724,37.292754,268.5789185,"263-328"
"4339","Meade",-68.92,"Meade",1978-06-15,371732100214701,119,32,c(-100.363724, 37.292754),"1978","71-0",-100.363724,37.292754,268.5789185,"263-328"
"4340","Meade",-69.21,"Meade",1978-09-06,371732100214701,119,32,c(-100.363724, 37.292754),"1978","71-0",-100.363724,37.292754,268.5789185,"263-328"
"4341","Meade",-70.21,"Meade",1979-09-04,371732100214701,119,32,c(-100.363724, 37.292754),"1979","71-0",-100.363724,37.292754,268.5789185,"263-328"
"4342","Meade",-69.8,"Meade",1980-01-18,371732100214701,119,32,c(-100.363724, 37.292754),"1980","71-0",-100.363724,37.292754,268.5789185,"263-328"
"4343","Meade",-69.22,"Meade",1980-07-08,371732100214701,119,32,c(-100.363724, 37.292754),"1980","71-0",-100.363724,37.292754,268.5789185,"263-328"
"4344","Meade",-70.86,"Meade",1981-01-14,371732100214701,119,32,c(-100.363724, 37.292754),"1981","71-0",-100.363724,37.292754,268.5789185,"263-328"
"4345","Meade",-70.71,"Meade",1981-04-28,371732100214701,119,32,c(-100.363724, 37.292754),"1981","71-0",-100.363724,37.292754,268.5789185,"263-328"
"4346","Meade",-76.47,"Meade",1981-07-14,371732100214701,119,32,c(-100.363724, 37.292754),"1981","143-72",-100.363724,37.292754,268.5789185,"263-328"
"4347","Meade",-73.71,"Meade",1982-01-14,371732100214701,119,32,c(-100.363724, 37.292754),"1982","143-72",-100.363724,37.292754,268.5789185,"263-328"
"4348","Meade",-70.95,"Meade",1982-04-08,371732100214701,119,32,c(-100.363724, 37.292754),"1982","71-0",-100.363724,37.292754,268.5789185,"263-328"
"4349","Meade",-70.21,"Meade",1982-10-20,371732100214701,119,32,c(-100.363724, 37.292754),"1982","71-0",-100.363724,37.292754,268.5789185,"263-328"
"4350","Meade",-71.24,"Meade",1983-01-06,371732100214701,119,32,c(-100.363724, 37.292754),"1983","71-0",-100.363724,37.292754,268.5789185,"263-328"
"4351","Meade",-72.37,"Meade",1983-04-28,371732100214701,119,32,c(-100.363724, 37.292754),"1983","143-72",-100.363724,37.292754,268.5789185,"263-328"
"4352","Meade",-72.31,"Meade",1983-07-26,371732100214701,119,32,c(-100.363724, 37.292754),"1983","143-72",-100.363724,37.292754,268.5789185,"263-328"
"4353","Meade",-73.61,"Meade",1983-10-26,371732100214701,119,32,c(-100.363724, 37.292754),"1983","143-72",-100.363724,37.292754,268.5789185,"263-328"
"4354","Meade",-72.69,"Meade",1984-01-11,371732100214701,119,32,c(-100.363724, 37.292754),"1984","143-72",-100.363724,37.292754,268.5789185,"263-328"
"4355","Meade",-71.89,"Meade",1984-04-12,371732100214701,119,32,c(-100.363724, 37.292754),"1984","71-0",-100.363724,37.292754,268.5789185,"263-328"
"4356","Meade",-74.19,"Meade",1984-07-25,371732100214701,119,32,c(-100.363724, 37.292754),"1984","143-72",-100.363724,37.292754,268.5789185,"263-328"
"4357","Meade",-73.01,"Meade",1984-10-01,371732100214701,119,32,c(-100.363724, 37.292754),"1984","143-72",-100.363724,37.292754,268.5789185,"263-328"
"4358","Meade",-71.56,"Meade",1985-01-16,371732100214701,119,32,c(-100.363724, 37.292754),"1985","71-0",-100.363724,37.292754,268.5789185,"263-328"
"4359","Meade",-73.09,"Meade",1985-05-05,371732100214701,119,32,c(-100.363724, 37.292754),"1985","143-72",-100.363724,37.292754,268.5789185,"263-328"
"4360","Meade",-75.21,"Meade",1985-08-07,371732100214701,119,32,c(-100.363724, 37.292754),"1985","143-72",-100.363724,37.292754,268.5789185,"263-328"
"4361","Meade",-73.49,"Meade",1985-10-24,371732100214701,119,32,c(-100.363724, 37.292754),"1985","143-72",-100.363724,37.292754,268.5789185,"263-328"
"4362","Meade",-73.89,"Meade",1986-01-07,371732100214701,119,32,c(-100.363724, 37.292754),"1986","143-72",-100.363724,37.292754,268.5789185,"263-328"
"4363","Meade",-71.74,"Meade",1986-05-01,371732100214701,119,32,c(-100.363724, 37.292754),"1986","71-0",-100.363724,37.292754,268.5789185,"263-328"
"4364","Meade",-74.87,"Meade",1986-07-17,371732100214701,119,32,c(-100.363724, 37.292754),"1986","143-72",-100.363724,37.292754,268.5789185,"263-328"
"4365","Meade",-74.06,"Meade",1986-10-08,371732100214701,119,32,c(-100.363724, 37.292754),"1986","143-72",-100.363724,37.292754,268.5789185,"263-328"
"4366","Meade",-71.37,"Meade",1987-01-06,371732100214701,119,32,c(-100.363724, 37.292754),"1987","71-0",-100.363724,37.292754,268.5789185,"263-328"
"4367","Meade",-78.01,"Meade",1987-07-29,371732100214701,119,32,c(-100.363724, 37.292754),"1987","143-72",-100.363724,37.292754,268.5789185,"263-328"
"4368","Meade",-74.69,"Meade",1987-11-02,371732100214701,119,32,c(-100.363724, 37.292754),"1987","143-72",-100.363724,37.292754,268.5789185,"263-328"
"4369","Meade",-74.35,"Meade",1988-01-05,371732100214701,119,32,c(-100.363724, 37.292754),"1988","143-72",-100.363724,37.292754,268.5789185,"263-328"
"4370","Meade",-75.61,"Meade",1988-03-15,371732100214701,119,32,c(-100.363724, 37.292754),"1988","143-72",-100.363724,37.292754,268.5789185,"263-328"
"4371","Meade",-76.73,"Meade",1988-09-13,371732100214701,119,32,c(-100.363724, 37.292754),"1988","143-72",-100.363724,37.292754,268.5789185,"263-328"
"4372","Meade",-73.97,"Meade",1989-01-11,371732100214701,119,32,c(-100.363724, 37.292754),"1989","143-72",-100.363724,37.292754,268.5789185,"263-328"
"4373","Meade",-76.31,"Meade",1989-03-29,371732100214701,119,32,c(-100.363724, 37.292754),"1989","143-72",-100.363724,37.292754,268.5789185,"263-328"
"4374","Meade",-75,"Meade",1989-06-16,371732100214701,119,32,c(-100.363724, 37.292754),"1989","143-72",-100.363724,37.292754,268.5789185,"263-328"
"4375","Meade",-74.6,"Meade",1989-10-04,371732100214701,119,32,c(-100.363724, 37.292754),"1989","143-72",-100.363724,37.292754,268.5789185,"263-328"
"4376","Meade",-73.9,"Meade",1990-01-09,371732100214701,119,32,c(-100.363724, 37.292754),"1990","143-72",-100.363724,37.292754,268.5789185,"263-328"
"4377","Meade",-73.55,"Meade",1990-04-09,371732100214701,119,32,c(-100.363724, 37.292754),"1990","143-72",-100.363724,37.292754,268.5789185,"263-328"
"4378","Meade",-77.3,"Meade",1990-07-11,371732100214701,119,32,c(-100.363724, 37.292754),"1990","143-72",-100.363724,37.292754,268.5789185,"263-328"
"4379","Meade",-79.58,"Meade",1990-09-10,371732100214701,119,32,c(-100.363724, 37.292754),"1990","143-72",-100.363724,37.292754,268.5789185,"263-328"
"4380","Meade",-75.05,"Meade",1991-01-13,371732100214701,119,32,c(-100.363724, 37.292754),"1991","143-72",-100.363724,37.292754,268.5789185,"263-328"
"4381","Meade",-75.02,"Meade",1991-04-01,371732100214701,119,32,c(-100.363724, 37.292754),"1991","143-72",-100.363724,37.292754,268.5789185,"263-328"
"4382","Meade",-79.42,"Meade",1991-06-21,371732100214701,119,32,c(-100.363724, 37.292754),"1991","143-72",-100.363724,37.292754,268.5789185,"263-328"
"4383","Meade",-80.5,"Meade",1991-09-12,371732100214701,119,32,c(-100.363724, 37.292754),"1991","143-72",-100.363724,37.292754,268.5789185,"263-328"
"4384","Meade",-75.95,"Meade",1992-01-15,371732100214701,119,32,c(-100.363724, 37.292754),"1992","143-72",-100.363724,37.292754,268.5789185,"263-328"
"4385","Meade",-76.28,"Meade",1992-03-11,371732100214701,119,32,c(-100.363724, 37.292754),"1992","143-72",-100.363724,37.292754,268.5789185,"263-328"
"4386","Meade",-77.71,"Meade",1992-06-11,371732100214701,119,32,c(-100.363724, 37.292754),"1992","143-72",-100.363724,37.292754,268.5789185,"263-328"
"4387","Meade",-77.12,"Meade",1993-02-22,371732100214701,119,32,c(-100.363724, 37.292754),"1993","143-72",-100.363724,37.292754,268.5789185,"263-328"
"4388","Meade",-77,"Meade",1993-04-15,371732100214701,119,32,c(-100.363724, 37.292754),"1993","143-72",-100.363724,37.292754,268.5789185,"263-328"
"4389","Meade",-81.55,"Meade",1993-09-07,371732100214701,119,32,c(-100.363724, 37.292754),"1993","143-72",-100.363724,37.292754,268.5789185,"263-328"
"4390","Meade",-77.72,"Meade",1994-01-11,371732100214701,119,32,c(-100.363724, 37.292754),"1994","143-72",-100.363724,37.292754,268.5789185,"263-328"
"4391","Meade",-81.56,"Meade",1994-09-15,371732100214701,119,32,c(-100.363724, 37.292754),"1994","143-72",-100.363724,37.292754,268.5789185,"263-328"
"4392","Meade",-78.38,"Meade",1995-01-17,371732100214701,119,32,c(-100.363724, 37.292754),"1995","143-72",-100.363724,37.292754,268.5789185,"263-328"
"4393","Meade",-78.55,"Meade",1995-03-16,371732100214701,119,32,c(-100.363724, 37.292754),"1995","143-72",-100.363724,37.292754,268.5789185,"263-328"
"4394","Meade",-81.25,"Meade",1995-09-13,371732100214701,119,32,c(-100.363724, 37.292754),"1995","143-72",-100.363724,37.292754,268.5789185,"263-328"
"4395","Meade",-77.88,"Meade",1996-01-23,371732100214701,119,32,c(-100.363724, 37.292754),"1996","143-72",-100.363724,37.292754,268.5789185,"263-328"
"4396","Meade",-79.75,"Meade",1996-03-19,371732100214701,119,32,c(-100.363724, 37.292754),"1996","143-72",-100.363724,37.292754,268.5789185,"263-328"
"4397","Meade",-79.69,"Meade",1996-09-13,371732100214701,119,32,c(-100.363724, 37.292754),"1996","143-72",-100.363724,37.292754,268.5789185,"263-328"
"4398","Meade",-77.8,"Meade",1997-01-08,371732100214701,119,32,c(-100.363724, 37.292754),"1997","143-72",-100.363724,37.292754,268.5789185,"263-328"
"4399","Meade",-78.07,"Meade",1998-01-07,371732100214701,119,32,c(-100.363724, 37.292754),"1998","143-72",-100.363724,37.292754,268.5789185,"263-328"
"4400","Meade",-79.01,"Meade",1999-01-06,371732100214701,119,32,c(-100.363724, 37.292754),"1999","143-72",-100.363724,37.292754,268.5789185,"263-328"
"4401","Meade",-78.58,"Meade",2000-01-07,371732100214701,119,32,c(-100.363724, 37.292754),"2000","143-72",-100.363724,37.292754,268.5789185,"263-328"
"4402","Meade",-79.48,"Meade",2001-01-06,371732100214701,119,32,c(-100.363724, 37.292754),"2001","143-72",-100.363724,37.292754,268.5789185,"263-328"
"4403","Meade",-79.14,"Meade",2001-01-07,371732100214701,119,32,c(-100.363724, 37.292754),"2001","143-72",-100.363724,37.292754,268.5789185,"263-328"
"4404","Meade",-80.65,"Meade",2002-01-07,371732100214701,119,32,c(-100.363724, 37.292754),"2002","143-72",-100.363724,37.292754,268.5789185,"263-328"
"4405","Meade",-83.84,"Meade",2003-01-10,371732100214701,119,32,c(-100.363724, 37.292754),"2003","143-72",-100.363724,37.292754,268.5789185,"263-328"
"4406","Meade",-83.08,"Meade",2004-01-06,371732100214701,119,32,c(-100.363724, 37.292754),"2004","143-72",-100.363724,37.292754,268.5789185,"263-328"
"4407","Meade",-83.62,"Meade",2005-01-12,371732100214701,119,32,c(-100.363724, 37.292754),"2005","143-72",-100.363724,37.292754,268.5789185,"263-328"
"4408","Meade",-83.93,"Meade",2005-01-12,371732100214701,119,32,c(-100.363724, 37.292754),"2005","143-72",-100.363724,37.292754,268.5789185,"263-328"
"4409","Meade",-85.17,"Meade",2006-01-08,371732100214701,119,32,c(-100.363724, 37.292754),"2006","143-72",-100.363724,37.292754,268.5789185,"263-328"
"4410","Meade",-85.72,"Meade",2007-01-23,371732100214701,119,32,c(-100.363724, 37.292754),"2007","143-72",-100.363724,37.292754,268.5789185,"263-328"
"4411","Meade",-87.57,"Meade",2008-01-08,371732100214701,119,32,c(-100.363724, 37.292754),"2008","143-72",-100.363724,37.292754,268.5789185,"263-328"
"4412","Meade",-89.25,"Meade",2009-01-08,371732100214701,119,32,c(-100.363724, 37.292754),"2009","143-72",-100.363724,37.292754,268.5789185,"263-328"
"4413","Meade",-90.22,"Meade",2010-01-05,371732100214701,119,32,c(-100.363724, 37.292754),"2010","143-72",-100.363724,37.292754,268.5789185,"263-328"
"4414","Meade",-91.11,"Meade",2011-01-07,371732100214701,119,32,c(-100.363724, 37.292754),"2011","143-72",-100.363724,37.292754,268.5789185,"263-328"
"4415","Meade",-93.65,"Meade",2012-01-06,371732100214701,119,32,c(-100.363724, 37.292754),"2012","143-72",-100.363724,37.292754,268.5789185,"263-328"
"4416","Meade",-95.92,"Meade",2013-01-06,371732100214701,119,32,c(-100.363724, 37.292754),"2013","143-72",-100.363724,37.292754,268.5789185,"263-328"
"4417","Meade",-95.26,"Meade",2014-01-05,371732100214701,119,32,c(-100.363724, 37.292754),"2014","143-72",-100.363724,37.292754,268.5789185,"263-328"
"4418","Meade",-98.65,"Meade",2015-01-05,371732100214701,119,32,c(-100.363724, 37.292754),"2015","143-72",-100.363724,37.292754,268.5789185,"263-328"
"4419","Meade",-98.54,"Meade",2016-01-05,371732100214701,119,32,c(-100.363724, 37.292754),"2016","143-72",-100.363724,37.292754,268.5789185,"263-328"
"4420","Meade",-99.25,"Meade",2017-01-06,371732100214701,119,32,c(-100.363724, 37.292754),"2017","143-72",-100.363724,37.292754,268.5789185,"263-328"
"4421","Meade",-30.46,"MEADE",1986-01-07,371936100200301,119,31,c(-100.334523, 37.329004),"1986","71-0",-100.334523,37.329004,223.9995117,"198-262"
"4422","Meade",-27.01,"MEADE",1987-01-06,371936100200301,119,31,c(-100.334523, 37.329004),"1987","71-0",-100.334523,37.329004,223.9995117,"198-262"
"4423","Meade",-37.35,"MEADE",1989-01-11,371936100200301,119,31,c(-100.334523, 37.329004),"1989","71-0",-100.334523,37.329004,223.9995117,"198-262"
"4424","Meade",-41.68,"MEADE",1990-01-10,371936100200301,119,31,c(-100.334523, 37.329004),"1990","71-0",-100.334523,37.329004,223.9995117,"198-262"
"4425","Meade",-45.08,"MEADE",1991-01-11,371936100200301,119,31,c(-100.334523, 37.329004),"1991","71-0",-100.334523,37.329004,223.9995117,"198-262"
"4426","Meade",-49.93,"MEADE",1992-01-14,371936100200301,119,31,c(-100.334523, 37.329004),"1992","71-0",-100.334523,37.329004,223.9995117,"198-262"
"4427","Meade",-46.12,"MEADE",1993-02-22,371936100200301,119,31,c(-100.334523, 37.329004),"1993","71-0",-100.334523,37.329004,223.9995117,"198-262"
"4428","Meade",-49.72,"MEADE",1994-01-11,371936100200301,119,31,c(-100.334523, 37.329004),"1994","71-0",-100.334523,37.329004,223.9995117,"198-262"
"4429","Meade",-49.72,"MEADE",1995-01-18,371936100200301,119,31,c(-100.334523, 37.329004),"1995","71-0",-100.334523,37.329004,223.9995117,"198-262"
"4430","Meade",-49.94,"MEADE",1996-01-23,371936100200301,119,31,c(-100.334523, 37.329004),"1996","71-0",-100.334523,37.329004,223.9995117,"198-262"
"4431","Meade",-46.76,"MEADE",1997-01-08,371936100200301,119,31,c(-100.334523, 37.329004),"1997","71-0",-100.334523,37.329004,223.9995117,"198-262"
"4432","Meade",-44.24,"MEADE",1998-01-07,371936100200301,119,31,c(-100.334523, 37.329004),"1998","71-0",-100.334523,37.329004,223.9995117,"198-262"
"4433","Meade",-47.35,"MEADE",1999-01-06,371936100200301,119,31,c(-100.334523, 37.329004),"1999","71-0",-100.334523,37.329004,223.9995117,"198-262"
"4434","Meade",-45.64,"MEADE",2000-01-07,371936100200301,119,31,c(-100.334523, 37.329004),"2000","71-0",-100.334523,37.329004,223.9995117,"198-262"
"4435","Meade",-45.59,"MEADE",2000-01-08,371936100200301,119,31,c(-100.334523, 37.329004),"2000","71-0",-100.334523,37.329004,223.9995117,"198-262"
"4436","Meade",-53,"MEADE",2001-01-06,371936100200301,119,31,c(-100.334523, 37.329004),"2001","71-0",-100.334523,37.329004,223.9995117,"198-262"
"4437","Meade",-59.09,"MEADE",2002-01-07,371936100200301,119,31,c(-100.334523, 37.329004),"2002","71-0",-100.334523,37.329004,223.9995117,"198-262"
"4438","Meade",-62.15,"MEADE",2003-01-10,371936100200301,119,31,c(-100.334523, 37.329004),"2003","71-0",-100.334523,37.329004,223.9995117,"198-262"
"4439","Meade",-65.85,"MEADE",2004-01-06,371936100200301,119,31,c(-100.334523, 37.329004),"2004","71-0",-100.334523,37.329004,223.9995117,"198-262"
"4440","Meade",-62.36,"MEADE",2005-01-11,371936100200301,119,31,c(-100.334523, 37.329004),"2005","71-0",-100.334523,37.329004,223.9995117,"198-262"
"4441","Meade",-60.75,"MEADE",2006-01-08,371936100200301,119,31,c(-100.334523, 37.329004),"2006","71-0",-100.334523,37.329004,223.9995117,"198-262"
"4442","Meade",-65.52,"MEADE",2007-02-21,371936100200301,119,31,c(-100.334523, 37.329004),"2007","71-0",-100.334523,37.329004,223.9995117,"198-262"
"4443","Meade",-71.04,"MEADE",2008-01-08,371936100200301,119,31,c(-100.334523, 37.329004),"2008","71-0",-100.334523,37.329004,223.9995117,"198-262"
"4444","Meade",-75.98,"MEADE",2009-01-08,371936100200301,119,31,c(-100.334523, 37.329004),"2009","143-72",-100.334523,37.329004,223.9995117,"198-262"
"4445","Meade",-79.73,"MEADE",2010-01-05,371936100200301,119,31,c(-100.334523, 37.329004),"2010","143-72",-100.334523,37.329004,223.9995117,"198-262"
"4446","Meade",-84.46,"MEADE",2011-01-07,371936100200301,119,31,c(-100.334523, 37.329004),"2011","143-72",-100.334523,37.329004,223.9995117,"198-262"
"4447","Meade",-102.8,"MEADE",2012-01-06,371936100200301,119,31,c(-100.334523, 37.329004),"2012","143-72",-100.334523,37.329004,223.9995117,"198-262"
"4448","Meade",-101.02,"MEADE",2013-01-06,371936100200301,119,31,c(-100.334523, 37.329004),"2013","143-72",-100.334523,37.329004,223.9995117,"198-262"
"4449","Meade",-98.36,"MEADE",2014-01-05,371936100200301,119,31,c(-100.334523, 37.329004),"2014","143-72",-100.334523,37.329004,223.9995117,"198-262"
"4450","Meade",-104.4,"MEADE",2015-01-05,371936100200301,119,31,c(-100.334523, 37.329004),"2015","143-72",-100.334523,37.329004,223.9995117,"198-262"
"4451","Meade",-101.06,"MEADE",2016-01-05,371936100200301,119,31,c(-100.334523, 37.329004),"2016","143-72",-100.334523,37.329004,223.9995117,"198-262"
"4452","Meade",-104.6,"MEADE",2017-01-06,371936100200301,119,31,c(-100.334523, 37.329004),"2017","143-72",-100.334523,37.329004,223.9995117,"198-262"
"4453","Meade",-104.4,"MEADE",2018-01-05,371936100200301,119,31,c(-100.334523, 37.329004),"2018","143-72",-100.334523,37.329004,223.9995117,"198-262"
"4454","Meade",-104.34,"MEADE",2018-01-05,371936100200301,119,31,c(-100.334523, 37.329004),"2018","143-72",-100.334523,37.329004,223.9995117,"198-262"
"4455","Meade",-102.1,"MEADE",2019-01-05,371936100200301,119,31,c(-100.334523, 37.329004),"2019","143-72",-100.334523,37.329004,223.9995117,"198-262"
"4456","Meade",-102.4,"MEADE",2019-01-05,371936100200301,119,31,c(-100.334523, 37.329004),"2019","143-72",-100.334523,37.329004,223.9995117,"198-262"
"4457","Meade",-98.79,"MEADE",2020-01-05,371936100200301,119,31,c(-100.334523, 37.329004),"2020","143-72",-100.334523,37.329004,223.9995117,"198-262"
"4458","Meade",-96.39,"MEADE",2020-01-05,371936100200301,119,31,c(-100.334523, 37.329004),"2020","143-72",-100.334523,37.329004,223.9995117,"198-262"
"4459","Meade",-102.69,"MEADE",2021-01-07,371936100200301,119,31,c(-100.334523, 37.329004),"2021","143-72",-100.334523,37.329004,223.9995117,"198-262"
"4460","Meade",-103.78,"MEADE",2022-01-06,371936100200301,119,31,c(-100.334523, 37.329004),"2022","143-72",-100.334523,37.329004,223.9995117,"198-262"
"4461","Meade",-112.7,"MEADE",2023-01-06,371936100200301,119,31,c(-100.334523, 37.329004),"2023","143-72",-100.334523,37.329004,223.9995117,"198-262"
"4462","Meade",-111.98,"MEADE",2024-01-05,371936100200301,119,31,c(-100.334523, 37.329004),"2024","143-72",-100.334523,37.329004,223.9995117,"198-262"
"4463","Meade",-112.1,"MEADE",2024-01-05,371936100200301,119,31,c(-100.334523, 37.329004),"2024","143-72",-100.334523,37.329004,223.9995117,"198-262"
"4464","Meade",-166,"MEADE NW",1984-09-04,372241100263201,119,31,c(-100.443627, 37.380003),"1984","215-144",-100.443627,37.380003,238.219101,"198-262"
"4465","Meade",-178.56,"MEADE NW",1985-01-16,372241100263201,119,31,c(-100.443627, 37.380003),"1985","215-144",-100.443627,37.380003,238.219101,"198-262"
"4466","Meade",-175.21,"MEADE NW",1986-01-07,372241100263201,119,31,c(-100.443627, 37.380003),"1986","215-144",-100.443627,37.380003,238.219101,"198-262"
"4467","Meade",-178.01,"MEADE NW",1987-01-07,372241100263201,119,31,c(-100.443627, 37.380003),"1987","215-144",-100.443627,37.380003,238.219101,"198-262"
"4468","Meade",-173.29,"MEADE NW",1989-01-11,372241100263201,119,31,c(-100.443627, 37.380003),"1989","215-144",-100.443627,37.380003,238.219101,"198-262"
"4469","Meade",-174.16,"MEADE NW",1990-01-09,372241100263201,119,31,c(-100.443627, 37.380003),"1990","215-144",-100.443627,37.380003,238.219101,"198-262"
"4470","Meade",-175.8,"MEADE NW",1991-01-22,372241100263201,119,31,c(-100.443627, 37.380003),"1991","215-144",-100.443627,37.380003,238.219101,"198-262"
"4471","Meade",-181.23,"MEADE NW",1993-02-22,372241100263201,119,31,c(-100.443627, 37.380003),"1993","215-144",-100.443627,37.380003,238.219101,"198-262"
"4472","Meade",-182.33,"MEADE NW",1994-01-11,372241100263201,119,31,c(-100.443627, 37.380003),"1994","215-144",-100.443627,37.380003,238.219101,"198-262"
"4473","Meade",-184.22,"MEADE NW",1995-01-19,372241100263201,119,31,c(-100.443627, 37.380003),"1995","215-144",-100.443627,37.380003,238.219101,"198-262"
"4474","Meade",-185.93,"MEADE NW",1996-01-20,372241100263201,119,31,c(-100.443627, 37.380003),"1996","215-144",-100.443627,37.380003,238.219101,"198-262"
"4475","Meade",-187.37,"MEADE NW",1997-01-08,372241100263201,119,31,c(-100.443627, 37.380003),"1997","215-144",-100.443627,37.380003,238.219101,"198-262"
"4476","Meade",-188.57,"MEADE NW",1998-01-09,372241100263201,119,31,c(-100.443627, 37.380003),"1998","215-144",-100.443627,37.380003,238.219101,"198-262"
"4477","Meade",-189.99,"MEADE NW",1999-01-06,372241100263201,119,31,c(-100.443627, 37.380003),"1999","215-144",-100.443627,37.380003,238.219101,"198-262"
"4478","Meade",-191.61,"MEADE NW",2000-01-07,372241100263201,119,31,c(-100.443627, 37.380003),"2000","215-144",-100.443627,37.380003,238.219101,"198-262"
"4479","Meade",-193.68,"MEADE NW",2001-01-06,372241100263201,119,31,c(-100.443627, 37.380003),"2001","215-144",-100.443627,37.380003,238.219101,"198-262"
"4480","Meade",-196.55,"MEADE NW",2002-01-07,372241100263201,119,31,c(-100.443627, 37.380003),"2002","215-144",-100.443627,37.380003,238.219101,"198-262"
"4481","Meade",-200.84,"MEADE NW",2003-01-10,372241100263201,119,31,c(-100.443627, 37.380003),"2003","215-144",-100.443627,37.380003,238.219101,"198-262"
"4482","Meade",-203.86,"MEADE NW",2004-01-06,372241100263201,119,31,c(-100.443627, 37.380003),"2004","215-144",-100.443627,37.380003,238.219101,"198-262"
"4483","Meade",-204.44,"MEADE NW",2005-01-12,372241100263201,119,31,c(-100.443627, 37.380003),"2005","215-144",-100.443627,37.380003,238.219101,"198-262"
"4484","Meade",-204.15,"MEADE NW",2005-01-12,372241100263201,119,31,c(-100.443627, 37.380003),"2005","215-144",-100.443627,37.380003,238.219101,"198-262"
"4485","Meade",-207.73,"MEADE NW",2006-01-08,372241100263201,119,31,c(-100.443627, 37.380003),"2006","215-144",-100.443627,37.380003,238.219101,"198-262"
"4486","Meade",-210.92,"MEADE NW",2007-01-23,372241100263201,119,31,c(-100.443627, 37.380003),"2007","215-144",-100.443627,37.380003,238.219101,"198-262"
"4487","Meade",-213.65,"MEADE NW",2008-01-07,372241100263201,119,31,c(-100.443627, 37.380003),"2008","215-144",-100.443627,37.380003,238.219101,"198-262"
"4488","Meade",-216.07,"MEADE NW",2009-01-08,372241100263201,119,31,c(-100.443627, 37.380003),"2009","287-216",-100.443627,37.380003,238.219101,"198-262"
"4489","Meade",-219.07,"MEADE NW",2010-01-05,372241100263201,119,31,c(-100.443627, 37.380003),"2010","287-216",-100.443627,37.380003,238.219101,"198-262"
"4490","Meade",-221.35,"MEADE NW",2011-01-07,372241100263201,119,31,c(-100.443627, 37.380003),"2011","287-216",-100.443627,37.380003,238.219101,"198-262"
"4491","Meade",-224.48,"MEADE NW",2012-01-06,372241100263201,119,31,c(-100.443627, 37.380003),"2012","287-216",-100.443627,37.380003,238.219101,"198-262"
"4492","Meade",-228.38,"MEADE NW",2013-01-06,372241100263201,119,31,c(-100.443627, 37.380003),"2013","287-216",-100.443627,37.380003,238.219101,"198-262"
"4493","Meade",-231.65,"MEADE NW",2014-01-05,372241100263201,119,31,c(-100.443627, 37.380003),"2014","287-216",-100.443627,37.380003,238.219101,"198-262"
"4494","Meade",-233.43,"MEADE NW",2015-01-05,372241100263201,119,31,c(-100.443627, 37.380003),"2015","287-216",-100.443627,37.380003,238.219101,"198-262"
"4495","Meade",-235.8,"MEADE NW",2016-01-05,372241100263201,119,31,c(-100.443627, 37.380003),"2016","287-216",-100.443627,37.380003,238.219101,"198-262"
"4496","Meade",-237.8,"MEADE NW",2017-01-06,372241100263201,119,31,c(-100.443627, 37.380003),"2017","287-216",-100.443627,37.380003,238.219101,"198-262"
"4497","Meade",-238.55,"MEADE NW",2018-01-05,372241100263201,119,31,c(-100.443627, 37.380003),"2018","287-216",-100.443627,37.380003,238.219101,"198-262"
"4498","Meade",-239.75,"MEADE NW",2019-01-05,372241100263201,119,31,c(-100.443627, 37.380003),"2019","287-216",-100.443627,37.380003,238.219101,"198-262"
"4499","Meade",-241.47,"MEADE NW",2020-01-05,372241100263201,119,31,c(-100.443627, 37.380003),"2020","287-216",-100.443627,37.380003,238.219101,"198-262"
"4500","Meade",-243.7,"MEADE NW",2021-01-07,372241100263201,119,31,c(-100.443627, 37.380003),"2021","287-216",-100.443627,37.380003,238.219101,"198-262"
"4501","Meade",-245.27,"MEADE NW",2022-01-06,372241100263201,119,31,c(-100.443627, 37.380003),"2022","287-216",-100.443627,37.380003,238.219101,"198-262"
"4502","Meade",-245.31,"MEADE NW",2022-01-06,372241100263201,119,31,c(-100.443627, 37.380003),"2022","287-216",-100.443627,37.380003,238.219101,"198-262"
"4503","Meade",-248.3,"MEADE NW",2023-01-06,372241100263201,119,31,c(-100.443627, 37.380003),"2023","287-216",-100.443627,37.380003,238.219101,"198-262"
"4504","Meade",-249.09,"MEADE NW",2024-01-05,372241100263201,119,31,c(-100.443627, 37.380003),"2024","287-216",-100.443627,37.380003,238.219101,"198-262"
"4505","Meade",-262.19,"Kismet NE",2018-01-05,371314100333001,119,32,c(-100.558471, 37.220596),"2018","287-216",-100.558471,37.220596,264.1923218,"263-328"
"4506","Meade",-261.61,"Kismet NE",2019-01-05,371314100333001,119,32,c(-100.558471, 37.220596),"2019","287-216",-100.558471,37.220596,264.1923218,"263-328"
"4507","Meade",-261.65,"Kismet NE",2019-01-05,371314100333001,119,32,c(-100.558471, 37.220596),"2019","287-216",-100.558471,37.220596,264.1923218,"263-328"
"4508","Meade",-262.6,"Kismet NE",2020-01-05,371314100333001,119,32,c(-100.558471, 37.220596),"2020","287-216",-100.558471,37.220596,264.1923218,"263-328"
"4509","Meade",-263.18,"Kismet NE",2021-01-07,371314100333001,119,32,c(-100.558471, 37.220596),"2021","287-216",-100.558471,37.220596,264.1923218,"263-328"
"4510","Meade",-268.1,"Kismet NE",2022-01-06,371314100333001,119,32,c(-100.558471, 37.220596),"2022","287-216",-100.558471,37.220596,264.1923218,"263-328"
"4511","Meade",-267.6,"Kismet NE",2023-01-06,371314100333001,119,32,c(-100.558471, 37.220596),"2023","287-216",-100.558471,37.220596,264.1923218,"263-328"
"4512","Meade",-272.4,"Kismet NE",2024-01-05,371314100333001,119,32,c(-100.558471, 37.220596),"2024","287-216",-100.558471,37.220596,264.1923218,"263-328"
"4513","Meade",-225.04,"Missler",2012-02-05,371949100253001,119,31,c(-100.425003, 37.330383),"2012","287-216",-100.425003,37.330383,225.9088745,"198-262"
"4514","Meade",-231.03,"Missler",2013-01-06,371949100253001,119,31,c(-100.425003, 37.330383),"2013","287-216",-100.425003,37.330383,225.9088745,"198-262"
"4515","Meade",-235.02,"Missler",2014-01-05,371949100253001,119,31,c(-100.425003, 37.330383),"2014","287-216",-100.425003,37.330383,225.9088745,"198-262"
"4516","Meade",-237.4,"Missler",2015-01-05,371949100253001,119,31,c(-100.425003, 37.330383),"2015","287-216",-100.425003,37.330383,225.9088745,"198-262"
"4517","Meade",-237.72,"Missler",2015-01-06,371949100253001,119,31,c(-100.425003, 37.330383),"2015","287-216",-100.425003,37.330383,225.9088745,"198-262"
"4518","Meade",-239.06,"Missler",2016-01-05,371949100253001,119,31,c(-100.425003, 37.330383),"2016","287-216",-100.425003,37.330383,225.9088745,"198-262"
"4519","Meade",-240.5,"Missler",2017-01-06,371949100253001,119,31,c(-100.425003, 37.330383),"2017","287-216",-100.425003,37.330383,225.9088745,"198-262"
"4520","Meade",-241.45,"Missler",2018-01-05,371949100253001,119,31,c(-100.425003, 37.330383),"2018","287-216",-100.425003,37.330383,225.9088745,"198-262"
"4521","Meade",-243.24,"Missler",2019-01-05,371949100253001,119,31,c(-100.425003, 37.330383),"2019","287-216",-100.425003,37.330383,225.9088745,"198-262"
"4522","Meade",-242.8,"Missler",2020-01-05,371949100253001,119,31,c(-100.425003, 37.330383),"2020","287-216",-100.425003,37.330383,225.9088745,"198-262"
"4523","Meade",-243.62,"Missler",2021-01-07,371949100253001,119,31,c(-100.425003, 37.330383),"2021","287-216",-100.425003,37.330383,225.9088745,"198-262"
"4524","Meade",-244.25,"Missler",2022-01-06,371949100253001,119,31,c(-100.425003, 37.330383),"2022","287-216",-100.425003,37.330383,225.9088745,"198-262"
"4525","Meade",-245,"Missler",2023-01-06,371949100253001,119,31,c(-100.425003, 37.330383),"2023","287-216",-100.425003,37.330383,225.9088745,"198-262"
"4526","Meade",-247,"Missler",2024-01-05,371949100253001,119,31,c(-100.425003, 37.330383),"2024","287-216",-100.425003,37.330383,225.9088745,"198-262"
"4527","Meade",-119.93,"Missler",2019-01-07,371615100225101,119,32,c(-100.380682, 37.270743),"2019","143-72",-100.380682,37.270743,233.2950134,"198-262"
"4528","Meade",-121.4,"Missler",2020-01-05,371615100225101,119,32,c(-100.380682, 37.270743),"2020","143-72",-100.380682,37.270743,233.2950134,"198-262"
"4529","Meade",-122.44,"Missler",2021-01-07,371615100225101,119,32,c(-100.380682, 37.270743),"2021","143-72",-100.380682,37.270743,233.2950134,"198-262"
"4530","Meade",-124.3,"Missler",2022-01-06,371615100225101,119,32,c(-100.380682, 37.270743),"2022","143-72",-100.380682,37.270743,233.2950134,"198-262"
"4531","Meade",-125.7,"Missler",2023-01-06,371615100225101,119,32,c(-100.380682, 37.270743),"2023","143-72",-100.380682,37.270743,233.2950134,"198-262"
"4532","Meade",-126.58,"Missler",2024-01-05,371615100225101,119,32,c(-100.380682, 37.270743),"2024","143-72",-100.380682,37.270743,233.2950134,"198-262"
