"","countyname","depth_to_water","town","date","ID","countycode","township","geometry","year","depth","lon","lat","sat","satcut"
"1","Logan",5.7,"W of Russell Springs",1970-04-01,385421101210001,109,0,c(-101.350039, 38.90728),"1970","+1-10",-101.350039,38.90728,NA,NA
"2","Logan",10.5,"W of Russell Springs",1975-02-10,385421101210001,109,0,c(-101.350039, 38.90728),"1975",NA,-101.350039,38.90728,NA,NA
"3","Logan",11.5,"W of Russell Springs",1976-01-07,385421101210001,109,0,c(-101.350039, 38.90728),"1976",NA,-101.350039,38.90728,NA,NA
"4","Logan",10.9,"W of Russell Springs",1977-01-06,385421101210001,109,0,c(-101.350039, 38.90728),"1977",NA,-101.350039,38.90728,NA,NA
"5","Logan",11.97,"W of Russell Springs",1978-01-08,385421101210001,109,0,c(-101.350039, 38.90728),"1978",NA,-101.350039,38.90728,NA,NA
"6","Logan",12.19,"W of Russell Springs",1979-01-06,385421101210001,109,0,c(-101.350039, 38.90728),"1979",NA,-101.350039,38.90728,NA,NA
"7","Logan",12.45,"W of Russell Springs",1980-01-10,385421101210001,109,0,c(-101.350039, 38.90728),"1980",NA,-101.350039,38.90728,NA,NA
"8","Logan",11.29,"W of Russell Springs",1981-01-08,385421101210001,109,0,c(-101.350039, 38.90728),"1981",NA,-101.350039,38.90728,NA,NA
"9","Logan",11.78,"W of Russell Springs",1982-01-05,385421101210001,109,0,c(-101.350039, 38.90728),"1982",NA,-101.350039,38.90728,NA,NA
"10","Logan",11.9,"W of Russell Springs",1983-01-24,385421101210001,109,0,c(-101.350039, 38.90728),"1983",NA,-101.350039,38.90728,NA,NA
"11","Logan",11.92,"W of Russell Springs",1984-01-09,385421101210001,109,0,c(-101.350039, 38.90728),"1984",NA,-101.350039,38.90728,NA,NA
"12","Logan",9.33,"W of Russell Springs",1987-07-07,385421101210001,109,0,c(-101.350039, 38.90728),"1987","+1-10",-101.350039,38.90728,NA,NA
"13","Logan",9.54,"W of Russell Springs",1987-09-02,385421101210001,109,0,c(-101.350039, 38.90728),"1987","+1-10",-101.350039,38.90728,NA,NA
"14","Logan",9.53,"W of Russell Springs",1988-03-08,385421101210001,109,0,c(-101.350039, 38.90728),"1988","+1-10",-101.350039,38.90728,NA,NA
"15","Logan",9.37,"W of Russell Springs",1988-06-08,385421101210001,109,0,c(-101.350039, 38.90728),"1988","+1-10",-101.350039,38.90728,NA,NA
"16","Logan",9.87,"W of Russell Springs",1988-09-07,385421101210001,109,0,c(-101.350039, 38.90728),"1988","+1-10",-101.350039,38.90728,NA,NA
"17","Logan",10.85,"W of Russell Springs",1989-01-07,385421101210001,109,0,c(-101.350039, 38.90728),"1989",NA,-101.350039,38.90728,NA,NA
"18","Logan",10,"W of Russell Springs",1989-03-07,385421101210001,109,0,c(-101.350039, 38.90728),"1989","+1-10",-101.350039,38.90728,NA,NA
"19","Logan",9.67,"W of Russell Springs",1989-06-06,385421101210001,109,0,c(-101.350039, 38.90728),"1989","+1-10",-101.350039,38.90728,NA,NA
"20","Logan",10.18,"W of Russell Springs",1989-09-19,385421101210001,109,0,c(-101.350039, 38.90728),"1989",NA,-101.350039,38.90728,NA,NA
"21","Logan",11.1,"W of Russell Springs",1990-01-08,385421101210001,109,0,c(-101.350039, 38.90728),"1990",NA,-101.350039,38.90728,NA,NA
"22","Logan",10.26,"W of Russell Springs",1990-03-12,385421101210001,109,0,c(-101.350039, 38.90728),"1990",NA,-101.350039,38.90728,NA,NA
"23","Logan",10.2,"W of Russell Springs",1990-06-05,385421101210001,109,0,c(-101.350039, 38.90728),"1990",NA,-101.350039,38.90728,NA,NA
"24","Logan",10.54,"W of Russell Springs",1990-09-04,385421101210001,109,0,c(-101.350039, 38.90728),"1990",NA,-101.350039,38.90728,NA,NA
"25","Logan",10.62,"W of Russell Springs",1991-01-03,385421101210001,109,0,c(-101.350039, 38.90728),"1991",NA,-101.350039,38.90728,NA,NA
"26","Logan",11.38,"W of Russell Springs",1991-03-20,385421101210001,109,0,c(-101.350039, 38.90728),"1991",NA,-101.350039,38.90728,NA,NA
"27","Logan",11.46,"W of Russell Springs",1991-06-12,385421101210001,109,0,c(-101.350039, 38.90728),"1991",NA,-101.350039,38.90728,NA,NA
"28","Logan",10.84,"W of Russell Springs",1992-01-16,385421101210001,109,0,c(-101.350039, 38.90728),"1992",NA,-101.350039,38.90728,NA,NA
"29","Logan",11.55,"W of Russell Springs",1992-03-17,385421101210001,109,0,c(-101.350039, 38.90728),"1992",NA,-101.350039,38.90728,NA,NA
"30","Logan",11.52,"W of Russell Springs",1992-06-17,385421101210001,109,0,c(-101.350039, 38.90728),"1992",NA,-101.350039,38.90728,NA,NA
"31","Logan",11.32,"W of Russell Springs",1993-01-26,385421101210001,109,0,c(-101.350039, 38.90728),"1993",NA,-101.350039,38.90728,NA,NA
"32","Logan",10.77,"W of Russell Springs",1993-04-21,385421101210001,109,0,c(-101.350039, 38.90728),"1993",NA,-101.350039,38.90728,NA,NA
"33","Logan",10.2,"W of Russell Springs",1993-06-10,385421101210001,109,0,c(-101.350039, 38.90728),"1993",NA,-101.350039,38.90728,NA,NA
"34","Logan",10.81,"W of Russell Springs",1993-09-09,385421101210001,109,0,c(-101.350039, 38.90728),"1993",NA,-101.350039,38.90728,NA,NA
"35","Logan",10.02,"W of Russell Springs",1994-01-05,385421101210001,109,0,c(-101.350039, 38.90728),"1994",NA,-101.350039,38.90728,NA,NA
"36","Logan",10.84,"W of Russell Springs",1994-09-12,385421101210001,109,0,c(-101.350039, 38.90728),"1994",NA,-101.350039,38.90728,NA,NA
"37","Logan",10.9,"W of Russell Springs",1994-12-27,385421101210001,109,0,c(-101.350039, 38.90728),"1994",NA,-101.350039,38.90728,NA,NA
"38","Logan",10.88,"W of Russell Springs",1995-03-13,385421101210001,109,0,c(-101.350039, 38.90728),"1995",NA,-101.350039,38.90728,NA,NA
"39","Logan",9.71,"W of Russell Springs",1995-09-06,385421101210001,109,0,c(-101.350039, 38.90728),"1995","+1-10",-101.350039,38.90728,NA,NA
"40","Logan",10.75,"W of Russell Springs",1996-01-04,385421101210001,109,0,c(-101.350039, 38.90728),"1996",NA,-101.350039,38.90728,NA,NA
"41","Logan",10.6,"W of Russell Springs",1996-03-11,385421101210001,109,0,c(-101.350039, 38.90728),"1996",NA,-101.350039,38.90728,NA,NA
"42","Logan",10.43,"W of Russell Springs",1996-09-04,385421101210001,109,0,c(-101.350039, 38.90728),"1996",NA,-101.350039,38.90728,NA,NA
"43","Logan",8.75,"W of Russell Springs",1997-01-03,385421101210001,109,0,c(-101.350039, 38.90728),"1997","+1-10",-101.350039,38.90728,NA,NA
"44","Logan",9.65,"W of Russell Springs",1998-01-06,385421101210001,109,0,c(-101.350039, 38.90728),"1998","+1-10",-101.350039,38.90728,NA,NA
"45","Logan",9.37,"W of Russell Springs",1999-01-11,385421101210001,109,0,c(-101.350039, 38.90728),"1999","+1-10",-101.350039,38.90728,NA,NA
"46","Logan",9.2,"W of Russell Springs",2000-01-07,385421101210001,109,0,c(-101.350039, 38.90728),"2000","+1-10",-101.350039,38.90728,NA,NA
"47","Logan",9.83,"W of Russell Springs",2001-01-10,385421101210001,109,0,c(-101.350039, 38.90728),"2001","+1-10",-101.350039,38.90728,NA,NA
"48","Logan",10.26,"W of Russell Springs",2002-01-10,385421101210001,109,0,c(-101.350039, 38.90728),"2002",NA,-101.350039,38.90728,NA,NA
"49","Logan",10.02,"W of Russell Springs",2003-01-09,385421101210001,109,0,c(-101.350039, 38.90728),"2003",NA,-101.350039,38.90728,NA,NA
"50","Logan",10.24,"W of Russell Springs",2004-01-09,385421101210001,109,0,c(-101.350039, 38.90728),"2004",NA,-101.350039,38.90728,NA,NA
"51","Logan",9.47,"W of Russell Springs",2005-01-09,385421101210001,109,0,c(-101.350039, 38.90728),"2005","+1-10",-101.350039,38.90728,NA,NA
"52","Logan",8.61,"W of Russell Springs",2006-01-04,385421101210001,109,0,c(-101.350039, 38.90728),"2006","+1-10",-101.350039,38.90728,NA,NA
"53","Logan",8.58,"W of Russell Springs",2006-01-06,385421101210001,109,0,c(-101.350039, 38.90728),"2006","+1-10",-101.350039,38.90728,NA,NA
"54","Logan",8.55,"W of Russell Springs",2008-01-03,385421101210001,109,0,c(-101.350039, 38.90728),"2008","+1-10",-101.350039,38.90728,NA,NA
"55","Logan",8.86,"W of Russell Springs",2009-01-04,385421101210001,109,0,c(-101.350039, 38.90728),"2009","+1-10",-101.350039,38.90728,NA,NA
"56","Logan",9,"W of Russell Springs",2010-01-02,385421101210001,109,0,c(-101.350039, 38.90728),"2010","+1-10",-101.350039,38.90728,NA,NA
"57","Logan",8.98,"W of Russell Springs",2011-01-03,385421101210001,109,0,c(-101.350039, 38.90728),"2011","+1-10",-101.350039,38.90728,NA,NA
"58","Logan",8.8,"W of Russell Springs",2012-01-03,385421101210001,109,0,c(-101.350039, 38.90728),"2012","+1-10",-101.350039,38.90728,NA,NA
"59","Logan",8.76,"W of Russell Springs",2012-01-03,385421101210001,109,0,c(-101.350039, 38.90728),"2012","+1-10",-101.350039,38.90728,NA,NA
"60","Logan",9.04,"W of Russell Springs",2013-01-02,385421101210001,109,0,c(-101.350039, 38.90728),"2013","+1-10",-101.350039,38.90728,NA,NA
"61","Logan",9.47,"W of Russell Springs",2014-01-02,385421101210001,109,0,c(-101.350039, 38.90728),"2014","+1-10",-101.350039,38.90728,NA,NA
"62","Logan",9.61,"W of Russell Springs",2015-01-02,385421101210001,109,0,c(-101.350039, 38.90728),"2015","+1-10",-101.350039,38.90728,NA,NA
"63","Logan",9.89,"W of Russell Springs",2016-01-02,385421101210001,109,0,c(-101.350039, 38.90728),"2016","+1-10",-101.350039,38.90728,NA,NA
"64","Logan",9.17,"W of Russell Springs",2017-01-03,385421101210001,109,0,c(-101.350039, 38.90728),"2017","+1-10",-101.350039,38.90728,NA,NA
"65","Logan",8.24,"W of Russell Springs",2018-01-02,385421101210001,109,0,c(-101.350039, 38.90728),"2018","+1-10",-101.350039,38.90728,NA,NA
"66","Logan",8.24,"W of Russell Springs",2018-01-02,385421101210001,109,0,c(-101.350039, 38.90728),"2018","+1-10",-101.350039,38.90728,NA,NA
"67","Logan",8.07,"W of Russell Springs",2019-01-02,385421101210001,109,0,c(-101.350039, 38.90728),"2019","+1-10",-101.350039,38.90728,NA,NA
"68","Logan",6.72,"W of Russell Springs",2020-01-02,385421101210001,109,0,c(-101.350039, 38.90728),"2020","+1-10",-101.350039,38.90728,NA,NA
"69","Logan",7.89,"W of Russell Springs",2021-01-04,385421101210001,109,0,c(-101.350039, 38.90728),"2021","+1-10",-101.350039,38.90728,NA,NA
"70","Logan",8.13,"W of Russell Springs",2022-01-03,385421101210001,109,0,c(-101.350039, 38.90728),"2022","+1-10",-101.350039,38.90728,NA,NA
"71","Logan",8.69,"W of Russell Springs",2023-01-03,385421101210001,109,0,c(-101.350039, 38.90728),"2023","+1-10",-101.350039,38.90728,NA,NA
"72","Logan",8.21,"W of Russell Springs",2024-01-02,385421101210001,109,0,c(-101.350039, 38.90728),"2024","+1-10",-101.350039,38.90728,NA,NA
"73","Logan",8.71,"W of Russell Springs",2025-01-02,385421101210001,109,0,c(-101.350039, 38.90728),"2025","+1-10",-101.350039,38.90728,NA,NA
"74","Logan",8.66,"W of Russell Springs",2026-01-02,385421101210001,109,0,c(-101.350039, 38.90728),"2026","+1-10",-101.350039,38.90728,NA,NA
"75","Logan",110.9,"OAKLEY SW",1984-07-02,390646100581301,109,0,c(-100.970228, 39.113088),"1984",NA,-100.970228,39.113088,73.2250366,"66-131"
"76","Logan",115.95,"OAKLEY SW",1985-01-07,390646100581301,109,0,c(-100.970228, 39.113088),"1985",NA,-100.970228,39.113088,73.2250366,"66-131"
"77","Logan",116.57,"OAKLEY SW",1986-01-08,390646100581301,109,0,c(-100.970228, 39.113088),"1986",NA,-100.970228,39.113088,73.2250366,"66-131"
"78","Logan",117,"OAKLEY SW",1988-01-15,390646100581301,109,0,c(-100.970228, 39.113088),"1988",NA,-100.970228,39.113088,73.2250366,"66-131"
"79","Logan",117.19,"OAKLEY SW",1989-01-03,390646100581301,109,0,c(-100.970228, 39.113088),"1989",NA,-100.970228,39.113088,73.2250366,"66-131"
"80","Logan",117.68,"OAKLEY SW",1990-01-08,390646100581301,109,0,c(-100.970228, 39.113088),"1990",NA,-100.970228,39.113088,73.2250366,"66-131"
"81","Logan",118.39,"OAKLEY SW",1992-01-16,390646100581301,109,0,c(-100.970228, 39.113088),"1992",NA,-100.970228,39.113088,73.2250366,"66-131"
"82","Logan",117.88,"OAKLEY SW",1993-03-22,390646100581301,109,0,c(-100.970228, 39.113088),"1993",NA,-100.970228,39.113088,73.2250366,"66-131"
"83","Logan",116.77,"OAKLEY SW",1994-01-05,390646100581301,109,0,c(-100.970228, 39.113088),"1994",NA,-100.970228,39.113088,73.2250366,"66-131"
"84","Logan",116.7,"OAKLEY SW",1994-12-27,390646100581301,109,0,c(-100.970228, 39.113088),"1994",NA,-100.970228,39.113088,73.2250366,"66-131"
"85","Logan",118.08,"OAKLEY SW",1996-01-04,390646100581301,109,0,c(-100.970228, 39.113088),"1996",NA,-100.970228,39.113088,73.2250366,"66-131"
"86","Logan",116.2,"OAKLEY SW",1997-01-03,390646100581301,109,0,c(-100.970228, 39.113088),"1997",NA,-100.970228,39.113088,73.2250366,"66-131"
"87","Logan",118.24,"OAKLEY SW",1998-01-06,390646100581301,109,0,c(-100.970228, 39.113088),"1998",NA,-100.970228,39.113088,73.2250366,"66-131"
"88","Logan",117.22,"OAKLEY SW",1999-01-11,390646100581301,109,0,c(-100.970228, 39.113088),"1999",NA,-100.970228,39.113088,73.2250366,"66-131"
"89","Logan",117.31,"OAKLEY SW",2000-01-07,390646100581301,109,0,c(-100.970228, 39.113088),"2000",NA,-100.970228,39.113088,73.2250366,"66-131"
"90","Logan",117.45,"OAKLEY SW",2001-01-10,390646100581301,109,0,c(-100.970228, 39.113088),"2001",NA,-100.970228,39.113088,73.2250366,"66-131"
"91","Logan",117.55,"OAKLEY SW",2002-01-11,390646100581301,109,0,c(-100.970228, 39.113088),"2002",NA,-100.970228,39.113088,73.2250366,"66-131"
"92","Logan",117.9,"OAKLEY SW",2003-01-09,390646100581301,109,0,c(-100.970228, 39.113088),"2003",NA,-100.970228,39.113088,73.2250366,"66-131"
"93","Logan",120.07,"OAKLEY SW",2004-01-09,390646100581301,109,0,c(-100.970228, 39.113088),"2004",NA,-100.970228,39.113088,73.2250366,"66-131"
"94","Logan",118.73,"OAKLEY SW",2005-01-08,390646100581301,109,0,c(-100.970228, 39.113088),"2005",NA,-100.970228,39.113088,73.2250366,"66-131"
"95","Logan",118.91,"OAKLEY SW",2006-01-11,390646100581301,109,0,c(-100.970228, 39.113088),"2006",NA,-100.970228,39.113088,73.2250366,"66-131"
"96","Logan",119.54,"OAKLEY SW",2007-02-25,390646100581301,109,0,c(-100.970228, 39.113088),"2007",NA,-100.970228,39.113088,73.2250366,"66-131"
"97","Logan",118.56,"OAKLEY SW",2008-01-03,390646100581301,109,0,c(-100.970228, 39.113088),"2008",NA,-100.970228,39.113088,73.2250366,"66-131"
"98","Logan",119.8,"OAKLEY SW",2009-01-04,390646100581301,109,0,c(-100.970228, 39.113088),"2009",NA,-100.970228,39.113088,73.2250366,"66-131"
"99","Logan",118.75,"OAKLEY SW",2010-01-02,390646100581301,109,0,c(-100.970228, 39.113088),"2010",NA,-100.970228,39.113088,73.2250366,"66-131"
"100","Logan",119.32,"OAKLEY SW",2011-01-03,390646100581301,109,0,c(-100.970228, 39.113088),"2011",NA,-100.970228,39.113088,73.2250366,"66-131"
"101","Logan",119.06,"OAKLEY SW",2012-01-03,390646100581301,109,0,c(-100.970228, 39.113088),"2012",NA,-100.970228,39.113088,73.2250366,"66-131"
"102","Logan",120.58,"OAKLEY SW",2013-01-03,390646100581301,109,0,c(-100.970228, 39.113088),"2013",NA,-100.970228,39.113088,73.2250366,"66-131"
"103","Logan",119.18,"OAKLEY SW",2014-01-02,390646100581301,109,0,c(-100.970228, 39.113088),"2014",NA,-100.970228,39.113088,73.2250366,"66-131"
"104","Logan",118.8,"OAKLEY SW",2015-01-02,390646100581301,109,0,c(-100.970228, 39.113088),"2015",NA,-100.970228,39.113088,73.2250366,"66-131"
"105","Logan",119.03,"OAKLEY SW",2016-01-02,390646100581301,109,0,c(-100.970228, 39.113088),"2016",NA,-100.970228,39.113088,73.2250366,"66-131"
"106","Logan",119.3,"OAKLEY SW",2017-01-03,390646100581301,109,0,c(-100.970228, 39.113088),"2017",NA,-100.970228,39.113088,73.2250366,"66-131"
"107","Logan",118.18,"OAKLEY SW",2018-01-02,390646100581301,109,0,c(-100.970228, 39.113088),"2018",NA,-100.970228,39.113088,73.2250366,"66-131"
"108","Logan",118.28,"OAKLEY SW",2019-01-02,390646100581301,109,0,c(-100.970228, 39.113088),"2019",NA,-100.970228,39.113088,73.2250366,"66-131"
"109","Logan",117.63,"OAKLEY SW",2020-01-02,390646100581301,109,0,c(-100.970228, 39.113088),"2020",NA,-100.970228,39.113088,73.2250366,"66-131"
"110","Logan",117.69,"OAKLEY SW",2021-01-04,390646100581301,109,0,c(-100.970228, 39.113088),"2021",NA,-100.970228,39.113088,73.2250366,"66-131"
"111","Logan",118.09,"OAKLEY SW",2022-01-03,390646100581301,109,0,c(-100.970228, 39.113088),"2022",NA,-100.970228,39.113088,73.2250366,"66-131"
"112","Logan",119.22,"OAKLEY SW",2023-01-03,390646100581301,109,0,c(-100.970228, 39.113088),"2023",NA,-100.970228,39.113088,73.2250366,"66-131"
"113","Logan",118.84,"OAKLEY SW",2024-01-02,390646100581301,109,0,c(-100.970228, 39.113088),"2024",NA,-100.970228,39.113088,73.2250366,"66-131"
"114","Logan",119.39,"OAKLEY SW",2025-01-02,390646100581301,109,0,c(-100.970228, 39.113088),"2025",NA,-100.970228,39.113088,73.2250366,"66-131"
"115","Logan",119.48,"OAKLEY SW",2026-01-02,390646100581301,109,0,c(-100.970228, 39.113088),"2026",NA,-100.970228,39.113088,73.2250366,"66-131"
"116","Logan",102.24,NA,1968-05-29,390737100522201,109,0,c(-100.8736456, 39.1271242),"1968",NA,-100.8736456,39.1271242,87.3671799,"66-131"
"117","Logan",102.35,NA,1968-06-13,390737100522201,109,0,c(-100.8736456, 39.1271242),"1968",NA,-100.8736456,39.1271242,87.3671799,"66-131"
"118","Logan",104.48,NA,1968-09-18,390737100522201,109,0,c(-100.8736456, 39.1271242),"1968",NA,-100.8736456,39.1271242,87.3671799,"66-131"
"119","Logan",102.21,NA,1969-04-21,390737100522201,109,0,c(-100.8736456, 39.1271242),"1969",NA,-100.8736456,39.1271242,87.3671799,"66-131"
"120","Logan",103.33,NA,1969-06-04,390737100522201,109,0,c(-100.8736456, 39.1271242),"1969",NA,-100.8736456,39.1271242,87.3671799,"66-131"
"121","Logan",104.65,NA,1969-09-17,390737100522201,109,0,c(-100.8736456, 39.1271242),"1969",NA,-100.8736456,39.1271242,87.3671799,"66-131"
"122","Logan",103.35,NA,1969-12-10,390737100522201,109,0,c(-100.8736456, 39.1271242),"1969",NA,-100.8736456,39.1271242,87.3671799,"66-131"
"123","Logan",102.7,NA,1970-03-06,390737100522201,109,0,c(-100.8736456, 39.1271242),"1970",NA,-100.8736456,39.1271242,87.3671799,"66-131"
"124","Logan",104.43,NA,1970-06-17,390737100522201,109,0,c(-100.8736456, 39.1271242),"1970",NA,-100.8736456,39.1271242,87.3671799,"66-131"
"125","Logan",108.33,NA,1970-09-01,390737100522201,109,0,c(-100.8736456, 39.1271242),"1970",NA,-100.8736456,39.1271242,87.3671799,"66-131"
"126","Logan",105.04,NA,1970-12-09,390737100522201,109,0,c(-100.8736456, 39.1271242),"1970",NA,-100.8736456,39.1271242,87.3671799,"66-131"
"127","Logan",103.53,NA,1971-03-10,390737100522201,109,0,c(-100.8736456, 39.1271242),"1971",NA,-100.8736456,39.1271242,87.3671799,"66-131"
"128","Logan",104.72,NA,1971-06-09,390737100522201,109,0,c(-100.8736456, 39.1271242),"1971",NA,-100.8736456,39.1271242,87.3671799,"66-131"
"129","Logan",105.5,NA,1971-12-08,390737100522201,109,0,c(-100.8736456, 39.1271242),"1971",NA,-100.8736456,39.1271242,87.3671799,"66-131"
"130","Logan",104.5,NA,1972-03-08,390737100522201,109,0,c(-100.8736456, 39.1271242),"1972",NA,-100.8736456,39.1271242,87.3671799,"66-131"
"131","Logan",110.25,NA,1972-06-07,390737100522201,109,0,c(-100.8736456, 39.1271242),"1972",NA,-100.8736456,39.1271242,87.3671799,"66-131"
"132","Logan",110.84,NA,1972-09-14,390737100522201,109,0,c(-100.8736456, 39.1271242),"1972",NA,-100.8736456,39.1271242,87.3671799,"66-131"
"133","Logan",105.1,NA,1973-01-15,390737100522201,109,0,c(-100.8736456, 39.1271242),"1973",NA,-100.8736456,39.1271242,87.3671799,"66-131"
"134","Logan",104.65,NA,1973-03-20,390737100522201,109,0,c(-100.8736456, 39.1271242),"1973",NA,-100.8736456,39.1271242,87.3671799,"66-131"
"135","Logan",104.5,NA,1973-06-08,390737100522201,109,0,c(-100.8736456, 39.1271242),"1973",NA,-100.8736456,39.1271242,87.3671799,"66-131"
"136","Logan",112.44,NA,1973-09-12,390737100522201,109,0,c(-100.8736456, 39.1271242),"1973",NA,-100.8736456,39.1271242,87.3671799,"66-131"
"137","Logan",105.93,NA,1973-12-05,390737100522201,109,0,c(-100.8736456, 39.1271242),"1973",NA,-100.8736456,39.1271242,87.3671799,"66-131"
"138","Logan",106.8,NA,1974-03-06,390737100522201,109,0,c(-100.8736456, 39.1271242),"1974",NA,-100.8736456,39.1271242,87.3671799,"66-131"
"139","Logan",107.2,NA,1974-06-11,390737100522201,109,0,c(-100.8736456, 39.1271242),"1974",NA,-100.8736456,39.1271242,87.3671799,"66-131"
"140","Logan",110,NA,1974-09-11,390737100522201,109,0,c(-100.8736456, 39.1271242),"1974",NA,-100.8736456,39.1271242,87.3671799,"66-131"
"141","Logan",110.1,NA,1974-12-05,390737100522201,109,0,c(-100.8736456, 39.1271242),"1974",NA,-100.8736456,39.1271242,87.3671799,"66-131"
"142","Logan",110.1,NA,1975-01-07,390737100522201,109,0,c(-100.8736456, 39.1271242),"1975",NA,-100.8736456,39.1271242,87.3671799,"66-131"
"143","Logan",109,NA,1975-06-26,390737100522201,109,0,c(-100.8736456, 39.1271242),"1975",NA,-100.8736456,39.1271242,87.3671799,"66-131"
"144","Logan",111.2,NA,1975-09-17,390737100522201,109,0,c(-100.8736456, 39.1271242),"1975",NA,-100.8736456,39.1271242,87.3671799,"66-131"
"145","Logan",109.09,NA,1976-01-19,390737100522201,109,0,c(-100.8736456, 39.1271242),"1976",NA,-100.8736456,39.1271242,87.3671799,"66-131"
"146","Logan",111.94,NA,1976-03-18,390737100522201,109,0,c(-100.8736456, 39.1271242),"1976",NA,-100.8736456,39.1271242,87.3671799,"66-131"
"147","Logan",107.24,NA,1976-06-09,390737100522201,109,0,c(-100.8736456, 39.1271242),"1976",NA,-100.8736456,39.1271242,87.3671799,"66-131"
"148","Logan",113.33,NA,1976-09-15,390737100522201,109,0,c(-100.8736456, 39.1271242),"1976",NA,-100.8736456,39.1271242,87.3671799,"66-131"
"149","Logan",114.05,NA,1977-03-10,390737100522201,109,0,c(-100.8736456, 39.1271242),"1977",NA,-100.8736456,39.1271242,87.3671799,"66-131"
"150","Logan",107.68,NA,1977-06-08,390737100522201,109,0,c(-100.8736456, 39.1271242),"1977",NA,-100.8736456,39.1271242,87.3671799,"66-131"
"151","Logan",109.7,NA,1977-09-08,390737100522201,109,0,c(-100.8736456, 39.1271242),"1977",NA,-100.8736456,39.1271242,87.3671799,"66-131"
"152","Logan",107.47,NA,1977-12-21,390737100522201,109,0,c(-100.8736456, 39.1271242),"1977",NA,-100.8736456,39.1271242,87.3671799,"66-131"
"153","Logan",106.99,NA,1978-03-09,390737100522201,109,0,c(-100.8736456, 39.1271242),"1978",NA,-100.8736456,39.1271242,87.3671799,"66-131"
"154","Logan",107.37,NA,1978-06-09,390737100522201,109,0,c(-100.8736456, 39.1271242),"1978",NA,-100.8736456,39.1271242,87.3671799,"66-131"
"155","Logan",115.94,NA,1978-09-13,390737100522201,109,0,c(-100.8736456, 39.1271242),"1978",NA,-100.8736456,39.1271242,87.3671799,"66-131"
"156","Logan",105.75,NA,1979-01-02,390737100522201,109,0,c(-100.8736456, 39.1271242),"1979",NA,-100.8736456,39.1271242,87.3671799,"66-131"
"157","Logan",108.08,NA,1979-02-22,390737100522201,109,0,c(-100.8736456, 39.1271242),"1979",NA,-100.8736456,39.1271242,87.3671799,"66-131"
"158","Logan",115,NA,1979-09-06,390737100522201,109,0,c(-100.8736456, 39.1271242),"1979",NA,-100.8736456,39.1271242,87.3671799,"66-131"
"159","Logan",113.64,NA,1980-09-10,390737100522201,109,0,c(-100.8736456, 39.1271242),"1980",NA,-100.8736456,39.1271242,87.3671799,"66-131"
"160","Logan",111.67,NA,1981-01-05,390737100522201,109,0,c(-100.8736456, 39.1271242),"1981",NA,-100.8736456,39.1271242,87.3671799,"66-131"
"161","Logan",114.21,NA,1981-03-31,390737100522201,109,0,c(-100.8736456, 39.1271242),"1981",NA,-100.8736456,39.1271242,87.3671799,"66-131"
"162","Logan",110.8,NA,1981-06-10,390737100522201,109,0,c(-100.8736456, 39.1271242),"1981",NA,-100.8736456,39.1271242,87.3671799,"66-131"
"163","Logan",116.25,NA,1981-09-16,390737100522201,109,0,c(-100.8736456, 39.1271242),"1981",NA,-100.8736456,39.1271242,87.3671799,"66-131"
"164","Logan",111.8,NA,1982-01-07,390737100522201,109,0,c(-100.8736456, 39.1271242),"1982",NA,-100.8736456,39.1271242,87.3671799,"66-131"
"165","Logan",110.61,NA,1982-03-23,390737100522201,109,0,c(-100.8736456, 39.1271242),"1982",NA,-100.8736456,39.1271242,87.3671799,"66-131"
"166","Logan",110.45,NA,1983-01-28,390737100522201,109,0,c(-100.8736456, 39.1271242),"1983",NA,-100.8736456,39.1271242,87.3671799,"66-131"
"167","Logan",111.2,NA,1983-04-13,390737100522201,109,0,c(-100.8736456, 39.1271242),"1983",NA,-100.8736456,39.1271242,87.3671799,"66-131"
"168","Logan",110.48,NA,1983-06-07,390737100522201,109,0,c(-100.8736456, 39.1271242),"1983",NA,-100.8736456,39.1271242,87.3671799,"66-131"
"169","Logan",110.54,NA,1983-09-21,390737100522201,109,0,c(-100.8736456, 39.1271242),"1983",NA,-100.8736456,39.1271242,87.3671799,"66-131"
"170","Logan",112.83,NA,1984-01-24,390737100522201,109,0,c(-100.8736456, 39.1271242),"1984",NA,-100.8736456,39.1271242,87.3671799,"66-131"
"171","Logan",110.74,NA,1984-06-05,390737100522201,109,0,c(-100.8736456, 39.1271242),"1984",NA,-100.8736456,39.1271242,87.3671799,"66-131"
"172","Logan",112.23,NA,1984-09-12,390737100522201,109,0,c(-100.8736456, 39.1271242),"1984",NA,-100.8736456,39.1271242,87.3671799,"66-131"
"173","Logan",110.8,NA,1985-01-07,390737100522201,109,0,c(-100.8736456, 39.1271242),"1985",NA,-100.8736456,39.1271242,87.3671799,"66-131"
"174","Logan",110.86,NA,1985-03-04,390737100522201,109,0,c(-100.8736456, 39.1271242),"1985",NA,-100.8736456,39.1271242,87.3671799,"66-131"
"175","Logan",110.74,NA,1985-06-04,390737100522201,109,0,c(-100.8736456, 39.1271242),"1985",NA,-100.8736456,39.1271242,87.3671799,"66-131"
"176","Logan",118.93,NA,1985-09-11,390737100522201,109,0,c(-100.8736456, 39.1271242),"1985",NA,-100.8736456,39.1271242,87.3671799,"66-131"
"177","Logan",111.7,NA,1986-02-04,390737100522201,109,0,c(-100.8736456, 39.1271242),"1986",NA,-100.8736456,39.1271242,87.3671799,"66-131"
"178","Logan",116.4,NA,1986-06-16,390737100522201,109,0,c(-100.8736456, 39.1271242),"1986",NA,-100.8736456,39.1271242,87.3671799,"66-131"
"179","Logan",115.01,NA,1986-09-09,390737100522201,109,0,c(-100.8736456, 39.1271242),"1986",NA,-100.8736456,39.1271242,87.3671799,"66-131"
"180","Logan",113.6,NA,1987-01-04,390737100522201,109,0,c(-100.8736456, 39.1271242),"1987",NA,-100.8736456,39.1271242,87.3671799,"66-131"
"181","Logan",113.29,NA,1987-07-07,390737100522201,109,0,c(-100.8736456, 39.1271242),"1987",NA,-100.8736456,39.1271242,87.3671799,"66-131"
"182","Logan",116.9,NA,1987-09-02,390737100522201,109,0,c(-100.8736456, 39.1271242),"1987",NA,-100.8736456,39.1271242,87.3671799,"66-131"
"183","Logan",112.55,NA,1988-01-15,390737100522201,109,0,c(-100.8736456, 39.1271242),"1988",NA,-100.8736456,39.1271242,87.3671799,"66-131"
"184","Logan",112.26,NA,1988-03-08,390737100522201,109,0,c(-100.8736456, 39.1271242),"1988",NA,-100.8736456,39.1271242,87.3671799,"66-131"
"185","Logan",111.72,NA,1988-06-08,390737100522201,109,0,c(-100.8736456, 39.1271242),"1988",NA,-100.8736456,39.1271242,87.3671799,"66-131"
"186","Logan",115.42,NA,1988-09-07,390737100522201,109,0,c(-100.8736456, 39.1271242),"1988",NA,-100.8736456,39.1271242,87.3671799,"66-131"
"187","Logan",110.65,NA,1989-01-07,390737100522201,109,0,c(-100.8736456, 39.1271242),"1989",NA,-100.8736456,39.1271242,87.3671799,"66-131"
"188","Logan",117.32,NA,1989-03-07,390737100522201,109,0,c(-100.8736456, 39.1271242),"1989",NA,-100.8736456,39.1271242,87.3671799,"66-131"
"189","Logan",111.84,NA,1989-06-06,390737100522201,109,0,c(-100.8736456, 39.1271242),"1989",NA,-100.8736456,39.1271242,87.3671799,"66-131"
"190","Logan",116.37,NA,1989-09-19,390737100522201,109,0,c(-100.8736456, 39.1271242),"1989",NA,-100.8736456,39.1271242,87.3671799,"66-131"
"191","Logan",114.3,NA,1990-01-10,390737100522201,109,0,c(-100.8736456, 39.1271242),"1990",NA,-100.8736456,39.1271242,87.3671799,"66-131"
"192","Logan",113.49,NA,1990-03-12,390737100522201,109,0,c(-100.8736456, 39.1271242),"1990",NA,-100.8736456,39.1271242,87.3671799,"66-131"
"193","Logan",138.52,"MONUMENT",2004-01-01,390254101053801,109,0,c(-101.0962297, 39.0471786),"2004",NA,-101.0962297,39.0471786,18.8613491,"0-65"
"194","Logan",138.39,"MONUMENT",2005-01-11,390254101053801,109,0,c(-101.0962297, 39.0471786),"2005",NA,-101.0962297,39.0471786,18.8613491,"0-65"
"195","Logan",138.22,"MONUMENT",2006-01-11,390254101053801,109,0,c(-101.0962297, 39.0471786),"2006",NA,-101.0962297,39.0471786,18.8613491,"0-65"
"196","Logan",138.04,"MONUMENT",2008-01-03,390254101053801,109,0,c(-101.0962297, 39.0471786),"2008",NA,-101.0962297,39.0471786,18.8613491,"0-65"
"197","Logan",138.07,"MONUMENT",2008-01-09,390254101053801,109,0,c(-101.0962297, 39.0471786),"2008",NA,-101.0962297,39.0471786,18.8613491,"0-65"
"198","Logan",138.07,"MONUMENT",2009-01-04,390254101053801,109,0,c(-101.0962297, 39.0471786),"2009",NA,-101.0962297,39.0471786,18.8613491,"0-65"
"199","Logan",137.99,"MONUMENT",2009-01-04,390254101053801,109,0,c(-101.0962297, 39.0471786),"2009",NA,-101.0962297,39.0471786,18.8613491,"0-65"
"200","Logan",137.72,"MONUMENT",2010-01-02,390254101053801,109,0,c(-101.0962297, 39.0471786),"2010",NA,-101.0962297,39.0471786,18.8613491,"0-65"
"201","Logan",139.67,"MONUMENT",2011-01-03,390254101053801,109,0,c(-101.0962297, 39.0471786),"2011",NA,-101.0962297,39.0471786,18.8613491,"0-65"
"202","Logan",139.64,"MONUMENT",2011-01-03,390254101053801,109,0,c(-101.0962297, 39.0471786),"2011",NA,-101.0962297,39.0471786,18.8613491,"0-65"
"203","Logan",137.69,"MONUMENT",2012-01-03,390254101053801,109,0,c(-101.0962297, 39.0471786),"2012",NA,-101.0962297,39.0471786,18.8613491,"0-65"
"204","Logan",139.7,"MONUMENT",2013-01-02,390254101053801,109,0,c(-101.0962297, 39.0471786),"2013",NA,-101.0962297,39.0471786,18.8613491,"0-65"
"205","Logan",137.58,"MONUMENT",2014-01-02,390254101053801,109,0,c(-101.0962297, 39.0471786),"2014",NA,-101.0962297,39.0471786,18.8613491,"0-65"
"206","Logan",137.28,"MONUMENT",2015-01-02,390254101053801,109,0,c(-101.0962297, 39.0471786),"2015",NA,-101.0962297,39.0471786,18.8613491,"0-65"
"207","Logan",137.17,"MONUMENT",2016-01-02,390254101053801,109,0,c(-101.0962297, 39.0471786),"2016",NA,-101.0962297,39.0471786,18.8613491,"0-65"
"208","Logan",137,"MONUMENT",2017-01-03,390254101053801,109,0,c(-101.0962297, 39.0471786),"2017",NA,-101.0962297,39.0471786,18.8613491,"0-65"
"209","Logan",136.79,"MONUMENT",2018-01-02,390254101053801,109,0,c(-101.0962297, 39.0471786),"2018",NA,-101.0962297,39.0471786,18.8613491,"0-65"
"210","Logan",136.55,"MONUMENT",2019-01-02,390254101053801,109,0,c(-101.0962297, 39.0471786),"2019",NA,-101.0962297,39.0471786,18.8613491,"0-65"
"211","Logan",136.03,"MONUMENT",2020-01-02,390254101053801,109,0,c(-101.0962297, 39.0471786),"2020",NA,-101.0962297,39.0471786,18.8613491,"0-65"
"212","Logan",135.94,"MONUMENT",2021-01-04,390254101053801,109,0,c(-101.0962297, 39.0471786),"2021",NA,-101.0962297,39.0471786,18.8613491,"0-65"
"213","Logan",137.63,"MONUMENT",2022-01-03,390254101053801,109,0,c(-101.0962297, 39.0471786),"2022",NA,-101.0962297,39.0471786,18.8613491,"0-65"
"214","Logan",138.29,"MONUMENT",2023-01-03,390254101053801,109,0,c(-101.0962297, 39.0471786),"2023",NA,-101.0962297,39.0471786,18.8613491,"0-65"
"215","Logan",136.13,"MONUMENT",2024-01-02,390254101053801,109,0,c(-101.0962297, 39.0471786),"2024",NA,-101.0962297,39.0471786,18.8613491,"0-65"
"216","Logan",135.77,"MONUMENT",2025-01-02,390254101053801,109,0,c(-101.0962297, 39.0471786),"2025",NA,-101.0962297,39.0471786,18.8613491,"0-65"
"217","Logan",135.82,"MONUMENT",2026-01-02,390254101053801,109,0,c(-101.0962297, 39.0471786),"2026",NA,-101.0962297,39.0471786,18.8613491,"0-65"
"218","Logan",5.15,"Elkader",1997-02-05,384736100512701,109,0,c(-100.857861, 38.793424),"1997","+1-10",-100.857861,38.793424,NA,NA
"219","Logan",5.1,"Elkader",1997-03-06,384736100512701,109,0,c(-100.857861, 38.793424),"1997","+1-10",-100.857861,38.793424,NA,NA
"220","Logan",5.35,"Elkader",1997-05-07,384736100512701,109,0,c(-100.857861, 38.793424),"1997","+1-10",-100.857861,38.793424,NA,NA
"221","Logan",6.53,"Elkader",1997-07-03,384736100512701,109,0,c(-100.857861, 38.793424),"1997","+1-10",-100.857861,38.793424,NA,NA
"222","Logan",6.58,"Elkader",1997-09-03,384736100512701,109,0,c(-100.857861, 38.793424),"1997","+1-10",-100.857861,38.793424,NA,NA
"223","Logan",6.6,"Elkader",1997-10-03,384736100512701,109,0,c(-100.857861, 38.793424),"1997","+1-10",-100.857861,38.793424,NA,NA
"224","Logan",6.49,"Elkader",1997-12-05,384736100512701,109,0,c(-100.857861, 38.793424),"1997","+1-10",-100.857861,38.793424,NA,NA
"225","Logan",5.85,"Elkader",1998-02-03,384736100512701,109,0,c(-100.857861, 38.793424),"1998","+1-10",-100.857861,38.793424,NA,NA
"226","Logan",5.76,"Elkader",1998-03-02,384736100512701,109,0,c(-100.857861, 38.793424),"1998","+1-10",-100.857861,38.793424,NA,NA
"227","Logan",5.48,"Elkader",1998-08-13,384736100512701,109,0,c(-100.857861, 38.793424),"1998","+1-10",-100.857861,38.793424,NA,NA
"228","Logan",6.09,"Elkader",1998-09-23,384736100512701,109,0,c(-100.857861, 38.793424),"1998","+1-10",-100.857861,38.793424,NA,NA
"229","Logan",5.38,"Elkader",1999-03-29,384736100512701,109,0,c(-100.857861, 38.793424),"1999","+1-10",-100.857861,38.793424,NA,NA
"230","Logan",5.26,"Elkader",1999-05-14,384736100512701,109,0,c(-100.857861, 38.793424),"1999","+1-10",-100.857861,38.793424,NA,NA
"231","Logan",4.87,"Elkader",1999-07-21,384736100512701,109,0,c(-100.857861, 38.793424),"1999","+1-10",-100.857861,38.793424,NA,NA
"232","Logan",6.63,"Elkader",2000-10-03,384736100512701,109,0,c(-100.857861, 38.793424),"2000","+1-10",-100.857861,38.793424,NA,NA
"233","Logan",6.04,"Elkader",2001-03-26,384736100512701,109,0,c(-100.857861, 38.793424),"2001","+1-10",-100.857861,38.793424,NA,NA
"234","Logan",6.49,"Elkader",2001-11-02,384736100512701,109,0,c(-100.857861, 38.793424),"2001","+1-10",-100.857861,38.793424,NA,NA
"235","Logan",6.05,"Elkader",2002-03-07,384736100512701,109,0,c(-100.857861, 38.793424),"2002","+1-10",-100.857861,38.793424,NA,NA
"236","Logan",6.59,"Elkader",2002-10-15,384736100512701,109,0,c(-100.857861, 38.793424),"2002","+1-10",-100.857861,38.793424,NA,NA
"237","Logan",6.08,"Elkader",2003-03-24,384736100512701,109,0,c(-100.857861, 38.793424),"2003","+1-10",-100.857861,38.793424,NA,NA
"238","Logan",6.09,"Elkader",2003-10-01,384736100512701,109,0,c(-100.857861, 38.793424),"2003","+1-10",-100.857861,38.793424,NA,NA
"239","Logan",6,"Elkader",2004-04-27,384736100512701,109,0,c(-100.857861, 38.793424),"2004","+1-10",-100.857861,38.793424,NA,NA
"240","Logan",6.95,"Elkader",2004-10-27,384736100512701,109,0,c(-100.857861, 38.793424),"2004","+1-10",-100.857861,38.793424,NA,NA
"241","Logan",5.72,"Elkader",2005-03-31,384736100512701,109,0,c(-100.857861, 38.793424),"2005","+1-10",-100.857861,38.793424,NA,NA
"242","Logan",5.98,"Elkader",2005-10-20,384736100512701,109,0,c(-100.857861, 38.793424),"2005","+1-10",-100.857861,38.793424,NA,NA
"243","Logan",5.77,"Elkader",2006-03-30,384736100512701,109,0,c(-100.857861, 38.793424),"2006","+1-10",-100.857861,38.793424,NA,NA
"244","Logan",6.66,"Elkader",2006-10-04,384736100512701,109,0,c(-100.857861, 38.793424),"2006","+1-10",-100.857861,38.793424,NA,NA
"245","Logan",5,"Elkader",2007-03-20,384736100512701,109,0,c(-100.857861, 38.793424),"2007","+1-10",-100.857861,38.793424,NA,NA
"246","Logan",5.66,"Elkader",2007-10-08,384736100512701,109,0,c(-100.857861, 38.793424),"2007","+1-10",-100.857861,38.793424,NA,NA
"247","Logan",5.84,"Elkader",2008-03-05,384736100512701,109,0,c(-100.857861, 38.793424),"2008","+1-10",-100.857861,38.793424,NA,NA
"248","Logan",6.26,"Elkader",2008-10-07,384736100512701,109,0,c(-100.857861, 38.793424),"2008","+1-10",-100.857861,38.793424,NA,NA
"249","Logan",5.42,"Elkader",2009-04-22,384736100512701,109,0,c(-100.857861, 38.793424),"2009","+1-10",-100.857861,38.793424,NA,NA
"250","Logan",5.79,"Elkader",2009-10-06,384736100512701,109,0,c(-100.857861, 38.793424),"2009","+1-10",-100.857861,38.793424,NA,NA
"251","Logan",5.49,"Elkader",2010-03-16,384736100512701,109,0,c(-100.857861, 38.793424),"2010","+1-10",-100.857861,38.793424,NA,NA
"252","Logan",6.55,"Elkader",2010-10-08,384736100512701,109,0,c(-100.857861, 38.793424),"2010","+1-10",-100.857861,38.793424,NA,NA
"253","Logan",7.37,"Elkader",2011-10-04,384736100512701,109,0,c(-100.857861, 38.793424),"2011","+1-10",-100.857861,38.793424,NA,NA
"254","Logan",5.34,"Elkader",2012-03-06,384736100512701,109,0,c(-100.857861, 38.793424),"2012","+1-10",-100.857861,38.793424,NA,NA
"255","Logan",6.62,"Elkader",2012-11-27,384736100512701,109,0,c(-100.857861, 38.793424),"2012","+1-10",-100.857861,38.793424,NA,NA
"256","Logan",7.69,"Elkader",2013-03-12,384736100512701,109,0,c(-100.857861, 38.793424),"2013","+1-10",-100.857861,38.793424,NA,NA
"257","Logan",6.08,"Elkader",2013-10-03,384736100512701,109,0,c(-100.857861, 38.793424),"2013","+1-10",-100.857861,38.793424,NA,NA
"258","Logan",6.25,"Elkader",2014-03-05,384736100512701,109,0,c(-100.857861, 38.793424),"2014","+1-10",-100.857861,38.793424,NA,NA
"259","Logan",6.47,"Elkader",2014-10-06,384736100512701,109,0,c(-100.857861, 38.793424),"2014","+1-10",-100.857861,38.793424,NA,NA
"260","Logan",5.65,"Elkader",2015-03-12,384736100512701,109,0,c(-100.857861, 38.793424),"2015","+1-10",-100.857861,38.793424,NA,NA
"261","Logan",6.56,"Elkader",2015-10-05,384736100512701,109,0,c(-100.857861, 38.793424),"2015","+1-10",-100.857861,38.793424,NA,NA
"262","Logan",5.66,"Elkader",2016-03-09,384736100512701,109,0,c(-100.857861, 38.793424),"2016","+1-10",-100.857861,38.793424,NA,NA
"263","Logan",6.22,"Elkader",2016-10-13,384736100512701,109,0,c(-100.857861, 38.793424),"2016","+1-10",-100.857861,38.793424,NA,NA
"264","Logan",6.59,"Elkader",2017-03-15,384736100512701,109,0,c(-100.857861, 38.793424),"2017","+1-10",-100.857861,38.793424,NA,NA
"265","Logan",4.95,"Elkader",2017-10-13,384736100512701,109,0,c(-100.857861, 38.793424),"2017","+1-10",-100.857861,38.793424,NA,NA
"266","Logan",5.12,"Elkader",2018-03-12,384736100512701,109,0,c(-100.857861, 38.793424),"2018","+1-10",-100.857861,38.793424,NA,NA
"267","Logan",5.27,"Elkader",2018-10-18,384736100512701,109,0,c(-100.857861, 38.793424),"2018","+1-10",-100.857861,38.793424,NA,NA
"268","Logan",4.65,"Elkader",2019-10-08,384736100512701,109,0,c(-100.857861, 38.793424),"2019","+1-10",-100.857861,38.793424,NA,NA
"269","Logan",5.19,"Elkader",2020-03-05,384736100512701,109,0,c(-100.857861, 38.793424),"2020","+1-10",-100.857861,38.793424,NA,NA
"270","Logan",6.23,"Elkader",2020-10-05,384736100512701,109,0,c(-100.857861, 38.793424),"2020","+1-10",-100.857861,38.793424,NA,NA
"271","Logan",5.86,"Elkader",2021-03-09,384736100512701,109,0,c(-100.857861, 38.793424),"2021","+1-10",-100.857861,38.793424,NA,NA
"272","Logan",6.26,"Elkader",2021-10-04,384736100512701,109,0,c(-100.857861, 38.793424),"2021","+1-10",-100.857861,38.793424,NA,NA
"273","Logan",6.32,"Elkader",2022-03-02,384736100512701,109,0,c(-100.857861, 38.793424),"2022","+1-10",-100.857861,38.793424,NA,NA
"274","Logan",7.1,"Elkader",2022-10-18,384736100512701,109,0,c(-100.857861, 38.793424),"2022","+1-10",-100.857861,38.793424,NA,NA
"275","Logan",7.2,"Elkader",2023-03-21,384736100512701,109,0,c(-100.857861, 38.793424),"2023","+1-10",-100.857861,38.793424,NA,NA
"276","Logan",6.22,"Elkader",2025-03-18,384736100512701,109,0,c(-100.857861, 38.793424),"2025","+1-10",-100.857861,38.793424,NA,NA
"277","Logan",144.05,"Monument",1984-07-02,390615101021601,109,0,c(-101.03713, 39.103208),"1984",NA,-101.03713,39.103208,49.6935997,"0-65"
"278","Logan",143.3,"Monument",1985-01-07,390615101021601,109,0,c(-101.03713, 39.103208),"1985",NA,-101.03713,39.103208,49.6935997,"0-65"
"279","Logan",143.77,"Monument",1986-01-08,390615101021601,109,0,c(-101.03713, 39.103208),"1986",NA,-101.03713,39.103208,49.6935997,"0-65"
"280","Logan",143.92,"Monument",1987-01-04,390615101021601,109,0,c(-101.03713, 39.103208),"1987",NA,-101.03713,39.103208,49.6935997,"0-65"
"281","Logan",143.65,"Monument",1988-01-14,390615101021601,109,0,c(-101.03713, 39.103208),"1988",NA,-101.03713,39.103208,49.6935997,"0-65"
"282","Logan",144.24,"Monument",1989-01-03,390615101021601,109,0,c(-101.03713, 39.103208),"1989",NA,-101.03713,39.103208,49.6935997,"0-65"
"283","Logan",144.34,"Monument",1990-01-08,390615101021601,109,0,c(-101.03713, 39.103208),"1990",NA,-101.03713,39.103208,49.6935997,"0-65"
"284","Logan",144.14,"Monument",1991-01-03,390615101021601,109,0,c(-101.03713, 39.103208),"1991",NA,-101.03713,39.103208,49.6935997,"0-65"
"285","Logan",142.04,"Monument",1992-01-16,390615101021601,109,0,c(-101.03713, 39.103208),"1992",NA,-101.03713,39.103208,49.6935997,"0-65"
"286","Logan",144.74,"Monument",1993-01-26,390615101021601,109,0,c(-101.03713, 39.103208),"1993",NA,-101.03713,39.103208,49.6935997,"0-65"
"287","Logan",144.09,"Monument",1994-01-05,390615101021601,109,0,c(-101.03713, 39.103208),"1994",NA,-101.03713,39.103208,49.6935997,"0-65"
"288","Logan",143.64,"Monument",1994-12-27,390615101021601,109,0,c(-101.03713, 39.103208),"1994",NA,-101.03713,39.103208,49.6935997,"0-65"
"289","Logan",144.68,"Monument",1996-01-04,390615101021601,109,0,c(-101.03713, 39.103208),"1996",NA,-101.03713,39.103208,49.6935997,"0-65"
"290","Logan",144.74,"Monument",1998-01-06,390615101021601,109,0,c(-101.03713, 39.103208),"1998",NA,-101.03713,39.103208,49.6935997,"0-65"
"291","Logan",144.09,"Monument",1999-01-11,390615101021601,109,0,c(-101.03713, 39.103208),"1999",NA,-101.03713,39.103208,49.6935997,"0-65"
"292","Logan",144.38,"Monument",2000-01-07,390615101021601,109,0,c(-101.03713, 39.103208),"2000",NA,-101.03713,39.103208,49.6935997,"0-65"
"293","Logan",144.27,"Monument",2001-01-10,390615101021601,109,0,c(-101.03713, 39.103208),"2001",NA,-101.03713,39.103208,49.6935997,"0-65"
"294","Logan",143.82,"Monument",2002-01-11,390615101021601,109,0,c(-101.03713, 39.103208),"2002",NA,-101.03713,39.103208,49.6935997,"0-65"
"295","Logan",144.17,"Monument",2004-01-09,390615101021601,109,0,c(-101.03713, 39.103208),"2004",NA,-101.03713,39.103208,49.6935997,"0-65"
"296","Logan",143.66,"Monument",2005-01-08,390615101021601,109,0,c(-101.03713, 39.103208),"2005",NA,-101.03713,39.103208,49.6935997,"0-65"
"297","Logan",143.81,"Monument",2006-01-11,390615101021601,109,0,c(-101.03713, 39.103208),"2006",NA,-101.03713,39.103208,49.6935997,"0-65"
"298","Logan",144.03,"Monument",2007-02-24,390615101021601,109,0,c(-101.03713, 39.103208),"2007",NA,-101.03713,39.103208,49.6935997,"0-65"
"299","Logan",145.09,"Monument",2008-01-03,390615101021601,109,0,c(-101.03713, 39.103208),"2008",NA,-101.03713,39.103208,49.6935997,"0-65"
"300","Logan",144.6,"Monument",2009-01-04,390615101021601,109,0,c(-101.03713, 39.103208),"2009",NA,-101.03713,39.103208,49.6935997,"0-65"
"301","Logan",143.39,"Monument",2010-01-02,390615101021601,109,0,c(-101.03713, 39.103208),"2010",NA,-101.03713,39.103208,49.6935997,"0-65"
"302","Logan",143.92,"Monument",2010-01-02,390615101021601,109,0,c(-101.03713, 39.103208),"2010",NA,-101.03713,39.103208,49.6935997,"0-65"
"303","Logan",144.23,"Monument",2011-01-03,390615101021601,109,0,c(-101.03713, 39.103208),"2011",NA,-101.03713,39.103208,49.6935997,"0-65"
"304","Logan",144.88,"Monument",2012-01-03,390615101021601,109,0,c(-101.03713, 39.103208),"2012",NA,-101.03713,39.103208,49.6935997,"0-65"
"305","Logan",144.03,"Monument",2013-01-02,390615101021601,109,0,c(-101.03713, 39.103208),"2013",NA,-101.03713,39.103208,49.6935997,"0-65"
"306","Logan",143.5,"Monument",2014-01-02,390615101021601,109,0,c(-101.03713, 39.103208),"2014",NA,-101.03713,39.103208,49.6935997,"0-65"
"307","Logan",143.19,"Monument",2015-01-02,390615101021601,109,0,c(-101.03713, 39.103208),"2015",NA,-101.03713,39.103208,49.6935997,"0-65"
"308","Logan",143.09,"Monument",2016-01-02,390615101021601,109,0,c(-101.03713, 39.103208),"2016",NA,-101.03713,39.103208,49.6935997,"0-65"
"309","Logan",143.4,"Monument",2017-01-03,390615101021601,109,0,c(-101.03713, 39.103208),"2017",NA,-101.03713,39.103208,49.6935997,"0-65"
"310","Logan",142.67,"Monument",2018-01-02,390615101021601,109,0,c(-101.03713, 39.103208),"2018",NA,-101.03713,39.103208,49.6935997,"0-65"
"311","Logan",142.69,"Monument",2019-01-02,390615101021601,109,0,c(-101.03713, 39.103208),"2019",NA,-101.03713,39.103208,49.6935997,"0-65"
"312","Logan",142.94,"Monument",2020-01-02,390615101021601,109,0,c(-101.03713, 39.103208),"2020",NA,-101.03713,39.103208,49.6935997,"0-65"
"313","Logan",142.64,"Monument",2021-01-04,390615101021601,109,0,c(-101.03713, 39.103208),"2021",NA,-101.03713,39.103208,49.6935997,"0-65"
"314","Logan",142.86,"Monument",2022-01-03,390615101021601,109,0,c(-101.03713, 39.103208),"2022",NA,-101.03713,39.103208,49.6935997,"0-65"
"315","Logan",142.78,"Monument",2023-01-03,390615101021601,109,0,c(-101.03713, 39.103208),"2023",NA,-101.03713,39.103208,49.6935997,"0-65"
"316","Logan",142.93,"Monument",2024-01-02,390615101021601,109,0,c(-101.03713, 39.103208),"2024",NA,-101.03713,39.103208,49.6935997,"0-65"
"317","Logan",142.72,"Monument",2025-01-02,390615101021601,109,0,c(-101.03713, 39.103208),"2025",NA,-101.03713,39.103208,49.6935997,"0-65"
"318","Logan",142.74,"Monument",2026-01-02,390615101021601,109,0,c(-101.03713, 39.103208),"2026",NA,-101.03713,39.103208,49.6935997,"0-65"
"319","Logan",142.74,"Monument",2026-01-02,390615101021601,109,0,c(-101.03713, 39.103208),"2026",NA,-101.03713,39.103208,49.6935997,"0-65"
"320","Logan",86.6,"Oakley South",1970-01-01,390336100490501,109,0,c(-100.8194206, 39.061588),"1970",NA,-100.8194206,39.061588,44.206398,"0-65"
"321","Logan",89.2,"Oakley South",1985-01-07,390336100490501,109,0,c(-100.8194206, 39.061588),"1985",NA,-100.8194206,39.061588,44.206398,"0-65"
"322","Logan",91.42,"Oakley South",1986-01-06,390336100490501,109,0,c(-100.8194206, 39.061588),"1986",NA,-100.8194206,39.061588,44.206398,"0-65"
"323","Logan",89.15,"Oakley South",1987-01-04,390336100490501,109,0,c(-100.8194206, 39.061588),"1987",NA,-100.8194206,39.061588,44.206398,"0-65"
"324","Logan",91.86,"Oakley South",1988-01-15,390336100490501,109,0,c(-100.8194206, 39.061588),"1988",NA,-100.8194206,39.061588,44.206398,"0-65"
"325","Logan",89.94,"Oakley South",1989-01-07,390336100490501,109,0,c(-100.8194206, 39.061588),"1989",NA,-100.8194206,39.061588,44.206398,"0-65"
"326","Logan",93.35,"Oakley South",1990-01-08,390336100490501,109,0,c(-100.8194206, 39.061588),"1990",NA,-100.8194206,39.061588,44.206398,"0-65"
"327","Logan",91.9,"Oakley South",1991-01-03,390336100490501,109,0,c(-100.8194206, 39.061588),"1991",NA,-100.8194206,39.061588,44.206398,"0-65"
"328","Logan",92.4,"Oakley South",1992-01-16,390336100490501,109,0,c(-100.8194206, 39.061588),"1992",NA,-100.8194206,39.061588,44.206398,"0-65"
"329","Logan",91.89,"Oakley South",1993-01-26,390336100490501,109,0,c(-100.8194206, 39.061588),"1993",NA,-100.8194206,39.061588,44.206398,"0-65"
"330","Logan",91.8,"Oakley South",1994-01-05,390336100490501,109,0,c(-100.8194206, 39.061588),"1994",NA,-100.8194206,39.061588,44.206398,"0-65"
"331","Logan",96.43,"Oakley South",1994-12-28,390336100490501,109,0,c(-100.8194206, 39.061588),"1994",NA,-100.8194206,39.061588,44.206398,"0-65"
"332","Logan",97.48,"Oakley South",1997-01-02,390336100490501,109,0,c(-100.8194206, 39.061588),"1997",NA,-100.8194206,39.061588,44.206398,"0-65"
"333","Logan",98.27,"Oakley South",1998-01-06,390336100490501,109,0,c(-100.8194206, 39.061588),"1998",NA,-100.8194206,39.061588,44.206398,"0-65"
"334","Logan",91.84,"Oakley South",1999-01-11,390336100490501,109,0,c(-100.8194206, 39.061588),"1999",NA,-100.8194206,39.061588,44.206398,"0-65"
"335","Logan",94.01,"Oakley South",2001-01-10,390336100490501,109,0,c(-100.8194206, 39.061588),"2001",NA,-100.8194206,39.061588,44.206398,"0-65"
"336","Logan",94.15,"Oakley South",2002-01-11,390336100490501,109,0,c(-100.8194206, 39.061588),"2002",NA,-100.8194206,39.061588,44.206398,"0-65"
"337","Logan",96.31,"Oakley South",2004-01-09,390336100490501,109,0,c(-100.8194206, 39.061588),"2004",NA,-100.8194206,39.061588,44.206398,"0-65"
"338","Logan",94.2,"Oakley South",2005-01-08,390336100490501,109,0,c(-100.8194206, 39.061588),"2005",NA,-100.8194206,39.061588,44.206398,"0-65"
"339","Logan",95.19,"Oakley South",2006-01-04,390336100490501,109,0,c(-100.8194206, 39.061588),"2006",NA,-100.8194206,39.061588,44.206398,"0-65"
"340","Logan",95.44,"Oakley South",2007-04-02,390336100490501,109,0,c(-100.8194206, 39.061588),"2007",NA,-100.8194206,39.061588,44.206398,"0-65"
"341","Logan",96.27,"Oakley South",2008-01-03,390336100490501,109,0,c(-100.8194206, 39.061588),"2008",NA,-100.8194206,39.061588,44.206398,"0-65"
"342","Logan",95.97,"Oakley South",2009-01-04,390336100490501,109,0,c(-100.8194206, 39.061588),"2009",NA,-100.8194206,39.061588,44.206398,"0-65"
"343","Logan",95.45,"Oakley South",2010-01-02,390336100490501,109,0,c(-100.8194206, 39.061588),"2010",NA,-100.8194206,39.061588,44.206398,"0-65"
"344","Logan",96.24,"Oakley South",2011-01-03,390336100490501,109,0,c(-100.8194206, 39.061588),"2011",NA,-100.8194206,39.061588,44.206398,"0-65"
"345","Logan",96.88,"Oakley South",2012-01-03,390336100490501,109,0,c(-100.8194206, 39.061588),"2012",NA,-100.8194206,39.061588,44.206398,"0-65"
"346","Logan",98.1,"Oakley South",2013-01-02,390336100490501,109,0,c(-100.8194206, 39.061588),"2013",NA,-100.8194206,39.061588,44.206398,"0-65"
"347","Logan",97.3,"Oakley South",2014-01-02,390336100490501,109,0,c(-100.8194206, 39.061588),"2014",NA,-100.8194206,39.061588,44.206398,"0-65"
"348","Logan",98.26,"Oakley South",2015-01-02,390336100490501,109,0,c(-100.8194206, 39.061588),"2015",NA,-100.8194206,39.061588,44.206398,"0-65"
"349","Logan",97.92,"Oakley South",2016-01-02,390336100490501,109,0,c(-100.8194206, 39.061588),"2016",NA,-100.8194206,39.061588,44.206398,"0-65"
"350","Logan",98.09,"Oakley South",2016-01-02,390336100490501,109,0,c(-100.8194206, 39.061588),"2016",NA,-100.8194206,39.061588,44.206398,"0-65"
"351","Logan",98.69,"Oakley South",2017-01-03,390336100490501,109,0,c(-100.8194206, 39.061588),"2017",NA,-100.8194206,39.061588,44.206398,"0-65"
"352","Logan",98.39,"Oakley South",2018-01-02,390336100490501,109,0,c(-100.8194206, 39.061588),"2018",NA,-100.8194206,39.061588,44.206398,"0-65"
"353","Logan",98.59,"Oakley South",2019-01-02,390336100490501,109,0,c(-100.8194206, 39.061588),"2019",NA,-100.8194206,39.061588,44.206398,"0-65"
"354","Logan",96.95,"Oakley South",2020-01-02,390336100490501,109,0,c(-100.8194206, 39.061588),"2020",NA,-100.8194206,39.061588,44.206398,"0-65"
"355","Logan",98.47,"Oakley South",2021-01-04,390336100490501,109,0,c(-100.8194206, 39.061588),"2021",NA,-100.8194206,39.061588,44.206398,"0-65"
"356","Logan",98.02,"Oakley South",2022-01-03,390336100490501,109,0,c(-100.8194206, 39.061588),"2022",NA,-100.8194206,39.061588,44.206398,"0-65"
"357","Logan",100.29,"Oakley South",2023-01-03,390336100490501,109,0,c(-100.8194206, 39.061588),"2023",NA,-100.8194206,39.061588,44.206398,"0-65"
"358","Logan",98.52,"Oakley South",2024-01-02,390336100490501,109,0,c(-100.8194206, 39.061588),"2024",NA,-100.8194206,39.061588,44.206398,"0-65"
"359","Logan",99.69,"Oakley South",2025-01-02,390336100490501,109,0,c(-100.8194206, 39.061588),"2025",NA,-100.8194206,39.061588,44.206398,"0-65"
"360","Logan",99.67,"Oakley South",2025-01-02,390336100490501,109,0,c(-100.8194206, 39.061588),"2025",NA,-100.8194206,39.061588,44.206398,"0-65"
"361","Logan",98.46,"Oakley South",2026-01-02,390336100490501,109,0,c(-100.8194206, 39.061588),"2026",NA,-100.8194206,39.061588,44.206398,"0-65"
"362","Logan",29.44,"OAKLEY SOUTH",2004-01-01,390048100522701,109,0,c(-100.8755305, 39.0139574),"2004",NA,-100.8755305,39.0139574,17.3789673,"0-65"
"363","Logan",30.12,"OAKLEY SOUTH",2005-01-11,390048100522701,109,0,c(-100.8755305, 39.0139574),"2005",NA,-100.8755305,39.0139574,17.3789673,"0-65"
"364","Logan",30.19,"OAKLEY SOUTH",2006-01-11,390048100522701,109,0,c(-100.8755305, 39.0139574),"2006",NA,-100.8755305,39.0139574,17.3789673,"0-65"
"365","Logan",28.98,"OAKLEY SOUTH",2007-04-02,390048100522701,109,0,c(-100.8755305, 39.0139574),"2007",NA,-100.8755305,39.0139574,17.3789673,"0-65"
"366","Logan",29.3,"OAKLEY SOUTH",2008-01-03,390048100522701,109,0,c(-100.8755305, 39.0139574),"2008",NA,-100.8755305,39.0139574,17.3789673,"0-65"
"367","Logan",29.74,"OAKLEY SOUTH",2009-01-04,390048100522701,109,0,c(-100.8755305, 39.0139574),"2009",NA,-100.8755305,39.0139574,17.3789673,"0-65"
"368","Logan",26.8,"OAKLEY SOUTH",2010-02-15,390048100522701,109,0,c(-100.8755305, 39.0139574),"2010",NA,-100.8755305,39.0139574,17.3789673,"0-65"
"369","Logan",26.4,"OAKLEY SOUTH",2011-01-03,390048100522701,109,0,c(-100.8755305, 39.0139574),"2011",NA,-100.8755305,39.0139574,17.3789673,"0-65"
"370","Logan",26.56,"OAKLEY SOUTH",2012-01-03,390048100522701,109,0,c(-100.8755305, 39.0139574),"2012",NA,-100.8755305,39.0139574,17.3789673,"0-65"
"371","Logan",29.44,"OAKLEY SOUTH",2013-01-02,390048100522701,109,0,c(-100.8755305, 39.0139574),"2013",NA,-100.8755305,39.0139574,17.3789673,"0-65"
"372","Logan",28.32,"OAKLEY SOUTH",2014-01-02,390048100522701,109,0,c(-100.8755305, 39.0139574),"2014",NA,-100.8755305,39.0139574,17.3789673,"0-65"
"373","Logan",27.12,"OAKLEY SOUTH",2015-01-02,390048100522701,109,0,c(-100.8755305, 39.0139574),"2015",NA,-100.8755305,39.0139574,17.3789673,"0-65"
"374","Logan",27.64,"OAKLEY SOUTH",2016-01-02,390048100522701,109,0,c(-100.8755305, 39.0139574),"2016",NA,-100.8755305,39.0139574,17.3789673,"0-65"
"375","Logan",27.15,"OAKLEY SOUTH",2017-01-03,390048100522701,109,0,c(-100.8755305, 39.0139574),"2017",NA,-100.8755305,39.0139574,17.3789673,"0-65"
"376","Logan",25.26,"OAKLEY SOUTH",2018-01-02,390048100522701,109,0,c(-100.8755305, 39.0139574),"2018",NA,-100.8755305,39.0139574,17.3789673,"0-65"
"377","Logan",25.98,"OAKLEY SOUTH",2019-01-02,390048100522701,109,0,c(-100.8755305, 39.0139574),"2019",NA,-100.8755305,39.0139574,17.3789673,"0-65"
"378","Logan",23.95,"OAKLEY SOUTH",2020-01-02,390048100522701,109,0,c(-100.8755305, 39.0139574),"2020",NA,-100.8755305,39.0139574,17.3789673,"0-65"
"379","Logan",25.89,"OAKLEY SOUTH",2021-01-04,390048100522701,109,0,c(-100.8755305, 39.0139574),"2021",NA,-100.8755305,39.0139574,17.3789673,"0-65"
"380","Logan",25.86,"OAKLEY SOUTH",2021-01-04,390048100522701,109,0,c(-100.8755305, 39.0139574),"2021",NA,-100.8755305,39.0139574,17.3789673,"0-65"
"381","Logan",27.19,"OAKLEY SOUTH",2022-01-03,390048100522701,109,0,c(-100.8755305, 39.0139574),"2022",NA,-100.8755305,39.0139574,17.3789673,"0-65"
"382","Logan",28.94,"OAKLEY SOUTH",2023-01-03,390048100522701,109,0,c(-100.8755305, 39.0139574),"2023",NA,-100.8755305,39.0139574,17.3789673,"0-65"
"383","Logan",28.89,"OAKLEY SOUTH",2024-01-02,390048100522701,109,0,c(-100.8755305, 39.0139574),"2024",NA,-100.8755305,39.0139574,17.3789673,"0-65"
"384","Logan",30.62,"OAKLEY SOUTH",2025-01-02,390048100522701,109,0,c(-100.8755305, 39.0139574),"2025",NA,-100.8755305,39.0139574,17.3789673,"0-65"
"385","Logan",31.48,"OAKLEY SOUTH",2026-01-02,390048100522701,109,0,c(-100.8755305, 39.0139574),"2026",NA,-100.8755305,39.0139574,17.3789673,"0-65"
"386","Logan",101,"Oakley SW",1970-05-01,390521100542901,109,0,c(-100.909327, 39.089688),"1970",NA,-100.909327,39.089688,77.8406143,"66-131"
"387","Logan",99.65,"Oakley SW",1975-03-13,390521100542901,109,0,c(-100.909327, 39.089688),"1975",NA,-100.909327,39.089688,77.8406143,"66-131"
"388","Logan",101.16,"Oakley SW",1975-06-26,390521100542901,109,0,c(-100.909327, 39.089688),"1975",NA,-100.909327,39.089688,77.8406143,"66-131"
"389","Logan",106.56,"Oakley SW",1975-09-17,390521100542901,109,0,c(-100.909327, 39.089688),"1975",NA,-100.909327,39.089688,77.8406143,"66-131"
"390","Logan",99.46,"Oakley SW",1976-01-07,390521100542901,109,0,c(-100.909327, 39.089688),"1976",NA,-100.909327,39.089688,77.8406143,"66-131"
"391","Logan",99.5,"Oakley SW",1976-03-18,390521100542901,109,0,c(-100.909327, 39.089688),"1976",NA,-100.909327,39.089688,77.8406143,"66-131"
"392","Logan",100.14,"Oakley SW",1976-06-09,390521100542901,109,0,c(-100.909327, 39.089688),"1976",NA,-100.909327,39.089688,77.8406143,"66-131"
"393","Logan",103.43,"Oakley SW",1976-09-15,390521100542901,109,0,c(-100.909327, 39.089688),"1976",NA,-100.909327,39.089688,77.8406143,"66-131"
"394","Logan",101.4,"Oakley SW",1977-01-06,390521100542901,109,0,c(-100.909327, 39.089688),"1977",NA,-100.909327,39.089688,77.8406143,"66-131"
"395","Logan",102.42,"Oakley SW",1977-06-08,390521100542901,109,0,c(-100.909327, 39.089688),"1977",NA,-100.909327,39.089688,77.8406143,"66-131"
"396","Logan",103.42,"Oakley SW",1977-09-08,390521100542901,109,0,c(-100.909327, 39.089688),"1977",NA,-100.909327,39.089688,77.8406143,"66-131"
"397","Logan",101.63,"Oakley SW",1978-01-13,390521100542901,109,0,c(-100.909327, 39.089688),"1978",NA,-100.909327,39.089688,77.8406143,"66-131"
"398","Logan",101.26,"Oakley SW",1978-03-09,390521100542901,109,0,c(-100.909327, 39.089688),"1978",NA,-100.909327,39.089688,77.8406143,"66-131"
"399","Logan",101.88,"Oakley SW",1978-06-09,390521100542901,109,0,c(-100.909327, 39.089688),"1978",NA,-100.909327,39.089688,77.8406143,"66-131"
"400","Logan",102.92,"Oakley SW",1979-01-06,390521100542901,109,0,c(-100.909327, 39.089688),"1979",NA,-100.909327,39.089688,77.8406143,"66-131"
"401","Logan",102.34,"Oakley SW",1979-02-22,390521100542901,109,0,c(-100.909327, 39.089688),"1979",NA,-100.909327,39.089688,77.8406143,"66-131"
"402","Logan",102.69,"Oakley SW",1979-06-06,390521100542901,109,0,c(-100.909327, 39.089688),"1979",NA,-100.909327,39.089688,77.8406143,"66-131"
"403","Logan",102.97,"Oakley SW",1979-09-06,390521100542901,109,0,c(-100.909327, 39.089688),"1979",NA,-100.909327,39.089688,77.8406143,"66-131"
"404","Logan",102.42,"Oakley SW",1980-01-07,390521100542901,109,0,c(-100.909327, 39.089688),"1980",NA,-100.909327,39.089688,77.8406143,"66-131"
"405","Logan",101.91,"Oakley SW",1980-03-12,390521100542901,109,0,c(-100.909327, 39.089688),"1980",NA,-100.909327,39.089688,77.8406143,"66-131"
"406","Logan",101.89,"Oakley SW",1980-06-05,390521100542901,109,0,c(-100.909327, 39.089688),"1980",NA,-100.909327,39.089688,77.8406143,"66-131"
"407","Logan",107.12,"Oakley SW",1980-09-10,390521100542901,109,0,c(-100.909327, 39.089688),"1980",NA,-100.909327,39.089688,77.8406143,"66-131"
"408","Logan",102.93,"Oakley SW",1981-01-05,390521100542901,109,0,c(-100.909327, 39.089688),"1981",NA,-100.909327,39.089688,77.8406143,"66-131"
"409","Logan",110.8,"Oakley SW",1981-06-10,390521100542901,109,0,c(-100.909327, 39.089688),"1981",NA,-100.909327,39.089688,77.8406143,"66-131"
"410","Logan",103.12,"Oakley SW",1981-09-16,390521100542901,109,0,c(-100.909327, 39.089688),"1981",NA,-100.909327,39.089688,77.8406143,"66-131"
"411","Logan",103.05,"Oakley SW",1982-01-07,390521100542901,109,0,c(-100.909327, 39.089688),"1982",NA,-100.909327,39.089688,77.8406143,"66-131"
"412","Logan",102.83,"Oakley SW",1982-03-23,390521100542901,109,0,c(-100.909327, 39.089688),"1982",NA,-100.909327,39.089688,77.8406143,"66-131"
"413","Logan",103.25,"Oakley SW",1982-06-15,390521100542901,109,0,c(-100.909327, 39.089688),"1982",NA,-100.909327,39.089688,77.8406143,"66-131"
"414","Logan",104.76,"Oakley SW",1982-09-14,390521100542901,109,0,c(-100.909327, 39.089688),"1982",NA,-100.909327,39.089688,77.8406143,"66-131"
"415","Logan",102.3,"Oakley SW",1983-01-28,390521100542901,109,0,c(-100.909327, 39.089688),"1983",NA,-100.909327,39.089688,77.8406143,"66-131"
"416","Logan",103.11,"Oakley SW",1983-04-13,390521100542901,109,0,c(-100.909327, 39.089688),"1983",NA,-100.909327,39.089688,77.8406143,"66-131"
"417","Logan",102.28,"Oakley SW",1983-06-07,390521100542901,109,0,c(-100.909327, 39.089688),"1983",NA,-100.909327,39.089688,77.8406143,"66-131"
"418","Logan",102.25,"Oakley SW",1983-09-21,390521100542901,109,0,c(-100.909327, 39.089688),"1983",NA,-100.909327,39.089688,77.8406143,"66-131"
"419","Logan",102.3,"Oakley SW",1984-01-09,390521100542901,109,0,c(-100.909327, 39.089688),"1984",NA,-100.909327,39.089688,77.8406143,"66-131"
"420","Logan",102.18,"Oakley SW",1984-06-05,390521100542901,109,0,c(-100.909327, 39.089688),"1984",NA,-100.909327,39.089688,77.8406143,"66-131"
"421","Logan",103.69,"Oakley SW",1984-09-12,390521100542901,109,0,c(-100.909327, 39.089688),"1984",NA,-100.909327,39.089688,77.8406143,"66-131"
"422","Logan",103.02,"Oakley SW",1985-01-07,390521100542901,109,0,c(-100.909327, 39.089688),"1985",NA,-100.909327,39.089688,77.8406143,"66-131"
"423","Logan",106.98,"Oakley SW",1985-03-04,390521100542901,109,0,c(-100.909327, 39.089688),"1985",NA,-100.909327,39.089688,77.8406143,"66-131"
"424","Logan",103.25,"Oakley SW",1985-06-04,390521100542901,109,0,c(-100.909327, 39.089688),"1985",NA,-100.909327,39.089688,77.8406143,"66-131"
"425","Logan",102.58,"Oakley SW",1985-09-11,390521100542901,109,0,c(-100.909327, 39.089688),"1985",NA,-100.909327,39.089688,77.8406143,"66-131"
"426","Logan",103.72,"Oakley SW",1986-01-08,390521100542901,109,0,c(-100.909327, 39.089688),"1986",NA,-100.909327,39.089688,77.8406143,"66-131"
"427","Logan",102.24,"Oakley SW",1986-03-05,390521100542901,109,0,c(-100.909327, 39.089688),"1986",NA,-100.909327,39.089688,77.8406143,"66-131"
"428","Logan",104.86,"Oakley SW",1986-06-16,390521100542901,109,0,c(-100.909327, 39.089688),"1986",NA,-100.909327,39.089688,77.8406143,"66-131"
"429","Logan",104.95,"Oakley SW",1986-09-09,390521100542901,109,0,c(-100.909327, 39.089688),"1986",NA,-100.909327,39.089688,77.8406143,"66-131"
"430","Logan",103.33,"Oakley SW",1987-01-04,390521100542901,109,0,c(-100.909327, 39.089688),"1987",NA,-100.909327,39.089688,77.8406143,"66-131"
"431","Logan",112.58,"Oakley SW",1987-03-04,390521100542901,109,0,c(-100.909327, 39.089688),"1987",NA,-100.909327,39.089688,77.8406143,"66-131"
"432","Logan",103.73,"Oakley SW",1987-07-07,390521100542901,109,0,c(-100.909327, 39.089688),"1987",NA,-100.909327,39.089688,77.8406143,"66-131"
"433","Logan",124.75,"Oakley SW",1987-09-02,390521100542901,109,0,c(-100.909327, 39.089688),"1987",NA,-100.909327,39.089688,77.8406143,"66-131"
"434","Logan",103.3,"Oakley SW",1988-01-15,390521100542901,109,0,c(-100.909327, 39.089688),"1988",NA,-100.909327,39.089688,77.8406143,"66-131"
"435","Logan",103.35,"Oakley SW",1988-03-08,390521100542901,109,0,c(-100.909327, 39.089688),"1988",NA,-100.909327,39.089688,77.8406143,"66-131"
"436","Logan",103.54,"Oakley SW",1988-06-08,390521100542901,109,0,c(-100.909327, 39.089688),"1988",NA,-100.909327,39.089688,77.8406143,"66-131"
"437","Logan",104.77,"Oakley SW",1988-09-07,390521100542901,109,0,c(-100.909327, 39.089688),"1988",NA,-100.909327,39.089688,77.8406143,"66-131"
"438","Logan",104.53,"Oakley SW",1989-01-03,390521100542901,109,0,c(-100.909327, 39.089688),"1989",NA,-100.909327,39.089688,77.8406143,"66-131"
"439","Logan",103.07,"Oakley SW",1989-03-07,390521100542901,109,0,c(-100.909327, 39.089688),"1989",NA,-100.909327,39.089688,77.8406143,"66-131"
"440","Logan",104.23,"Oakley SW",1989-06-06,390521100542901,109,0,c(-100.909327, 39.089688),"1989",NA,-100.909327,39.089688,77.8406143,"66-131"
"441","Logan",103.1,"Oakley SW",1989-09-19,390521100542901,109,0,c(-100.909327, 39.089688),"1989",NA,-100.909327,39.089688,77.8406143,"66-131"
"442","Logan",104.3,"Oakley SW",1990-01-08,390521100542901,109,0,c(-100.909327, 39.089688),"1990",NA,-100.909327,39.089688,77.8406143,"66-131"
"443","Logan",104.29,"Oakley SW",1990-03-12,390521100542901,109,0,c(-100.909327, 39.089688),"1990",NA,-100.909327,39.089688,77.8406143,"66-131"
"444","Logan",104.9,"Oakley SW",1990-06-05,390521100542901,109,0,c(-100.909327, 39.089688),"1990",NA,-100.909327,39.089688,77.8406143,"66-131"
"445","Logan",105.35,"Oakley SW",1990-09-04,390521100542901,109,0,c(-100.909327, 39.089688),"1990",NA,-100.909327,39.089688,77.8406143,"66-131"
"446","Logan",105.12,"Oakley SW",1991-01-03,390521100542901,109,0,c(-100.909327, 39.089688),"1991",NA,-100.909327,39.089688,77.8406143,"66-131"
"447","Logan",104.79,"Oakley SW",1991-03-20,390521100542901,109,0,c(-100.909327, 39.089688),"1991",NA,-100.909327,39.089688,77.8406143,"66-131"
"448","Logan",105.47,"Oakley SW",1991-06-12,390521100542901,109,0,c(-100.909327, 39.089688),"1991",NA,-100.909327,39.089688,77.8406143,"66-131"
"449","Logan",106.82,"Oakley SW",1991-09-05,390521100542901,109,0,c(-100.909327, 39.089688),"1991",NA,-100.909327,39.089688,77.8406143,"66-131"
"450","Logan",105.47,"Oakley SW",1992-01-16,390521100542901,109,0,c(-100.909327, 39.089688),"1992",NA,-100.909327,39.089688,77.8406143,"66-131"
"451","Logan",109.06,"Oakley SW",1992-03-17,390521100542901,109,0,c(-100.909327, 39.089688),"1992",NA,-100.909327,39.089688,77.8406143,"66-131"
"452","Logan",105.53,"Oakley SW",1992-06-17,390521100542901,109,0,c(-100.909327, 39.089688),"1992",NA,-100.909327,39.089688,77.8406143,"66-131"
"453","Logan",105.89,"Oakley SW",1992-09-11,390521100542901,109,0,c(-100.909327, 39.089688),"1992",NA,-100.909327,39.089688,77.8406143,"66-131"
"454","Logan",105.13,"Oakley SW",1993-01-26,390521100542901,109,0,c(-100.909327, 39.089688),"1993",NA,-100.909327,39.089688,77.8406143,"66-131"
"455","Logan",105.24,"Oakley SW",1993-04-21,390521100542901,109,0,c(-100.909327, 39.089688),"1993",NA,-100.909327,39.089688,77.8406143,"66-131"
"456","Logan",105.11,"Oakley SW",1993-06-10,390521100542901,109,0,c(-100.909327, 39.089688),"1993",NA,-100.909327,39.089688,77.8406143,"66-131"
"457","Logan",105.23,"Oakley SW",1993-09-09,390521100542901,109,0,c(-100.909327, 39.089688),"1993",NA,-100.909327,39.089688,77.8406143,"66-131"
"458","Logan",104.59,"Oakley SW",1994-01-05,390521100542901,109,0,c(-100.909327, 39.089688),"1994",NA,-100.909327,39.089688,77.8406143,"66-131"
"459","Logan",104.99,"Oakley SW",1994-09-12,390521100542901,109,0,c(-100.909327, 39.089688),"1994",NA,-100.909327,39.089688,77.8406143,"66-131"
"460","Logan",104.39,"Oakley SW",1994-12-27,390521100542901,109,0,c(-100.909327, 39.089688),"1994",NA,-100.909327,39.089688,77.8406143,"66-131"
"461","Logan",104.37,"Oakley SW",1995-03-13,390521100542901,109,0,c(-100.909327, 39.089688),"1995",NA,-100.909327,39.089688,77.8406143,"66-131"
"462","Logan",104.83,"Oakley SW",1995-09-06,390521100542901,109,0,c(-100.909327, 39.089688),"1995",NA,-100.909327,39.089688,77.8406143,"66-131"
"463","Logan",104.46,"Oakley SW",1996-01-04,390521100542901,109,0,c(-100.909327, 39.089688),"1996",NA,-100.909327,39.089688,77.8406143,"66-131"
"464","Logan",104.31,"Oakley SW",1996-03-12,390521100542901,109,0,c(-100.909327, 39.089688),"1996",NA,-100.909327,39.089688,77.8406143,"66-131"
"465","Logan",104.12,"Oakley SW",1996-09-04,390521100542901,109,0,c(-100.909327, 39.089688),"1996",NA,-100.909327,39.089688,77.8406143,"66-131"
"466","Logan",109.01,"Oakley SW",1997-01-02,390521100542901,109,0,c(-100.909327, 39.089688),"1997",NA,-100.909327,39.089688,77.8406143,"66-131"
"467","Logan",105.2,"Oakley SW",1998-01-06,390521100542901,109,0,c(-100.909327, 39.089688),"1998",NA,-100.909327,39.089688,77.8406143,"66-131"
"468","Logan",106.33,"Oakley SW",1999-01-11,390521100542901,109,0,c(-100.909327, 39.089688),"1999",NA,-100.909327,39.089688,77.8406143,"66-131"
"469","Logan",105.95,"Oakley SW",2000-01-07,390521100542901,109,0,c(-100.909327, 39.089688),"2000",NA,-100.909327,39.089688,77.8406143,"66-131"
"470","Logan",106.66,"Oakley SW",2001-01-10,390521100542901,109,0,c(-100.909327, 39.089688),"2001",NA,-100.909327,39.089688,77.8406143,"66-131"
"471","Logan",106.55,"Oakley SW",2002-01-11,390521100542901,109,0,c(-100.909327, 39.089688),"2002",NA,-100.909327,39.089688,77.8406143,"66-131"
"472","Logan",106.98,"Oakley SW",2003-01-09,390521100542901,109,0,c(-100.909327, 39.089688),"2003",NA,-100.909327,39.089688,77.8406143,"66-131"
"473","Logan",107.66,"Oakley SW",2004-01-09,390521100542901,109,0,c(-100.909327, 39.089688),"2004",NA,-100.909327,39.089688,77.8406143,"66-131"
"474","Logan",108.11,"Oakley SW",2005-01-08,390521100542901,109,0,c(-100.909327, 39.089688),"2005",NA,-100.909327,39.089688,77.8406143,"66-131"
"475","Logan",108.17,"Oakley SW",2005-01-08,390521100542901,109,0,c(-100.909327, 39.089688),"2005",NA,-100.909327,39.089688,77.8406143,"66-131"
"476","Logan",108.6,"Oakley SW",2006-01-04,390521100542901,109,0,c(-100.909327, 39.089688),"2006",NA,-100.909327,39.089688,77.8406143,"66-131"
"477","Logan",109.24,"Oakley SW",2007-02-25,390521100542901,109,0,c(-100.909327, 39.089688),"2007",NA,-100.909327,39.089688,77.8406143,"66-131"
"478","Logan",109.78,"Oakley SW",2008-01-03,390521100542901,109,0,c(-100.909327, 39.089688),"2008",NA,-100.909327,39.089688,77.8406143,"66-131"
"479","Logan",110.51,"Oakley SW",2009-01-04,390521100542901,109,0,c(-100.909327, 39.089688),"2009",NA,-100.909327,39.089688,77.8406143,"66-131"
"480","Logan",110.23,"Oakley SW",2009-01-04,390521100542901,109,0,c(-100.909327, 39.089688),"2009",NA,-100.909327,39.089688,77.8406143,"66-131"
"481","Logan",106.12,"Oakley SW",2010-01-02,390521100542901,109,0,c(-100.909327, 39.089688),"2010",NA,-100.909327,39.089688,77.8406143,"66-131"
"482","Logan",109.58,"Oakley SW",2011-01-03,390521100542901,109,0,c(-100.909327, 39.089688),"2011",NA,-100.909327,39.089688,77.8406143,"66-131"
"483","Logan",109.51,"Oakley SW",2012-01-03,390521100542901,109,0,c(-100.909327, 39.089688),"2012",NA,-100.909327,39.089688,77.8406143,"66-131"
"484","Logan",109.98,"Oakley SW",2013-01-02,390521100542901,109,0,c(-100.909327, 39.089688),"2013",NA,-100.909327,39.089688,77.8406143,"66-131"
"485","Logan",110.2,"Oakley SW",2014-01-02,390521100542901,109,0,c(-100.909327, 39.089688),"2014",NA,-100.909327,39.089688,77.8406143,"66-131"
"486","Logan",109.96,"Oakley SW",2015-01-02,390521100542901,109,0,c(-100.909327, 39.089688),"2015",NA,-100.909327,39.089688,77.8406143,"66-131"
"487","Logan",110.4,"Oakley SW",2016-01-02,390521100542901,109,0,c(-100.909327, 39.089688),"2016",NA,-100.909327,39.089688,77.8406143,"66-131"
"488","Logan",110.82,"Oakley SW",2017-01-03,390521100542901,109,0,c(-100.909327, 39.089688),"2017",NA,-100.909327,39.089688,77.8406143,"66-131"
"489","Logan",110.99,"Oakley SW",2017-01-03,390521100542901,109,0,c(-100.909327, 39.089688),"2017",NA,-100.909327,39.089688,77.8406143,"66-131"
"490","Logan",110.22,"Oakley SW",2018-01-02,390521100542901,109,0,c(-100.909327, 39.089688),"2018",NA,-100.909327,39.089688,77.8406143,"66-131"
"491","Logan",110.39,"Oakley SW",2019-01-02,390521100542901,109,0,c(-100.909327, 39.089688),"2019",NA,-100.909327,39.089688,77.8406143,"66-131"
"492","Logan",109.7,"Oakley SW",2020-01-02,390521100542901,109,0,c(-100.909327, 39.089688),"2020",NA,-100.909327,39.089688,77.8406143,"66-131"
"493","Logan",109.66,"Oakley SW",2020-01-02,390521100542901,109,0,c(-100.909327, 39.089688),"2020",NA,-100.909327,39.089688,77.8406143,"66-131"
"494","Logan",109.92,"Oakley SW",2021-01-04,390521100542901,109,0,c(-100.909327, 39.089688),"2021",NA,-100.909327,39.089688,77.8406143,"66-131"
"495","Logan",110.06,"Oakley SW",2022-01-03,390521100542901,109,0,c(-100.909327, 39.089688),"2022",NA,-100.909327,39.089688,77.8406143,"66-131"
"496","Logan",110.64,"Oakley SW",2023-01-03,390521100542901,109,0,c(-100.909327, 39.089688),"2023",NA,-100.909327,39.089688,77.8406143,"66-131"
"497","Logan",110.73,"Oakley SW",2024-01-02,390521100542901,109,0,c(-100.909327, 39.089688),"2024",NA,-100.909327,39.089688,77.8406143,"66-131"
"498","Logan",111.02,"Oakley SW",2025-01-02,390521100542901,109,0,c(-100.909327, 39.089688),"2025",NA,-100.909327,39.089688,77.8406143,"66-131"
"499","Logan",110.78,"Oakley SW",2026-01-02,390521100542901,109,0,c(-100.909327, 39.089688),"2026",NA,-100.909327,39.089688,77.8406143,"66-131"
"500","Logan",70.28,"OAKLEY SW",1984-07-02,390252100551301,109,0,c(-100.9219263, 39.0465181),"1984",NA,-100.9219263,39.0465181,18.7884178,"0-65"
"501","Logan",70.8,"OAKLEY SW",1985-01-07,390252100551301,109,0,c(-100.9219263, 39.0465181),"1985",NA,-100.9219263,39.0465181,18.7884178,"0-65"
"502","Logan",68.67,"OAKLEY SW",1986-01-06,390252100551301,109,0,c(-100.9219263, 39.0465181),"1986",NA,-100.9219263,39.0465181,18.7884178,"0-65"
"503","Logan",71.33,"OAKLEY SW",1987-01-04,390252100551301,109,0,c(-100.9219263, 39.0465181),"1987",NA,-100.9219263,39.0465181,18.7884178,"0-65"
"504","Logan",70.4,"OAKLEY SW",1988-01-15,390252100551301,109,0,c(-100.9219263, 39.0465181),"1988",NA,-100.9219263,39.0465181,18.7884178,"0-65"
"505","Logan",70.09,"OAKLEY SW",1989-01-07,390252100551301,109,0,c(-100.9219263, 39.0465181),"1989",NA,-100.9219263,39.0465181,18.7884178,"0-65"
"506","Logan",71.83,"OAKLEY SW",1990-01-08,390252100551301,109,0,c(-100.9219263, 39.0465181),"1990",NA,-100.9219263,39.0465181,18.7884178,"0-65"
"507","Logan",73.26,"OAKLEY SW",1991-01-03,390252100551301,109,0,c(-100.9219263, 39.0465181),"1991",NA,-100.9219263,39.0465181,18.7884178,"0-65"
"508","Logan",73.6,"OAKLEY SW",1992-01-16,390252100551301,109,0,c(-100.9219263, 39.0465181),"1992",NA,-100.9219263,39.0465181,18.7884178,"0-65"
"509","Logan",68.87,"OAKLEY SW",1993-03-22,390252100551301,109,0,c(-100.9219263, 39.0465181),"1993",NA,-100.9219263,39.0465181,18.7884178,"0-65"
"510","Logan",67.12,"OAKLEY SW",1994-01-05,390252100551301,109,0,c(-100.9219263, 39.0465181),"1994",NA,-100.9219263,39.0465181,18.7884178,"0-65"
"511","Logan",68.34,"OAKLEY SW",1994-12-28,390252100551301,109,0,c(-100.9219263, 39.0465181),"1994",NA,-100.9219263,39.0465181,18.7884178,"0-65"
"512","Logan",65.95,"OAKLEY SW",1997-01-02,390252100551301,109,0,c(-100.9219263, 39.0465181),"1997",NA,-100.9219263,39.0465181,18.7884178,"0-65"
"513","Logan",69.18,"OAKLEY SW",1998-01-06,390252100551301,109,0,c(-100.9219263, 39.0465181),"1998",NA,-100.9219263,39.0465181,18.7884178,"0-65"
"514","Logan",67.14,"OAKLEY SW",1999-01-11,390252100551301,109,0,c(-100.9219263, 39.0465181),"1999",NA,-100.9219263,39.0465181,18.7884178,"0-65"
"515","Logan",68.13,"OAKLEY SW",2000-01-07,390252100551301,109,0,c(-100.9219263, 39.0465181),"2000",NA,-100.9219263,39.0465181,18.7884178,"0-65"
"516","Logan",69.32,"OAKLEY SW",2001-01-10,390252100551301,109,0,c(-100.9219263, 39.0465181),"2001",NA,-100.9219263,39.0465181,18.7884178,"0-65"
"517","Logan",68.09,"OAKLEY SW",2002-01-11,390252100551301,109,0,c(-100.9219263, 39.0465181),"2002",NA,-100.9219263,39.0465181,18.7884178,"0-65"
"518","Logan",70.75,"OAKLEY SW",2003-01-09,390252100551301,109,0,c(-100.9219263, 39.0465181),"2003",NA,-100.9219263,39.0465181,18.7884178,"0-65"
"519","Logan",69.12,"OAKLEY SW",2004-01-09,390252100551301,109,0,c(-100.9219263, 39.0465181),"2004",NA,-100.9219263,39.0465181,18.7884178,"0-65"
"520","Logan",67.9,"OAKLEY SW",2005-01-08,390252100551301,109,0,c(-100.9219263, 39.0465181),"2005",NA,-100.9219263,39.0465181,18.7884178,"0-65"
"521","Logan",67.98,"OAKLEY SW",2006-01-04,390252100551301,109,0,c(-100.9219263, 39.0465181),"2006",NA,-100.9219263,39.0465181,18.7884178,"0-65"
"522","Logan",68.06,"OAKLEY SW",2007-02-25,390252100551301,109,0,c(-100.9219263, 39.0465181),"2007",NA,-100.9219263,39.0465181,18.7884178,"0-65"
"523","Logan",67.87,"OAKLEY SW",2008-01-03,390252100551301,109,0,c(-100.9219263, 39.0465181),"2008",NA,-100.9219263,39.0465181,18.7884178,"0-65"
"524","Logan",68.32,"OAKLEY SW",2009-01-04,390252100551301,109,0,c(-100.9219263, 39.0465181),"2009",NA,-100.9219263,39.0465181,18.7884178,"0-65"
"525","Logan",65.31,"OAKLEY SW",2010-01-02,390252100551301,109,0,c(-100.9219263, 39.0465181),"2010",NA,-100.9219263,39.0465181,18.7884178,"0-65"
"526","Logan",64.81,"OAKLEY SW",2011-01-03,390252100551301,109,0,c(-100.9219263, 39.0465181),"2011",NA,-100.9219263,39.0465181,18.7884178,"0-65"
"527","Logan",65.85,"OAKLEY SW",2012-01-03,390252100551301,109,0,c(-100.9219263, 39.0465181),"2012",NA,-100.9219263,39.0465181,18.7884178,"0-65"
"528","Logan",68.26,"OAKLEY SW",2013-01-02,390252100551301,109,0,c(-100.9219263, 39.0465181),"2013",NA,-100.9219263,39.0465181,18.7884178,"0-65"
"529","Logan",66.77,"OAKLEY SW",2014-01-02,390252100551301,109,0,c(-100.9219263, 39.0465181),"2014",NA,-100.9219263,39.0465181,18.7884178,"0-65"
"530","Logan",66.52,"OAKLEY SW",2015-01-02,390252100551301,109,0,c(-100.9219263, 39.0465181),"2015",NA,-100.9219263,39.0465181,18.7884178,"0-65"
"531","Logan",67.5,"OAKLEY SW",2016-01-02,390252100551301,109,0,c(-100.9219263, 39.0465181),"2016",NA,-100.9219263,39.0465181,18.7884178,"0-65"
"532","Logan",66.65,"OAKLEY SW",2017-01-03,390252100551301,109,0,c(-100.9219263, 39.0465181),"2017",NA,-100.9219263,39.0465181,18.7884178,"0-65"
"533","Logan",65.12,"OAKLEY SW",2018-01-02,390252100551301,109,0,c(-100.9219263, 39.0465181),"2018",NA,-100.9219263,39.0465181,18.7884178,"0-65"
"534","Logan",65.88,"OAKLEY SW",2019-01-02,390252100551301,109,0,c(-100.9219263, 39.0465181),"2019",NA,-100.9219263,39.0465181,18.7884178,"0-65"
"535","Logan",62.93,"OAKLEY SW",2020-01-02,390252100551301,109,0,c(-100.9219263, 39.0465181),"2020",NA,-100.9219263,39.0465181,18.7884178,"0-65"
"536","Logan",62.93,"OAKLEY SW",2020-01-02,390252100551301,109,0,c(-100.9219263, 39.0465181),"2020",NA,-100.9219263,39.0465181,18.7884178,"0-65"
"537","Logan",63.6,"OAKLEY SW",2021-01-04,390252100551301,109,0,c(-100.9219263, 39.0465181),"2021",NA,-100.9219263,39.0465181,18.7884178,"0-65"
"538","Logan",62.89,"OAKLEY SW",2022-01-03,390252100551301,109,0,c(-100.9219263, 39.0465181),"2022",NA,-100.9219263,39.0465181,18.7884178,"0-65"
"539","Logan",64.52,"OAKLEY SW",2023-01-03,390252100551301,109,0,c(-100.9219263, 39.0465181),"2023",NA,-100.9219263,39.0465181,18.7884178,"0-65"
"540","Logan",63.42,"OAKLEY SW",2024-01-02,390252100551301,109,0,c(-100.9219263, 39.0465181),"2024",NA,-100.9219263,39.0465181,18.7884178,"0-65"
"541","Logan",63.75,"OAKLEY SW",2025-01-02,390252100551301,109,0,c(-100.9219263, 39.0465181),"2025",NA,-100.9219263,39.0465181,18.7884178,"0-65"
"542","Logan",62.1,"OAKLEY SW",2026-01-02,390252100551301,109,0,c(-100.9219263, 39.0465181),"2026",NA,-100.9219263,39.0465181,18.7884178,"0-65"
"543","Logan",62.1,"OAKLEY SW",2026-01-02,390252100551301,109,0,c(-100.9219263, 39.0465181),"2026",NA,-100.9219263,39.0465181,18.7884178,"0-65"
"544","Logan",116.27,"Oakley North",1992-03-17,390738100494401,109,0,c(-100.829825, 39.126738),"1992",NA,-100.829825,39.126738,76.6996155,"66-131"
"545","Logan",115.78,"Oakley North",1993-01-26,390738100494401,109,0,c(-100.829825, 39.126738),"1993",NA,-100.829825,39.126738,76.6996155,"66-131"
"546","Logan",114.03,"Oakley North",1993-09-07,390738100494401,109,0,c(-100.829825, 39.126738),"1993",NA,-100.829825,39.126738,76.6996155,"66-131"
"547","Logan",114.95,"Oakley North",1994-01-05,390738100494401,109,0,c(-100.829825, 39.126738),"1994",NA,-100.829825,39.126738,76.6996155,"66-131"
"548","Logan",114.54,"Oakley North",1994-09-12,390738100494401,109,0,c(-100.829825, 39.126738),"1994",NA,-100.829825,39.126738,76.6996155,"66-131"
"549","Logan",114.63,"Oakley North",1994-12-27,390738100494401,109,0,c(-100.829825, 39.126738),"1994",NA,-100.829825,39.126738,76.6996155,"66-131"
"550","Logan",114.37,"Oakley North",1995-03-13,390738100494401,109,0,c(-100.829825, 39.126738),"1995",NA,-100.829825,39.126738,76.6996155,"66-131"
"551","Logan",117.46,"Oakley North",1995-09-06,390738100494401,109,0,c(-100.829825, 39.126738),"1995",NA,-100.829825,39.126738,76.6996155,"66-131"
"552","Logan",114.38,"Oakley North",1996-01-04,390738100494401,109,0,c(-100.829825, 39.126738),"1996",NA,-100.829825,39.126738,76.6996155,"66-131"
"553","Logan",115.9,"Oakley North",1996-03-12,390738100494401,109,0,c(-100.829825, 39.126738),"1996",NA,-100.829825,39.126738,76.6996155,"66-131"
"554","Logan",115.45,"Oakley North",1996-09-03,390738100494401,109,0,c(-100.829825, 39.126738),"1996",NA,-100.829825,39.126738,76.6996155,"66-131"
"555","Logan",113.93,"Oakley North",1997-01-02,390738100494401,109,0,c(-100.829825, 39.126738),"1997",NA,-100.829825,39.126738,76.6996155,"66-131"
"556","Logan",114.43,"Oakley North",1998-01-06,390738100494401,109,0,c(-100.829825, 39.126738),"1998",NA,-100.829825,39.126738,76.6996155,"66-131"
"557","Logan",114.32,"Oakley North",1999-01-11,390738100494401,109,0,c(-100.829825, 39.126738),"1999",NA,-100.829825,39.126738,76.6996155,"66-131"
"558","Logan",114.55,"Oakley North",2000-01-07,390738100494401,109,0,c(-100.829825, 39.126738),"2000",NA,-100.829825,39.126738,76.6996155,"66-131"
"559","Logan",115.23,"Oakley North",2001-01-10,390738100494401,109,0,c(-100.829825, 39.126738),"2001",NA,-100.829825,39.126738,76.6996155,"66-131"
"560","Logan",115.02,"Oakley North",2002-01-11,390738100494401,109,0,c(-100.829825, 39.126738),"2002",NA,-100.829825,39.126738,76.6996155,"66-131"
"561","Logan",116.19,"Oakley North",2003-01-09,390738100494401,109,0,c(-100.829825, 39.126738),"2003",NA,-100.829825,39.126738,76.6996155,"66-131"
"562","Logan",116.24,"Oakley North",2004-01-09,390738100494401,109,0,c(-100.829825, 39.126738),"2004",NA,-100.829825,39.126738,76.6996155,"66-131"
"563","Logan",117.01,"Oakley North",2005-01-08,390738100494401,109,0,c(-100.829825, 39.126738),"2005",NA,-100.829825,39.126738,76.6996155,"66-131"
"564","Logan",117.35,"Oakley North",2006-01-04,390738100494401,109,0,c(-100.829825, 39.126738),"2006",NA,-100.829825,39.126738,76.6996155,"66-131"
"565","Logan",117.46,"Oakley North",2007-02-25,390738100494401,109,0,c(-100.829825, 39.126738),"2007",NA,-100.829825,39.126738,76.6996155,"66-131"
"566","Logan",117.93,"Oakley North",2008-01-03,390738100494401,109,0,c(-100.829825, 39.126738),"2008",NA,-100.829825,39.126738,76.6996155,"66-131"
"567","Logan",117.95,"Oakley North",2008-01-03,390738100494401,109,0,c(-100.829825, 39.126738),"2008",NA,-100.829825,39.126738,76.6996155,"66-131"
"568","Logan",118.03,"Oakley North",2009-03-09,390738100494401,109,0,c(-100.829825, 39.126738),"2009",NA,-100.829825,39.126738,76.6996155,"66-131"
"569","Logan",117.89,"Oakley North",2010-01-02,390738100494401,109,0,c(-100.829825, 39.126738),"2010",NA,-100.829825,39.126738,76.6996155,"66-131"
"570","Logan",118.27,"Oakley North",2011-01-03,390738100494401,109,0,c(-100.829825, 39.126738),"2011",NA,-100.829825,39.126738,76.6996155,"66-131"
"571","Logan",118.36,"Oakley North",2012-01-03,390738100494401,109,0,c(-100.829825, 39.126738),"2012",NA,-100.829825,39.126738,76.6996155,"66-131"
"572","Logan",119.75,"Oakley North",2013-01-02,390738100494401,109,0,c(-100.829825, 39.126738),"2013",NA,-100.829825,39.126738,76.6996155,"66-131"
"573","Logan",119.69,"Oakley North",2014-01-02,390738100494401,109,0,c(-100.829825, 39.126738),"2014",NA,-100.829825,39.126738,76.6996155,"66-131"
"574","Logan",120.25,"Oakley North",2015-01-02,390738100494401,109,0,c(-100.829825, 39.126738),"2015",NA,-100.829825,39.126738,76.6996155,"66-131"
"575","Logan",120.5,"Oakley North",2016-01-02,390738100494401,109,0,c(-100.829825, 39.126738),"2016",NA,-100.829825,39.126738,76.6996155,"66-131"
"576","Logan",119.7,"Oakley North",2017-01-03,390738100494401,109,0,c(-100.829825, 39.126738),"2017",NA,-100.829825,39.126738,76.6996155,"66-131"
"577","Logan",120.69,"Oakley North",2018-01-02,390738100494401,109,0,c(-100.829825, 39.126738),"2018",NA,-100.829825,39.126738,76.6996155,"66-131"
"578","Logan",120.8,"Oakley North",2019-01-02,390738100494401,109,0,c(-100.829825, 39.126738),"2019",NA,-100.829825,39.126738,76.6996155,"66-131"
"579","Logan",120.74,"Oakley North",2020-01-02,390738100494401,109,0,c(-100.829825, 39.126738),"2020",NA,-100.829825,39.126738,76.6996155,"66-131"
"580","Logan",121.11,"Oakley North",2021-01-04,390738100494401,109,0,c(-100.829825, 39.126738),"2021",NA,-100.829825,39.126738,76.6996155,"66-131"
"581","Logan",121.24,"Oakley North",2022-01-03,390738100494401,109,0,c(-100.829825, 39.126738),"2022",NA,-100.829825,39.126738,76.6996155,"66-131"
"582","Logan",122.08,"Oakley North",2023-01-03,390738100494401,109,0,c(-100.829825, 39.126738),"2023",NA,-100.829825,39.126738,76.6996155,"66-131"
"583","Logan",122.25,"Oakley North",2024-01-02,390738100494401,109,0,c(-100.829825, 39.126738),"2024",NA,-100.829825,39.126738,76.6996155,"66-131"
"584","Logan",122.63,"Oakley North",2025-01-02,390738100494401,109,0,c(-100.829825, 39.126738),"2025",NA,-100.829825,39.126738,76.6996155,"66-131"
"585","Logan",123.17,"Oakley North",2026-01-02,390738100494401,109,0,c(-100.829825, 39.126738),"2026",NA,-100.829825,39.126738,76.6996155,"66-131"
"586","Logan",112.09,"Oakley SW",2018-01-02,390417100584901,109,0,c(-100.9802266, 39.0710064),"2018",NA,-100.9802266,39.0710064,49.924118,"0-65"
"587","Logan",111.64,"Oakley SW",2019-01-02,390417100584901,109,0,c(-100.9802266, 39.0710064),"2019",NA,-100.9802266,39.0710064,49.924118,"0-65"
"588","Logan",110.68,"Oakley SW",2020-01-02,390417100584901,109,0,c(-100.9802266, 39.0710064),"2020",NA,-100.9802266,39.0710064,49.924118,"0-65"
"589","Logan",110.8,"Oakley SW",2021-01-04,390417100584901,109,0,c(-100.9802266, 39.0710064),"2021",NA,-100.9802266,39.0710064,49.924118,"0-65"
"590","Logan",111.97,"Oakley SW",2022-01-03,390417100584901,109,0,c(-100.9802266, 39.0710064),"2022",NA,-100.9802266,39.0710064,49.924118,"0-65"
"591","Logan",112.45,"Oakley SW",2023-01-03,390417100584901,109,0,c(-100.9802266, 39.0710064),"2023",NA,-100.9802266,39.0710064,49.924118,"0-65"
"592","Logan",112.13,"Oakley SW",2024-01-02,390417100584901,109,0,c(-100.9802266, 39.0710064),"2024",NA,-100.9802266,39.0710064,49.924118,"0-65"
"593","Logan",112.09,"Oakley SW",2025-01-02,390417100584901,109,0,c(-100.9802266, 39.0710064),"2025",NA,-100.9802266,39.0710064,49.924118,"0-65"
"594","Logan",112.02,"Oakley SW",2026-01-02,390417100584901,109,0,c(-100.9802266, 39.0710064),"2026",NA,-100.9802266,39.0710064,49.924118,"0-65"
"595","Logan",112.02,"Oakley SW",2026-01-02,390417100584901,109,0,c(-100.9802266, 39.0710064),"2026",NA,-100.9802266,39.0710064,49.924118,"0-65"
"596","Logan",16,NA,1951-06-05,384220101073501,109,0,c(-101.1264697, 38.7051289),"1951",NA,-101.1264697,38.7051289,10,"0-65"
"597","Logan",15.9,NA,1954-07-12,384220101073501,109,0,c(-101.1264697, 38.7051289),"1954",NA,-101.1264697,38.7051289,10,"0-65"
"598","Logan",19.9,NA,1968-01-01,384220101073501,109,0,c(-101.1264697, 38.7051289),"1968",NA,-101.1264697,38.7051289,10,"0-65"
"599","Logan",19.42,NA,1971-01-18,384220101073501,109,0,c(-101.1264697, 38.7051289),"1971",NA,-101.1264697,38.7051289,10,"0-65"
"600","Logan",20.9,NA,1972-01-18,384220101073501,109,0,c(-101.1264697, 38.7051289),"1972",NA,-101.1264697,38.7051289,10,"0-65"
"601","Logan",127,"Oakley SW",1969-05-01,390528100565901,109,0,c(-100.951166, 39.090797),"1969",NA,-100.951166,39.090797,69.382431,"66-131"
"602","Logan",130.05,"Oakley SW",1984-07-02,390528100565901,109,0,c(-100.951166, 39.090797),"1984",NA,-100.951166,39.090797,69.382431,"66-131"
"603","Logan",130.5,"Oakley SW",1985-01-07,390528100565901,109,0,c(-100.951166, 39.090797),"1985",NA,-100.951166,39.090797,69.382431,"66-131"
"604","Logan",131.3,"Oakley SW",1986-01-08,390528100565901,109,0,c(-100.951166, 39.090797),"1986",NA,-100.951166,39.090797,69.382431,"66-131"
"605","Logan",132.3,"Oakley SW",1988-01-15,390528100565901,109,0,c(-100.951166, 39.090797),"1988",NA,-100.951166,39.090797,69.382431,"66-131"
"606","Logan",132.23,"Oakley SW",1989-01-07,390528100565901,109,0,c(-100.951166, 39.090797),"1989",NA,-100.951166,39.090797,69.382431,"66-131"
"607","Logan",137.43,"Oakley SW",1991-01-03,390528100565901,109,0,c(-100.951166, 39.090797),"1991",NA,-100.951166,39.090797,69.382431,"66-131"
"608","Logan",133.7,"Oakley SW",1992-01-16,390528100565901,109,0,c(-100.951166, 39.090797),"1992",NA,-100.951166,39.090797,69.382431,"66-131"
"609","Logan",137.55,"Oakley SW",1993-01-26,390528100565901,109,0,c(-100.951166, 39.090797),"1993",NA,-100.951166,39.090797,69.382431,"66-131"
"610","Logan",132.05,"Oakley SW",1994-01-05,390528100565901,109,0,c(-100.951166, 39.090797),"1994",NA,-100.951166,39.090797,69.382431,"66-131"
"611","Logan",132.82,"Oakley SW",1994-12-27,390528100565901,109,0,c(-100.951166, 39.090797),"1994",NA,-100.951166,39.090797,69.382431,"66-131"
"612","Logan",134.24,"Oakley SW",1996-01-04,390528100565901,109,0,c(-100.951166, 39.090797),"1996",NA,-100.951166,39.090797,69.382431,"66-131"
"613","Logan",133.9,"Oakley SW",1997-01-03,390528100565901,109,0,c(-100.951166, 39.090797),"1997",NA,-100.951166,39.090797,69.382431,"66-131"
"614","Logan",135.21,"Oakley SW",1998-01-06,390528100565901,109,0,c(-100.951166, 39.090797),"1998",NA,-100.951166,39.090797,69.382431,"66-131"
"615","Logan",133.71,"Oakley SW",1999-01-11,390528100565901,109,0,c(-100.951166, 39.090797),"1999",NA,-100.951166,39.090797,69.382431,"66-131"
"616","Logan",133.74,"Oakley SW",2000-01-07,390528100565901,109,0,c(-100.951166, 39.090797),"2000",NA,-100.951166,39.090797,69.382431,"66-131"
"617","Logan",134.64,"Oakley SW",2001-01-10,390528100565901,109,0,c(-100.951166, 39.090797),"2001",NA,-100.951166,39.090797,69.382431,"66-131"
"618","Logan",134.42,"Oakley SW",2002-01-11,390528100565901,109,0,c(-100.951166, 39.090797),"2002",NA,-100.951166,39.090797,69.382431,"66-131"
"619","Logan",134.55,"Oakley SW",2003-01-09,390528100565901,109,0,c(-100.951166, 39.090797),"2003",NA,-100.951166,39.090797,69.382431,"66-131"
"620","Logan",137.88,"Oakley SW",2004-01-09,390528100565901,109,0,c(-100.951166, 39.090797),"2004",NA,-100.951166,39.090797,69.382431,"66-131"
"621","Logan",135.95,"Oakley SW",2005-01-08,390528100565901,109,0,c(-100.951166, 39.090797),"2005",NA,-100.951166,39.090797,69.382431,"66-131"
"622","Logan",135.7,"Oakley SW",2006-01-04,390528100565901,109,0,c(-100.951166, 39.090797),"2006",NA,-100.951166,39.090797,69.382431,"66-131"
"623","Logan",135.73,"Oakley SW",2006-01-04,390528100565901,109,0,c(-100.951166, 39.090797),"2006",NA,-100.951166,39.090797,69.382431,"66-131"
"624","Logan",135.42,"Oakley SW",2007-02-25,390528100565901,109,0,c(-100.951166, 39.090797),"2007",NA,-100.951166,39.090797,69.382431,"66-131"
"625","Logan",136.1,"Oakley SW",2008-01-03,390528100565901,109,0,c(-100.951166, 39.090797),"2008",NA,-100.951166,39.090797,69.382431,"66-131"
"626","Logan",135.45,"Oakley SW",2009-03-09,390528100565901,109,0,c(-100.951166, 39.090797),"2009",NA,-100.951166,39.090797,69.382431,"66-131"
"627","Logan",134.27,"Oakley SW",2010-01-02,390528100565901,109,0,c(-100.951166, 39.090797),"2010",NA,-100.951166,39.090797,69.382431,"66-131"
"628","Logan",134.61,"Oakley SW",2011-01-03,390528100565901,109,0,c(-100.951166, 39.090797),"2011",NA,-100.951166,39.090797,69.382431,"66-131"
"629","Logan",135.12,"Oakley SW",2012-01-03,390528100565901,109,0,c(-100.951166, 39.090797),"2012",NA,-100.951166,39.090797,69.382431,"66-131"
"630","Logan",140.68,"Oakley SW",2013-01-02,390528100565901,109,0,c(-100.951166, 39.090797),"2013",NA,-100.951166,39.090797,69.382431,"66-131"
"631","Logan",140.16,"Oakley SW",2014-01-02,390528100565901,109,0,c(-100.951166, 39.090797),"2014",NA,-100.951166,39.090797,69.382431,"66-131"
"632","Logan",135.75,"Oakley SW",2016-01-02,390528100565901,109,0,c(-100.951166, 39.090797),"2016",NA,-100.951166,39.090797,69.382431,"66-131"
"633","Logan",139.62,"Oakley SW",2017-01-03,390528100565901,109,0,c(-100.951166, 39.090797),"2017",NA,-100.951166,39.090797,69.382431,"66-131"
"634","Logan",69.3,NA,1971-10-01,385917100511401,109,0,c(-100.8543983, 38.9882861),"1971",NA,-100.8543983,38.9882861,17.5089111,"0-65"
"635","Logan",69.29,NA,1971-10-05,385917100511401,109,0,c(-100.8543983, 38.9882861),"1971",NA,-100.8543983,38.9882861,17.5089111,"0-65"
"636","Logan",69.16,NA,1972-01-03,385917100511401,109,0,c(-100.8543983, 38.9882861),"1972",NA,-100.8543983,38.9882861,17.5089111,"0-65"
"637","Logan",69.48,NA,1973-01-15,385917100511401,109,0,c(-100.8543983, 38.9882861),"1973",NA,-100.8543983,38.9882861,17.5089111,"0-65"
"638","Logan",69.2,NA,1974-01-14,385917100511401,109,0,c(-100.8543983, 38.9882861),"1974",NA,-100.8543983,38.9882861,17.5089111,"0-65"
"639","Logan",69.05,NA,1975-01-07,385917100511401,109,0,c(-100.8543983, 38.9882861),"1975",NA,-100.8543983,38.9882861,17.5089111,"0-65"
"640","Logan",68.92,NA,1976-02-04,385917100511401,109,0,c(-100.8543983, 38.9882861),"1976",NA,-100.8543983,38.9882861,17.5089111,"0-65"
"641","Logan",26.3,"ELKADER NE",2004-01-01,385800100500001,109,0,c(-100.834389, 38.9657),"2004",NA,-100.834389,38.9657,16.1615257,"0-65"
"642","Logan",26.25,"ELKADER NE",2005-01-11,385800100500001,109,0,c(-100.834389, 38.9657),"2005",NA,-100.834389,38.9657,16.1615257,"0-65"
"643","Logan",26.72,"ELKADER NE",2006-01-11,385800100500001,109,0,c(-100.834389, 38.9657),"2006",NA,-100.834389,38.9657,16.1615257,"0-65"
"644","Logan",24.96,"ELKADER NE",2007-04-02,385800100500001,109,0,c(-100.834389, 38.9657),"2007",NA,-100.834389,38.9657,16.1615257,"0-65"
"645","Logan",25.67,"ELKADER NE",2009-01-04,385800100500001,109,0,c(-100.834389, 38.9657),"2009",NA,-100.834389,38.9657,16.1615257,"0-65"
"646","Logan",25.75,"ELKADER NE",2009-01-04,385800100500001,109,0,c(-100.834389, 38.9657),"2009",NA,-100.834389,38.9657,16.1615257,"0-65"
"647","Logan",26,"ELKADER NE",2010-01-02,385800100500001,109,0,c(-100.834389, 38.9657),"2010",NA,-100.834389,38.9657,16.1615257,"0-65"
"648","Logan",25.98,"ELKADER NE",2013-01-02,385800100500001,109,0,c(-100.834389, 38.9657),"2013",NA,-100.834389,38.9657,16.1615257,"0-65"
"649","Logan",24.61,"ELKADER NE",2015-01-02,385800100500001,109,0,c(-100.834389, 38.9657),"2015",NA,-100.834389,38.9657,16.1615257,"0-65"
"650","Logan",23.91,"ELKADER NE",2016-01-02,385800100500001,109,0,c(-100.834389, 38.9657),"2016",NA,-100.834389,38.9657,16.1615257,"0-65"
"651","Logan",22.79,"ELKADER NE",2017-01-03,385800100500001,109,0,c(-100.834389, 38.9657),"2017",NA,-100.834389,38.9657,16.1615257,"0-65"
"652","Logan",21.45,"ELKADER NE",2018-01-02,385800100500001,109,0,c(-100.834389, 38.9657),"2018",NA,-100.834389,38.9657,16.1615257,"0-65"
"653","Logan",20.86,"ELKADER NE",2019-01-02,385800100500001,109,0,c(-100.834389, 38.9657),"2019",NA,-100.834389,38.9657,16.1615257,"0-65"
"654","Logan",20.02,"ELKADER NE",2020-01-02,385800100500001,109,0,c(-100.834389, 38.9657),"2020",NA,-100.834389,38.9657,16.1615257,"0-65"
"655","Logan",20.03,"ELKADER NE",2020-01-02,385800100500001,109,0,c(-100.834389, 38.9657),"2020",NA,-100.834389,38.9657,16.1615257,"0-65"
"656","Logan",20.86,"ELKADER NE",2021-01-04,385800100500001,109,0,c(-100.834389, 38.9657),"2021",NA,-100.834389,38.9657,16.1615257,"0-65"
"657","Logan",20.85,"ELKADER NE",2022-01-03,385800100500001,109,0,c(-100.834389, 38.9657),"2022",NA,-100.834389,38.9657,16.1615257,"0-65"
"658","Logan",20.83,"ELKADER NE",2022-01-03,385800100500001,109,0,c(-100.834389, 38.9657),"2022",NA,-100.834389,38.9657,16.1615257,"0-65"
"659","Logan",21.71,"ELKADER NE",2023-01-03,385800100500001,109,0,c(-100.834389, 38.9657),"2023",NA,-100.834389,38.9657,16.1615257,"0-65"
"660","Logan",21.43,"ELKADER NE",2024-01-02,385800100500001,109,0,c(-100.834389, 38.9657),"2024",NA,-100.834389,38.9657,16.1615257,"0-65"
"661","Logan",21.18,"ELKADER NE",2025-01-02,385800100500001,109,0,c(-100.834389, 38.9657),"2025",NA,-100.834389,38.9657,16.1615257,"0-65"
"662","Logan",21.19,"ELKADER NE",2026-01-02,385800100500001,109,0,c(-100.834389, 38.9657),"2026",NA,-100.834389,38.9657,16.1615257,"0-65"
"663","Logan",161.8,NA,2017-01-03,390702101091101,109,0,c(-101.1551313, 39.116735),"2017",NA,-101.1551313,39.116735,39.2914009,"0-65"
"664","Logan",161.07,NA,2018-01-02,390702101091101,109,0,c(-101.1551313, 39.116735),"2018",NA,-101.1551313,39.116735,39.2914009,"0-65"
"665","Logan",160.43,NA,2019-01-02,390702101091101,109,0,c(-101.1551313, 39.116735),"2019",NA,-101.1551313,39.116735,39.2914009,"0-65"
"666","Logan",159.36,NA,2020-01-02,390702101091101,109,0,c(-101.1551313, 39.116735),"2020",NA,-101.1551313,39.116735,39.2914009,"0-65"
"667","Logan",159.59,NA,2021-01-04,390702101091101,109,0,c(-101.1551313, 39.116735),"2021",NA,-101.1551313,39.116735,39.2914009,"0-65"
"668","Logan",159.27,NA,2022-01-03,390702101091101,109,0,c(-101.1551313, 39.116735),"2022",NA,-101.1551313,39.116735,39.2914009,"0-65"
"669","Logan",160.96,NA,2023-01-03,390702101091101,109,0,c(-101.1551313, 39.116735),"2023",NA,-101.1551313,39.116735,39.2914009,"0-65"
"670","Logan",158.7,NA,2024-01-02,390702101091101,109,0,c(-101.1551313, 39.116735),"2024",NA,-101.1551313,39.116735,39.2914009,"0-65"
"671","Logan",158.86,NA,2025-01-02,390702101091101,109,0,c(-101.1551313, 39.116735),"2025",NA,-101.1551313,39.116735,39.2914009,"0-65"
"672","Logan",159.14,NA,2026-01-02,390702101091101,109,0,c(-101.1551313, 39.116735),"2026",NA,-101.1551313,39.116735,39.2914009,"0-65"
"673","Logan",60.3,NA,1954-07-14,384442101284001,109,0,c(-101.4777655, 38.7444796),"1954",NA,-101.4777655,38.7444796,11.648942,"0-65"
"674","Logan",61.42,NA,1966-01-19,384442101284001,109,0,c(-101.4777655, 38.7444796),"1966",NA,-101.4777655,38.7444796,11.648942,"0-65"
"675","Logan",60.62,NA,1967-01-26,384442101284001,109,0,c(-101.4777655, 38.7444796),"1967",NA,-101.4777655,38.7444796,11.648942,"0-65"
"676","Logan",60.4,NA,1968-01-18,384442101284001,109,0,c(-101.4777655, 38.7444796),"1968",NA,-101.4777655,38.7444796,11.648942,"0-65"
"677","Logan",61.48,NA,1969-01-21,384442101284001,109,0,c(-101.4777655, 38.7444796),"1969",NA,-101.4777655,38.7444796,11.648942,"0-65"
"678","Logan",62.17,NA,1970-01-19,384442101284001,109,0,c(-101.4777655, 38.7444796),"1970",NA,-101.4777655,38.7444796,11.648942,"0-65"
"679","Logan",62.69,NA,1971-01-19,384442101284001,109,0,c(-101.4777655, 38.7444796),"1971",NA,-101.4777655,38.7444796,11.648942,"0-65"
"680","Logan",64.22,NA,1972-01-18,384442101284001,109,0,c(-101.4777655, 38.7444796),"1972",NA,-101.4777655,38.7444796,11.648942,"0-65"
"681","Logan",63.9,NA,1973-01-17,384442101284001,109,0,c(-101.4777655, 38.7444796),"1973",NA,-101.4777655,38.7444796,11.648942,"0-65"
"682","Logan",64.53,NA,1974-01-22,384442101284001,109,0,c(-101.4777655, 38.7444796),"1974",NA,-101.4777655,38.7444796,11.648942,"0-65"
"683","Logan",67,NA,1977-01-18,384442101284001,109,0,c(-101.4777655, 38.7444796),"1977",NA,-101.4777655,38.7444796,11.648942,"0-65"
"684","Logan",6,NA,1951-06-14,384827101265101,109,0,c(-101.4477038, 38.8073965),"1951","+1-10",-101.4477038,38.8073965,12.5000467,"0-65"
"685","Logan",6,NA,1952-01-24,384827101265101,109,0,c(-101.4477038, 38.8073965),"1952","+1-10",-101.4477038,38.8073965,12.5000467,"0-65"
"686","Logan",12.6,NA,1954-07-15,384827101265101,109,0,c(-101.4477038, 38.8073965),"1954",NA,-101.4477038,38.8073965,12.5000467,"0-65"
"687","Logan",12.68,NA,1966-01-19,384827101265101,109,0,c(-101.4477038, 38.8073965),"1966",NA,-101.4477038,38.8073965,12.5000467,"0-65"
"688","Logan",11.4,NA,1970-01-19,384827101265101,109,0,c(-101.4477038, 38.8073965),"1970",NA,-101.4477038,38.8073965,12.5000467,"0-65"
"689","Logan",165.01,"MCALLISTER SE",1979-09-09,390715101222201,109,0,c(-101.37154, 39.122886),"1979",NA,-101.37154,39.122886,10,"0-65"
"690","Logan",168.01,"MCALLISTER SE",1986-03-05,390715101222201,109,0,c(-101.37154, 39.122886),"1986",NA,-101.37154,39.122886,10,"0-65"
"691","Logan",169.42,"MCALLISTER SE",1986-06-16,390715101222201,109,0,c(-101.37154, 39.122886),"1986",NA,-101.37154,39.122886,10,"0-65"
"692","Logan",171.07,"MCALLISTER SE",1986-09-09,390715101222201,109,0,c(-101.37154, 39.122886),"1986",NA,-101.37154,39.122886,10,"0-65"
"693","Logan",169.64,"MCALLISTER SE",1987-03-04,390715101222201,109,0,c(-101.37154, 39.122886),"1987",NA,-101.37154,39.122886,10,"0-65"
"694","Logan",169.09,"MCALLISTER SE",1987-07-07,390715101222201,109,0,c(-101.37154, 39.122886),"1987",NA,-101.37154,39.122886,10,"0-65"
"695","Logan",169.1,"MCALLISTER SE",1987-09-02,390715101222201,109,0,c(-101.37154, 39.122886),"1987",NA,-101.37154,39.122886,10,"0-65"
"696","Logan",167.6,"MCALLISTER SE",1988-01-13,390715101222201,109,0,c(-101.37154, 39.122886),"1988",NA,-101.37154,39.122886,10,"0-65"
"697","Logan",172.93,"MCALLISTER SE",1988-03-10,390715101222201,109,0,c(-101.37154, 39.122886),"1988",NA,-101.37154,39.122886,10,"0-65"
"698","Logan",168.8,"MCALLISTER SE",1988-06-08,390715101222201,109,0,c(-101.37154, 39.122886),"1988",NA,-101.37154,39.122886,10,"0-65"
"699","Logan",169.53,"MCALLISTER SE",1989-01-07,390715101222201,109,0,c(-101.37154, 39.122886),"1989",NA,-101.37154,39.122886,10,"0-65"
"700","Logan",172.42,"MCALLISTER SE",1989-06-06,390715101222201,109,0,c(-101.37154, 39.122886),"1989",NA,-101.37154,39.122886,10,"0-65"
"701","Logan",173.25,"MCALLISTER SE",1989-09-19,390715101222201,109,0,c(-101.37154, 39.122886),"1989",NA,-101.37154,39.122886,10,"0-65"
"702","Logan",170.7,"MCALLISTER SE",1990-01-08,390715101222201,109,0,c(-101.37154, 39.122886),"1990",NA,-101.37154,39.122886,10,"0-65"
"703","Logan",173.5,"MCALLISTER SE",1990-03-12,390715101222201,109,0,c(-101.37154, 39.122886),"1990",NA,-101.37154,39.122886,10,"0-65"
"704","Logan",169.26,"MCALLISTER SE",1991-01-03,390715101222201,109,0,c(-101.37154, 39.122886),"1991",NA,-101.37154,39.122886,10,"0-65"
"705","Logan",162.96,"MCALLISTER SE",1991-03-20,390715101222201,109,0,c(-101.37154, 39.122886),"1991",NA,-101.37154,39.122886,10,"0-65"
"706","Logan",171,"MCALLISTER SE",1991-06-12,390715101222201,109,0,c(-101.37154, 39.122886),"1991",NA,-101.37154,39.122886,10,"0-65"
"707","Logan",172.64,"MCALLISTER SE",1991-09-05,390715101222201,109,0,c(-101.37154, 39.122886),"1991",NA,-101.37154,39.122886,10,"0-65"
"708","Logan",167.93,"MCALLISTER SE",1992-01-16,390715101222201,109,0,c(-101.37154, 39.122886),"1992",NA,-101.37154,39.122886,10,"0-65"
"709","Logan",172.26,"MCALLISTER SE",1992-03-17,390715101222201,109,0,c(-101.37154, 39.122886),"1992",NA,-101.37154,39.122886,10,"0-65"
"710","Logan",173.5,"MCALLISTER SE",1992-06-17,390715101222201,109,0,c(-101.37154, 39.122886),"1992",NA,-101.37154,39.122886,10,"0-65"
"711","Logan",174.27,"MCALLISTER SE",1992-09-11,390715101222201,109,0,c(-101.37154, 39.122886),"1992",NA,-101.37154,39.122886,10,"0-65"
"712","Logan",167.74,"MCALLISTER SE",1993-01-26,390715101222201,109,0,c(-101.37154, 39.122886),"1993",NA,-101.37154,39.122886,10,"0-65"
"713","Logan",174.46,"MCALLISTER SE",1993-04-21,390715101222201,109,0,c(-101.37154, 39.122886),"1993",NA,-101.37154,39.122886,10,"0-65"
"714","Logan",174.35,"MCALLISTER SE",1993-06-10,390715101222201,109,0,c(-101.37154, 39.122886),"1993",NA,-101.37154,39.122886,10,"0-65"
"715","Logan",174.37,"MCALLISTER SE",1993-09-09,390715101222201,109,0,c(-101.37154, 39.122886),"1993",NA,-101.37154,39.122886,10,"0-65"
"716","Logan",175.14,"MCALLISTER SE",1994-09-12,390715101222201,109,0,c(-101.37154, 39.122886),"1994",NA,-101.37154,39.122886,10,"0-65"
"717","Logan",168.32,"MCALLISTER SE",1994-12-27,390715101222201,109,0,c(-101.37154, 39.122886),"1994",NA,-101.37154,39.122886,10,"0-65"
"718","Logan",172.63,"MCALLISTER SE",1995-03-13,390715101222201,109,0,c(-101.37154, 39.122886),"1995",NA,-101.37154,39.122886,10,"0-65"
"719","Logan",175.4,"MCALLISTER SE",1995-09-06,390715101222201,109,0,c(-101.37154, 39.122886),"1995",NA,-101.37154,39.122886,10,"0-65"
"720","Logan",170.47,"MCALLISTER SE",1996-01-04,390715101222201,109,0,c(-101.37154, 39.122886),"1996",NA,-101.37154,39.122886,10,"0-65"
"721","Logan",175.77,"MCALLISTER SE",1996-03-11,390715101222201,109,0,c(-101.37154, 39.122886),"1996",NA,-101.37154,39.122886,10,"0-65"
"722","Logan",175.47,"MCALLISTER SE",1996-09-04,390715101222201,109,0,c(-101.37154, 39.122886),"1996",NA,-101.37154,39.122886,10,"0-65"
"723","Logan",173.28,"MCALLISTER SE",1997-01-03,390715101222201,109,0,c(-101.37154, 39.122886),"1997",NA,-101.37154,39.122886,10,"0-65"
"724","Logan",173.04,"MCALLISTER SE",1998-01-06,390715101222201,109,0,c(-101.37154, 39.122886),"1998",NA,-101.37154,39.122886,10,"0-65"
"725","Logan",171.73,"MCALLISTER SE",1999-01-11,390715101222201,109,0,c(-101.37154, 39.122886),"1999",NA,-101.37154,39.122886,10,"0-65"
"726","Logan",169.52,"MCALLISTER SE",2000-01-07,390715101222201,109,0,c(-101.37154, 39.122886),"2000",NA,-101.37154,39.122886,10,"0-65"
"727","Logan",170.27,"MCALLISTER SE",2001-01-10,390715101222201,109,0,c(-101.37154, 39.122886),"2001",NA,-101.37154,39.122886,10,"0-65"
"728","Logan",170.73,"MCALLISTER SE",2002-01-10,390715101222201,109,0,c(-101.37154, 39.122886),"2002",NA,-101.37154,39.122886,10,"0-65"
"729","Logan",170.92,"MCALLISTER SE",2003-01-09,390715101222201,109,0,c(-101.37154, 39.122886),"2003",NA,-101.37154,39.122886,10,"0-65"
"730","Logan",173.97,"MCALLISTER SE",2004-01-09,390715101222201,109,0,c(-101.37154, 39.122886),"2004",NA,-101.37154,39.122886,10,"0-65"
"731","Logan",173.52,"MCALLISTER SE",2005-01-08,390715101222201,109,0,c(-101.37154, 39.122886),"2005",NA,-101.37154,39.122886,10,"0-65"
"732","Logan",118.98,"Monument",1959-04-14,390537101060901,109,0,c(-101.104332, 39.091238),"1959",NA,-101.104332,39.091238,50.110199,"0-65"
"733","Logan",118.96,"Monument",1959-07-14,390537101060901,109,0,c(-101.104332, 39.091238),"1959",NA,-101.104332,39.091238,50.110199,"0-65"
"734","Logan",118.9,"Monument",1959-10-12,390537101060901,109,0,c(-101.104332, 39.091238),"1959",NA,-101.104332,39.091238,50.110199,"0-65"
"735","Logan",119.55,"Monument",1960-01-12,390537101060901,109,0,c(-101.104332, 39.091238),"1960",NA,-101.104332,39.091238,50.110199,"0-65"
"736","Logan",118.95,"Monument",1960-04-11,390537101060901,109,0,c(-101.104332, 39.091238),"1960",NA,-101.104332,39.091238,50.110199,"0-65"
"737","Logan",118.72,"Monument",1961-03-16,390537101060901,109,0,c(-101.104332, 39.091238),"1961",NA,-101.104332,39.091238,50.110199,"0-65"
"738","Logan",119.02,"Monument",1961-04-12,390537101060901,109,0,c(-101.104332, 39.091238),"1961",NA,-101.104332,39.091238,50.110199,"0-65"
"739","Logan",120.98,"Monument",1961-07-13,390537101060901,109,0,c(-101.104332, 39.091238),"1961",NA,-101.104332,39.091238,50.110199,"0-65"
"740","Logan",118.64,"Monument",1961-07-26,390537101060901,109,0,c(-101.104332, 39.091238),"1961",NA,-101.104332,39.091238,50.110199,"0-65"
"741","Logan",118.66,"Monument",1961-10-18,390537101060901,109,0,c(-101.104332, 39.091238),"1961",NA,-101.104332,39.091238,50.110199,"0-65"
"742","Logan",118.6,"Monument",1962-01-16,390537101060901,109,0,c(-101.104332, 39.091238),"1962",NA,-101.104332,39.091238,50.110199,"0-65"
"743","Logan",118.65,"Monument",1962-04-12,390537101060901,109,0,c(-101.104332, 39.091238),"1962",NA,-101.104332,39.091238,50.110199,"0-65"
"744","Logan",118.52,"Monument",1962-07-18,390537101060901,109,0,c(-101.104332, 39.091238),"1962",NA,-101.104332,39.091238,50.110199,"0-65"
"745","Logan",118.4,"Monument",1962-10-09,390537101060901,109,0,c(-101.104332, 39.091238),"1962",NA,-101.104332,39.091238,50.110199,"0-65"
"746","Logan",118.55,"Monument",1963-01-14,390537101060901,109,0,c(-101.104332, 39.091238),"1963",NA,-101.104332,39.091238,50.110199,"0-65"
"747","Logan",118.61,"Monument",1963-04-09,390537101060901,109,0,c(-101.104332, 39.091238),"1963",NA,-101.104332,39.091238,50.110199,"0-65"
"748","Logan",118.43,"Monument",1963-07-08,390537101060901,109,0,c(-101.104332, 39.091238),"1963",NA,-101.104332,39.091238,50.110199,"0-65"
"749","Logan",118.42,"Monument",1963-10-16,390537101060901,109,0,c(-101.104332, 39.091238),"1963",NA,-101.104332,39.091238,50.110199,"0-65"
"750","Logan",118.48,"Monument",1963-12-19,390537101060901,109,0,c(-101.104332, 39.091238),"1963",NA,-101.104332,39.091238,50.110199,"0-65"
"751","Logan",118.7,"Monument",1964-03-16,390537101060901,109,0,c(-101.104332, 39.091238),"1964",NA,-101.104332,39.091238,50.110199,"0-65"
"752","Logan",118.79,"Monument",1964-06-15,390537101060901,109,0,c(-101.104332, 39.091238),"1964",NA,-101.104332,39.091238,50.110199,"0-65"
"753","Logan",118.67,"Monument",1964-09-16,390537101060901,109,0,c(-101.104332, 39.091238),"1964",NA,-101.104332,39.091238,50.110199,"0-65"
"754","Logan",118.4,"Monument",1964-12-15,390537101060901,109,0,c(-101.104332, 39.091238),"1964",NA,-101.104332,39.091238,50.110199,"0-65"
"755","Logan",118.64,"Monument",1965-03-09,390537101060901,109,0,c(-101.104332, 39.091238),"1965",NA,-101.104332,39.091238,50.110199,"0-65"
"756","Logan",118.67,"Monument",1965-06-08,390537101060901,109,0,c(-101.104332, 39.091238),"1965",NA,-101.104332,39.091238,50.110199,"0-65"
"757","Logan",118.57,"Monument",1965-09-08,390537101060901,109,0,c(-101.104332, 39.091238),"1965",NA,-101.104332,39.091238,50.110199,"0-65"
"758","Logan",118.72,"Monument",1965-12-06,390537101060901,109,0,c(-101.104332, 39.091238),"1965",NA,-101.104332,39.091238,50.110199,"0-65"
"759","Logan",118.47,"Monument",1966-03-07,390537101060901,109,0,c(-101.104332, 39.091238),"1966",NA,-101.104332,39.091238,50.110199,"0-65"
"760","Logan",118.5,"Monument",1966-06-15,390537101060901,109,0,c(-101.104332, 39.091238),"1966",NA,-101.104332,39.091238,50.110199,"0-65"
"761","Logan",118.19,"Monument",1966-09-08,390537101060901,109,0,c(-101.104332, 39.091238),"1966",NA,-101.104332,39.091238,50.110199,"0-65"
"762","Logan",118.31,"Monument",1966-12-12,390537101060901,109,0,c(-101.104332, 39.091238),"1966",NA,-101.104332,39.091238,50.110199,"0-65"
"763","Logan",118.29,"Monument",1967-03-13,390537101060901,109,0,c(-101.104332, 39.091238),"1967",NA,-101.104332,39.091238,50.110199,"0-65"
"764","Logan",118.12,"Monument",1967-06-07,390537101060901,109,0,c(-101.104332, 39.091238),"1967",NA,-101.104332,39.091238,50.110199,"0-65"
"765","Logan",118.2,"Monument",1967-09-13,390537101060901,109,0,c(-101.104332, 39.091238),"1967",NA,-101.104332,39.091238,50.110199,"0-65"
"766","Logan",118.74,"Monument",1967-12-12,390537101060901,109,0,c(-101.104332, 39.091238),"1967",NA,-101.104332,39.091238,50.110199,"0-65"
"767","Logan",118.23,"Monument",1968-03-19,390537101060901,109,0,c(-101.104332, 39.091238),"1968",NA,-101.104332,39.091238,50.110199,"0-65"
"768","Logan",118.84,"Monument",1968-06-13,390537101060901,109,0,c(-101.104332, 39.091238),"1968",NA,-101.104332,39.091238,50.110199,"0-65"
"769","Logan",120.45,"Monument",1968-09-18,390537101060901,109,0,c(-101.104332, 39.091238),"1968",NA,-101.104332,39.091238,50.110199,"0-65"
"770","Logan",118.8,"Monument",1968-12-30,390537101060901,109,0,c(-101.104332, 39.091238),"1968",NA,-101.104332,39.091238,50.110199,"0-65"
"771","Logan",120.43,"Monument",1969-03-17,390537101060901,109,0,c(-101.104332, 39.091238),"1969",NA,-101.104332,39.091238,50.110199,"0-65"
"772","Logan",118.18,"Monument",1969-06-04,390537101060901,109,0,c(-101.104332, 39.091238),"1969",NA,-101.104332,39.091238,50.110199,"0-65"
"773","Logan",119.22,"Monument",1969-09-16,390537101060901,109,0,c(-101.104332, 39.091238),"1969",NA,-101.104332,39.091238,50.110199,"0-65"
"774","Logan",119.83,"Monument",1969-12-10,390537101060901,109,0,c(-101.104332, 39.091238),"1969",NA,-101.104332,39.091238,50.110199,"0-65"
"775","Logan",118.26,"Monument",1970-03-06,390537101060901,109,0,c(-101.104332, 39.091238),"1970",NA,-101.104332,39.091238,50.110199,"0-65"
"776","Logan",118.34,"Monument",1970-06-17,390537101060901,109,0,c(-101.104332, 39.091238),"1970",NA,-101.104332,39.091238,50.110199,"0-65"
"777","Logan",118.04,"Monument",1970-09-01,390537101060901,109,0,c(-101.104332, 39.091238),"1970",NA,-101.104332,39.091238,50.110199,"0-65"
"778","Logan",118.2,"Monument",1970-12-09,390537101060901,109,0,c(-101.104332, 39.091238),"1970",NA,-101.104332,39.091238,50.110199,"0-65"
"779","Logan",118.07,"Monument",1971-01-19,390537101060901,109,0,c(-101.104332, 39.091238),"1971",NA,-101.104332,39.091238,50.110199,"0-65"
"780","Logan",118.19,"Monument",1971-03-10,390537101060901,109,0,c(-101.104332, 39.091238),"1971",NA,-101.104332,39.091238,50.110199,"0-65"
"781","Logan",118.15,"Monument",1971-06-09,390537101060901,109,0,c(-101.104332, 39.091238),"1971",NA,-101.104332,39.091238,50.110199,"0-65"
"782","Logan",118.27,"Monument",1971-09-10,390537101060901,109,0,c(-101.104332, 39.091238),"1971",NA,-101.104332,39.091238,50.110199,"0-65"
"783","Logan",118.39,"Monument",1971-12-08,390537101060901,109,0,c(-101.104332, 39.091238),"1971",NA,-101.104332,39.091238,50.110199,"0-65"
"784","Logan",118.32,"Monument",1972-03-08,390537101060901,109,0,c(-101.104332, 39.091238),"1972",NA,-101.104332,39.091238,50.110199,"0-65"
"785","Logan",118.34,"Monument",1972-06-07,390537101060901,109,0,c(-101.104332, 39.091238),"1972",NA,-101.104332,39.091238,50.110199,"0-65"
"786","Logan",119.14,"Monument",1972-09-12,390537101060901,109,0,c(-101.104332, 39.091238),"1972",NA,-101.104332,39.091238,50.110199,"0-65"
"787","Logan",118.6,"Monument",1973-01-15,390537101060901,109,0,c(-101.104332, 39.091238),"1973",NA,-101.104332,39.091238,50.110199,"0-65"
"788","Logan",120.1,"Monument",1973-03-20,390537101060901,109,0,c(-101.104332, 39.091238),"1973",NA,-101.104332,39.091238,50.110199,"0-65"
"789","Logan",120.14,"Monument",1973-06-07,390537101060901,109,0,c(-101.104332, 39.091238),"1973",NA,-101.104332,39.091238,50.110199,"0-65"
"790","Logan",120.28,"Monument",1973-09-12,390537101060901,109,0,c(-101.104332, 39.091238),"1973",NA,-101.104332,39.091238,50.110199,"0-65"
"791","Logan",120.37,"Monument",1973-12-05,390537101060901,109,0,c(-101.104332, 39.091238),"1973",NA,-101.104332,39.091238,50.110199,"0-65"
"792","Logan",119.54,"Monument",1974-01-14,390537101060901,109,0,c(-101.104332, 39.091238),"1974",NA,-101.104332,39.091238,50.110199,"0-65"
"793","Logan",119.32,"Monument",1974-03-06,390537101060901,109,0,c(-101.104332, 39.091238),"1974",NA,-101.104332,39.091238,50.110199,"0-65"
"794","Logan",118.5,"Monument",1974-06-11,390537101060901,109,0,c(-101.104332, 39.091238),"1974",NA,-101.104332,39.091238,50.110199,"0-65"
"795","Logan",119.47,"Monument",1974-09-11,390537101060901,109,0,c(-101.104332, 39.091238),"1974",NA,-101.104332,39.091238,50.110199,"0-65"
"796","Logan",122.59,"Monument",1974-12-05,390537101060901,109,0,c(-101.104332, 39.091238),"1974",NA,-101.104332,39.091238,50.110199,"0-65"
"797","Logan",118.8,"Monument",1975-01-07,390537101060901,109,0,c(-101.104332, 39.091238),"1975",NA,-101.104332,39.091238,50.110199,"0-65"
"798","Logan",123,"Monument",1977-01-06,390537101060901,109,0,c(-101.104332, 39.091238),"1977",NA,-101.104332,39.091238,50.110199,"0-65"
"799","Logan",119.15,"Monument",1978-01-13,390537101060901,109,0,c(-101.104332, 39.091238),"1978",NA,-101.104332,39.091238,50.110199,"0-65"
"800","Logan",119.36,"Monument",1979-01-06,390537101060901,109,0,c(-101.104332, 39.091238),"1979",NA,-101.104332,39.091238,50.110199,"0-65"
"801","Logan",121.12,"Monument",1980-01-07,390537101060901,109,0,c(-101.104332, 39.091238),"1980",NA,-101.104332,39.091238,50.110199,"0-65"
"802","Logan",119.8,"Monument",1982-01-07,390537101060901,109,0,c(-101.104332, 39.091238),"1982",NA,-101.104332,39.091238,50.110199,"0-65"
"803","Logan",119.74,"Monument",1983-01-28,390537101060901,109,0,c(-101.104332, 39.091238),"1983",NA,-101.104332,39.091238,50.110199,"0-65"
"804","Logan",120.08,"Monument",1984-01-09,390537101060901,109,0,c(-101.104332, 39.091238),"1984",NA,-101.104332,39.091238,50.110199,"0-65"
"805","Logan",121.8,"Monument",1985-01-07,390537101060901,109,0,c(-101.104332, 39.091238),"1985",NA,-101.104332,39.091238,50.110199,"0-65"
"806","Logan",121.13,"Monument",1986-01-08,390537101060901,109,0,c(-101.104332, 39.091238),"1986",NA,-101.104332,39.091238,50.110199,"0-65"
"807","Logan",120.23,"Monument",1987-01-08,390537101060901,109,0,c(-101.104332, 39.091238),"1987",NA,-101.104332,39.091238,50.110199,"0-65"
"808","Logan",120.2,"Monument",1988-01-14,390537101060901,109,0,c(-101.104332, 39.091238),"1988",NA,-101.104332,39.091238,50.110199,"0-65"
"809","Logan",120.54,"Monument",1989-01-03,390537101060901,109,0,c(-101.104332, 39.091238),"1989",NA,-101.104332,39.091238,50.110199,"0-65"
"810","Logan",120.1,"Monument",1990-01-08,390537101060901,109,0,c(-101.104332, 39.091238),"1990",NA,-101.104332,39.091238,50.110199,"0-65"
"811","Logan",120.23,"Monument",1991-01-03,390537101060901,109,0,c(-101.104332, 39.091238),"1991",NA,-101.104332,39.091238,50.110199,"0-65"
"812","Logan",120.87,"Monument",1992-01-16,390537101060901,109,0,c(-101.104332, 39.091238),"1992",NA,-101.104332,39.091238,50.110199,"0-65"
"813","Logan",120.98,"Monument",1993-03-22,390537101060901,109,0,c(-101.104332, 39.091238),"1993",NA,-101.104332,39.091238,50.110199,"0-65"
"814","Logan",120.76,"Monument",1994-01-05,390537101060901,109,0,c(-101.104332, 39.091238),"1994",NA,-101.104332,39.091238,50.110199,"0-65"
"815","Logan",120.4,"Monument",1994-12-27,390537101060901,109,0,c(-101.104332, 39.091238),"1994",NA,-101.104332,39.091238,50.110199,"0-65"
"816","Logan",123.84,"Monument",1996-01-04,390537101060901,109,0,c(-101.104332, 39.091238),"1996",NA,-101.104332,39.091238,50.110199,"0-65"
"817","Logan",119.82,"Monument",1997-01-03,390537101060901,109,0,c(-101.104332, 39.091238),"1997",NA,-101.104332,39.091238,50.110199,"0-65"
"818","Logan",121.67,"Monument",1998-01-06,390537101060901,109,0,c(-101.104332, 39.091238),"1998",NA,-101.104332,39.091238,50.110199,"0-65"
"819","Logan",122.12,"Monument",1999-01-11,390537101060901,109,0,c(-101.104332, 39.091238),"1999",NA,-101.104332,39.091238,50.110199,"0-65"
"820","Logan",119.24,"Monument",2000-01-07,390537101060901,109,0,c(-101.104332, 39.091238),"2000",NA,-101.104332,39.091238,50.110199,"0-65"
"821","Logan",119.52,"Monument",2001-01-10,390537101060901,109,0,c(-101.104332, 39.091238),"2001",NA,-101.104332,39.091238,50.110199,"0-65"
"822","Logan",120.9,"Monument",2002-01-11,390537101060901,109,0,c(-101.104332, 39.091238),"2002",NA,-101.104332,39.091238,50.110199,"0-65"
"823","Logan",119.42,"Monument",2003-01-09,390537101060901,109,0,c(-101.104332, 39.091238),"2003",NA,-101.104332,39.091238,50.110199,"0-65"
"824","Logan",118.6,"Monument",2004-01-09,390537101060901,109,0,c(-101.104332, 39.091238),"2004",NA,-101.104332,39.091238,50.110199,"0-65"
"825","Logan",118.3,"Monument",2005-01-08,390537101060901,109,0,c(-101.104332, 39.091238),"2005",NA,-101.104332,39.091238,50.110199,"0-65"
"826","Logan",118.74,"Monument",2006-01-11,390537101060901,109,0,c(-101.104332, 39.091238),"2006",NA,-101.104332,39.091238,50.110199,"0-65"
"827","Logan",118.28,"Monument",2007-02-25,390537101060901,109,0,c(-101.104332, 39.091238),"2007",NA,-101.104332,39.091238,50.110199,"0-65"
"828","Logan",118.04,"Monument",2008-01-03,390537101060901,109,0,c(-101.104332, 39.091238),"2008",NA,-101.104332,39.091238,50.110199,"0-65"
"829","Logan",118.05,"Monument",2008-01-03,390537101060901,109,0,c(-101.104332, 39.091238),"2008",NA,-101.104332,39.091238,50.110199,"0-65"
"830","Logan",118.08,"Monument",2009-01-04,390537101060901,109,0,c(-101.104332, 39.091238),"2009",NA,-101.104332,39.091238,50.110199,"0-65"
"831","Logan",119.17,"Monument",2010-01-02,390537101060901,109,0,c(-101.104332, 39.091238),"2010",NA,-101.104332,39.091238,50.110199,"0-65"
"832","Logan",117.92,"Monument",2011-01-03,390537101060901,109,0,c(-101.104332, 39.091238),"2011",NA,-101.104332,39.091238,50.110199,"0-65"
"833","Logan",117.53,"Monument",2012-01-03,390537101060901,109,0,c(-101.104332, 39.091238),"2012",NA,-101.104332,39.091238,50.110199,"0-65"
"834","Logan",117.43,"Monument",2013-01-02,390537101060901,109,0,c(-101.104332, 39.091238),"2013",NA,-101.104332,39.091238,50.110199,"0-65"
"835","Logan",117.21,"Monument",2014-01-02,390537101060901,109,0,c(-101.104332, 39.091238),"2014",NA,-101.104332,39.091238,50.110199,"0-65"
"836","Logan",116.9,"Monument",2015-01-02,390537101060901,109,0,c(-101.104332, 39.091238),"2015",NA,-101.104332,39.091238,50.110199,"0-65"
"837","Logan",117.14,"Monument",2016-01-02,390537101060901,109,0,c(-101.104332, 39.091238),"2016",NA,-101.104332,39.091238,50.110199,"0-65"
"838","Logan",117.1,"Monument",2017-01-03,390537101060901,109,0,c(-101.104332, 39.091238),"2017",NA,-101.104332,39.091238,50.110199,"0-65"
"839","Logan",116.73,"Monument",2018-01-02,390537101060901,109,0,c(-101.104332, 39.091238),"2018",NA,-101.104332,39.091238,50.110199,"0-65"
"840","Logan",116.6,"Monument",2019-01-02,390537101060901,109,0,c(-101.104332, 39.091238),"2019",NA,-101.104332,39.091238,50.110199,"0-65"
"841","Logan",116.49,"Monument",2020-01-02,390537101060901,109,0,c(-101.104332, 39.091238),"2020",NA,-101.104332,39.091238,50.110199,"0-65"
"842","Logan",116.25,"Monument",2021-01-04,390537101060901,109,0,c(-101.104332, 39.091238),"2021",NA,-101.104332,39.091238,50.110199,"0-65"
"843","Logan",115.76,"Monument",2022-01-03,390537101060901,109,0,c(-101.104332, 39.091238),"2022",NA,-101.104332,39.091238,50.110199,"0-65"
"844","Logan",115.56,"Monument",2023-01-03,390537101060901,109,0,c(-101.104332, 39.091238),"2023",NA,-101.104332,39.091238,50.110199,"0-65"
"845","Logan",115.39,"Monument",2024-01-02,390537101060901,109,0,c(-101.104332, 39.091238),"2024",NA,-101.104332,39.091238,50.110199,"0-65"
"846","Logan",115.36,"Monument",2025-01-02,390537101060901,109,0,c(-101.104332, 39.091238),"2025",NA,-101.104332,39.091238,50.110199,"0-65"
"847","Logan",117.88,"Monument",2026-01-02,390537101060901,109,0,c(-101.104332, 39.091238),"2026",NA,-101.104332,39.091238,50.110199,"0-65"
"848","Logan",34.8,NA,1971-11-01,384344101265101,109,0,c(-101.4478518, 38.7283137),"1971",NA,-101.4478518,38.7283137,8.5951538,"0-65"
"849","Logan",34.82,NA,1971-11-15,384344101265101,109,0,c(-101.4478518, 38.7283137),"1971",NA,-101.4478518,38.7283137,8.5951538,"0-65"
"850","Logan",35.6,NA,1971-11-29,384344101265101,109,0,c(-101.4478518, 38.7283137),"1971",NA,-101.4478518,38.7283137,8.5951538,"0-65"
"851","Logan",34.27,NA,1974-01-22,384344101265101,109,0,c(-101.4478518, 38.7283137),"1974",NA,-101.4478518,38.7283137,8.5951538,"0-65"
"852","Logan",35.43,NA,1976-01-20,384344101265101,109,0,c(-101.4478518, 38.7283137),"1976",NA,-101.4478518,38.7283137,8.5951538,"0-65"
"853","Logan",35.37,NA,1977-01-18,384344101265101,109,0,c(-101.4478518, 38.7283137),"1977",NA,-101.4478518,38.7283137,8.5951538,"0-65"
"854","Logan",34.75,NA,1978-02-06,384344101265101,109,0,c(-101.4478518, 38.7283137),"1978",NA,-101.4478518,38.7283137,8.5951538,"0-65"
"855","Logan",34.22,NA,1981-01-19,384344101265101,109,0,c(-101.4478518, 38.7283137),"1981",NA,-101.4478518,38.7283137,8.5951538,"0-65"
"856","Logan",35.6,NA,1982-01-19,384344101265101,109,0,c(-101.4478518, 38.7283137),"1982",NA,-101.4478518,38.7283137,8.5951538,"0-65"
"857","Logan",34.5,NA,1983-01-18,384344101265101,109,0,c(-101.4478518, 38.7283137),"1983",NA,-101.4478518,38.7283137,8.5951538,"0-65"
"858","Logan",32.78,NA,1984-01-10,384344101265101,109,0,c(-101.4478518, 38.7283137),"1984",NA,-101.4478518,38.7283137,8.5951538,"0-65"
"859","Logan",32.08,NA,1985-01-07,384344101265101,109,0,c(-101.4478518, 38.7283137),"1985",NA,-101.4478518,38.7283137,8.5951538,"0-65"
"860","Logan",32.9,NA,1986-01-06,384344101265101,109,0,c(-101.4478518, 38.7283137),"1986",NA,-101.4478518,38.7283137,8.5951538,"0-65"
"861","Logan",33.75,NA,1987-01-05,384344101265101,109,0,c(-101.4478518, 38.7283137),"1987",NA,-101.4478518,38.7283137,8.5951538,"0-65"
"862","Logan",33.42,NA,1988-01-04,384344101265101,109,0,c(-101.4478518, 38.7283137),"1988",NA,-101.4478518,38.7283137,8.5951538,"0-65"
"863","Logan",33.5,NA,1989-01-09,384344101265101,109,0,c(-101.4478518, 38.7283137),"1989",NA,-101.4478518,38.7283137,8.5951538,"0-65"
"864","Logan",33.67,NA,1990-01-08,384344101265101,109,0,c(-101.4478518, 38.7283137),"1990",NA,-101.4478518,38.7283137,8.5951538,"0-65"
"865","Logan",33.68,NA,1991-01-07,384344101265101,109,0,c(-101.4478518, 38.7283137),"1991",NA,-101.4478518,38.7283137,8.5951538,"0-65"
"866","Logan",34.47,NA,1993-02-02,384344101265101,109,0,c(-101.4478518, 38.7283137),"1993",NA,-101.4478518,38.7283137,8.5951538,"0-65"
"867","Logan",40.2,NA,1956-08-01,385406100511001,109,0,c(-100.8538506, 38.9011247),"1956",NA,-100.8538506,38.9011247,NA,NA
"868","Logan",40.17,NA,1956-08-02,385406100511001,109,0,c(-100.8538506, 38.9011247),"1956",NA,-100.8538506,38.9011247,NA,NA
"869","Logan",41.14,NA,1957-01-09,385406100511001,109,0,c(-100.8538506, 38.9011247),"1957",NA,-100.8538506,38.9011247,NA,NA
"870","Logan",40.87,NA,1957-04-24,385406100511001,109,0,c(-100.8538506, 38.9011247),"1957",NA,-100.8538506,38.9011247,NA,NA
"871","Logan",40.9,NA,1957-07-10,385406100511001,109,0,c(-100.8538506, 38.9011247),"1957",NA,-100.8538506,38.9011247,NA,NA
"872","Logan",40.73,NA,1957-10-15,385406100511001,109,0,c(-100.8538506, 38.9011247),"1957",NA,-100.8538506,38.9011247,NA,NA
"873","Logan",40.7,NA,1958-01-07,385406100511001,109,0,c(-100.8538506, 38.9011247),"1958",NA,-100.8538506,38.9011247,NA,NA
"874","Logan",40.66,NA,1958-04-15,385406100511001,109,0,c(-100.8538506, 38.9011247),"1958",NA,-100.8538506,38.9011247,NA,NA
"875","Logan",40.64,NA,1958-07-15,385406100511001,109,0,c(-100.8538506, 38.9011247),"1958",NA,-100.8538506,38.9011247,NA,NA
"876","Logan",40.57,NA,1958-10-24,385406100511001,109,0,c(-100.8538506, 38.9011247),"1958",NA,-100.8538506,38.9011247,NA,NA
"877","Logan",40.49,NA,1959-01-15,385406100511001,109,0,c(-100.8538506, 38.9011247),"1959",NA,-100.8538506,38.9011247,NA,NA
"878","Logan",40.45,NA,1959-04-13,385406100511001,109,0,c(-100.8538506, 38.9011247),"1959",NA,-100.8538506,38.9011247,NA,NA
"879","Logan",40.42,NA,1959-07-13,385406100511001,109,0,c(-100.8538506, 38.9011247),"1959",NA,-100.8538506,38.9011247,NA,NA
"880","Logan",40.36,NA,1959-10-12,385406100511001,109,0,c(-100.8538506, 38.9011247),"1959",NA,-100.8538506,38.9011247,NA,NA
"881","Logan",40.33,NA,1960-01-12,385406100511001,109,0,c(-100.8538506, 38.9011247),"1960",NA,-100.8538506,38.9011247,NA,NA
"882","Logan",40.21,NA,1960-04-11,385406100511001,109,0,c(-100.8538506, 38.9011247),"1960",NA,-100.8538506,38.9011247,NA,NA
"883","Logan",40.23,NA,1960-07-14,385406100511001,109,0,c(-100.8538506, 38.9011247),"1960",NA,-100.8538506,38.9011247,NA,NA
"884","Logan",40.11,NA,1960-10-12,385406100511001,109,0,c(-100.8538506, 38.9011247),"1960",NA,-100.8538506,38.9011247,NA,NA
"885","Logan",39.96,NA,1961-01-17,385406100511001,109,0,c(-100.8538506, 38.9011247),"1961",NA,-100.8538506,38.9011247,NA,NA
"886","Logan",39.78,NA,1961-04-19,385406100511001,109,0,c(-100.8538506, 38.9011247),"1961",NA,-100.8538506,38.9011247,NA,NA
"887","Logan",39.77,NA,1961-07-13,385406100511001,109,0,c(-100.8538506, 38.9011247),"1961",NA,-100.8538506,38.9011247,NA,NA
"888","Logan",39.67,NA,1961-10-18,385406100511001,109,0,c(-100.8538506, 38.9011247),"1961",NA,-100.8538506,38.9011247,NA,NA
"889","Logan",39.59,NA,1962-01-17,385406100511001,109,0,c(-100.8538506, 38.9011247),"1962",NA,-100.8538506,38.9011247,NA,NA
"890","Logan",39.52,NA,1962-04-12,385406100511001,109,0,c(-100.8538506, 38.9011247),"1962",NA,-100.8538506,38.9011247,NA,NA
"891","Logan",39.42,NA,1962-07-18,385406100511001,109,0,c(-100.8538506, 38.9011247),"1962",NA,-100.8538506,38.9011247,NA,NA
"892","Logan",39.36,NA,1962-10-09,385406100511001,109,0,c(-100.8538506, 38.9011247),"1962",NA,-100.8538506,38.9011247,NA,NA
"893","Logan",39.33,NA,1963-01-14,385406100511001,109,0,c(-100.8538506, 38.9011247),"1963",NA,-100.8538506,38.9011247,NA,NA
"894","Logan",39.35,NA,1963-04-09,385406100511001,109,0,c(-100.8538506, 38.9011247),"1963",NA,-100.8538506,38.9011247,NA,NA
"895","Logan",39.3,NA,1963-07-08,385406100511001,109,0,c(-100.8538506, 38.9011247),"1963",NA,-100.8538506,38.9011247,NA,NA
"896","Logan",39.26,NA,1963-10-16,385406100511001,109,0,c(-100.8538506, 38.9011247),"1963",NA,-100.8538506,38.9011247,NA,NA
"897","Logan",39.26,NA,1963-12-19,385406100511001,109,0,c(-100.8538506, 38.9011247),"1963",NA,-100.8538506,38.9011247,NA,NA
"898","Logan",39.23,NA,1964-12-15,385406100511001,109,0,c(-100.8538506, 38.9011247),"1964",NA,-100.8538506,38.9011247,NA,NA
"899","Logan",39.21,NA,1965-12-06,385406100511001,109,0,c(-100.8538506, 38.9011247),"1965",NA,-100.8538506,38.9011247,NA,NA
"900","Logan",39.03,NA,1966-12-12,385406100511001,109,0,c(-100.8538506, 38.9011247),"1966",NA,-100.8538506,38.9011247,NA,NA
"901","Logan",39.03,NA,1967-12-12,385406100511001,109,0,c(-100.8538506, 38.9011247),"1967",NA,-100.8538506,38.9011247,NA,NA
"902","Logan",135.5,NA,1965-12-01,390741101205902,109,0,c(-101.3505949, 39.1294369),"1965",NA,-101.3505949,39.1294369,10,"0-65"
"903","Logan",137.06,NA,1966-05-01,390741101205902,109,0,c(-101.3505949, 39.1294369),"1966",NA,-101.3505949,39.1294369,10,"0-65"
"904","Logan",138.6,NA,1966-07-01,390741101205902,109,0,c(-101.3505949, 39.1294369),"1966",NA,-101.3505949,39.1294369,10,"0-65"
"905","Logan",148.87,NA,1966-09-01,390741101205902,109,0,c(-101.3505949, 39.1294369),"1966",NA,-101.3505949,39.1294369,10,"0-65"
"906","Logan",140.7,NA,1967-03-01,390741101205902,109,0,c(-101.3505949, 39.1294369),"1967",NA,-101.3505949,39.1294369,10,"0-65"
"907","Logan",141.67,NA,1967-09-01,390741101205902,109,0,c(-101.3505949, 39.1294369),"1967",NA,-101.3505949,39.1294369,10,"0-65"
"908","Logan",140.65,NA,1968-01-01,390741101205902,109,0,c(-101.3505949, 39.1294369),"1968",NA,-101.3505949,39.1294369,10,"0-65"
"909","Logan",143.33,NA,1968-05-01,390741101205902,109,0,c(-101.3505949, 39.1294369),"1968",NA,-101.3505949,39.1294369,10,"0-65"
"910","Logan",143,NA,1968-06-13,390741101205902,109,0,c(-101.3505949, 39.1294369),"1968",NA,-101.3505949,39.1294369,10,"0-65"
"911","Logan",145.08,NA,1968-09-18,390741101205902,109,0,c(-101.3505949, 39.1294369),"1968",NA,-101.3505949,39.1294369,10,"0-65"
"912","Logan",145.48,NA,1968-12-31,390741101205902,109,0,c(-101.3505949, 39.1294369),"1968",NA,-101.3505949,39.1294369,10,"0-65"
"913","Logan",143.24,NA,1969-03-17,390741101205902,109,0,c(-101.3505949, 39.1294369),"1969",NA,-101.3505949,39.1294369,10,"0-65"
"914","Logan",143.4,NA,1969-06-04,390741101205902,109,0,c(-101.3505949, 39.1294369),"1969",NA,-101.3505949,39.1294369,10,"0-65"
"915","Logan",148.2,NA,1969-09-16,390741101205902,109,0,c(-101.3505949, 39.1294369),"1969",NA,-101.3505949,39.1294369,10,"0-65"
"916","Logan",145.67,NA,1969-12-10,390741101205902,109,0,c(-101.3505949, 39.1294369),"1969",NA,-101.3505949,39.1294369,10,"0-65"
"917","Logan",145.41,NA,1970-03-06,390741101205902,109,0,c(-101.3505949, 39.1294369),"1970",NA,-101.3505949,39.1294369,10,"0-65"
"918","Logan",144.8,NA,1970-06-17,390741101205902,109,0,c(-101.3505949, 39.1294369),"1970",NA,-101.3505949,39.1294369,10,"0-65"
"919","Logan",158.04,NA,1970-09-01,390741101205902,109,0,c(-101.3505949, 39.1294369),"1970",NA,-101.3505949,39.1294369,10,"0-65"
"920","Logan",150.03,NA,1970-12-09,390741101205902,109,0,c(-101.3505949, 39.1294369),"1970",NA,-101.3505949,39.1294369,10,"0-65"
"921","Logan",148.58,NA,1971-01-20,390741101205902,109,0,c(-101.3505949, 39.1294369),"1971",NA,-101.3505949,39.1294369,10,"0-65"
"922","Logan",147.62,NA,1971-03-10,390741101205902,109,0,c(-101.3505949, 39.1294369),"1971",NA,-101.3505949,39.1294369,10,"0-65"
"923","Logan",154.36,NA,1971-06-09,390741101205902,109,0,c(-101.3505949, 39.1294369),"1971",NA,-101.3505949,39.1294369,10,"0-65"
"924","Logan",162.85,NA,1971-09-10,390741101205902,109,0,c(-101.3505949, 39.1294369),"1971",NA,-101.3505949,39.1294369,10,"0-65"
"925","Logan",152.29,NA,1971-12-08,390741101205902,109,0,c(-101.3505949, 39.1294369),"1971",NA,-101.3505949,39.1294369,10,"0-65"
"926","Logan",151.4,NA,1972-01-03,390741101205902,109,0,c(-101.3505949, 39.1294369),"1972",NA,-101.3505949,39.1294369,10,"0-65"
"927","Logan",150.1,NA,1972-03-08,390741101205902,109,0,c(-101.3505949, 39.1294369),"1972",NA,-101.3505949,39.1294369,10,"0-65"
"928","Logan",158.26,NA,1972-06-07,390741101205902,109,0,c(-101.3505949, 39.1294369),"1972",NA,-101.3505949,39.1294369,10,"0-65"
"929","Logan",157.54,NA,1972-09-14,390741101205902,109,0,c(-101.3505949, 39.1294369),"1972",NA,-101.3505949,39.1294369,10,"0-65"
"930","Logan",152,NA,1973-01-15,390741101205902,109,0,c(-101.3505949, 39.1294369),"1973",NA,-101.3505949,39.1294369,10,"0-65"
"931","Logan",150.86,NA,1973-03-20,390741101205902,109,0,c(-101.3505949, 39.1294369),"1973",NA,-101.3505949,39.1294369,10,"0-65"
"932","Logan",149.63,NA,1973-06-07,390741101205902,109,0,c(-101.3505949, 39.1294369),"1973",NA,-101.3505949,39.1294369,10,"0-65"
"933","Logan",157.9,NA,1973-09-12,390741101205902,109,0,c(-101.3505949, 39.1294369),"1973",NA,-101.3505949,39.1294369,10,"0-65"
"934","Logan",150.1,NA,1973-12-05,390741101205902,109,0,c(-101.3505949, 39.1294369),"1973",NA,-101.3505949,39.1294369,10,"0-65"
"935","Logan",151.7,NA,1974-01-14,390741101205902,109,0,c(-101.3505949, 39.1294369),"1974",NA,-101.3505949,39.1294369,10,"0-65"
"936","Logan",151.08,NA,1974-03-06,390741101205902,109,0,c(-101.3505949, 39.1294369),"1974",NA,-101.3505949,39.1294369,10,"0-65"
"937","Logan",154.52,NA,1974-06-11,390741101205902,109,0,c(-101.3505949, 39.1294369),"1974",NA,-101.3505949,39.1294369,10,"0-65"
"938","Logan",161.91,NA,1974-09-11,390741101205902,109,0,c(-101.3505949, 39.1294369),"1974",NA,-101.3505949,39.1294369,10,"0-65"
"939","Logan",156.91,NA,1974-12-05,390741101205902,109,0,c(-101.3505949, 39.1294369),"1974",NA,-101.3505949,39.1294369,10,"0-65"
"940","Logan",155.74,NA,1975-01-08,390741101205902,109,0,c(-101.3505949, 39.1294369),"1975",NA,-101.3505949,39.1294369,10,"0-65"
"941","Logan",154.1,NA,1975-03-13,390741101205902,109,0,c(-101.3505949, 39.1294369),"1975",NA,-101.3505949,39.1294369,10,"0-65"
"942","Logan",152.54,NA,1975-06-26,390741101205902,109,0,c(-101.3505949, 39.1294369),"1975",NA,-101.3505949,39.1294369,10,"0-65"
"943","Logan",167.28,NA,1975-09-17,390741101205902,109,0,c(-101.3505949, 39.1294369),"1975",NA,-101.3505949,39.1294369,10,"0-65"
"944","Logan",156.6,NA,1976-01-07,390741101205902,109,0,c(-101.3505949, 39.1294369),"1976",NA,-101.3505949,39.1294369,10,"0-65"
"945","Logan",154.75,NA,1976-03-18,390741101205902,109,0,c(-101.3505949, 39.1294369),"1976",NA,-101.3505949,39.1294369,10,"0-65"
"946","Logan",153.5,NA,1976-06-09,390741101205902,109,0,c(-101.3505949, 39.1294369),"1976",NA,-101.3505949,39.1294369,10,"0-65"
"947","Logan",172.29,NA,1976-09-15,390741101205902,109,0,c(-101.3505949, 39.1294369),"1976",NA,-101.3505949,39.1294369,10,"0-65"
"948","Logan",158.89,NA,1977-01-06,390741101205902,109,0,c(-101.3505949, 39.1294369),"1977",NA,-101.3505949,39.1294369,10,"0-65"
"949","Logan",168.14,NA,1977-09-08,390741101205902,109,0,c(-101.3505949, 39.1294369),"1977",NA,-101.3505949,39.1294369,10,"0-65"
"950","Logan",159.6,NA,1978-01-08,390741101205902,109,0,c(-101.3505949, 39.1294369),"1978",NA,-101.3505949,39.1294369,10,"0-65"
"951","Logan",157.37,NA,1978-03-09,390741101205902,109,0,c(-101.3505949, 39.1294369),"1978",NA,-101.3505949,39.1294369,10,"0-65"
"952","Logan",156.38,NA,1978-06-09,390741101205902,109,0,c(-101.3505949, 39.1294369),"1978",NA,-101.3505949,39.1294369,10,"0-65"
"953","Logan",172.67,NA,1978-09-13,390741101205902,109,0,c(-101.3505949, 39.1294369),"1978",NA,-101.3505949,39.1294369,10,"0-65"
"954","Logan",160.67,NA,1979-01-06,390741101205902,109,0,c(-101.3505949, 39.1294369),"1979",NA,-101.3505949,39.1294369,10,"0-65"
"955","Logan",158.93,NA,1979-02-22,390741101205902,109,0,c(-101.3505949, 39.1294369),"1979",NA,-101.3505949,39.1294369,10,"0-65"
"956","Logan",156.73,NA,1979-06-06,390741101205902,109,0,c(-101.3505949, 39.1294369),"1979",NA,-101.3505949,39.1294369,10,"0-65"
"957","Logan",172.14,NA,1979-09-06,390741101205902,109,0,c(-101.3505949, 39.1294369),"1979",NA,-101.3505949,39.1294369,10,"0-65"
"958","Logan",159.49,NA,1980-03-11,390741101205902,109,0,c(-101.3505949, 39.1294369),"1980",NA,-101.3505949,39.1294369,10,"0-65"
"959","Logan",157.43,NA,1980-06-05,390741101205902,109,0,c(-101.3505949, 39.1294369),"1980",NA,-101.3505949,39.1294369,10,"0-65"
"960","Logan",175.52,NA,1980-09-10,390741101205902,109,0,c(-101.3505949, 39.1294369),"1980",NA,-101.3505949,39.1294369,10,"0-65"
"961","Logan",162.5,NA,1981-01-05,390741101205902,109,0,c(-101.3505949, 39.1294369),"1981",NA,-101.3505949,39.1294369,10,"0-65"
"962","Logan",160.18,NA,1981-03-31,390741101205902,109,0,c(-101.3505949, 39.1294369),"1981",NA,-101.3505949,39.1294369,10,"0-65"
"963","Logan",161.18,NA,1981-06-09,390741101205902,109,0,c(-101.3505949, 39.1294369),"1981",NA,-101.3505949,39.1294369,10,"0-65"
"964","Logan",179.16,NA,1981-09-15,390741101205902,109,0,c(-101.3505949, 39.1294369),"1981",NA,-101.3505949,39.1294369,10,"0-65"
"965","Logan",165.06,NA,1982-01-05,390741101205902,109,0,c(-101.3505949, 39.1294369),"1982",NA,-101.3505949,39.1294369,10,"0-65"
"966","Logan",161.99,NA,1982-03-23,390741101205902,109,0,c(-101.3505949, 39.1294369),"1982",NA,-101.3505949,39.1294369,10,"0-65"
"967","Logan",179.39,NA,1982-09-14,390741101205902,109,0,c(-101.3505949, 39.1294369),"1982",NA,-101.3505949,39.1294369,10,"0-65"
"968","Logan",164.45,NA,1983-01-24,390741101205902,109,0,c(-101.3505949, 39.1294369),"1983",NA,-101.3505949,39.1294369,10,"0-65"
"969","Logan",161.32,NA,1983-04-12,390741101205902,109,0,c(-101.3505949, 39.1294369),"1983",NA,-101.3505949,39.1294369,10,"0-65"
"970","Logan",163.79,NA,1983-06-07,390741101205902,109,0,c(-101.3505949, 39.1294369),"1983",NA,-101.3505949,39.1294369,10,"0-65"
"971","Logan",171.6,NA,1983-09-21,390741101205902,109,0,c(-101.3505949, 39.1294369),"1983",NA,-101.3505949,39.1294369,10,"0-65"
"972","Logan",164.57,NA,1984-01-09,390741101205902,109,0,c(-101.3505949, 39.1294369),"1984",NA,-101.3505949,39.1294369,10,"0-65"
"973","Logan",161.79,NA,1984-04-10,390741101205902,109,0,c(-101.3505949, 39.1294369),"1984",NA,-101.3505949,39.1294369,10,"0-65"
"974","Logan",162.51,NA,1984-06-05,390741101205902,109,0,c(-101.3505949, 39.1294369),"1984",NA,-101.3505949,39.1294369,10,"0-65"
"975","Logan",178.65,NA,1984-09-12,390741101205902,109,0,c(-101.3505949, 39.1294369),"1984",NA,-101.3505949,39.1294369,10,"0-65"
"976","Logan",165.84,NA,1985-01-07,390741101205902,109,0,c(-101.3505949, 39.1294369),"1985",NA,-101.3505949,39.1294369,10,"0-65"
"977","Logan",163.9,NA,1985-03-04,390741101205902,109,0,c(-101.3505949, 39.1294369),"1985",NA,-101.3505949,39.1294369,10,"0-65"
"978","Logan",165.15,NA,1985-06-11,390741101205902,109,0,c(-101.3505949, 39.1294369),"1985",NA,-101.3505949,39.1294369,10,"0-65"
"979","Logan",179.79,NA,1985-09-12,390741101205902,109,0,c(-101.3505949, 39.1294369),"1985",NA,-101.3505949,39.1294369,10,"0-65"
"980","Logan",167.55,NA,1986-01-07,390741101205902,109,0,c(-101.3505949, 39.1294369),"1986",NA,-101.3505949,39.1294369,10,"0-65"
"981","Logan",164.98,NA,1986-03-05,390741101205902,109,0,c(-101.3505949, 39.1294369),"1986",NA,-101.3505949,39.1294369,10,"0-65"
"982","Logan",167.42,NA,1986-06-16,390741101205902,109,0,c(-101.3505949, 39.1294369),"1986",NA,-101.3505949,39.1294369,10,"0-65"
"983","Logan",179.79,NA,1986-09-09,390741101205902,109,0,c(-101.3505949, 39.1294369),"1986",NA,-101.3505949,39.1294369,10,"0-65"
"984","Logan",168.9,NA,1987-01-04,390741101205902,109,0,c(-101.3505949, 39.1294369),"1987",NA,-101.3505949,39.1294369,10,"0-65"
"985","Logan",167.01,NA,1987-03-04,390741101205902,109,0,c(-101.3505949, 39.1294369),"1987",NA,-101.3505949,39.1294369,10,"0-65"
"986","Logan",168.07,NA,1987-07-07,390741101205902,109,0,c(-101.3505949, 39.1294369),"1987",NA,-101.3505949,39.1294369,10,"0-65"
"987","Logan",171.45,NA,1987-09-02,390741101205902,109,0,c(-101.3505949, 39.1294369),"1987",NA,-101.3505949,39.1294369,10,"0-65"
"988","Logan",165.2,NA,1988-01-13,390741101205902,109,0,c(-101.3505949, 39.1294369),"1988",NA,-101.3505949,39.1294369,10,"0-65"
"989","Logan",163.7,NA,1988-03-08,390741101205902,109,0,c(-101.3505949, 39.1294369),"1988",NA,-101.3505949,39.1294369,10,"0-65"
"990","Logan",163.12,NA,1988-06-08,390741101205902,109,0,c(-101.3505949, 39.1294369),"1988",NA,-101.3505949,39.1294369,10,"0-65"
"991","Logan",178.44,NA,1988-09-07,390741101205902,109,0,c(-101.3505949, 39.1294369),"1988",NA,-101.3505949,39.1294369,10,"0-65"
"992","Logan",166.49,NA,1989-01-07,390741101205902,109,0,c(-101.3505949, 39.1294369),"1989",NA,-101.3505949,39.1294369,10,"0-65"
"993","Logan",164.67,NA,1989-03-07,390741101205902,109,0,c(-101.3505949, 39.1294369),"1989",NA,-101.3505949,39.1294369,10,"0-65"
"994","Logan",173.55,NA,1989-06-06,390741101205902,109,0,c(-101.3505949, 39.1294369),"1989",NA,-101.3505949,39.1294369,10,"0-65"
"995","Logan",185.52,NA,1989-09-19,390741101205902,109,0,c(-101.3505949, 39.1294369),"1989",NA,-101.3505949,39.1294369,10,"0-65"
"996","Logan",173.03,NA,1990-01-08,390741101205902,109,0,c(-101.3505949, 39.1294369),"1990",NA,-101.3505949,39.1294369,10,"0-65"
"997","Logan",170.44,NA,1990-03-12,390741101205902,109,0,c(-101.3505949, 39.1294369),"1990",NA,-101.3505949,39.1294369,10,"0-65"
"998","Logan",177.22,NA,1990-06-05,390741101205902,109,0,c(-101.3505949, 39.1294369),"1990",NA,-101.3505949,39.1294369,10,"0-65"
"999","Logan",191.22,NA,1990-09-04,390741101205902,109,0,c(-101.3505949, 39.1294369),"1990",NA,-101.3505949,39.1294369,10,"0-65"
"1000","Logan",177.94,NA,1991-01-03,390741101205902,109,0,c(-101.3505949, 39.1294369),"1991",NA,-101.3505949,39.1294369,10,"0-65"
"1001","Logan",181.62,NA,1991-03-20,390741101205902,109,0,c(-101.3505949, 39.1294369),"1991",NA,-101.3505949,39.1294369,10,"0-65"
"1002","Logan",187.39,NA,1991-06-12,390741101205902,109,0,c(-101.3505949, 39.1294369),"1991",NA,-101.3505949,39.1294369,10,"0-65"
"1003","Logan",194.29,NA,1991-09-05,390741101205902,109,0,c(-101.3505949, 39.1294369),"1991",NA,-101.3505949,39.1294369,10,"0-65"
"1004","Logan",178.9,NA,1992-01-16,390741101205902,109,0,c(-101.3505949, 39.1294369),"1992",NA,-101.3505949,39.1294369,10,"0-65"
"1005","Logan",175.15,NA,1992-03-17,390741101205902,109,0,c(-101.3505949, 39.1294369),"1992",NA,-101.3505949,39.1294369,10,"0-65"
"1006","Logan",186.18,NA,1992-06-17,390741101205902,109,0,c(-101.3505949, 39.1294369),"1992",NA,-101.3505949,39.1294369,10,"0-65"
"1007","Logan",190.15,NA,1992-09-11,390741101205902,109,0,c(-101.3505949, 39.1294369),"1992",NA,-101.3505949,39.1294369,10,"0-65"
"1008","Logan",174.96,NA,1993-03-22,390741101205902,109,0,c(-101.3505949, 39.1294369),"1993",NA,-101.3505949,39.1294369,10,"0-65"
"1009","Logan",173.02,NA,1993-06-10,390741101205902,109,0,c(-101.3505949, 39.1294369),"1993",NA,-101.3505949,39.1294369,10,"0-65"
"1010","Logan",180.7,NA,1993-09-09,390741101205902,109,0,c(-101.3505949, 39.1294369),"1993",NA,-101.3505949,39.1294369,10,"0-65"
"1011","Logan",171.9,NA,1994-01-05,390741101205902,109,0,c(-101.3505949, 39.1294369),"1994",NA,-101.3505949,39.1294369,10,"0-65"
"1012","Logan",180.94,NA,1994-09-12,390741101205902,109,0,c(-101.3505949, 39.1294369),"1994",NA,-101.3505949,39.1294369,10,"0-65"
"1013","Logan",171.71,NA,1994-12-27,390741101205902,109,0,c(-101.3505949, 39.1294369),"1994",NA,-101.3505949,39.1294369,10,"0-65"
"1014","Logan",169.95,NA,1995-03-13,390741101205902,109,0,c(-101.3505949, 39.1294369),"1995",NA,-101.3505949,39.1294369,10,"0-65"
"1015","Logan",183.22,NA,1995-09-06,390741101205902,109,0,c(-101.3505949, 39.1294369),"1995",NA,-101.3505949,39.1294369,10,"0-65"
"1016","Logan",172.4,NA,1996-01-04,390741101205902,109,0,c(-101.3505949, 39.1294369),"1996",NA,-101.3505949,39.1294369,10,"0-65"
"1017","Logan",172.22,NA,1996-03-12,390741101205902,109,0,c(-101.3505949, 39.1294369),"1996",NA,-101.3505949,39.1294369,10,"0-65"
"1018","Logan",186.76,NA,1996-09-04,390741101205902,109,0,c(-101.3505949, 39.1294369),"1996",NA,-101.3505949,39.1294369,10,"0-65"
"1019","Logan",175,NA,1997-01-03,390741101205902,109,0,c(-101.3505949, 39.1294369),"1997",NA,-101.3505949,39.1294369,10,"0-65"
"1020","Logan",175.72,NA,1998-01-06,390741101205902,109,0,c(-101.3505949, 39.1294369),"1998",NA,-101.3505949,39.1294369,10,"0-65"
"1021","Logan",174.15,NA,1999-01-11,390741101205902,109,0,c(-101.3505949, 39.1294369),"1999",NA,-101.3505949,39.1294369,10,"0-65"
"1022","Logan",47.4,NA,1971-11-02,385441101110101,109,0,c(-101.1839458, 38.9116896),"1971",NA,-101.1839458,38.9116896,NA,NA
"1023","Logan",46.91,NA,1972-01-03,385441101110101,109,0,c(-101.1839458, 38.9116896),"1972",NA,-101.1839458,38.9116896,NA,NA
"1024","Logan",46.73,NA,1973-01-29,385441101110101,109,0,c(-101.1839458, 38.9116896),"1973",NA,-101.1839458,38.9116896,NA,NA
"1025","Logan",46.35,NA,1974-01-14,385441101110101,109,0,c(-101.1839458, 38.9116896),"1974",NA,-101.1839458,38.9116896,NA,NA
"1026","Logan",47.9,NA,1975-01-08,385441101110101,109,0,c(-101.1839458, 38.9116896),"1975",NA,-101.1839458,38.9116896,NA,NA
"1027","Logan",48.32,NA,1976-01-07,385441101110101,109,0,c(-101.1839458, 38.9116896),"1976",NA,-101.1839458,38.9116896,NA,NA
"1028","Logan",50.09,NA,1977-01-06,385441101110101,109,0,c(-101.1839458, 38.9116896),"1977",NA,-101.1839458,38.9116896,NA,NA
"1029","Logan",47.95,NA,1978-01-08,385441101110101,109,0,c(-101.1839458, 38.9116896),"1978",NA,-101.1839458,38.9116896,NA,NA
"1030","Logan",44.28,NA,1979-01-06,385441101110101,109,0,c(-101.1839458, 38.9116896),"1979",NA,-101.1839458,38.9116896,NA,NA
"1031","Logan",46.5,NA,1980-01-10,385441101110101,109,0,c(-101.1839458, 38.9116896),"1980",NA,-101.1839458,38.9116896,NA,NA
"1032","Logan",44.9,NA,1981-01-09,385441101110101,109,0,c(-101.1839458, 38.9116896),"1981",NA,-101.1839458,38.9116896,NA,NA
"1033","Logan",45.75,NA,1982-01-05,385441101110101,109,0,c(-101.1839458, 38.9116896),"1982",NA,-101.1839458,38.9116896,NA,NA
"1034","Logan",45.6,NA,1983-01-24,385441101110101,109,0,c(-101.1839458, 38.9116896),"1983",NA,-101.1839458,38.9116896,NA,NA
"1035","Logan",45.73,NA,1984-01-09,385441101110101,109,0,c(-101.1839458, 38.9116896),"1984",NA,-101.1839458,38.9116896,NA,NA
"1036","Logan",150,NA,1969-05-01,390715101091101,109,0,c(-101.153677, 39.120571),"1969",NA,-101.153677,39.120571,40.2426224,"0-65"
"1037","Logan",156.81,NA,1984-07-02,390715101091101,109,0,c(-101.153677, 39.120571),"1984",NA,-101.153677,39.120571,40.2426224,"0-65"
"1038","Logan",154.1,NA,1985-01-07,390715101091101,109,0,c(-101.153677, 39.120571),"1985",NA,-101.153677,39.120571,40.2426224,"0-65"
"1039","Logan",153.45,NA,1986-01-08,390715101091101,109,0,c(-101.153677, 39.120571),"1986",NA,-101.153677,39.120571,40.2426224,"0-65"
"1040","Logan",152.4,NA,1987-01-04,390715101091101,109,0,c(-101.153677, 39.120571),"1987",NA,-101.153677,39.120571,40.2426224,"0-65"
"1041","Logan",153.1,NA,1988-01-14,390715101091101,109,0,c(-101.153677, 39.120571),"1988",NA,-101.153677,39.120571,40.2426224,"0-65"
"1042","Logan",153.54,NA,1989-01-07,390715101091101,109,0,c(-101.153677, 39.120571),"1989",NA,-101.153677,39.120571,40.2426224,"0-65"
"1043","Logan",153,NA,1990-01-08,390715101091101,109,0,c(-101.153677, 39.120571),"1990",NA,-101.153677,39.120571,40.2426224,"0-65"
"1044","Logan",90.4,NA,1965-06-17,390717100514901,109,0,c(-100.864922, 39.1227962),"1965",NA,-100.864922,39.1227962,84.0116882,"66-131"
"1045","Logan",91.17,NA,1965-09-08,390717100514901,109,0,c(-100.864922, 39.1227962),"1965",NA,-100.864922,39.1227962,84.0116882,"66-131"
"1046","Logan",90.34,NA,1965-12-06,390717100514901,109,0,c(-100.864922, 39.1227962),"1965",NA,-100.864922,39.1227962,84.0116882,"66-131"
"1047","Logan",89.98,NA,1966-03-07,390717100514901,109,0,c(-100.864922, 39.1227962),"1966",NA,-100.864922,39.1227962,84.0116882,"66-131"
"1048","Logan",93.08,NA,1966-06-15,390717100514901,109,0,c(-100.864922, 39.1227962),"1966",NA,-100.864922,39.1227962,84.0116882,"66-131"
"1049","Logan",93.38,NA,1966-09-08,390717100514901,109,0,c(-100.864922, 39.1227962),"1966",NA,-100.864922,39.1227962,84.0116882,"66-131"
"1050","Logan",92.69,NA,1966-12-12,390717100514901,109,0,c(-100.864922, 39.1227962),"1966",NA,-100.864922,39.1227962,84.0116882,"66-131"
"1051","Logan",93.39,NA,1967-03-13,390717100514901,109,0,c(-100.864922, 39.1227962),"1967",NA,-100.864922,39.1227962,84.0116882,"66-131"
"1052","Logan",96.35,NA,1970-01-27,390717100514901,109,0,c(-100.864922, 39.1227962),"1970",NA,-100.864922,39.1227962,84.0116882,"66-131"
"1053","Logan",150.2,NA,1967-10-27,390735101212402,109,0,c(-101.3572202, 39.1277595),"1967",NA,-101.3572202,39.1277595,10,"0-65"
"1054","Logan",153.98,NA,1968-01-15,390735101212402,109,0,c(-101.3572202, 39.1277595),"1968",NA,-101.3572202,39.1277595,10,"0-65"
"1055","Logan",156.12,NA,1968-10-01,390735101212402,109,0,c(-101.3572202, 39.1277595),"1968",NA,-101.3572202,39.1277595,10,"0-65"
"1056","Logan",152.63,NA,1969-01-24,390735101212402,109,0,c(-101.3572202, 39.1277595),"1969",NA,-101.3572202,39.1277595,10,"0-65"
"1057","Logan",154.22,NA,1970-01-29,390735101212402,109,0,c(-101.3572202, 39.1277595),"1970",NA,-101.3572202,39.1277595,10,"0-65"
"1058","Logan",155.49,NA,1971-01-20,390735101212402,109,0,c(-101.3572202, 39.1277595),"1971",NA,-101.3572202,39.1277595,10,"0-65"
"1059","Logan",160,NA,1972-01-03,390735101212402,109,0,c(-101.3572202, 39.1277595),"1972",NA,-101.3572202,39.1277595,10,"0-65"
"1060","Logan",161.1,NA,1973-01-15,390735101212402,109,0,c(-101.3572202, 39.1277595),"1973",NA,-101.3572202,39.1277595,10,"0-65"
"1061","Logan",160.85,NA,1974-01-14,390735101212402,109,0,c(-101.3572202, 39.1277595),"1974",NA,-101.3572202,39.1277595,10,"0-65"
"1062","Logan",165.35,NA,1975-01-08,390735101212402,109,0,c(-101.3572202, 39.1277595),"1975",NA,-101.3572202,39.1277595,10,"0-65"
"1063","Logan",169.08,NA,1977-01-06,390735101212402,109,0,c(-101.3572202, 39.1277595),"1977",NA,-101.3572202,39.1277595,10,"0-65"
"1064","Logan",150.24,NA,1977-06-08,390735101212402,109,0,c(-101.3572202, 39.1277595),"1977",NA,-101.3572202,39.1277595,10,"0-65"
"1065","Logan",169.3,NA,1978-01-08,390735101212402,109,0,c(-101.3572202, 39.1277595),"1978",NA,-101.3572202,39.1277595,10,"0-65"
"1066","Logan",170.19,NA,1979-01-06,390735101212402,109,0,c(-101.3572202, 39.1277595),"1979",NA,-101.3572202,39.1277595,10,"0-65"
"1067","Logan",172.6,NA,1980-01-07,390735101212402,109,0,c(-101.3572202, 39.1277595),"1980",NA,-101.3572202,39.1277595,10,"0-65"
"1068","Logan",172.6,NA,1981-01-05,390735101212402,109,0,c(-101.3572202, 39.1277595),"1981",NA,-101.3572202,39.1277595,10,"0-65"
"1069","Logan",175.3,NA,1982-01-05,390735101212402,109,0,c(-101.3572202, 39.1277595),"1982",NA,-101.3572202,39.1277595,10,"0-65"
"1070","Logan",174.3,NA,1983-01-24,390735101212402,109,0,c(-101.3572202, 39.1277595),"1983",NA,-101.3572202,39.1277595,10,"0-65"
"1071","Logan",175.16,NA,1984-01-09,390735101212402,109,0,c(-101.3572202, 39.1277595),"1984",NA,-101.3572202,39.1277595,10,"0-65"
