"","countyname","depth_to_water","town","date","ID","countycode","township","geometry","year","depth","lon","lat","sat","satcut"
"1","Grant",-50,NA,1946-04-01,373415101270401,67,0,c(-101.45107, 37.571187),"1946","71-0",-101.45107,37.571187,200.5105591,"198-262"
"2","Grant",-66.77,NA,1946-02-15,374337101215501,67,0,c(-101.366294, 37.727068),"1946","71-0",-101.366294,37.727068,97.3774109,"66-131"
"3","Grant",-66.86,NA,1946-05-28,374337101215501,67,0,c(-101.366294, 37.727068),"1946","71-0",-101.366294,37.727068,97.3774109,"66-131"
"4","Grant",-66.85,NA,1946-08-15,374337101215501,67,0,c(-101.366294, 37.727068),"1946","71-0",-101.366294,37.727068,97.3774109,"66-131"
"5","Grant",-66.16,NA,1946-11-22,374337101215501,67,0,c(-101.366294, 37.727068),"1946","71-0",-101.366294,37.727068,97.3774109,"66-131"
"6","Grant",-53.98,NA,1946-01-05,373831101303301,67,0,c(-101.509771, 37.642992),"1946","71-0",-101.509771,37.642992,119.732132,"66-131"
"7","Grant",-53.93,NA,1946-01-10,373831101303301,67,0,c(-101.509771, 37.642992),"1946","71-0",-101.509771,37.642992,119.732132,"66-131"
"8","Grant",-53.95,NA,1946-01-15,373831101303301,67,0,c(-101.509771, 37.642992),"1946","71-0",-101.509771,37.642992,119.732132,"66-131"
"9","Grant",-54.06,NA,1946-01-20,373831101303301,67,0,c(-101.509771, 37.642992),"1946","71-0",-101.509771,37.642992,119.732132,"66-131"
"10","Grant",-54.17,NA,1946-01-25,373831101303301,67,0,c(-101.509771, 37.642992),"1946","71-0",-101.509771,37.642992,119.732132,"66-131"
"11","Grant",-54.21,NA,1946-01-30,373831101303301,67,0,c(-101.509771, 37.642992),"1946","71-0",-101.509771,37.642992,119.732132,"66-131"
"12","Grant",-54.37,NA,1946-02-05,373831101303301,67,0,c(-101.509771, 37.642992),"1946","71-0",-101.509771,37.642992,119.732132,"66-131"
"13","Grant",-54.37,NA,1946-02-10,373831101303301,67,0,c(-101.509771, 37.642992),"1946","71-0",-101.509771,37.642992,119.732132,"66-131"
"14","Grant",-54.43,NA,1946-02-15,373831101303301,67,0,c(-101.509771, 37.642992),"1946","71-0",-101.509771,37.642992,119.732132,"66-131"
"15","Grant",-54.36,NA,1946-02-20,373831101303301,67,0,c(-101.509771, 37.642992),"1946","71-0",-101.509771,37.642992,119.732132,"66-131"
"16","Grant",-54.24,NA,1946-02-25,373831101303301,67,0,c(-101.509771, 37.642992),"1946","71-0",-101.509771,37.642992,119.732132,"66-131"
"17","Grant",-54.19,NA,1946-03-05,373831101303301,67,0,c(-101.509771, 37.642992),"1946","71-0",-101.509771,37.642992,119.732132,"66-131"
"18","Grant",-54.15,NA,1946-03-10,373831101303301,67,0,c(-101.509771, 37.642992),"1946","71-0",-101.509771,37.642992,119.732132,"66-131"
"19","Grant",-54.3,NA,1946-03-15,373831101303301,67,0,c(-101.509771, 37.642992),"1946","71-0",-101.509771,37.642992,119.732132,"66-131"
"20","Grant",-54.29,NA,1946-03-20,373831101303301,67,0,c(-101.509771, 37.642992),"1946","71-0",-101.509771,37.642992,119.732132,"66-131"
"21","Grant",-54.43,NA,1946-03-25,373831101303301,67,0,c(-101.509771, 37.642992),"1946","71-0",-101.509771,37.642992,119.732132,"66-131"
"22","Grant",-54.43,NA,1946-03-30,373831101303301,67,0,c(-101.509771, 37.642992),"1946","71-0",-101.509771,37.642992,119.732132,"66-131"
"23","Grant",-54.54,NA,1946-04-05,373831101303301,67,0,c(-101.509771, 37.642992),"1946","71-0",-101.509771,37.642992,119.732132,"66-131"
"24","Grant",-54.6,NA,1946-04-10,373831101303301,67,0,c(-101.509771, 37.642992),"1946","71-0",-101.509771,37.642992,119.732132,"66-131"
"25","Grant",-54.65,NA,1946-04-15,373831101303301,67,0,c(-101.509771, 37.642992),"1946","71-0",-101.509771,37.642992,119.732132,"66-131"
"26","Grant",-54.72,NA,1946-04-20,373831101303301,67,0,c(-101.509771, 37.642992),"1946","71-0",-101.509771,37.642992,119.732132,"66-131"
"27","Grant",-54.81,NA,1946-04-25,373831101303301,67,0,c(-101.509771, 37.642992),"1946","71-0",-101.509771,37.642992,119.732132,"66-131"
"28","Grant",-54.89,NA,1946-04-30,373831101303301,67,0,c(-101.509771, 37.642992),"1946","71-0",-101.509771,37.642992,119.732132,"66-131"
"29","Grant",-54.92,NA,1946-05-05,373831101303301,67,0,c(-101.509771, 37.642992),"1946","71-0",-101.509771,37.642992,119.732132,"66-131"
"30","Grant",-54.95,NA,1946-05-10,373831101303301,67,0,c(-101.509771, 37.642992),"1946","71-0",-101.509771,37.642992,119.732132,"66-131"
"31","Grant",-54.98,NA,1946-05-15,373831101303301,67,0,c(-101.509771, 37.642992),"1946","71-0",-101.509771,37.642992,119.732132,"66-131"
"32","Grant",-55.02,NA,1946-05-20,373831101303301,67,0,c(-101.509771, 37.642992),"1946","71-0",-101.509771,37.642992,119.732132,"66-131"
"33","Grant",-55.04,NA,1946-05-25,373831101303301,67,0,c(-101.509771, 37.642992),"1946","71-0",-101.509771,37.642992,119.732132,"66-131"
"34","Grant",-54.96,NA,1946-05-30,373831101303301,67,0,c(-101.509771, 37.642992),"1946","71-0",-101.509771,37.642992,119.732132,"66-131"
"35","Grant",-54.84,NA,1946-06-05,373831101303301,67,0,c(-101.509771, 37.642992),"1946","71-0",-101.509771,37.642992,119.732132,"66-131"
"36","Grant",-54.71,NA,1946-06-10,373831101303301,67,0,c(-101.509771, 37.642992),"1946","71-0",-101.509771,37.642992,119.732132,"66-131"
"37","Grant",-54.63,NA,1946-06-15,373831101303301,67,0,c(-101.509771, 37.642992),"1946","71-0",-101.509771,37.642992,119.732132,"66-131"
"38","Grant",-54.72,NA,1946-06-20,373831101303301,67,0,c(-101.509771, 37.642992),"1946","71-0",-101.509771,37.642992,119.732132,"66-131"
"39","Grant",-54.61,NA,1946-06-25,373831101303301,67,0,c(-101.509771, 37.642992),"1946","71-0",-101.509771,37.642992,119.732132,"66-131"
"40","Grant",-54.57,NA,1946-06-30,373831101303301,67,0,c(-101.509771, 37.642992),"1946","71-0",-101.509771,37.642992,119.732132,"66-131"
"41","Grant",-54.81,NA,1946-07-05,373831101303301,67,0,c(-101.509771, 37.642992),"1946","71-0",-101.509771,37.642992,119.732132,"66-131"
"42","Grant",-55.02,NA,1946-07-10,373831101303301,67,0,c(-101.509771, 37.642992),"1946","71-0",-101.509771,37.642992,119.732132,"66-131"
"43","Grant",-55.2,NA,1946-07-20,373831101303301,67,0,c(-101.509771, 37.642992),"1946","71-0",-101.509771,37.642992,119.732132,"66-131"
"44","Grant",-55.31,NA,1946-07-25,373831101303301,67,0,c(-101.509771, 37.642992),"1946","71-0",-101.509771,37.642992,119.732132,"66-131"
"45","Grant",-55.5,NA,1946-08-05,373831101303301,67,0,c(-101.509771, 37.642992),"1946","71-0",-101.509771,37.642992,119.732132,"66-131"
"46","Grant",-55.66,NA,1946-08-15,373831101303301,67,0,c(-101.509771, 37.642992),"1946","71-0",-101.509771,37.642992,119.732132,"66-131"
"47","Grant",-55.71,NA,1946-08-20,373831101303301,67,0,c(-101.509771, 37.642992),"1946","71-0",-101.509771,37.642992,119.732132,"66-131"
"48","Grant",-55.62,NA,1946-08-25,373831101303301,67,0,c(-101.509771, 37.642992),"1946","71-0",-101.509771,37.642992,119.732132,"66-131"
"49","Grant",-53.84,NA,1946-09-25,373831101303301,67,0,c(-101.509771, 37.642992),"1946","71-0",-101.509771,37.642992,119.732132,"66-131"
"50","Grant",-53.93,NA,1946-09-30,373831101303301,67,0,c(-101.509771, 37.642992),"1946","71-0",-101.509771,37.642992,119.732132,"66-131"
"51","Grant",-54.18,NA,1946-10-20,373831101303301,67,0,c(-101.509771, 37.642992),"1946","71-0",-101.509771,37.642992,119.732132,"66-131"
"52","Grant",-54.15,NA,1946-10-25,373831101303301,67,0,c(-101.509771, 37.642992),"1946","71-0",-101.509771,37.642992,119.732132,"66-131"
"53","Grant",-54.17,NA,1946-10-30,373831101303301,67,0,c(-101.509771, 37.642992),"1946","71-0",-101.509771,37.642992,119.732132,"66-131"
"54","Grant",-54.18,NA,1946-11-05,373831101303301,67,0,c(-101.509771, 37.642992),"1946","71-0",-101.509771,37.642992,119.732132,"66-131"
"55","Grant",-54.2,NA,1946-11-10,373831101303301,67,0,c(-101.509771, 37.642992),"1946","71-0",-101.509771,37.642992,119.732132,"66-131"
"56","Grant",-54.2,NA,1946-11-15,373831101303301,67,0,c(-101.509771, 37.642992),"1946","71-0",-101.509771,37.642992,119.732132,"66-131"
"57","Grant",-54.22,NA,1946-11-20,373831101303301,67,0,c(-101.509771, 37.642992),"1946","71-0",-101.509771,37.642992,119.732132,"66-131"
"58","Grant",-54.25,NA,1946-11-25,373831101303301,67,0,c(-101.509771, 37.642992),"1946","71-0",-101.509771,37.642992,119.732132,"66-131"
"59","Grant",-54.24,NA,1946-11-30,373831101303301,67,0,c(-101.509771, 37.642992),"1946","71-0",-101.509771,37.642992,119.732132,"66-131"
"60","Grant",-54.22,NA,1946-12-05,373831101303301,67,0,c(-101.509771, 37.642992),"1946","71-0",-101.509771,37.642992,119.732132,"66-131"
"61","Grant",-54.22,NA,1946-12-10,373831101303301,67,0,c(-101.509771, 37.642992),"1946","71-0",-101.509771,37.642992,119.732132,"66-131"
"62","Grant",-54.22,NA,1946-12-15,373831101303301,67,0,c(-101.509771, 37.642992),"1946","71-0",-101.509771,37.642992,119.732132,"66-131"
"63","Grant",-54.21,NA,1946-12-20,373831101303301,67,0,c(-101.509771, 37.642992),"1946","71-0",-101.509771,37.642992,119.732132,"66-131"
"64","Grant",-54.21,NA,1946-12-25,373831101303301,67,0,c(-101.509771, 37.642992),"1946","71-0",-101.509771,37.642992,119.732132,"66-131"
"65","Grant",-54.23,NA,1946-12-30,373831101303301,67,0,c(-101.509771, 37.642992),"1946","71-0",-101.509771,37.642992,119.732132,"66-131"
"66","Stanton",-47.92,NA,1946-02-07,374105101412501,187,0,c(-101.691002, 37.685135),"1946","71-0",-101.691002,37.685135,82.1139069,"66-131"
"67","Stanton",-48.13,NA,1946-05-03,374105101412501,187,0,c(-101.691002, 37.685135),"1946","71-0",-101.691002,37.685135,82.1139069,"66-131"
"68","Stanton",-47.88,NA,1946-08-16,374105101412501,187,0,c(-101.691002, 37.685135),"1946","71-0",-101.691002,37.685135,82.1139069,"66-131"
"69","Stanton",-47.83,NA,1946-11-22,374105101412501,187,0,c(-101.691002, 37.685135),"1946","71-0",-101.691002,37.685135,82.1139069,"66-131"
"70","Stanton",-175.61,NA,1946-02-07,373232101460701,187,0,c(-101.768699, 37.542879),"1946","215-144",-101.768699,37.542879,51.6690216,"0-65"
"71","Stanton",-174.4,NA,1946-05-03,373232101460701,187,0,c(-101.768699, 37.542879),"1946","215-144",-101.768699,37.542879,51.6690216,"0-65"
"72","Stanton",-174.76,NA,1946-08-16,373232101460701,187,0,c(-101.768699, 37.542879),"1946","215-144",-101.768699,37.542879,51.6690216,"0-65"
"73","Stanton",-174.62,NA,1946-11-22,373232101460701,187,0,c(-101.768699, 37.542879),"1946","215-144",-101.768699,37.542879,51.6690216,"0-65"
"74","Stanton",-39.93,NA,1946-02-07,372415102001701,187,0,c(-102.005747, 37.405674),"1946","71-0",-102.005747,37.405674,10,"0-65"
"75","Stanton",-40.13,NA,1946-05-03,372415102001701,187,0,c(-102.005747, 37.405674),"1946","71-0",-102.005747,37.405674,10,"0-65"
"76","Stanton",-40.07,NA,1946-08-16,372415102001701,187,0,c(-102.005747, 37.405674),"1946","71-0",-102.005747,37.405674,10,"0-65"
"77","Stanton",-39.36,NA,1946-11-22,372415102001701,187,0,c(-102.005747, 37.405674),"1946","71-0",-102.005747,37.405674,10,"0-65"
"78","Morton",-165.38,"ELKHART NORTH",1946-02-07,370139101535601,129,0,c(-101.898135, 37.026024),"1946","215-144",-101.898135,37.026024,59.4821396,"0-65"
"79","Morton",-163.24,"ELKHART NORTH",1946-05-03,370139101535601,129,0,c(-101.898135, 37.026024),"1946","215-144",-101.898135,37.026024,59.4821396,"0-65"
"80","Morton",-164.38,"ELKHART NORTH",1946-08-16,370139101535601,129,0,c(-101.898135, 37.026024),"1946","215-144",-101.898135,37.026024,59.4821396,"0-65"
"81","Morton",-71.65,"Richfield SW",1946-02-07,372043101572701,129,0,c(-101.95925, 37.34599),"1946","71-0",-101.95925,37.34599,10,"0-65"
"82","Morton",-71.76,"Richfield SW",1946-05-03,372043101572701,129,0,c(-101.95925, 37.34599),"1946","71-0",-101.95925,37.34599,10,"0-65"
"83","Morton",-71.68,"Richfield SW",1946-08-16,372043101572701,129,0,c(-101.95925, 37.34599),"1946","71-0",-101.95925,37.34599,10,"0-65"
"84","Morton",-71.72,"Richfield SW",1946-11-22,372043101572701,129,0,c(-101.95925, 37.34599),"1946","71-0",-101.95925,37.34599,10,"0-65"
"85","Stevens",-128.91,NA,1946-03-08,370831101114001,189,0,c(-101.195038, 37.142175),"1946","143-72",-101.195038,37.142175,402.0157471,"393-459"
"86","Seward",-16.75,NA,1946-01-02,371444100550101,175,0,c(-100.917478, 37.245293),"1946","71-0",-100.917478,37.245293,243.6060486,"198-262"
"87","Seward",-17.21,NA,1946-02-06,371444100550101,175,0,c(-100.917478, 37.245293),"1946","71-0",-100.917478,37.245293,243.6060486,"198-262"
"88","Seward",-16.95,NA,1946-03-07,371444100550101,175,0,c(-100.917478, 37.245293),"1946","71-0",-100.917478,37.245293,243.6060486,"198-262"
"89","Seward",-17.09,NA,1946-04-02,371444100550101,175,0,c(-100.917478, 37.245293),"1946","71-0",-100.917478,37.245293,243.6060486,"198-262"
"90","Seward",-17.35,NA,1946-05-01,371444100550101,175,0,c(-100.917478, 37.245293),"1946","71-0",-100.917478,37.245293,243.6060486,"198-262"
"91","Seward",-17.02,NA,1946-11-22,371444100550101,175,0,c(-100.917478, 37.245293),"1946","71-0",-100.917478,37.245293,243.6060486,"198-262"
"92","Clark",-16.95,"ASHLAND",1946-03-25,371414099454601,25,0,c(-99.763025, 37.238155),"1946","71-0",-99.763025,37.238155,NA,NA
"93","Clark",-17.14,"ASHLAND",1946-06-05,371414099454601,25,0,c(-99.763025, 37.238155),"1946","71-0",-99.763025,37.238155,NA,NA
"94","Clark",-17.63,"ASHLAND",1946-09-27,371414099454601,25,0,c(-99.763025, 37.238155),"1946","71-0",-99.763025,37.238155,NA,NA
"95","Clark",-15.47,"ASHLAND",1946-12-21,371414099454601,25,0,c(-99.763025, 37.238155),"1946","71-0",-99.763025,37.238155,NA,NA
"96","Ford",-104.86,"DODGE CITY",1946-01-09,374741100070001,57,0,c(-100.118457, 37.797705),"1946","143-72",-100.118457,37.797705,101.3006897,"66-131"
"97","Ford",-104.88,"DODGE CITY",1946-02-19,374741100070001,57,0,c(-100.118457, 37.797705),"1946","143-72",-100.118457,37.797705,101.3006897,"66-131"
"98","Ford",-104.81,"DODGE CITY",1946-04-30,374741100070001,57,0,c(-100.118457, 37.797705),"1946","143-72",-100.118457,37.797705,101.3006897,"66-131"
"99","Ford",-105.05,"DODGE CITY",1946-05-24,374741100070001,57,0,c(-100.118457, 37.797705),"1946","143-72",-100.118457,37.797705,101.3006897,"66-131"
"100","Ford",-106.2,"DODGE CITY",1946-08-09,374741100070001,57,0,c(-100.118457, 37.797705),"1946","143-72",-100.118457,37.797705,101.3006897,"66-131"
"101","Ford",-106.04,"DODGE CITY",1946-10-25,374741100070001,57,0,c(-100.118457, 37.797705),"1946","143-72",-100.118457,37.797705,101.3006897,"66-131"
"102","Ford",-106.46,"DODGE CITY",1946-11-27,374741100070001,57,0,c(-100.118457, 37.797705),"1946","143-72",-100.118457,37.797705,101.3006897,"66-131"
"103","Ford",-104.98,"DODGE CITY",1946-12-10,374741100070001,57,0,c(-100.118457, 37.797705),"1946","143-72",-100.118457,37.797705,101.3006897,"66-131"
"104","Meade",-13.27,"Fowler",1946-01-05,372539100142501,119,0,c(-100.243402, 37.42974),"1946","71-0",-100.243402,37.42974,213.5606079,"198-262"
"105","Meade",-13.31,"Fowler",1946-01-10,372539100142501,119,0,c(-100.243402, 37.42974),"1946","71-0",-100.243402,37.42974,213.5606079,"198-262"
"106","Meade",-13.34,"Fowler",1946-01-20,372539100142501,119,0,c(-100.243402, 37.42974),"1946","71-0",-100.243402,37.42974,213.5606079,"198-262"
"107","Meade",-13.29,"Fowler",1946-01-25,372539100142501,119,0,c(-100.243402, 37.42974),"1946","71-0",-100.243402,37.42974,213.5606079,"198-262"
"108","Meade",-13.33,"Fowler",1946-01-30,372539100142501,119,0,c(-100.243402, 37.42974),"1946","71-0",-100.243402,37.42974,213.5606079,"198-262"
"109","Meade",-13.35,"Fowler",1946-02-05,372539100142501,119,0,c(-100.243402, 37.42974),"1946","71-0",-100.243402,37.42974,213.5606079,"198-262"
"110","Meade",-13.38,"Fowler",1946-02-10,372539100142501,119,0,c(-100.243402, 37.42974),"1946","71-0",-100.243402,37.42974,213.5606079,"198-262"
"111","Meade",-13.35,"Fowler",1946-02-15,372539100142501,119,0,c(-100.243402, 37.42974),"1946","71-0",-100.243402,37.42974,213.5606079,"198-262"
"112","Meade",-13.37,"Fowler",1946-02-25,372539100142501,119,0,c(-100.243402, 37.42974),"1946","71-0",-100.243402,37.42974,213.5606079,"198-262"
"113","Meade",-13.38,"Fowler",1946-03-05,372539100142501,119,0,c(-100.243402, 37.42974),"1946","71-0",-100.243402,37.42974,213.5606079,"198-262"
"114","Meade",-13.42,"Fowler",1946-03-10,372539100142501,119,0,c(-100.243402, 37.42974),"1946","71-0",-100.243402,37.42974,213.5606079,"198-262"
"115","Meade",-13.31,"Fowler",1946-03-15,372539100142501,119,0,c(-100.243402, 37.42974),"1946","71-0",-100.243402,37.42974,213.5606079,"198-262"
"116","Meade",-13.41,"Fowler",1946-03-20,372539100142501,119,0,c(-100.243402, 37.42974),"1946","71-0",-100.243402,37.42974,213.5606079,"198-262"
"117","Meade",-13.41,"Fowler",1946-03-25,372539100142501,119,0,c(-100.243402, 37.42974),"1946","71-0",-100.243402,37.42974,213.5606079,"198-262"
"118","Meade",-13.44,"Fowler",1946-03-30,372539100142501,119,0,c(-100.243402, 37.42974),"1946","71-0",-100.243402,37.42974,213.5606079,"198-262"
"119","Meade",-13.43,"Fowler",1946-04-05,372539100142501,119,0,c(-100.243402, 37.42974),"1946","71-0",-100.243402,37.42974,213.5606079,"198-262"
"120","Meade",-13.48,"Fowler",1946-04-10,372539100142501,119,0,c(-100.243402, 37.42974),"1946","71-0",-100.243402,37.42974,213.5606079,"198-262"
"121","Meade",-13.53,"Fowler",1946-04-15,372539100142501,119,0,c(-100.243402, 37.42974),"1946","71-0",-100.243402,37.42974,213.5606079,"198-262"
"122","Meade",-13.87,"Fowler",1946-04-20,372539100142501,119,0,c(-100.243402, 37.42974),"1946","71-0",-100.243402,37.42974,213.5606079,"198-262"
"123","Meade",-14.1,"Fowler",1946-04-25,372539100142501,119,0,c(-100.243402, 37.42974),"1946","71-0",-100.243402,37.42974,213.5606079,"198-262"
"124","Meade",-14.32,"Fowler",1946-04-30,372539100142501,119,0,c(-100.243402, 37.42974),"1946","71-0",-100.243402,37.42974,213.5606079,"198-262"
"125","Meade",-14.02,"Fowler",1946-06-05,372539100142501,119,0,c(-100.243402, 37.42974),"1946","71-0",-100.243402,37.42974,213.5606079,"198-262"
"126","Meade",-14.02,"Fowler",1946-06-10,372539100142501,119,0,c(-100.243402, 37.42974),"1946","71-0",-100.243402,37.42974,213.5606079,"198-262"
"127","Meade",-59.57,"FOWLER SW",1946-03-25,371929100140101,119,0,c(-100.234185, 37.326944),"1946","71-0",-100.234185,37.326944,82.6046448,"66-131"
"128","Meade",-59.55,"FOWLER SW",1946-06-05,371929100140101,119,0,c(-100.234185, 37.326944),"1946","71-0",-100.234185,37.326944,82.6046448,"66-131"
"129","Meade",-59.57,"FOWLER SW",1946-09-20,371929100140101,119,0,c(-100.234185, 37.326944),"1946","71-0",-100.234185,37.326944,82.6046448,"66-131"
"130","Meade",-59.59,"FOWLER SW",1946-12-21,371929100140101,119,0,c(-100.234185, 37.326944),"1946","71-0",-100.234185,37.326944,82.6046448,"66-131"
"131","Meade",-63.44,"Meade",1946-06-04,371732100214701,119,0,c(-100.363724, 37.292754),"1946","71-0",-100.363724,37.292754,268.5789185,"263-328"
"132","Meade",-63.6,"Meade",1946-09-20,371732100214701,119,0,c(-100.363724, 37.292754),"1946","71-0",-100.363724,37.292754,268.5789185,"263-328"
"133","Meade",-62.62,"Meade",1946-12-21,371732100214701,119,0,c(-100.363724, 37.292754),"1946","71-0",-100.363724,37.292754,268.5789185,"263-328"
"134","Ford",-6.05,NA,1946-01-01,374445100025501,57,0,c(-100.050218, 37.750143),"1946","71-0",-100.050218,37.750143,124.5000458,"66-131"
"135","Ford",-5.39,NA,1946-10-25,374445100025501,57,0,c(-100.050218, 37.750143),"1946","71-0",-100.050218,37.750143,124.5000458,"66-131"
"136","Barber",-13.5,"LAKE CITY",1946-03-26,372023098490401,7,0,c(-98.818168, 37.341698),"1946","71-0",-98.818168,37.341698,NA,NA
"137","Barber",-13.64,"LAKE CITY",1946-06-05,372023098490401,7,0,c(-98.818168, 37.341698),"1946","71-0",-98.818168,37.341698,NA,NA
"138","Barber",-14.14,"LAKE CITY",1946-09-26,372023098490401,7,0,c(-98.818168, 37.341698),"1946","71-0",-98.818168,37.341698,NA,NA
"139","Barber",-13.61,"LAKE CITY",1946-12-20,372023098490401,7,0,c(-98.818168, 37.341698),"1946","71-0",-98.818168,37.341698,NA,NA
"140","Kiowa",-22.25,"Greensburg NE",1946-03-27,374117099193001,97,0,c(-99.327225, 37.689574),"1946","71-0",-99.327225,37.689574,118.9040146,"66-131"
"141","Kiowa",-22.26,"Greensburg NE",1946-06-20,374117099193001,97,0,c(-99.327225, 37.689574),"1946","71-0",-99.327225,37.689574,118.9040146,"66-131"
"142","Kiowa",-22.42,"Greensburg NE",1946-09-13,374117099193001,97,0,c(-99.327225, 37.689574),"1946","71-0",-99.327225,37.689574,118.9040146,"66-131"
"143","Kiowa",-22.27,"Greensburg NE",1946-12-19,374117099193001,97,0,c(-99.327225, 37.689574),"1946","71-0",-99.327225,37.689574,118.9040146,"66-131"
"144","Kiowa",-73.89,NA,1946-03-27,373819099040301,97,0,c(-99.071184, 37.63782),"1946","143-72",-99.071184,37.63782,110.6699219,"66-131"
"145","Kiowa",-73.68,NA,1946-06-20,373819099040301,97,0,c(-99.071184, 37.63782),"1946","143-72",-99.071184,37.63782,110.6699219,"66-131"
"146","Kiowa",-73.44,NA,1946-09-13,373819099040301,97,0,c(-99.071184, 37.63782),"1946","143-72",-99.071184,37.63782,110.6699219,"66-131"
"147","Kiowa",-73.39,NA,1946-12-19,373819099040301,97,0,c(-99.071184, 37.63782),"1946","143-72",-99.071184,37.63782,110.6699219,"66-131"
"148","Barber",-2.14,"AETNA",1946-03-26,370456098590801,7,0,c(-98.986097, 37.081174),"1946","71-0",-98.986097,37.081174,NA,NA
"149","Barber",-2.32,"AETNA",1946-06-05,370456098590801,7,0,c(-98.986097, 37.081174),"1946","71-0",-98.986097,37.081174,NA,NA
"150","Barber",-4.01,"AETNA",1946-09-26,370456098590801,7,0,c(-98.986097, 37.081174),"1946","71-0",-98.986097,37.081174,NA,NA
"151","Barber",-2.04,"AETNA",1946-12-20,370456098590801,7,0,c(-98.986097, 37.081174),"1946","71-0",-98.986097,37.081174,NA,NA
"152","Comanche",-38.93,"SUGARLOAF",1946-03-26,371124099310601,33,0,c(-99.519547, 37.190395),"1946","71-0",-99.519547,37.190395,NA,NA
"153","Comanche",-38.98,"SUGARLOAF",1946-06-05,371124099310601,33,0,c(-99.519547, 37.190395),"1946","71-0",-99.519547,37.190395,NA,NA
"154","Comanche",-39.08,"SUGARLOAF",1946-09-27,371124099310601,33,0,c(-99.519547, 37.190395),"1946","71-0",-99.519547,37.190395,NA,NA
"155","Comanche",-38.59,"SUGARLOAF",1946-12-20,371124099310601,33,0,c(-99.519547, 37.190395),"1946","71-0",-99.519547,37.190395,NA,NA
"156","Barber",-15.07,"AETNA",1946-03-26,370522098575401,7,0,c(-98.966, 37.088621),"1946","71-0",-98.966,37.088621,NA,NA
"157","Barber",-15.46,"AETNA",1946-06-05,370522098575401,7,0,c(-98.966, 37.088621),"1946","71-0",-98.966,37.088621,NA,NA
"158","Barber",-16.55,"AETNA",1946-09-26,370522098575401,7,0,c(-98.966, 37.088621),"1946","71-0",-98.966,37.088621,NA,NA
"159","Barber",-13.11,"AETNA",1946-12-20,370522098575401,7,0,c(-98.966, 37.088621),"1946","71-0",-98.966,37.088621,NA,NA
"160","Barber",-73.45,"SUN CITY SW",1946-03-26,372003098594401,7,0,c(-98.995933, 37.33419),"1946","143-72",-98.995933,37.33419,NA,NA
"161","Barber",-73.08,"SUN CITY SW",1946-06-05,372003098594401,7,0,c(-98.995933, 37.33419),"1946","143-72",-98.995933,37.33419,NA,NA
"162","Barber",-73.47,"SUN CITY SW",1946-09-26,372003098594401,7,0,c(-98.995933, 37.33419),"1946","143-72",-98.995933,37.33419,NA,NA
"163","Barber",-73.57,"SUN CITY SW",1946-12-20,372003098594401,7,0,c(-98.995933, 37.33419),"1946","143-72",-98.995933,37.33419,NA,NA
"164","Kiowa",-34.31,"Haviland NW",1946-03-27,374054099104501,97,0,c(-99.18199, 37.683232),"1946","71-0",-99.18199,37.683232,134.7836914,"132-197"
"165","Kiowa",-34.5,"Haviland NW",1946-06-20,374054099104501,97,0,c(-99.18199, 37.683232),"1946","71-0",-99.18199,37.683232,134.7836914,"132-197"
"166","Kiowa",-34.53,"Haviland NW",1946-09-13,374054099104501,97,0,c(-99.18199, 37.683232),"1946","71-0",-99.18199,37.683232,134.7836914,"132-197"
"167","Kiowa",-36,"Haviland NW",1946-12-19,374054099104501,97,0,c(-99.18199, 37.683232),"1946","71-0",-99.18199,37.683232,134.7836914,"132-197"
"168","Ford",-7.79,NA,1946-01-09,374559099343801,57,0,c(-99.579302, 37.773639),"1946","71-0",-99.579302,37.773639,45.6314163,"0-65"
"169","Ford",-7.89,NA,1946-04-30,374559099343801,57,0,c(-99.579302, 37.773639),"1946","71-0",-99.579302,37.773639,45.6314163,"0-65"
"170","Ford",-8.54,NA,1946-07-11,374559099343801,57,0,c(-99.579302, 37.773639),"1946","71-0",-99.579302,37.773639,45.6314163,"0-65"
"171","Ford",-8.78,NA,1946-10-25,374559099343801,57,0,c(-99.579302, 37.773639),"1946","71-0",-99.579302,37.773639,45.6314163,"0-65"
"172","Barber",-102.48,"AETNA",1946-03-26,370047098552901,7,0,c(-98.926507, 37.011351),"1946","143-72",-98.926507,37.011351,NA,NA
"173","Barber",-102.6,"AETNA",1946-06-05,370047098552901,7,0,c(-98.926507, 37.011351),"1946","143-72",-98.926507,37.011351,NA,NA
"174","Barber",-102.75,"AETNA",1946-09-26,370047098552901,7,0,c(-98.926507, 37.011351),"1946","143-72",-98.926507,37.011351,NA,NA
"175","Barber",-102.69,"AETNA",1946-12-20,370047098552901,7,0,c(-98.926507, 37.011351),"1946","143-72",-98.926507,37.011351,NA,NA
"176","Comanche",-82.93,"COLDWATER",1946-09-26,371958099190101,33,0,c(-99.316574, 37.333281),"1946","143-72",-99.316574,37.333281,25,"0-65"
"177","Barber",-10.53,"SHARON NORTH",1946-03-26,371513098253801,7,0,c(-98.42789, 37.254447),"1946","71-0",-98.42789,37.254447,NA,NA
"178","Barber",-11.88,"SHARON NORTH",1946-06-05,371513098253801,7,0,c(-98.42789, 37.254447),"1946","71-0",-98.42789,37.254447,NA,NA
"179","Barber",-14.2,"SHARON NORTH",1946-09-26,371513098253801,7,0,c(-98.42789, 37.254447),"1946","71-0",-98.42789,37.254447,NA,NA
"180","Barber",-11.41,"SHARON NORTH",1946-12-20,371513098253801,7,0,c(-98.42789, 37.254447),"1946","71-0",-98.42789,37.254447,NA,NA
"181","Barber",-6.38,"SHARON SOUTH",1946-03-26,370728098240101,7,0,c(-98.400422, 37.125071),"1946","71-0",-98.400422,37.125071,NA,NA
"182","Barber",-6.06,"SHARON SOUTH",1946-06-05,370728098240101,7,0,c(-98.400422, 37.125071),"1946","71-0",-98.400422,37.125071,NA,NA
"183","Barber",-9.05,"SHARON SOUTH",1946-09-26,370728098240101,7,0,c(-98.400422, 37.125071),"1946","71-0",-98.400422,37.125071,NA,NA
"184","Barber",-6.42,"SHARON SOUTH",1946-12-20,370728098240101,7,0,c(-98.400422, 37.125071),"1946","71-0",-98.400422,37.125071,NA,NA
"185","Kingman",-63.71,NA,1946-01-09,374300098185501,95,0,c(-98.318144, 37.71689),"1946","71-0",-98.318144,37.71689,117.3610229,"66-131"
"186","Kingman",-63.88,NA,1946-02-08,374300098185501,95,0,c(-98.318144, 37.71689),"1946","71-0",-98.318144,37.71689,117.3610229,"66-131"
"187","Kingman",-63.91,NA,1946-03-08,374300098185501,95,0,c(-98.318144, 37.71689),"1946","71-0",-98.318144,37.71689,117.3610229,"66-131"
"188","Kingman",-62.84,NA,1946-04-13,374300098185501,95,0,c(-98.318144, 37.71689),"1946","71-0",-98.318144,37.71689,117.3610229,"66-131"
"189","Kingman",-62.88,NA,1946-05-07,374300098185501,95,0,c(-98.318144, 37.71689),"1946","71-0",-98.318144,37.71689,117.3610229,"66-131"
"190","Kingman",-62.93,NA,1946-06-01,374300098185501,95,0,c(-98.318144, 37.71689),"1946","71-0",-98.318144,37.71689,117.3610229,"66-131"
"191","Kingman",-62.71,NA,1946-07-13,374300098185501,95,0,c(-98.318144, 37.71689),"1946","71-0",-98.318144,37.71689,117.3610229,"66-131"
"192","Kingman",-62.69,NA,1946-08-02,374300098185501,95,0,c(-98.318144, 37.71689),"1946","71-0",-98.318144,37.71689,117.3610229,"66-131"
"193","Kingman",-62.67,NA,1946-08-29,374300098185501,95,0,c(-98.318144, 37.71689),"1946","71-0",-98.318144,37.71689,117.3610229,"66-131"
"194","Kingman",-62.51,NA,1946-09-30,374300098185501,95,0,c(-98.318144, 37.71689),"1946","71-0",-98.318144,37.71689,117.3610229,"66-131"
"195","Kingman",-62.58,NA,1946-11-12,374300098185501,95,0,c(-98.318144, 37.71689),"1946","71-0",-98.318144,37.71689,117.3610229,"66-131"
"196","Kingman",-62.44,NA,1946-12-05,374300098185501,95,0,c(-98.318144, 37.71689),"1946","71-0",-98.318144,37.71689,117.3610229,"66-131"
"197","Barber",-15.17,"MEDICINE LODGE SW",1946-03-15,371710098374501,7,0,c(-98.630358, 37.288091),"1946","71-0",-98.630358,37.288091,NA,NA
"198","Barber",-15.17,"MEDICINE LODGE SW",1946-03-26,371710098374501,7,0,c(-98.630358, 37.288091),"1946","71-0",-98.630358,37.288091,NA,NA
"199","Barber",-15.27,"MEDICINE LODGE SW",1946-06-05,371710098374501,7,0,c(-98.630358, 37.288091),"1946","71-0",-98.630358,37.288091,NA,NA
"200","Barber",-15.27,"MEDICINE LODGE SW",1946-06-20,371710098374501,7,0,c(-98.630358, 37.288091),"1946","71-0",-98.630358,37.288091,NA,NA
"201","Barber",-16.31,"MEDICINE LODGE SW",1946-09-26,371710098374501,7,0,c(-98.630358, 37.288091),"1946","71-0",-98.630358,37.288091,NA,NA
"202","Barber",-16.17,"MEDICINE LODGE SW",1946-12-20,371710098374501,7,0,c(-98.630358, 37.288091),"1946","71-0",-98.630358,37.288091,NA,NA
"203","Barber",-15.04,"MEDICINE LODGE",1946-03-26,371635098342401,7,0,c(-98.57548, 37.277672),"1946","71-0",-98.57548,37.277672,NA,NA
"204","Barber",-15.94,"MEDICINE LODGE",1946-06-05,371635098342401,7,0,c(-98.57548, 37.277672),"1946","71-0",-98.57548,37.277672,NA,NA
"205","Barber",-17.51,"MEDICINE LODGE",1946-09-26,371635098342401,7,0,c(-98.57548, 37.277672),"1946","71-0",-98.57548,37.277672,NA,NA
"206","Barber",-13.71,"MEDICINE LODGE",1946-12-20,371635098342401,7,0,c(-98.57548, 37.277672),"1946","71-0",-98.57548,37.277672,NA,NA
"207","Barber",-22.3,"GERLANE",1946-03-26,371231098344301,7,0,c(-98.581171, 37.209863),"1946","71-0",-98.581171,37.209863,NA,NA
"208","Barber",-21.14,"GERLANE",1946-06-05,371231098344301,7,0,c(-98.581171, 37.209863),"1946","71-0",-98.581171,37.209863,NA,NA
"209","Barber",-21.83,"GERLANE",1946-09-26,371231098344301,7,0,c(-98.581171, 37.209863),"1946","71-0",-98.581171,37.209863,NA,NA
"210","Sedgwick",-20.15,NA,1946-01-02,374725097351501,173,0,c(-97.589444, 37.786389),"1946","71-0",-97.589444,37.786389,58.9524345,"0-65"
"211","Sedgwick",-20.19,NA,1946-02-05,374725097351501,173,0,c(-97.589444, 37.786389),"1946","71-0",-97.589444,37.786389,58.9524345,"0-65"
"212","Sedgwick",-20.04,NA,1946-03-06,374725097351501,173,0,c(-97.589444, 37.786389),"1946","71-0",-97.589444,37.786389,58.9524345,"0-65"
"213","Sedgwick",-19.98,NA,1946-04-02,374725097351501,173,0,c(-97.589444, 37.786389),"1946","71-0",-97.589444,37.786389,58.9524345,"0-65"
"214","Sedgwick",-20.19,NA,1946-05-02,374725097351501,173,0,c(-97.589444, 37.786389),"1946","71-0",-97.589444,37.786389,58.9524345,"0-65"
"215","Sedgwick",-20.5,NA,1946-05-28,374725097351501,173,0,c(-97.589444, 37.786389),"1946","71-0",-97.589444,37.786389,58.9524345,"0-65"
"216","Sedgwick",-20.89,NA,1946-07-02,374725097351501,173,0,c(-97.589444, 37.786389),"1946","71-0",-97.589444,37.786389,58.9524345,"0-65"
"217","Sedgwick",-21.02,NA,1946-07-30,374725097351501,173,0,c(-97.589444, 37.786389),"1946","71-0",-97.589444,37.786389,58.9524345,"0-65"
"218","Sedgwick",-21.48,NA,1946-09-26,374725097351501,173,0,c(-97.589444, 37.786389),"1946","71-0",-97.589444,37.786389,58.9524345,"0-65"
"219","Sedgwick",-21.68,NA,1946-11-06,374725097351501,173,0,c(-97.589444, 37.786389),"1946","71-0",-97.589444,37.786389,58.9524345,"0-65"
"220","Sedgwick",-21.85,NA,1946-12-03,374725097351501,173,0,c(-97.589444, 37.786389),"1946","71-0",-97.589444,37.786389,58.9524345,"0-65"
"221","Sedgwick",-21.93,NA,1946-12-31,374725097351501,173,0,c(-97.589444, 37.786389),"1946","71-0",-97.589444,37.786389,58.9524345,"0-65"
"222","Sedgwick",-3.1,NA,1946-01-02,374705097253601,173,0,c(-97.427083, 37.781528),"1946","71-0",-97.427083,37.781528,108.9587555,"66-131"
"223","Sedgwick",-3.12,NA,1946-02-05,374705097253601,173,0,c(-97.427083, 37.781528),"1946","71-0",-97.427083,37.781528,108.9587555,"66-131"
"224","Sedgwick",-2.26,NA,1946-03-06,374705097253601,173,0,c(-97.427083, 37.781528),"1946","71-0",-97.427083,37.781528,108.9587555,"66-131"
"225","Sedgwick",-1.44,NA,1946-04-02,374705097253601,173,0,c(-97.427083, 37.781528),"1946","71-0",-97.427083,37.781528,108.9587555,"66-131"
"226","Sedgwick",-3.23,NA,1946-05-02,374705097253601,173,0,c(-97.427083, 37.781528),"1946","71-0",-97.427083,37.781528,108.9587555,"66-131"
"227","Sedgwick",-3.69,NA,1946-05-28,374705097253601,173,0,c(-97.427083, 37.781528),"1946","71-0",-97.427083,37.781528,108.9587555,"66-131"
"228","Sedgwick",-4.13,NA,1946-07-02,374705097253601,173,0,c(-97.427083, 37.781528),"1946","71-0",-97.427083,37.781528,108.9587555,"66-131"
"229","Sedgwick",-4.65,NA,1946-07-30,374705097253601,173,0,c(-97.427083, 37.781528),"1946","71-0",-97.427083,37.781528,108.9587555,"66-131"
"230","Sedgwick",-5.2,NA,1946-09-26,374705097253601,173,0,c(-97.427083, 37.781528),"1946","71-0",-97.427083,37.781528,108.9587555,"66-131"
"231","Sedgwick",-4.61,NA,1946-11-06,374705097253601,173,0,c(-97.427083, 37.781528),"1946","71-0",-97.427083,37.781528,108.9587555,"66-131"
"232","Sedgwick",-4.16,NA,1946-12-03,374705097253601,173,0,c(-97.427083, 37.781528),"1946","71-0",-97.427083,37.781528,108.9587555,"66-131"
"233","Sedgwick",-3.98,NA,1946-12-31,374705097253601,173,0,c(-97.427083, 37.781528),"1946","71-0",-97.427083,37.781528,108.9587555,"66-131"
"234","Sedgwick",-9.94,NA,1946-01-03,374651097195901,173,0,c(-97.335417, 37.78125),"1946","71-0",-97.335417,37.78125,1.4878571,"0-65"
"235","Sedgwick",-9.94,NA,1946-02-08,374651097195901,173,0,c(-97.335417, 37.78125),"1946","71-0",-97.335417,37.78125,1.4878571,"0-65"
"236","Sedgwick",-10.5,NA,1946-03-06,374651097195901,173,0,c(-97.335417, 37.78125),"1946","71-0",-97.335417,37.78125,1.4878571,"0-65"
"237","Sedgwick",-9.47,NA,1946-04-02,374651097195901,173,0,c(-97.335417, 37.78125),"1946","71-0",-97.335417,37.78125,1.4878571,"0-65"
"238","Sedgwick",-10.28,NA,1946-05-02,374651097195901,173,0,c(-97.335417, 37.78125),"1946","71-0",-97.335417,37.78125,1.4878571,"0-65"
"239","Sedgwick",-10.64,NA,1946-05-28,374651097195901,173,0,c(-97.335417, 37.78125),"1946","71-0",-97.335417,37.78125,1.4878571,"0-65"
"240","Sedgwick",-11.64,NA,1946-07-02,374651097195901,173,0,c(-97.335417, 37.78125),"1946","71-0",-97.335417,37.78125,1.4878571,"0-65"
"241","Sedgwick",-12.34,NA,1946-07-30,374651097195901,173,0,c(-97.335417, 37.78125),"1946","71-0",-97.335417,37.78125,1.4878571,"0-65"
"242","Sedgwick",-13.43,NA,1946-09-26,374651097195901,173,0,c(-97.335417, 37.78125),"1946","71-0",-97.335417,37.78125,1.4878571,"0-65"
"243","Sedgwick",-13.86,NA,1946-11-06,374651097195901,173,0,c(-97.335417, 37.78125),"1946","71-0",-97.335417,37.78125,1.4878571,"0-65"
"244","Sedgwick",-13.93,NA,1946-12-03,374651097195901,173,0,c(-97.335417, 37.78125),"1946","71-0",-97.335417,37.78125,1.4878571,"0-65"
"245","Sedgwick",-13.93,NA,1946-12-31,374651097195901,173,0,c(-97.335417, 37.78125),"1946","71-0",-97.335417,37.78125,1.4878571,"0-65"
"246","Sedgwick",-19.83,NA,1946-01-02,374837097320101,173,0,c(-97.536528, 37.808333),"1946","71-0",-97.536528,37.808333,220.8691711,"198-262"
"247","Sedgwick",-19.91,NA,1946-02-05,374837097320101,173,0,c(-97.536528, 37.808333),"1946","71-0",-97.536528,37.808333,220.8691711,"198-262"
"248","Sedgwick",-19.61,NA,1946-03-06,374837097320101,173,0,c(-97.536528, 37.808333),"1946","71-0",-97.536528,37.808333,220.8691711,"198-262"
"249","Sedgwick",-20.37,NA,1946-04-02,374837097320101,173,0,c(-97.536528, 37.808333),"1946","71-0",-97.536528,37.808333,220.8691711,"198-262"
"250","Sedgwick",-20.71,NA,1946-05-02,374837097320101,173,0,c(-97.536528, 37.808333),"1946","71-0",-97.536528,37.808333,220.8691711,"198-262"
"251","Sedgwick",-20.99,NA,1946-05-28,374837097320101,173,0,c(-97.536528, 37.808333),"1946","71-0",-97.536528,37.808333,220.8691711,"198-262"
"252","Sedgwick",-21.44,NA,1946-07-02,374837097320101,173,0,c(-97.536528, 37.808333),"1946","71-0",-97.536528,37.808333,220.8691711,"198-262"
"253","Sedgwick",-21.79,NA,1946-07-30,374837097320101,173,0,c(-97.536528, 37.808333),"1946","71-0",-97.536528,37.808333,220.8691711,"198-262"
"254","Sedgwick",-19.54,NA,1946-09-26,374837097320101,173,0,c(-97.536528, 37.808333),"1946","71-0",-97.536528,37.808333,220.8691711,"198-262"
"255","Sedgwick",-22.55,NA,1946-11-06,374837097320101,173,0,c(-97.536528, 37.808333),"1946","71-0",-97.536528,37.808333,220.8691711,"198-262"
"256","Sedgwick",-22.76,NA,1946-12-03,374837097320101,173,0,c(-97.536528, 37.808333),"1946","71-0",-97.536528,37.808333,220.8691711,"198-262"
"257","Sedgwick",-22.65,NA,1946-12-31,374837097320101,173,0,c(-97.536528, 37.808333),"1946","71-0",-97.536528,37.808333,220.8691711,"198-262"
"258","Sedgwick",-3.49,"Maize",1946-01-02,374659097280201,173,0,c(-97.469444, 37.780556),"1946","71-0",-97.469444,37.780556,172.2578278,"132-197"
"259","Sedgwick",-3.51,"Maize",1946-02-05,374659097280201,173,0,c(-97.469444, 37.780556),"1946","71-0",-97.469444,37.780556,172.2578278,"132-197"
"260","Sedgwick",-3.01,"Maize",1946-03-06,374659097280201,173,0,c(-97.469444, 37.780556),"1946","71-0",-97.469444,37.780556,172.2578278,"132-197"
"261","Sedgwick",-2.96,"Maize",1946-04-02,374659097280201,173,0,c(-97.469444, 37.780556),"1946","71-0",-97.469444,37.780556,172.2578278,"132-197"
"262","Sedgwick",-3.77,"Maize",1946-05-02,374659097280201,173,0,c(-97.469444, 37.780556),"1946","71-0",-97.469444,37.780556,172.2578278,"132-197"
"263","Sedgwick",-4.36,"Maize",1946-05-28,374659097280201,173,0,c(-97.469444, 37.780556),"1946","71-0",-97.469444,37.780556,172.2578278,"132-197"
"264","Sedgwick",-4.84,"Maize",1946-07-02,374659097280201,173,0,c(-97.469444, 37.780556),"1946","71-0",-97.469444,37.780556,172.2578278,"132-197"
"265","Sedgwick",-5.55,"Maize",1946-07-30,374659097280201,173,0,c(-97.469444, 37.780556),"1946","71-0",-97.469444,37.780556,172.2578278,"132-197"
"266","Sedgwick",-6.27,"Maize",1946-09-26,374659097280201,173,0,c(-97.469444, 37.780556),"1946","71-0",-97.469444,37.780556,172.2578278,"132-197"
"267","Sedgwick",-5.06,"Maize",1946-11-06,374659097280201,173,0,c(-97.469444, 37.780556),"1946","71-0",-97.469444,37.780556,172.2578278,"132-197"
"268","Sedgwick",-5.26,"Maize",1946-12-03,374659097280201,173,0,c(-97.469444, 37.780556),"1946","71-0",-97.469444,37.780556,172.2578278,"132-197"
"269","Sedgwick",-3.74,"Maize",1946-12-28,374659097280201,173,0,c(-97.469444, 37.780556),"1946","71-0",-97.469444,37.780556,172.2578278,"132-197"
"270","Sedgwick",-5.07,"Maize",1946-12-31,374659097280201,173,0,c(-97.469444, 37.780556),"1946","71-0",-97.469444,37.780556,172.2578278,"132-197"
"271","Sedgwick",-11.25,NA,1946-01-05,374149097220501,173,0,c(-97.369021, 37.69641),"1946","71-0",-97.369021,37.69641,NA,NA
"272","Sedgwick",-11.07,NA,1946-01-10,374149097220501,173,0,c(-97.369021, 37.69641),"1946","71-0",-97.369021,37.69641,NA,NA
"273","Sedgwick",-11.03,NA,1946-01-15,374149097220501,173,0,c(-97.369021, 37.69641),"1946","71-0",-97.369021,37.69641,NA,NA
"274","Sedgwick",-11.07,NA,1946-01-20,374149097220501,173,0,c(-97.369021, 37.69641),"1946","71-0",-97.369021,37.69641,NA,NA
"275","Sedgwick",-11.12,NA,1946-01-25,374149097220501,173,0,c(-97.369021, 37.69641),"1946","71-0",-97.369021,37.69641,NA,NA
"276","Sedgwick",-11.19,NA,1946-01-30,374149097220501,173,0,c(-97.369021, 37.69641),"1946","71-0",-97.369021,37.69641,NA,NA
"277","Sedgwick",-11.2,NA,1946-02-05,374149097220501,173,0,c(-97.369021, 37.69641),"1946","71-0",-97.369021,37.69641,NA,NA
"278","Sedgwick",-11.2,NA,1946-02-10,374149097220501,173,0,c(-97.369021, 37.69641),"1946","71-0",-97.369021,37.69641,NA,NA
"279","Sedgwick",-11.27,NA,1946-02-15,374149097220501,173,0,c(-97.369021, 37.69641),"1946","71-0",-97.369021,37.69641,NA,NA
"280","Sedgwick",-11.2,NA,1946-02-20,374149097220501,173,0,c(-97.369021, 37.69641),"1946","71-0",-97.369021,37.69641,NA,NA
"281","Sedgwick",-11.13,NA,1946-02-25,374149097220501,173,0,c(-97.369021, 37.69641),"1946","71-0",-97.369021,37.69641,NA,NA
"282","Sedgwick",-11.67,NA,1946-03-15,374149097220501,173,0,c(-97.369021, 37.69641),"1946","71-0",-97.369021,37.69641,NA,NA
"283","Sedgwick",-11.66,NA,1946-03-20,374149097220501,173,0,c(-97.369021, 37.69641),"1946","71-0",-97.369021,37.69641,NA,NA
"284","Sedgwick",-11.63,NA,1946-03-25,374149097220501,173,0,c(-97.369021, 37.69641),"1946","71-0",-97.369021,37.69641,NA,NA
"285","Sedgwick",-11.67,NA,1946-03-30,374149097220501,173,0,c(-97.369021, 37.69641),"1946","71-0",-97.369021,37.69641,NA,NA
"286","Sedgwick",-11.78,NA,1946-04-10,374149097220501,173,0,c(-97.369021, 37.69641),"1946","71-0",-97.369021,37.69641,NA,NA
"287","Sedgwick",-11.82,NA,1946-04-15,374149097220501,173,0,c(-97.369021, 37.69641),"1946","71-0",-97.369021,37.69641,NA,NA
"288","Sedgwick",-11.85,NA,1946-04-20,374149097220501,173,0,c(-97.369021, 37.69641),"1946","71-0",-97.369021,37.69641,NA,NA
"289","Sedgwick",-11.89,NA,1946-04-25,374149097220501,173,0,c(-97.369021, 37.69641),"1946","71-0",-97.369021,37.69641,NA,NA
"290","Sedgwick",-11.95,NA,1946-04-30,374149097220501,173,0,c(-97.369021, 37.69641),"1946","71-0",-97.369021,37.69641,NA,NA
"291","Sedgwick",-11.99,NA,1946-05-05,374149097220501,173,0,c(-97.369021, 37.69641),"1946","71-0",-97.369021,37.69641,NA,NA
"292","Sedgwick",-12.04,NA,1946-05-10,374149097220501,173,0,c(-97.369021, 37.69641),"1946","71-0",-97.369021,37.69641,NA,NA
"293","Sedgwick",-11.47,NA,1946-05-20,374149097220501,173,0,c(-97.369021, 37.69641),"1946","71-0",-97.369021,37.69641,NA,NA
"294","Sedgwick",-11.65,NA,1946-06-05,374149097220501,173,0,c(-97.369021, 37.69641),"1946","71-0",-97.369021,37.69641,NA,NA
"295","Sedgwick",-11.31,NA,1946-06-10,374149097220501,173,0,c(-97.369021, 37.69641),"1946","71-0",-97.369021,37.69641,NA,NA
"296","Sedgwick",-11.41,NA,1946-06-15,374149097220501,173,0,c(-97.369021, 37.69641),"1946","71-0",-97.369021,37.69641,NA,NA
"297","Sedgwick",-11.8,NA,1946-06-20,374149097220501,173,0,c(-97.369021, 37.69641),"1946","71-0",-97.369021,37.69641,NA,NA
"298","Sedgwick",-11.62,NA,1946-06-25,374149097220501,173,0,c(-97.369021, 37.69641),"1946","71-0",-97.369021,37.69641,NA,NA
"299","Sedgwick",-11.66,NA,1946-06-30,374149097220501,173,0,c(-97.369021, 37.69641),"1946","71-0",-97.369021,37.69641,NA,NA
"300","Sedgwick",-11.51,NA,1946-07-05,374149097220501,173,0,c(-97.369021, 37.69641),"1946","71-0",-97.369021,37.69641,NA,NA
"301","Sedgwick",-11.67,NA,1946-07-10,374149097220501,173,0,c(-97.369021, 37.69641),"1946","71-0",-97.369021,37.69641,NA,NA
"302","Sedgwick",-12.31,NA,1946-07-15,374149097220501,173,0,c(-97.369021, 37.69641),"1946","71-0",-97.369021,37.69641,NA,NA
"303","Sedgwick",-13.03,NA,1946-07-20,374149097220501,173,0,c(-97.369021, 37.69641),"1946","71-0",-97.369021,37.69641,NA,NA
"304","Sedgwick",-13.8,NA,1946-07-25,374149097220501,173,0,c(-97.369021, 37.69641),"1946","71-0",-97.369021,37.69641,NA,NA
"305","Sedgwick",-13.33,NA,1946-07-30,374149097220501,173,0,c(-97.369021, 37.69641),"1946","71-0",-97.369021,37.69641,NA,NA
"306","Sedgwick",-13.51,NA,1946-08-05,374149097220501,173,0,c(-97.369021, 37.69641),"1946","71-0",-97.369021,37.69641,NA,NA
"307","Sedgwick",-13.58,NA,1946-08-10,374149097220501,173,0,c(-97.369021, 37.69641),"1946","71-0",-97.369021,37.69641,NA,NA
"308","Sedgwick",-13.58,NA,1946-08-15,374149097220501,173,0,c(-97.369021, 37.69641),"1946","71-0",-97.369021,37.69641,NA,NA
"309","Sedgwick",-12.29,NA,1946-08-20,374149097220501,173,0,c(-97.369021, 37.69641),"1946","71-0",-97.369021,37.69641,NA,NA
"310","Sedgwick",-12.17,NA,1946-08-25,374149097220501,173,0,c(-97.369021, 37.69641),"1946","71-0",-97.369021,37.69641,NA,NA
"311","Sedgwick",-12.12,NA,1946-08-30,374149097220501,173,0,c(-97.369021, 37.69641),"1946","71-0",-97.369021,37.69641,NA,NA
"312","Sedgwick",-12.11,NA,1946-09-05,374149097220501,173,0,c(-97.369021, 37.69641),"1946","71-0",-97.369021,37.69641,NA,NA
"313","Sedgwick",-12.05,NA,1946-09-10,374149097220501,173,0,c(-97.369021, 37.69641),"1946","71-0",-97.369021,37.69641,NA,NA
"314","Sedgwick",-10.99,NA,1946-09-15,374149097220501,173,0,c(-97.369021, 37.69641),"1946","71-0",-97.369021,37.69641,NA,NA
"315","Sedgwick",-11.29,NA,1946-09-20,374149097220501,173,0,c(-97.369021, 37.69641),"1946","71-0",-97.369021,37.69641,NA,NA
"316","Sedgwick",-11.45,NA,1946-09-25,374149097220501,173,0,c(-97.369021, 37.69641),"1946","71-0",-97.369021,37.69641,NA,NA
"317","Sedgwick",-11.58,NA,1946-09-30,374149097220501,173,0,c(-97.369021, 37.69641),"1946","71-0",-97.369021,37.69641,NA,NA
"318","Sedgwick",-11.65,NA,1946-10-05,374149097220501,173,0,c(-97.369021, 37.69641),"1946","71-0",-97.369021,37.69641,NA,NA
"319","Sedgwick",-11.23,NA,1946-10-10,374149097220501,173,0,c(-97.369021, 37.69641),"1946","71-0",-97.369021,37.69641,NA,NA
"320","Sedgwick",-9.12,NA,1946-10-15,374149097220501,173,0,c(-97.369021, 37.69641),"1946","71-0",-97.369021,37.69641,NA,NA
"321","Sedgwick",-9.97,NA,1946-10-20,374149097220501,173,0,c(-97.369021, 37.69641),"1946","71-0",-97.369021,37.69641,NA,NA
"322","Sedgwick",-10.26,NA,1946-10-25,374149097220501,173,0,c(-97.369021, 37.69641),"1946","71-0",-97.369021,37.69641,NA,NA
"323","Sedgwick",-10.71,NA,1946-10-30,374149097220501,173,0,c(-97.369021, 37.69641),"1946","71-0",-97.369021,37.69641,NA,NA
"324","Sedgwick",-10.81,NA,1946-11-10,374149097220501,173,0,c(-97.369021, 37.69641),"1946","71-0",-97.369021,37.69641,NA,NA
"325","Sedgwick",-10.26,NA,1946-11-15,374149097220501,173,0,c(-97.369021, 37.69641),"1946","71-0",-97.369021,37.69641,NA,NA
"326","Sedgwick",-10.41,NA,1946-11-20,374149097220501,173,0,c(-97.369021, 37.69641),"1946","71-0",-97.369021,37.69641,NA,NA
"327","Sedgwick",-10.69,NA,1946-11-25,374149097220501,173,0,c(-97.369021, 37.69641),"1946","71-0",-97.369021,37.69641,NA,NA
"328","Sedgwick",-10.78,NA,1946-11-30,374149097220501,173,0,c(-97.369021, 37.69641),"1946","71-0",-97.369021,37.69641,NA,NA
"329","Sedgwick",-10.86,NA,1946-12-05,374149097220501,173,0,c(-97.369021, 37.69641),"1946","71-0",-97.369021,37.69641,NA,NA
"330","Sedgwick",-10.9,NA,1946-12-10,374149097220501,173,0,c(-97.369021, 37.69641),"1946","71-0",-97.369021,37.69641,NA,NA
"331","Sedgwick",-10.84,NA,1946-12-15,374149097220501,173,0,c(-97.369021, 37.69641),"1946","71-0",-97.369021,37.69641,NA,NA
"332","Sedgwick",-10.96,NA,1946-12-20,374149097220501,173,0,c(-97.369021, 37.69641),"1946","71-0",-97.369021,37.69641,NA,NA
"333","Sedgwick",-11.05,NA,1946-12-25,374149097220501,173,0,c(-97.369021, 37.69641),"1946","71-0",-97.369021,37.69641,NA,NA
"334","Sedgwick",-11.09,NA,1946-12-30,374149097220501,173,0,c(-97.369021, 37.69641),"1946","71-0",-97.369021,37.69641,NA,NA
"335","Sedgwick",-16.7,NA,1946-01-02,374329097213701,173,0,c(-97.360601, 37.724735),"1946","71-0",-97.360601,37.724735,NA,NA
"336","Sedgwick",-16.74,NA,1946-02-05,374329097213701,173,0,c(-97.360601, 37.724735),"1946","71-0",-97.360601,37.724735,NA,NA
"337","Sedgwick",-16.59,NA,1946-03-06,374329097213701,173,0,c(-97.360601, 37.724735),"1946","71-0",-97.360601,37.724735,NA,NA
"338","Sedgwick",-16.53,NA,1946-04-02,374329097213701,173,0,c(-97.360601, 37.724735),"1946","71-0",-97.360601,37.724735,NA,NA
"339","Sedgwick",-16.8,NA,1946-05-02,374329097213701,173,0,c(-97.360601, 37.724735),"1946","71-0",-97.360601,37.724735,NA,NA
"340","Sedgwick",-16.12,NA,1946-05-28,374329097213701,173,0,c(-97.360601, 37.724735),"1946","71-0",-97.360601,37.724735,NA,NA
"341","Sedgwick",-16.36,NA,1946-07-02,374329097213701,173,0,c(-97.360601, 37.724735),"1946","71-0",-97.360601,37.724735,NA,NA
"342","Sedgwick",-17.04,NA,1946-07-30,374329097213701,173,0,c(-97.360601, 37.724735),"1946","71-0",-97.360601,37.724735,NA,NA
"343","Sedgwick",-16.98,NA,1946-09-26,374329097213701,173,0,c(-97.360601, 37.724735),"1946","71-0",-97.360601,37.724735,NA,NA
"344","Sedgwick",-16.78,NA,1946-11-06,374329097213701,173,0,c(-97.360601, 37.724735),"1946","71-0",-97.360601,37.724735,NA,NA
"345","Sedgwick",-16.72,NA,1946-12-03,374329097213701,173,0,c(-97.360601, 37.724735),"1946","71-0",-97.360601,37.724735,NA,NA
"346","Sedgwick",-16.47,NA,1946-12-31,374329097213701,173,0,c(-97.360601, 37.724735),"1946","71-0",-97.360601,37.724735,NA,NA
"347","Crawford",-271.59,NA,1946-02-11,373026094501801,37,0,c(-94.839218, 37.507419),"1946","287-216",-94.839218,37.507419,NA,NA
"348","Hamilton",-13.17,NA,1946-01-03,375851101442001,75,0,c(-101.740668, 37.981062),"1946","71-0",-101.740668,37.981062,10,"0-65"
"349","Hamilton",-13.24,NA,1946-02-09,375851101442001,75,0,c(-101.740668, 37.981062),"1946","71-0",-101.740668,37.981062,10,"0-65"
"350","Hamilton",-13.3,NA,1946-03-08,375851101442001,75,0,c(-101.740668, 37.981062),"1946","71-0",-101.740668,37.981062,10,"0-65"
"351","Hamilton",-13.32,NA,1946-04-05,375851101442001,75,0,c(-101.740668, 37.981062),"1946","71-0",-101.740668,37.981062,10,"0-65"
"352","Hamilton",-13.43,NA,1946-05-18,375851101442001,75,0,c(-101.740668, 37.981062),"1946","71-0",-101.740668,37.981062,10,"0-65"
"353","Hamilton",-12.99,NA,1946-06-26,375851101442001,75,0,c(-101.740668, 37.981062),"1946","71-0",-101.740668,37.981062,10,"0-65"
"354","Hamilton",-12.85,NA,1946-07-06,375851101442001,75,0,c(-101.740668, 37.981062),"1946","71-0",-101.740668,37.981062,10,"0-65"
"355","Hamilton",-13.68,NA,1946-08-02,375851101442001,75,0,c(-101.740668, 37.981062),"1946","71-0",-101.740668,37.981062,10,"0-65"
"356","Hamilton",-14.18,NA,1946-09-14,375851101442001,75,0,c(-101.740668, 37.981062),"1946","71-0",-101.740668,37.981062,10,"0-65"
"357","Hamilton",-13.99,NA,1946-10-19,375851101442001,75,0,c(-101.740668, 37.981062),"1946","71-0",-101.740668,37.981062,10,"0-65"
"358","Hamilton",-13.3,NA,1946-11-22,375851101442001,75,0,c(-101.740668, 37.981062),"1946","71-0",-101.740668,37.981062,10,"0-65"
"359","Hamilton",-13.14,NA,1946-12-06,375851101442001,75,0,c(-101.740668, 37.981062),"1946","71-0",-101.740668,37.981062,10,"0-65"
"360","Hamilton",-52.13,NA,1946-01-03,375637101330201,75,0,c(-101.549627, 37.94487),"1946","71-0",-101.549627,37.94487,NA,NA
"361","Hamilton",-52.13,NA,1946-02-09,375637101330201,75,0,c(-101.549627, 37.94487),"1946","71-0",-101.549627,37.94487,NA,NA
"362","Hamilton",-52.21,NA,1946-03-08,375637101330201,75,0,c(-101.549627, 37.94487),"1946","71-0",-101.549627,37.94487,NA,NA
"363","Hamilton",-52.29,NA,1946-04-05,375637101330201,75,0,c(-101.549627, 37.94487),"1946","71-0",-101.549627,37.94487,NA,NA
"364","Hamilton",-52.5,NA,1946-05-18,375637101330201,75,0,c(-101.549627, 37.94487),"1946","71-0",-101.549627,37.94487,NA,NA
"365","Hamilton",-52.61,NA,1946-06-26,375637101330201,75,0,c(-101.549627, 37.94487),"1946","71-0",-101.549627,37.94487,NA,NA
"366","Hamilton",-52.69,NA,1946-07-06,375637101330201,75,0,c(-101.549627, 37.94487),"1946","71-0",-101.549627,37.94487,NA,NA
"367","Hamilton",-53.25,NA,1946-08-17,375637101330201,75,0,c(-101.549627, 37.94487),"1946","71-0",-101.549627,37.94487,NA,NA
"368","Hamilton",-53.9,NA,1946-09-14,375637101330201,75,0,c(-101.549627, 37.94487),"1946","71-0",-101.549627,37.94487,NA,NA
"369","Hamilton",-52.44,NA,1946-10-19,375637101330201,75,0,c(-101.549627, 37.94487),"1946","71-0",-101.549627,37.94487,NA,NA
"370","Hamilton",-52.2,NA,1946-11-22,375637101330201,75,0,c(-101.549627, 37.94487),"1946","71-0",-101.549627,37.94487,NA,NA
"371","Hamilton",-52.12,NA,1946-12-06,375637101330201,75,0,c(-101.549627, 37.94487),"1946","71-0",-101.549627,37.94487,NA,NA
"372","Hamilton",-12.62,"Holly East",1946-02-15,380236102023501,75,0,c(-102.04316, 38.043893),"1946","71-0",-102.04316,38.043893,NA,NA
"373","Hamilton",-13.22,"Holly East",1946-05-10,380236102023501,75,0,c(-102.04316, 38.043893),"1946","71-0",-102.04316,38.043893,NA,NA
"374","Hamilton",-12.98,"Holly East",1946-11-23,380236102023501,75,0,c(-102.04316, 38.043893),"1946","71-0",-102.04316,38.043893,NA,NA
"375","Finney",-35.5,NA,1946-12-26,380112100564101,55,0,c(-100.945617, 38.019891),"1946","71-0",-100.945617,38.019891,212.6561279,"198-262"
"376","Finney",-21.02,"TENNIS",1946-01-16,381308100524801,55,0,c(-100.880318, 38.218879),"1946","71-0",-100.880318,38.218879,48.0340538,"0-65"
"377","Finney",-21.06,"TENNIS",1946-02-14,381308100524801,55,0,c(-100.880318, 38.218879),"1946","71-0",-100.880318,38.218879,48.0340538,"0-65"
"378","Finney",-21.05,"TENNIS",1946-03-20,381308100524801,55,0,c(-100.880318, 38.218879),"1946","71-0",-100.880318,38.218879,48.0340538,"0-65"
"379","Finney",-21.09,"TENNIS",1946-04-26,381308100524801,55,0,c(-100.880318, 38.218879),"1946","71-0",-100.880318,38.218879,48.0340538,"0-65"
"380","Finney",-21.09,"TENNIS",1946-05-08,381308100524801,55,0,c(-100.880318, 38.218879),"1946","71-0",-100.880318,38.218879,48.0340538,"0-65"
"381","Finney",-21.14,"TENNIS",1946-06-07,381308100524801,55,0,c(-100.880318, 38.218879),"1946","71-0",-100.880318,38.218879,48.0340538,"0-65"
"382","Finney",-21.19,"TENNIS",1946-07-08,381308100524801,55,0,c(-100.880318, 38.218879),"1946","71-0",-100.880318,38.218879,48.0340538,"0-65"
"383","Finney",-21.29,"TENNIS",1946-08-08,381308100524801,55,0,c(-100.880318, 38.218879),"1946","71-0",-100.880318,38.218879,48.0340538,"0-65"
"384","Finney",-21.37,"TENNIS",1946-09-06,381308100524801,55,0,c(-100.880318, 38.218879),"1946","71-0",-100.880318,38.218879,48.0340538,"0-65"
"385","Finney",-21.22,"TENNIS",1946-10-05,381308100524801,55,0,c(-100.880318, 38.218879),"1946","71-0",-100.880318,38.218879,48.0340538,"0-65"
"386","Finney",-20.38,"TENNIS",1946-11-08,381308100524801,55,0,c(-100.880318, 38.218879),"1946","71-0",-100.880318,38.218879,48.0340538,"0-65"
"387","Finney",-20.09,"TENNIS",1946-12-19,381308100524801,55,0,c(-100.880318, 38.218879),"1946","71-0",-100.880318,38.218879,48.0340538,"0-65"
"388","Finney",-6.98,NA,1946-01-05,375918100562101,55,0,c(-100.939758, 37.988321),"1946","71-0",-100.939758,37.988321,237.9250488,"198-262"
"389","Finney",-7,NA,1946-01-10,375918100562101,55,0,c(-100.939758, 37.988321),"1946","71-0",-100.939758,37.988321,237.9250488,"198-262"
"390","Finney",-7,NA,1946-01-15,375918100562101,55,0,c(-100.939758, 37.988321),"1946","71-0",-100.939758,37.988321,237.9250488,"198-262"
"391","Finney",-6.97,NA,1946-01-20,375918100562101,55,0,c(-100.939758, 37.988321),"1946","71-0",-100.939758,37.988321,237.9250488,"198-262"
"392","Finney",-6.98,NA,1946-01-30,375918100562101,55,0,c(-100.939758, 37.988321),"1946","71-0",-100.939758,37.988321,237.9250488,"198-262"
"393","Finney",-6.98,NA,1946-02-05,375918100562101,55,0,c(-100.939758, 37.988321),"1946","71-0",-100.939758,37.988321,237.9250488,"198-262"
"394","Finney",-6.97,NA,1946-02-10,375918100562101,55,0,c(-100.939758, 37.988321),"1946","71-0",-100.939758,37.988321,237.9250488,"198-262"
"395","Finney",-6.97,NA,1946-02-15,375918100562101,55,0,c(-100.939758, 37.988321),"1946","71-0",-100.939758,37.988321,237.9250488,"198-262"
"396","Finney",-6.95,NA,1946-02-20,375918100562101,55,0,c(-100.939758, 37.988321),"1946","71-0",-100.939758,37.988321,237.9250488,"198-262"
"397","Finney",-6.91,NA,1946-02-25,375918100562101,55,0,c(-100.939758, 37.988321),"1946","71-0",-100.939758,37.988321,237.9250488,"198-262"
"398","Finney",-6.91,NA,1946-03-05,375918100562101,55,0,c(-100.939758, 37.988321),"1946","71-0",-100.939758,37.988321,237.9250488,"198-262"
"399","Finney",-6.93,NA,1946-03-10,375918100562101,55,0,c(-100.939758, 37.988321),"1946","71-0",-100.939758,37.988321,237.9250488,"198-262"
"400","Finney",-6.89,NA,1946-03-15,375918100562101,55,0,c(-100.939758, 37.988321),"1946","71-0",-100.939758,37.988321,237.9250488,"198-262"
"401","Finney",-6.97,NA,1946-03-30,375918100562101,55,0,c(-100.939758, 37.988321),"1946","71-0",-100.939758,37.988321,237.9250488,"198-262"
"402","Finney",-7.13,NA,1946-04-25,375918100562101,55,0,c(-100.939758, 37.988321),"1946","71-0",-100.939758,37.988321,237.9250488,"198-262"
"403","Finney",-7.28,NA,1946-05-20,375918100562101,55,0,c(-100.939758, 37.988321),"1946","71-0",-100.939758,37.988321,237.9250488,"198-262"
"404","Finney",-7.28,NA,1946-05-25,375918100562101,55,0,c(-100.939758, 37.988321),"1946","71-0",-100.939758,37.988321,237.9250488,"198-262"
"405","Finney",-7.09,NA,1946-05-30,375918100562101,55,0,c(-100.939758, 37.988321),"1946","71-0",-100.939758,37.988321,237.9250488,"198-262"
"406","Finney",-6.98,NA,1946-06-05,375918100562101,55,0,c(-100.939758, 37.988321),"1946","71-0",-100.939758,37.988321,237.9250488,"198-262"
"407","Finney",-7.05,NA,1946-06-10,375918100562101,55,0,c(-100.939758, 37.988321),"1946","71-0",-100.939758,37.988321,237.9250488,"198-262"
"408","Finney",-7.18,NA,1946-06-15,375918100562101,55,0,c(-100.939758, 37.988321),"1946","71-0",-100.939758,37.988321,237.9250488,"198-262"
"409","Finney",-7.23,NA,1946-06-20,375918100562101,55,0,c(-100.939758, 37.988321),"1946","71-0",-100.939758,37.988321,237.9250488,"198-262"
"410","Finney",-7.31,NA,1946-06-25,375918100562101,55,0,c(-100.939758, 37.988321),"1946","71-0",-100.939758,37.988321,237.9250488,"198-262"
"411","Finney",-7.35,NA,1946-06-30,375918100562101,55,0,c(-100.939758, 37.988321),"1946","71-0",-100.939758,37.988321,237.9250488,"198-262"
"412","Finney",-7.37,NA,1946-07-05,375918100562101,55,0,c(-100.939758, 37.988321),"1946","71-0",-100.939758,37.988321,237.9250488,"198-262"
"413","Finney",-7.4,NA,1946-07-10,375918100562101,55,0,c(-100.939758, 37.988321),"1946","71-0",-100.939758,37.988321,237.9250488,"198-262"
"414","Finney",-7.44,NA,1946-07-15,375918100562101,55,0,c(-100.939758, 37.988321),"1946","71-0",-100.939758,37.988321,237.9250488,"198-262"
"415","Finney",-7.46,NA,1946-07-20,375918100562101,55,0,c(-100.939758, 37.988321),"1946","71-0",-100.939758,37.988321,237.9250488,"198-262"
"416","Finney",-7.3,NA,1946-07-25,375918100562101,55,0,c(-100.939758, 37.988321),"1946","71-0",-100.939758,37.988321,237.9250488,"198-262"
"417","Finney",-7.16,NA,1946-07-30,375918100562101,55,0,c(-100.939758, 37.988321),"1946","71-0",-100.939758,37.988321,237.9250488,"198-262"
"418","Finney",-7.46,NA,1946-08-05,375918100562101,55,0,c(-100.939758, 37.988321),"1946","71-0",-100.939758,37.988321,237.9250488,"198-262"
"419","Finney",-7.58,NA,1946-08-10,375918100562101,55,0,c(-100.939758, 37.988321),"1946","71-0",-100.939758,37.988321,237.9250488,"198-262"
"420","Finney",-7.63,NA,1946-08-15,375918100562101,55,0,c(-100.939758, 37.988321),"1946","71-0",-100.939758,37.988321,237.9250488,"198-262"
"421","Finney",-7.78,NA,1946-08-20,375918100562101,55,0,c(-100.939758, 37.988321),"1946","71-0",-100.939758,37.988321,237.9250488,"198-262"
"422","Finney",-7.93,NA,1946-08-25,375918100562101,55,0,c(-100.939758, 37.988321),"1946","71-0",-100.939758,37.988321,237.9250488,"198-262"
"423","Finney",-8.04,NA,1946-08-30,375918100562101,55,0,c(-100.939758, 37.988321),"1946","71-0",-100.939758,37.988321,237.9250488,"198-262"
"424","Finney",-8.13,NA,1946-09-05,375918100562101,55,0,c(-100.939758, 37.988321),"1946","71-0",-100.939758,37.988321,237.9250488,"198-262"
"425","Finney",-8.07,NA,1946-09-15,375918100562101,55,0,c(-100.939758, 37.988321),"1946","71-0",-100.939758,37.988321,237.9250488,"198-262"
"426","Finney",-7.88,NA,1946-09-25,375918100562101,55,0,c(-100.939758, 37.988321),"1946","71-0",-100.939758,37.988321,237.9250488,"198-262"
"427","Finney",-7.93,NA,1946-09-30,375918100562101,55,0,c(-100.939758, 37.988321),"1946","71-0",-100.939758,37.988321,237.9250488,"198-262"
"428","Finney",-7.8,NA,1946-10-05,375918100562101,55,0,c(-100.939758, 37.988321),"1946","71-0",-100.939758,37.988321,237.9250488,"198-262"
"429","Finney",-6.69,NA,1946-10-20,375918100562101,55,0,c(-100.939758, 37.988321),"1946","71-0",-100.939758,37.988321,237.9250488,"198-262"
"430","Finney",-6.77,NA,1946-10-25,375918100562101,55,0,c(-100.939758, 37.988321),"1946","71-0",-100.939758,37.988321,237.9250488,"198-262"
"431","Finney",-6.85,NA,1946-10-30,375918100562101,55,0,c(-100.939758, 37.988321),"1946","71-0",-100.939758,37.988321,237.9250488,"198-262"
"432","Finney",-6.11,NA,1946-11-05,375918100562101,55,0,c(-100.939758, 37.988321),"1946","71-0",-100.939758,37.988321,237.9250488,"198-262"
"433","Finney",-5.83,NA,1946-11-10,375918100562101,55,0,c(-100.939758, 37.988321),"1946","71-0",-100.939758,37.988321,237.9250488,"198-262"
"434","Finney",-5.83,NA,1946-11-15,375918100562101,55,0,c(-100.939758, 37.988321),"1946","71-0",-100.939758,37.988321,237.9250488,"198-262"
"435","Finney",-5.84,NA,1946-11-20,375918100562101,55,0,c(-100.939758, 37.988321),"1946","71-0",-100.939758,37.988321,237.9250488,"198-262"
"436","Finney",-5.9,NA,1946-11-25,375918100562101,55,0,c(-100.939758, 37.988321),"1946","71-0",-100.939758,37.988321,237.9250488,"198-262"
"437","Finney",-5.91,NA,1946-11-30,375918100562101,55,0,c(-100.939758, 37.988321),"1946","71-0",-100.939758,37.988321,237.9250488,"198-262"
"438","Finney",-5.87,NA,1946-12-05,375918100562101,55,0,c(-100.939758, 37.988321),"1946","71-0",-100.939758,37.988321,237.9250488,"198-262"
"439","Finney",-5.87,NA,1946-12-10,375918100562101,55,0,c(-100.939758, 37.988321),"1946","71-0",-100.939758,37.988321,237.9250488,"198-262"
"440","Finney",-5.83,NA,1946-12-15,375918100562101,55,0,c(-100.939758, 37.988321),"1946","71-0",-100.939758,37.988321,237.9250488,"198-262"
"441","Finney",-5.85,NA,1946-12-20,375918100562101,55,0,c(-100.939758, 37.988321),"1946","71-0",-100.939758,37.988321,237.9250488,"198-262"
"442","Finney",-5.88,NA,1946-12-25,375918100562101,55,0,c(-100.939758, 37.988321),"1946","71-0",-100.939758,37.988321,237.9250488,"198-262"
"443","Finney",-5.91,NA,1946-12-30,375918100562101,55,0,c(-100.939758, 37.988321),"1946","71-0",-100.939758,37.988321,237.9250488,"198-262"
"444","Kearny",-41.06,NA,1946-02-08,380251101082801,93,0,c(-101.14046, 38.047553),"1946","71-0",-101.14046,38.047553,93.3469391,"66-131"
"445","Kearny",-41.29,NA,1946-05-10,380251101082801,93,0,c(-101.14046, 38.047553),"1946","71-0",-101.14046,38.047553,93.3469391,"66-131"
"446","Kearny",-40.98,NA,1946-08-17,380251101082801,93,0,c(-101.14046, 38.047553),"1946","71-0",-101.14046,38.047553,93.3469391,"66-131"
"447","Kearny",-40.03,NA,1946-11-23,380251101082801,93,0,c(-101.14046, 38.047553),"1946","71-0",-101.14046,38.047553,93.3469391,"66-131"
"448","Scott",-48.4,"LAKE SCOTT SW",1946-01-16,383020100542601,171,0,c(-100.908265, 38.5051),"1946","71-0",-100.908265,38.5051,89.5802002,"66-131"
"449","Scott",-48.98,"LAKE SCOTT SW",1946-03-20,383020100542601,171,0,c(-100.908265, 38.5051),"1946","71-0",-100.908265,38.5051,89.5802002,"66-131"
"450","Scott",-49.79,"LAKE SCOTT SW",1946-04-25,383020100542601,171,0,c(-100.908265, 38.5051),"1946","71-0",-100.908265,38.5051,89.5802002,"66-131"
"451","Scott",-49.9,"LAKE SCOTT SW",1946-06-08,383020100542601,171,0,c(-100.908265, 38.5051),"1946","71-0",-100.908265,38.5051,89.5802002,"66-131"
"452","Scott",-49.56,"LAKE SCOTT SW",1946-07-08,383020100542601,171,0,c(-100.908265, 38.5051),"1946","71-0",-100.908265,38.5051,89.5802002,"66-131"
"453","Scott",-53.07,"LAKE SCOTT SW",1946-09-06,383020100542601,171,0,c(-100.908265, 38.5051),"1946","71-0",-100.908265,38.5051,89.5802002,"66-131"
"454","Scott",-51.82,"LAKE SCOTT SW",1946-10-03,383020100542601,171,0,c(-100.908265, 38.5051),"1946","71-0",-100.908265,38.5051,89.5802002,"66-131"
"455","Scott",-50.64,"LAKE SCOTT SW",1946-11-08,383020100542601,171,0,c(-100.908265, 38.5051),"1946","71-0",-100.908265,38.5051,89.5802002,"66-131"
"456","Scott",-49.9,"LAKE SCOTT SW",1946-12-18,383020100542601,171,0,c(-100.908265, 38.5051),"1946","71-0",-100.908265,38.5051,89.5802002,"66-131"
"457","Scott",-96.94,NA,1946-01-16,382203100512801,171,0,c(-100.858874, 38.367528),"1946","143-72",-100.858874,38.367528,62.6928406,"0-65"
"458","Scott",-96.98,NA,1946-02-14,382203100512801,171,0,c(-100.858874, 38.367528),"1946","143-72",-100.858874,38.367528,62.6928406,"0-65"
"459","Scott",-97,NA,1946-04-26,382203100512801,171,0,c(-100.858874, 38.367528),"1946","143-72",-100.858874,38.367528,62.6928406,"0-65"
"460","Scott",-97,NA,1946-07-08,382203100512801,171,0,c(-100.858874, 38.367528),"1946","143-72",-100.858874,38.367528,62.6928406,"0-65"
"461","Scott",-97.16,NA,1946-10-04,382203100512801,171,0,c(-100.858874, 38.367528),"1946","143-72",-100.858874,38.367528,62.6928406,"0-65"
"462","Scott",-96.78,NA,1946-11-08,382203100512801,171,0,c(-100.858874, 38.367528),"1946","143-72",-100.858874,38.367528,62.6928406,"0-65"
"463","Scott",-96.29,NA,1946-12-18,382203100512801,171,0,c(-100.858874, 38.367528),"1946","143-72",-100.858874,38.367528,62.6928406,"0-65"
"464","Finney",-20.53,NA,1946-04-22,381043100274201,55,0,c(-100.462687, 38.178074),"1946","71-0",-100.462687,38.178074,NA,NA
"465","Finney",-20.82,NA,1946-05-22,381043100274201,55,0,c(-100.462687, 38.178074),"1946","71-0",-100.462687,38.178074,NA,NA
"466","Finney",-20.29,NA,1946-07-21,381043100274201,55,0,c(-100.462687, 38.178074),"1946","71-0",-100.462687,38.178074,NA,NA
"467","Finney",-18.91,NA,1946-10-17,381043100274201,55,0,c(-100.462687, 38.178074),"1946","71-0",-100.462687,38.178074,NA,NA
"468","Finney",-18.53,NA,1946-11-25,381043100274201,55,0,c(-100.462687, 38.178074),"1946","71-0",-100.462687,38.178074,NA,NA
"469","Finney",-17.51,NA,1946-12-06,381043100274201,55,0,c(-100.462687, 38.178074),"1946","71-0",-100.462687,38.178074,NA,NA
"470","Scott",-88.24,"Modoc",1946-03-21,382756101015201,171,0,c(-101.032531, 38.46449),"1946","143-72",-101.032531,38.46449,22.9936829,"0-65"
"471","Scott",-89.44,"Modoc",1946-12-18,382756101015201,171,0,c(-101.032531, 38.46449),"1946","143-72",-101.032531,38.46449,22.9936829,"0-65"
"472","Scott",-56.49,"Scott City",1946-01-16,382401100565301,171,0,c(-100.950431, 38.400321),"1946","71-0",-100.950431,38.400321,32.0112534,"0-65"
"473","Scott",-56.82,"Scott City",1946-03-21,382401100565301,171,0,c(-100.950431, 38.400321),"1946","71-0",-100.950431,38.400321,32.0112534,"0-65"
"474","Scott",-58.15,"Scott City",1946-12-20,382401100565301,171,0,c(-100.950431, 38.400321),"1946","71-0",-100.950431,38.400321,32.0112534,"0-65"
"475","Finney",-2.74,NA,1946-01-09,375227100402801,55,0,c(-100.675238, 37.875068),"1946","71-0",-100.675238,37.875068,111.1361084,"66-131"
"476","Finney",-1.55,NA,1946-02-25,375227100402801,55,0,c(-100.675238, 37.875068),"1946","71-0",-100.675238,37.875068,111.1361084,"66-131"
"477","Finney",-2.57,NA,1946-03-12,375227100402801,55,0,c(-100.675238, 37.875068),"1946","71-0",-100.675238,37.875068,111.1361084,"66-131"
"478","Finney",-3.02,NA,1946-04-26,375227100402801,55,0,c(-100.675238, 37.875068),"1946","71-0",-100.675238,37.875068,111.1361084,"66-131"
"479","Finney",-3.43,NA,1946-05-01,375227100402801,55,0,c(-100.675238, 37.875068),"1946","71-0",-100.675238,37.875068,111.1361084,"66-131"
"480","Finney",-3.11,NA,1946-06-06,375227100402801,55,0,c(-100.675238, 37.875068),"1946","71-0",-100.675238,37.875068,111.1361084,"66-131"
"481","Finney",-3.52,NA,1946-07-11,375227100402801,55,0,c(-100.675238, 37.875068),"1946","71-0",-100.675238,37.875068,111.1361084,"66-131"
"482","Finney",-4.1,NA,1946-08-09,375227100402801,55,0,c(-100.675238, 37.875068),"1946","71-0",-100.675238,37.875068,111.1361084,"66-131"
"483","Finney",-3.34,NA,1946-09-13,375227100402801,55,0,c(-100.675238, 37.875068),"1946","71-0",-100.675238,37.875068,111.1361084,"66-131"
"484","Finney",-1.33,NA,1946-10-25,375227100402801,55,0,c(-100.675238, 37.875068),"1946","71-0",-100.675238,37.875068,111.1361084,"66-131"
"485","Finney",-1,NA,1946-11-21,375227100402801,55,0,c(-100.675238, 37.875068),"1946","71-0",-100.675238,37.875068,111.1361084,"66-131"
"486","Finney",-1.09,NA,1946-12-13,375227100402801,55,0,c(-100.675238, 37.875068),"1946","71-0",-100.675238,37.875068,111.1361084,"66-131"
"487","Finney",-68.83,NA,1946-01-11,375936100484901,55,0,c(-100.814158, 37.993812),"1946","71-0",-100.814158,37.993812,188.7895203,"132-197"
"488","Finney",-69.27,NA,1946-04-26,375936100484901,55,0,c(-100.814158, 37.993812),"1946","71-0",-100.814158,37.993812,188.7895203,"132-197"
"489","Finney",-69.94,NA,1946-07-25,375936100484901,55,0,c(-100.814158, 37.993812),"1946","71-0",-100.814158,37.993812,188.7895203,"132-197"
"490","Finney",-69.59,NA,1946-10-17,375936100484901,55,0,c(-100.814158, 37.993812),"1946","71-0",-100.814158,37.993812,188.7895203,"132-197"
"491","Scott",-34.91,NA,1946-01-05,382730100553101,171,0,c(-100.926439, 38.457799),"1946","71-0",-100.926439,38.457799,94.534462,"66-131"
"492","Scott",-34.84,NA,1946-01-10,382730100553101,171,0,c(-100.926439, 38.457799),"1946","71-0",-100.926439,38.457799,94.534462,"66-131"
"493","Scott",-34.79,NA,1946-01-15,382730100553101,171,0,c(-100.926439, 38.457799),"1946","71-0",-100.926439,38.457799,94.534462,"66-131"
"494","Scott",-34.71,NA,1946-01-20,382730100553101,171,0,c(-100.926439, 38.457799),"1946","71-0",-100.926439,38.457799,94.534462,"66-131"
"495","Scott",-34.68,NA,1946-01-25,382730100553101,171,0,c(-100.926439, 38.457799),"1946","71-0",-100.926439,38.457799,94.534462,"66-131"
"496","Scott",-34.64,NA,1946-01-30,382730100553101,171,0,c(-100.926439, 38.457799),"1946","71-0",-100.926439,38.457799,94.534462,"66-131"
"497","Scott",-34.55,NA,1946-02-05,382730100553101,171,0,c(-100.926439, 38.457799),"1946","71-0",-100.926439,38.457799,94.534462,"66-131"
"498","Scott",-34.53,NA,1946-02-10,382730100553101,171,0,c(-100.926439, 38.457799),"1946","71-0",-100.926439,38.457799,94.534462,"66-131"
"499","Scott",-34.5,NA,1946-02-15,382730100553101,171,0,c(-100.926439, 38.457799),"1946","71-0",-100.926439,38.457799,94.534462,"66-131"
"500","Scott",-34.51,NA,1946-02-20,382730100553101,171,0,c(-100.926439, 38.457799),"1946","71-0",-100.926439,38.457799,94.534462,"66-131"
"501","Scott",-34.75,NA,1946-02-25,382730100553101,171,0,c(-100.926439, 38.457799),"1946","71-0",-100.926439,38.457799,94.534462,"66-131"
"502","Scott",-35.03,NA,1946-03-05,382730100553101,171,0,c(-100.926439, 38.457799),"1946","71-0",-100.926439,38.457799,94.534462,"66-131"
"503","Scott",-35.1,NA,1946-03-10,382730100553101,171,0,c(-100.926439, 38.457799),"1946","71-0",-100.926439,38.457799,94.534462,"66-131"
"504","Scott",-35.07,NA,1946-03-15,382730100553101,171,0,c(-100.926439, 38.457799),"1946","71-0",-100.926439,38.457799,94.534462,"66-131"
"505","Scott",-35.09,NA,1946-03-20,382730100553101,171,0,c(-100.926439, 38.457799),"1946","71-0",-100.926439,38.457799,94.534462,"66-131"
"506","Scott",-35.15,NA,1946-03-25,382730100553101,171,0,c(-100.926439, 38.457799),"1946","71-0",-100.926439,38.457799,94.534462,"66-131"
"507","Scott",-35.18,NA,1946-03-30,382730100553101,171,0,c(-100.926439, 38.457799),"1946","71-0",-100.926439,38.457799,94.534462,"66-131"
"508","Scott",-35.21,NA,1946-04-05,382730100553101,171,0,c(-100.926439, 38.457799),"1946","71-0",-100.926439,38.457799,94.534462,"66-131"
"509","Scott",-35.13,NA,1946-04-10,382730100553101,171,0,c(-100.926439, 38.457799),"1946","71-0",-100.926439,38.457799,94.534462,"66-131"
"510","Scott",-35.1,NA,1946-04-15,382730100553101,171,0,c(-100.926439, 38.457799),"1946","71-0",-100.926439,38.457799,94.534462,"66-131"
"511","Scott",-35.17,NA,1946-04-20,382730100553101,171,0,c(-100.926439, 38.457799),"1946","71-0",-100.926439,38.457799,94.534462,"66-131"
"512","Scott",-35.2,NA,1946-04-25,382730100553101,171,0,c(-100.926439, 38.457799),"1946","71-0",-100.926439,38.457799,94.534462,"66-131"
"513","Scott",-35.33,NA,1946-04-30,382730100553101,171,0,c(-100.926439, 38.457799),"1946","71-0",-100.926439,38.457799,94.534462,"66-131"
"514","Scott",-35.72,NA,1946-05-05,382730100553101,171,0,c(-100.926439, 38.457799),"1946","71-0",-100.926439,38.457799,94.534462,"66-131"
"515","Scott",-35.82,NA,1946-05-10,382730100553101,171,0,c(-100.926439, 38.457799),"1946","71-0",-100.926439,38.457799,94.534462,"66-131"
"516","Scott",-35.92,NA,1946-05-15,382730100553101,171,0,c(-100.926439, 38.457799),"1946","71-0",-100.926439,38.457799,94.534462,"66-131"
"517","Scott",-36.02,NA,1946-05-20,382730100553101,171,0,c(-100.926439, 38.457799),"1946","71-0",-100.926439,38.457799,94.534462,"66-131"
"518","Scott",-36.13,NA,1946-05-25,382730100553101,171,0,c(-100.926439, 38.457799),"1946","71-0",-100.926439,38.457799,94.534462,"66-131"
"519","Scott",-36.3,NA,1946-05-30,382730100553101,171,0,c(-100.926439, 38.457799),"1946","71-0",-100.926439,38.457799,94.534462,"66-131"
"520","Scott",-36.18,NA,1946-06-05,382730100553101,171,0,c(-100.926439, 38.457799),"1946","71-0",-100.926439,38.457799,94.534462,"66-131"
"521","Scott",-36.11,NA,1946-06-10,382730100553101,171,0,c(-100.926439, 38.457799),"1946","71-0",-100.926439,38.457799,94.534462,"66-131"
"522","Scott",-36.26,NA,1946-06-15,382730100553101,171,0,c(-100.926439, 38.457799),"1946","71-0",-100.926439,38.457799,94.534462,"66-131"
"523","Scott",-36.32,NA,1946-06-20,382730100553101,171,0,c(-100.926439, 38.457799),"1946","71-0",-100.926439,38.457799,94.534462,"66-131"
"524","Scott",-36.28,NA,1946-06-25,382730100553101,171,0,c(-100.926439, 38.457799),"1946","71-0",-100.926439,38.457799,94.534462,"66-131"
"525","Scott",-36.25,NA,1946-06-30,382730100553101,171,0,c(-100.926439, 38.457799),"1946","71-0",-100.926439,38.457799,94.534462,"66-131"
"526","Scott",-36.21,NA,1946-07-05,382730100553101,171,0,c(-100.926439, 38.457799),"1946","71-0",-100.926439,38.457799,94.534462,"66-131"
"527","Scott",-36.11,NA,1946-07-10,382730100553101,171,0,c(-100.926439, 38.457799),"1946","71-0",-100.926439,38.457799,94.534462,"66-131"
"528","Scott",-36.05,NA,1946-07-15,382730100553101,171,0,c(-100.926439, 38.457799),"1946","71-0",-100.926439,38.457799,94.534462,"66-131"
"529","Scott",-36.09,NA,1946-07-20,382730100553101,171,0,c(-100.926439, 38.457799),"1946","71-0",-100.926439,38.457799,94.534462,"66-131"
"530","Scott",-36.3,NA,1946-07-25,382730100553101,171,0,c(-100.926439, 38.457799),"1946","71-0",-100.926439,38.457799,94.534462,"66-131"
"531","Scott",-36.7,NA,1946-07-30,382730100553101,171,0,c(-100.926439, 38.457799),"1946","71-0",-100.926439,38.457799,94.534462,"66-131"
"532","Scott",-37.12,NA,1946-08-05,382730100553101,171,0,c(-100.926439, 38.457799),"1946","71-0",-100.926439,38.457799,94.534462,"66-131"
"533","Scott",-36.42,NA,1946-08-10,382730100553101,171,0,c(-100.926439, 38.457799),"1946","71-0",-100.926439,38.457799,94.534462,"66-131"
"534","Scott",-37.53,NA,1946-08-15,382730100553101,171,0,c(-100.926439, 38.457799),"1946","71-0",-100.926439,38.457799,94.534462,"66-131"
"535","Scott",-37.8,NA,1946-08-20,382730100553101,171,0,c(-100.926439, 38.457799),"1946","71-0",-100.926439,38.457799,94.534462,"66-131"
"536","Scott",-38.17,NA,1946-08-25,382730100553101,171,0,c(-100.926439, 38.457799),"1946","71-0",-100.926439,38.457799,94.534462,"66-131"
"537","Scott",-38.21,NA,1946-08-30,382730100553101,171,0,c(-100.926439, 38.457799),"1946","71-0",-100.926439,38.457799,94.534462,"66-131"
"538","Scott",-38.27,NA,1946-09-05,382730100553101,171,0,c(-100.926439, 38.457799),"1946","71-0",-100.926439,38.457799,94.534462,"66-131"
"539","Scott",-38.32,NA,1946-09-10,382730100553101,171,0,c(-100.926439, 38.457799),"1946","71-0",-100.926439,38.457799,94.534462,"66-131"
"540","Scott",-38.32,NA,1946-09-15,382730100553101,171,0,c(-100.926439, 38.457799),"1946","71-0",-100.926439,38.457799,94.534462,"66-131"
"541","Scott",-38.32,NA,1946-09-20,382730100553101,171,0,c(-100.926439, 38.457799),"1946","71-0",-100.926439,38.457799,94.534462,"66-131"
"542","Scott",-38.21,NA,1946-09-25,382730100553101,171,0,c(-100.926439, 38.457799),"1946","71-0",-100.926439,38.457799,94.534462,"66-131"
"543","Scott",-38.05,NA,1946-09-30,382730100553101,171,0,c(-100.926439, 38.457799),"1946","71-0",-100.926439,38.457799,94.534462,"66-131"
"544","Scott",-37.89,NA,1946-10-05,382730100553101,171,0,c(-100.926439, 38.457799),"1946","71-0",-100.926439,38.457799,94.534462,"66-131"
"545","Scott",-37.76,NA,1946-10-10,382730100553101,171,0,c(-100.926439, 38.457799),"1946","71-0",-100.926439,38.457799,94.534462,"66-131"
"546","Scott",-37.63,NA,1946-10-15,382730100553101,171,0,c(-100.926439, 38.457799),"1946","71-0",-100.926439,38.457799,94.534462,"66-131"
"547","Scott",-37.46,NA,1946-10-20,382730100553101,171,0,c(-100.926439, 38.457799),"1946","71-0",-100.926439,38.457799,94.534462,"66-131"
"548","Scott",-35.94,NA,1946-12-20,382730100553101,171,0,c(-100.926439, 38.457799),"1946","71-0",-100.926439,38.457799,94.534462,"66-131"
"549","Scott",-35.85,NA,1946-12-25,382730100553101,171,0,c(-100.926439, 38.457799),"1946","71-0",-100.926439,38.457799,94.534462,"66-131"
"550","Scott",-35.79,NA,1946-12-30,382730100553101,171,0,c(-100.926439, 38.457799),"1946","71-0",-100.926439,38.457799,94.534462,"66-131"
"551","Scott",-63.7,"Shallow Water",1946-01-16,382013100583901,171,0,c(-100.978934, 38.336792),"1946","71-0",-100.978934,38.336792,18.383749,"0-65"
"552","Scott",-63.63,"Shallow Water",1946-02-14,382013100583901,171,0,c(-100.978934, 38.336792),"1946","71-0",-100.978934,38.336792,18.383749,"0-65"
"553","Scott",-63.54,"Shallow Water",1946-03-21,382013100583901,171,0,c(-100.978934, 38.336792),"1946","71-0",-100.978934,38.336792,18.383749,"0-65"
"554","Scott",-63.57,"Shallow Water",1946-04-26,382013100583901,171,0,c(-100.978934, 38.336792),"1946","71-0",-100.978934,38.336792,18.383749,"0-65"
"555","Scott",-63.74,"Shallow Water",1946-05-08,382013100583901,171,0,c(-100.978934, 38.336792),"1946","71-0",-100.978934,38.336792,18.383749,"0-65"
"556","Scott",-64.47,"Shallow Water",1946-06-08,382013100583901,171,0,c(-100.978934, 38.336792),"1946","71-0",-100.978934,38.336792,18.383749,"0-65"
"557","Scott",-64.17,"Shallow Water",1946-07-08,382013100583901,171,0,c(-100.978934, 38.336792),"1946","71-0",-100.978934,38.336792,18.383749,"0-65"
"558","Scott",-68.05,"Shallow Water",1946-08-08,382013100583901,171,0,c(-100.978934, 38.336792),"1946","71-0",-100.978934,38.336792,18.383749,"0-65"
"559","Scott",-65.96,"Shallow Water",1946-09-06,382013100583901,171,0,c(-100.978934, 38.336792),"1946","71-0",-100.978934,38.336792,18.383749,"0-65"
"560","Scott",-65.28,"Shallow Water",1946-10-03,382013100583901,171,0,c(-100.978934, 38.336792),"1946","71-0",-100.978934,38.336792,18.383749,"0-65"
"561","Scott",-64.98,"Shallow Water",1946-11-13,382013100583901,171,0,c(-100.978934, 38.336792),"1946","71-0",-100.978934,38.336792,18.383749,"0-65"
"562","Scott",-64.83,"Shallow Water",1946-12-18,382013100583901,171,0,c(-100.978934, 38.336792),"1946","71-0",-100.978934,38.336792,18.383749,"0-65"
"563","Finney",-117.46,"Pierceville",1946-01-23,375558100430401,55,0,c(-100.718534, 37.933372),"1946","143-72",-100.718534,37.933372,114.8662033,"66-131"
"564","Finney",-114.21,"Pierceville",1946-03-12,375558100430401,55,0,c(-100.718534, 37.933372),"1946","143-72",-100.718534,37.933372,114.8662033,"66-131"
"565","Finney",-114.04,"Pierceville",1946-04-26,375558100430401,55,0,c(-100.718534, 37.933372),"1946","143-72",-100.718534,37.933372,114.8662033,"66-131"
"566","Finney",-114.27,"Pierceville",1946-05-24,375558100430401,55,0,c(-100.718534, 37.933372),"1946","143-72",-100.718534,37.933372,114.8662033,"66-131"
"567","Finney",-113.98,"Pierceville",1946-06-06,375558100430401,55,0,c(-100.718534, 37.933372),"1946","143-72",-100.718534,37.933372,114.8662033,"66-131"
"568","Finney",-114.44,"Pierceville",1946-07-25,375558100430401,55,0,c(-100.718534, 37.933372),"1946","143-72",-100.718534,37.933372,114.8662033,"66-131"
"569","Finney",-114.74,"Pierceville",1946-08-22,375558100430401,55,0,c(-100.718534, 37.933372),"1946","143-72",-100.718534,37.933372,114.8662033,"66-131"
"570","Finney",-114.4,"Pierceville",1946-09-19,375558100430401,55,0,c(-100.718534, 37.933372),"1946","143-72",-100.718534,37.933372,114.8662033,"66-131"
"571","Finney",-113.98,"Pierceville",1946-10-31,375558100430401,55,0,c(-100.718534, 37.933372),"1946","143-72",-100.718534,37.933372,114.8662033,"66-131"
"572","Finney",-113.9,"Pierceville",1946-11-21,375558100430401,55,0,c(-100.718534, 37.933372),"1946","143-72",-100.718534,37.933372,114.8662033,"66-131"
"573","Finney",-113.86,"Pierceville",1946-12-24,375558100430401,55,0,c(-100.718534, 37.933372),"1946","143-72",-100.718534,37.933372,114.8662033,"66-131"
"574","Scott",-37.97,NA,1946-01-16,382012100535001,171,0,c(-100.897649, 38.336737),"1946","71-0",-100.897649,38.336737,70.0670624,"66-131"
"575","Scott",-38.12,NA,1946-03-21,382012100535001,171,0,c(-100.897649, 38.336737),"1946","71-0",-100.897649,38.336737,70.0670624,"66-131"
"576","Scott",-37.79,NA,1946-12-19,382012100535001,171,0,c(-100.897649, 38.336737),"1946","71-0",-100.897649,38.336737,70.0670624,"66-131"
"577","Ness",-33.27,"Ness City SW",1946-01-11,381550099532001,135,0,c(-99.888378, 38.263862),"1946","71-0",-99.888378,38.263862,NA,NA
"578","Ness",-34.17,"Ness City SW",1946-04-22,381550099532001,135,0,c(-99.888378, 38.263862),"1946","71-0",-99.888378,38.263862,NA,NA
"579","Ness",-34.37,"Ness City SW",1946-07-22,381550099532001,135,0,c(-99.888378, 38.263862),"1946","71-0",-99.888378,38.263862,NA,NA
"580","Ness",-34.1,"Ness City SW",1946-10-22,381550099532001,135,0,c(-99.888378, 38.263862),"1946","71-0",-99.888378,38.263862,NA,NA
"581","Hodgeman",-32,"Hanston NW",1946-01-01,381449099414401,83,0,c(-99.695724, 38.247018),"1946","71-0",-99.695724,38.247018,25,"0-65"
"582","Hodgeman",-25.68,NA,1946-01-11,380756099413701,83,0,c(-99.695332, 38.133257),"1946","71-0",-99.695332,38.133257,56.2321854,"0-65"
"583","Hodgeman",-25.48,NA,1946-04-22,380756099413701,83,0,c(-99.695332, 38.133257),"1946","71-0",-99.695332,38.133257,56.2321854,"0-65"
"584","Hodgeman",-26.27,NA,1946-07-22,380756099413701,83,0,c(-99.695332, 38.133257),"1946","71-0",-99.695332,38.133257,56.2321854,"0-65"
"585","Hodgeman",-24.54,NA,1946-10-22,380756099413701,83,0,c(-99.695332, 38.133257),"1946","71-0",-99.695332,38.133257,56.2321854,"0-65"
"586","Ness",-24.92,"Ness City SE",1946-01-11,381728099470701,135,0,c(-99.787081, 38.291036),"1946","71-0",-99.787081,38.291036,NA,NA
"587","Ness",-25.03,"Ness City SE",1946-04-22,381728099470701,135,0,c(-99.787081, 38.291036),"1946","71-0",-99.787081,38.291036,NA,NA
"588","Ness",-25.67,"Ness City SE",1946-07-22,381728099470701,135,0,c(-99.787081, 38.291036),"1946","71-0",-99.787081,38.291036,NA,NA
"589","Ness",-24.21,"Ness City SE",1946-10-22,381728099470701,135,0,c(-99.787081, 38.291036),"1946","71-0",-99.787081,38.291036,NA,NA
"590","Edwards",-64.52,"ROZEL SW",1946-01-10,380145099241301,47,0,c(-99.404504, 38.032451),"1946","71-0",-99.404504,38.032451,28.6320953,"0-65"
"591","Edwards",-64.53,"ROZEL SW",1946-02-19,380145099241301,47,0,c(-99.404504, 38.032451),"1946","71-0",-99.404504,38.032451,28.6320953,"0-65"
"592","Edwards",-68.2,"ROZEL SW",1946-03-13,380145099241301,47,0,c(-99.404504, 38.032451),"1946","71-0",-99.404504,38.032451,28.6320953,"0-65"
"593","Edwards",-65.34,"ROZEL SW",1946-04-03,380145099241301,47,0,c(-99.404504, 38.032451),"1946","71-0",-99.404504,38.032451,28.6320953,"0-65"
"594","Edwards",-64.58,"ROZEL SW",1946-05-23,380145099241301,47,0,c(-99.404504, 38.032451),"1946","71-0",-99.404504,38.032451,28.6320953,"0-65"
"595","Edwards",-64.61,"ROZEL SW",1946-08-21,380145099241301,47,0,c(-99.404504, 38.032451),"1946","71-0",-99.404504,38.032451,28.6320953,"0-65"
"596","Edwards",-64.53,"ROZEL SW",1946-09-13,380145099241301,47,0,c(-99.404504, 38.032451),"1946","71-0",-99.404504,38.032451,28.6320953,"0-65"
"597","Edwards",-64.44,"ROZEL SW",1946-10-08,380145099241301,47,0,c(-99.404504, 38.032451),"1946","71-0",-99.404504,38.032451,28.6320953,"0-65"
"598","Edwards",-64.75,"ROZEL SW",1946-12-11,380145099241301,47,0,c(-99.404504, 38.032451),"1946","71-0",-99.404504,38.032451,28.6320953,"0-65"
"599","Rush",-32.88,NA,1946-06-01,382822099343401,165,0,c(-99.575389, 38.47383),"1946","71-0",-99.575389,38.47383,NA,NA
"600","Barton",-12.86,"HEIZER",1946-01-18,382704098593801,9,0,c(-98.995001, 38.450239),"1946","71-0",-98.995001,38.450239,31.6355572,"0-65"
"601","Barton",-12.99,"HEIZER",1946-02-20,382704098593801,9,0,c(-98.995001, 38.450239),"1946","71-0",-98.995001,38.450239,31.6355572,"0-65"
"602","Barton",-13.03,"HEIZER",1946-03-14,382704098593801,9,0,c(-98.995001, 38.450239),"1946","71-0",-98.995001,38.450239,31.6355572,"0-65"
"603","Barton",-13.23,"HEIZER",1946-04-04,382704098593801,9,0,c(-98.995001, 38.450239),"1946","71-0",-98.995001,38.450239,31.6355572,"0-65"
"604","Barton",-13.64,"HEIZER",1946-05-22,382704098593801,9,0,c(-98.995001, 38.450239),"1946","71-0",-98.995001,38.450239,31.6355572,"0-65"
"605","Barton",-14.26,"HEIZER",1946-06-22,382704098593801,9,0,c(-98.995001, 38.450239),"1946","71-0",-98.995001,38.450239,31.6355572,"0-65"
"606","Barton",-14.61,"HEIZER",1946-07-10,382704098593801,9,0,c(-98.995001, 38.450239),"1946","71-0",-98.995001,38.450239,31.6355572,"0-65"
"607","Barton",-15.38,"HEIZER",1946-08-20,382704098593801,9,0,c(-98.995001, 38.450239),"1946","71-0",-98.995001,38.450239,31.6355572,"0-65"
"608","Barton",-12.78,"HEIZER",1946-09-12,382704098593801,9,0,c(-98.995001, 38.450239),"1946","71-0",-98.995001,38.450239,31.6355572,"0-65"
"609","Barton",-11.71,"HEIZER",1946-11-26,382704098593801,9,0,c(-98.995001, 38.450239),"1946","71-0",-98.995001,38.450239,31.6355572,"0-65"
"610","Barton",-11.85,"HEIZER",1946-12-12,382704098593801,9,0,c(-98.995001, 38.450239),"1946","71-0",-98.995001,38.450239,31.6355572,"0-65"
"611","Rush",-25.47,NA,1946-05-27,382736099161701,165,0,c(-99.270768, 38.460737),"1946","71-0",-99.270768,38.460737,25,"0-65"
"612","Rush",-23.27,NA,1946-05-27,382723099190301,165,0,c(-99.316896, 38.457624),"1946","71-0",-99.316896,38.457624,0.0000057,"0-65"
"613","Rush",-23.14,"Timken",1946-05-27,382743099125801,165,0,c(-99.216116, 38.462029),"1946","71-0",-99.216116,38.462029,0,NA
"614","Rush",-19.79,NA,1946-06-03,382756099025201,165,0,c(-99.047844, 38.465116),"1946","71-0",-99.047844,38.465116,25,"0-65"
"615","Rush",-23.7,NA,1946-05-29,382935099062001,165,0,c(-99.105844, 38.492704),"1946","71-0",-99.105844,38.492704,25,"0-65"
"616","Rush",-27.76,NA,1946-06-06,382834099272201,165,0,c(-99.455223, 38.477523),"1946","71-0",-99.455223,38.477523,NA,NA
"617","Rush",-23.48,NA,1946-05-24,382842099101201,165,0,c(-99.16943, 38.478315),"1946","71-0",-99.16943,38.478315,25,"0-65"
"618","Rush",-30.18,NA,1946-06-14,382822099322301,165,0,c(-99.538233, 38.473937),"1946","71-0",-99.538233,38.473937,NA,NA
"619","Barton",-18.72,"HOISINGTON",1946-01-18,383211098520101,9,0,c(-98.868346, 38.534909),"1946","71-0",-98.868346,38.534909,NA,NA
"620","Barton",-18.52,"HOISINGTON",1946-02-21,383211098520101,9,0,c(-98.868346, 38.534909),"1946","71-0",-98.868346,38.534909,NA,NA
"621","Barton",-18.39,"HOISINGTON",1946-03-14,383211098520101,9,0,c(-98.868346, 38.534909),"1946","71-0",-98.868346,38.534909,NA,NA
"622","Barton",-18.68,"HOISINGTON",1946-04-04,383211098520101,9,0,c(-98.868346, 38.534909),"1946","71-0",-98.868346,38.534909,NA,NA
"623","Barton",-18.95,"HOISINGTON",1946-05-22,383211098520101,9,0,c(-98.868346, 38.534909),"1946","71-0",-98.868346,38.534909,NA,NA
"624","Barton",-19.57,"HOISINGTON",1946-06-22,383211098520101,9,0,c(-98.868346, 38.534909),"1946","71-0",-98.868346,38.534909,NA,NA
"625","Barton",-20.43,"HOISINGTON",1946-07-10,383211098520101,9,0,c(-98.868346, 38.534909),"1946","71-0",-98.868346,38.534909,NA,NA
"626","Barton",-21.71,"HOISINGTON",1946-08-20,383211098520101,9,0,c(-98.868346, 38.534909),"1946","71-0",-98.868346,38.534909,NA,NA
"627","Barton",-21.42,"HOISINGTON",1946-09-12,383211098520101,9,0,c(-98.868346, 38.534909),"1946","71-0",-98.868346,38.534909,NA,NA
"628","Barton",-21.14,"HOISINGTON",1946-10-23,383211098520101,9,0,c(-98.868346, 38.534909),"1946","71-0",-98.868346,38.534909,NA,NA
"629","Barton",-20.53,"HOISINGTON",1946-11-26,383211098520101,9,0,c(-98.868346, 38.534909),"1946","71-0",-98.868346,38.534909,NA,NA
"630","Barton",-20.39,"HOISINGTON",1946-12-12,383211098520101,9,0,c(-98.868346, 38.534909),"1946","71-0",-98.868346,38.534909,NA,NA
"631","Rush",-25.54,NA,1946-05-27,382742099181301,165,0,c(-99.303102, 38.462934),"1946","71-0",-99.303102,38.462934,0.0000065,"0-65"
"632","Pawnee",-26.93,"Fort Larned",1946-01-01,380836099150701,145,0,c(-99.225192, 38.143302),"1946","71-0",-99.225192,38.143302,42.7345352,"0-65"
"633","Rush",-23.73,NA,1946-06-01,382941099092301,165,0,c(-99.155452, 38.494642),"1946","71-0",-99.155452,38.494642,0.0005128,"0-65"
"634","Rush",-26.78,NA,1946-05-27,382755099154401,165,0,c(-99.261474, 38.466108),"1946","71-0",-99.261474,38.466108,25,"0-65"
"635","Rush",-23.05,NA,1946-05-29,382848099102901,165,0,c(-99.174069, 38.480146),"1946","71-0",-99.174069,38.480146,25,"0-65"
"636","Rush",-24.65,NA,1946-05-28,382756099133201,165,0,c(-99.224791, 38.465864),"1946","71-0",-99.224791,38.465864,0.0005927,"0-65"
"637","Rush",-29.95,NA,1946-06-04,382801099253301,165,0,c(-99.425192, 38.468505),"1946","71-0",-99.425192,38.468505,NA,NA
"638","Barton",-12.86,"HEIZER",1946-01-16,382704098593803,9,0,c(-98.994505, 38.451196),"1946","71-0",-98.994505,38.451196,31.6355572,"0-65"
"639","Barton",-12.99,"HEIZER",1946-02-12,382704098593803,9,0,c(-98.994505, 38.451196),"1946","71-0",-98.994505,38.451196,31.6355572,"0-65"
"640","Barton",-13.04,"HEIZER",1946-03-15,382704098593803,9,0,c(-98.994505, 38.451196),"1946","71-0",-98.994505,38.451196,31.6355572,"0-65"
"641","Barton",-13.23,"HEIZER",1946-04-11,382704098593803,9,0,c(-98.994505, 38.451196),"1946","71-0",-98.994505,38.451196,31.6355572,"0-65"
"642","Barton",-13.64,"HEIZER",1946-05-15,382704098593803,9,0,c(-98.994505, 38.451196),"1946","71-0",-98.994505,38.451196,31.6355572,"0-65"
"643","Barton",-14.26,"HEIZER",1946-06-12,382704098593803,9,0,c(-98.994505, 38.451196),"1946","71-0",-98.994505,38.451196,31.6355572,"0-65"
"644","Barton",-14.61,"HEIZER",1946-07-14,382704098593803,9,0,c(-98.994505, 38.451196),"1946","71-0",-98.994505,38.451196,31.6355572,"0-65"
"645","Barton",-15.68,"HEIZER",1946-08-15,382704098593803,9,0,c(-98.994505, 38.451196),"1946","71-0",-98.994505,38.451196,31.6355572,"0-65"
"646","Barton",-12.78,"HEIZER",1946-09-15,382704098593803,9,0,c(-98.994505, 38.451196),"1946","71-0",-98.994505,38.451196,31.6355572,"0-65"
"647","Barton",-11.71,"HEIZER",1946-11-18,382704098593803,9,0,c(-98.994505, 38.451196),"1946","71-0",-98.994505,38.451196,31.6355572,"0-65"
"648","Barton",-11.85,"HEIZER",1946-12-12,382704098593803,9,0,c(-98.994505, 38.451196),"1946","71-0",-98.994505,38.451196,31.6355572,"0-65"
"649","Rush",-27.35,NA,1946-05-29,382829099122501,165,0,c(-99.206312, 38.474821),"1946","71-0",-99.206312,38.474821,0.0011239,"0-65"
"650","Rush",-22.94,NA,1946-05-29,382901099091401,165,0,c(-99.153255, 38.483778),"1946","71-0",-99.153255,38.483778,0.0005681,"0-65"
"651","Rush",-23.07,NA,1946-06-04,382748099231201,165,0,c(-99.38593, 38.465178),"1946","71-0",-99.38593,38.465178,25,"0-65"
"652","Rush",-22.17,NA,1946-05-29,382928099060301,165,0,c(-99.10119, 38.490873),"1946","71-0",-99.10119,38.490873,25,"0-65"
"653","Rush",-32.55,NA,1946-05-24,382808099340401,165,0,c(-99.565883, 38.470183),"1946","71-0",-99.565883,38.470183,NA,NA
"654","Rush",-17,NA,1946-06-03,382829099035801,165,0,c(-99.066399, 38.474302),"1946","71-0",-99.066399,38.474302,25,"0-65"
"655","Rush",-29.19,NA,1946-05-27,382749099170701,165,0,c(-99.284623, 38.464567),"1946","71-0",-99.284623,38.464567,25,"0-65"
"656","Rush",-22.12,NA,1946-05-24,382849099081601,165,0,c(-99.137401, 38.480177),"1946","71-0",-99.137401,38.480177,25,"0-65"
"657","Rush",-23.05,NA,1946-05-29,382855099093901,165,0,c(-99.160152, 38.481916),"1946","71-0",-99.160152,38.481916,0.0011452,"0-65"
"658","Barton",-11.83,"HEIZER",1946-01-11,382249098572801,9,0,c(-98.960393, 38.379194),"1946","71-0",-98.960393,38.379194,25,"0-65"
"659","Barton",-11.94,"HEIZER",1946-02-21,382249098572801,9,0,c(-98.960393, 38.379194),"1946","71-0",-98.960393,38.379194,25,"0-65"
"660","Barton",-11.94,"HEIZER",1946-03-14,382249098572801,9,0,c(-98.960393, 38.379194),"1946","71-0",-98.960393,38.379194,25,"0-65"
"661","Barton",-12.28,"HEIZER",1946-04-23,382249098572801,9,0,c(-98.960393, 38.379194),"1946","71-0",-98.960393,38.379194,25,"0-65"
"662","Barton",-12.69,"HEIZER",1946-05-22,382249098572801,9,0,c(-98.960393, 38.379194),"1946","71-0",-98.960393,38.379194,25,"0-65"
"663","Barton",-13.41,"HEIZER",1946-06-22,382249098572801,9,0,c(-98.960393, 38.379194),"1946","71-0",-98.960393,38.379194,25,"0-65"
"664","Barton",-14.07,"HEIZER",1946-07-22,382249098572801,9,0,c(-98.960393, 38.379194),"1946","71-0",-98.960393,38.379194,25,"0-65"
"665","Barton",-14.6,"HEIZER",1946-08-20,382249098572801,9,0,c(-98.960393, 38.379194),"1946","71-0",-98.960393,38.379194,25,"0-65"
"666","Barton",-14.23,"HEIZER",1946-09-12,382249098572801,9,0,c(-98.960393, 38.379194),"1946","71-0",-98.960393,38.379194,25,"0-65"
"667","Barton",-14.13,"HEIZER",1946-10-24,382249098572801,9,0,c(-98.960393, 38.379194),"1946","71-0",-98.960393,38.379194,25,"0-65"
"668","Barton",-13.63,"HEIZER",1946-11-26,382249098572801,9,0,c(-98.960393, 38.379194),"1946","71-0",-98.960393,38.379194,25,"0-65"
"669","Barton",-13.53,"HEIZER",1946-12-12,382249098572801,9,0,c(-98.960393, 38.379194),"1946","71-0",-98.960393,38.379194,25,"0-65"
"670","Barton",-29.7,"ELLINWOOD SW",1946-01-10,381945098420601,9,0,c(-98.701762, 38.328824),"1946","71-0",-98.701762,38.328824,122.7195206,"66-131"
"671","Barton",-29.76,"ELLINWOOD SW",1946-02-20,381945098420601,9,0,c(-98.701762, 38.328824),"1946","71-0",-98.701762,38.328824,122.7195206,"66-131"
"672","Barton",-29.12,"ELLINWOOD SW",1946-03-13,381945098420601,9,0,c(-98.701762, 38.328824),"1946","71-0",-98.701762,38.328824,122.7195206,"66-131"
"673","Barton",-29.85,"ELLINWOOD SW",1946-04-23,381945098420601,9,0,c(-98.701762, 38.328824),"1946","71-0",-98.701762,38.328824,122.7195206,"66-131"
"674","Barton",-29.9,"ELLINWOOD SW",1946-05-23,381945098420601,9,0,c(-98.701762, 38.328824),"1946","71-0",-98.701762,38.328824,122.7195206,"66-131"
"675","Barton",-29.95,"ELLINWOOD SW",1946-06-21,381945098420601,9,0,c(-98.701762, 38.328824),"1946","71-0",-98.701762,38.328824,122.7195206,"66-131"
"676","Barton",-29.96,"ELLINWOOD SW",1946-07-22,381945098420601,9,0,c(-98.701762, 38.328824),"1946","71-0",-98.701762,38.328824,122.7195206,"66-131"
"677","Barton",-30,"ELLINWOOD SW",1946-08-21,381945098420601,9,0,c(-98.701762, 38.328824),"1946","71-0",-98.701762,38.328824,122.7195206,"66-131"
"678","Barton",-30.06,"ELLINWOOD SW",1946-09-12,381945098420601,9,0,c(-98.701762, 38.328824),"1946","71-0",-98.701762,38.328824,122.7195206,"66-131"
"679","Barton",-30.08,"ELLINWOOD SW",1946-10-24,381945098420601,9,0,c(-98.701762, 38.328824),"1946","71-0",-98.701762,38.328824,122.7195206,"66-131"
"680","Barton",-30.16,"ELLINWOOD SW",1946-11-26,381945098420601,9,0,c(-98.701762, 38.328824),"1946","71-0",-98.701762,38.328824,122.7195206,"66-131"
"681","Barton",-30.16,"ELLINWOOD SW",1946-12-12,381945098420601,9,0,c(-98.701762, 38.328824),"1946","71-0",-98.701762,38.328824,122.7195206,"66-131"
"682","Barton",-17.9,"ELLINWOOD",1946-01-10,381727098341501,9,0,c(-98.57079, 38.290875),"1946","71-0",-98.57079,38.290875,168.9504395,"132-197"
"683","Barton",-18.08,"ELLINWOOD",1946-02-20,381727098341501,9,0,c(-98.57079, 38.290875),"1946","71-0",-98.57079,38.290875,168.9504395,"132-197"
"684","Barton",-18.11,"ELLINWOOD",1946-03-13,381727098341501,9,0,c(-98.57079, 38.290875),"1946","71-0",-98.57079,38.290875,168.9504395,"132-197"
"685","Barton",-18.49,"ELLINWOOD",1946-04-23,381727098341501,9,0,c(-98.57079, 38.290875),"1946","71-0",-98.57079,38.290875,168.9504395,"132-197"
"686","Barton",-18.66,"ELLINWOOD",1946-05-23,381727098341501,9,0,c(-98.57079, 38.290875),"1946","71-0",-98.57079,38.290875,168.9504395,"132-197"
"687","Barton",-19.27,"ELLINWOOD",1946-06-21,381727098341501,9,0,c(-98.57079, 38.290875),"1946","71-0",-98.57079,38.290875,168.9504395,"132-197"
"688","Barton",-19.78,"ELLINWOOD",1946-07-22,381727098341501,9,0,c(-98.57079, 38.290875),"1946","71-0",-98.57079,38.290875,168.9504395,"132-197"
"689","Barton",-20.23,"ELLINWOOD",1946-08-21,381727098341501,9,0,c(-98.57079, 38.290875),"1946","71-0",-98.57079,38.290875,168.9504395,"132-197"
"690","Barton",-20.48,"ELLINWOOD",1946-09-12,381727098341501,9,0,c(-98.57079, 38.290875),"1946","71-0",-98.57079,38.290875,168.9504395,"132-197"
"691","Barton",-20.45,"ELLINWOOD",1946-10-24,381727098341501,9,0,c(-98.57079, 38.290875),"1946","71-0",-98.57079,38.290875,168.9504395,"132-197"
"692","Barton",-20.25,"ELLINWOOD",1946-11-26,381727098341501,9,0,c(-98.57079, 38.290875),"1946","71-0",-98.57079,38.290875,168.9504395,"132-197"
"693","Barton",-20.14,"ELLINWOOD",1946-12-12,381727098341501,9,0,c(-98.57079, 38.290875),"1946","71-0",-98.57079,38.290875,168.9504395,"132-197"
"694","Harvey",-18.99,NA,1946-01-03,375625097305602,79,0,c(-97.518611, 37.94125),"1946","71-0",-97.518611,37.94125,166.8974304,"132-197"
"695","Harvey",-18.18,NA,1946-02-01,375625097305602,79,0,c(-97.518611, 37.94125),"1946","71-0",-97.518611,37.94125,166.8974304,"132-197"
"696","Harvey",-18.46,NA,1946-03-05,375625097305602,79,0,c(-97.518611, 37.94125),"1946","71-0",-97.518611,37.94125,166.8974304,"132-197"
"697","Harvey",-19.74,NA,1946-04-02,375625097305602,79,0,c(-97.518611, 37.94125),"1946","71-0",-97.518611,37.94125,166.8974304,"132-197"
"698","Harvey",-20.94,NA,1946-05-01,375625097305602,79,0,c(-97.518611, 37.94125),"1946","71-0",-97.518611,37.94125,166.8974304,"132-197"
"699","Harvey",-19.08,NA,1946-05-31,375625097305602,79,0,c(-97.518611, 37.94125),"1946","71-0",-97.518611,37.94125,166.8974304,"132-197"
"700","Harvey",-20.61,NA,1946-07-03,375625097305602,79,0,c(-97.518611, 37.94125),"1946","71-0",-97.518611,37.94125,166.8974304,"132-197"
"701","Harvey",-21.59,NA,1946-07-31,375625097305602,79,0,c(-97.518611, 37.94125),"1946","71-0",-97.518611,37.94125,166.8974304,"132-197"
"702","Harvey",-21.74,NA,1946-08-27,375625097305602,79,0,c(-97.518611, 37.94125),"1946","71-0",-97.518611,37.94125,166.8974304,"132-197"
"703","Harvey",-21.43,NA,1946-09-25,375625097305602,79,0,c(-97.518611, 37.94125),"1946","71-0",-97.518611,37.94125,166.8974304,"132-197"
"704","Harvey",-22.68,NA,1946-11-08,375625097305602,79,0,c(-97.518611, 37.94125),"1946","71-0",-97.518611,37.94125,166.8974304,"132-197"
"705","Harvey",-23.02,NA,1946-12-06,375625097305602,79,0,c(-97.518611, 37.94125),"1946","71-0",-97.518611,37.94125,166.8974304,"132-197"
"706","Sedgwick",-15.37,NA,1946-01-05,375039097234201,173,0,c(-97.396011, 37.844006),"1946","71-0",-97.396011,37.844006,65.0145111,"0-65"
"707","Sedgwick",-15.43,NA,1946-01-10,375039097234201,173,0,c(-97.396011, 37.844006),"1946","71-0",-97.396011,37.844006,65.0145111,"0-65"
"708","Sedgwick",-15.45,NA,1946-01-15,375039097234201,173,0,c(-97.396011, 37.844006),"1946","71-0",-97.396011,37.844006,65.0145111,"0-65"
"709","Sedgwick",-15.47,NA,1946-01-20,375039097234201,173,0,c(-97.396011, 37.844006),"1946","71-0",-97.396011,37.844006,65.0145111,"0-65"
"710","Sedgwick",-15.51,NA,1946-01-25,375039097234201,173,0,c(-97.396011, 37.844006),"1946","71-0",-97.396011,37.844006,65.0145111,"0-65"
"711","Sedgwick",-15.51,NA,1946-01-30,375039097234201,173,0,c(-97.396011, 37.844006),"1946","71-0",-97.396011,37.844006,65.0145111,"0-65"
"712","Sedgwick",-15.57,NA,1946-02-05,375039097234201,173,0,c(-97.396011, 37.844006),"1946","71-0",-97.396011,37.844006,65.0145111,"0-65"
"713","Sedgwick",-15.61,NA,1946-02-10,375039097234201,173,0,c(-97.396011, 37.844006),"1946","71-0",-97.396011,37.844006,65.0145111,"0-65"
"714","Sedgwick",-15.66,NA,1946-02-15,375039097234201,173,0,c(-97.396011, 37.844006),"1946","71-0",-97.396011,37.844006,65.0145111,"0-65"
"715","Sedgwick",-15.71,NA,1946-02-20,375039097234201,173,0,c(-97.396011, 37.844006),"1946","71-0",-97.396011,37.844006,65.0145111,"0-65"
"716","Sedgwick",-15.71,NA,1946-02-25,375039097234201,173,0,c(-97.396011, 37.844006),"1946","71-0",-97.396011,37.844006,65.0145111,"0-65"
"717","Sedgwick",-15.81,NA,1946-03-05,375039097234201,173,0,c(-97.396011, 37.844006),"1946","71-0",-97.396011,37.844006,65.0145111,"0-65"
"718","Sedgwick",-15.87,NA,1946-03-10,375039097234201,173,0,c(-97.396011, 37.844006),"1946","71-0",-97.396011,37.844006,65.0145111,"0-65"
"719","Sedgwick",-15.88,NA,1946-03-15,375039097234201,173,0,c(-97.396011, 37.844006),"1946","71-0",-97.396011,37.844006,65.0145111,"0-65"
"720","Sedgwick",-15.92,NA,1946-03-20,375039097234201,173,0,c(-97.396011, 37.844006),"1946","71-0",-97.396011,37.844006,65.0145111,"0-65"
"721","Sedgwick",-15.93,NA,1946-03-25,375039097234201,173,0,c(-97.396011, 37.844006),"1946","71-0",-97.396011,37.844006,65.0145111,"0-65"
"722","Sedgwick",-15.97,NA,1946-03-30,375039097234201,173,0,c(-97.396011, 37.844006),"1946","71-0",-97.396011,37.844006,65.0145111,"0-65"
"723","Sedgwick",-15.99,NA,1946-04-05,375039097234201,173,0,c(-97.396011, 37.844006),"1946","71-0",-97.396011,37.844006,65.0145111,"0-65"
"724","Sedgwick",-16.04,NA,1946-04-10,375039097234201,173,0,c(-97.396011, 37.844006),"1946","71-0",-97.396011,37.844006,65.0145111,"0-65"
"725","Sedgwick",-16.08,NA,1946-04-15,375039097234201,173,0,c(-97.396011, 37.844006),"1946","71-0",-97.396011,37.844006,65.0145111,"0-65"
"726","Sedgwick",-16.12,NA,1946-04-20,375039097234201,173,0,c(-97.396011, 37.844006),"1946","71-0",-97.396011,37.844006,65.0145111,"0-65"
"727","Sedgwick",-16.16,NA,1946-04-25,375039097234201,173,0,c(-97.396011, 37.844006),"1946","71-0",-97.396011,37.844006,65.0145111,"0-65"
"728","Sedgwick",-16.18,NA,1946-04-30,375039097234201,173,0,c(-97.396011, 37.844006),"1946","71-0",-97.396011,37.844006,65.0145111,"0-65"
"729","Sedgwick",-16.21,NA,1946-05-05,375039097234201,173,0,c(-97.396011, 37.844006),"1946","71-0",-97.396011,37.844006,65.0145111,"0-65"
"730","Sedgwick",-16.25,NA,1946-05-10,375039097234201,173,0,c(-97.396011, 37.844006),"1946","71-0",-97.396011,37.844006,65.0145111,"0-65"
"731","Sedgwick",-16.3,NA,1946-05-15,375039097234201,173,0,c(-97.396011, 37.844006),"1946","71-0",-97.396011,37.844006,65.0145111,"0-65"
"732","Sedgwick",-16.41,NA,1946-05-20,375039097234201,173,0,c(-97.396011, 37.844006),"1946","71-0",-97.396011,37.844006,65.0145111,"0-65"
"733","Sedgwick",-16.44,NA,1946-05-25,375039097234201,173,0,c(-97.396011, 37.844006),"1946","71-0",-97.396011,37.844006,65.0145111,"0-65"
"734","Sedgwick",-16.46,NA,1946-05-30,375039097234201,173,0,c(-97.396011, 37.844006),"1946","71-0",-97.396011,37.844006,65.0145111,"0-65"
"735","Sedgwick",-16.51,NA,1946-06-05,375039097234201,173,0,c(-97.396011, 37.844006),"1946","71-0",-97.396011,37.844006,65.0145111,"0-65"
"736","Sedgwick",-16.55,NA,1946-06-10,375039097234201,173,0,c(-97.396011, 37.844006),"1946","71-0",-97.396011,37.844006,65.0145111,"0-65"
"737","Sedgwick",-16.58,NA,1946-06-15,375039097234201,173,0,c(-97.396011, 37.844006),"1946","71-0",-97.396011,37.844006,65.0145111,"0-65"
"738","Sedgwick",-16.62,NA,1946-06-20,375039097234201,173,0,c(-97.396011, 37.844006),"1946","71-0",-97.396011,37.844006,65.0145111,"0-65"
"739","Sedgwick",-16.58,NA,1946-06-25,375039097234201,173,0,c(-97.396011, 37.844006),"1946","71-0",-97.396011,37.844006,65.0145111,"0-65"
"740","Sedgwick",-16.63,NA,1946-06-30,375039097234201,173,0,c(-97.396011, 37.844006),"1946","71-0",-97.396011,37.844006,65.0145111,"0-65"
"741","Sedgwick",-16.65,NA,1946-07-05,375039097234201,173,0,c(-97.396011, 37.844006),"1946","71-0",-97.396011,37.844006,65.0145111,"0-65"
"742","Sedgwick",-16.7,NA,1946-07-10,375039097234201,173,0,c(-97.396011, 37.844006),"1946","71-0",-97.396011,37.844006,65.0145111,"0-65"
"743","Sedgwick",-16.75,NA,1946-07-15,375039097234201,173,0,c(-97.396011, 37.844006),"1946","71-0",-97.396011,37.844006,65.0145111,"0-65"
"744","Sedgwick",-16.79,NA,1946-07-20,375039097234201,173,0,c(-97.396011, 37.844006),"1946","71-0",-97.396011,37.844006,65.0145111,"0-65"
"745","Sedgwick",-16.82,NA,1946-07-25,375039097234201,173,0,c(-97.396011, 37.844006),"1946","71-0",-97.396011,37.844006,65.0145111,"0-65"
"746","Sedgwick",-16.86,NA,1946-07-30,375039097234201,173,0,c(-97.396011, 37.844006),"1946","71-0",-97.396011,37.844006,65.0145111,"0-65"
"747","Sedgwick",-16.89,NA,1946-08-05,375039097234201,173,0,c(-97.396011, 37.844006),"1946","71-0",-97.396011,37.844006,65.0145111,"0-65"
"748","Sedgwick",-16.93,NA,1946-08-10,375039097234201,173,0,c(-97.396011, 37.844006),"1946","71-0",-97.396011,37.844006,65.0145111,"0-65"
"749","Sedgwick",-16.98,NA,1946-08-15,375039097234201,173,0,c(-97.396011, 37.844006),"1946","71-0",-97.396011,37.844006,65.0145111,"0-65"
"750","Sedgwick",-17.02,NA,1946-08-20,375039097234201,173,0,c(-97.396011, 37.844006),"1946","71-0",-97.396011,37.844006,65.0145111,"0-65"
"751","Sedgwick",-17.06,NA,1946-08-25,375039097234201,173,0,c(-97.396011, 37.844006),"1946","71-0",-97.396011,37.844006,65.0145111,"0-65"
"752","Sedgwick",-17.1,NA,1946-08-30,375039097234201,173,0,c(-97.396011, 37.844006),"1946","71-0",-97.396011,37.844006,65.0145111,"0-65"
"753","Sedgwick",-17.15,NA,1946-09-05,375039097234201,173,0,c(-97.396011, 37.844006),"1946","71-0",-97.396011,37.844006,65.0145111,"0-65"
"754","Sedgwick",-17.19,NA,1946-09-10,375039097234201,173,0,c(-97.396011, 37.844006),"1946","71-0",-97.396011,37.844006,65.0145111,"0-65"
"755","Sedgwick",-17.19,NA,1946-09-15,375039097234201,173,0,c(-97.396011, 37.844006),"1946","71-0",-97.396011,37.844006,65.0145111,"0-65"
"756","Sedgwick",-17.22,NA,1946-09-20,375039097234201,173,0,c(-97.396011, 37.844006),"1946","71-0",-97.396011,37.844006,65.0145111,"0-65"
"757","Sedgwick",-17.26,NA,1946-09-25,375039097234201,173,0,c(-97.396011, 37.844006),"1946","71-0",-97.396011,37.844006,65.0145111,"0-65"
"758","Sedgwick",-17.35,NA,1946-09-30,375039097234201,173,0,c(-97.396011, 37.844006),"1946","71-0",-97.396011,37.844006,65.0145111,"0-65"
"759","Sedgwick",-17.38,NA,1946-10-05,375039097234201,173,0,c(-97.396011, 37.844006),"1946","71-0",-97.396011,37.844006,65.0145111,"0-65"
"760","Sedgwick",-17.42,NA,1946-10-10,375039097234201,173,0,c(-97.396011, 37.844006),"1946","71-0",-97.396011,37.844006,65.0145111,"0-65"
"761","Sedgwick",-17.45,NA,1946-10-15,375039097234201,173,0,c(-97.396011, 37.844006),"1946","71-0",-97.396011,37.844006,65.0145111,"0-65"
"762","Sedgwick",-17.47,NA,1946-10-20,375039097234201,173,0,c(-97.396011, 37.844006),"1946","71-0",-97.396011,37.844006,65.0145111,"0-65"
"763","Sedgwick",-17.46,NA,1946-10-25,375039097234201,173,0,c(-97.396011, 37.844006),"1946","71-0",-97.396011,37.844006,65.0145111,"0-65"
"764","Sedgwick",-17.47,NA,1946-10-30,375039097234201,173,0,c(-97.396011, 37.844006),"1946","71-0",-97.396011,37.844006,65.0145111,"0-65"
"765","Sedgwick",-17.51,NA,1946-11-05,375039097234201,173,0,c(-97.396011, 37.844006),"1946","71-0",-97.396011,37.844006,65.0145111,"0-65"
"766","Sedgwick",-17.5,NA,1946-11-10,375039097234201,173,0,c(-97.396011, 37.844006),"1946","71-0",-97.396011,37.844006,65.0145111,"0-65"
"767","Sedgwick",-17.47,NA,1946-11-15,375039097234201,173,0,c(-97.396011, 37.844006),"1946","71-0",-97.396011,37.844006,65.0145111,"0-65"
"768","Sedgwick",-17.51,NA,1946-11-20,375039097234201,173,0,c(-97.396011, 37.844006),"1946","71-0",-97.396011,37.844006,65.0145111,"0-65"
"769","Sedgwick",-17.52,NA,1946-11-25,375039097234201,173,0,c(-97.396011, 37.844006),"1946","71-0",-97.396011,37.844006,65.0145111,"0-65"
"770","Sedgwick",-17.55,NA,1946-11-30,375039097234201,173,0,c(-97.396011, 37.844006),"1946","71-0",-97.396011,37.844006,65.0145111,"0-65"
"771","Sedgwick",-17.57,NA,1946-12-05,375039097234201,173,0,c(-97.396011, 37.844006),"1946","71-0",-97.396011,37.844006,65.0145111,"0-65"
"772","Sedgwick",-17.6,NA,1946-12-10,375039097234201,173,0,c(-97.396011, 37.844006),"1946","71-0",-97.396011,37.844006,65.0145111,"0-65"
"773","Sedgwick",-17.53,NA,1946-12-15,375039097234201,173,0,c(-97.396011, 37.844006),"1946","71-0",-97.396011,37.844006,65.0145111,"0-65"
"774","Sedgwick",-17.51,NA,1946-12-20,375039097234201,173,0,c(-97.396011, 37.844006),"1946","71-0",-97.396011,37.844006,65.0145111,"0-65"
"775","Sedgwick",-17.53,NA,1946-12-25,375039097234201,173,0,c(-97.396011, 37.844006),"1946","71-0",-97.396011,37.844006,65.0145111,"0-65"
"776","Sedgwick",-17.58,NA,1946-12-30,375039097234201,173,0,c(-97.396011, 37.844006),"1946","71-0",-97.396011,37.844006,65.0145111,"0-65"
"777","Sedgwick",-3.99,NA,1946-01-02,375256097330501,173,0,c(-97.555278, 37.883056),"1946","71-0",-97.555278,37.883056,153.9964447,"132-197"
"778","Sedgwick",-4.03,NA,1946-02-05,375256097330501,173,0,c(-97.555278, 37.883056),"1946","71-0",-97.555278,37.883056,153.9964447,"132-197"
"779","Sedgwick",-3.98,NA,1946-03-06,375256097330501,173,0,c(-97.555278, 37.883056),"1946","71-0",-97.555278,37.883056,153.9964447,"132-197"
"780","Sedgwick",-3.79,NA,1946-04-02,375256097330501,173,0,c(-97.555278, 37.883056),"1946","71-0",-97.555278,37.883056,153.9964447,"132-197"
"781","Sedgwick",-4.08,NA,1946-05-02,375256097330501,173,0,c(-97.555278, 37.883056),"1946","71-0",-97.555278,37.883056,153.9964447,"132-197"
"782","Sedgwick",-4.12,NA,1946-05-28,375256097330501,173,0,c(-97.555278, 37.883056),"1946","71-0",-97.555278,37.883056,153.9964447,"132-197"
"783","Sedgwick",-4.67,NA,1946-07-02,375256097330501,173,0,c(-97.555278, 37.883056),"1946","71-0",-97.555278,37.883056,153.9964447,"132-197"
"784","Sedgwick",-6.55,NA,1946-07-30,375256097330501,173,0,c(-97.555278, 37.883056),"1946","71-0",-97.555278,37.883056,153.9964447,"132-197"
"785","Sedgwick",-7.62,NA,1946-09-26,375256097330501,173,0,c(-97.555278, 37.883056),"1946","71-0",-97.555278,37.883056,153.9964447,"132-197"
"786","Sedgwick",-7.37,NA,1946-11-06,375256097330501,173,0,c(-97.555278, 37.883056),"1946","71-0",-97.555278,37.883056,153.9964447,"132-197"
"787","Sedgwick",-7.14,NA,1946-12-03,375256097330501,173,0,c(-97.555278, 37.883056),"1946","71-0",-97.555278,37.883056,153.9964447,"132-197"
"788","Sedgwick",-6.84,NA,1946-12-31,375256097330501,173,0,c(-97.555278, 37.883056),"1946","71-0",-97.555278,37.883056,153.9964447,"132-197"
"789","Sedgwick",-5.06,NA,1946-01-02,375256097342701,173,0,c(-97.580139, 37.882778),"1946","71-0",-97.580139,37.882778,119.3446121,"66-131"
"790","Sedgwick",-5.09,NA,1946-02-05,375256097342701,173,0,c(-97.580139, 37.882778),"1946","71-0",-97.580139,37.882778,119.3446121,"66-131"
"791","Sedgwick",-5.01,NA,1946-03-06,375256097342701,173,0,c(-97.580139, 37.882778),"1946","71-0",-97.580139,37.882778,119.3446121,"66-131"
"792","Sedgwick",-4.65,NA,1946-04-02,375256097342701,173,0,c(-97.580139, 37.882778),"1946","71-0",-97.580139,37.882778,119.3446121,"66-131"
"793","Sedgwick",-5.24,NA,1946-05-02,375256097342701,173,0,c(-97.580139, 37.882778),"1946","71-0",-97.580139,37.882778,119.3446121,"66-131"
"794","Sedgwick",-5.3,NA,1946-05-28,375256097342701,173,0,c(-97.580139, 37.882778),"1946","71-0",-97.580139,37.882778,119.3446121,"66-131"
"795","Sedgwick",-5.59,NA,1946-07-02,375256097342701,173,0,c(-97.580139, 37.882778),"1946","71-0",-97.580139,37.882778,119.3446121,"66-131"
"796","Sedgwick",-6.04,NA,1946-07-30,375256097342701,173,0,c(-97.580139, 37.882778),"1946","71-0",-97.580139,37.882778,119.3446121,"66-131"
"797","Sedgwick",-6.99,NA,1946-09-26,375256097342701,173,0,c(-97.580139, 37.882778),"1946","71-0",-97.580139,37.882778,119.3446121,"66-131"
"798","Sedgwick",-6.88,NA,1946-11-06,375256097342701,173,0,c(-97.580139, 37.882778),"1946","71-0",-97.580139,37.882778,119.3446121,"66-131"
"799","Sedgwick",-6.69,NA,1946-12-03,375256097342701,173,0,c(-97.580139, 37.882778),"1946","71-0",-97.580139,37.882778,119.3446121,"66-131"
"800","Sedgwick",-3.54,NA,1946-12-28,375256097342701,173,0,c(-97.580139, 37.882778),"1946","71-0",-97.580139,37.882778,119.3446121,"66-131"
"801","Sedgwick",-6.59,NA,1946-12-31,375256097342701,173,0,c(-97.580139, 37.882778),"1946","71-0",-97.580139,37.882778,119.3446121,"66-131"
"802","Harvey",-43.51,NA,1946-01-04,380054097342202,79,0,c(-97.575972, 38.014167),"1946","71-0",-97.575972,38.014167,205.0233459,"198-262"
"803","Harvey",-41.37,NA,1946-02-06,380054097342202,79,0,c(-97.575972, 38.014167),"1946","71-0",-97.575972,38.014167,205.0233459,"198-262"
"804","Harvey",-41.28,NA,1946-03-07,380054097342202,79,0,c(-97.575972, 38.014167),"1946","71-0",-97.575972,38.014167,205.0233459,"198-262"
"805","Harvey",-39.78,NA,1946-04-03,380054097342202,79,0,c(-97.575972, 38.014167),"1946","71-0",-97.575972,38.014167,205.0233459,"198-262"
"806","Harvey",-42.3,NA,1946-04-30,380054097342202,79,0,c(-97.575972, 38.014167),"1946","71-0",-97.575972,38.014167,205.0233459,"198-262"
"807","Harvey",-42.17,NA,1946-05-29,380054097342202,79,0,c(-97.575972, 38.014167),"1946","71-0",-97.575972,38.014167,205.0233459,"198-262"
"808","Harvey",-39.14,NA,1946-07-03,380054097342202,79,0,c(-97.575972, 38.014167),"1946","71-0",-97.575972,38.014167,205.0233459,"198-262"
"809","Harvey",-46.09,NA,1946-08-01,380054097342202,79,0,c(-97.575972, 38.014167),"1946","71-0",-97.575972,38.014167,205.0233459,"198-262"
"810","Harvey",-42.37,NA,1946-08-27,380054097342202,79,0,c(-97.575972, 38.014167),"1946","71-0",-97.575972,38.014167,205.0233459,"198-262"
"811","Harvey",-41.22,NA,1946-09-25,380054097342202,79,0,c(-97.575972, 38.014167),"1946","71-0",-97.575972,38.014167,205.0233459,"198-262"
"812","Harvey",-40.7,NA,1946-11-08,380054097342202,79,0,c(-97.575972, 38.014167),"1946","71-0",-97.575972,38.014167,205.0233459,"198-262"
"813","Harvey",-41.97,NA,1946-12-04,380054097342202,79,0,c(-97.575972, 38.014167),"1946","71-0",-97.575972,38.014167,205.0233459,"198-262"
"814","Harvey",-23.73,NA,1946-01-04,375902097341302,79,0,c(-97.57375, 37.983333),"1946","71-0",-97.57375,37.983333,208.4711456,"198-262"
"815","Harvey",-24.81,NA,1946-02-06,375902097341302,79,0,c(-97.57375, 37.983333),"1946","71-0",-97.57375,37.983333,208.4711456,"198-262"
"816","Harvey",-24.98,NA,1946-03-07,375902097341302,79,0,c(-97.57375, 37.983333),"1946","71-0",-97.57375,37.983333,208.4711456,"198-262"
"817","Harvey",-23.94,NA,1946-04-03,375902097341302,79,0,c(-97.57375, 37.983333),"1946","71-0",-97.57375,37.983333,208.4711456,"198-262"
"818","Harvey",-24.04,NA,1946-04-30,375902097341302,79,0,c(-97.57375, 37.983333),"1946","71-0",-97.57375,37.983333,208.4711456,"198-262"
"819","Harvey",-24.19,NA,1946-05-29,375902097341302,79,0,c(-97.57375, 37.983333),"1946","71-0",-97.57375,37.983333,208.4711456,"198-262"
"820","Harvey",-24.66,NA,1946-07-03,375902097341302,79,0,c(-97.57375, 37.983333),"1946","71-0",-97.57375,37.983333,208.4711456,"198-262"
"821","Harvey",-25.31,NA,1946-08-01,375902097341302,79,0,c(-97.57375, 37.983333),"1946","71-0",-97.57375,37.983333,208.4711456,"198-262"
"822","Harvey",-25.84,NA,1946-08-27,375902097341302,79,0,c(-97.57375, 37.983333),"1946","71-0",-97.57375,37.983333,208.4711456,"198-262"
"823","Harvey",-25.59,NA,1946-09-25,375902097341302,79,0,c(-97.57375, 37.983333),"1946","71-0",-97.57375,37.983333,208.4711456,"198-262"
"824","Harvey",-25.38,NA,1946-11-08,375902097341302,79,0,c(-97.57375, 37.983333),"1946","71-0",-97.57375,37.983333,208.4711456,"198-262"
"825","Harvey",-25.66,NA,1946-12-04,375902097341302,79,0,c(-97.57375, 37.983333),"1946","71-0",-97.57375,37.983333,208.4711456,"198-262"
"826","Harvey",-2.01,NA,1946-01-03,375639097384401,79,0,c(-97.647415, 37.944993),"1946","71-0",-97.647415,37.944993,123.7049713,"66-131"
"827","Harvey",-2.01,NA,1946-01-23,375639097384401,79,0,c(-97.647415, 37.944993),"1946","71-0",-97.647415,37.944993,123.7049713,"66-131"
"828","Harvey",-2.91,NA,1946-03-05,375639097384401,79,0,c(-97.647415, 37.944993),"1946","71-0",-97.647415,37.944993,123.7049713,"66-131"
"829","Harvey",-1.83,NA,1946-04-02,375639097384401,79,0,c(-97.647415, 37.944993),"1946","71-0",-97.647415,37.944993,123.7049713,"66-131"
"830","Harvey",-3.08,NA,1946-05-01,375639097384401,79,0,c(-97.647415, 37.944993),"1946","71-0",-97.647415,37.944993,123.7049713,"66-131"
"831","Harvey",-3.41,NA,1946-05-31,375639097384401,79,0,c(-97.647415, 37.944993),"1946","71-0",-97.647415,37.944993,123.7049713,"66-131"
"832","Harvey",-4.21,NA,1946-07-02,375639097384401,79,0,c(-97.647415, 37.944993),"1946","71-0",-97.647415,37.944993,123.7049713,"66-131"
"833","Harvey",-4.74,NA,1946-07-31,375639097384401,79,0,c(-97.647415, 37.944993),"1946","71-0",-97.647415,37.944993,123.7049713,"66-131"
"834","Harvey",-4.76,NA,1946-08-29,375639097384401,79,0,c(-97.647415, 37.944993),"1946","71-0",-97.647415,37.944993,123.7049713,"66-131"
"835","Harvey",-6.2,NA,1946-10-02,375639097384401,79,0,c(-97.647415, 37.944993),"1946","71-0",-97.647415,37.944993,123.7049713,"66-131"
"836","Harvey",-5.8,NA,1946-11-07,375639097384401,79,0,c(-97.647415, 37.944993),"1946","71-0",-97.647415,37.944993,123.7049713,"66-131"
"837","Harvey",-5.94,NA,1946-12-06,375639097384401,79,0,c(-97.647415, 37.944993),"1946","71-0",-97.647415,37.944993,123.7049713,"66-131"
"838","Harvey",-22.13,NA,1946-01-04,375810097334002,79,0,c(-97.562439, 37.970547),"1946","71-0",-97.562439,37.970547,200.254303,"198-262"
"839","Harvey",-21.17,NA,1946-02-06,375810097334002,79,0,c(-97.562439, 37.970547),"1946","71-0",-97.562439,37.970547,200.254303,"198-262"
"840","Harvey",-23.63,NA,1946-03-07,375810097334002,79,0,c(-97.562439, 37.970547),"1946","71-0",-97.562439,37.970547,200.254303,"198-262"
"841","Harvey",-22.58,NA,1946-04-03,375810097334002,79,0,c(-97.562439, 37.970547),"1946","71-0",-97.562439,37.970547,200.254303,"198-262"
"842","Harvey",-21.69,NA,1946-04-30,375810097334002,79,0,c(-97.562439, 37.970547),"1946","71-0",-97.562439,37.970547,200.254303,"198-262"
"843","Harvey",-22.33,NA,1946-05-29,375810097334002,79,0,c(-97.562439, 37.970547),"1946","71-0",-97.562439,37.970547,200.254303,"198-262"
"844","Harvey",-23.49,NA,1946-07-03,375810097334002,79,0,c(-97.562439, 37.970547),"1946","71-0",-97.562439,37.970547,200.254303,"198-262"
"845","Harvey",-22.79,NA,1946-08-01,375810097334002,79,0,c(-97.562439, 37.970547),"1946","71-0",-97.562439,37.970547,200.254303,"198-262"
"846","Harvey",-24.12,NA,1946-08-27,375810097334002,79,0,c(-97.562439, 37.970547),"1946","71-0",-97.562439,37.970547,200.254303,"198-262"
"847","Harvey",-24.02,NA,1946-09-25,375810097334002,79,0,c(-97.562439, 37.970547),"1946","71-0",-97.562439,37.970547,200.254303,"198-262"
"848","Harvey",-24.11,NA,1946-11-08,375810097334002,79,0,c(-97.562439, 37.970547),"1946","71-0",-97.562439,37.970547,200.254303,"198-262"
"849","Harvey",-23.6,NA,1946-12-04,375810097334002,79,0,c(-97.562439, 37.970547),"1946","71-0",-97.562439,37.970547,200.254303,"198-262"
"850","Harvey",-29.26,NA,1946-01-04,375935097342101,79,0,c(-97.574444, 37.992917),"1946","71-0",-97.574444,37.992917,208.9154968,"198-262"
"851","Harvey",-29.26,NA,1946-02-06,375935097342101,79,0,c(-97.574444, 37.992917),"1946","71-0",-97.574444,37.992917,208.9154968,"198-262"
"852","Harvey",-30.32,NA,1946-03-07,375935097342101,79,0,c(-97.574444, 37.992917),"1946","71-0",-97.574444,37.992917,208.9154968,"198-262"
"853","Harvey",-84.1,NA,1946-04-03,375935097342101,79,0,c(-97.574444, 37.992917),"1946","143-72",-97.574444,37.992917,208.9154968,"198-262"
"854","Harvey",-31.62,NA,1946-04-30,375935097342101,79,0,c(-97.574444, 37.992917),"1946","71-0",-97.574444,37.992917,208.9154968,"198-262"
"855","Harvey",-30.74,NA,1946-05-29,375935097342101,79,0,c(-97.574444, 37.992917),"1946","71-0",-97.574444,37.992917,208.9154968,"198-262"
"856","Harvey",-29.22,NA,1946-07-03,375935097342101,79,0,c(-97.574444, 37.992917),"1946","71-0",-97.574444,37.992917,208.9154968,"198-262"
"857","Harvey",-84.2,NA,1946-08-01,375935097342101,79,0,c(-97.574444, 37.992917),"1946","143-72",-97.574444,37.992917,208.9154968,"198-262"
"858","Harvey",-31.89,NA,1946-08-27,375935097342101,79,0,c(-97.574444, 37.992917),"1946","71-0",-97.574444,37.992917,208.9154968,"198-262"
"859","Harvey",-85.8,NA,1946-09-25,375935097342101,79,0,c(-97.574444, 37.992917),"1946","143-72",-97.574444,37.992917,208.9154968,"198-262"
"860","Harvey",-84.67,NA,1946-11-08,375935097342101,79,0,c(-97.574444, 37.992917),"1946","143-72",-97.574444,37.992917,208.9154968,"198-262"
"861","Harvey",-28.37,NA,1946-12-04,375935097342101,79,0,c(-97.574444, 37.992917),"1946","71-0",-97.574444,37.992917,208.9154968,"198-262"
"862","Harvey",-14.06,NA,1946-01-05,380139097322701,79,0,c(-97.543333, 38.028472),"1946","71-0",-97.543333,38.028472,173.2327576,"132-197"
"863","Harvey",-13.98,NA,1946-01-10,380139097322701,79,0,c(-97.543333, 38.028472),"1946","71-0",-97.543333,38.028472,173.2327576,"132-197"
"864","Harvey",-13.91,NA,1946-01-15,380139097322701,79,0,c(-97.543333, 38.028472),"1946","71-0",-97.543333,38.028472,173.2327576,"132-197"
"865","Harvey",-13.96,NA,1946-01-20,380139097322701,79,0,c(-97.543333, 38.028472),"1946","71-0",-97.543333,38.028472,173.2327576,"132-197"
"866","Harvey",-14.1,NA,1946-01-25,380139097322701,79,0,c(-97.543333, 38.028472),"1946","71-0",-97.543333,38.028472,173.2327576,"132-197"
"867","Harvey",-14.17,NA,1946-01-30,380139097322701,79,0,c(-97.543333, 38.028472),"1946","71-0",-97.543333,38.028472,173.2327576,"132-197"
"868","Harvey",-14.12,NA,1946-02-05,380139097322701,79,0,c(-97.543333, 38.028472),"1946","71-0",-97.543333,38.028472,173.2327576,"132-197"
"869","Harvey",-14.15,NA,1946-02-10,380139097322701,79,0,c(-97.543333, 38.028472),"1946","71-0",-97.543333,38.028472,173.2327576,"132-197"
"870","Harvey",-14.06,NA,1946-02-15,380139097322701,79,0,c(-97.543333, 38.028472),"1946","71-0",-97.543333,38.028472,173.2327576,"132-197"
"871","Harvey",-14.03,NA,1946-02-20,380139097322701,79,0,c(-97.543333, 38.028472),"1946","71-0",-97.543333,38.028472,173.2327576,"132-197"
"872","Harvey",-14.02,NA,1946-02-25,380139097322701,79,0,c(-97.543333, 38.028472),"1946","71-0",-97.543333,38.028472,173.2327576,"132-197"
"873","Harvey",-14.08,NA,1946-03-05,380139097322701,79,0,c(-97.543333, 38.028472),"1946","71-0",-97.543333,38.028472,173.2327576,"132-197"
"874","Harvey",-14.06,NA,1946-03-10,380139097322701,79,0,c(-97.543333, 38.028472),"1946","71-0",-97.543333,38.028472,173.2327576,"132-197"
"875","Harvey",-13.92,NA,1946-03-15,380139097322701,79,0,c(-97.543333, 38.028472),"1946","71-0",-97.543333,38.028472,173.2327576,"132-197"
"876","Harvey",-14.15,NA,1946-03-20,380139097322701,79,0,c(-97.543333, 38.028472),"1946","71-0",-97.543333,38.028472,173.2327576,"132-197"
"877","Harvey",-14.14,NA,1946-03-25,380139097322701,79,0,c(-97.543333, 38.028472),"1946","71-0",-97.543333,38.028472,173.2327576,"132-197"
"878","Harvey",-14.3,NA,1946-03-30,380139097322701,79,0,c(-97.543333, 38.028472),"1946","71-0",-97.543333,38.028472,173.2327576,"132-197"
"879","Harvey",-14.24,NA,1946-04-05,380139097322701,79,0,c(-97.543333, 38.028472),"1946","71-0",-97.543333,38.028472,173.2327576,"132-197"
"880","Harvey",-14.19,NA,1946-04-10,380139097322701,79,0,c(-97.543333, 38.028472),"1946","71-0",-97.543333,38.028472,173.2327576,"132-197"
"881","Harvey",-14.25,NA,1946-04-15,380139097322701,79,0,c(-97.543333, 38.028472),"1946","71-0",-97.543333,38.028472,173.2327576,"132-197"
"882","Harvey",-14.37,NA,1946-04-20,380139097322701,79,0,c(-97.543333, 38.028472),"1946","71-0",-97.543333,38.028472,173.2327576,"132-197"
"883","Harvey",-14.59,NA,1946-04-25,380139097322701,79,0,c(-97.543333, 38.028472),"1946","71-0",-97.543333,38.028472,173.2327576,"132-197"
"884","Harvey",-14.73,NA,1946-04-30,380139097322701,79,0,c(-97.543333, 38.028472),"1946","71-0",-97.543333,38.028472,173.2327576,"132-197"
"885","Harvey",-14.84,NA,1946-05-05,380139097322701,79,0,c(-97.543333, 38.028472),"1946","71-0",-97.543333,38.028472,173.2327576,"132-197"
"886","Harvey",-14.86,NA,1946-05-10,380139097322701,79,0,c(-97.543333, 38.028472),"1946","71-0",-97.543333,38.028472,173.2327576,"132-197"
"887","Harvey",-14.76,NA,1946-05-15,380139097322701,79,0,c(-97.543333, 38.028472),"1946","71-0",-97.543333,38.028472,173.2327576,"132-197"
"888","Harvey",-14.83,NA,1946-05-20,380139097322701,79,0,c(-97.543333, 38.028472),"1946","71-0",-97.543333,38.028472,173.2327576,"132-197"
"889","Harvey",-14.83,NA,1946-05-25,380139097322701,79,0,c(-97.543333, 38.028472),"1946","71-0",-97.543333,38.028472,173.2327576,"132-197"
"890","Harvey",-15.04,NA,1946-05-30,380139097322701,79,0,c(-97.543333, 38.028472),"1946","71-0",-97.543333,38.028472,173.2327576,"132-197"
"891","Harvey",-15.23,NA,1946-06-05,380139097322701,79,0,c(-97.543333, 38.028472),"1946","71-0",-97.543333,38.028472,173.2327576,"132-197"
"892","Harvey",-15.25,NA,1946-06-10,380139097322701,79,0,c(-97.543333, 38.028472),"1946","71-0",-97.543333,38.028472,173.2327576,"132-197"
"893","Harvey",-15.41,NA,1946-06-15,380139097322701,79,0,c(-97.543333, 38.028472),"1946","71-0",-97.543333,38.028472,173.2327576,"132-197"
"894","Harvey",-14.96,NA,1946-06-20,380139097322701,79,0,c(-97.543333, 38.028472),"1946","71-0",-97.543333,38.028472,173.2327576,"132-197"
"895","Harvey",-14.96,NA,1946-06-25,380139097322701,79,0,c(-97.543333, 38.028472),"1946","71-0",-97.543333,38.028472,173.2327576,"132-197"
"896","Harvey",-15.07,NA,1946-06-30,380139097322701,79,0,c(-97.543333, 38.028472),"1946","71-0",-97.543333,38.028472,173.2327576,"132-197"
"897","Harvey",-15.28,NA,1946-07-05,380139097322701,79,0,c(-97.543333, 38.028472),"1946","71-0",-97.543333,38.028472,173.2327576,"132-197"
"898","Harvey",-15.72,NA,1946-07-15,380139097322701,79,0,c(-97.543333, 38.028472),"1946","71-0",-97.543333,38.028472,173.2327576,"132-197"
"899","Harvey",-15.82,NA,1946-07-20,380139097322701,79,0,c(-97.543333, 38.028472),"1946","71-0",-97.543333,38.028472,173.2327576,"132-197"
"900","Harvey",-16.07,NA,1946-07-25,380139097322701,79,0,c(-97.543333, 38.028472),"1946","71-0",-97.543333,38.028472,173.2327576,"132-197"
"901","Harvey",-16.16,NA,1946-07-30,380139097322701,79,0,c(-97.543333, 38.028472),"1946","71-0",-97.543333,38.028472,173.2327576,"132-197"
"902","Harvey",-16.21,NA,1946-08-05,380139097322701,79,0,c(-97.543333, 38.028472),"1946","71-0",-97.543333,38.028472,173.2327576,"132-197"
"903","Harvey",-16.35,NA,1946-08-10,380139097322701,79,0,c(-97.543333, 38.028472),"1946","71-0",-97.543333,38.028472,173.2327576,"132-197"
"904","Harvey",-16.31,NA,1946-08-15,380139097322701,79,0,c(-97.543333, 38.028472),"1946","71-0",-97.543333,38.028472,173.2327576,"132-197"
"905","Harvey",-16.36,NA,1946-08-20,380139097322701,79,0,c(-97.543333, 38.028472),"1946","71-0",-97.543333,38.028472,173.2327576,"132-197"
"906","Harvey",-16.39,NA,1946-08-25,380139097322701,79,0,c(-97.543333, 38.028472),"1946","71-0",-97.543333,38.028472,173.2327576,"132-197"
"907","Harvey",-16.24,NA,1946-08-30,380139097322701,79,0,c(-97.543333, 38.028472),"1946","71-0",-97.543333,38.028472,173.2327576,"132-197"
"908","Harvey",-16.23,NA,1946-09-05,380139097322701,79,0,c(-97.543333, 38.028472),"1946","71-0",-97.543333,38.028472,173.2327576,"132-197"
"909","Harvey",-16.03,NA,1946-09-10,380139097322701,79,0,c(-97.543333, 38.028472),"1946","71-0",-97.543333,38.028472,173.2327576,"132-197"
"910","Harvey",-16.02,NA,1946-09-15,380139097322701,79,0,c(-97.543333, 38.028472),"1946","71-0",-97.543333,38.028472,173.2327576,"132-197"
"911","Harvey",-16.32,NA,1946-09-20,380139097322701,79,0,c(-97.543333, 38.028472),"1946","71-0",-97.543333,38.028472,173.2327576,"132-197"
"912","Harvey",-16.47,NA,1946-09-25,380139097322701,79,0,c(-97.543333, 38.028472),"1946","71-0",-97.543333,38.028472,173.2327576,"132-197"
"913","Harvey",-16.59,NA,1946-09-30,380139097322701,79,0,c(-97.543333, 38.028472),"1946","71-0",-97.543333,38.028472,173.2327576,"132-197"
"914","Harvey",-16.66,NA,1946-10-05,380139097322701,79,0,c(-97.543333, 38.028472),"1946","71-0",-97.543333,38.028472,173.2327576,"132-197"
"915","Harvey",-16.35,NA,1946-10-10,380139097322701,79,0,c(-97.543333, 38.028472),"1946","71-0",-97.543333,38.028472,173.2327576,"132-197"
"916","Harvey",-16.15,NA,1946-10-15,380139097322701,79,0,c(-97.543333, 38.028472),"1946","71-0",-97.543333,38.028472,173.2327576,"132-197"
"917","Harvey",-16.28,NA,1946-10-20,380139097322701,79,0,c(-97.543333, 38.028472),"1946","71-0",-97.543333,38.028472,173.2327576,"132-197"
"918","Harvey",-16.39,NA,1946-10-25,380139097322701,79,0,c(-97.543333, 38.028472),"1946","71-0",-97.543333,38.028472,173.2327576,"132-197"
"919","Harvey",-16.54,NA,1946-10-30,380139097322701,79,0,c(-97.543333, 38.028472),"1946","71-0",-97.543333,38.028472,173.2327576,"132-197"
"920","Harvey",-15.91,NA,1946-11-10,380139097322701,79,0,c(-97.543333, 38.028472),"1946","71-0",-97.543333,38.028472,173.2327576,"132-197"
"921","Harvey",-16.08,NA,1946-11-15,380139097322701,79,0,c(-97.543333, 38.028472),"1946","71-0",-97.543333,38.028472,173.2327576,"132-197"
"922","Harvey",-16.19,NA,1946-11-20,380139097322701,79,0,c(-97.543333, 38.028472),"1946","71-0",-97.543333,38.028472,173.2327576,"132-197"
"923","Harvey",-16.17,NA,1946-11-25,380139097322701,79,0,c(-97.543333, 38.028472),"1946","71-0",-97.543333,38.028472,173.2327576,"132-197"
"924","Harvey",-16.27,NA,1946-11-30,380139097322701,79,0,c(-97.543333, 38.028472),"1946","71-0",-97.543333,38.028472,173.2327576,"132-197"
"925","Harvey",-16.33,NA,1946-12-05,380139097322701,79,0,c(-97.543333, 38.028472),"1946","71-0",-97.543333,38.028472,173.2327576,"132-197"
"926","Harvey",-16.29,NA,1946-12-10,380139097322701,79,0,c(-97.543333, 38.028472),"1946","71-0",-97.543333,38.028472,173.2327576,"132-197"
"927","Harvey",-15.75,NA,1946-12-15,380139097322701,79,0,c(-97.543333, 38.028472),"1946","71-0",-97.543333,38.028472,173.2327576,"132-197"
"928","Harvey",-15.77,NA,1946-12-20,380139097322701,79,0,c(-97.543333, 38.028472),"1946","71-0",-97.543333,38.028472,173.2327576,"132-197"
"929","Harvey",-15.8,NA,1946-12-25,380139097322701,79,0,c(-97.543333, 38.028472),"1946","71-0",-97.543333,38.028472,173.2327576,"132-197"
"930","Harvey",-15.83,NA,1946-12-30,380139097322701,79,0,c(-97.543333, 38.028472),"1946","71-0",-97.543333,38.028472,173.2327576,"132-197"
"931","Harvey",-23.85,NA,1946-01-04,375843097321001,79,0,c(-97.537997, 37.978306),"1946","71-0",-97.537997,37.978306,178.0298157,"132-197"
"932","Harvey",-23.91,NA,1946-02-06,375843097321001,79,0,c(-97.537997, 37.978306),"1946","71-0",-97.537997,37.978306,178.0298157,"132-197"
"933","Harvey",-22.46,NA,1946-03-07,375843097321001,79,0,c(-97.537997, 37.978306),"1946","71-0",-97.537997,37.978306,178.0298157,"132-197"
"934","Harvey",-23.79,NA,1946-04-03,375843097321001,79,0,c(-97.537997, 37.978306),"1946","71-0",-97.537997,37.978306,178.0298157,"132-197"
"935","Harvey",-23.94,NA,1946-04-30,375843097321001,79,0,c(-97.537997, 37.978306),"1946","71-0",-97.537997,37.978306,178.0298157,"132-197"
"936","Harvey",-23.16,NA,1946-05-29,375843097321001,79,0,c(-97.537997, 37.978306),"1946","71-0",-97.537997,37.978306,178.0298157,"132-197"
"937","Harvey",-22.31,NA,1946-07-03,375843097321001,79,0,c(-97.537997, 37.978306),"1946","71-0",-97.537997,37.978306,178.0298157,"132-197"
"938","Harvey",-75.2,NA,1946-08-01,375843097321001,79,0,c(-97.537997, 37.978306),"1946","143-72",-97.537997,37.978306,178.0298157,"132-197"
"939","Harvey",-78.24,NA,1946-08-27,375843097321001,79,0,c(-97.537997, 37.978306),"1946","143-72",-97.537997,37.978306,178.0298157,"132-197"
"940","Harvey",-29,NA,1946-09-25,375843097321001,79,0,c(-97.537997, 37.978306),"1946","71-0",-97.537997,37.978306,178.0298157,"132-197"
"941","Harvey",-78.58,NA,1946-11-08,375843097321001,79,0,c(-97.537997, 37.978306),"1946","143-72",-97.537997,37.978306,178.0298157,"132-197"
"942","Harvey",-29.02,NA,1946-12-04,375843097321001,79,0,c(-97.537997, 37.978306),"1946","71-0",-97.537997,37.978306,178.0298157,"132-197"
"943","Harvey",-12.43,NA,1946-01-05,375513097295902,79,0,c(-97.500556, 37.921528),"1946","71-0",-97.500556,37.921528,165.5948944,"132-197"
"944","Harvey",-9.99,NA,1946-02-05,375513097295902,79,0,c(-97.500556, 37.921528),"1946","71-0",-97.500556,37.921528,165.5948944,"132-197"
"945","Harvey",-10.26,NA,1946-03-07,375513097295902,79,0,c(-97.500556, 37.921528),"1946","71-0",-97.500556,37.921528,165.5948944,"132-197"
"946","Harvey",-10.49,NA,1946-04-03,375513097295902,79,0,c(-97.500556, 37.921528),"1946","71-0",-97.500556,37.921528,165.5948944,"132-197"
"947","Harvey",-10.76,NA,1946-04-30,375513097295902,79,0,c(-97.500556, 37.921528),"1946","71-0",-97.500556,37.921528,165.5948944,"132-197"
"948","Harvey",-11.04,NA,1946-05-29,375513097295902,79,0,c(-97.500556, 37.921528),"1946","71-0",-97.500556,37.921528,165.5948944,"132-197"
"949","Harvey",-11.94,NA,1946-07-03,375513097295902,79,0,c(-97.500556, 37.921528),"1946","71-0",-97.500556,37.921528,165.5948944,"132-197"
"950","Harvey",-16.19,NA,1946-08-01,375513097295902,79,0,c(-97.500556, 37.921528),"1946","71-0",-97.500556,37.921528,165.5948944,"132-197"
"951","Harvey",-16.26,NA,1946-08-27,375513097295902,79,0,c(-97.500556, 37.921528),"1946","71-0",-97.500556,37.921528,165.5948944,"132-197"
"952","Harvey",-16.39,NA,1946-09-25,375513097295902,79,0,c(-97.500556, 37.921528),"1946","71-0",-97.500556,37.921528,165.5948944,"132-197"
"953","Harvey",-16.28,NA,1946-11-08,375513097295902,79,0,c(-97.500556, 37.921528),"1946","71-0",-97.500556,37.921528,165.5948944,"132-197"
"954","Harvey",-15.97,NA,1946-12-04,375513097295902,79,0,c(-97.500556, 37.921528),"1946","71-0",-97.500556,37.921528,165.5948944,"132-197"
"955","Sedgwick",-9.09,NA,1946-01-07,375111097252701,173,0,c(-97.426806, 37.854028),"1946","71-0",-97.426806,37.854028,122.5894394,"66-131"
"956","Sedgwick",-9.06,NA,1946-01-14,375111097252701,173,0,c(-97.426806, 37.854028),"1946","71-0",-97.426806,37.854028,122.5894394,"66-131"
"957","Sedgwick",-8.92,NA,1946-01-21,375111097252701,173,0,c(-97.426806, 37.854028),"1946","71-0",-97.426806,37.854028,122.5894394,"66-131"
"958","Sedgwick",-8.98,NA,1946-01-28,375111097252701,173,0,c(-97.426806, 37.854028),"1946","71-0",-97.426806,37.854028,122.5894394,"66-131"
"959","Sedgwick",-8.94,NA,1946-02-04,375111097252701,173,0,c(-97.426806, 37.854028),"1946","71-0",-97.426806,37.854028,122.5894394,"66-131"
"960","Sedgwick",-9.08,NA,1946-02-11,375111097252701,173,0,c(-97.426806, 37.854028),"1946","71-0",-97.426806,37.854028,122.5894394,"66-131"
"961","Sedgwick",-9.12,NA,1946-02-18,375111097252701,173,0,c(-97.426806, 37.854028),"1946","71-0",-97.426806,37.854028,122.5894394,"66-131"
"962","Sedgwick",-9.1,NA,1946-02-25,375111097252701,173,0,c(-97.426806, 37.854028),"1946","71-0",-97.426806,37.854028,122.5894394,"66-131"
"963","Sedgwick",-9.07,NA,1946-03-01,375111097252701,173,0,c(-97.426806, 37.854028),"1946","71-0",-97.426806,37.854028,122.5894394,"66-131"
"964","Sedgwick",-9.01,NA,1946-03-04,375111097252701,173,0,c(-97.426806, 37.854028),"1946","71-0",-97.426806,37.854028,122.5894394,"66-131"
"965","Sedgwick",-9.06,NA,1946-03-18,375111097252701,173,0,c(-97.426806, 37.854028),"1946","71-0",-97.426806,37.854028,122.5894394,"66-131"
"966","Sedgwick",-9.03,NA,1946-03-25,375111097252701,173,0,c(-97.426806, 37.854028),"1946","71-0",-97.426806,37.854028,122.5894394,"66-131"
"967","Sedgwick",-9.27,NA,1946-04-01,375111097252701,173,0,c(-97.426806, 37.854028),"1946","71-0",-97.426806,37.854028,122.5894394,"66-131"
"968","Sedgwick",-9.18,NA,1946-04-08,375111097252701,173,0,c(-97.426806, 37.854028),"1946","71-0",-97.426806,37.854028,122.5894394,"66-131"
"969","Sedgwick",-9.22,NA,1946-04-15,375111097252701,173,0,c(-97.426806, 37.854028),"1946","71-0",-97.426806,37.854028,122.5894394,"66-131"
"970","Sedgwick",-9.24,NA,1946-04-22,375111097252701,173,0,c(-97.426806, 37.854028),"1946","71-0",-97.426806,37.854028,122.5894394,"66-131"
"971","Sedgwick",-9.51,NA,1946-04-29,375111097252701,173,0,c(-97.426806, 37.854028),"1946","71-0",-97.426806,37.854028,122.5894394,"66-131"
"972","Sedgwick",-9.59,NA,1946-05-06,375111097252701,173,0,c(-97.426806, 37.854028),"1946","71-0",-97.426806,37.854028,122.5894394,"66-131"
"973","Sedgwick",-9.6,NA,1946-05-13,375111097252701,173,0,c(-97.426806, 37.854028),"1946","71-0",-97.426806,37.854028,122.5894394,"66-131"
"974","Sedgwick",-9.79,NA,1946-05-20,375111097252701,173,0,c(-97.426806, 37.854028),"1946","71-0",-97.426806,37.854028,122.5894394,"66-131"
"975","Sedgwick",-9.97,NA,1946-05-27,375111097252701,173,0,c(-97.426806, 37.854028),"1946","71-0",-97.426806,37.854028,122.5894394,"66-131"
"976","Sedgwick",-10.03,NA,1946-06-03,375111097252701,173,0,c(-97.426806, 37.854028),"1946","71-0",-97.426806,37.854028,122.5894394,"66-131"
"977","Sedgwick",-10.16,NA,1946-06-17,375111097252701,173,0,c(-97.426806, 37.854028),"1946","71-0",-97.426806,37.854028,122.5894394,"66-131"
"978","Sedgwick",-10.31,NA,1946-07-01,375111097252701,173,0,c(-97.426806, 37.854028),"1946","71-0",-97.426806,37.854028,122.5894394,"66-131"
"979","Sedgwick",-10.42,NA,1946-07-08,375111097252701,173,0,c(-97.426806, 37.854028),"1946","71-0",-97.426806,37.854028,122.5894394,"66-131"
"980","Sedgwick",-10.58,NA,1946-07-15,375111097252701,173,0,c(-97.426806, 37.854028),"1946","71-0",-97.426806,37.854028,122.5894394,"66-131"
"981","Sedgwick",-10.67,NA,1946-07-22,375111097252701,173,0,c(-97.426806, 37.854028),"1946","71-0",-97.426806,37.854028,122.5894394,"66-131"
"982","Sedgwick",-10.83,NA,1946-07-29,375111097252701,173,0,c(-97.426806, 37.854028),"1946","71-0",-97.426806,37.854028,122.5894394,"66-131"
"983","Sedgwick",-10.88,NA,1946-08-05,375111097252701,173,0,c(-97.426806, 37.854028),"1946","71-0",-97.426806,37.854028,122.5894394,"66-131"
"984","Sedgwick",-10.99,NA,1946-08-12,375111097252701,173,0,c(-97.426806, 37.854028),"1946","71-0",-97.426806,37.854028,122.5894394,"66-131"
"985","Sedgwick",-11.1,NA,1946-08-19,375111097252701,173,0,c(-97.426806, 37.854028),"1946","71-0",-97.426806,37.854028,122.5894394,"66-131"
"986","Sedgwick",-11.16,NA,1946-08-26,375111097252701,173,0,c(-97.426806, 37.854028),"1946","71-0",-97.426806,37.854028,122.5894394,"66-131"
"987","Sedgwick",-11.29,NA,1946-09-02,375111097252701,173,0,c(-97.426806, 37.854028),"1946","71-0",-97.426806,37.854028,122.5894394,"66-131"
"988","Sedgwick",-11.38,NA,1946-09-09,375111097252701,173,0,c(-97.426806, 37.854028),"1946","71-0",-97.426806,37.854028,122.5894394,"66-131"
"989","Sedgwick",-11.49,NA,1946-09-16,375111097252701,173,0,c(-97.426806, 37.854028),"1946","71-0",-97.426806,37.854028,122.5894394,"66-131"
"990","Sedgwick",-11.54,NA,1946-09-23,375111097252701,173,0,c(-97.426806, 37.854028),"1946","71-0",-97.426806,37.854028,122.5894394,"66-131"
"991","Sedgwick",-11.61,NA,1946-09-30,375111097252701,173,0,c(-97.426806, 37.854028),"1946","71-0",-97.426806,37.854028,122.5894394,"66-131"
"992","Sedgwick",-11.67,NA,1946-10-07,375111097252701,173,0,c(-97.426806, 37.854028),"1946","71-0",-97.426806,37.854028,122.5894394,"66-131"
"993","Sedgwick",-11.71,NA,1946-10-14,375111097252701,173,0,c(-97.426806, 37.854028),"1946","71-0",-97.426806,37.854028,122.5894394,"66-131"
"994","Sedgwick",-11.79,NA,1946-10-21,375111097252701,173,0,c(-97.426806, 37.854028),"1946","71-0",-97.426806,37.854028,122.5894394,"66-131"
"995","Sedgwick",-11.88,NA,1946-11-04,375111097252701,173,0,c(-97.426806, 37.854028),"1946","71-0",-97.426806,37.854028,122.5894394,"66-131"
"996","Sedgwick",-11.89,NA,1946-11-18,375111097252701,173,0,c(-97.426806, 37.854028),"1946","71-0",-97.426806,37.854028,122.5894394,"66-131"
"997","Sedgwick",-11.94,NA,1946-11-25,375111097252701,173,0,c(-97.426806, 37.854028),"1946","71-0",-97.426806,37.854028,122.5894394,"66-131"
"998","Sedgwick",-11.98,NA,1946-12-02,375111097252701,173,0,c(-97.426806, 37.854028),"1946","71-0",-97.426806,37.854028,122.5894394,"66-131"
"999","Sedgwick",-12.07,NA,1946-12-09,375111097252701,173,0,c(-97.426806, 37.854028),"1946","71-0",-97.426806,37.854028,122.5894394,"66-131"
"1000","Sedgwick",-12.04,NA,1946-12-16,375111097252701,173,0,c(-97.426806, 37.854028),"1946","71-0",-97.426806,37.854028,122.5894394,"66-131"
"1001","Sedgwick",-12.47,NA,1946-12-23,375111097252701,173,0,c(-97.426806, 37.854028),"1946","71-0",-97.426806,37.854028,122.5894394,"66-131"
"1002","Sedgwick",-12.52,NA,1946-12-30,375111097252701,173,0,c(-97.426806, 37.854028),"1946","71-0",-97.426806,37.854028,122.5894394,"66-131"
"1003","Harvey",-1.64,NA,1946-01-02,375448097405503,79,0,c(-97.683889, 37.9125),"1946","71-0",-97.683889,37.9125,223.3004761,"198-262"
"1004","Harvey",-1.21,NA,1946-02-05,375448097405503,79,0,c(-97.683889, 37.9125),"1946","71-0",-97.683889,37.9125,223.3004761,"198-262"
"1005","Harvey",-1.16,NA,1946-03-06,375448097405503,79,0,c(-97.683889, 37.9125),"1946","71-0",-97.683889,37.9125,223.3004761,"198-262"
"1006","Harvey",-1.43,NA,1946-04-02,375448097405503,79,0,c(-97.683889, 37.9125),"1946","71-0",-97.683889,37.9125,223.3004761,"198-262"
"1007","Harvey",-1.99,NA,1946-05-02,375448097405503,79,0,c(-97.683889, 37.9125),"1946","71-0",-97.683889,37.9125,223.3004761,"198-262"
"1008","Harvey",-2.29,NA,1946-05-28,375448097405503,79,0,c(-97.683889, 37.9125),"1946","71-0",-97.683889,37.9125,223.3004761,"198-262"
"1009","Harvey",-2.63,NA,1946-07-02,375448097405503,79,0,c(-97.683889, 37.9125),"1946","71-0",-97.683889,37.9125,223.3004761,"198-262"
"1010","Harvey",-2.29,NA,1946-07-30,375448097405503,79,0,c(-97.683889, 37.9125),"1946","71-0",-97.683889,37.9125,223.3004761,"198-262"
"1011","Harvey",-3.55,NA,1946-09-26,375448097405503,79,0,c(-97.683889, 37.9125),"1946","71-0",-97.683889,37.9125,223.3004761,"198-262"
"1012","Harvey",-3.36,NA,1946-11-06,375448097405503,79,0,c(-97.683889, 37.9125),"1946","71-0",-97.683889,37.9125,223.3004761,"198-262"
"1013","Harvey",-2.54,NA,1946-12-03,375448097405503,79,0,c(-97.683889, 37.9125),"1946","71-0",-97.683889,37.9125,223.3004761,"198-262"
"1014","Harvey",-2.34,NA,1946-12-31,375448097405503,79,0,c(-97.683889, 37.9125),"1946","71-0",-97.683889,37.9125,223.3004761,"198-262"
"1015","Sedgwick",-7.92,NA,1946-01-05,375441097264001,173,0,c(-97.445556, 37.912083),"1946","71-0",-97.445556,37.912083,112.2654266,"66-131"
"1016","Sedgwick",-8.14,NA,1946-02-05,375441097264001,173,0,c(-97.445556, 37.912083),"1946","71-0",-97.445556,37.912083,112.2654266,"66-131"
"1017","Sedgwick",-8.25,NA,1946-03-07,375441097264001,173,0,c(-97.445556, 37.912083),"1946","71-0",-97.445556,37.912083,112.2654266,"66-131"
"1018","Sedgwick",-8.27,NA,1946-04-03,375441097264001,173,0,c(-97.445556, 37.912083),"1946","71-0",-97.445556,37.912083,112.2654266,"66-131"
"1019","Sedgwick",-7.95,NA,1946-04-30,375441097264001,173,0,c(-97.445556, 37.912083),"1946","71-0",-97.445556,37.912083,112.2654266,"66-131"
"1020","Sedgwick",-9.49,NA,1946-05-29,375441097264001,173,0,c(-97.445556, 37.912083),"1946","71-0",-97.445556,37.912083,112.2654266,"66-131"
"1021","Sedgwick",-9.76,NA,1946-07-03,375441097264001,173,0,c(-97.445556, 37.912083),"1946","71-0",-97.445556,37.912083,112.2654266,"66-131"
"1022","Sedgwick",-10.46,NA,1946-08-01,375441097264001,173,0,c(-97.445556, 37.912083),"1946","71-0",-97.445556,37.912083,112.2654266,"66-131"
"1023","Sedgwick",-10.76,NA,1946-08-27,375441097264001,173,0,c(-97.445556, 37.912083),"1946","71-0",-97.445556,37.912083,112.2654266,"66-131"
"1024","Sedgwick",-10.97,NA,1946-09-25,375441097264001,173,0,c(-97.445556, 37.912083),"1946","71-0",-97.445556,37.912083,112.2654266,"66-131"
"1025","Sedgwick",-10.73,NA,1946-10-08,375441097264001,173,0,c(-97.445556, 37.912083),"1946","71-0",-97.445556,37.912083,112.2654266,"66-131"
"1026","Sedgwick",-11.05,NA,1946-12-04,375441097264001,173,0,c(-97.445556, 37.912083),"1946","71-0",-97.445556,37.912083,112.2654266,"66-131"
"1027","Sedgwick",-7.94,NA,1946-07-10,375356097352401,173,0,c(-97.592361, 37.898056),"1946","71-0",-97.592361,37.898056,131.0279999,"66-131"
"1028","Sedgwick",-9.64,NA,1946-10-04,375356097352401,173,0,c(-97.592361, 37.898056),"1946","71-0",-97.592361,37.898056,131.0279999,"66-131"
"1029","Harvey",-13.34,NA,1946-01-05,375540097305602,79,0,c(-97.51875, 37.928639),"1946","71-0",-97.51875,37.928639,167.1837463,"132-197"
"1030","Harvey",-17.82,NA,1946-02-05,375540097305602,79,0,c(-97.51875, 37.928639),"1946","71-0",-97.51875,37.928639,167.1837463,"132-197"
"1031","Harvey",-16.57,NA,1946-03-07,375540097305602,79,0,c(-97.51875, 37.928639),"1946","71-0",-97.51875,37.928639,167.1837463,"132-197"
"1032","Harvey",-17.49,NA,1946-04-03,375540097305602,79,0,c(-97.51875, 37.928639),"1946","71-0",-97.51875,37.928639,167.1837463,"132-197"
"1033","Harvey",-14.01,NA,1946-04-30,375540097305602,79,0,c(-97.51875, 37.928639),"1946","71-0",-97.51875,37.928639,167.1837463,"132-197"
"1034","Harvey",-16.58,NA,1946-05-29,375540097305602,79,0,c(-97.51875, 37.928639),"1946","71-0",-97.51875,37.928639,167.1837463,"132-197"
"1035","Harvey",-18.58,NA,1946-07-03,375540097305602,79,0,c(-97.51875, 37.928639),"1946","71-0",-97.51875,37.928639,167.1837463,"132-197"
"1036","Harvey",-21.79,NA,1946-08-01,375540097305602,79,0,c(-97.51875, 37.928639),"1946","71-0",-97.51875,37.928639,167.1837463,"132-197"
"1037","Harvey",-19.57,NA,1946-08-27,375540097305602,79,0,c(-97.51875, 37.928639),"1946","71-0",-97.51875,37.928639,167.1837463,"132-197"
"1038","Harvey",-20.48,NA,1946-09-25,375540097305602,79,0,c(-97.51875, 37.928639),"1946","71-0",-97.51875,37.928639,167.1837463,"132-197"
"1039","Harvey",-19.77,NA,1946-11-08,375540097305602,79,0,c(-97.51875, 37.928639),"1946","71-0",-97.51875,37.928639,167.1837463,"132-197"
"1040","Harvey",-19.83,NA,1946-12-04,375540097305602,79,0,c(-97.51875, 37.928639),"1946","71-0",-97.51875,37.928639,167.1837463,"132-197"
"1041","Harvey",-12.83,NA,1946-01-05,375447097295901,79,0,c(-97.501111, 37.912778),"1946","71-0",-97.501111,37.912778,173.1341248,"132-197"
"1042","Harvey",-39.38,NA,1946-02-05,375447097295901,79,0,c(-97.501111, 37.912778),"1946","71-0",-97.501111,37.912778,173.1341248,"132-197"
"1043","Harvey",-12.68,NA,1946-03-07,375447097295901,79,0,c(-97.501111, 37.912778),"1946","71-0",-97.501111,37.912778,173.1341248,"132-197"
"1044","Harvey",-38.6,NA,1946-04-03,375447097295901,79,0,c(-97.501111, 37.912778),"1946","71-0",-97.501111,37.912778,173.1341248,"132-197"
"1045","Harvey",-18.7,NA,1946-04-30,375447097295901,79,0,c(-97.501111, 37.912778),"1946","71-0",-97.501111,37.912778,173.1341248,"132-197"
"1046","Harvey",-37.71,NA,1946-05-29,375447097295901,79,0,c(-97.501111, 37.912778),"1946","71-0",-97.501111,37.912778,173.1341248,"132-197"
"1047","Harvey",-40.5,NA,1946-07-03,375447097295901,79,0,c(-97.501111, 37.912778),"1946","71-0",-97.501111,37.912778,173.1341248,"132-197"
"1048","Harvey",-44.5,NA,1946-08-01,375447097295901,79,0,c(-97.501111, 37.912778),"1946","71-0",-97.501111,37.912778,173.1341248,"132-197"
"1049","Harvey",-15.04,NA,1946-08-27,375447097295901,79,0,c(-97.501111, 37.912778),"1946","71-0",-97.501111,37.912778,173.1341248,"132-197"
"1050","Harvey",-17.28,NA,1946-09-25,375447097295901,79,0,c(-97.501111, 37.912778),"1946","71-0",-97.501111,37.912778,173.1341248,"132-197"
"1051","Harvey",-16.74,NA,1946-11-08,375447097295901,79,0,c(-97.501111, 37.912778),"1946","71-0",-97.501111,37.912778,173.1341248,"132-197"
"1052","Harvey",-39.47,NA,1946-12-04,375447097295901,79,0,c(-97.501111, 37.912778),"1946","71-0",-97.501111,37.912778,173.1341248,"132-197"
"1053","Harvey",-5.51,NA,1946-01-19,375718097320201,79,0,c(-97.537083, 37.955694),"1946","71-0",-97.537083,37.955694,179.5787354,"132-197"
"1054","Harvey",-5.51,NA,1946-04-07,375718097320201,79,0,c(-97.537083, 37.955694),"1946","71-0",-97.537083,37.955694,179.5787354,"132-197"
"1055","Harvey",-7.18,NA,1946-07-10,375718097320201,79,0,c(-97.537083, 37.955694),"1946","71-0",-97.537083,37.955694,179.5787354,"132-197"
"1056","Harvey",-9.2,NA,1946-10-04,375718097320201,79,0,c(-97.537083, 37.955694),"1946","71-0",-97.537083,37.955694,179.5787354,"132-197"
"1057","Harvey",-32.68,"BURRTON",1946-01-22,380509097394701,79,0,c(-97.665139, 38.086667),"1946","71-0",-97.665139,38.086667,161.0106964,"132-197"
"1058","Harvey",-36.1,"BURRTON",1946-07-12,380509097394701,79,0,c(-97.665139, 38.086667),"1946","71-0",-97.665139,38.086667,161.0106964,"132-197"
"1059","Harvey",-39.09,"BURRTON",1946-10-02,380509097394701,79,0,c(-97.665139, 38.086667),"1946","71-0",-97.665139,38.086667,161.0106964,"132-197"
"1060","Harvey",-32.94,"BURRTON",1946-01-22,380509097394702,79,0,c(-97.665139, 38.086667),"1946","71-0",-97.665139,38.086667,161.0106964,"132-197"
"1061","Harvey",-36.54,"BURRTON",1946-07-12,380509097394702,79,0,c(-97.665139, 38.086667),"1946","71-0",-97.665139,38.086667,161.0106964,"132-197"
"1062","Harvey",-39.35,"BURRTON",1946-10-02,380509097394702,79,0,c(-97.665139, 38.086667),"1946","71-0",-97.665139,38.086667,161.0106964,"132-197"
"1063","Harvey",-25.02,NA,1946-01-07,375910097352701,79,0,c(-97.592222, 37.985139),"1946","71-0",-97.592222,37.985139,211.9548645,"198-262"
"1064","Harvey",-24.97,NA,1946-01-14,375910097352701,79,0,c(-97.592222, 37.985139),"1946","71-0",-97.592222,37.985139,211.9548645,"198-262"
"1065","Harvey",-24.94,NA,1946-01-21,375910097352701,79,0,c(-97.592222, 37.985139),"1946","71-0",-97.592222,37.985139,211.9548645,"198-262"
"1066","Harvey",-24.97,NA,1946-01-28,375910097352701,79,0,c(-97.592222, 37.985139),"1946","71-0",-97.592222,37.985139,211.9548645,"198-262"
"1067","Harvey",-24.99,NA,1946-02-04,375910097352701,79,0,c(-97.592222, 37.985139),"1946","71-0",-97.592222,37.985139,211.9548645,"198-262"
"1068","Harvey",-24.95,NA,1946-02-11,375910097352701,79,0,c(-97.592222, 37.985139),"1946","71-0",-97.592222,37.985139,211.9548645,"198-262"
"1069","Harvey",-24.93,NA,1946-02-18,375910097352701,79,0,c(-97.592222, 37.985139),"1946","71-0",-97.592222,37.985139,211.9548645,"198-262"
"1070","Harvey",-24.91,NA,1946-02-25,375910097352701,79,0,c(-97.592222, 37.985139),"1946","71-0",-97.592222,37.985139,211.9548645,"198-262"
"1071","Harvey",-24.83,NA,1946-03-04,375910097352701,79,0,c(-97.592222, 37.985139),"1946","71-0",-97.592222,37.985139,211.9548645,"198-262"
"1072","Harvey",-24.99,NA,1946-03-11,375910097352701,79,0,c(-97.592222, 37.985139),"1946","71-0",-97.592222,37.985139,211.9548645,"198-262"
"1073","Harvey",-24.94,NA,1946-03-18,375910097352701,79,0,c(-97.592222, 37.985139),"1946","71-0",-97.592222,37.985139,211.9548645,"198-262"
"1074","Harvey",-24.91,NA,1946-03-25,375910097352701,79,0,c(-97.592222, 37.985139),"1946","71-0",-97.592222,37.985139,211.9548645,"198-262"
"1075","Harvey",-24.86,NA,1946-04-01,375910097352701,79,0,c(-97.592222, 37.985139),"1946","71-0",-97.592222,37.985139,211.9548645,"198-262"
"1076","Harvey",-25.02,NA,1946-04-08,375910097352701,79,0,c(-97.592222, 37.985139),"1946","71-0",-97.592222,37.985139,211.9548645,"198-262"
"1077","Harvey",-25.06,NA,1946-04-15,375910097352701,79,0,c(-97.592222, 37.985139),"1946","71-0",-97.592222,37.985139,211.9548645,"198-262"
"1078","Harvey",-25.89,NA,1946-04-22,375910097352701,79,0,c(-97.592222, 37.985139),"1946","71-0",-97.592222,37.985139,211.9548645,"198-262"
"1079","Harvey",-24.91,NA,1946-04-29,375910097352701,79,0,c(-97.592222, 37.985139),"1946","71-0",-97.592222,37.985139,211.9548645,"198-262"
"1080","Harvey",-24.92,NA,1946-05-06,375910097352701,79,0,c(-97.592222, 37.985139),"1946","71-0",-97.592222,37.985139,211.9548645,"198-262"
"1081","Harvey",-24.93,NA,1946-05-13,375910097352701,79,0,c(-97.592222, 37.985139),"1946","71-0",-97.592222,37.985139,211.9548645,"198-262"
"1082","Harvey",-25.22,NA,1946-05-27,375910097352701,79,0,c(-97.592222, 37.985139),"1946","71-0",-97.592222,37.985139,211.9548645,"198-262"
"1083","Harvey",-25.28,NA,1946-06-03,375910097352701,79,0,c(-97.592222, 37.985139),"1946","71-0",-97.592222,37.985139,211.9548645,"198-262"
"1084","Harvey",-25.41,NA,1946-06-17,375910097352701,79,0,c(-97.592222, 37.985139),"1946","71-0",-97.592222,37.985139,211.9548645,"198-262"
"1085","Harvey",-26.51,NA,1946-07-01,375910097352701,79,0,c(-97.592222, 37.985139),"1946","71-0",-97.592222,37.985139,211.9548645,"198-262"
"1086","Harvey",-26.55,NA,1946-07-08,375910097352701,79,0,c(-97.592222, 37.985139),"1946","71-0",-97.592222,37.985139,211.9548645,"198-262"
"1087","Harvey",-25.74,NA,1946-07-15,375910097352701,79,0,c(-97.592222, 37.985139),"1946","71-0",-97.592222,37.985139,211.9548645,"198-262"
"1088","Harvey",-25.43,NA,1946-07-22,375910097352701,79,0,c(-97.592222, 37.985139),"1946","71-0",-97.592222,37.985139,211.9548645,"198-262"
"1089","Harvey",-25.43,NA,1946-07-29,375910097352701,79,0,c(-97.592222, 37.985139),"1946","71-0",-97.592222,37.985139,211.9548645,"198-262"
"1090","Harvey",-25.53,NA,1946-08-05,375910097352701,79,0,c(-97.592222, 37.985139),"1946","71-0",-97.592222,37.985139,211.9548645,"198-262"
"1091","Harvey",-25.56,NA,1946-08-12,375910097352701,79,0,c(-97.592222, 37.985139),"1946","71-0",-97.592222,37.985139,211.9548645,"198-262"
"1092","Harvey",-25.66,NA,1946-08-19,375910097352701,79,0,c(-97.592222, 37.985139),"1946","71-0",-97.592222,37.985139,211.9548645,"198-262"
"1093","Harvey",-25.63,NA,1946-08-26,375910097352701,79,0,c(-97.592222, 37.985139),"1946","71-0",-97.592222,37.985139,211.9548645,"198-262"
"1094","Harvey",-25.65,NA,1946-09-02,375910097352701,79,0,c(-97.592222, 37.985139),"1946","71-0",-97.592222,37.985139,211.9548645,"198-262"
"1095","Harvey",-25.78,NA,1946-09-09,375910097352701,79,0,c(-97.592222, 37.985139),"1946","71-0",-97.592222,37.985139,211.9548645,"198-262"
"1096","Harvey",-25.84,NA,1946-09-16,375910097352701,79,0,c(-97.592222, 37.985139),"1946","71-0",-97.592222,37.985139,211.9548645,"198-262"
"1097","Harvey",-25.9,NA,1946-09-23,375910097352701,79,0,c(-97.592222, 37.985139),"1946","71-0",-97.592222,37.985139,211.9548645,"198-262"
"1098","Harvey",-25.91,NA,1946-09-30,375910097352701,79,0,c(-97.592222, 37.985139),"1946","71-0",-97.592222,37.985139,211.9548645,"198-262"
"1099","Harvey",-25.97,NA,1946-10-07,375910097352701,79,0,c(-97.592222, 37.985139),"1946","71-0",-97.592222,37.985139,211.9548645,"198-262"
"1100","Harvey",-25.93,NA,1946-10-14,375910097352701,79,0,c(-97.592222, 37.985139),"1946","71-0",-97.592222,37.985139,211.9548645,"198-262"
"1101","Harvey",-26.02,NA,1946-10-21,375910097352701,79,0,c(-97.592222, 37.985139),"1946","71-0",-97.592222,37.985139,211.9548645,"198-262"
"1102","Harvey",-26.15,NA,1946-11-04,375910097352701,79,0,c(-97.592222, 37.985139),"1946","71-0",-97.592222,37.985139,211.9548645,"198-262"
"1103","Harvey",-26.17,NA,1946-11-18,375910097352701,79,0,c(-97.592222, 37.985139),"1946","71-0",-97.592222,37.985139,211.9548645,"198-262"
"1104","Harvey",-26.27,NA,1946-12-02,375910097352701,79,0,c(-97.592222, 37.985139),"1946","71-0",-97.592222,37.985139,211.9548645,"198-262"
"1105","Harvey",-26.34,NA,1946-12-09,375910097352701,79,0,c(-97.592222, 37.985139),"1946","71-0",-97.592222,37.985139,211.9548645,"198-262"
"1106","Harvey",-26.31,NA,1946-12-16,375910097352701,79,0,c(-97.592222, 37.985139),"1946","71-0",-97.592222,37.985139,211.9548645,"198-262"
"1107","Harvey",-26.39,NA,1946-12-23,375910097352701,79,0,c(-97.592222, 37.985139),"1946","71-0",-97.592222,37.985139,211.9548645,"198-262"
"1108","Harvey",-26.41,NA,1946-12-30,375910097352701,79,0,c(-97.592222, 37.985139),"1946","71-0",-97.592222,37.985139,211.9548645,"198-262"
"1109","Harvey",-20.48,NA,1946-01-04,375843097321002,79,0,c(-97.537222, 37.979583),"1946","71-0",-97.537222,37.979583,178.0298157,"132-197"
"1110","Harvey",-20.54,NA,1946-02-06,375843097321002,79,0,c(-97.537222, 37.979583),"1946","71-0",-97.537222,37.979583,178.0298157,"132-197"
"1111","Harvey",-23.07,NA,1946-03-07,375843097321002,79,0,c(-97.537222, 37.979583),"1946","71-0",-97.537222,37.979583,178.0298157,"132-197"
"1112","Harvey",-23.87,NA,1946-04-03,375843097321002,79,0,c(-97.537222, 37.979583),"1946","71-0",-97.537222,37.979583,178.0298157,"132-197"
"1113","Harvey",-21.49,NA,1946-04-30,375843097321002,79,0,c(-97.537222, 37.979583),"1946","71-0",-97.537222,37.979583,178.0298157,"132-197"
"1114","Harvey",-21.33,NA,1946-05-29,375843097321002,79,0,c(-97.537222, 37.979583),"1946","71-0",-97.537222,37.979583,178.0298157,"132-197"
"1115","Harvey",-23.72,NA,1946-07-03,375843097321002,79,0,c(-97.537222, 37.979583),"1946","71-0",-97.537222,37.979583,178.0298157,"132-197"
"1116","Harvey",-32.5,NA,1946-08-01,375843097321002,79,0,c(-97.537222, 37.979583),"1946","71-0",-97.537222,37.979583,178.0298157,"132-197"
"1117","Harvey",-32.66,NA,1946-08-27,375843097321002,79,0,c(-97.537222, 37.979583),"1946","71-0",-97.537222,37.979583,178.0298157,"132-197"
"1118","Harvey",-28.66,NA,1946-09-25,375843097321002,79,0,c(-97.537222, 37.979583),"1946","71-0",-97.537222,37.979583,178.0298157,"132-197"
"1119","Harvey",-30.97,NA,1946-11-08,375843097321002,79,0,c(-97.537222, 37.979583),"1946","71-0",-97.537222,37.979583,178.0298157,"132-197"
"1120","Harvey",-28.37,NA,1946-12-04,375843097321002,79,0,c(-97.537222, 37.979583),"1946","71-0",-97.537222,37.979583,178.0298157,"132-197"
"1121","Harvey",-43.88,"BURRTON",1946-07-12,380331097395402,79,0,c(-97.666094, 38.057792),"1946","71-0",-97.666094,38.057792,252.0494843,"198-262"
"1122","Harvey",-45.81,"BURRTON",1946-10-02,380331097395402,79,0,c(-97.666094, 38.057792),"1946","71-0",-97.666094,38.057792,252.0494843,"198-262"
"1123","McPherson",-24.3,NA,1946-04-01,383216097421501,113,0,c(-97.70355, 38.536426),"1946","71-0",-97.70355,38.536426,NA,NA
"1124","McPherson",-24.3,NA,1946-04-23,383216097421501,113,0,c(-97.70355, 38.536426),"1946","71-0",-97.70355,38.536426,NA,NA
"1125","McPherson",-24.96,NA,1946-07-03,383216097421501,113,0,c(-97.70355, 38.536426),"1946","71-0",-97.70355,38.536426,NA,NA
"1126","McPherson",-25.3,NA,1946-08-01,383216097421501,113,0,c(-97.70355, 38.536426),"1946","71-0",-97.70355,38.536426,NA,NA
"1127","McPherson",-25.49,NA,1946-09-05,383216097421501,113,0,c(-97.70355, 38.536426),"1946","71-0",-97.70355,38.536426,NA,NA
"1128","McPherson",-25.34,NA,1946-10-01,383216097421501,113,0,c(-97.70355, 38.536426),"1946","71-0",-97.70355,38.536426,NA,NA
"1129","McPherson",-24.82,NA,1946-11-04,383216097421501,113,0,c(-97.70355, 38.536426),"1946","71-0",-97.70355,38.536426,NA,NA
"1130","McPherson",-24.74,NA,1946-12-02,383216097421501,113,0,c(-97.70355, 38.536426),"1946","71-0",-97.70355,38.536426,NA,NA
"1131","McPherson",-24.82,NA,1946-12-23,383216097421501,113,0,c(-97.70355, 38.536426),"1946","71-0",-97.70355,38.536426,NA,NA
"1132","McPherson",-27,NA,1946-04-01,383400097400301,113,0,c(-97.66766, 38.566276),"1946","71-0",-97.66766,38.566276,NA,NA
"1133","McPherson",-26.96,NA,1946-04-17,383400097400301,113,0,c(-97.66766, 38.566276),"1946","71-0",-97.66766,38.566276,NA,NA
"1134","McPherson",-27.34,NA,1946-07-03,383400097400301,113,0,c(-97.66766, 38.566276),"1946","71-0",-97.66766,38.566276,NA,NA
"1135","McPherson",-27.57,NA,1946-08-01,383400097400301,113,0,c(-97.66766, 38.566276),"1946","71-0",-97.66766,38.566276,NA,NA
"1136","McPherson",-27.86,NA,1946-09-05,383400097400301,113,0,c(-97.66766, 38.566276),"1946","71-0",-97.66766,38.566276,NA,NA
"1137","McPherson",-27.38,NA,1946-10-01,383400097400301,113,0,c(-97.66766, 38.566276),"1946","71-0",-97.66766,38.566276,NA,NA
"1138","McPherson",-26.24,NA,1946-11-04,383400097400301,113,0,c(-97.66766, 38.566276),"1946","71-0",-97.66766,38.566276,NA,NA
"1139","McPherson",-26.28,NA,1946-12-02,383400097400301,113,0,c(-97.66766, 38.566276),"1946","71-0",-97.66766,38.566276,NA,NA
"1140","McPherson",-26.5,NA,1946-12-23,383400097400301,113,0,c(-97.66766, 38.566276),"1946","71-0",-97.66766,38.566276,NA,NA
"1141","Harvey",-17.86,NA,1946-01-05,375625097310402,79,0,c(-97.520556, 37.939722),"1946","71-0",-97.520556,37.939722,170.227356,"132-197"
"1142","Harvey",-15.7,NA,1946-02-05,375625097310402,79,0,c(-97.520556, 37.939722),"1946","71-0",-97.520556,37.939722,170.227356,"132-197"
"1143","Harvey",-17.53,NA,1946-03-07,375625097310402,79,0,c(-97.520556, 37.939722),"1946","71-0",-97.520556,37.939722,170.227356,"132-197"
"1144","Harvey",-18.22,NA,1946-04-03,375625097310402,79,0,c(-97.520556, 37.939722),"1946","71-0",-97.520556,37.939722,170.227356,"132-197"
"1145","Harvey",-17.71,NA,1946-04-30,375625097310402,79,0,c(-97.520556, 37.939722),"1946","71-0",-97.520556,37.939722,170.227356,"132-197"
"1146","Harvey",-17.64,NA,1946-05-29,375625097310402,79,0,c(-97.520556, 37.939722),"1946","71-0",-97.520556,37.939722,170.227356,"132-197"
"1147","Harvey",-18.79,NA,1946-07-03,375625097310402,79,0,c(-97.520556, 37.939722),"1946","71-0",-97.520556,37.939722,170.227356,"132-197"
"1148","Harvey",-19.89,NA,1946-08-01,375625097310402,79,0,c(-97.520556, 37.939722),"1946","71-0",-97.520556,37.939722,170.227356,"132-197"
"1149","Harvey",-20,NA,1946-08-27,375625097310402,79,0,c(-97.520556, 37.939722),"1946","71-0",-97.520556,37.939722,170.227356,"132-197"
"1150","Harvey",-19.95,NA,1946-09-25,375625097310402,79,0,c(-97.520556, 37.939722),"1946","71-0",-97.520556,37.939722,170.227356,"132-197"
"1151","Harvey",-20.46,NA,1946-11-08,375625097310402,79,0,c(-97.520556, 37.939722),"1946","71-0",-97.520556,37.939722,170.227356,"132-197"
"1152","Harvey",-20.81,NA,1946-12-04,375625097310402,79,0,c(-97.520556, 37.939722),"1946","71-0",-97.520556,37.939722,170.227356,"132-197"
"1153","Sedgwick",-8.36,NA,1946-01-03,375441097243001,173,0,c(-97.408889, 37.912083),"1946","71-0",-97.408889,37.912083,65.467659,"0-65"
"1154","Sedgwick",-8.68,NA,1946-02-08,375441097243001,173,0,c(-97.408889, 37.912083),"1946","71-0",-97.408889,37.912083,65.467659,"0-65"
"1155","Sedgwick",-8.29,NA,1946-03-06,375441097243001,173,0,c(-97.408889, 37.912083),"1946","71-0",-97.408889,37.912083,65.467659,"0-65"
"1156","Sedgwick",-7.51,NA,1946-04-02,375441097243001,173,0,c(-97.408889, 37.912083),"1946","71-0",-97.408889,37.912083,65.467659,"0-65"
"1157","Sedgwick",-8,NA,1946-05-02,375441097243001,173,0,c(-97.408889, 37.912083),"1946","71-0",-97.408889,37.912083,65.467659,"0-65"
"1158","Sedgwick",-8.56,NA,1946-05-28,375441097243001,173,0,c(-97.408889, 37.912083),"1946","71-0",-97.408889,37.912083,65.467659,"0-65"
"1159","Sedgwick",-9.36,NA,1946-07-02,375441097243001,173,0,c(-97.408889, 37.912083),"1946","71-0",-97.408889,37.912083,65.467659,"0-65"
"1160","Sedgwick",-10.23,NA,1946-07-30,375441097243001,173,0,c(-97.408889, 37.912083),"1946","71-0",-97.408889,37.912083,65.467659,"0-65"
"1161","Sedgwick",-10.98,NA,1946-09-26,375441097243001,173,0,c(-97.408889, 37.912083),"1946","71-0",-97.408889,37.912083,65.467659,"0-65"
"1162","Sedgwick",-10.75,NA,1946-11-07,375441097243001,173,0,c(-97.408889, 37.912083),"1946","71-0",-97.408889,37.912083,65.467659,"0-65"
"1163","Sedgwick",-10.86,NA,1946-12-03,375441097243001,173,0,c(-97.408889, 37.912083),"1946","71-0",-97.408889,37.912083,65.467659,"0-65"
"1164","Sedgwick",-10.84,NA,1946-12-31,375441097243001,173,0,c(-97.408889, 37.912083),"1946","71-0",-97.408889,37.912083,65.467659,"0-65"
"1165","Sedgwick",-6.85,NA,1946-01-18,375441097320901,173,0,c(-97.537222, 37.912083),"1946","71-0",-97.537222,37.912083,193.5877686,"132-197"
"1166","Sedgwick",-7.46,NA,1946-04-07,375441097320901,173,0,c(-97.537222, 37.912083),"1946","71-0",-97.537222,37.912083,193.5877686,"132-197"
"1167","Sedgwick",-9.27,NA,1946-07-10,375441097320901,173,0,c(-97.537222, 37.912083),"1946","71-0",-97.537222,37.912083,193.5877686,"132-197"
"1168","Sedgwick",-11.35,NA,1946-10-03,375441097320901,173,0,c(-97.537222, 37.912083),"1946","71-0",-97.537222,37.912083,193.5877686,"132-197"
"1169","Harvey",-14.46,NA,1946-01-05,375540097305601,79,0,c(-97.518194, 37.927361),"1946","71-0",-97.518194,37.927361,167.1837463,"132-197"
"1170","Harvey",-29.86,NA,1946-02-05,375540097305601,79,0,c(-97.518194, 37.927361),"1946","71-0",-97.518194,37.927361,167.1837463,"132-197"
"1171","Harvey",-28.2,NA,1946-03-07,375540097305601,79,0,c(-97.518194, 37.927361),"1946","71-0",-97.518194,37.927361,167.1837463,"132-197"
"1172","Harvey",-29,NA,1946-04-03,375540097305601,79,0,c(-97.518194, 37.927361),"1946","71-0",-97.518194,37.927361,167.1837463,"132-197"
"1173","Harvey",-14.86,NA,1946-04-30,375540097305601,79,0,c(-97.518194, 37.927361),"1946","71-0",-97.518194,37.927361,167.1837463,"132-197"
"1174","Harvey",-27.98,NA,1946-05-29,375540097305601,79,0,c(-97.518194, 37.927361),"1946","71-0",-97.518194,37.927361,167.1837463,"132-197"
"1175","Harvey",-30.5,NA,1946-07-03,375540097305601,79,0,c(-97.518194, 37.927361),"1946","71-0",-97.518194,37.927361,167.1837463,"132-197"
"1176","Harvey",-32.48,NA,1946-08-01,375540097305601,79,0,c(-97.518194, 37.927361),"1946","71-0",-97.518194,37.927361,167.1837463,"132-197"
"1177","Harvey",-31.62,NA,1946-08-27,375540097305601,79,0,c(-97.518194, 37.927361),"1946","71-0",-97.518194,37.927361,167.1837463,"132-197"
"1178","Harvey",-32.2,NA,1946-09-25,375540097305601,79,0,c(-97.518194, 37.927361),"1946","71-0",-97.518194,37.927361,167.1837463,"132-197"
"1179","Harvey",-29.6,NA,1946-11-08,375540097305601,79,0,c(-97.518194, 37.927361),"1946","71-0",-97.518194,37.927361,167.1837463,"132-197"
"1180","Harvey",-30.69,NA,1946-12-04,375540097305601,79,0,c(-97.518194, 37.927361),"1946","71-0",-97.518194,37.927361,167.1837463,"132-197"
"1181","Harvey",-17.11,NA,1946-01-03,375718097274501,79,0,c(-97.464028, 37.955972),"1946","71-0",-97.464028,37.955972,118.1418304,"66-131"
"1182","Harvey",-17.15,NA,1946-02-08,375718097274501,79,0,c(-97.464028, 37.955972),"1946","71-0",-97.464028,37.955972,118.1418304,"66-131"
"1183","Harvey",-17.02,NA,1946-03-06,375718097274501,79,0,c(-97.464028, 37.955972),"1946","71-0",-97.464028,37.955972,118.1418304,"66-131"
"1184","Harvey",-16.8,NA,1946-04-02,375718097274501,79,0,c(-97.464028, 37.955972),"1946","71-0",-97.464028,37.955972,118.1418304,"66-131"
"1185","Harvey",-17.24,NA,1946-05-02,375718097274501,79,0,c(-97.464028, 37.955972),"1946","71-0",-97.464028,37.955972,118.1418304,"66-131"
"1186","Harvey",-17.28,NA,1946-05-28,375718097274501,79,0,c(-97.464028, 37.955972),"1946","71-0",-97.464028,37.955972,118.1418304,"66-131"
"1187","Harvey",-18.48,NA,1946-07-02,375718097274501,79,0,c(-97.464028, 37.955972),"1946","71-0",-97.464028,37.955972,118.1418304,"66-131"
"1188","Harvey",-18.94,NA,1946-07-30,375718097274501,79,0,c(-97.464028, 37.955972),"1946","71-0",-97.464028,37.955972,118.1418304,"66-131"
"1189","Harvey",-19.57,NA,1946-09-26,375718097274501,79,0,c(-97.464028, 37.955972),"1946","71-0",-97.464028,37.955972,118.1418304,"66-131"
"1190","Harvey",-19.36,NA,1946-11-07,375718097274501,79,0,c(-97.464028, 37.955972),"1946","71-0",-97.464028,37.955972,118.1418304,"66-131"
"1191","Harvey",-19.64,NA,1946-12-03,375718097274501,79,0,c(-97.464028, 37.955972),"1946","71-0",-97.464028,37.955972,118.1418304,"66-131"
"1192","Harvey",-4.99,NA,1946-01-07,380324097341502,79,0,c(-97.573472, 38.057778),"1946","71-0",-97.573472,38.057778,180.5232239,"132-197"
"1193","Harvey",-4.95,NA,1946-01-14,380324097341502,79,0,c(-97.573472, 38.057778),"1946","71-0",-97.573472,38.057778,180.5232239,"132-197"
"1194","Harvey",-4.94,NA,1946-01-21,380324097341502,79,0,c(-97.573472, 38.057778),"1946","71-0",-97.573472,38.057778,180.5232239,"132-197"
"1195","Harvey",-4.98,NA,1946-01-28,380324097341502,79,0,c(-97.573472, 38.057778),"1946","71-0",-97.573472,38.057778,180.5232239,"132-197"
"1196","Harvey",-5.07,NA,1946-02-04,380324097341502,79,0,c(-97.573472, 38.057778),"1946","71-0",-97.573472,38.057778,180.5232239,"132-197"
"1197","Harvey",-5.14,NA,1946-02-11,380324097341502,79,0,c(-97.573472, 38.057778),"1946","71-0",-97.573472,38.057778,180.5232239,"132-197"
"1198","Harvey",-5.16,NA,1946-02-18,380324097341502,79,0,c(-97.573472, 38.057778),"1946","71-0",-97.573472,38.057778,180.5232239,"132-197"
"1199","Harvey",-5.08,NA,1946-02-25,380324097341502,79,0,c(-97.573472, 38.057778),"1946","71-0",-97.573472,38.057778,180.5232239,"132-197"
"1200","Harvey",-4.97,NA,1946-03-04,380324097341502,79,0,c(-97.573472, 38.057778),"1946","71-0",-97.573472,38.057778,180.5232239,"132-197"
"1201","Harvey",-5.01,NA,1946-03-11,380324097341502,79,0,c(-97.573472, 38.057778),"1946","71-0",-97.573472,38.057778,180.5232239,"132-197"
"1202","Harvey",-4.99,NA,1946-03-18,380324097341502,79,0,c(-97.573472, 38.057778),"1946","71-0",-97.573472,38.057778,180.5232239,"132-197"
"1203","Harvey",-4.94,NA,1946-03-25,380324097341502,79,0,c(-97.573472, 38.057778),"1946","71-0",-97.573472,38.057778,180.5232239,"132-197"
"1204","Harvey",-4.43,NA,1946-04-01,380324097341502,79,0,c(-97.573472, 38.057778),"1946","71-0",-97.573472,38.057778,180.5232239,"132-197"
"1205","Harvey",-4.36,NA,1946-04-08,380324097341502,79,0,c(-97.573472, 38.057778),"1946","71-0",-97.573472,38.057778,180.5232239,"132-197"
"1206","Harvey",-4.4,NA,1946-04-15,380324097341502,79,0,c(-97.573472, 38.057778),"1946","71-0",-97.573472,38.057778,180.5232239,"132-197"
"1207","Harvey",-4.46,NA,1946-04-22,380324097341502,79,0,c(-97.573472, 38.057778),"1946","71-0",-97.573472,38.057778,180.5232239,"132-197"
"1208","Harvey",-4.81,NA,1946-04-29,380324097341502,79,0,c(-97.573472, 38.057778),"1946","71-0",-97.573472,38.057778,180.5232239,"132-197"
"1209","Harvey",-4.86,NA,1946-05-06,380324097341502,79,0,c(-97.573472, 38.057778),"1946","71-0",-97.573472,38.057778,180.5232239,"132-197"
"1210","Harvey",-4.81,NA,1946-05-13,380324097341502,79,0,c(-97.573472, 38.057778),"1946","71-0",-97.573472,38.057778,180.5232239,"132-197"
"1211","Harvey",-5.11,NA,1946-05-27,380324097341502,79,0,c(-97.573472, 38.057778),"1946","71-0",-97.573472,38.057778,180.5232239,"132-197"
"1212","Harvey",-5.17,NA,1946-06-03,380324097341502,79,0,c(-97.573472, 38.057778),"1946","71-0",-97.573472,38.057778,180.5232239,"132-197"
"1213","Harvey",-5.36,NA,1946-06-17,380324097341502,79,0,c(-97.573472, 38.057778),"1946","71-0",-97.573472,38.057778,180.5232239,"132-197"
"1214","Harvey",-6.07,NA,1946-07-01,380324097341502,79,0,c(-97.573472, 38.057778),"1946","71-0",-97.573472,38.057778,180.5232239,"132-197"
"1215","Harvey",-6.14,NA,1946-07-08,380324097341502,79,0,c(-97.573472, 38.057778),"1946","71-0",-97.573472,38.057778,180.5232239,"132-197"
"1216","Harvey",-7.13,NA,1946-07-15,380324097341502,79,0,c(-97.573472, 38.057778),"1946","71-0",-97.573472,38.057778,180.5232239,"132-197"
"1217","Harvey",-7.79,NA,1946-07-22,380324097341502,79,0,c(-97.573472, 38.057778),"1946","71-0",-97.573472,38.057778,180.5232239,"132-197"
"1218","Harvey",-8.2,NA,1946-07-29,380324097341502,79,0,c(-97.573472, 38.057778),"1946","71-0",-97.573472,38.057778,180.5232239,"132-197"
"1219","Harvey",-8.38,NA,1946-08-05,380324097341502,79,0,c(-97.573472, 38.057778),"1946","71-0",-97.573472,38.057778,180.5232239,"132-197"
"1220","Harvey",-8.58,NA,1946-08-12,380324097341502,79,0,c(-97.573472, 38.057778),"1946","71-0",-97.573472,38.057778,180.5232239,"132-197"
"1221","Harvey",-8.6,NA,1946-08-19,380324097341502,79,0,c(-97.573472, 38.057778),"1946","71-0",-97.573472,38.057778,180.5232239,"132-197"
"1222","Harvey",-8.51,NA,1946-08-26,380324097341502,79,0,c(-97.573472, 38.057778),"1946","71-0",-97.573472,38.057778,180.5232239,"132-197"
"1223","Harvey",-8.29,NA,1946-09-02,380324097341502,79,0,c(-97.573472, 38.057778),"1946","71-0",-97.573472,38.057778,180.5232239,"132-197"
"1224","Harvey",-8.14,NA,1946-09-09,380324097341502,79,0,c(-97.573472, 38.057778),"1946","71-0",-97.573472,38.057778,180.5232239,"132-197"
"1225","Harvey",-7.85,NA,1946-09-16,380324097341502,79,0,c(-97.573472, 38.057778),"1946","71-0",-97.573472,38.057778,180.5232239,"132-197"
"1226","Harvey",-8.69,NA,1946-09-23,380324097341502,79,0,c(-97.573472, 38.057778),"1946","71-0",-97.573472,38.057778,180.5232239,"132-197"
"1227","Harvey",-8.69,NA,1946-09-30,380324097341502,79,0,c(-97.573472, 38.057778),"1946","71-0",-97.573472,38.057778,180.5232239,"132-197"
"1228","Harvey",-8.95,NA,1946-10-07,380324097341502,79,0,c(-97.573472, 38.057778),"1946","71-0",-97.573472,38.057778,180.5232239,"132-197"
"1229","Harvey",-8.54,NA,1946-10-14,380324097341502,79,0,c(-97.573472, 38.057778),"1946","71-0",-97.573472,38.057778,180.5232239,"132-197"
"1230","Harvey",-8.54,NA,1946-10-21,380324097341502,79,0,c(-97.573472, 38.057778),"1946","71-0",-97.573472,38.057778,180.5232239,"132-197"
"1231","Harvey",-8.69,NA,1946-12-02,380324097341502,79,0,c(-97.573472, 38.057778),"1946","71-0",-97.573472,38.057778,180.5232239,"132-197"
"1232","Harvey",-8.84,NA,1946-12-09,380324097341502,79,0,c(-97.573472, 38.057778),"1946","71-0",-97.573472,38.057778,180.5232239,"132-197"
"1233","Harvey",-8.82,NA,1946-12-16,380324097341502,79,0,c(-97.573472, 38.057778),"1946","71-0",-97.573472,38.057778,180.5232239,"132-197"
"1234","Harvey",-8.51,NA,1946-12-23,380324097341502,79,0,c(-97.573472, 38.057778),"1946","71-0",-97.573472,38.057778,180.5232239,"132-197"
"1235","Harvey",-8.22,NA,1946-12-30,380324097341502,79,0,c(-97.573472, 38.057778),"1946","71-0",-97.573472,38.057778,180.5232239,"132-197"
"1236","Harvey",-8.44,"BURRTON",1946-01-22,380146097394502,79,0,c(-97.665556, 38.029167),"1946","71-0",-97.665556,38.029167,174.4131317,"132-197"
"1237","Harvey",-9.53,"BURRTON",1946-07-12,380146097394502,79,0,c(-97.665556, 38.029167),"1946","71-0",-97.665556,38.029167,174.4131317,"132-197"
"1238","Harvey",-10.69,"BURRTON",1946-10-02,380146097394502,79,0,c(-97.665556, 38.029167),"1946","71-0",-97.665556,38.029167,174.4131317,"132-197"
"1239","Harvey",-37.1,NA,1946-04-01,380054097324401,79,0,c(-97.546528, 38.014306),"1946","71-0",-97.546528,38.014306,183.6772919,"132-197"
"1240","Harvey",-40.7,NA,1946-01-04,380054097334901,79,0,c(-97.565417, 38.014722),"1946","71-0",-97.565417,38.014722,189.9531555,"132-197"
"1241","Harvey",-75.86,NA,1946-02-06,380054097334901,79,0,c(-97.565417, 38.014722),"1946","143-72",-97.565417,38.014722,189.9531555,"132-197"
"1242","Harvey",-75.91,NA,1946-03-07,380054097334901,79,0,c(-97.565417, 38.014722),"1946","143-72",-97.565417,38.014722,189.9531555,"132-197"
"1243","Harvey",-75.88,NA,1946-04-03,380054097334901,79,0,c(-97.565417, 38.014722),"1946","143-72",-97.565417,38.014722,189.9531555,"132-197"
"1244","Harvey",-40.86,NA,1946-04-30,380054097334901,79,0,c(-97.565417, 38.014722),"1946","71-0",-97.565417,38.014722,189.9531555,"132-197"
"1245","Harvey",-41.17,NA,1946-05-29,380054097334901,79,0,c(-97.565417, 38.014722),"1946","71-0",-97.565417,38.014722,189.9531555,"132-197"
"1246","Harvey",-75.96,NA,1946-07-03,380054097334901,79,0,c(-97.565417, 38.014722),"1946","143-72",-97.565417,38.014722,189.9531555,"132-197"
"1247","Harvey",-76.14,NA,1946-08-01,380054097334901,79,0,c(-97.565417, 38.014722),"1946","143-72",-97.565417,38.014722,189.9531555,"132-197"
"1248","Harvey",-76.24,NA,1946-08-27,380054097334901,79,0,c(-97.565417, 38.014722),"1946","143-72",-97.565417,38.014722,189.9531555,"132-197"
"1249","Harvey",-76.88,NA,1946-09-25,380054097334901,79,0,c(-97.565417, 38.014722),"1946","143-72",-97.565417,38.014722,189.9531555,"132-197"
"1250","Harvey",-41.23,NA,1946-11-08,380054097334901,79,0,c(-97.565417, 38.014722),"1946","71-0",-97.565417,38.014722,189.9531555,"132-197"
"1251","Harvey",-76.21,NA,1946-12-04,380054097334901,79,0,c(-97.565417, 38.014722),"1946","143-72",-97.565417,38.014722,189.9531555,"132-197"
"1252","Harvey",-1.34,"PATTERSON",1946-01-23,375725097404802,79,0,c(-97.683889, 37.95625),"1946","71-0",-97.683889,37.95625,138.9560089,"132-197"
"1253","Harvey",-5.28,"PATTERSON",1946-07-12,375725097404802,79,0,c(-97.683889, 37.95625),"1946","71-0",-97.683889,37.95625,138.9560089,"132-197"
"1254","Harvey",-6.66,"PATTERSON",1946-10-02,375725097404802,79,0,c(-97.683889, 37.95625),"1946","71-0",-97.683889,37.95625,138.9560089,"132-197"
"1255","Harvey",-88.12,NA,1946-01-04,380001097341301,79,0,c(-97.573056, 38.000139),"1946","143-72",-97.573056,38.000139,206.3803253,"198-262"
"1256","Harvey",-89.14,NA,1946-02-06,380001097341301,79,0,c(-97.573056, 38.000139),"1946","143-72",-97.573056,38.000139,206.3803253,"198-262"
"1257","Harvey",-91.4,NA,1946-03-07,380001097341301,79,0,c(-97.573056, 38.000139),"1946","143-72",-97.573056,38.000139,206.3803253,"198-262"
"1258","Harvey",-32.25,NA,1946-04-03,380001097341301,79,0,c(-97.573056, 38.000139),"1946","71-0",-97.573056,38.000139,206.3803253,"198-262"
"1259","Harvey",-89.6,NA,1946-04-30,380001097341301,79,0,c(-97.573056, 38.000139),"1946","143-72",-97.573056,38.000139,206.3803253,"198-262"
"1260","Harvey",-34,NA,1946-05-29,380001097341301,79,0,c(-97.573056, 38.000139),"1946","71-0",-97.573056,38.000139,206.3803253,"198-262"
"1261","Harvey",-90,NA,1946-07-03,380001097341301,79,0,c(-97.573056, 38.000139),"1946","143-72",-97.573056,38.000139,206.3803253,"198-262"
"1262","Harvey",-88.5,NA,1946-08-01,380001097341301,79,0,c(-97.573056, 38.000139),"1946","143-72",-97.573056,38.000139,206.3803253,"198-262"
"1263","Harvey",-95.02,NA,1946-08-27,380001097341301,79,0,c(-97.573056, 38.000139),"1946","143-72",-97.573056,38.000139,206.3803253,"198-262"
"1264","Harvey",-95.79,NA,1946-09-25,380001097341301,79,0,c(-97.573056, 38.000139),"1946","143-72",-97.573056,38.000139,206.3803253,"198-262"
"1265","Harvey",-37.22,NA,1946-11-08,380001097341301,79,0,c(-97.573056, 38.000139),"1946","71-0",-97.573056,38.000139,206.3803253,"198-262"
"1266","Harvey",-96.09,NA,1946-12-04,380001097341301,79,0,c(-97.573056, 38.000139),"1946","143-72",-97.573056,38.000139,206.3803253,"198-262"
"1267","Harvey",-5.5,NA,1946-01-07,375817097363201,79,0,c(-97.610556, 37.970833),"1946","71-0",-97.610556,37.970833,205.7940674,"198-262"
"1268","Harvey",-5.45,NA,1946-01-14,375817097363201,79,0,c(-97.610556, 37.970833),"1946","71-0",-97.610556,37.970833,205.7940674,"198-262"
"1269","Harvey",-5.42,NA,1946-01-21,375817097363201,79,0,c(-97.610556, 37.970833),"1946","71-0",-97.610556,37.970833,205.7940674,"198-262"
"1270","Harvey",-5.46,NA,1946-01-28,375817097363201,79,0,c(-97.610556, 37.970833),"1946","71-0",-97.610556,37.970833,205.7940674,"198-262"
"1271","Harvey",-5.42,NA,1946-02-04,375817097363201,79,0,c(-97.610556, 37.970833),"1946","71-0",-97.610556,37.970833,205.7940674,"198-262"
"1272","Harvey",-5.47,NA,1946-02-11,375817097363201,79,0,c(-97.610556, 37.970833),"1946","71-0",-97.610556,37.970833,205.7940674,"198-262"
"1273","Harvey",-5.44,NA,1946-02-18,375817097363201,79,0,c(-97.610556, 37.970833),"1946","71-0",-97.610556,37.970833,205.7940674,"198-262"
"1274","Harvey",-5.41,NA,1946-02-25,375817097363201,79,0,c(-97.610556, 37.970833),"1946","71-0",-97.610556,37.970833,205.7940674,"198-262"
"1275","Harvey",-5.61,NA,1946-03-04,375817097363201,79,0,c(-97.610556, 37.970833),"1946","71-0",-97.610556,37.970833,205.7940674,"198-262"
"1276","Harvey",-5.58,NA,1946-03-11,375817097363201,79,0,c(-97.610556, 37.970833),"1946","71-0",-97.610556,37.970833,205.7940674,"198-262"
"1277","Harvey",-5.56,NA,1946-03-18,375817097363201,79,0,c(-97.610556, 37.970833),"1946","71-0",-97.610556,37.970833,205.7940674,"198-262"
"1278","Harvey",-5.53,NA,1946-03-25,375817097363201,79,0,c(-97.610556, 37.970833),"1946","71-0",-97.610556,37.970833,205.7940674,"198-262"
"1279","Harvey",-5.24,NA,1946-04-01,375817097363201,79,0,c(-97.610556, 37.970833),"1946","71-0",-97.610556,37.970833,205.7940674,"198-262"
"1280","Harvey",-5.41,NA,1946-04-08,375817097363201,79,0,c(-97.610556, 37.970833),"1946","71-0",-97.610556,37.970833,205.7940674,"198-262"
"1281","Harvey",-5.54,NA,1946-04-22,375817097363201,79,0,c(-97.610556, 37.970833),"1946","71-0",-97.610556,37.970833,205.7940674,"198-262"
"1282","Harvey",-5.79,NA,1946-04-29,375817097363201,79,0,c(-97.610556, 37.970833),"1946","71-0",-97.610556,37.970833,205.7940674,"198-262"
"1283","Harvey",-5.84,NA,1946-05-06,375817097363201,79,0,c(-97.610556, 37.970833),"1946","71-0",-97.610556,37.970833,205.7940674,"198-262"
"1284","Harvey",-5.82,NA,1946-05-13,375817097363201,79,0,c(-97.610556, 37.970833),"1946","71-0",-97.610556,37.970833,205.7940674,"198-262"
"1285","Harvey",-6.28,NA,1946-05-27,375817097363201,79,0,c(-97.610556, 37.970833),"1946","71-0",-97.610556,37.970833,205.7940674,"198-262"
"1286","Harvey",-6.32,NA,1946-06-03,375817097363201,79,0,c(-97.610556, 37.970833),"1946","71-0",-97.610556,37.970833,205.7940674,"198-262"
"1287","Harvey",-6.41,NA,1946-06-17,375817097363201,79,0,c(-97.610556, 37.970833),"1946","71-0",-97.610556,37.970833,205.7940674,"198-262"
"1288","Harvey",-6.59,NA,1946-07-01,375817097363201,79,0,c(-97.610556, 37.970833),"1946","71-0",-97.610556,37.970833,205.7940674,"198-262"
"1289","Harvey",-6.63,NA,1946-07-08,375817097363201,79,0,c(-97.610556, 37.970833),"1946","71-0",-97.610556,37.970833,205.7940674,"198-262"
"1290","Harvey",-6.86,NA,1946-07-15,375817097363201,79,0,c(-97.610556, 37.970833),"1946","71-0",-97.610556,37.970833,205.7940674,"198-262"
"1291","Harvey",-6.96,NA,1946-07-22,375817097363201,79,0,c(-97.610556, 37.970833),"1946","71-0",-97.610556,37.970833,205.7940674,"198-262"
"1292","Harvey",-6.86,NA,1946-07-29,375817097363201,79,0,c(-97.610556, 37.970833),"1946","71-0",-97.610556,37.970833,205.7940674,"198-262"
"1293","Harvey",-7.49,NA,1946-08-05,375817097363201,79,0,c(-97.610556, 37.970833),"1946","71-0",-97.610556,37.970833,205.7940674,"198-262"
"1294","Harvey",-7.55,NA,1946-08-12,375817097363201,79,0,c(-97.610556, 37.970833),"1946","71-0",-97.610556,37.970833,205.7940674,"198-262"
"1295","Harvey",-7.66,NA,1946-08-19,375817097363201,79,0,c(-97.610556, 37.970833),"1946","71-0",-97.610556,37.970833,205.7940674,"198-262"
"1296","Harvey",-7.72,NA,1946-08-26,375817097363201,79,0,c(-97.610556, 37.970833),"1946","71-0",-97.610556,37.970833,205.7940674,"198-262"
"1297","Harvey",-7.79,NA,1946-09-02,375817097363201,79,0,c(-97.610556, 37.970833),"1946","71-0",-97.610556,37.970833,205.7940674,"198-262"
"1298","Harvey",-7.8,NA,1946-09-09,375817097363201,79,0,c(-97.610556, 37.970833),"1946","71-0",-97.610556,37.970833,205.7940674,"198-262"
"1299","Harvey",-7.93,NA,1946-09-16,375817097363201,79,0,c(-97.610556, 37.970833),"1946","71-0",-97.610556,37.970833,205.7940674,"198-262"
"1300","Harvey",-7.97,NA,1946-09-23,375817097363201,79,0,c(-97.610556, 37.970833),"1946","71-0",-97.610556,37.970833,205.7940674,"198-262"
"1301","Harvey",-8.06,NA,1946-09-30,375817097363201,79,0,c(-97.610556, 37.970833),"1946","71-0",-97.610556,37.970833,205.7940674,"198-262"
"1302","Harvey",-7.9,NA,1946-10-07,375817097363201,79,0,c(-97.610556, 37.970833),"1946","71-0",-97.610556,37.970833,205.7940674,"198-262"
"1303","Harvey",-7.89,NA,1946-10-14,375817097363201,79,0,c(-97.610556, 37.970833),"1946","71-0",-97.610556,37.970833,205.7940674,"198-262"
"1304","Harvey",-7.96,NA,1946-10-21,375817097363201,79,0,c(-97.610556, 37.970833),"1946","71-0",-97.610556,37.970833,205.7940674,"198-262"
"1305","Harvey",-7.93,NA,1946-11-04,375817097363201,79,0,c(-97.610556, 37.970833),"1946","71-0",-97.610556,37.970833,205.7940674,"198-262"
"1306","Harvey",-7.88,NA,1946-11-18,375817097363201,79,0,c(-97.610556, 37.970833),"1946","71-0",-97.610556,37.970833,205.7940674,"198-262"
"1307","Harvey",-7.99,NA,1946-12-02,375817097363201,79,0,c(-97.610556, 37.970833),"1946","71-0",-97.610556,37.970833,205.7940674,"198-262"
"1308","Harvey",-8.29,NA,1946-12-09,375817097363201,79,0,c(-97.610556, 37.970833),"1946","71-0",-97.610556,37.970833,205.7940674,"198-262"
"1309","Harvey",-8.26,NA,1946-12-16,375817097363201,79,0,c(-97.610556, 37.970833),"1946","71-0",-97.610556,37.970833,205.7940674,"198-262"
"1310","Harvey",-8.16,NA,1946-12-23,375817097363201,79,0,c(-97.610556, 37.970833),"1946","71-0",-97.610556,37.970833,205.7940674,"198-262"
"1311","Harvey",-8.14,NA,1946-12-30,375817097363201,79,0,c(-97.610556, 37.970833),"1946","71-0",-97.610556,37.970833,205.7940674,"198-262"
"1312","Harvey",-13.64,NA,1946-01-07,375955097295201,79,0,c(-97.5, 37.999444),"1946","71-0",-97.5,37.999444,131.2831573,"66-131"
"1313","Harvey",-13.61,NA,1946-01-14,375955097295201,79,0,c(-97.5, 37.999444),"1946","71-0",-97.5,37.999444,131.2831573,"66-131"
"1314","Harvey",-13.24,NA,1946-01-21,375955097295201,79,0,c(-97.5, 37.999444),"1946","71-0",-97.5,37.999444,131.2831573,"66-131"
"1315","Harvey",-13.3,NA,1946-01-28,375955097295201,79,0,c(-97.5, 37.999444),"1946","71-0",-97.5,37.999444,131.2831573,"66-131"
"1316","Harvey",-13.06,NA,1946-02-04,375955097295201,79,0,c(-97.5, 37.999444),"1946","71-0",-97.5,37.999444,131.2831573,"66-131"
"1317","Harvey",-13.23,NA,1946-02-11,375955097295201,79,0,c(-97.5, 37.999444),"1946","71-0",-97.5,37.999444,131.2831573,"66-131"
"1318","Harvey",-13.3,NA,1946-02-18,375955097295201,79,0,c(-97.5, 37.999444),"1946","71-0",-97.5,37.999444,131.2831573,"66-131"
"1319","Harvey",-13.33,NA,1946-02-25,375955097295201,79,0,c(-97.5, 37.999444),"1946","71-0",-97.5,37.999444,131.2831573,"66-131"
"1320","Harvey",-13.85,NA,1946-03-04,375955097295201,79,0,c(-97.5, 37.999444),"1946","71-0",-97.5,37.999444,131.2831573,"66-131"
"1321","Harvey",-13.88,NA,1946-03-11,375955097295201,79,0,c(-97.5, 37.999444),"1946","71-0",-97.5,37.999444,131.2831573,"66-131"
"1322","Harvey",-13.81,NA,1946-03-18,375955097295201,79,0,c(-97.5, 37.999444),"1946","71-0",-97.5,37.999444,131.2831573,"66-131"
"1323","Harvey",-13.76,NA,1946-03-25,375955097295201,79,0,c(-97.5, 37.999444),"1946","71-0",-97.5,37.999444,131.2831573,"66-131"
"1324","Harvey",-13.88,NA,1946-04-01,375955097295201,79,0,c(-97.5, 37.999444),"1946","71-0",-97.5,37.999444,131.2831573,"66-131"
"1325","Harvey",-13.88,NA,1946-04-08,375955097295201,79,0,c(-97.5, 37.999444),"1946","71-0",-97.5,37.999444,131.2831573,"66-131"
"1326","Harvey",-13.91,NA,1946-04-15,375955097295201,79,0,c(-97.5, 37.999444),"1946","71-0",-97.5,37.999444,131.2831573,"66-131"
"1327","Harvey",-13.96,NA,1946-04-22,375955097295201,79,0,c(-97.5, 37.999444),"1946","71-0",-97.5,37.999444,131.2831573,"66-131"
"1328","Harvey",-14.2,NA,1946-04-29,375955097295201,79,0,c(-97.5, 37.999444),"1946","71-0",-97.5,37.999444,131.2831573,"66-131"
"1329","Harvey",-14.24,NA,1946-05-06,375955097295201,79,0,c(-97.5, 37.999444),"1946","71-0",-97.5,37.999444,131.2831573,"66-131"
"1330","Harvey",-14.28,NA,1946-05-13,375955097295201,79,0,c(-97.5, 37.999444),"1946","71-0",-97.5,37.999444,131.2831573,"66-131"
"1331","Harvey",-14.48,NA,1946-05-20,375955097295201,79,0,c(-97.5, 37.999444),"1946","71-0",-97.5,37.999444,131.2831573,"66-131"
"1332","Harvey",-14.59,NA,1946-05-27,375955097295201,79,0,c(-97.5, 37.999444),"1946","71-0",-97.5,37.999444,131.2831573,"66-131"
"1333","Harvey",-14.66,NA,1946-06-03,375955097295201,79,0,c(-97.5, 37.999444),"1946","71-0",-97.5,37.999444,131.2831573,"66-131"
"1334","Harvey",-14.76,NA,1946-06-17,375955097295201,79,0,c(-97.5, 37.999444),"1946","71-0",-97.5,37.999444,131.2831573,"66-131"
"1335","Harvey",-15.2,NA,1946-07-01,375955097295201,79,0,c(-97.5, 37.999444),"1946","71-0",-97.5,37.999444,131.2831573,"66-131"
"1336","Harvey",-15.31,NA,1946-07-08,375955097295201,79,0,c(-97.5, 37.999444),"1946","71-0",-97.5,37.999444,131.2831573,"66-131"
"1337","Harvey",-15.6,NA,1946-07-15,375955097295201,79,0,c(-97.5, 37.999444),"1946","71-0",-97.5,37.999444,131.2831573,"66-131"
"1338","Harvey",-15.81,NA,1946-07-22,375955097295201,79,0,c(-97.5, 37.999444),"1946","71-0",-97.5,37.999444,131.2831573,"66-131"
"1339","Harvey",-16.08,NA,1946-07-29,375955097295201,79,0,c(-97.5, 37.999444),"1946","71-0",-97.5,37.999444,131.2831573,"66-131"
"1340","Harvey",-16.24,NA,1946-08-05,375955097295201,79,0,c(-97.5, 37.999444),"1946","71-0",-97.5,37.999444,131.2831573,"66-131"
"1341","Harvey",-16.39,NA,1946-08-12,375955097295201,79,0,c(-97.5, 37.999444),"1946","71-0",-97.5,37.999444,131.2831573,"66-131"
"1342","Harvey",-16.4,NA,1946-08-19,375955097295201,79,0,c(-97.5, 37.999444),"1946","71-0",-97.5,37.999444,131.2831573,"66-131"
"1343","Harvey",-16.5,NA,1946-08-26,375955097295201,79,0,c(-97.5, 37.999444),"1946","71-0",-97.5,37.999444,131.2831573,"66-131"
"1344","Harvey",-16.44,NA,1946-09-02,375955097295201,79,0,c(-97.5, 37.999444),"1946","71-0",-97.5,37.999444,131.2831573,"66-131"
"1345","Harvey",-16.27,NA,1946-09-09,375955097295201,79,0,c(-97.5, 37.999444),"1946","71-0",-97.5,37.999444,131.2831573,"66-131"
"1346","Harvey",-16.39,NA,1946-09-16,375955097295201,79,0,c(-97.5, 37.999444),"1946","71-0",-97.5,37.999444,131.2831573,"66-131"
"1347","Harvey",-16.48,NA,1946-09-23,375955097295201,79,0,c(-97.5, 37.999444),"1946","71-0",-97.5,37.999444,131.2831573,"66-131"
"1348","Harvey",-16.6,NA,1946-09-30,375955097295201,79,0,c(-97.5, 37.999444),"1946","71-0",-97.5,37.999444,131.2831573,"66-131"
"1349","Harvey",-16.56,NA,1946-10-07,375955097295201,79,0,c(-97.5, 37.999444),"1946","71-0",-97.5,37.999444,131.2831573,"66-131"
"1350","Harvey",-16.47,NA,1946-10-14,375955097295201,79,0,c(-97.5, 37.999444),"1946","71-0",-97.5,37.999444,131.2831573,"66-131"
"1351","Harvey",-16.41,NA,1946-10-21,375955097295201,79,0,c(-97.5, 37.999444),"1946","71-0",-97.5,37.999444,131.2831573,"66-131"
"1352","Harvey",-16.38,NA,1946-10-28,375955097295201,79,0,c(-97.5, 37.999444),"1946","71-0",-97.5,37.999444,131.2831573,"66-131"
"1353","Harvey",-16.37,NA,1946-11-04,375955097295201,79,0,c(-97.5, 37.999444),"1946","71-0",-97.5,37.999444,131.2831573,"66-131"
"1354","Harvey",-16.07,NA,1946-11-18,375955097295201,79,0,c(-97.5, 37.999444),"1946","71-0",-97.5,37.999444,131.2831573,"66-131"
"1355","Harvey",-16.1,NA,1946-11-25,375955097295201,79,0,c(-97.5, 37.999444),"1946","71-0",-97.5,37.999444,131.2831573,"66-131"
"1356","Harvey",-16.15,NA,1946-12-02,375955097295201,79,0,c(-97.5, 37.999444),"1946","71-0",-97.5,37.999444,131.2831573,"66-131"
"1357","Harvey",-16.21,NA,1946-12-09,375955097295201,79,0,c(-97.5, 37.999444),"1946","71-0",-97.5,37.999444,131.2831573,"66-131"
"1358","Harvey",-16.16,NA,1946-12-16,375955097295201,79,0,c(-97.5, 37.999444),"1946","71-0",-97.5,37.999444,131.2831573,"66-131"
"1359","Harvey",-16.06,NA,1946-12-23,375955097295201,79,0,c(-97.5, 37.999444),"1946","71-0",-97.5,37.999444,131.2831573,"66-131"
"1360","Harvey",-16.03,NA,1946-12-30,375955097295201,79,0,c(-97.5, 37.999444),"1946","71-0",-97.5,37.999444,131.2831573,"66-131"
"1361","Harvey",-30.98,NA,1946-01-04,380021097341302,79,0,c(-97.573611, 38.005),"1946","71-0",-97.573611,38.005,205.608551,"198-262"
"1362","Harvey",-31.06,NA,1946-02-06,380021097341302,79,0,c(-97.573611, 38.005),"1946","71-0",-97.573611,38.005,205.608551,"198-262"
"1363","Harvey",-30.04,NA,1946-03-07,380021097341302,79,0,c(-97.573611, 38.005),"1946","71-0",-97.573611,38.005,205.608551,"198-262"
"1364","Harvey",-29.24,NA,1946-04-03,380021097341302,79,0,c(-97.573611, 38.005),"1946","71-0",-97.573611,38.005,205.608551,"198-262"
"1365","Harvey",-31.36,NA,1946-04-30,380021097341302,79,0,c(-97.573611, 38.005),"1946","71-0",-97.573611,38.005,205.608551,"198-262"
"1366","Harvey",-29.49,NA,1946-05-29,380021097341302,79,0,c(-97.573611, 38.005),"1946","71-0",-97.573611,38.005,205.608551,"198-262"
"1367","Harvey",-30.86,NA,1946-07-03,380021097341302,79,0,c(-97.573611, 38.005),"1946","71-0",-97.573611,38.005,205.608551,"198-262"
"1368","Harvey",-31.82,NA,1946-08-01,380021097341302,79,0,c(-97.573611, 38.005),"1946","71-0",-97.573611,38.005,205.608551,"198-262"
"1369","Harvey",-31.24,NA,1946-08-27,380021097341302,79,0,c(-97.573611, 38.005),"1946","71-0",-97.573611,38.005,205.608551,"198-262"
"1370","Harvey",-32.54,NA,1946-09-25,380021097341302,79,0,c(-97.573611, 38.005),"1946","71-0",-97.573611,38.005,205.608551,"198-262"
"1371","Harvey",-30.62,NA,1946-11-08,380021097341302,79,0,c(-97.573611, 38.005),"1946","71-0",-97.573611,38.005,205.608551,"198-262"
"1372","Harvey",-32.02,NA,1946-12-04,380021097341302,79,0,c(-97.573611, 38.005),"1946","71-0",-97.573611,38.005,205.608551,"198-262"
"1373","Harvey",-25.36,NA,1946-01-04,375836097330702,79,0,c(-97.555278, 37.975972),"1946","71-0",-97.555278,37.975972,184.6026459,"132-197"
"1374","Harvey",-29.46,NA,1946-02-06,375836097330702,79,0,c(-97.555278, 37.975972),"1946","71-0",-97.555278,37.975972,184.6026459,"132-197"
"1375","Harvey",-28.19,NA,1946-03-07,375836097330702,79,0,c(-97.555278, 37.975972),"1946","71-0",-97.555278,37.975972,184.6026459,"132-197"
"1376","Harvey",-31.01,NA,1946-04-03,375836097330702,79,0,c(-97.555278, 37.975972),"1946","71-0",-97.555278,37.975972,184.6026459,"132-197"
"1377","Harvey",-30.48,NA,1946-04-30,375836097330702,79,0,c(-97.555278, 37.975972),"1946","71-0",-97.555278,37.975972,184.6026459,"132-197"
"1378","Harvey",-30.29,NA,1946-05-29,375836097330702,79,0,c(-97.555278, 37.975972),"1946","71-0",-97.555278,37.975972,184.6026459,"132-197"
"1379","Harvey",-31.01,NA,1946-07-03,375836097330702,79,0,c(-97.555278, 37.975972),"1946","71-0",-97.555278,37.975972,184.6026459,"132-197"
"1380","Harvey",-31.24,NA,1946-08-01,375836097330702,79,0,c(-97.555278, 37.975972),"1946","71-0",-97.555278,37.975972,184.6026459,"132-197"
"1381","Harvey",-29.82,NA,1946-08-27,375836097330702,79,0,c(-97.555278, 37.975972),"1946","71-0",-97.555278,37.975972,184.6026459,"132-197"
"1382","Harvey",-31.33,NA,1946-09-25,375836097330702,79,0,c(-97.555278, 37.975972),"1946","71-0",-97.555278,37.975972,184.6026459,"132-197"
"1383","Harvey",-30.61,NA,1946-11-08,375836097330702,79,0,c(-97.555278, 37.975972),"1946","71-0",-97.555278,37.975972,184.6026459,"132-197"
"1384","Harvey",-32.79,NA,1946-12-04,375836097330702,79,0,c(-97.555278, 37.975972),"1946","71-0",-97.555278,37.975972,184.6026459,"132-197"
"1385","Harvey",-26.56,NA,1946-01-04,375836097334001,79,0,c(-97.564544, 37.977706),"1946","71-0",-97.564544,37.977706,200.9033356,"198-262"
"1386","Harvey",-26.54,NA,1946-02-06,375836097334001,79,0,c(-97.564544, 37.977706),"1946","71-0",-97.564544,37.977706,200.9033356,"198-262"
"1387","Harvey",-26.89,NA,1946-03-07,375836097334001,79,0,c(-97.564544, 37.977706),"1946","71-0",-97.564544,37.977706,200.9033356,"198-262"
"1388","Harvey",-57.63,NA,1946-04-03,375836097334001,79,0,c(-97.564544, 37.977706),"1946","71-0",-97.564544,37.977706,200.9033356,"198-262"
"1389","Harvey",-59.15,NA,1946-04-30,375836097334001,79,0,c(-97.564544, 37.977706),"1946","71-0",-97.564544,37.977706,200.9033356,"198-262"
"1390","Harvey",-59.29,NA,1946-05-29,375836097334001,79,0,c(-97.564544, 37.977706),"1946","71-0",-97.564544,37.977706,200.9033356,"198-262"
"1391","Harvey",-28.17,NA,1946-07-03,375836097334001,79,0,c(-97.564544, 37.977706),"1946","71-0",-97.564544,37.977706,200.9033356,"198-262"
"1392","Harvey",-58.26,NA,1946-08-01,375836097334001,79,0,c(-97.564544, 37.977706),"1946","71-0",-97.564544,37.977706,200.9033356,"198-262"
"1393","Harvey",-62.09,NA,1946-08-27,375836097334001,79,0,c(-97.564544, 37.977706),"1946","71-0",-97.564544,37.977706,200.9033356,"198-262"
"1394","Harvey",-62.21,NA,1946-09-25,375836097334001,79,0,c(-97.564544, 37.977706),"1946","71-0",-97.564544,37.977706,200.9033356,"198-262"
"1395","Harvey",-63.71,NA,1946-10-08,375836097334001,79,0,c(-97.564544, 37.977706),"1946","71-0",-97.564544,37.977706,200.9033356,"198-262"
"1396","Harvey",-60.11,NA,1946-12-04,375836097334001,79,0,c(-97.564544, 37.977706),"1946","71-0",-97.564544,37.977706,200.9033356,"198-262"
"1397","Harvey",-10.33,NA,1946-01-07,380139097322702,79,0,c(-97.543333, 38.028472),"1946","71-0",-97.543333,38.028472,173.2327576,"132-197"
"1398","Harvey",-10.27,NA,1946-01-14,380139097322702,79,0,c(-97.543333, 38.028472),"1946","71-0",-97.543333,38.028472,173.2327576,"132-197"
"1399","Harvey",-10.26,NA,1946-01-21,380139097322702,79,0,c(-97.543333, 38.028472),"1946","71-0",-97.543333,38.028472,173.2327576,"132-197"
"1400","Harvey",-10.29,NA,1946-01-28,380139097322702,79,0,c(-97.543333, 38.028472),"1946","71-0",-97.543333,38.028472,173.2327576,"132-197"
"1401","Harvey",-11.6,NA,1946-02-04,380139097322702,79,0,c(-97.543333, 38.028472),"1946","71-0",-97.543333,38.028472,173.2327576,"132-197"
"1402","Harvey",-11.61,NA,1946-02-11,380139097322702,79,0,c(-97.543333, 38.028472),"1946","71-0",-97.543333,38.028472,173.2327576,"132-197"
"1403","Harvey",-11.64,NA,1946-02-18,380139097322702,79,0,c(-97.543333, 38.028472),"1946","71-0",-97.543333,38.028472,173.2327576,"132-197"
"1404","Harvey",-11.66,NA,1946-02-25,380139097322702,79,0,c(-97.543333, 38.028472),"1946","71-0",-97.543333,38.028472,173.2327576,"132-197"
"1405","Harvey",-10.88,NA,1946-03-04,380139097322702,79,0,c(-97.543333, 38.028472),"1946","71-0",-97.543333,38.028472,173.2327576,"132-197"
"1406","Harvey",-10.81,NA,1946-03-11,380139097322702,79,0,c(-97.543333, 38.028472),"1946","71-0",-97.543333,38.028472,173.2327576,"132-197"
"1407","Harvey",-11.32,NA,1946-03-18,380139097322702,79,0,c(-97.543333, 38.028472),"1946","71-0",-97.543333,38.028472,173.2327576,"132-197"
"1408","Harvey",-11.26,NA,1946-03-25,380139097322702,79,0,c(-97.543333, 38.028472),"1946","71-0",-97.543333,38.028472,173.2327576,"132-197"
"1409","Harvey",-11.52,NA,1946-04-01,380139097322702,79,0,c(-97.543333, 38.028472),"1946","71-0",-97.543333,38.028472,173.2327576,"132-197"
"1410","Harvey",-10.31,NA,1946-04-08,380139097322702,79,0,c(-97.543333, 38.028472),"1946","71-0",-97.543333,38.028472,173.2327576,"132-197"
"1411","Harvey",-10.36,NA,1946-04-15,380139097322702,79,0,c(-97.543333, 38.028472),"1946","71-0",-97.543333,38.028472,173.2327576,"132-197"
"1412","Harvey",-12.92,NA,1946-04-29,380139097322702,79,0,c(-97.543333, 38.028472),"1946","71-0",-97.543333,38.028472,173.2327576,"132-197"
"1413","Harvey",-13,NA,1946-05-06,380139097322702,79,0,c(-97.543333, 38.028472),"1946","71-0",-97.543333,38.028472,173.2327576,"132-197"
"1414","Harvey",-12.91,NA,1946-05-13,380139097322702,79,0,c(-97.543333, 38.028472),"1946","71-0",-97.543333,38.028472,173.2327576,"132-197"
"1415","Harvey",-11.64,NA,1946-05-20,380139097322702,79,0,c(-97.543333, 38.028472),"1946","71-0",-97.543333,38.028472,173.2327576,"132-197"
"1416","Harvey",-12.14,NA,1946-05-27,380139097322702,79,0,c(-97.543333, 38.028472),"1946","71-0",-97.543333,38.028472,173.2327576,"132-197"
"1417","Harvey",-12.26,NA,1946-06-03,380139097322702,79,0,c(-97.543333, 38.028472),"1946","71-0",-97.543333,38.028472,173.2327576,"132-197"
"1418","Harvey",-12.27,NA,1946-06-10,380139097322702,79,0,c(-97.543333, 38.028472),"1946","71-0",-97.543333,38.028472,173.2327576,"132-197"
"1419","Harvey",-12.31,NA,1946-06-17,380139097322702,79,0,c(-97.543333, 38.028472),"1946","71-0",-97.543333,38.028472,173.2327576,"132-197"
"1420","Harvey",-11.83,NA,1946-06-24,380139097322702,79,0,c(-97.543333, 38.028472),"1946","71-0",-97.543333,38.028472,173.2327576,"132-197"
"1421","Harvey",-11.93,NA,1946-07-01,380139097322702,79,0,c(-97.543333, 38.028472),"1946","71-0",-97.543333,38.028472,173.2327576,"132-197"
"1422","Harvey",-12.04,NA,1946-07-08,380139097322702,79,0,c(-97.543333, 38.028472),"1946","71-0",-97.543333,38.028472,173.2327576,"132-197"
"1423","Harvey",-14.31,NA,1946-07-15,380139097322702,79,0,c(-97.543333, 38.028472),"1946","71-0",-97.543333,38.028472,173.2327576,"132-197"
"1424","Harvey",-14.72,NA,1946-07-22,380139097322702,79,0,c(-97.543333, 38.028472),"1946","71-0",-97.543333,38.028472,173.2327576,"132-197"
"1425","Harvey",-14.86,NA,1946-07-29,380139097322702,79,0,c(-97.543333, 38.028472),"1946","71-0",-97.543333,38.028472,173.2327576,"132-197"
"1426","Harvey",-14.96,NA,1946-08-05,380139097322702,79,0,c(-97.543333, 38.028472),"1946","71-0",-97.543333,38.028472,173.2327576,"132-197"
"1427","Harvey",-14.84,NA,1946-08-12,380139097322702,79,0,c(-97.543333, 38.028472),"1946","71-0",-97.543333,38.028472,173.2327576,"132-197"
"1428","Harvey",-14.26,NA,1946-08-19,380139097322702,79,0,c(-97.543333, 38.028472),"1946","71-0",-97.543333,38.028472,173.2327576,"132-197"
"1429","Harvey",-14.54,NA,1946-08-26,380139097322702,79,0,c(-97.543333, 38.028472),"1946","71-0",-97.543333,38.028472,173.2327576,"132-197"
"1430","Harvey",-13.4,NA,1946-09-02,380139097322702,79,0,c(-97.543333, 38.028472),"1946","71-0",-97.543333,38.028472,173.2327576,"132-197"
"1431","Harvey",-12.67,NA,1946-09-09,380139097322702,79,0,c(-97.543333, 38.028472),"1946","71-0",-97.543333,38.028472,173.2327576,"132-197"
"1432","Harvey",-13.03,NA,1946-09-16,380139097322702,79,0,c(-97.543333, 38.028472),"1946","71-0",-97.543333,38.028472,173.2327576,"132-197"
"1433","Harvey",-14.53,NA,1946-09-23,380139097322702,79,0,c(-97.543333, 38.028472),"1946","71-0",-97.543333,38.028472,173.2327576,"132-197"
"1434","Harvey",-14.57,NA,1946-09-30,380139097322702,79,0,c(-97.543333, 38.028472),"1946","71-0",-97.543333,38.028472,173.2327576,"132-197"
"1435","Harvey",-13.74,NA,1946-10-07,380139097322702,79,0,c(-97.543333, 38.028472),"1946","71-0",-97.543333,38.028472,173.2327576,"132-197"
"1436","Harvey",-12.22,NA,1946-10-14,380139097322702,79,0,c(-97.543333, 38.028472),"1946","71-0",-97.543333,38.028472,173.2327576,"132-197"
"1437","Harvey",-13.73,NA,1946-10-21,380139097322702,79,0,c(-97.543333, 38.028472),"1946","71-0",-97.543333,38.028472,173.2327576,"132-197"
"1438","Harvey",-15.07,NA,1946-10-28,380139097322702,79,0,c(-97.543333, 38.028472),"1946","71-0",-97.543333,38.028472,173.2327576,"132-197"
"1439","Harvey",-14.34,NA,1946-11-04,380139097322702,79,0,c(-97.543333, 38.028472),"1946","71-0",-97.543333,38.028472,173.2327576,"132-197"
"1440","Harvey",-14.19,NA,1946-11-18,380139097322702,79,0,c(-97.543333, 38.028472),"1946","71-0",-97.543333,38.028472,173.2327576,"132-197"
"1441","Harvey",-13.41,NA,1946-11-25,380139097322702,79,0,c(-97.543333, 38.028472),"1946","71-0",-97.543333,38.028472,173.2327576,"132-197"
"1442","Harvey",-14.35,NA,1946-12-02,380139097322702,79,0,c(-97.543333, 38.028472),"1946","71-0",-97.543333,38.028472,173.2327576,"132-197"
"1443","Harvey",-13.37,NA,1946-12-09,380139097322702,79,0,c(-97.543333, 38.028472),"1946","71-0",-97.543333,38.028472,173.2327576,"132-197"
"1444","Harvey",-13.11,NA,1946-12-16,380139097322702,79,0,c(-97.543333, 38.028472),"1946","71-0",-97.543333,38.028472,173.2327576,"132-197"
"1445","Harvey",-12.6,NA,1946-12-23,380139097322702,79,0,c(-97.543333, 38.028472),"1946","71-0",-97.543333,38.028472,173.2327576,"132-197"
"1446","Harvey",-12.63,NA,1946-12-30,380139097322702,79,0,c(-97.543333, 38.028472),"1946","71-0",-97.543333,38.028472,173.2327576,"132-197"
"1447","Harvey",-28.26,NA,1946-01-04,375744097330701,79,0,c(-97.554722, 37.962778),"1946","71-0",-97.554722,37.962778,193.4259491,"132-197"
"1448","Harvey",-20.18,NA,1946-02-06,375744097330701,79,0,c(-97.554722, 37.962778),"1946","71-0",-97.554722,37.962778,193.4259491,"132-197"
"1449","Harvey",-20.6,NA,1946-03-07,375744097330701,79,0,c(-97.554722, 37.962778),"1946","71-0",-97.554722,37.962778,193.4259491,"132-197"
"1450","Harvey",-20.35,NA,1946-04-03,375744097330701,79,0,c(-97.554722, 37.962778),"1946","71-0",-97.554722,37.962778,193.4259491,"132-197"
"1451","Harvey",-29.02,NA,1946-04-30,375744097330701,79,0,c(-97.554722, 37.962778),"1946","71-0",-97.554722,37.962778,193.4259491,"132-197"
"1452","Harvey",-21.45,NA,1946-05-29,375744097330701,79,0,c(-97.554722, 37.962778),"1946","71-0",-97.554722,37.962778,193.4259491,"132-197"
"1453","Harvey",-30.3,NA,1946-07-03,375744097330701,79,0,c(-97.554722, 37.962778),"1946","71-0",-97.554722,37.962778,193.4259491,"132-197"
"1454","Harvey",-31.78,NA,1946-08-01,375744097330701,79,0,c(-97.554722, 37.962778),"1946","71-0",-97.554722,37.962778,193.4259491,"132-197"
"1455","Harvey",-23.89,NA,1946-08-27,375744097330701,79,0,c(-97.554722, 37.962778),"1946","71-0",-97.554722,37.962778,193.4259491,"132-197"
"1456","Harvey",-31.35,NA,1946-09-25,375744097330701,79,0,c(-97.554722, 37.962778),"1946","71-0",-97.554722,37.962778,193.4259491,"132-197"
"1457","Harvey",-23.82,NA,1946-11-08,375744097330701,79,0,c(-97.554722, 37.962778),"1946","71-0",-97.554722,37.962778,193.4259491,"132-197"
"1458","Harvey",-21.69,NA,1946-12-04,375744097330701,79,0,c(-97.554722, 37.962778),"1946","71-0",-97.554722,37.962778,193.4259491,"132-197"
"1459","Harvey",-39.25,NA,1946-01-04,375843097341301,79,0,c(-97.573194, 37.978472),"1946","71-0",-97.573194,37.978472,209.1830292,"198-262"
"1460","Harvey",-39.39,NA,1946-02-06,375843097341301,79,0,c(-97.573194, 37.978472),"1946","71-0",-97.573194,37.978472,209.1830292,"198-262"
"1461","Harvey",-41.3,NA,1946-03-07,375843097341301,79,0,c(-97.573194, 37.978472),"1946","71-0",-97.573194,37.978472,209.1830292,"198-262"
"1462","Harvey",-40.58,NA,1946-04-03,375843097341301,79,0,c(-97.573194, 37.978472),"1946","71-0",-97.573194,37.978472,209.1830292,"198-262"
"1463","Harvey",-22.05,NA,1946-04-30,375843097341301,79,0,c(-97.573194, 37.978472),"1946","71-0",-97.573194,37.978472,209.1830292,"198-262"
"1464","Harvey",-22.46,NA,1946-05-29,375843097341301,79,0,c(-97.573194, 37.978472),"1946","71-0",-97.573194,37.978472,209.1830292,"198-262"
"1465","Harvey",-42.44,NA,1946-07-03,375843097341301,79,0,c(-97.573194, 37.978472),"1946","71-0",-97.573194,37.978472,209.1830292,"198-262"
"1466","Harvey",-41.86,NA,1946-08-01,375843097341301,79,0,c(-97.573194, 37.978472),"1946","71-0",-97.573194,37.978472,209.1830292,"198-262"
"1467","Harvey",-44.39,NA,1946-08-27,375843097341301,79,0,c(-97.573194, 37.978472),"1946","71-0",-97.573194,37.978472,209.1830292,"198-262"
"1468","Harvey",-23.48,NA,1946-09-25,375843097341301,79,0,c(-97.573194, 37.978472),"1946","71-0",-97.573194,37.978472,209.1830292,"198-262"
"1469","Harvey",-40.35,NA,1946-11-08,375843097341301,79,0,c(-97.573194, 37.978472),"1946","71-0",-97.573194,37.978472,209.1830292,"198-262"
"1470","Harvey",-22.04,NA,1946-12-04,375843097341301,79,0,c(-97.573194, 37.978472),"1946","71-0",-97.573194,37.978472,209.1830292,"198-262"
"1471","Harvey",-19.26,NA,1946-01-07,375955097351901,79,0,c(-97.591806, 37.999444),"1946","71-0",-97.591806,37.999444,218.9234009,"198-262"
"1472","Harvey",-19.24,NA,1946-01-14,375955097351901,79,0,c(-97.591806, 37.999444),"1946","71-0",-97.591806,37.999444,218.9234009,"198-262"
"1473","Harvey",-19.22,NA,1946-01-21,375955097351901,79,0,c(-97.591806, 37.999444),"1946","71-0",-97.591806,37.999444,218.9234009,"198-262"
"1474","Harvey",-19.23,NA,1946-01-28,375955097351901,79,0,c(-97.591806, 37.999444),"1946","71-0",-97.591806,37.999444,218.9234009,"198-262"
"1475","Harvey",-19.68,NA,1946-02-01,375955097351901,79,0,c(-97.591806, 37.999444),"1946","71-0",-97.591806,37.999444,218.9234009,"198-262"
"1476","Harvey",-19.68,NA,1946-02-04,375955097351901,79,0,c(-97.591806, 37.999444),"1946","71-0",-97.591806,37.999444,218.9234009,"198-262"
"1477","Harvey",-19.72,NA,1946-02-11,375955097351901,79,0,c(-97.591806, 37.999444),"1946","71-0",-97.591806,37.999444,218.9234009,"198-262"
"1478","Harvey",-19.74,NA,1946-02-18,375955097351901,79,0,c(-97.591806, 37.999444),"1946","71-0",-97.591806,37.999444,218.9234009,"198-262"
"1479","Harvey",-19.73,NA,1946-02-25,375955097351901,79,0,c(-97.591806, 37.999444),"1946","71-0",-97.591806,37.999444,218.9234009,"198-262"
"1480","Harvey",-19.74,NA,1946-03-04,375955097351901,79,0,c(-97.591806, 37.999444),"1946","71-0",-97.591806,37.999444,218.9234009,"198-262"
"1481","Harvey",-19.42,NA,1946-03-11,375955097351901,79,0,c(-97.591806, 37.999444),"1946","71-0",-97.591806,37.999444,218.9234009,"198-262"
"1482","Harvey",-19.67,NA,1946-03-18,375955097351901,79,0,c(-97.591806, 37.999444),"1946","71-0",-97.591806,37.999444,218.9234009,"198-262"
"1483","Harvey",-18.74,NA,1946-03-25,375955097351901,79,0,c(-97.591806, 37.999444),"1946","71-0",-97.591806,37.999444,218.9234009,"198-262"
"1484","Harvey",-19.79,NA,1946-04-01,375955097351901,79,0,c(-97.591806, 37.999444),"1946","71-0",-97.591806,37.999444,218.9234009,"198-262"
"1485","Harvey",-19.73,NA,1946-04-08,375955097351901,79,0,c(-97.591806, 37.999444),"1946","71-0",-97.591806,37.999444,218.9234009,"198-262"
"1486","Harvey",-19.76,NA,1946-04-15,375955097351901,79,0,c(-97.591806, 37.999444),"1946","71-0",-97.591806,37.999444,218.9234009,"198-262"
"1487","Harvey",-19.77,NA,1946-04-22,375955097351901,79,0,c(-97.591806, 37.999444),"1946","71-0",-97.591806,37.999444,218.9234009,"198-262"
"1488","Harvey",-19.81,NA,1946-04-29,375955097351901,79,0,c(-97.591806, 37.999444),"1946","71-0",-97.591806,37.999444,218.9234009,"198-262"
"1489","Harvey",-19.82,NA,1946-05-06,375955097351901,79,0,c(-97.591806, 37.999444),"1946","71-0",-97.591806,37.999444,218.9234009,"198-262"
"1490","Harvey",-19.81,NA,1946-05-13,375955097351901,79,0,c(-97.591806, 37.999444),"1946","71-0",-97.591806,37.999444,218.9234009,"198-262"
"1491","Harvey",-20.05,NA,1946-05-20,375955097351901,79,0,c(-97.591806, 37.999444),"1946","71-0",-97.591806,37.999444,218.9234009,"198-262"
"1492","Harvey",-20.12,NA,1946-05-27,375955097351901,79,0,c(-97.591806, 37.999444),"1946","71-0",-97.591806,37.999444,218.9234009,"198-262"
"1493","Harvey",-20.17,NA,1946-06-03,375955097351901,79,0,c(-97.591806, 37.999444),"1946","71-0",-97.591806,37.999444,218.9234009,"198-262"
"1494","Harvey",-20.22,NA,1946-06-17,375955097351901,79,0,c(-97.591806, 37.999444),"1946","71-0",-97.591806,37.999444,218.9234009,"198-262"
"1495","Harvey",-20.12,NA,1946-07-01,375955097351901,79,0,c(-97.591806, 37.999444),"1946","71-0",-97.591806,37.999444,218.9234009,"198-262"
"1496","Harvey",-20.18,NA,1946-07-08,375955097351901,79,0,c(-97.591806, 37.999444),"1946","71-0",-97.591806,37.999444,218.9234009,"198-262"
"1497","Harvey",-20.26,NA,1946-07-15,375955097351901,79,0,c(-97.591806, 37.999444),"1946","71-0",-97.591806,37.999444,218.9234009,"198-262"
"1498","Harvey",-20.36,NA,1946-07-22,375955097351901,79,0,c(-97.591806, 37.999444),"1946","71-0",-97.591806,37.999444,218.9234009,"198-262"
"1499","Harvey",-20.36,NA,1946-07-29,375955097351901,79,0,c(-97.591806, 37.999444),"1946","71-0",-97.591806,37.999444,218.9234009,"198-262"
"1500","Harvey",-20.38,NA,1946-08-05,375955097351901,79,0,c(-97.591806, 37.999444),"1946","71-0",-97.591806,37.999444,218.9234009,"198-262"
"1501","Harvey",-20.43,NA,1946-08-12,375955097351901,79,0,c(-97.591806, 37.999444),"1946","71-0",-97.591806,37.999444,218.9234009,"198-262"
"1502","Harvey",-20.49,NA,1946-08-19,375955097351901,79,0,c(-97.591806, 37.999444),"1946","71-0",-97.591806,37.999444,218.9234009,"198-262"
"1503","Harvey",-20.42,NA,1946-08-26,375955097351901,79,0,c(-97.591806, 37.999444),"1946","71-0",-97.591806,37.999444,218.9234009,"198-262"
"1504","Harvey",-20.62,NA,1946-09-02,375955097351901,79,0,c(-97.591806, 37.999444),"1946","71-0",-97.591806,37.999444,218.9234009,"198-262"
"1505","Harvey",-20.32,NA,1946-09-09,375955097351901,79,0,c(-97.591806, 37.999444),"1946","71-0",-97.591806,37.999444,218.9234009,"198-262"
"1506","Harvey",-20.73,NA,1946-09-16,375955097351901,79,0,c(-97.591806, 37.999444),"1946","71-0",-97.591806,37.999444,218.9234009,"198-262"
"1507","Harvey",-20.78,NA,1946-09-23,375955097351901,79,0,c(-97.591806, 37.999444),"1946","71-0",-97.591806,37.999444,218.9234009,"198-262"
"1508","Harvey",-20.8,NA,1946-09-30,375955097351901,79,0,c(-97.591806, 37.999444),"1946","71-0",-97.591806,37.999444,218.9234009,"198-262"
"1509","Harvey",-20.87,NA,1946-10-07,375955097351901,79,0,c(-97.591806, 37.999444),"1946","71-0",-97.591806,37.999444,218.9234009,"198-262"
"1510","Harvey",-20.89,NA,1946-10-14,375955097351901,79,0,c(-97.591806, 37.999444),"1946","71-0",-97.591806,37.999444,218.9234009,"198-262"
"1511","Harvey",-20.96,NA,1946-10-21,375955097351901,79,0,c(-97.591806, 37.999444),"1946","71-0",-97.591806,37.999444,218.9234009,"198-262"
"1512","Harvey",-21.02,NA,1946-10-28,375955097351901,79,0,c(-97.591806, 37.999444),"1946","71-0",-97.591806,37.999444,218.9234009,"198-262"
"1513","Harvey",-21.02,NA,1946-11-04,375955097351901,79,0,c(-97.591806, 37.999444),"1946","71-0",-97.591806,37.999444,218.9234009,"198-262"
"1514","Harvey",-21.1,NA,1946-11-18,375955097351901,79,0,c(-97.591806, 37.999444),"1946","71-0",-97.591806,37.999444,218.9234009,"198-262"
"1515","Harvey",-21.14,NA,1946-11-25,375955097351901,79,0,c(-97.591806, 37.999444),"1946","71-0",-97.591806,37.999444,218.9234009,"198-262"
"1516","Harvey",-20.96,NA,1946-12-02,375955097351901,79,0,c(-97.591806, 37.999444),"1946","71-0",-97.591806,37.999444,218.9234009,"198-262"
"1517","Harvey",-20.94,NA,1946-12-09,375955097351901,79,0,c(-97.591806, 37.999444),"1946","71-0",-97.591806,37.999444,218.9234009,"198-262"
"1518","Harvey",-20.9,NA,1946-12-16,375955097351901,79,0,c(-97.591806, 37.999444),"1946","71-0",-97.591806,37.999444,218.9234009,"198-262"
"1519","Harvey",-21.14,NA,1946-12-23,375955097351901,79,0,c(-97.591806, 37.999444),"1946","71-0",-97.591806,37.999444,218.9234009,"198-262"
"1520","Harvey",-21.22,NA,1946-12-30,375955097351901,79,0,c(-97.591806, 37.999444),"1946","71-0",-97.591806,37.999444,218.9234009,"198-262"
"1521","Harvey",-40.02,NA,1946-01-05,375513097295901,79,0,c(-97.50125, 37.920139),"1946","71-0",-97.50125,37.920139,170.8976288,"132-197"
"1522","Harvey",-10.56,NA,1946-02-05,375513097295901,79,0,c(-97.50125, 37.920139),"1946","71-0",-97.50125,37.920139,170.8976288,"132-197"
"1523","Harvey",-42.54,NA,1946-03-07,375513097295901,79,0,c(-97.50125, 37.920139),"1946","71-0",-97.50125,37.920139,170.8976288,"132-197"
"1524","Harvey",-41.7,NA,1946-04-03,375513097295901,79,0,c(-97.50125, 37.920139),"1946","71-0",-97.50125,37.920139,170.8976288,"132-197"
"1525","Harvey",-43.02,NA,1946-04-30,375513097295901,79,0,c(-97.50125, 37.920139),"1946","71-0",-97.50125,37.920139,170.8976288,"132-197"
"1526","Harvey",-13.39,NA,1946-05-29,375513097295901,79,0,c(-97.50125, 37.920139),"1946","71-0",-97.50125,37.920139,170.8976288,"132-197"
"1527","Harvey",-14.44,NA,1946-07-03,375513097295901,79,0,c(-97.50125, 37.920139),"1946","71-0",-97.50125,37.920139,170.8976288,"132-197"
"1528","Harvey",-48.79,NA,1946-08-01,375513097295901,79,0,c(-97.50125, 37.920139),"1946","71-0",-97.50125,37.920139,170.8976288,"132-197"
"1529","Harvey",-45.3,NA,1946-08-27,375513097295901,79,0,c(-97.50125, 37.920139),"1946","71-0",-97.50125,37.920139,170.8976288,"132-197"
"1530","Harvey",-48.98,NA,1946-09-25,375513097295901,79,0,c(-97.50125, 37.920139),"1946","71-0",-97.50125,37.920139,170.8976288,"132-197"
"1531","Harvey",-14.79,NA,1946-11-08,375513097295901,79,0,c(-97.50125, 37.920139),"1946","71-0",-97.50125,37.920139,170.8976288,"132-197"
"1532","Harvey",-41.62,NA,1946-12-04,375513097295901,79,0,c(-97.50125, 37.920139),"1946","71-0",-97.50125,37.920139,170.8976288,"132-197"
"1533","Sedgwick",-9.9,NA,1946-01-05,375415097295101,173,0,c(-97.500278, 37.905139),"1946","71-0",-97.500278,37.905139,171.8778381,"132-197"
"1534","Sedgwick",-9.73,NA,1946-01-10,375415097295101,173,0,c(-97.500278, 37.905139),"1946","71-0",-97.500278,37.905139,171.8778381,"132-197"
"1535","Sedgwick",-9.67,NA,1946-01-15,375415097295101,173,0,c(-97.500278, 37.905139),"1946","71-0",-97.500278,37.905139,171.8778381,"132-197"
"1536","Sedgwick",-9.69,NA,1946-01-20,375415097295101,173,0,c(-97.500278, 37.905139),"1946","71-0",-97.500278,37.905139,171.8778381,"132-197"
"1537","Sedgwick",-9.69,NA,1946-01-25,375415097295101,173,0,c(-97.500278, 37.905139),"1946","71-0",-97.500278,37.905139,171.8778381,"132-197"
"1538","Sedgwick",-9.71,NA,1946-01-30,375415097295101,173,0,c(-97.500278, 37.905139),"1946","71-0",-97.500278,37.905139,171.8778381,"132-197"
"1539","Sedgwick",-9.73,NA,1946-02-05,375415097295101,173,0,c(-97.500278, 37.905139),"1946","71-0",-97.500278,37.905139,171.8778381,"132-197"
"1540","Sedgwick",-9.85,NA,1946-02-10,375415097295101,173,0,c(-97.500278, 37.905139),"1946","71-0",-97.500278,37.905139,171.8778381,"132-197"
"1541","Sedgwick",-9.92,NA,1946-02-15,375415097295101,173,0,c(-97.500278, 37.905139),"1946","71-0",-97.500278,37.905139,171.8778381,"132-197"
"1542","Sedgwick",-9.99,NA,1946-02-20,375415097295101,173,0,c(-97.500278, 37.905139),"1946","71-0",-97.500278,37.905139,171.8778381,"132-197"
"1543","Sedgwick",-9.97,NA,1946-02-25,375415097295101,173,0,c(-97.500278, 37.905139),"1946","71-0",-97.500278,37.905139,171.8778381,"132-197"
"1544","Sedgwick",-10.04,NA,1946-03-05,375415097295101,173,0,c(-97.500278, 37.905139),"1946","71-0",-97.500278,37.905139,171.8778381,"132-197"
"1545","Sedgwick",-10.06,NA,1946-03-10,375415097295101,173,0,c(-97.500278, 37.905139),"1946","71-0",-97.500278,37.905139,171.8778381,"132-197"
"1546","Sedgwick",-9.95,NA,1946-03-15,375415097295101,173,0,c(-97.500278, 37.905139),"1946","71-0",-97.500278,37.905139,171.8778381,"132-197"
"1547","Sedgwick",-10.11,NA,1946-03-20,375415097295101,173,0,c(-97.500278, 37.905139),"1946","71-0",-97.500278,37.905139,171.8778381,"132-197"
"1548","Sedgwick",-10.11,NA,1946-03-25,375415097295101,173,0,c(-97.500278, 37.905139),"1946","71-0",-97.500278,37.905139,171.8778381,"132-197"
"1549","Sedgwick",-10.19,NA,1946-03-30,375415097295101,173,0,c(-97.500278, 37.905139),"1946","71-0",-97.500278,37.905139,171.8778381,"132-197"
"1550","Sedgwick",-10.26,NA,1946-04-05,375415097295101,173,0,c(-97.500278, 37.905139),"1946","71-0",-97.500278,37.905139,171.8778381,"132-197"
"1551","Sedgwick",-10.33,NA,1946-04-10,375415097295101,173,0,c(-97.500278, 37.905139),"1946","71-0",-97.500278,37.905139,171.8778381,"132-197"
"1552","Sedgwick",-10.34,NA,1946-04-15,375415097295101,173,0,c(-97.500278, 37.905139),"1946","71-0",-97.500278,37.905139,171.8778381,"132-197"
"1553","Sedgwick",-10.36,NA,1946-04-20,375415097295101,173,0,c(-97.500278, 37.905139),"1946","71-0",-97.500278,37.905139,171.8778381,"132-197"
"1554","Sedgwick",-10.39,NA,1946-04-25,375415097295101,173,0,c(-97.500278, 37.905139),"1946","71-0",-97.500278,37.905139,171.8778381,"132-197"
"1555","Sedgwick",-10.42,NA,1946-04-30,375415097295101,173,0,c(-97.500278, 37.905139),"1946","71-0",-97.500278,37.905139,171.8778381,"132-197"
"1556","Sedgwick",-10.45,NA,1946-05-05,375415097295101,173,0,c(-97.500278, 37.905139),"1946","71-0",-97.500278,37.905139,171.8778381,"132-197"
"1557","Sedgwick",-10.48,NA,1946-05-10,375415097295101,173,0,c(-97.500278, 37.905139),"1946","71-0",-97.500278,37.905139,171.8778381,"132-197"
"1558","Sedgwick",-10.46,NA,1946-05-15,375415097295101,173,0,c(-97.500278, 37.905139),"1946","71-0",-97.500278,37.905139,171.8778381,"132-197"
"1559","Sedgwick",-10.53,NA,1946-05-20,375415097295101,173,0,c(-97.500278, 37.905139),"1946","71-0",-97.500278,37.905139,171.8778381,"132-197"
"1560","Sedgwick",-10.61,NA,1946-05-25,375415097295101,173,0,c(-97.500278, 37.905139),"1946","71-0",-97.500278,37.905139,171.8778381,"132-197"
"1561","Sedgwick",-10.67,NA,1946-05-30,375415097295101,173,0,c(-97.500278, 37.905139),"1946","71-0",-97.500278,37.905139,171.8778381,"132-197"
"1562","Sedgwick",-10.82,NA,1946-06-05,375415097295101,173,0,c(-97.500278, 37.905139),"1946","71-0",-97.500278,37.905139,171.8778381,"132-197"
"1563","Sedgwick",-11.03,NA,1946-06-10,375415097295101,173,0,c(-97.500278, 37.905139),"1946","71-0",-97.500278,37.905139,171.8778381,"132-197"
"1564","Sedgwick",-11.22,NA,1946-06-15,375415097295101,173,0,c(-97.500278, 37.905139),"1946","71-0",-97.500278,37.905139,171.8778381,"132-197"
"1565","Sedgwick",-11.25,NA,1946-06-20,375415097295101,173,0,c(-97.500278, 37.905139),"1946","71-0",-97.500278,37.905139,171.8778381,"132-197"
"1566","Sedgwick",-11.32,NA,1946-06-25,375415097295101,173,0,c(-97.500278, 37.905139),"1946","71-0",-97.500278,37.905139,171.8778381,"132-197"
"1567","Sedgwick",-11.44,NA,1946-06-30,375415097295101,173,0,c(-97.500278, 37.905139),"1946","71-0",-97.500278,37.905139,171.8778381,"132-197"
"1568","Sedgwick",-11.56,NA,1946-07-05,375415097295101,173,0,c(-97.500278, 37.905139),"1946","71-0",-97.500278,37.905139,171.8778381,"132-197"
"1569","Sedgwick",-11.69,NA,1946-07-10,375415097295101,173,0,c(-97.500278, 37.905139),"1946","71-0",-97.500278,37.905139,171.8778381,"132-197"
"1570","Sedgwick",-11.82,NA,1946-07-15,375415097295101,173,0,c(-97.500278, 37.905139),"1946","71-0",-97.500278,37.905139,171.8778381,"132-197"
"1571","Sedgwick",-12,NA,1946-07-20,375415097295101,173,0,c(-97.500278, 37.905139),"1946","71-0",-97.500278,37.905139,171.8778381,"132-197"
"1572","Sedgwick",-12.17,NA,1946-07-25,375415097295101,173,0,c(-97.500278, 37.905139),"1946","71-0",-97.500278,37.905139,171.8778381,"132-197"
"1573","Sedgwick",-12.32,NA,1946-07-30,375415097295101,173,0,c(-97.500278, 37.905139),"1946","71-0",-97.500278,37.905139,171.8778381,"132-197"
"1574","Sedgwick",-12.48,NA,1946-08-05,375415097295101,173,0,c(-97.500278, 37.905139),"1946","71-0",-97.500278,37.905139,171.8778381,"132-197"
"1575","Sedgwick",-12.65,NA,1946-08-10,375415097295101,173,0,c(-97.500278, 37.905139),"1946","71-0",-97.500278,37.905139,171.8778381,"132-197"
"1576","Sedgwick",-12.71,NA,1946-08-15,375415097295101,173,0,c(-97.500278, 37.905139),"1946","71-0",-97.500278,37.905139,171.8778381,"132-197"
"1577","Sedgwick",-12.82,NA,1946-08-20,375415097295101,173,0,c(-97.500278, 37.905139),"1946","71-0",-97.500278,37.905139,171.8778381,"132-197"
"1578","Sedgwick",-12.89,NA,1946-08-25,375415097295101,173,0,c(-97.500278, 37.905139),"1946","71-0",-97.500278,37.905139,171.8778381,"132-197"
"1579","Sedgwick",-12.96,NA,1946-08-30,375415097295101,173,0,c(-97.500278, 37.905139),"1946","71-0",-97.500278,37.905139,171.8778381,"132-197"
"1580","Sedgwick",-13.08,NA,1946-09-05,375415097295101,173,0,c(-97.500278, 37.905139),"1946","71-0",-97.500278,37.905139,171.8778381,"132-197"
"1581","Sedgwick",-13.16,NA,1946-09-10,375415097295101,173,0,c(-97.500278, 37.905139),"1946","71-0",-97.500278,37.905139,171.8778381,"132-197"
"1582","Sedgwick",-13.21,NA,1946-09-15,375415097295101,173,0,c(-97.500278, 37.905139),"1946","71-0",-97.500278,37.905139,171.8778381,"132-197"
"1583","Sedgwick",-13.25,NA,1946-09-20,375415097295101,173,0,c(-97.500278, 37.905139),"1946","71-0",-97.500278,37.905139,171.8778381,"132-197"
"1584","Sedgwick",-13.28,NA,1946-09-25,375415097295101,173,0,c(-97.500278, 37.905139),"1946","71-0",-97.500278,37.905139,171.8778381,"132-197"
"1585","Sedgwick",-13.38,NA,1946-09-30,375415097295101,173,0,c(-97.500278, 37.905139),"1946","71-0",-97.500278,37.905139,171.8778381,"132-197"
"1586","Sedgwick",-13.58,NA,1946-10-05,375415097295101,173,0,c(-97.500278, 37.905139),"1946","71-0",-97.500278,37.905139,171.8778381,"132-197"
"1587","Sedgwick",-13.57,NA,1946-10-10,375415097295101,173,0,c(-97.500278, 37.905139),"1946","71-0",-97.500278,37.905139,171.8778381,"132-197"
"1588","Sedgwick",-13.62,NA,1946-10-15,375415097295101,173,0,c(-97.500278, 37.905139),"1946","71-0",-97.500278,37.905139,171.8778381,"132-197"
"1589","Sedgwick",-13.65,NA,1946-10-20,375415097295101,173,0,c(-97.500278, 37.905139),"1946","71-0",-97.500278,37.905139,171.8778381,"132-197"
"1590","Sedgwick",-13.69,NA,1946-10-25,375415097295101,173,0,c(-97.500278, 37.905139),"1946","71-0",-97.500278,37.905139,171.8778381,"132-197"
"1591","Sedgwick",-13.75,NA,1946-10-30,375415097295101,173,0,c(-97.500278, 37.905139),"1946","71-0",-97.500278,37.905139,171.8778381,"132-197"
"1592","Sedgwick",-13.78,NA,1946-11-10,375415097295101,173,0,c(-97.500278, 37.905139),"1946","71-0",-97.500278,37.905139,171.8778381,"132-197"
"1593","Sedgwick",-13.81,NA,1946-11-15,375415097295101,173,0,c(-97.500278, 37.905139),"1946","71-0",-97.500278,37.905139,171.8778381,"132-197"
"1594","Sedgwick",-13.85,NA,1946-11-20,375415097295101,173,0,c(-97.500278, 37.905139),"1946","71-0",-97.500278,37.905139,171.8778381,"132-197"
"1595","Sedgwick",-13.91,NA,1946-11-25,375415097295101,173,0,c(-97.500278, 37.905139),"1946","71-0",-97.500278,37.905139,171.8778381,"132-197"
"1596","Sedgwick",-13.95,NA,1946-11-30,375415097295101,173,0,c(-97.500278, 37.905139),"1946","71-0",-97.500278,37.905139,171.8778381,"132-197"
"1597","Sedgwick",-14.11,NA,1946-12-25,375415097295101,173,0,c(-97.500278, 37.905139),"1946","71-0",-97.500278,37.905139,171.8778381,"132-197"
"1598","Sedgwick",-16.06,NA,1946-12-30,375415097295101,173,0,c(-97.500278, 37.905139),"1946","71-0",-97.500278,37.905139,171.8778381,"132-197"
"1599","Harvey",-13.15,NA,1946-01-05,375632097313702,79,0,c(-97.530278, 37.941528),"1946","71-0",-97.530278,37.941528,175.8279266,"132-197"
"1600","Harvey",-18.68,NA,1946-02-06,375632097313702,79,0,c(-97.530278, 37.941528),"1946","71-0",-97.530278,37.941528,175.8279266,"132-197"
"1601","Harvey",-15.85,NA,1946-03-07,375632097313702,79,0,c(-97.530278, 37.941528),"1946","71-0",-97.530278,37.941528,175.8279266,"132-197"
"1602","Harvey",-14.2,NA,1946-04-03,375632097313702,79,0,c(-97.530278, 37.941528),"1946","71-0",-97.530278,37.941528,175.8279266,"132-197"
"1603","Harvey",-13.98,NA,1946-04-30,375632097313702,79,0,c(-97.530278, 37.941528),"1946","71-0",-97.530278,37.941528,175.8279266,"132-197"
"1604","Harvey",-21.36,NA,1946-05-29,375632097313702,79,0,c(-97.530278, 37.941528),"1946","71-0",-97.530278,37.941528,175.8279266,"132-197"
"1605","Harvey",-21.98,NA,1946-07-03,375632097313702,79,0,c(-97.530278, 37.941528),"1946","71-0",-97.530278,37.941528,175.8279266,"132-197"
"1606","Harvey",-23.64,NA,1946-08-01,375632097313702,79,0,c(-97.530278, 37.941528),"1946","71-0",-97.530278,37.941528,175.8279266,"132-197"
"1607","Harvey",-17.39,NA,1946-08-27,375632097313702,79,0,c(-97.530278, 37.941528),"1946","71-0",-97.530278,37.941528,175.8279266,"132-197"
"1608","Harvey",-23,NA,1946-09-25,375632097313702,79,0,c(-97.530278, 37.941528),"1946","71-0",-97.530278,37.941528,175.8279266,"132-197"
"1609","Harvey",-23.44,NA,1946-11-08,375632097313702,79,0,c(-97.530278, 37.941528),"1946","71-0",-97.530278,37.941528,175.8279266,"132-197"
"1610","Harvey",-24.35,NA,1946-12-04,375632097313702,79,0,c(-97.530278, 37.941528),"1946","71-0",-97.530278,37.941528,175.8279266,"132-197"
"1611","Harvey",-1.89,NA,1946-01-02,375448097405502,79,0,c(-97.683889, 37.9125),"1946","71-0",-97.683889,37.9125,223.3004761,"198-262"
"1612","Harvey",-1.67,NA,1946-02-05,375448097405502,79,0,c(-97.683889, 37.9125),"1946","71-0",-97.683889,37.9125,223.3004761,"198-262"
"1613","Harvey",-1.61,NA,1946-03-06,375448097405502,79,0,c(-97.683889, 37.9125),"1946","71-0",-97.683889,37.9125,223.3004761,"198-262"
"1614","Harvey",-1.85,NA,1946-04-02,375448097405502,79,0,c(-97.683889, 37.9125),"1946","71-0",-97.683889,37.9125,223.3004761,"198-262"
"1615","Harvey",-2.35,NA,1946-05-02,375448097405502,79,0,c(-97.683889, 37.9125),"1946","71-0",-97.683889,37.9125,223.3004761,"198-262"
"1616","Harvey",-2.73,NA,1946-05-28,375448097405502,79,0,c(-97.683889, 37.9125),"1946","71-0",-97.683889,37.9125,223.3004761,"198-262"
"1617","Harvey",-2.92,NA,1946-07-02,375448097405502,79,0,c(-97.683889, 37.9125),"1946","71-0",-97.683889,37.9125,223.3004761,"198-262"
"1618","Harvey",-3.69,NA,1946-07-30,375448097405502,79,0,c(-97.683889, 37.9125),"1946","71-0",-97.683889,37.9125,223.3004761,"198-262"
"1619","Harvey",-3.82,NA,1946-09-26,375448097405502,79,0,c(-97.683889, 37.9125),"1946","71-0",-97.683889,37.9125,223.3004761,"198-262"
"1620","Harvey",-3.64,NA,1946-11-06,375448097405502,79,0,c(-97.683889, 37.9125),"1946","71-0",-97.683889,37.9125,223.3004761,"198-262"
"1621","Harvey",-2.79,NA,1946-12-03,375448097405502,79,0,c(-97.683889, 37.9125),"1946","71-0",-97.683889,37.9125,223.3004761,"198-262"
"1622","Harvey",-2.61,NA,1946-12-31,375448097405502,79,0,c(-97.683889, 37.9125),"1946","71-0",-97.683889,37.9125,223.3004761,"198-262"
"1623","Sedgwick",-4.2,NA,1946-01-07,375355097320101,173,0,c(-97.536667, 37.898056),"1946","71-0",-97.536667,37.898056,198.6500854,"198-262"
"1624","Sedgwick",-4.2,NA,1946-01-14,375355097320101,173,0,c(-97.536667, 37.898056),"1946","71-0",-97.536667,37.898056,198.6500854,"198-262"
"1625","Sedgwick",-4.16,NA,1946-01-21,375355097320101,173,0,c(-97.536667, 37.898056),"1946","71-0",-97.536667,37.898056,198.6500854,"198-262"
"1626","Sedgwick",-4.21,NA,1946-01-28,375355097320101,173,0,c(-97.536667, 37.898056),"1946","71-0",-97.536667,37.898056,198.6500854,"198-262"
"1627","Sedgwick",-3.72,NA,1946-02-04,375355097320101,173,0,c(-97.536667, 37.898056),"1946","71-0",-97.536667,37.898056,198.6500854,"198-262"
"1628","Sedgwick",-3.62,NA,1946-02-11,375355097320101,173,0,c(-97.536667, 37.898056),"1946","71-0",-97.536667,37.898056,198.6500854,"198-262"
"1629","Sedgwick",-3.6,NA,1946-02-18,375355097320101,173,0,c(-97.536667, 37.898056),"1946","71-0",-97.536667,37.898056,198.6500854,"198-262"
"1630","Sedgwick",-3.43,NA,1946-02-25,375355097320101,173,0,c(-97.536667, 37.898056),"1946","71-0",-97.536667,37.898056,198.6500854,"198-262"
"1631","Sedgwick",-3.71,NA,1946-03-01,375355097320101,173,0,c(-97.536667, 37.898056),"1946","71-0",-97.536667,37.898056,198.6500854,"198-262"
"1632","Sedgwick",-3.77,NA,1946-03-04,375355097320101,173,0,c(-97.536667, 37.898056),"1946","71-0",-97.536667,37.898056,198.6500854,"198-262"
"1633","Sedgwick",-3.74,NA,1946-03-18,375355097320101,173,0,c(-97.536667, 37.898056),"1946","71-0",-97.536667,37.898056,198.6500854,"198-262"
"1634","Sedgwick",-3.67,NA,1946-03-25,375355097320101,173,0,c(-97.536667, 37.898056),"1946","71-0",-97.536667,37.898056,198.6500854,"198-262"
"1635","Sedgwick",-3.22,NA,1946-04-01,375355097320101,173,0,c(-97.536667, 37.898056),"1946","71-0",-97.536667,37.898056,198.6500854,"198-262"
"1636","Sedgwick",-3.34,NA,1946-04-08,375355097320101,173,0,c(-97.536667, 37.898056),"1946","71-0",-97.536667,37.898056,198.6500854,"198-262"
"1637","Sedgwick",-3.36,NA,1946-04-15,375355097320101,173,0,c(-97.536667, 37.898056),"1946","71-0",-97.536667,37.898056,198.6500854,"198-262"
"1638","Sedgwick",-3.38,NA,1946-04-22,375355097320101,173,0,c(-97.536667, 37.898056),"1946","71-0",-97.536667,37.898056,198.6500854,"198-262"
"1639","Sedgwick",-3.78,NA,1946-04-29,375355097320101,173,0,c(-97.536667, 37.898056),"1946","71-0",-97.536667,37.898056,198.6500854,"198-262"
"1640","Sedgwick",-3.82,NA,1946-05-06,375355097320101,173,0,c(-97.536667, 37.898056),"1946","71-0",-97.536667,37.898056,198.6500854,"198-262"
"1641","Sedgwick",-3.76,NA,1946-05-13,375355097320101,173,0,c(-97.536667, 37.898056),"1946","71-0",-97.536667,37.898056,198.6500854,"198-262"
"1642","Sedgwick",-4.87,NA,1946-05-20,375355097320101,173,0,c(-97.536667, 37.898056),"1946","71-0",-97.536667,37.898056,198.6500854,"198-262"
"1643","Sedgwick",-4.94,NA,1946-05-27,375355097320101,173,0,c(-97.536667, 37.898056),"1946","71-0",-97.536667,37.898056,198.6500854,"198-262"
"1644","Sedgwick",-4.97,NA,1946-06-03,375355097320101,173,0,c(-97.536667, 37.898056),"1946","71-0",-97.536667,37.898056,198.6500854,"198-262"
"1645","Sedgwick",-6.26,NA,1946-06-17,375355097320101,173,0,c(-97.536667, 37.898056),"1946","71-0",-97.536667,37.898056,198.6500854,"198-262"
"1646","Sedgwick",-5.5,NA,1946-07-01,375355097320101,173,0,c(-97.536667, 37.898056),"1946","71-0",-97.536667,37.898056,198.6500854,"198-262"
"1647","Sedgwick",-5.53,NA,1946-07-08,375355097320101,173,0,c(-97.536667, 37.898056),"1946","71-0",-97.536667,37.898056,198.6500854,"198-262"
"1648","Sedgwick",-5.64,NA,1946-07-15,375355097320101,173,0,c(-97.536667, 37.898056),"1946","71-0",-97.536667,37.898056,198.6500854,"198-262"
"1649","Sedgwick",-6.23,NA,1946-07-22,375355097320101,173,0,c(-97.536667, 37.898056),"1946","71-0",-97.536667,37.898056,198.6500854,"198-262"
"1650","Sedgwick",-6.7,NA,1946-07-29,375355097320101,173,0,c(-97.536667, 37.898056),"1946","71-0",-97.536667,37.898056,198.6500854,"198-262"
"1651","Sedgwick",-6.87,NA,1946-08-05,375355097320101,173,0,c(-97.536667, 37.898056),"1946","71-0",-97.536667,37.898056,198.6500854,"198-262"
"1652","Sedgwick",-7.18,NA,1946-08-12,375355097320101,173,0,c(-97.536667, 37.898056),"1946","71-0",-97.536667,37.898056,198.6500854,"198-262"
"1653","Sedgwick",-7.39,NA,1946-08-19,375355097320101,173,0,c(-97.536667, 37.898056),"1946","71-0",-97.536667,37.898056,198.6500854,"198-262"
"1654","Sedgwick",-7.5,NA,1946-08-26,375355097320101,173,0,c(-97.536667, 37.898056),"1946","71-0",-97.536667,37.898056,198.6500854,"198-262"
"1655","Sedgwick",-7.59,NA,1946-09-02,375355097320101,173,0,c(-97.536667, 37.898056),"1946","71-0",-97.536667,37.898056,198.6500854,"198-262"
"1656","Sedgwick",-7.61,NA,1946-09-09,375355097320101,173,0,c(-97.536667, 37.898056),"1946","71-0",-97.536667,37.898056,198.6500854,"198-262"
"1657","Sedgwick",-7.8,NA,1946-09-16,375355097320101,173,0,c(-97.536667, 37.898056),"1946","71-0",-97.536667,37.898056,198.6500854,"198-262"
"1658","Sedgwick",-7.88,NA,1946-09-23,375355097320101,173,0,c(-97.536667, 37.898056),"1946","71-0",-97.536667,37.898056,198.6500854,"198-262"
"1659","Sedgwick",-7.97,NA,1946-09-30,375355097320101,173,0,c(-97.536667, 37.898056),"1946","71-0",-97.536667,37.898056,198.6500854,"198-262"
"1660","Sedgwick",-7.96,NA,1946-10-07,375355097320101,173,0,c(-97.536667, 37.898056),"1946","71-0",-97.536667,37.898056,198.6500854,"198-262"
"1661","Sedgwick",-8.05,NA,1946-10-14,375355097320101,173,0,c(-97.536667, 37.898056),"1946","71-0",-97.536667,37.898056,198.6500854,"198-262"
"1662","Sedgwick",-8.12,NA,1946-10-21,375355097320101,173,0,c(-97.536667, 37.898056),"1946","71-0",-97.536667,37.898056,198.6500854,"198-262"
"1663","Sedgwick",-8.12,NA,1946-11-04,375355097320101,173,0,c(-97.536667, 37.898056),"1946","71-0",-97.536667,37.898056,198.6500854,"198-262"
"1664","Sedgwick",-8.13,NA,1946-11-18,375355097320101,173,0,c(-97.536667, 37.898056),"1946","71-0",-97.536667,37.898056,198.6500854,"198-262"
"1665","Sedgwick",-8.16,NA,1946-12-02,375355097320101,173,0,c(-97.536667, 37.898056),"1946","71-0",-97.536667,37.898056,198.6500854,"198-262"
"1666","Sedgwick",-8.28,NA,1946-12-09,375355097320101,173,0,c(-97.536667, 37.898056),"1946","71-0",-97.536667,37.898056,198.6500854,"198-262"
"1667","Sedgwick",-8.21,NA,1946-12-16,375355097320101,173,0,c(-97.536667, 37.898056),"1946","71-0",-97.536667,37.898056,198.6500854,"198-262"
"1668","Sedgwick",-7.97,NA,1946-12-23,375355097320101,173,0,c(-97.536667, 37.898056),"1946","71-0",-97.536667,37.898056,198.6500854,"198-262"
"1669","Sedgwick",-8.01,NA,1946-12-30,375355097320101,173,0,c(-97.536667, 37.898056),"1946","71-0",-97.536667,37.898056,198.6500854,"198-262"
"1670","Harvey",-4.65,NA,1946-01-05,375447097273701,79,0,c(-97.463714, 37.912403),"1946","71-0",-97.463714,37.912403,145.8815308,"132-197"
"1671","Harvey",-4.5,NA,1946-02-05,375447097273701,79,0,c(-97.463714, 37.912403),"1946","71-0",-97.463714,37.912403,145.8815308,"132-197"
"1672","Harvey",-4.65,NA,1946-03-07,375447097273701,79,0,c(-97.463714, 37.912403),"1946","71-0",-97.463714,37.912403,145.8815308,"132-197"
"1673","Harvey",-4.34,NA,1946-04-03,375447097273701,79,0,c(-97.463714, 37.912403),"1946","71-0",-97.463714,37.912403,145.8815308,"132-197"
"1674","Harvey",-5.57,NA,1946-04-30,375447097273701,79,0,c(-97.463714, 37.912403),"1946","71-0",-97.463714,37.912403,145.8815308,"132-197"
"1675","Harvey",-5.83,NA,1946-05-29,375447097273701,79,0,c(-97.463714, 37.912403),"1946","71-0",-97.463714,37.912403,145.8815308,"132-197"
"1676","Harvey",-6.79,NA,1946-07-03,375447097273701,79,0,c(-97.463714, 37.912403),"1946","71-0",-97.463714,37.912403,145.8815308,"132-197"
"1677","Harvey",-7.57,NA,1946-08-01,375447097273701,79,0,c(-97.463714, 37.912403),"1946","71-0",-97.463714,37.912403,145.8815308,"132-197"
"1678","Harvey",-8.18,NA,1946-08-27,375447097273701,79,0,c(-97.463714, 37.912403),"1946","71-0",-97.463714,37.912403,145.8815308,"132-197"
"1679","Harvey",-8.58,NA,1946-09-25,375447097273701,79,0,c(-97.463714, 37.912403),"1946","71-0",-97.463714,37.912403,145.8815308,"132-197"
"1680","Harvey",-8.58,NA,1946-11-08,375447097273701,79,0,c(-97.463714, 37.912403),"1946","71-0",-97.463714,37.912403,145.8815308,"132-197"
"1681","Harvey",-8.75,NA,1946-12-04,375447097273701,79,0,c(-97.463714, 37.912403),"1946","71-0",-97.463714,37.912403,145.8815308,"132-197"
"1682","Harvey",-14,NA,1946-01-03,375533097295901,79,0,c(-97.500833, 37.926806),"1946","71-0",-97.500833,37.926806,163.6226196,"132-197"
"1683","Harvey",-13.3,NA,1946-02-01,375533097295901,79,0,c(-97.500833, 37.926806),"1946","71-0",-97.500833,37.926806,163.6226196,"132-197"
"1684","Harvey",-13.94,NA,1946-03-05,375533097295901,79,0,c(-97.500833, 37.926806),"1946","71-0",-97.500833,37.926806,163.6226196,"132-197"
"1685","Harvey",-14.39,NA,1946-04-02,375533097295901,79,0,c(-97.500833, 37.926806),"1946","71-0",-97.500833,37.926806,163.6226196,"132-197"
"1686","Harvey",-14.73,NA,1946-05-01,375533097295901,79,0,c(-97.500833, 37.926806),"1946","71-0",-97.500833,37.926806,163.6226196,"132-197"
"1687","Harvey",-14.54,NA,1946-05-31,375533097295901,79,0,c(-97.500833, 37.926806),"1946","71-0",-97.500833,37.926806,163.6226196,"132-197"
"1688","Harvey",-15.39,NA,1946-07-03,375533097295901,79,0,c(-97.500833, 37.926806),"1946","71-0",-97.500833,37.926806,163.6226196,"132-197"
"1689","Harvey",-16.46,NA,1946-07-31,375533097295901,79,0,c(-97.500833, 37.926806),"1946","71-0",-97.500833,37.926806,163.6226196,"132-197"
"1690","Harvey",-17.08,NA,1946-08-27,375533097295901,79,0,c(-97.500833, 37.926806),"1946","71-0",-97.500833,37.926806,163.6226196,"132-197"
"1691","Harvey",-17.41,NA,1946-09-25,375533097295901,79,0,c(-97.500833, 37.926806),"1946","71-0",-97.500833,37.926806,163.6226196,"132-197"
"1692","Harvey",-17.67,NA,1946-11-08,375533097295901,79,0,c(-97.500833, 37.926806),"1946","71-0",-97.500833,37.926806,163.6226196,"132-197"
"1693","Harvey",-17.92,NA,1946-12-04,375533097295901,79,0,c(-97.500833, 37.926806),"1946","71-0",-97.500833,37.926806,163.6226196,"132-197"
"1694","Harvey",-22.89,NA,1946-01-07,380239097395402,79,0,c(-97.665722, 38.043333),"1946","71-0",-97.665722,38.043333,203.8455811,"198-262"
"1695","Harvey",-22.84,NA,1946-01-14,380239097395402,79,0,c(-97.665722, 38.043333),"1946","71-0",-97.665722,38.043333,203.8455811,"198-262"
"1696","Harvey",-22.81,NA,1946-01-21,380239097395402,79,0,c(-97.665722, 38.043333),"1946","71-0",-97.665722,38.043333,203.8455811,"198-262"
"1697","Harvey",-22.83,NA,1946-01-28,380239097395402,79,0,c(-97.665722, 38.043333),"1946","71-0",-97.665722,38.043333,203.8455811,"198-262"
"1698","Harvey",-22.58,NA,1946-02-04,380239097395402,79,0,c(-97.665722, 38.043333),"1946","71-0",-97.665722,38.043333,203.8455811,"198-262"
"1699","Harvey",-22.6,NA,1946-02-11,380239097395402,79,0,c(-97.665722, 38.043333),"1946","71-0",-97.665722,38.043333,203.8455811,"198-262"
"1700","Harvey",-22.62,NA,1946-02-18,380239097395402,79,0,c(-97.665722, 38.043333),"1946","71-0",-97.665722,38.043333,203.8455811,"198-262"
"1701","Harvey",-22.46,NA,1946-02-25,380239097395402,79,0,c(-97.665722, 38.043333),"1946","71-0",-97.665722,38.043333,203.8455811,"198-262"
"1702","Harvey",-22.65,NA,1946-03-04,380239097395402,79,0,c(-97.665722, 38.043333),"1946","71-0",-97.665722,38.043333,203.8455811,"198-262"
"1703","Harvey",-22.66,NA,1946-03-11,380239097395402,79,0,c(-97.665722, 38.043333),"1946","71-0",-97.665722,38.043333,203.8455811,"198-262"
"1704","Harvey",-22.68,NA,1946-03-18,380239097395402,79,0,c(-97.665722, 38.043333),"1946","71-0",-97.665722,38.043333,203.8455811,"198-262"
"1705","Harvey",-22.66,NA,1946-03-25,380239097395402,79,0,c(-97.665722, 38.043333),"1946","71-0",-97.665722,38.043333,203.8455811,"198-262"
"1706","Harvey",-22.62,NA,1946-04-01,380239097395402,79,0,c(-97.665722, 38.043333),"1946","71-0",-97.665722,38.043333,203.8455811,"198-262"
"1707","Harvey",-22.78,NA,1946-04-08,380239097395402,79,0,c(-97.665722, 38.043333),"1946","71-0",-97.665722,38.043333,203.8455811,"198-262"
"1708","Harvey",-22.81,NA,1946-04-15,380239097395402,79,0,c(-97.665722, 38.043333),"1946","71-0",-97.665722,38.043333,203.8455811,"198-262"
"1709","Harvey",-22.84,NA,1946-04-22,380239097395402,79,0,c(-97.665722, 38.043333),"1946","71-0",-97.665722,38.043333,203.8455811,"198-262"
"1710","Harvey",-23.19,NA,1946-04-29,380239097395402,79,0,c(-97.665722, 38.043333),"1946","71-0",-97.665722,38.043333,203.8455811,"198-262"
"1711","Harvey",-23.22,NA,1946-05-06,380239097395402,79,0,c(-97.665722, 38.043333),"1946","71-0",-97.665722,38.043333,203.8455811,"198-262"
"1712","Harvey",-23.21,NA,1946-05-13,380239097395402,79,0,c(-97.665722, 38.043333),"1946","71-0",-97.665722,38.043333,203.8455811,"198-262"
"1713","Harvey",-23.43,NA,1946-05-20,380239097395402,79,0,c(-97.665722, 38.043333),"1946","71-0",-97.665722,38.043333,203.8455811,"198-262"
"1714","Harvey",-23.64,NA,1946-05-27,380239097395402,79,0,c(-97.665722, 38.043333),"1946","71-0",-97.665722,38.043333,203.8455811,"198-262"
"1715","Harvey",-23.7,NA,1946-06-03,380239097395402,79,0,c(-97.665722, 38.043333),"1946","71-0",-97.665722,38.043333,203.8455811,"198-262"
"1716","Harvey",-23.77,NA,1946-06-10,380239097395402,79,0,c(-97.665722, 38.043333),"1946","71-0",-97.665722,38.043333,203.8455811,"198-262"
"1717","Harvey",-23.81,NA,1946-06-17,380239097395402,79,0,c(-97.665722, 38.043333),"1946","71-0",-97.665722,38.043333,203.8455811,"198-262"
"1718","Harvey",-23.87,NA,1946-06-24,380239097395402,79,0,c(-97.665722, 38.043333),"1946","71-0",-97.665722,38.043333,203.8455811,"198-262"
"1719","Harvey",-23.94,NA,1946-07-01,380239097395402,79,0,c(-97.665722, 38.043333),"1946","71-0",-97.665722,38.043333,203.8455811,"198-262"
"1720","Harvey",-24.01,NA,1946-07-08,380239097395402,79,0,c(-97.665722, 38.043333),"1946","71-0",-97.665722,38.043333,203.8455811,"198-262"
"1721","Harvey",-24.14,NA,1946-07-15,380239097395402,79,0,c(-97.665722, 38.043333),"1946","71-0",-97.665722,38.043333,203.8455811,"198-262"
"1722","Harvey",-24.31,NA,1946-07-22,380239097395402,79,0,c(-97.665722, 38.043333),"1946","71-0",-97.665722,38.043333,203.8455811,"198-262"
"1723","Harvey",-24.53,NA,1946-07-29,380239097395402,79,0,c(-97.665722, 38.043333),"1946","71-0",-97.665722,38.043333,203.8455811,"198-262"
"1724","Harvey",-24.54,NA,1946-08-05,380239097395402,79,0,c(-97.665722, 38.043333),"1946","71-0",-97.665722,38.043333,203.8455811,"198-262"
"1725","Harvey",-24.64,NA,1946-08-12,380239097395402,79,0,c(-97.665722, 38.043333),"1946","71-0",-97.665722,38.043333,203.8455811,"198-262"
"1726","Harvey",-24.72,NA,1946-08-19,380239097395402,79,0,c(-97.665722, 38.043333),"1946","71-0",-97.665722,38.043333,203.8455811,"198-262"
"1727","Harvey",-24.76,NA,1946-08-26,380239097395402,79,0,c(-97.665722, 38.043333),"1946","71-0",-97.665722,38.043333,203.8455811,"198-262"
"1728","Harvey",-24.76,NA,1946-09-02,380239097395402,79,0,c(-97.665722, 38.043333),"1946","71-0",-97.665722,38.043333,203.8455811,"198-262"
"1729","Harvey",-24.72,NA,1946-09-09,380239097395402,79,0,c(-97.665722, 38.043333),"1946","71-0",-97.665722,38.043333,203.8455811,"198-262"
"1730","Harvey",-25.01,NA,1946-09-16,380239097395402,79,0,c(-97.665722, 38.043333),"1946","71-0",-97.665722,38.043333,203.8455811,"198-262"
"1731","Harvey",-25.07,NA,1946-09-23,380239097395402,79,0,c(-97.665722, 38.043333),"1946","71-0",-97.665722,38.043333,203.8455811,"198-262"
"1732","Harvey",-25.14,NA,1946-09-30,380239097395402,79,0,c(-97.665722, 38.043333),"1946","71-0",-97.665722,38.043333,203.8455811,"198-262"
"1733","Harvey",-25.79,NA,1946-10-07,380239097395402,79,0,c(-97.665722, 38.043333),"1946","71-0",-97.665722,38.043333,203.8455811,"198-262"
"1734","Harvey",-25.71,NA,1946-10-14,380239097395402,79,0,c(-97.665722, 38.043333),"1946","71-0",-97.665722,38.043333,203.8455811,"198-262"
"1735","Harvey",-25.77,NA,1946-10-21,380239097395402,79,0,c(-97.665722, 38.043333),"1946","71-0",-97.665722,38.043333,203.8455811,"198-262"
"1736","Harvey",-25.75,NA,1946-10-28,380239097395402,79,0,c(-97.665722, 38.043333),"1946","71-0",-97.665722,38.043333,203.8455811,"198-262"
"1737","Harvey",-25.74,NA,1946-11-04,380239097395402,79,0,c(-97.665722, 38.043333),"1946","71-0",-97.665722,38.043333,203.8455811,"198-262"
"1738","Harvey",-25.78,NA,1946-11-18,380239097395402,79,0,c(-97.665722, 38.043333),"1946","71-0",-97.665722,38.043333,203.8455811,"198-262"
"1739","Harvey",-25.77,NA,1946-11-25,380239097395402,79,0,c(-97.665722, 38.043333),"1946","71-0",-97.665722,38.043333,203.8455811,"198-262"
"1740","Harvey",-25.77,NA,1946-12-02,380239097395402,79,0,c(-97.665722, 38.043333),"1946","71-0",-97.665722,38.043333,203.8455811,"198-262"
"1741","Harvey",-25.88,NA,1946-12-09,380239097395402,79,0,c(-97.665722, 38.043333),"1946","71-0",-97.665722,38.043333,203.8455811,"198-262"
"1742","Harvey",-25.79,NA,1946-12-16,380239097395402,79,0,c(-97.665722, 38.043333),"1946","71-0",-97.665722,38.043333,203.8455811,"198-262"
"1743","Harvey",-26.09,NA,1946-12-23,380239097395402,79,0,c(-97.665722, 38.043333),"1946","71-0",-97.665722,38.043333,203.8455811,"198-262"
"1744","Harvey",-26.07,NA,1946-12-30,380239097395402,79,0,c(-97.665722, 38.043333),"1946","71-0",-97.665722,38.043333,203.8455811,"198-262"
"1745","Harvey",-39.86,NA,1946-01-04,375810097334001,79,0,c(-97.563889, 37.970139),"1946","71-0",-97.563889,37.970139,200.254303,"198-262"
"1746","Harvey",-21.86,NA,1946-02-06,375810097334001,79,0,c(-97.563889, 37.970139),"1946","71-0",-97.563889,37.970139,200.254303,"198-262"
"1747","Harvey",-43.64,NA,1946-03-07,375810097334001,79,0,c(-97.563889, 37.970139),"1946","71-0",-97.563889,37.970139,200.254303,"198-262"
"1748","Harvey",-43.78,NA,1946-04-03,375810097334001,79,0,c(-97.563889, 37.970139),"1946","71-0",-97.563889,37.970139,200.254303,"198-262"
"1749","Harvey",-22.41,NA,1946-04-30,375810097334001,79,0,c(-97.563889, 37.970139),"1946","71-0",-97.563889,37.970139,200.254303,"198-262"
"1750","Harvey",-44.92,NA,1946-05-29,375810097334001,79,0,c(-97.563889, 37.970139),"1946","71-0",-97.563889,37.970139,200.254303,"198-262"
"1751","Harvey",-44.28,NA,1946-07-03,375810097334001,79,0,c(-97.563889, 37.970139),"1946","71-0",-97.563889,37.970139,200.254303,"198-262"
"1752","Harvey",-44.58,NA,1946-08-01,375810097334001,79,0,c(-97.563889, 37.970139),"1946","71-0",-97.563889,37.970139,200.254303,"198-262"
"1753","Harvey",-46.2,NA,1946-08-27,375810097334001,79,0,c(-97.563889, 37.970139),"1946","71-0",-97.563889,37.970139,200.254303,"198-262"
"1754","Harvey",-24.54,NA,1946-09-25,375810097334001,79,0,c(-97.563889, 37.970139),"1946","71-0",-97.563889,37.970139,200.254303,"198-262"
"1755","Harvey",-22.82,NA,1946-11-08,375810097334001,79,0,c(-97.563889, 37.970139),"1946","71-0",-97.563889,37.970139,200.254303,"198-262"
"1756","Harvey",-20.93,NA,1946-12-04,375810097334001,79,0,c(-97.563889, 37.970139),"1946","71-0",-97.563889,37.970139,200.254303,"198-262"
"1757","Harvey",-20.67,NA,1946-01-04,375810097342101,79,0,c(-97.574167, 37.970556),"1946","71-0",-97.574167,37.970556,209.9563599,"198-262"
"1758","Harvey",-20.72,NA,1946-02-01,375810097342101,79,0,c(-97.574167, 37.970556),"1946","71-0",-97.574167,37.970556,209.9563599,"198-262"
"1759","Harvey",-20.94,NA,1946-03-05,375810097342101,79,0,c(-97.574167, 37.970556),"1946","71-0",-97.574167,37.970556,209.9563599,"198-262"
"1760","Harvey",-20.79,NA,1946-04-03,375810097342101,79,0,c(-97.574167, 37.970556),"1946","71-0",-97.574167,37.970556,209.9563599,"198-262"
"1761","Harvey",-20.72,NA,1946-05-01,375810097342101,79,0,c(-97.574167, 37.970556),"1946","71-0",-97.574167,37.970556,209.9563599,"198-262"
"1762","Harvey",-20.72,NA,1946-05-29,375810097342101,79,0,c(-97.574167, 37.970556),"1946","71-0",-97.574167,37.970556,209.9563599,"198-262"
"1763","Harvey",-20.85,NA,1946-07-03,375810097342101,79,0,c(-97.574167, 37.970556),"1946","71-0",-97.574167,37.970556,209.9563599,"198-262"
"1764","Harvey",-20.95,NA,1946-08-01,375810097342101,79,0,c(-97.574167, 37.970556),"1946","71-0",-97.574167,37.970556,209.9563599,"198-262"
"1765","Harvey",-21.38,NA,1946-08-27,375810097342101,79,0,c(-97.574167, 37.970556),"1946","71-0",-97.574167,37.970556,209.9563599,"198-262"
"1766","Harvey",-21.69,NA,1946-09-25,375810097342101,79,0,c(-97.574167, 37.970556),"1946","71-0",-97.574167,37.970556,209.9563599,"198-262"
"1767","Harvey",-21.96,NA,1946-11-08,375810097342101,79,0,c(-97.574167, 37.970556),"1946","71-0",-97.574167,37.970556,209.9563599,"198-262"
"1768","Harvey",-22.09,NA,1946-12-04,375810097342101,79,0,c(-97.574167, 37.970556),"1946","71-0",-97.574167,37.970556,209.9563599,"198-262"
"1769","Harvey",-32.47,NA,1946-01-03,380001097342101,79,0,c(-97.573889, 37.999722),"1946","71-0",-97.573889,37.999722,206.3803253,"198-262"
"1770","Harvey",-29.18,NA,1946-02-01,380001097342101,79,0,c(-97.573889, 37.999722),"1946","71-0",-97.573889,37.999722,206.3803253,"198-262"
"1771","Harvey",-29.41,NA,1946-03-05,380001097342101,79,0,c(-97.573889, 37.999722),"1946","71-0",-97.573889,37.999722,206.3803253,"198-262"
"1772","Harvey",-30.1,NA,1946-04-02,380001097342101,79,0,c(-97.573889, 37.999722),"1946","71-0",-97.573889,37.999722,206.3803253,"198-262"
"1773","Harvey",-32.22,NA,1946-05-01,380001097342101,79,0,c(-97.573889, 37.999722),"1946","71-0",-97.573889,37.999722,206.3803253,"198-262"
"1774","Harvey",-31.61,NA,1946-05-31,380001097342101,79,0,c(-97.573889, 37.999722),"1946","71-0",-97.573889,37.999722,206.3803253,"198-262"
"1775","Harvey",-32.14,NA,1946-07-03,380001097342101,79,0,c(-97.573889, 37.999722),"1946","71-0",-97.573889,37.999722,206.3803253,"198-262"
"1776","Harvey",-33.84,NA,1946-07-31,380001097342101,79,0,c(-97.573889, 37.999722),"1946","71-0",-97.573889,37.999722,206.3803253,"198-262"
"1777","Harvey",-32.8,NA,1946-08-27,380001097342101,79,0,c(-97.573889, 37.999722),"1946","71-0",-97.573889,37.999722,206.3803253,"198-262"
"1778","Harvey",-33.95,NA,1946-09-25,380001097342101,79,0,c(-97.573889, 37.999722),"1946","71-0",-97.573889,37.999722,206.3803253,"198-262"
"1779","Harvey",-31.53,NA,1946-11-08,380001097342101,79,0,c(-97.573889, 37.999722),"1946","71-0",-97.573889,37.999722,206.3803253,"198-262"
"1780","Harvey",-33.08,NA,1946-12-06,380001097342101,79,0,c(-97.573889, 37.999722),"1946","71-0",-97.573889,37.999722,206.3803253,"198-262"
"1781","Harvey",-3.5,"PATTERSON",1946-01-22,380002097401701,79,0,c(-97.674522, 37.999872),"1946","71-0",-97.674522,37.999872,125.8531723,"66-131"
"1782","Harvey",-5.99,"PATTERSON",1946-07-12,380002097401701,79,0,c(-97.674522, 37.999872),"1946","71-0",-97.674522,37.999872,125.8531723,"66-131"
"1783","Harvey",-7.23,"PATTERSON",1946-10-02,380002097401701,79,0,c(-97.674522, 37.999872),"1946","71-0",-97.674522,37.999872,125.8531723,"66-131"
"1784","Harvey",-7.61,"PATTERSON",1946-01-22,375811097415501,79,0,c(-97.701806, 37.970417),"1946","71-0",-97.701806,37.970417,179.7404633,"132-197"
"1785","Harvey",-9.39,"PATTERSON",1946-07-12,375811097415501,79,0,c(-97.701806, 37.970417),"1946","71-0",-97.701806,37.970417,179.7404633,"132-197"
"1786","Harvey",-10.89,"PATTERSON",1946-10-02,375811097415501,79,0,c(-97.701806, 37.970417),"1946","71-0",-97.701806,37.970417,179.7404633,"132-197"
"1787","Harvey",-27.51,NA,1946-01-04,375817097330701,79,0,c(-97.555278, 37.97125),"1946","71-0",-97.555278,37.97125,184.97612,"132-197"
"1788","Harvey",-27.6,NA,1946-02-06,375817097330701,79,0,c(-97.555278, 37.97125),"1946","71-0",-97.555278,37.97125,184.97612,"132-197"
"1789","Harvey",-27.96,NA,1946-03-07,375817097330701,79,0,c(-97.555278, 37.97125),"1946","71-0",-97.555278,37.97125,184.97612,"132-197"
"1790","Harvey",-28.02,NA,1946-04-03,375817097330701,79,0,c(-97.555278, 37.97125),"1946","71-0",-97.555278,37.97125,184.97612,"132-197"
"1791","Harvey",-27.43,NA,1946-04-30,375817097330701,79,0,c(-97.555278, 37.97125),"1946","71-0",-97.555278,37.97125,184.97612,"132-197"
"1792","Harvey",-27.34,NA,1946-05-29,375817097330701,79,0,c(-97.555278, 37.97125),"1946","71-0",-97.555278,37.97125,184.97612,"132-197"
"1793","Harvey",-29.28,NA,1946-07-03,375817097330701,79,0,c(-97.555278, 37.97125),"1946","71-0",-97.555278,37.97125,184.97612,"132-197"
"1794","Harvey",-30.14,NA,1946-08-01,375817097330701,79,0,c(-97.555278, 37.97125),"1946","71-0",-97.555278,37.97125,184.97612,"132-197"
"1795","Harvey",-31.03,NA,1946-08-27,375817097330701,79,0,c(-97.555278, 37.97125),"1946","71-0",-97.555278,37.97125,184.97612,"132-197"
"1796","Harvey",-32.08,NA,1946-09-25,375817097330701,79,0,c(-97.555278, 37.97125),"1946","71-0",-97.555278,37.97125,184.97612,"132-197"
"1797","Harvey",-29.7,NA,1946-11-08,375817097330701,79,0,c(-97.555278, 37.97125),"1946","71-0",-97.555278,37.97125,184.97612,"132-197"
"1798","Harvey",-28.35,NA,1946-12-04,375817097330701,79,0,c(-97.555278, 37.97125),"1946","71-0",-97.555278,37.97125,184.97612,"132-197"
"1799","Harvey",-25.18,NA,1946-01-04,375836097334002,79,0,c(-97.564583, 37.975972),"1946","71-0",-97.564583,37.975972,200.9033356,"198-262"
"1800","Harvey",-25.24,NA,1946-02-06,375836097334002,79,0,c(-97.564583, 37.975972),"1946","71-0",-97.564583,37.975972,200.9033356,"198-262"
"1801","Harvey",-25.72,NA,1946-03-07,375836097334002,79,0,c(-97.564583, 37.975972),"1946","71-0",-97.564583,37.975972,200.9033356,"198-262"
"1802","Harvey",-24.46,NA,1946-04-03,375836097334002,79,0,c(-97.564583, 37.975972),"1946","71-0",-97.564583,37.975972,200.9033356,"198-262"
"1803","Harvey",-23.94,NA,1946-04-30,375836097334002,79,0,c(-97.564583, 37.975972),"1946","71-0",-97.564583,37.975972,200.9033356,"198-262"
"1804","Harvey",-24.08,NA,1946-05-29,375836097334002,79,0,c(-97.564583, 37.975972),"1946","71-0",-97.564583,37.975972,200.9033356,"198-262"
"1805","Harvey",-24.47,NA,1946-07-03,375836097334002,79,0,c(-97.564583, 37.975972),"1946","71-0",-97.564583,37.975972,200.9033356,"198-262"
"1806","Harvey",-25.67,NA,1946-08-01,375836097334002,79,0,c(-97.564583, 37.975972),"1946","71-0",-97.564583,37.975972,200.9033356,"198-262"
"1807","Harvey",-26.16,NA,1946-08-27,375836097334002,79,0,c(-97.564583, 37.975972),"1946","71-0",-97.564583,37.975972,200.9033356,"198-262"
"1808","Harvey",-25.69,NA,1946-09-25,375836097334002,79,0,c(-97.564583, 37.975972),"1946","71-0",-97.564583,37.975972,200.9033356,"198-262"
"1809","Harvey",-25.74,NA,1946-10-08,375836097334002,79,0,c(-97.564583, 37.975972),"1946","71-0",-97.564583,37.975972,200.9033356,"198-262"
"1810","Harvey",-26.01,NA,1946-12-04,375836097334002,79,0,c(-97.564583, 37.975972),"1946","71-0",-97.564583,37.975972,200.9033356,"198-262"
"1811","Harvey",-11.21,NA,1946-01-04,375744097321002,79,0,c(-97.538406, 37.962262),"1946","71-0",-97.538406,37.962262,179.4243927,"132-197"
"1812","Harvey",-11.24,NA,1946-02-06,375744097321002,79,0,c(-97.538406, 37.962262),"1946","71-0",-97.538406,37.962262,179.4243927,"132-197"
"1813","Harvey",-10.39,NA,1946-03-07,375744097321002,79,0,c(-97.538406, 37.962262),"1946","71-0",-97.538406,37.962262,179.4243927,"132-197"
"1814","Harvey",-10.39,NA,1946-04-03,375744097321002,79,0,c(-97.538406, 37.962262),"1946","71-0",-97.538406,37.962262,179.4243927,"132-197"
"1815","Harvey",-10.81,NA,1946-04-30,375744097321002,79,0,c(-97.538406, 37.962262),"1946","71-0",-97.538406,37.962262,179.4243927,"132-197"
"1816","Harvey",-11.44,NA,1946-05-29,375744097321002,79,0,c(-97.538406, 37.962262),"1946","71-0",-97.538406,37.962262,179.4243927,"132-197"
"1817","Harvey",-11.89,NA,1946-07-03,375744097321002,79,0,c(-97.538406, 37.962262),"1946","71-0",-97.538406,37.962262,179.4243927,"132-197"
"1818","Harvey",-13.74,NA,1946-08-01,375744097321002,79,0,c(-97.538406, 37.962262),"1946","71-0",-97.538406,37.962262,179.4243927,"132-197"
"1819","Harvey",-14.23,NA,1946-08-27,375744097321002,79,0,c(-97.538406, 37.962262),"1946","71-0",-97.538406,37.962262,179.4243927,"132-197"
"1820","Harvey",-14.48,NA,1946-09-25,375744097321002,79,0,c(-97.538406, 37.962262),"1946","71-0",-97.538406,37.962262,179.4243927,"132-197"
"1821","Harvey",-14.68,NA,1946-11-08,375744097321002,79,0,c(-97.538406, 37.962262),"1946","71-0",-97.538406,37.962262,179.4243927,"132-197"
"1822","Harvey",-14.75,NA,1946-12-04,375744097321002,79,0,c(-97.538406, 37.962262),"1946","71-0",-97.538406,37.962262,179.4243927,"132-197"
"1823","Harvey",-7.32,NA,1946-01-03,375718097284601,79,0,c(-97.482083, 37.955694),"1946","71-0",-97.482083,37.955694,137.5438843,"132-197"
"1824","Harvey",-7.36,NA,1946-02-08,375718097284601,79,0,c(-97.482083, 37.955694),"1946","71-0",-97.482083,37.955694,137.5438843,"132-197"
"1825","Harvey",-7.21,NA,1946-03-06,375718097284601,79,0,c(-97.482083, 37.955694),"1946","71-0",-97.482083,37.955694,137.5438843,"132-197"
"1826","Harvey",-6.86,NA,1946-04-02,375718097284601,79,0,c(-97.482083, 37.955694),"1946","71-0",-97.482083,37.955694,137.5438843,"132-197"
"1827","Harvey",-7.53,NA,1946-05-02,375718097284601,79,0,c(-97.482083, 37.955694),"1946","71-0",-97.482083,37.955694,137.5438843,"132-197"
"1828","Harvey",-7.69,NA,1946-05-28,375718097284601,79,0,c(-97.482083, 37.955694),"1946","71-0",-97.482083,37.955694,137.5438843,"132-197"
"1829","Harvey",-8.39,NA,1946-07-02,375718097284601,79,0,c(-97.482083, 37.955694),"1946","71-0",-97.482083,37.955694,137.5438843,"132-197"
"1830","Harvey",-9.08,NA,1946-07-30,375718097284601,79,0,c(-97.482083, 37.955694),"1946","71-0",-97.482083,37.955694,137.5438843,"132-197"
"1831","Harvey",-9.82,NA,1946-09-26,375718097284601,79,0,c(-97.482083, 37.955694),"1946","71-0",-97.482083,37.955694,137.5438843,"132-197"
"1832","Harvey",-9.59,NA,1946-11-07,375718097284601,79,0,c(-97.482083, 37.955694),"1946","71-0",-97.482083,37.955694,137.5438843,"132-197"
"1833","Harvey",-10,NA,1946-12-03,375718097284601,79,0,c(-97.482083, 37.955694),"1946","71-0",-97.482083,37.955694,137.5438843,"132-197"
"1834","Harvey",-2.21,NA,1946-01-18,375540097373701,79,0,c(-97.629722, 37.927361),"1946","71-0",-97.629722,37.927361,155.9155579,"132-197"
"1835","Harvey",-2.21,NA,1946-04-08,375540097373701,79,0,c(-97.629722, 37.927361),"1946","71-0",-97.629722,37.927361,155.9155579,"132-197"
"1836","Harvey",-5.67,NA,1946-07-10,375540097373701,79,0,c(-97.629722, 37.927361),"1946","71-0",-97.629722,37.927361,155.9155579,"132-197"
"1837","Harvey",-6.82,NA,1946-10-01,375540097373701,79,0,c(-97.629722, 37.927361),"1946","71-0",-97.629722,37.927361,155.9155579,"132-197"
"1838","Harvey",-34.4,NA,1946-01-05,375451097291401,79,0,c(-97.490556, 37.912778),"1946","71-0",-97.490556,37.912778,164.5970612,"132-197"
"1839","Harvey",-8.98,NA,1946-02-05,375451097291401,79,0,c(-97.490556, 37.912778),"1946","71-0",-97.490556,37.912778,164.5970612,"132-197"
"1840","Harvey",-32.69,NA,1946-03-07,375451097291401,79,0,c(-97.490556, 37.912778),"1946","71-0",-97.490556,37.912778,164.5970612,"132-197"
"1841","Harvey",-8.24,NA,1946-04-03,375451097291401,79,0,c(-97.490556, 37.912778),"1946","71-0",-97.490556,37.912778,164.5970612,"132-197"
"1842","Harvey",-34.36,NA,1946-04-30,375451097291401,79,0,c(-97.490556, 37.912778),"1946","71-0",-97.490556,37.912778,164.5970612,"132-197"
"1843","Harvey",-9.1,NA,1946-05-29,375451097291401,79,0,c(-97.490556, 37.912778),"1946","71-0",-97.490556,37.912778,164.5970612,"132-197"
"1844","Harvey",-36.25,NA,1946-07-03,375451097291401,79,0,c(-97.490556, 37.912778),"1946","71-0",-97.490556,37.912778,164.5970612,"132-197"
"1845","Harvey",-42.17,NA,1946-08-01,375451097291401,79,0,c(-97.490556, 37.912778),"1946","71-0",-97.490556,37.912778,164.5970612,"132-197"
"1846","Harvey",-38.25,NA,1946-08-27,375451097291401,79,0,c(-97.490556, 37.912778),"1946","71-0",-97.490556,37.912778,164.5970612,"132-197"
"1847","Harvey",-36.31,NA,1946-09-25,375451097291401,79,0,c(-97.490556, 37.912778),"1946","71-0",-97.490556,37.912778,164.5970612,"132-197"
"1848","Harvey",-36.4,NA,1946-11-08,375451097291401,79,0,c(-97.490556, 37.912778),"1946","71-0",-97.490556,37.912778,164.5970612,"132-197"
"1849","Harvey",-10.99,NA,1946-12-04,375451097291401,79,0,c(-97.490556, 37.912778),"1946","71-0",-97.490556,37.912778,164.5970612,"132-197"
"1850","Harvey",-13.51,NA,1946-01-05,375447097295902,79,0,c(-97.502778, 37.912361),"1946","71-0",-97.502778,37.912361,173.1341248,"132-197"
"1851","Harvey",-14.96,NA,1946-02-05,375447097295902,79,0,c(-97.502778, 37.912361),"1946","71-0",-97.502778,37.912361,173.1341248,"132-197"
"1852","Harvey",-13.73,NA,1946-03-07,375447097295902,79,0,c(-97.502778, 37.912361),"1946","71-0",-97.502778,37.912361,173.1341248,"132-197"
"1853","Harvey",-15.6,NA,1946-04-03,375447097295902,79,0,c(-97.502778, 37.912361),"1946","71-0",-97.502778,37.912361,173.1341248,"132-197"
"1854","Harvey",-15.1,NA,1946-04-30,375447097295902,79,0,c(-97.502778, 37.912361),"1946","71-0",-97.502778,37.912361,173.1341248,"132-197"
"1855","Harvey",-15.07,NA,1946-05-29,375447097295902,79,0,c(-97.502778, 37.912361),"1946","71-0",-97.502778,37.912361,173.1341248,"132-197"
"1856","Harvey",-16.63,NA,1946-07-03,375447097295902,79,0,c(-97.502778, 37.912361),"1946","71-0",-97.502778,37.912361,173.1341248,"132-197"
"1857","Harvey",-17.72,NA,1946-08-01,375447097295902,79,0,c(-97.502778, 37.912361),"1946","71-0",-97.502778,37.912361,173.1341248,"132-197"
"1858","Harvey",-17.2,NA,1946-08-27,375447097295902,79,0,c(-97.502778, 37.912361),"1946","71-0",-97.502778,37.912361,173.1341248,"132-197"
"1859","Harvey",-16.8,NA,1946-09-25,375447097295902,79,0,c(-97.502778, 37.912361),"1946","71-0",-97.502778,37.912361,173.1341248,"132-197"
"1860","Harvey",-17.74,NA,1946-11-08,375447097295902,79,0,c(-97.502778, 37.912361),"1946","71-0",-97.502778,37.912361,173.1341248,"132-197"
"1861","Harvey",-18.95,NA,1946-12-04,375447097295902,79,0,c(-97.502778, 37.912361),"1946","71-0",-97.502778,37.912361,173.1341248,"132-197"
"1862","Harvey",-2.4,NA,1946-01-07,380324097341501,79,0,c(-97.573472, 38.057778),"1946","71-0",-97.573472,38.057778,180.5232239,"132-197"
"1863","Harvey",-2.36,NA,1946-01-14,380324097341501,79,0,c(-97.573472, 38.057778),"1946","71-0",-97.573472,38.057778,180.5232239,"132-197"
"1864","Harvey",-2.34,NA,1946-01-21,380324097341501,79,0,c(-97.573472, 38.057778),"1946","71-0",-97.573472,38.057778,180.5232239,"132-197"
"1865","Harvey",-2.37,NA,1946-01-28,380324097341501,79,0,c(-97.573472, 38.057778),"1946","71-0",-97.573472,38.057778,180.5232239,"132-197"
"1866","Harvey",-1.6,NA,1946-02-04,380324097341501,79,0,c(-97.573472, 38.057778),"1946","71-0",-97.573472,38.057778,180.5232239,"132-197"
"1867","Harvey",-1.66,NA,1946-02-11,380324097341501,79,0,c(-97.573472, 38.057778),"1946","71-0",-97.573472,38.057778,180.5232239,"132-197"
"1868","Harvey",-1.67,NA,1946-02-18,380324097341501,79,0,c(-97.573472, 38.057778),"1946","71-0",-97.573472,38.057778,180.5232239,"132-197"
"1869","Harvey",-1.46,NA,1946-02-25,380324097341501,79,0,c(-97.573472, 38.057778),"1946","71-0",-97.573472,38.057778,180.5232239,"132-197"
"1870","Harvey",-1.36,NA,1946-03-04,380324097341501,79,0,c(-97.573472, 38.057778),"1946","71-0",-97.573472,38.057778,180.5232239,"132-197"
"1871","Harvey",-1.38,NA,1946-03-11,380324097341501,79,0,c(-97.573472, 38.057778),"1946","71-0",-97.573472,38.057778,180.5232239,"132-197"
"1872","Harvey",-1.35,NA,1946-03-18,380324097341501,79,0,c(-97.573472, 38.057778),"1946","71-0",-97.573472,38.057778,180.5232239,"132-197"
"1873","Harvey",-1.32,NA,1946-03-25,380324097341501,79,0,c(-97.573472, 38.057778),"1946","71-0",-97.573472,38.057778,180.5232239,"132-197"
"1874","Harvey",-0.98,NA,1946-04-01,380324097341501,79,0,c(-97.573472, 38.057778),"1946","71-0",-97.573472,38.057778,180.5232239,"132-197"
"1875","Harvey",-0.89,NA,1946-04-08,380324097341501,79,0,c(-97.573472, 38.057778),"1946","71-0",-97.573472,38.057778,180.5232239,"132-197"
"1876","Harvey",-0.94,NA,1946-04-15,380324097341501,79,0,c(-97.573472, 38.057778),"1946","71-0",-97.573472,38.057778,180.5232239,"132-197"
"1877","Harvey",-1.02,NA,1946-04-22,380324097341501,79,0,c(-97.573472, 38.057778),"1946","71-0",-97.573472,38.057778,180.5232239,"132-197"
"1878","Harvey",-1.44,NA,1946-04-29,380324097341501,79,0,c(-97.573472, 38.057778),"1946","71-0",-97.573472,38.057778,180.5232239,"132-197"
"1879","Harvey",-1.58,NA,1946-05-06,380324097341501,79,0,c(-97.573472, 38.057778),"1946","71-0",-97.573472,38.057778,180.5232239,"132-197"
"1880","Harvey",-1.46,NA,1946-05-13,380324097341501,79,0,c(-97.573472, 38.057778),"1946","71-0",-97.573472,38.057778,180.5232239,"132-197"
"1881","Harvey",-1.81,NA,1946-05-27,380324097341501,79,0,c(-97.573472, 38.057778),"1946","71-0",-97.573472,38.057778,180.5232239,"132-197"
"1882","Harvey",-2.06,NA,1946-06-03,380324097341501,79,0,c(-97.573472, 38.057778),"1946","71-0",-97.573472,38.057778,180.5232239,"132-197"
"1883","Harvey",-2.55,NA,1946-06-17,380324097341501,79,0,c(-97.573472, 38.057778),"1946","71-0",-97.573472,38.057778,180.5232239,"132-197"
"1884","Harvey",-4.29,NA,1946-07-01,380324097341501,79,0,c(-97.573472, 38.057778),"1946","71-0",-97.573472,38.057778,180.5232239,"132-197"
"1885","Harvey",-4.33,NA,1946-07-08,380324097341501,79,0,c(-97.573472, 38.057778),"1946","71-0",-97.573472,38.057778,180.5232239,"132-197"
"1886","Harvey",-5.65,NA,1946-07-15,380324097341501,79,0,c(-97.573472, 38.057778),"1946","71-0",-97.573472,38.057778,180.5232239,"132-197"
"1887","Harvey",-6.11,NA,1946-07-22,380324097341501,79,0,c(-97.573472, 38.057778),"1946","71-0",-97.573472,38.057778,180.5232239,"132-197"
"1888","Harvey",-6.73,NA,1946-07-29,380324097341501,79,0,c(-97.573472, 38.057778),"1946","71-0",-97.573472,38.057778,180.5232239,"132-197"
"1889","Harvey",-7.09,NA,1946-08-05,380324097341501,79,0,c(-97.573472, 38.057778),"1946","71-0",-97.573472,38.057778,180.5232239,"132-197"
"1890","Harvey",-7.11,NA,1946-08-12,380324097341501,79,0,c(-97.573472, 38.057778),"1946","71-0",-97.573472,38.057778,180.5232239,"132-197"
"1891","Harvey",-7.61,NA,1946-08-19,380324097341501,79,0,c(-97.573472, 38.057778),"1946","71-0",-97.573472,38.057778,180.5232239,"132-197"
"1892","Harvey",-7.6,NA,1946-08-26,380324097341501,79,0,c(-97.573472, 38.057778),"1946","71-0",-97.573472,38.057778,180.5232239,"132-197"
"1893","Harvey",-7.8,NA,1946-09-02,380324097341501,79,0,c(-97.573472, 38.057778),"1946","71-0",-97.573472,38.057778,180.5232239,"132-197"
"1894","Harvey",-7.88,NA,1946-09-09,380324097341501,79,0,c(-97.573472, 38.057778),"1946","71-0",-97.573472,38.057778,180.5232239,"132-197"
"1895","Harvey",-7.9,NA,1946-09-16,380324097341501,79,0,c(-97.573472, 38.057778),"1946","71-0",-97.573472,38.057778,180.5232239,"132-197"
"1896","Harvey",-7.87,NA,1946-09-23,380324097341501,79,0,c(-97.573472, 38.057778),"1946","71-0",-97.573472,38.057778,180.5232239,"132-197"
"1897","Harvey",-8.03,NA,1946-09-30,380324097341501,79,0,c(-97.573472, 38.057778),"1946","71-0",-97.573472,38.057778,180.5232239,"132-197"
"1898","Harvey",-7.79,NA,1946-10-07,380324097341501,79,0,c(-97.573472, 38.057778),"1946","71-0",-97.573472,38.057778,180.5232239,"132-197"
"1899","Harvey",-7.81,NA,1946-10-14,380324097341501,79,0,c(-97.573472, 38.057778),"1946","71-0",-97.573472,38.057778,180.5232239,"132-197"
"1900","Harvey",-7.41,NA,1946-10-21,380324097341501,79,0,c(-97.573472, 38.057778),"1946","71-0",-97.573472,38.057778,180.5232239,"132-197"
"1901","Harvey",-7.35,NA,1946-12-02,380324097341501,79,0,c(-97.573472, 38.057778),"1946","71-0",-97.573472,38.057778,180.5232239,"132-197"
"1902","Harvey",-7.49,NA,1946-12-09,380324097341501,79,0,c(-97.573472, 38.057778),"1946","71-0",-97.573472,38.057778,180.5232239,"132-197"
"1903","Harvey",-7.46,NA,1946-12-16,380324097341501,79,0,c(-97.573472, 38.057778),"1946","71-0",-97.573472,38.057778,180.5232239,"132-197"
"1904","Harvey",-7.06,NA,1946-12-23,380324097341501,79,0,c(-97.573472, 38.057778),"1946","71-0",-97.573472,38.057778,180.5232239,"132-197"
"1905","Harvey",-6.75,NA,1946-12-30,380324097341501,79,0,c(-97.573472, 38.057778),"1946","71-0",-97.573472,38.057778,180.5232239,"132-197"
"1906","Harvey",-85.33,NA,1946-01-04,380054097342201,79,0,c(-97.574583, 38.014722),"1946","143-72",-97.574583,38.014722,199.7637482,"198-262"
"1907","Harvey",-44.87,NA,1946-02-06,380054097342201,79,0,c(-97.574583, 38.014722),"1946","71-0",-97.574583,38.014722,199.7637482,"198-262"
"1908","Harvey",-85.33,NA,1946-03-07,380054097342201,79,0,c(-97.574583, 38.014722),"1946","143-72",-97.574583,38.014722,199.7637482,"198-262"
"1909","Harvey",-42.92,NA,1946-04-03,380054097342201,79,0,c(-97.574583, 38.014722),"1946","71-0",-97.574583,38.014722,199.7637482,"198-262"
"1910","Harvey",-46.77,NA,1946-04-30,380054097342201,79,0,c(-97.574583, 38.014722),"1946","71-0",-97.574583,38.014722,199.7637482,"198-262"
"1911","Harvey",-45.05,NA,1946-05-29,380054097342201,79,0,c(-97.574583, 38.014722),"1946","71-0",-97.574583,38.014722,199.7637482,"198-262"
"1912","Harvey",-40.44,NA,1946-07-03,380054097342201,79,0,c(-97.574583, 38.014722),"1946","71-0",-97.574583,38.014722,199.7637482,"198-262"
"1913","Harvey",-49.41,NA,1946-08-01,380054097342201,79,0,c(-97.574583, 38.014722),"1946","71-0",-97.574583,38.014722,199.7637482,"198-262"
"1914","Harvey",-44.49,NA,1946-08-27,380054097342201,79,0,c(-97.574583, 38.014722),"1946","71-0",-97.574583,38.014722,199.7637482,"198-262"
"1915","Harvey",-41.97,NA,1946-09-25,380054097342201,79,0,c(-97.574583, 38.014722),"1946","71-0",-97.574583,38.014722,199.7637482,"198-262"
"1916","Harvey",-41.43,NA,1946-11-08,380054097342201,79,0,c(-97.574583, 38.014722),"1946","71-0",-97.574583,38.014722,199.7637482,"198-262"
"1917","Harvey",-44.97,NA,1946-12-04,380054097342201,79,0,c(-97.574583, 38.014722),"1946","71-0",-97.574583,38.014722,199.7637482,"198-262"
"1918","Harvey",-11.67,NA,1946-01-05,380239097395403,79,0,c(-97.665694, 38.043333),"1946","71-0",-97.665694,38.043333,203.8455811,"198-262"
"1919","Harvey",-11.72,NA,1946-01-15,380239097395403,79,0,c(-97.665694, 38.043333),"1946","71-0",-97.665694,38.043333,203.8455811,"198-262"
"1920","Harvey",-11.67,NA,1946-01-20,380239097395403,79,0,c(-97.665694, 38.043333),"1946","71-0",-97.665694,38.043333,203.8455811,"198-262"
"1921","Harvey",-11.68,NA,1946-01-25,380239097395403,79,0,c(-97.665694, 38.043333),"1946","71-0",-97.665694,38.043333,203.8455811,"198-262"
"1922","Harvey",-11.72,NA,1946-01-30,380239097395403,79,0,c(-97.665694, 38.043333),"1946","71-0",-97.665694,38.043333,203.8455811,"198-262"
"1923","Harvey",-11.74,NA,1946-02-05,380239097395403,79,0,c(-97.665694, 38.043333),"1946","71-0",-97.665694,38.043333,203.8455811,"198-262"
"1924","Harvey",-11.81,NA,1946-02-10,380239097395403,79,0,c(-97.665694, 38.043333),"1946","71-0",-97.665694,38.043333,203.8455811,"198-262"
"1925","Harvey",-11.8,NA,1946-02-15,380239097395403,79,0,c(-97.665694, 38.043333),"1946","71-0",-97.665694,38.043333,203.8455811,"198-262"
"1926","Harvey",-11.79,NA,1946-02-20,380239097395403,79,0,c(-97.665694, 38.043333),"1946","71-0",-97.665694,38.043333,203.8455811,"198-262"
"1927","Harvey",-11.76,NA,1946-02-25,380239097395403,79,0,c(-97.665694, 38.043333),"1946","71-0",-97.665694,38.043333,203.8455811,"198-262"
"1928","Harvey",-11.78,NA,1946-03-05,380239097395403,79,0,c(-97.665694, 38.043333),"1946","71-0",-97.665694,38.043333,203.8455811,"198-262"
"1929","Harvey",-11.86,NA,1946-03-10,380239097395403,79,0,c(-97.665694, 38.043333),"1946","71-0",-97.665694,38.043333,203.8455811,"198-262"
"1930","Harvey",-11.74,NA,1946-03-15,380239097395403,79,0,c(-97.665694, 38.043333),"1946","71-0",-97.665694,38.043333,203.8455811,"198-262"
"1931","Harvey",-11.8,NA,1946-03-20,380239097395403,79,0,c(-97.665694, 38.043333),"1946","71-0",-97.665694,38.043333,203.8455811,"198-262"
"1932","Harvey",-11.7,NA,1946-03-25,380239097395403,79,0,c(-97.665694, 38.043333),"1946","71-0",-97.665694,38.043333,203.8455811,"198-262"
"1933","Harvey",-11.76,NA,1946-03-30,380239097395403,79,0,c(-97.665694, 38.043333),"1946","71-0",-97.665694,38.043333,203.8455811,"198-262"
"1934","Harvey",-11.82,NA,1946-04-05,380239097395403,79,0,c(-97.665694, 38.043333),"1946","71-0",-97.665694,38.043333,203.8455811,"198-262"
"1935","Harvey",-11.85,NA,1946-04-10,380239097395403,79,0,c(-97.665694, 38.043333),"1946","71-0",-97.665694,38.043333,203.8455811,"198-262"
"1936","Harvey",-11.87,NA,1946-04-15,380239097395403,79,0,c(-97.665694, 38.043333),"1946","71-0",-97.665694,38.043333,203.8455811,"198-262"
"1937","Harvey",-11.92,NA,1946-04-20,380239097395403,79,0,c(-97.665694, 38.043333),"1946","71-0",-97.665694,38.043333,203.8455811,"198-262"
"1938","Harvey",-11.96,NA,1946-04-25,380239097395403,79,0,c(-97.665694, 38.043333),"1946","71-0",-97.665694,38.043333,203.8455811,"198-262"
"1939","Harvey",-11.99,NA,1946-04-30,380239097395403,79,0,c(-97.665694, 38.043333),"1946","71-0",-97.665694,38.043333,203.8455811,"198-262"
"1940","Harvey",-12.03,NA,1946-05-05,380239097395403,79,0,c(-97.665694, 38.043333),"1946","71-0",-97.665694,38.043333,203.8455811,"198-262"
"1941","Harvey",-12.05,NA,1946-05-10,380239097395403,79,0,c(-97.665694, 38.043333),"1946","71-0",-97.665694,38.043333,203.8455811,"198-262"
"1942","Harvey",-12,NA,1946-05-15,380239097395403,79,0,c(-97.665694, 38.043333),"1946","71-0",-97.665694,38.043333,203.8455811,"198-262"
"1943","Harvey",-12.22,NA,1946-05-20,380239097395403,79,0,c(-97.665694, 38.043333),"1946","71-0",-97.665694,38.043333,203.8455811,"198-262"
"1944","Harvey",-12.27,NA,1946-05-25,380239097395403,79,0,c(-97.665694, 38.043333),"1946","71-0",-97.665694,38.043333,203.8455811,"198-262"
"1945","Harvey",-12.26,NA,1946-05-30,380239097395403,79,0,c(-97.665694, 38.043333),"1946","71-0",-97.665694,38.043333,203.8455811,"198-262"
"1946","Harvey",-12.35,NA,1946-06-05,380239097395403,79,0,c(-97.665694, 38.043333),"1946","71-0",-97.665694,38.043333,203.8455811,"198-262"
"1947","Harvey",-12.39,NA,1946-06-10,380239097395403,79,0,c(-97.665694, 38.043333),"1946","71-0",-97.665694,38.043333,203.8455811,"198-262"
"1948","Harvey",-12.41,NA,1946-06-15,380239097395403,79,0,c(-97.665694, 38.043333),"1946","71-0",-97.665694,38.043333,203.8455811,"198-262"
"1949","Harvey",-12.36,NA,1946-06-20,380239097395403,79,0,c(-97.665694, 38.043333),"1946","71-0",-97.665694,38.043333,203.8455811,"198-262"
"1950","Harvey",-12.36,NA,1946-06-25,380239097395403,79,0,c(-97.665694, 38.043333),"1946","71-0",-97.665694,38.043333,203.8455811,"198-262"
"1951","Harvey",-12.42,NA,1946-06-30,380239097395403,79,0,c(-97.665694, 38.043333),"1946","71-0",-97.665694,38.043333,203.8455811,"198-262"
"1952","Harvey",-12.45,NA,1946-07-05,380239097395403,79,0,c(-97.665694, 38.043333),"1946","71-0",-97.665694,38.043333,203.8455811,"198-262"
"1953","Harvey",-12.52,NA,1946-07-10,380239097395403,79,0,c(-97.665694, 38.043333),"1946","71-0",-97.665694,38.043333,203.8455811,"198-262"
"1954","Harvey",-12.59,NA,1946-07-15,380239097395403,79,0,c(-97.665694, 38.043333),"1946","71-0",-97.665694,38.043333,203.8455811,"198-262"
"1955","Harvey",-12.7,NA,1946-07-20,380239097395403,79,0,c(-97.665694, 38.043333),"1946","71-0",-97.665694,38.043333,203.8455811,"198-262"
"1956","Harvey",-12.76,NA,1946-07-25,380239097395403,79,0,c(-97.665694, 38.043333),"1946","71-0",-97.665694,38.043333,203.8455811,"198-262"
"1957","Harvey",-12.83,NA,1946-07-30,380239097395403,79,0,c(-97.665694, 38.043333),"1946","71-0",-97.665694,38.043333,203.8455811,"198-262"
"1958","Harvey",-12.88,NA,1946-08-05,380239097395403,79,0,c(-97.665694, 38.043333),"1946","71-0",-97.665694,38.043333,203.8455811,"198-262"
"1959","Harvey",-12.93,NA,1946-08-10,380239097395403,79,0,c(-97.665694, 38.043333),"1946","71-0",-97.665694,38.043333,203.8455811,"198-262"
"1960","Harvey",-12.97,NA,1946-08-15,380239097395403,79,0,c(-97.665694, 38.043333),"1946","71-0",-97.665694,38.043333,203.8455811,"198-262"
"1961","Harvey",-13.03,NA,1946-08-20,380239097395403,79,0,c(-97.665694, 38.043333),"1946","71-0",-97.665694,38.043333,203.8455811,"198-262"
"1962","Harvey",-13.07,NA,1946-08-25,380239097395403,79,0,c(-97.665694, 38.043333),"1946","71-0",-97.665694,38.043333,203.8455811,"198-262"
"1963","Harvey",-13.12,NA,1946-08-30,380239097395403,79,0,c(-97.665694, 38.043333),"1946","71-0",-97.665694,38.043333,203.8455811,"198-262"
"1964","Harvey",-13.14,NA,1946-09-05,380239097395403,79,0,c(-97.665694, 38.043333),"1946","71-0",-97.665694,38.043333,203.8455811,"198-262"
"1965","Harvey",-13.19,NA,1946-09-10,380239097395403,79,0,c(-97.665694, 38.043333),"1946","71-0",-97.665694,38.043333,203.8455811,"198-262"
"1966","Harvey",-13.2,NA,1946-09-15,380239097395403,79,0,c(-97.665694, 38.043333),"1946","71-0",-97.665694,38.043333,203.8455811,"198-262"
"1967","Harvey",-13.23,NA,1946-09-20,380239097395403,79,0,c(-97.665694, 38.043333),"1946","71-0",-97.665694,38.043333,203.8455811,"198-262"
"1968","Harvey",-13.29,NA,1946-09-25,380239097395403,79,0,c(-97.665694, 38.043333),"1946","71-0",-97.665694,38.043333,203.8455811,"198-262"
"1969","Harvey",-13.37,NA,1946-09-30,380239097395403,79,0,c(-97.665694, 38.043333),"1946","71-0",-97.665694,38.043333,203.8455811,"198-262"
"1970","Harvey",-13.51,NA,1946-10-05,380239097395403,79,0,c(-97.665694, 38.043333),"1946","71-0",-97.665694,38.043333,203.8455811,"198-262"
"1971","Harvey",-13.51,NA,1946-10-10,380239097395403,79,0,c(-97.665694, 38.043333),"1946","71-0",-97.665694,38.043333,203.8455811,"198-262"
"1972","Harvey",-13.58,NA,1946-10-15,380239097395403,79,0,c(-97.665694, 38.043333),"1946","71-0",-97.665694,38.043333,203.8455811,"198-262"
"1973","Harvey",-13.61,NA,1946-10-20,380239097395403,79,0,c(-97.665694, 38.043333),"1946","71-0",-97.665694,38.043333,203.8455811,"198-262"
"1974","Harvey",-13.61,NA,1946-10-25,380239097395403,79,0,c(-97.665694, 38.043333),"1946","71-0",-97.665694,38.043333,203.8455811,"198-262"
"1975","Harvey",-13.67,NA,1946-10-30,380239097395403,79,0,c(-97.665694, 38.043333),"1946","71-0",-97.665694,38.043333,203.8455811,"198-262"
"1976","Harvey",-13.74,NA,1946-11-10,380239097395403,79,0,c(-97.665694, 38.043333),"1946","71-0",-97.665694,38.043333,203.8455811,"198-262"
"1977","Harvey",-13.72,NA,1946-11-15,380239097395403,79,0,c(-97.665694, 38.043333),"1946","71-0",-97.665694,38.043333,203.8455811,"198-262"
"1978","Harvey",-13.69,NA,1946-11-20,380239097395403,79,0,c(-97.665694, 38.043333),"1946","71-0",-97.665694,38.043333,203.8455811,"198-262"
"1979","Harvey",-13.75,NA,1946-11-25,380239097395403,79,0,c(-97.665694, 38.043333),"1946","71-0",-97.665694,38.043333,203.8455811,"198-262"
"1980","Harvey",-13.81,NA,1946-11-30,380239097395403,79,0,c(-97.665694, 38.043333),"1946","71-0",-97.665694,38.043333,203.8455811,"198-262"
"1981","Harvey",-13.8,NA,1946-12-05,380239097395403,79,0,c(-97.665694, 38.043333),"1946","71-0",-97.665694,38.043333,203.8455811,"198-262"
"1982","Harvey",-13.85,NA,1946-12-10,380239097395403,79,0,c(-97.665694, 38.043333),"1946","71-0",-97.665694,38.043333,203.8455811,"198-262"
"1983","Harvey",-13.81,NA,1946-12-15,380239097395403,79,0,c(-97.665694, 38.043333),"1946","71-0",-97.665694,38.043333,203.8455811,"198-262"
"1984","Harvey",-13.85,NA,1946-12-20,380239097395403,79,0,c(-97.665694, 38.043333),"1946","71-0",-97.665694,38.043333,203.8455811,"198-262"
"1985","Harvey",-13.88,NA,1946-12-25,380239097395403,79,0,c(-97.665694, 38.043333),"1946","71-0",-97.665694,38.043333,203.8455811,"198-262"
"1986","Harvey",-13.92,NA,1946-12-30,380239097395403,79,0,c(-97.665694, 38.043333),"1946","71-0",-97.665694,38.043333,203.8455811,"198-262"
"1987","Harvey",-25.62,NA,1946-01-04,375902097341301,79,0,c(-97.573194, 37.984583),"1946","71-0",-97.573194,37.984583,207.1409149,"198-262"
"1988","Harvey",-51.26,NA,1946-02-06,375902097341301,79,0,c(-97.573194, 37.984583),"1946","71-0",-97.573194,37.984583,207.1409149,"198-262"
"1989","Harvey",-51.51,NA,1946-03-07,375902097341301,79,0,c(-97.573194, 37.984583),"1946","71-0",-97.573194,37.984583,207.1409149,"198-262"
"1990","Harvey",-50.63,NA,1946-04-03,375902097341301,79,0,c(-97.573194, 37.984583),"1946","71-0",-97.573194,37.984583,207.1409149,"198-262"
"1991","Harvey",-51.31,NA,1946-04-30,375902097341301,79,0,c(-97.573194, 37.984583),"1946","71-0",-97.573194,37.984583,207.1409149,"198-262"
"1992","Harvey",-53.08,NA,1946-05-29,375902097341301,79,0,c(-97.573194, 37.984583),"1946","71-0",-97.573194,37.984583,207.1409149,"198-262"
"1993","Harvey",-51.48,NA,1946-07-03,375902097341301,79,0,c(-97.573194, 37.984583),"1946","71-0",-97.573194,37.984583,207.1409149,"198-262"
"1994","Harvey",-50.95,NA,1946-08-01,375902097341301,79,0,c(-97.573194, 37.984583),"1946","71-0",-97.573194,37.984583,207.1409149,"198-262"
"1995","Harvey",-33.01,NA,1946-08-27,375902097341301,79,0,c(-97.573194, 37.984583),"1946","71-0",-97.573194,37.984583,207.1409149,"198-262"
"1996","Harvey",-27.84,NA,1946-09-25,375902097341301,79,0,c(-97.573194, 37.984583),"1946","71-0",-97.573194,37.984583,207.1409149,"198-262"
"1997","Harvey",-52.52,NA,1946-11-08,375902097341301,79,0,c(-97.573194, 37.984583),"1946","71-0",-97.573194,37.984583,207.1409149,"198-262"
"1998","Harvey",-52.62,NA,1946-12-04,375902097341301,79,0,c(-97.573194, 37.984583),"1946","71-0",-97.573194,37.984583,207.1409149,"198-262"
"1999","Harvey",-18.85,NA,1946-01-04,375817097321001,79,0,c(-97.537917, 37.970972),"1946","71-0",-97.537917,37.970972,176.2811432,"132-197"
"2000","Harvey",-18.88,NA,1946-02-06,375817097321001,79,0,c(-97.537917, 37.970972),"1946","71-0",-97.537917,37.970972,176.2811432,"132-197"
"2001","Harvey",-48.6,NA,1946-03-07,375817097321001,79,0,c(-97.537917, 37.970972),"1946","71-0",-97.537917,37.970972,176.2811432,"132-197"
"2002","Harvey",-48.62,NA,1946-04-03,375817097321001,79,0,c(-97.537917, 37.970972),"1946","71-0",-97.537917,37.970972,176.2811432,"132-197"
"2003","Harvey",-48.88,NA,1946-04-30,375817097321001,79,0,c(-97.537917, 37.970972),"1946","71-0",-97.537917,37.970972,176.2811432,"132-197"
"2004","Harvey",-20.85,NA,1946-05-29,375817097321001,79,0,c(-97.537917, 37.970972),"1946","71-0",-97.537917,37.970972,176.2811432,"132-197"
"2005","Harvey",-21,NA,1946-07-03,375817097321001,79,0,c(-97.537917, 37.970972),"1946","71-0",-97.537917,37.970972,176.2811432,"132-197"
"2006","Harvey",-52.18,NA,1946-08-01,375817097321001,79,0,c(-97.537917, 37.970972),"1946","71-0",-97.537917,37.970972,176.2811432,"132-197"
"2007","Harvey",-54.47,NA,1946-08-27,375817097321001,79,0,c(-97.537917, 37.970972),"1946","71-0",-97.537917,37.970972,176.2811432,"132-197"
"2008","Harvey",-55.32,NA,1946-09-25,375817097321001,79,0,c(-97.537917, 37.970972),"1946","71-0",-97.537917,37.970972,176.2811432,"132-197"
"2009","Harvey",-52.76,NA,1946-11-08,375817097321001,79,0,c(-97.537917, 37.970972),"1946","71-0",-97.537917,37.970972,176.2811432,"132-197"
"2010","Harvey",-54.66,NA,1946-12-04,375817097321001,79,0,c(-97.537917, 37.970972),"1946","71-0",-97.537917,37.970972,176.2811432,"132-197"
"2011","Harvey",-12.53,NA,1946-01-01,375810097324301,79,0,c(-97.54625, 37.970139),"1946","71-0",-97.54625,37.970139,182.3513184,"132-197"
"2012","Harvey",-13.89,NA,1946-02-01,375810097324301,79,0,c(-97.54625, 37.970139),"1946","71-0",-97.54625,37.970139,182.3513184,"132-197"
"2013","Harvey",-12.95,NA,1946-02-25,375810097324301,79,0,c(-97.54625, 37.970139),"1946","71-0",-97.54625,37.970139,182.3513184,"132-197"
"2014","Harvey",-12.5,NA,1946-04-01,375810097324301,79,0,c(-97.54625, 37.970139),"1946","71-0",-97.54625,37.970139,182.3513184,"132-197"
"2015","Harvey",-14.06,NA,1946-04-30,375810097324301,79,0,c(-97.54625, 37.970139),"1946","71-0",-97.54625,37.970139,182.3513184,"132-197"
"2016","Harvey",-14.06,NA,1946-05-01,375810097324301,79,0,c(-97.54625, 37.970139),"1946","71-0",-97.54625,37.970139,182.3513184,"132-197"
"2017","Harvey",-14.01,NA,1946-06-01,375810097324301,79,0,c(-97.54625, 37.970139),"1946","71-0",-97.54625,37.970139,182.3513184,"132-197"
"2018","Harvey",-14.84,NA,1946-07-01,375810097324301,79,0,c(-97.54625, 37.970139),"1946","71-0",-97.54625,37.970139,182.3513184,"132-197"
"2019","Harvey",-16.34,NA,1946-07-31,375810097324301,79,0,c(-97.54625, 37.970139),"1946","71-0",-97.54625,37.970139,182.3513184,"132-197"
"2020","Harvey",-16.32,NA,1946-08-29,375810097324301,79,0,c(-97.54625, 37.970139),"1946","71-0",-97.54625,37.970139,182.3513184,"132-197"
"2021","Harvey",-16.04,NA,1946-09-25,375810097324301,79,0,c(-97.54625, 37.970139),"1946","71-0",-97.54625,37.970139,182.3513184,"132-197"
"2022","Harvey",-16.08,NA,1946-10-01,375810097324301,79,0,c(-97.54625, 37.970139),"1946","71-0",-97.54625,37.970139,182.3513184,"132-197"
"2023","Harvey",-15.99,NA,1946-11-01,375810097324301,79,0,c(-97.54625, 37.970139),"1946","71-0",-97.54625,37.970139,182.3513184,"132-197"
"2024","Harvey",-16.41,NA,1946-11-02,375810097324301,79,0,c(-97.54625, 37.970139),"1946","71-0",-97.54625,37.970139,182.3513184,"132-197"
"2025","Harvey",-15.24,NA,1946-12-02,375810097324301,79,0,c(-97.54625, 37.970139),"1946","71-0",-97.54625,37.970139,182.3513184,"132-197"
"2026","Harvey",-13.28,NA,1946-01-01,375810097324302,79,0,c(-97.54625, 37.970139),"1946","71-0",-97.54625,37.970139,182.3513184,"132-197"
"2027","Harvey",-14.92,NA,1946-02-01,375810097324302,79,0,c(-97.54625, 37.970139),"1946","71-0",-97.54625,37.970139,182.3513184,"132-197"
"2028","Harvey",-13.88,NA,1946-02-25,375810097324302,79,0,c(-97.54625, 37.970139),"1946","71-0",-97.54625,37.970139,182.3513184,"132-197"
"2029","Harvey",-13.02,NA,1946-04-01,375810097324302,79,0,c(-97.54625, 37.970139),"1946","71-0",-97.54625,37.970139,182.3513184,"132-197"
"2030","Harvey",-14.66,NA,1946-05-01,375810097324302,79,0,c(-97.54625, 37.970139),"1946","71-0",-97.54625,37.970139,182.3513184,"132-197"
"2031","Harvey",-14.91,NA,1946-05-31,375810097324302,79,0,c(-97.54625, 37.970139),"1946","71-0",-97.54625,37.970139,182.3513184,"132-197"
"2032","Harvey",-15.4,NA,1946-07-01,375810097324302,79,0,c(-97.54625, 37.970139),"1946","71-0",-97.54625,37.970139,182.3513184,"132-197"
"2033","Harvey",-17.08,NA,1946-07-31,375810097324302,79,0,c(-97.54625, 37.970139),"1946","71-0",-97.54625,37.970139,182.3513184,"132-197"
"2034","Harvey",-16.87,NA,1946-08-29,375810097324302,79,0,c(-97.54625, 37.970139),"1946","71-0",-97.54625,37.970139,182.3513184,"132-197"
"2035","Harvey",-18.1,NA,1946-09-25,375810097324302,79,0,c(-97.54625, 37.970139),"1946","71-0",-97.54625,37.970139,182.3513184,"132-197"
"2036","Harvey",-16.44,NA,1946-11-01,375810097324302,79,0,c(-97.54625, 37.970139),"1946","71-0",-97.54625,37.970139,182.3513184,"132-197"
"2037","Harvey",-16,NA,1946-12-02,375810097324302,79,0,c(-97.54625, 37.970139),"1946","71-0",-97.54625,37.970139,182.3513184,"132-197"
"2038","Reno",-3.47,NA,1946-01-22,375820097452802,155,0,c(-97.757222, 37.971111),"1946","71-0",-97.757222,37.971111,288.3906555,"263-328"
"2039","Harvey",-50.16,NA,1946-01-04,375807097330301,79,0,c(-97.554583, 37.97),"1946","71-0",-97.554583,37.97,184.97612,"132-197"
"2040","Harvey",-50.38,NA,1946-02-06,375807097330301,79,0,c(-97.554583, 37.97),"1946","71-0",-97.554583,37.97,184.97612,"132-197"
"2041","Harvey",-47.82,NA,1946-03-07,375807097330301,79,0,c(-97.554583, 37.97),"1946","71-0",-97.554583,37.97,184.97612,"132-197"
"2042","Harvey",-47.75,NA,1946-04-03,375807097330301,79,0,c(-97.554583, 37.97),"1946","71-0",-97.554583,37.97,184.97612,"132-197"
"2043","Harvey",-47,NA,1946-04-30,375807097330301,79,0,c(-97.554583, 37.97),"1946","71-0",-97.554583,37.97,184.97612,"132-197"
"2044","Harvey",-47.8,NA,1946-05-29,375807097330301,79,0,c(-97.554583, 37.97),"1946","71-0",-97.554583,37.97,184.97612,"132-197"
"2045","Harvey",-48.5,NA,1946-07-03,375807097330301,79,0,c(-97.554583, 37.97),"1946","71-0",-97.554583,37.97,184.97612,"132-197"
"2046","Harvey",-49.5,NA,1946-08-01,375807097330301,79,0,c(-97.554583, 37.97),"1946","71-0",-97.554583,37.97,184.97612,"132-197"
"2047","Harvey",-52.7,NA,1946-08-27,375807097330301,79,0,c(-97.554583, 37.97),"1946","71-0",-97.554583,37.97,184.97612,"132-197"
"2048","Harvey",-49.12,NA,1946-09-25,375807097330301,79,0,c(-97.554583, 37.97),"1946","71-0",-97.554583,37.97,184.97612,"132-197"
"2049","Harvey",-31.02,NA,1946-11-08,375807097330301,79,0,c(-97.554583, 37.97),"1946","71-0",-97.554583,37.97,184.97612,"132-197"
"2050","Harvey",-48.88,NA,1946-12-04,375807097330301,79,0,c(-97.554583, 37.97),"1946","71-0",-97.554583,37.97,184.97612,"132-197"
"2051","Harvey",-2.23,"PATTERSON",1946-01-23,375725097404801,79,0,c(-97.683889, 37.95625),"1946","71-0",-97.683889,37.95625,138.9560089,"132-197"
"2052","Harvey",-5.97,"PATTERSON",1946-07-12,375725097404801,79,0,c(-97.683889, 37.95625),"1946","71-0",-97.683889,37.95625,138.9560089,"132-197"
"2053","Harvey",-7.34,"PATTERSON",1946-10-02,375725097404801,79,0,c(-97.683889, 37.95625),"1946","71-0",-97.683889,37.95625,138.9560089,"132-197"
"2054","Harvey",-35.45,NA,1946-03-07,380021097341301,79,0,c(-97.573056, 38.00625),"1946","71-0",-97.573056,38.00625,208.1360779,"198-262"
"2055","Harvey",-37.7,NA,1946-07-03,380021097341301,79,0,c(-97.573056, 38.00625),"1946","71-0",-97.573056,38.00625,208.1360779,"198-262"
"2056","Harvey",-42.88,NA,1946-08-27,380021097341301,79,0,c(-97.573056, 38.00625),"1946","71-0",-97.573056,38.00625,208.1360779,"198-262"
"2057","Harvey",-39.89,NA,1946-09-25,380021097341301,79,0,c(-97.573056, 38.00625),"1946","71-0",-97.573056,38.00625,208.1360779,"198-262"
"2058","Harvey",-35.74,NA,1946-12-07,380021097341301,79,0,c(-97.573056, 38.00625),"1946","71-0",-97.573056,38.00625,208.1360779,"198-262"
"2059","Harvey",-25.73,NA,1946-01-04,375836097330701,79,0,c(-97.554722, 37.977222),"1946","71-0",-97.554722,37.977222,184.6026459,"132-197"
"2060","Harvey",-54.71,NA,1946-02-06,375836097330701,79,0,c(-97.554722, 37.977222),"1946","71-0",-97.554722,37.977222,184.6026459,"132-197"
"2061","Harvey",-53.47,NA,1946-03-07,375836097330701,79,0,c(-97.554722, 37.977222),"1946","71-0",-97.554722,37.977222,184.6026459,"132-197"
"2062","Harvey",-52.57,NA,1946-04-03,375836097330701,79,0,c(-97.554722, 37.977222),"1946","71-0",-97.554722,37.977222,184.6026459,"132-197"
"2063","Harvey",-55.28,NA,1946-04-30,375836097330701,79,0,c(-97.554722, 37.977222),"1946","71-0",-97.554722,37.977222,184.6026459,"132-197"
"2064","Harvey",-56.2,NA,1946-05-29,375836097330701,79,0,c(-97.554722, 37.977222),"1946","71-0",-97.554722,37.977222,184.6026459,"132-197"
"2065","Harvey",-57.25,NA,1946-07-03,375836097330701,79,0,c(-97.554722, 37.977222),"1946","71-0",-97.554722,37.977222,184.6026459,"132-197"
"2066","Harvey",-57.74,NA,1946-08-01,375836097330701,79,0,c(-97.554722, 37.977222),"1946","71-0",-97.554722,37.977222,184.6026459,"132-197"
"2067","Harvey",-60,NA,1946-08-27,375836097330701,79,0,c(-97.554722, 37.977222),"1946","71-0",-97.554722,37.977222,184.6026459,"132-197"
"2068","Harvey",-61.51,NA,1946-09-25,375836097330701,79,0,c(-97.554722, 37.977222),"1946","71-0",-97.554722,37.977222,184.6026459,"132-197"
"2069","Harvey",-60.62,NA,1946-11-08,375836097330701,79,0,c(-97.554722, 37.977222),"1946","71-0",-97.554722,37.977222,184.6026459,"132-197"
"2070","Harvey",-56.64,NA,1946-12-04,375836097330701,79,0,c(-97.554722, 37.977222),"1946","71-0",-97.554722,37.977222,184.6026459,"132-197"
"2071","Harvey",-31.42,NA,1946-01-04,380139097341402,79,0,c(-97.573639, 38.0276),"1946","71-0",-97.573639,38.0276,201.8447571,"198-262"
"2072","Harvey",-27.11,NA,1946-02-06,380139097341402,79,0,c(-97.573639, 38.0276),"1946","71-0",-97.573639,38.0276,201.8447571,"198-262"
"2073","Harvey",-31.26,NA,1946-03-07,380139097341402,79,0,c(-97.573639, 38.0276),"1946","71-0",-97.573639,38.0276,201.8447571,"198-262"
"2074","Harvey",-30.93,NA,1946-04-03,380139097341402,79,0,c(-97.573639, 38.0276),"1946","71-0",-97.573639,38.0276,201.8447571,"198-262"
"2075","Harvey",-28.37,NA,1946-04-30,380139097341402,79,0,c(-97.573639, 38.0276),"1946","71-0",-97.573639,38.0276,201.8447571,"198-262"
"2076","Harvey",-32.09,NA,1946-05-29,380139097341402,79,0,c(-97.573639, 38.0276),"1946","71-0",-97.573639,38.0276,201.8447571,"198-262"
"2077","Harvey",-29.86,NA,1946-07-03,380139097341402,79,0,c(-97.573639, 38.0276),"1946","71-0",-97.573639,38.0276,201.8447571,"198-262"
"2078","Harvey",-36.35,NA,1946-08-01,380139097341402,79,0,c(-97.573639, 38.0276),"1946","71-0",-97.573639,38.0276,201.8447571,"198-262"
"2079","Harvey",-34.03,NA,1946-08-27,380139097341402,79,0,c(-97.573639, 38.0276),"1946","71-0",-97.573639,38.0276,201.8447571,"198-262"
"2080","Harvey",-36.44,NA,1946-09-25,380139097341402,79,0,c(-97.573639, 38.0276),"1946","71-0",-97.573639,38.0276,201.8447571,"198-262"
"2081","Harvey",-30.32,NA,1946-11-08,380139097341402,79,0,c(-97.573639, 38.0276),"1946","71-0",-97.573639,38.0276,201.8447571,"198-262"
"2082","Harvey",-36.14,NA,1946-12-04,380139097341402,79,0,c(-97.573639, 38.0276),"1946","71-0",-97.573639,38.0276,201.8447571,"198-262"
"2083","Harvey",-3.69,"PATTERSON",1946-01-22,375910097405801,79,0,c(-97.684028, 37.985278),"1946","71-0",-97.684028,37.985278,117.7985229,"66-131"
"2084","Harvey",-6.24,"PATTERSON",1946-07-12,375910097405801,79,0,c(-97.684028, 37.985278),"1946","71-0",-97.684028,37.985278,117.7985229,"66-131"
"2085","Harvey",-7.83,"PATTERSON",1946-10-02,375910097405801,79,0,c(-97.684028, 37.985278),"1946","71-0",-97.684028,37.985278,117.7985229,"66-131"
"2086","McPherson",-30.5,NA,1946-04-01,383219097411301,113,0,c(-97.687452, 38.538215),"1946","71-0",-97.687452,38.538215,NA,NA
"2087","McPherson",-30.53,NA,1946-04-23,383219097411301,113,0,c(-97.687452, 38.538215),"1946","71-0",-97.687452,38.538215,NA,NA
"2088","McPherson",-30.94,NA,1946-07-03,383219097411301,113,0,c(-97.687452, 38.538215),"1946","71-0",-97.687452,38.538215,NA,NA
"2089","McPherson",-31.05,NA,1946-08-01,383219097411301,113,0,c(-97.687452, 38.538215),"1946","71-0",-97.687452,38.538215,NA,NA
"2090","McPherson",-31.23,NA,1946-09-05,383219097411301,113,0,c(-97.687452, 38.538215),"1946","71-0",-97.687452,38.538215,NA,NA
"2091","McPherson",-30.69,NA,1946-10-01,383219097411301,113,0,c(-97.687452, 38.538215),"1946","71-0",-97.687452,38.538215,NA,NA
"2092","McPherson",-29.5,NA,1946-11-04,383219097411301,113,0,c(-97.687452, 38.538215),"1946","71-0",-97.687452,38.538215,NA,NA
"2093","McPherson",-29.4,NA,1946-12-02,383219097411301,113,0,c(-97.687452, 38.538215),"1946","71-0",-97.687452,38.538215,NA,NA
"2094","McPherson",-29.63,NA,1946-12-23,383219097411301,113,0,c(-97.687452, 38.538215),"1946","71-0",-97.687452,38.538215,NA,NA
"2095","Saline",-20.6,NA,1946-04-09,383729097370201,169,0,c(-97.619532, 38.623556),"1946","71-0",-97.619532,38.623556,NA,NA
"2096","Saline",-21.13,NA,1946-07-03,383729097370201,169,0,c(-97.619532, 38.623556),"1946","71-0",-97.619532,38.623556,NA,NA
"2097","Saline",-21.27,NA,1946-08-01,383729097370201,169,0,c(-97.619532, 38.623556),"1946","71-0",-97.619532,38.623556,NA,NA
"2098","Saline",-21.39,NA,1946-09-05,383729097370201,169,0,c(-97.619532, 38.623556),"1946","71-0",-97.619532,38.623556,NA,NA
"2099","Saline",-20.57,NA,1946-10-01,383729097370201,169,0,c(-97.619532, 38.623556),"1946","71-0",-97.619532,38.623556,NA,NA
"2100","Saline",-19.06,NA,1946-11-04,383729097370201,169,0,c(-97.619532, 38.623556),"1946","71-0",-97.619532,38.623556,NA,NA
"2101","Saline",-19,NA,1946-12-02,383729097370201,169,0,c(-97.619532, 38.623556),"1946","71-0",-97.619532,38.623556,NA,NA
"2102","Saline",-19.35,NA,1946-12-23,383729097370201,169,0,c(-97.619532, 38.623556),"1946","71-0",-97.619532,38.623556,NA,NA
"2103","Harvey",-31.52,NA,1946-01-05,375625097310401,79,0,c(-97.519444, 37.940833),"1946","71-0",-97.519444,37.940833,166.8974304,"132-197"
"2104","Harvey",-15.38,NA,1946-02-05,375625097310401,79,0,c(-97.519444, 37.940833),"1946","71-0",-97.519444,37.940833,166.8974304,"132-197"
"2105","Harvey",-16.71,NA,1946-03-07,375625097310401,79,0,c(-97.519444, 37.940833),"1946","71-0",-97.519444,37.940833,166.8974304,"132-197"
"2106","Harvey",-16.61,NA,1946-04-03,375625097310401,79,0,c(-97.519444, 37.940833),"1946","71-0",-97.519444,37.940833,166.8974304,"132-197"
"2107","Harvey",-33.78,NA,1946-04-30,375625097310401,79,0,c(-97.519444, 37.940833),"1946","71-0",-97.519444,37.940833,166.8974304,"132-197"
"2108","Harvey",-32.52,NA,1946-05-29,375625097310401,79,0,c(-97.519444, 37.940833),"1946","71-0",-97.519444,37.940833,166.8974304,"132-197"
"2109","Harvey",-35.1,NA,1946-07-03,375625097310401,79,0,c(-97.519444, 37.940833),"1946","71-0",-97.519444,37.940833,166.8974304,"132-197"
"2110","Harvey",-36.28,NA,1946-08-01,375625097310401,79,0,c(-97.519444, 37.940833),"1946","71-0",-97.519444,37.940833,166.8974304,"132-197"
"2111","Harvey",-34.8,NA,1946-08-27,375625097310401,79,0,c(-97.519444, 37.940833),"1946","71-0",-97.519444,37.940833,166.8974304,"132-197"
"2112","Harvey",-19.81,NA,1946-09-25,375625097310401,79,0,c(-97.519444, 37.940833),"1946","71-0",-97.519444,37.940833,166.8974304,"132-197"
"2113","Harvey",-17.8,NA,1946-11-08,375625097310401,79,0,c(-97.519444, 37.940833),"1946","71-0",-97.519444,37.940833,166.8974304,"132-197"
"2114","Harvey",-32.82,NA,1946-12-04,375625097310401,79,0,c(-97.519444, 37.940833),"1946","71-0",-97.519444,37.940833,166.8974304,"132-197"
"2115","Sedgwick",-8.98,NA,1946-01-07,375256097264001,173,0,c(-97.445694, 37.883056),"1946","71-0",-97.445694,37.883056,114.5030518,"66-131"
"2116","Sedgwick",-8.97,NA,1946-01-14,375256097264001,173,0,c(-97.445694, 37.883056),"1946","71-0",-97.445694,37.883056,114.5030518,"66-131"
"2117","Sedgwick",-8.91,NA,1946-01-21,375256097264001,173,0,c(-97.445694, 37.883056),"1946","71-0",-97.445694,37.883056,114.5030518,"66-131"
"2118","Sedgwick",-8.95,NA,1946-01-28,375256097264001,173,0,c(-97.445694, 37.883056),"1946","71-0",-97.445694,37.883056,114.5030518,"66-131"
"2119","Sedgwick",-9.33,NA,1946-02-04,375256097264001,173,0,c(-97.445694, 37.883056),"1946","71-0",-97.445694,37.883056,114.5030518,"66-131"
"2120","Sedgwick",-8.38,NA,1946-02-11,375256097264001,173,0,c(-97.445694, 37.883056),"1946","71-0",-97.445694,37.883056,114.5030518,"66-131"
"2121","Sedgwick",-9.41,NA,1946-02-18,375256097264001,173,0,c(-97.445694, 37.883056),"1946","71-0",-97.445694,37.883056,114.5030518,"66-131"
"2122","Sedgwick",-9.43,NA,1946-02-25,375256097264001,173,0,c(-97.445694, 37.883056),"1946","71-0",-97.445694,37.883056,114.5030518,"66-131"
"2123","Sedgwick",-9.66,NA,1946-03-01,375256097264001,173,0,c(-97.445694, 37.883056),"1946","71-0",-97.445694,37.883056,114.5030518,"66-131"
"2124","Sedgwick",-9.68,NA,1946-03-04,375256097264001,173,0,c(-97.445694, 37.883056),"1946","71-0",-97.445694,37.883056,114.5030518,"66-131"
"2125","Sedgwick",-9.67,NA,1946-03-18,375256097264001,173,0,c(-97.445694, 37.883056),"1946","71-0",-97.445694,37.883056,114.5030518,"66-131"
"2126","Sedgwick",-9.64,NA,1946-03-25,375256097264001,173,0,c(-97.445694, 37.883056),"1946","71-0",-97.445694,37.883056,114.5030518,"66-131"
"2127","Sedgwick",-9.61,NA,1946-04-01,375256097264001,173,0,c(-97.445694, 37.883056),"1946","71-0",-97.445694,37.883056,114.5030518,"66-131"
"2128","Sedgwick",-9.67,NA,1946-04-08,375256097264001,173,0,c(-97.445694, 37.883056),"1946","71-0",-97.445694,37.883056,114.5030518,"66-131"
"2129","Sedgwick",-9.71,NA,1946-04-15,375256097264001,173,0,c(-97.445694, 37.883056),"1946","71-0",-97.445694,37.883056,114.5030518,"66-131"
"2130","Sedgwick",-9.73,NA,1946-04-22,375256097264001,173,0,c(-97.445694, 37.883056),"1946","71-0",-97.445694,37.883056,114.5030518,"66-131"
"2131","Sedgwick",-9.81,NA,1946-04-29,375256097264001,173,0,c(-97.445694, 37.883056),"1946","71-0",-97.445694,37.883056,114.5030518,"66-131"
"2132","Sedgwick",-9.86,NA,1946-05-06,375256097264001,173,0,c(-97.445694, 37.883056),"1946","71-0",-97.445694,37.883056,114.5030518,"66-131"
"2133","Sedgwick",-9.88,NA,1946-05-13,375256097264001,173,0,c(-97.445694, 37.883056),"1946","71-0",-97.445694,37.883056,114.5030518,"66-131"
"2134","Sedgwick",-10.14,NA,1946-05-20,375256097264001,173,0,c(-97.445694, 37.883056),"1946","71-0",-97.445694,37.883056,114.5030518,"66-131"
"2135","Sedgwick",-10.29,NA,1946-05-27,375256097264001,173,0,c(-97.445694, 37.883056),"1946","71-0",-97.445694,37.883056,114.5030518,"66-131"
"2136","Sedgwick",-10.32,NA,1946-06-03,375256097264001,173,0,c(-97.445694, 37.883056),"1946","71-0",-97.445694,37.883056,114.5030518,"66-131"
"2137","Sedgwick",-10.44,NA,1946-06-17,375256097264001,173,0,c(-97.445694, 37.883056),"1946","71-0",-97.445694,37.883056,114.5030518,"66-131"
"2138","Sedgwick",-10.74,NA,1946-07-01,375256097264001,173,0,c(-97.445694, 37.883056),"1946","71-0",-97.445694,37.883056,114.5030518,"66-131"
"2139","Sedgwick",-10.82,NA,1946-07-08,375256097264001,173,0,c(-97.445694, 37.883056),"1946","71-0",-97.445694,37.883056,114.5030518,"66-131"
"2140","Sedgwick",-10.81,NA,1946-07-15,375256097264001,173,0,c(-97.445694, 37.883056),"1946","71-0",-97.445694,37.883056,114.5030518,"66-131"
"2141","Sedgwick",-11.04,NA,1946-07-22,375256097264001,173,0,c(-97.445694, 37.883056),"1946","71-0",-97.445694,37.883056,114.5030518,"66-131"
"2142","Sedgwick",-11.02,NA,1946-07-29,375256097264001,173,0,c(-97.445694, 37.883056),"1946","71-0",-97.445694,37.883056,114.5030518,"66-131"
"2143","Sedgwick",-11.31,NA,1946-08-05,375256097264001,173,0,c(-97.445694, 37.883056),"1946","71-0",-97.445694,37.883056,114.5030518,"66-131"
"2144","Sedgwick",-11.36,NA,1946-08-12,375256097264001,173,0,c(-97.445694, 37.883056),"1946","71-0",-97.445694,37.883056,114.5030518,"66-131"
"2145","Sedgwick",-11.45,NA,1946-08-19,375256097264001,173,0,c(-97.445694, 37.883056),"1946","71-0",-97.445694,37.883056,114.5030518,"66-131"
"2146","Sedgwick",-11.65,NA,1946-08-26,375256097264001,173,0,c(-97.445694, 37.883056),"1946","71-0",-97.445694,37.883056,114.5030518,"66-131"
"2147","Sedgwick",-11.67,NA,1946-09-02,375256097264001,173,0,c(-97.445694, 37.883056),"1946","71-0",-97.445694,37.883056,114.5030518,"66-131"
"2148","Sedgwick",-11.73,NA,1946-09-09,375256097264001,173,0,c(-97.445694, 37.883056),"1946","71-0",-97.445694,37.883056,114.5030518,"66-131"
"2149","Sedgwick",-11.87,NA,1946-09-16,375256097264001,173,0,c(-97.445694, 37.883056),"1946","71-0",-97.445694,37.883056,114.5030518,"66-131"
"2150","Sedgwick",-11.94,NA,1946-09-23,375256097264001,173,0,c(-97.445694, 37.883056),"1946","71-0",-97.445694,37.883056,114.5030518,"66-131"
"2151","Sedgwick",-12.06,NA,1946-09-30,375256097264001,173,0,c(-97.445694, 37.883056),"1946","71-0",-97.445694,37.883056,114.5030518,"66-131"
"2152","Sedgwick",-12.11,NA,1946-10-07,375256097264001,173,0,c(-97.445694, 37.883056),"1946","71-0",-97.445694,37.883056,114.5030518,"66-131"
"2153","Sedgwick",-12.21,NA,1946-10-14,375256097264001,173,0,c(-97.445694, 37.883056),"1946","71-0",-97.445694,37.883056,114.5030518,"66-131"
"2154","Sedgwick",-12.24,NA,1946-10-21,375256097264001,173,0,c(-97.445694, 37.883056),"1946","71-0",-97.445694,37.883056,114.5030518,"66-131"
"2155","Sedgwick",-12.3,NA,1946-10-28,375256097264001,173,0,c(-97.445694, 37.883056),"1946","71-0",-97.445694,37.883056,114.5030518,"66-131"
"2156","Sedgwick",-12.34,NA,1946-11-04,375256097264001,173,0,c(-97.445694, 37.883056),"1946","71-0",-97.445694,37.883056,114.5030518,"66-131"
"2157","Sedgwick",-12.42,NA,1946-11-18,375256097264001,173,0,c(-97.445694, 37.883056),"1946","71-0",-97.445694,37.883056,114.5030518,"66-131"
"2158","Sedgwick",-12.48,NA,1946-11-25,375256097264001,173,0,c(-97.445694, 37.883056),"1946","71-0",-97.445694,37.883056,114.5030518,"66-131"
"2159","Sedgwick",-12.52,NA,1946-12-02,375256097264001,173,0,c(-97.445694, 37.883056),"1946","71-0",-97.445694,37.883056,114.5030518,"66-131"
"2160","Sedgwick",-12.61,NA,1946-12-09,375256097264001,173,0,c(-97.445694, 37.883056),"1946","71-0",-97.445694,37.883056,114.5030518,"66-131"
"2161","Sedgwick",-12.58,NA,1946-12-16,375256097264001,173,0,c(-97.445694, 37.883056),"1946","71-0",-97.445694,37.883056,114.5030518,"66-131"
"2162","Sedgwick",-12.64,NA,1946-12-23,375256097264001,173,0,c(-97.445694, 37.883056),"1946","71-0",-97.445694,37.883056,114.5030518,"66-131"
"2163","Sedgwick",-12.63,NA,1946-12-30,375256097264001,173,0,c(-97.445694, 37.883056),"1946","71-0",-97.445694,37.883056,114.5030518,"66-131"
"2164","Harvey",-27.11,NA,1946-01-04,375902097334802,79,0,c(-97.566797, 37.985025),"1946","71-0",-97.566797,37.985025,204.4059601,"198-262"
"2165","Harvey",-27.06,NA,1946-02-06,375902097334802,79,0,c(-97.566797, 37.985025),"1946","71-0",-97.566797,37.985025,204.4059601,"198-262"
"2166","Harvey",-27.18,NA,1946-03-07,375902097334802,79,0,c(-97.566797, 37.985025),"1946","71-0",-97.566797,37.985025,204.4059601,"198-262"
"2167","Harvey",-26.91,NA,1946-04-03,375902097334802,79,0,c(-97.566797, 37.985025),"1946","71-0",-97.566797,37.985025,204.4059601,"198-262"
"2168","Harvey",-26.99,NA,1946-04-30,375902097334802,79,0,c(-97.566797, 37.985025),"1946","71-0",-97.566797,37.985025,204.4059601,"198-262"
"2169","Harvey",-26.46,NA,1946-05-29,375902097334802,79,0,c(-97.566797, 37.985025),"1946","71-0",-97.566797,37.985025,204.4059601,"198-262"
"2170","Harvey",-27.8,NA,1946-07-03,375902097334802,79,0,c(-97.566797, 37.985025),"1946","71-0",-97.566797,37.985025,204.4059601,"198-262"
"2171","Harvey",-28.04,NA,1946-08-01,375902097334802,79,0,c(-97.566797, 37.985025),"1946","71-0",-97.566797,37.985025,204.4059601,"198-262"
"2172","Harvey",-29.44,NA,1946-08-27,375902097334802,79,0,c(-97.566797, 37.985025),"1946","71-0",-97.566797,37.985025,204.4059601,"198-262"
"2173","Harvey",-28.12,NA,1946-09-25,375902097334802,79,0,c(-97.566797, 37.985025),"1946","71-0",-97.566797,37.985025,204.4059601,"198-262"
"2174","Harvey",-27.92,NA,1946-11-08,375902097334802,79,0,c(-97.566797, 37.985025),"1946","71-0",-97.566797,37.985025,204.4059601,"198-262"
"2175","Harvey",-27.88,NA,1946-12-04,375902097334802,79,0,c(-97.566797, 37.985025),"1946","71-0",-97.566797,37.985025,204.4059601,"198-262"
"2176","Harvey",-4.54,"BURRTON",1946-01-22,380048097395202,79,0,c(-97.665786, 38.013989),"1946","71-0",-97.665786,38.013989,142.5135498,"132-197"
"2177","Harvey",-6.39,"BURRTON",1946-07-12,380048097395202,79,0,c(-97.665786, 38.013989),"1946","71-0",-97.665786,38.013989,142.5135498,"132-197"
"2178","Harvey",-6.32,"BURRTON",1946-10-02,380048097395202,79,0,c(-97.665786, 38.013989),"1946","71-0",-97.665786,38.013989,142.5135498,"132-197"
"2179","Harvey",-32.33,NA,1946-01-04,380001097341302,79,0,c(-97.573658, 38.000994),"1946","71-0",-97.573658,38.000994,206.3803253,"198-262"
"2180","Harvey",-32.56,NA,1946-02-06,380001097341302,79,0,c(-97.573658, 38.000994),"1946","71-0",-97.573658,38.000994,206.3803253,"198-262"
"2181","Harvey",-31.71,NA,1946-03-07,380001097341302,79,0,c(-97.573658, 38.000994),"1946","71-0",-97.573658,38.000994,206.3803253,"198-262"
"2182","Harvey",-30.49,NA,1946-04-03,380001097341302,79,0,c(-97.573658, 38.000994),"1946","71-0",-97.573658,38.000994,206.3803253,"198-262"
"2183","Harvey",-32.6,NA,1946-04-30,380001097341302,79,0,c(-97.573658, 38.000994),"1946","71-0",-97.573658,38.000994,206.3803253,"198-262"
"2184","Harvey",-30.48,NA,1946-05-29,380001097341302,79,0,c(-97.573658, 38.000994),"1946","71-0",-97.573658,38.000994,206.3803253,"198-262"
"2185","Harvey",-32.58,NA,1946-07-03,380001097341302,79,0,c(-97.573658, 38.000994),"1946","71-0",-97.573658,38.000994,206.3803253,"198-262"
"2186","Harvey",-34.45,NA,1946-08-01,380001097341302,79,0,c(-97.573658, 38.000994),"1946","71-0",-97.573658,38.000994,206.3803253,"198-262"
"2187","Harvey",-32.78,NA,1946-08-27,380001097341302,79,0,c(-97.573658, 38.000994),"1946","71-0",-97.573658,38.000994,206.3803253,"198-262"
"2188","Harvey",-34.4,NA,1946-09-25,380001097341302,79,0,c(-97.573658, 38.000994),"1946","71-0",-97.573658,38.000994,206.3803253,"198-262"
"2189","Harvey",-30.25,NA,1946-11-08,380001097341302,79,0,c(-97.573658, 38.000994),"1946","71-0",-97.573658,38.000994,206.3803253,"198-262"
"2190","Harvey",-33.59,NA,1946-12-04,380001097341302,79,0,c(-97.573658, 38.000994),"1946","71-0",-97.573658,38.000994,206.3803253,"198-262"
"2191","Harvey",-42.6,NA,1946-01-03,380001097342102,79,0,c(-97.573889, 37.999722),"1946","71-0",-97.573889,37.999722,206.3803253,"198-262"
"2192","Harvey",-34.27,NA,1946-02-01,380001097342102,79,0,c(-97.573889, 37.999722),"1946","71-0",-97.573889,37.999722,206.3803253,"198-262"
"2193","Harvey",-34.61,NA,1946-03-05,380001097342102,79,0,c(-97.573889, 37.999722),"1946","71-0",-97.573889,37.999722,206.3803253,"198-262"
"2194","Harvey",-42.04,NA,1946-04-02,380001097342102,79,0,c(-97.573889, 37.999722),"1946","71-0",-97.573889,37.999722,206.3803253,"198-262"
"2195","Harvey",-41.95,NA,1946-05-01,380001097342102,79,0,c(-97.573889, 37.999722),"1946","71-0",-97.573889,37.999722,206.3803253,"198-262"
"2196","Harvey",-41.6,NA,1946-05-13,380001097342102,79,0,c(-97.573889, 37.999722),"1946","71-0",-97.573889,37.999722,206.3803253,"198-262"
"2197","Harvey",-38.65,NA,1946-07-03,380001097342102,79,0,c(-97.573889, 37.999722),"1946","71-0",-97.573889,37.999722,206.3803253,"198-262"
"2198","Harvey",-45.75,NA,1946-07-31,380001097342102,79,0,c(-97.573889, 37.999722),"1946","71-0",-97.573889,37.999722,206.3803253,"198-262"
"2199","Harvey",-39.45,NA,1946-08-27,380001097342102,79,0,c(-97.573889, 37.999722),"1946","71-0",-97.573889,37.999722,206.3803253,"198-262"
"2200","Harvey",-41.36,NA,1946-09-25,380001097342102,79,0,c(-97.573889, 37.999722),"1946","71-0",-97.573889,37.999722,206.3803253,"198-262"
"2201","Harvey",-41.21,NA,1946-11-08,380001097342102,79,0,c(-97.573889, 37.999722),"1946","71-0",-97.573889,37.999722,206.3803253,"198-262"
"2202","Harvey",-39.21,NA,1946-12-06,380001097342102,79,0,c(-97.573889, 37.999722),"1946","71-0",-97.573889,37.999722,206.3803253,"198-262"
"2203","Harvey",-3.84,"PATTERSON",1946-01-22,380002097401702,79,0,c(-97.674453, 37.999842),"1946","71-0",-97.674453,37.999842,125.8531723,"66-131"
"2204","Harvey",-6.08,"PATTERSON",1946-07-12,380002097401702,79,0,c(-97.674453, 37.999842),"1946","71-0",-97.674453,37.999842,125.8531723,"66-131"
"2205","Harvey",-7.24,"PATTERSON",1946-10-02,380002097401702,79,0,c(-97.674453, 37.999842),"1946","71-0",-97.674453,37.999842,125.8531723,"66-131"
"2206","Harvey",-8.27,"PATTERSON",1946-01-22,375811097415502,79,0,c(-97.701806, 37.970417),"1946","71-0",-97.701806,37.970417,179.7404633,"132-197"
"2207","Harvey",-9.75,"PATTERSON",1946-07-12,375811097415502,79,0,c(-97.701806, 37.970417),"1946","71-0",-97.701806,37.970417,179.7404633,"132-197"
"2208","Harvey",-12.08,"PATTERSON",1946-10-02,375811097415502,79,0,c(-97.701806, 37.970417),"1946","71-0",-97.701806,37.970417,179.7404633,"132-197"
"2209","Harvey",-18.83,NA,1946-01-04,375817097321002,79,0,c(-97.537361, 37.972222),"1946","71-0",-97.537361,37.972222,176.2811432,"132-197"
"2210","Harvey",-18.86,NA,1946-02-06,375817097321002,79,0,c(-97.537361, 37.972222),"1946","71-0",-97.537361,37.972222,176.2811432,"132-197"
"2211","Harvey",-19.38,NA,1946-03-07,375817097321002,79,0,c(-97.537361, 37.972222),"1946","71-0",-97.537361,37.972222,176.2811432,"132-197"
"2212","Harvey",-19.12,NA,1946-04-03,375817097321002,79,0,c(-97.537361, 37.972222),"1946","71-0",-97.537361,37.972222,176.2811432,"132-197"
"2213","Harvey",-19.27,NA,1946-04-30,375817097321002,79,0,c(-97.537361, 37.972222),"1946","71-0",-97.537361,37.972222,176.2811432,"132-197"
"2214","Harvey",-18.64,NA,1946-05-29,375817097321002,79,0,c(-97.537361, 37.972222),"1946","71-0",-97.537361,37.972222,176.2811432,"132-197"
"2215","Harvey",-19.51,NA,1946-07-03,375817097321002,79,0,c(-97.537361, 37.972222),"1946","71-0",-97.537361,37.972222,176.2811432,"132-197"
"2216","Harvey",-22.02,NA,1946-08-01,375817097321002,79,0,c(-97.537361, 37.972222),"1946","71-0",-97.537361,37.972222,176.2811432,"132-197"
"2217","Harvey",-22.52,NA,1946-08-27,375817097321002,79,0,c(-97.537361, 37.972222),"1946","71-0",-97.537361,37.972222,176.2811432,"132-197"
"2218","Harvey",-22.19,NA,1946-09-25,375817097321002,79,0,c(-97.537361, 37.972222),"1946","71-0",-97.537361,37.972222,176.2811432,"132-197"
"2219","Harvey",-21.64,NA,1946-11-08,375817097321002,79,0,c(-97.537361, 37.972222),"1946","71-0",-97.537361,37.972222,176.2811432,"132-197"
"2220","Harvey",-22.56,NA,1946-12-04,375817097321002,79,0,c(-97.537361, 37.972222),"1946","71-0",-97.537361,37.972222,176.2811432,"132-197"
"2221","Harvey",-11.4,NA,1946-01-07,375724097295101,79,0,c(-97.500417, 37.956111),"1946","71-0",-97.500417,37.956111,158.6879578,"132-197"
"2222","Harvey",-11.36,NA,1946-01-14,375724097295101,79,0,c(-97.500417, 37.956111),"1946","71-0",-97.500417,37.956111,158.6879578,"132-197"
"2223","Harvey",-10.98,NA,1946-01-21,375724097295101,79,0,c(-97.500417, 37.956111),"1946","71-0",-97.500417,37.956111,158.6879578,"132-197"
"2224","Harvey",-11.01,NA,1946-01-28,375724097295101,79,0,c(-97.500417, 37.956111),"1946","71-0",-97.500417,37.956111,158.6879578,"132-197"
"2225","Harvey",-11.19,NA,1946-02-04,375724097295101,79,0,c(-97.500417, 37.956111),"1946","71-0",-97.500417,37.956111,158.6879578,"132-197"
"2226","Harvey",-11.21,NA,1946-02-11,375724097295101,79,0,c(-97.500417, 37.956111),"1946","71-0",-97.500417,37.956111,158.6879578,"132-197"
"2227","Harvey",-11.23,NA,1946-02-18,375724097295101,79,0,c(-97.500417, 37.956111),"1946","71-0",-97.500417,37.956111,158.6879578,"132-197"
"2228","Harvey",-11.71,NA,1946-02-25,375724097295101,79,0,c(-97.500417, 37.956111),"1946","71-0",-97.500417,37.956111,158.6879578,"132-197"
"2229","Harvey",-11.91,NA,1946-03-04,375724097295101,79,0,c(-97.500417, 37.956111),"1946","71-0",-97.500417,37.956111,158.6879578,"132-197"
"2230","Harvey",-11.94,NA,1946-03-11,375724097295101,79,0,c(-97.500417, 37.956111),"1946","71-0",-97.500417,37.956111,158.6879578,"132-197"
"2231","Harvey",-11.31,NA,1946-03-18,375724097295101,79,0,c(-97.500417, 37.956111),"1946","71-0",-97.500417,37.956111,158.6879578,"132-197"
"2232","Harvey",-11,NA,1946-03-25,375724097295101,79,0,c(-97.500417, 37.956111),"1946","71-0",-97.500417,37.956111,158.6879578,"132-197"
"2233","Harvey",-11.46,NA,1946-04-01,375724097295101,79,0,c(-97.500417, 37.956111),"1946","71-0",-97.500417,37.956111,158.6879578,"132-197"
"2234","Harvey",-11.34,NA,1946-04-08,375724097295101,79,0,c(-97.500417, 37.956111),"1946","71-0",-97.500417,37.956111,158.6879578,"132-197"
"2235","Harvey",-11.38,NA,1946-04-15,375724097295101,79,0,c(-97.500417, 37.956111),"1946","71-0",-97.500417,37.956111,158.6879578,"132-197"
"2236","Harvey",-11.43,NA,1946-04-22,375724097295101,79,0,c(-97.500417, 37.956111),"1946","71-0",-97.500417,37.956111,158.6879578,"132-197"
"2237","Harvey",-11.55,NA,1946-04-29,375724097295101,79,0,c(-97.500417, 37.956111),"1946","71-0",-97.500417,37.956111,158.6879578,"132-197"
"2238","Harvey",-11.58,NA,1946-05-06,375724097295101,79,0,c(-97.500417, 37.956111),"1946","71-0",-97.500417,37.956111,158.6879578,"132-197"
"2239","Harvey",-11.56,NA,1946-05-13,375724097295101,79,0,c(-97.500417, 37.956111),"1946","71-0",-97.500417,37.956111,158.6879578,"132-197"
"2240","Harvey",-11.68,NA,1946-05-20,375724097295101,79,0,c(-97.500417, 37.956111),"1946","71-0",-97.500417,37.956111,158.6879578,"132-197"
"2241","Harvey",-11.81,NA,1946-05-27,375724097295101,79,0,c(-97.500417, 37.956111),"1946","71-0",-97.500417,37.956111,158.6879578,"132-197"
"2242","Harvey",-11.85,NA,1946-06-03,375724097295101,79,0,c(-97.500417, 37.956111),"1946","71-0",-97.500417,37.956111,158.6879578,"132-197"
"2243","Harvey",-11.98,NA,1946-06-17,375724097295101,79,0,c(-97.500417, 37.956111),"1946","71-0",-97.500417,37.956111,158.6879578,"132-197"
"2244","Harvey",-11.6,NA,1946-07-01,375724097295101,79,0,c(-97.500417, 37.956111),"1946","71-0",-97.500417,37.956111,158.6879578,"132-197"
"2245","Harvey",-11.69,NA,1946-07-08,375724097295101,79,0,c(-97.500417, 37.956111),"1946","71-0",-97.500417,37.956111,158.6879578,"132-197"
"2246","Harvey",-12.06,NA,1946-07-15,375724097295101,79,0,c(-97.500417, 37.956111),"1946","71-0",-97.500417,37.956111,158.6879578,"132-197"
"2247","Harvey",-12.22,NA,1946-07-22,375724097295101,79,0,c(-97.500417, 37.956111),"1946","71-0",-97.500417,37.956111,158.6879578,"132-197"
"2248","Harvey",-12.29,NA,1946-07-29,375724097295101,79,0,c(-97.500417, 37.956111),"1946","71-0",-97.500417,37.956111,158.6879578,"132-197"
"2249","Harvey",-12.24,NA,1946-08-05,375724097295101,79,0,c(-97.500417, 37.956111),"1946","71-0",-97.500417,37.956111,158.6879578,"132-197"
"2250","Harvey",-12.46,NA,1946-08-12,375724097295101,79,0,c(-97.500417, 37.956111),"1946","71-0",-97.500417,37.956111,158.6879578,"132-197"
"2251","Harvey",-12.49,NA,1946-08-19,375724097295101,79,0,c(-97.500417, 37.956111),"1946","71-0",-97.500417,37.956111,158.6879578,"132-197"
"2252","Harvey",-12.49,NA,1946-08-26,375724097295101,79,0,c(-97.500417, 37.956111),"1946","71-0",-97.500417,37.956111,158.6879578,"132-197"
"2253","Harvey",-12.63,NA,1946-09-02,375724097295101,79,0,c(-97.500417, 37.956111),"1946","71-0",-97.500417,37.956111,158.6879578,"132-197"
"2254","Harvey",-12.68,NA,1946-09-09,375724097295101,79,0,c(-97.500417, 37.956111),"1946","71-0",-97.500417,37.956111,158.6879578,"132-197"
"2255","Harvey",-12.73,NA,1946-09-16,375724097295101,79,0,c(-97.500417, 37.956111),"1946","71-0",-97.500417,37.956111,158.6879578,"132-197"
"2256","Harvey",-12.73,NA,1946-09-23,375724097295101,79,0,c(-97.500417, 37.956111),"1946","71-0",-97.500417,37.956111,158.6879578,"132-197"
"2257","Harvey",-12.89,NA,1946-09-30,375724097295101,79,0,c(-97.500417, 37.956111),"1946","71-0",-97.500417,37.956111,158.6879578,"132-197"
"2258","Harvey",-12.76,NA,1946-10-07,375724097295101,79,0,c(-97.500417, 37.956111),"1946","71-0",-97.500417,37.956111,158.6879578,"132-197"
"2259","Harvey",-12.83,NA,1946-10-14,375724097295101,79,0,c(-97.500417, 37.956111),"1946","71-0",-97.500417,37.956111,158.6879578,"132-197"
"2260","Harvey",-12.85,NA,1946-10-21,375724097295101,79,0,c(-97.500417, 37.956111),"1946","71-0",-97.500417,37.956111,158.6879578,"132-197"
"2261","Harvey",-12.88,NA,1946-10-28,375724097295101,79,0,c(-97.500417, 37.956111),"1946","71-0",-97.500417,37.956111,158.6879578,"132-197"
"2262","Harvey",-12.84,NA,1946-11-04,375724097295101,79,0,c(-97.500417, 37.956111),"1946","71-0",-97.500417,37.956111,158.6879578,"132-197"
"2263","Harvey",-12.9,NA,1946-11-18,375724097295101,79,0,c(-97.500417, 37.956111),"1946","71-0",-97.500417,37.956111,158.6879578,"132-197"
"2264","Harvey",-12.93,NA,1946-11-25,375724097295101,79,0,c(-97.500417, 37.956111),"1946","71-0",-97.500417,37.956111,158.6879578,"132-197"
"2265","Harvey",-12.96,NA,1946-12-02,375724097295101,79,0,c(-97.500417, 37.956111),"1946","71-0",-97.500417,37.956111,158.6879578,"132-197"
"2266","Harvey",-13.02,NA,1946-12-09,375724097295101,79,0,c(-97.500417, 37.956111),"1946","71-0",-97.500417,37.956111,158.6879578,"132-197"
"2267","Harvey",-12.99,NA,1946-12-16,375724097295101,79,0,c(-97.500417, 37.956111),"1946","71-0",-97.500417,37.956111,158.6879578,"132-197"
"2268","Harvey",-13,NA,1946-12-23,375724097295101,79,0,c(-97.500417, 37.956111),"1946","71-0",-97.500417,37.956111,158.6879578,"132-197"
"2269","Harvey",-13.04,NA,1946-12-30,375724097295101,79,0,c(-97.500417, 37.956111),"1946","71-0",-97.500417,37.956111,158.6879578,"132-197"
"2270","Reno",-0.92,"PATTERSON",1946-01-22,375728097425702,155,0,c(-97.720139, 37.95625),"1946","71-0",-97.720139,37.95625,228.8697205,"198-262"
"2271","Reno",-3.26,"PATTERSON",1946-07-12,375728097425702,155,0,c(-97.720139, 37.95625),"1946","71-0",-97.720139,37.95625,228.8697205,"198-262"
"2272","Reno",-4.61,"PATTERSON",1946-10-02,375728097425702,155,0,c(-97.720139, 37.95625),"1946","71-0",-97.720139,37.95625,228.8697205,"198-262"
"2273","Harvey",-65.44,NA,1946-01-04,380139097341401,79,0,c(-97.573039, 38.028097),"1946","71-0",-97.573039,38.028097,195.21521,"132-197"
"2274","Harvey",-28.04,NA,1946-02-06,380139097341401,79,0,c(-97.573039, 38.028097),"1946","71-0",-97.573039,38.028097,195.21521,"132-197"
"2275","Harvey",-70.2,NA,1946-03-07,380139097341401,79,0,c(-97.573039, 38.028097),"1946","71-0",-97.573039,38.028097,195.21521,"132-197"
"2276","Harvey",-69.84,NA,1946-04-03,380139097341401,79,0,c(-97.573039, 38.028097),"1946","71-0",-97.573039,38.028097,195.21521,"132-197"
"2277","Harvey",-32.76,NA,1946-04-30,380139097341401,79,0,c(-97.573039, 38.028097),"1946","71-0",-97.573039,38.028097,195.21521,"132-197"
"2278","Harvey",-71.5,NA,1946-05-29,380139097341401,79,0,c(-97.573039, 38.028097),"1946","71-0",-97.573039,38.028097,195.21521,"132-197"
"2279","Harvey",-67.29,NA,1946-07-03,380139097341401,79,0,c(-97.573039, 38.028097),"1946","71-0",-97.573039,38.028097,195.21521,"132-197"
"2280","Harvey",-70.59,NA,1946-08-01,380139097341401,79,0,c(-97.573039, 38.028097),"1946","71-0",-97.573039,38.028097,195.21521,"132-197"
"2281","Harvey",-71.69,NA,1946-08-27,380139097341401,79,0,c(-97.573039, 38.028097),"1946","71-0",-97.573039,38.028097,195.21521,"132-197"
"2282","Harvey",-74.82,NA,1946-09-25,380139097341401,79,0,c(-97.573039, 38.028097),"1946","143-72",-97.573039,38.028097,195.21521,"132-197"
"2283","Harvey",-35.54,NA,1946-11-08,380139097341401,79,0,c(-97.573039, 38.028097),"1946","71-0",-97.573039,38.028097,195.21521,"132-197"
"2284","Harvey",-71.03,NA,1946-12-04,380139097341401,79,0,c(-97.573039, 38.028097),"1946","71-0",-97.573039,38.028097,195.21521,"132-197"
"2285","Harvey",-4.53,"PATTERSON",1946-01-22,375910097405802,79,0,c(-97.684028, 37.985278),"1946","71-0",-97.684028,37.985278,117.7985229,"66-131"
"2286","Harvey",-6.36,"PATTERSON",1946-07-12,375910097405802,79,0,c(-97.684028, 37.985278),"1946","71-0",-97.684028,37.985278,117.7985229,"66-131"
"2287","Harvey",-7.89,"PATTERSON",1946-10-02,375910097405802,79,0,c(-97.684028, 37.985278),"1946","71-0",-97.684028,37.985278,117.7985229,"66-131"
"2288","Harvey",-11.48,"BURRTON",1946-01-22,380331097395401,79,0,c(-97.666097, 38.057803),"1946","71-0",-97.666097,38.057803,252.0494843,"198-262"
"2289","Harvey",-12.52,"BURRTON",1946-07-12,380331097395401,79,0,c(-97.666097, 38.057803),"1946","71-0",-97.666097,38.057803,252.0494843,"198-262"
"2290","Harvey",-16.01,"BURRTON",1946-10-02,380331097395401,79,0,c(-97.666097, 38.057803),"1946","71-0",-97.666097,38.057803,252.0494843,"198-262"
"2291","Harvey",-17.77,NA,1946-01-03,375625097305601,79,0,c(-97.518611, 37.94125),"1946","71-0",-97.518611,37.94125,166.8974304,"132-197"
"2292","Harvey",-18.44,NA,1946-02-01,375625097305601,79,0,c(-97.518611, 37.94125),"1946","71-0",-97.518611,37.94125,166.8974304,"132-197"
"2293","Harvey",-18.36,NA,1946-03-05,375625097305601,79,0,c(-97.518611, 37.94125),"1946","71-0",-97.518611,37.94125,166.8974304,"132-197"
"2294","Harvey",-20.06,NA,1946-04-02,375625097305601,79,0,c(-97.518611, 37.94125),"1946","71-0",-97.518611,37.94125,166.8974304,"132-197"
"2295","Harvey",-18.9,NA,1946-05-01,375625097305601,79,0,c(-97.518611, 37.94125),"1946","71-0",-97.518611,37.94125,166.8974304,"132-197"
"2296","Harvey",-19.08,NA,1946-05-31,375625097305601,79,0,c(-97.518611, 37.94125),"1946","71-0",-97.518611,37.94125,166.8974304,"132-197"
"2297","Harvey",-20.61,NA,1946-07-03,375625097305601,79,0,c(-97.518611, 37.94125),"1946","71-0",-97.518611,37.94125,166.8974304,"132-197"
"2298","Harvey",-21.59,NA,1946-07-31,375625097305601,79,0,c(-97.518611, 37.94125),"1946","71-0",-97.518611,37.94125,166.8974304,"132-197"
"2299","Harvey",-21.74,NA,1946-08-27,375625097305601,79,0,c(-97.518611, 37.94125),"1946","71-0",-97.518611,37.94125,166.8974304,"132-197"
"2300","Harvey",-21.43,NA,1946-09-25,375625097305601,79,0,c(-97.518611, 37.94125),"1946","71-0",-97.518611,37.94125,166.8974304,"132-197"
"2301","Harvey",-22.68,NA,1946-11-08,375625097305601,79,0,c(-97.518611, 37.94125),"1946","71-0",-97.518611,37.94125,166.8974304,"132-197"
"2302","Harvey",-23.02,NA,1946-12-06,375625097305601,79,0,c(-97.518611, 37.94125),"1946","71-0",-97.518611,37.94125,166.8974304,"132-197"
"2303","Harvey",-8.21,NA,1946-01-03,375632097284501,79,0,c(-97.481944, 37.941528),"1946","71-0",-97.481944,37.941528,147.827179,"132-197"
"2304","Harvey",-8.28,NA,1946-02-08,375632097284501,79,0,c(-97.481944, 37.941528),"1946","71-0",-97.481944,37.941528,147.827179,"132-197"
"2305","Harvey",-8.14,NA,1946-03-06,375632097284501,79,0,c(-97.481944, 37.941528),"1946","71-0",-97.481944,37.941528,147.827179,"132-197"
"2306","Harvey",-7.26,NA,1946-04-02,375632097284501,79,0,c(-97.481944, 37.941528),"1946","71-0",-97.481944,37.941528,147.827179,"132-197"
"2307","Harvey",-8.1,NA,1946-05-02,375632097284501,79,0,c(-97.481944, 37.941528),"1946","71-0",-97.481944,37.941528,147.827179,"132-197"
"2308","Harvey",-8.65,NA,1946-05-28,375632097284501,79,0,c(-97.481944, 37.941528),"1946","71-0",-97.481944,37.941528,147.827179,"132-197"
"2309","Harvey",-9.39,NA,1946-07-02,375632097284501,79,0,c(-97.481944, 37.941528),"1946","71-0",-97.481944,37.941528,147.827179,"132-197"
"2310","Harvey",-9.61,NA,1946-07-30,375632097284501,79,0,c(-97.481944, 37.941528),"1946","71-0",-97.481944,37.941528,147.827179,"132-197"
"2311","Harvey",-11.09,NA,1946-09-26,375632097284501,79,0,c(-97.481944, 37.941528),"1946","71-0",-97.481944,37.941528,147.827179,"132-197"
"2312","Harvey",-10.82,NA,1946-11-07,375632097284501,79,0,c(-97.481944, 37.941528),"1946","71-0",-97.481944,37.941528,147.827179,"132-197"
"2313","Harvey",-11.44,NA,1946-12-03,375632097284501,79,0,c(-97.481944, 37.941528),"1946","71-0",-97.481944,37.941528,147.827179,"132-197"
"2314","Harvey",-14.72,NA,1946-01-05,375632097313701,79,0,c(-97.528611, 37.941944),"1946","71-0",-97.528611,37.941944,175.8279266,"132-197"
"2315","Harvey",-38.61,NA,1946-02-06,375632097313701,79,0,c(-97.528611, 37.941944),"1946","71-0",-97.528611,37.941944,175.8279266,"132-197"
"2316","Harvey",-16.98,NA,1946-03-07,375632097313701,79,0,c(-97.528611, 37.941944),"1946","71-0",-97.528611,37.941944,175.8279266,"132-197"
"2317","Harvey",-15.64,NA,1946-04-03,375632097313701,79,0,c(-97.528611, 37.941944),"1946","71-0",-97.528611,37.941944,175.8279266,"132-197"
"2318","Harvey",-15.3,NA,1946-04-30,375632097313701,79,0,c(-97.528611, 37.941944),"1946","71-0",-97.528611,37.941944,175.8279266,"132-197"
"2319","Harvey",-41.3,NA,1946-05-29,375632097313701,79,0,c(-97.528611, 37.941944),"1946","71-0",-97.528611,37.941944,175.8279266,"132-197"
"2320","Harvey",-43.65,NA,1946-07-03,375632097313701,79,0,c(-97.528611, 37.941944),"1946","71-0",-97.528611,37.941944,175.8279266,"132-197"
"2321","Harvey",-45.43,NA,1946-08-01,375632097313701,79,0,c(-97.528611, 37.941944),"1946","71-0",-97.528611,37.941944,175.8279266,"132-197"
"2322","Harvey",-20.7,NA,1946-08-27,375632097313701,79,0,c(-97.528611, 37.941944),"1946","71-0",-97.528611,37.941944,175.8279266,"132-197"
"2323","Harvey",-43.4,NA,1946-09-25,375632097313701,79,0,c(-97.528611, 37.941944),"1946","71-0",-97.528611,37.941944,175.8279266,"132-197"
"2324","Harvey",-41.39,NA,1946-11-08,375632097313701,79,0,c(-97.528611, 37.941944),"1946","71-0",-97.528611,37.941944,175.8279266,"132-197"
"2325","Harvey",-35.04,NA,1946-12-04,375632097313701,79,0,c(-97.528611, 37.941944),"1946","71-0",-97.528611,37.941944,175.8279266,"132-197"
"2326","Sedgwick",-11.13,NA,1946-01-07,374953097232601,173,0,c(-97.390472, 37.832083),"1946","71-0",-97.390472,37.832083,65.1703033,"0-65"
"2327","Sedgwick",-11.3,NA,1946-01-14,374953097232601,173,0,c(-97.390472, 37.832083),"1946","71-0",-97.390472,37.832083,65.1703033,"0-65"
"2328","Sedgwick",-11.14,NA,1946-01-21,374953097232601,173,0,c(-97.390472, 37.832083),"1946","71-0",-97.390472,37.832083,65.1703033,"0-65"
"2329","Sedgwick",-11.16,NA,1946-01-28,374953097232601,173,0,c(-97.390472, 37.832083),"1946","71-0",-97.390472,37.832083,65.1703033,"0-65"
"2330","Sedgwick",-11.12,NA,1946-02-04,374953097232601,173,0,c(-97.390472, 37.832083),"1946","71-0",-97.390472,37.832083,65.1703033,"0-65"
"2331","Sedgwick",-11.41,NA,1946-02-11,374953097232601,173,0,c(-97.390472, 37.832083),"1946","71-0",-97.390472,37.832083,65.1703033,"0-65"
"2332","Sedgwick",-11.45,NA,1946-02-18,374953097232601,173,0,c(-97.390472, 37.832083),"1946","71-0",-97.390472,37.832083,65.1703033,"0-65"
"2333","Sedgwick",-11.46,NA,1946-02-25,374953097232601,173,0,c(-97.390472, 37.832083),"1946","71-0",-97.390472,37.832083,65.1703033,"0-65"
"2334","Sedgwick",-11.61,NA,1946-03-01,374953097232601,173,0,c(-97.390472, 37.832083),"1946","71-0",-97.390472,37.832083,65.1703033,"0-65"
"2335","Sedgwick",-11.58,NA,1946-03-04,374953097232601,173,0,c(-97.390472, 37.832083),"1946","71-0",-97.390472,37.832083,65.1703033,"0-65"
"2336","Sedgwick",-11.58,NA,1946-03-18,374953097232601,173,0,c(-97.390472, 37.832083),"1946","71-0",-97.390472,37.832083,65.1703033,"0-65"
"2337","Sedgwick",-11.31,NA,1946-03-25,374953097232601,173,0,c(-97.390472, 37.832083),"1946","71-0",-97.390472,37.832083,65.1703033,"0-65"
"2338","Sedgwick",-11.39,NA,1946-04-01,374953097232601,173,0,c(-97.390472, 37.832083),"1946","71-0",-97.390472,37.832083,65.1703033,"0-65"
"2339","Sedgwick",-11.42,NA,1946-04-08,374953097232601,173,0,c(-97.390472, 37.832083),"1946","71-0",-97.390472,37.832083,65.1703033,"0-65"
"2340","Sedgwick",-11.47,NA,1946-04-15,374953097232601,173,0,c(-97.390472, 37.832083),"1946","71-0",-97.390472,37.832083,65.1703033,"0-65"
"2341","Sedgwick",-11.52,NA,1946-04-22,374953097232601,173,0,c(-97.390472, 37.832083),"1946","71-0",-97.390472,37.832083,65.1703033,"0-65"
"2342","Sedgwick",-11.85,NA,1946-04-29,374953097232601,173,0,c(-97.390472, 37.832083),"1946","71-0",-97.390472,37.832083,65.1703033,"0-65"
"2343","Sedgwick",-11.89,NA,1946-05-06,374953097232601,173,0,c(-97.390472, 37.832083),"1946","71-0",-97.390472,37.832083,65.1703033,"0-65"
"2344","Sedgwick",-11.92,NA,1946-05-13,374953097232601,173,0,c(-97.390472, 37.832083),"1946","71-0",-97.390472,37.832083,65.1703033,"0-65"
"2345","Sedgwick",-12.12,NA,1946-05-20,374953097232601,173,0,c(-97.390472, 37.832083),"1946","71-0",-97.390472,37.832083,65.1703033,"0-65"
"2346","Sedgwick",-12.36,NA,1946-05-27,374953097232601,173,0,c(-97.390472, 37.832083),"1946","71-0",-97.390472,37.832083,65.1703033,"0-65"
"2347","Sedgwick",-12.39,NA,1946-06-03,374953097232601,173,0,c(-97.390472, 37.832083),"1946","71-0",-97.390472,37.832083,65.1703033,"0-65"
"2348","Sedgwick",-12.43,NA,1946-06-17,374953097232601,173,0,c(-97.390472, 37.832083),"1946","71-0",-97.390472,37.832083,65.1703033,"0-65"
"2349","Sedgwick",-12.35,NA,1946-07-01,374953097232601,173,0,c(-97.390472, 37.832083),"1946","71-0",-97.390472,37.832083,65.1703033,"0-65"
"2350","Sedgwick",-12.41,NA,1946-07-08,374953097232601,173,0,c(-97.390472, 37.832083),"1946","71-0",-97.390472,37.832083,65.1703033,"0-65"
"2351","Sedgwick",-12.62,NA,1946-07-15,374953097232601,173,0,c(-97.390472, 37.832083),"1946","71-0",-97.390472,37.832083,65.1703033,"0-65"
"2352","Sedgwick",-12.72,NA,1946-07-22,374953097232601,173,0,c(-97.390472, 37.832083),"1946","71-0",-97.390472,37.832083,65.1703033,"0-65"
"2353","Sedgwick",-12.84,NA,1946-07-29,374953097232601,173,0,c(-97.390472, 37.832083),"1946","71-0",-97.390472,37.832083,65.1703033,"0-65"
"2354","Sedgwick",-12.9,NA,1946-08-05,374953097232601,173,0,c(-97.390472, 37.832083),"1946","71-0",-97.390472,37.832083,65.1703033,"0-65"
"2355","Sedgwick",-12.99,NA,1946-08-12,374953097232601,173,0,c(-97.390472, 37.832083),"1946","71-0",-97.390472,37.832083,65.1703033,"0-65"
"2356","Sedgwick",-13.08,NA,1946-08-19,374953097232601,173,0,c(-97.390472, 37.832083),"1946","71-0",-97.390472,37.832083,65.1703033,"0-65"
"2357","Sedgwick",-13.12,NA,1946-08-26,374953097232601,173,0,c(-97.390472, 37.832083),"1946","71-0",-97.390472,37.832083,65.1703033,"0-65"
"2358","Sedgwick",-13.12,NA,1946-09-02,374953097232601,173,0,c(-97.390472, 37.832083),"1946","71-0",-97.390472,37.832083,65.1703033,"0-65"
"2359","Sedgwick",-13.11,NA,1946-09-09,374953097232601,173,0,c(-97.390472, 37.832083),"1946","71-0",-97.390472,37.832083,65.1703033,"0-65"
"2360","Sedgwick",-13.12,NA,1946-09-16,374953097232601,173,0,c(-97.390472, 37.832083),"1946","71-0",-97.390472,37.832083,65.1703033,"0-65"
"2361","Sedgwick",-13.17,NA,1946-09-23,374953097232601,173,0,c(-97.390472, 37.832083),"1946","71-0",-97.390472,37.832083,65.1703033,"0-65"
"2362","Sedgwick",-13.22,NA,1946-09-30,374953097232601,173,0,c(-97.390472, 37.832083),"1946","71-0",-97.390472,37.832083,65.1703033,"0-65"
"2363","Sedgwick",-13.25,NA,1946-10-07,374953097232601,173,0,c(-97.390472, 37.832083),"1946","71-0",-97.390472,37.832083,65.1703033,"0-65"
"2364","Sedgwick",-13,NA,1946-10-14,374953097232601,173,0,c(-97.390472, 37.832083),"1946","71-0",-97.390472,37.832083,65.1703033,"0-65"
"2365","Sedgwick",-13.16,NA,1946-10-21,374953097232601,173,0,c(-97.390472, 37.832083),"1946","71-0",-97.390472,37.832083,65.1703033,"0-65"
"2366","Sedgwick",-13.16,NA,1946-11-04,374953097232601,173,0,c(-97.390472, 37.832083),"1946","71-0",-97.390472,37.832083,65.1703033,"0-65"
"2367","Sedgwick",-12.9,NA,1946-11-18,374953097232601,173,0,c(-97.390472, 37.832083),"1946","71-0",-97.390472,37.832083,65.1703033,"0-65"
"2368","Sedgwick",-12.99,NA,1946-11-25,374953097232601,173,0,c(-97.390472, 37.832083),"1946","71-0",-97.390472,37.832083,65.1703033,"0-65"
"2369","Sedgwick",-13.53,NA,1946-12-02,374953097232601,173,0,c(-97.390472, 37.832083),"1946","71-0",-97.390472,37.832083,65.1703033,"0-65"
"2370","Sedgwick",-13.15,NA,1946-12-09,374953097232601,173,0,c(-97.390472, 37.832083),"1946","71-0",-97.390472,37.832083,65.1703033,"0-65"
"2371","Sedgwick",-13.1,NA,1946-12-16,374953097232601,173,0,c(-97.390472, 37.832083),"1946","71-0",-97.390472,37.832083,65.1703033,"0-65"
"2372","Sedgwick",-12.87,NA,1946-12-23,374953097232601,173,0,c(-97.390472, 37.832083),"1946","71-0",-97.390472,37.832083,65.1703033,"0-65"
"2373","Sedgwick",-12.79,NA,1946-12-30,374953097232601,173,0,c(-97.390472, 37.832083),"1946","71-0",-97.390472,37.832083,65.1703033,"0-65"
"2374","Sedgwick",-12.04,"Maize",1946-02-08,375210097232601,173,0,c(-97.390542, 37.868658),"1946","71-0",-97.390542,37.868658,32.1274567,"0-65"
"2375","Sedgwick",-11.89,"Maize",1946-03-06,375210097232601,173,0,c(-97.390542, 37.868658),"1946","71-0",-97.390542,37.868658,32.1274567,"0-65"
"2376","Sedgwick",-12.17,"Maize",1946-04-02,375210097232601,173,0,c(-97.390542, 37.868658),"1946","71-0",-97.390542,37.868658,32.1274567,"0-65"
"2377","Sedgwick",-12.08,"Maize",1946-05-02,375210097232601,173,0,c(-97.390542, 37.868658),"1946","71-0",-97.390542,37.868658,32.1274567,"0-65"
"2378","Sedgwick",-12.21,"Maize",1946-05-28,375210097232601,173,0,c(-97.390542, 37.868658),"1946","71-0",-97.390542,37.868658,32.1274567,"0-65"
"2379","Sedgwick",-12.69,"Maize",1946-07-02,375210097232601,173,0,c(-97.390542, 37.868658),"1946","71-0",-97.390542,37.868658,32.1274567,"0-65"
"2380","Sedgwick",-13.72,"Maize",1946-07-30,375210097232601,173,0,c(-97.390542, 37.868658),"1946","71-0",-97.390542,37.868658,32.1274567,"0-65"
"2381","Sedgwick",-14.39,"Maize",1946-09-26,375210097232601,173,0,c(-97.390542, 37.868658),"1946","71-0",-97.390542,37.868658,32.1274567,"0-65"
"2382","Sedgwick",-14.39,"Maize",1946-11-07,375210097232601,173,0,c(-97.390542, 37.868658),"1946","71-0",-97.390542,37.868658,32.1274567,"0-65"
"2383","Sedgwick",-14.89,"Maize",1946-12-03,375210097232601,173,0,c(-97.390542, 37.868658),"1946","71-0",-97.390542,37.868658,32.1274567,"0-65"
"2384","Sedgwick",-15.04,"Maize",1946-12-31,375210097232601,173,0,c(-97.390542, 37.868658),"1946","71-0",-97.390542,37.868658,32.1274567,"0-65"
"2385","Harvey",-2.36,NA,1946-01-02,375448097405501,79,0,c(-97.683889, 37.9125),"1946","71-0",-97.683889,37.9125,223.3004761,"198-262"
"2386","Harvey",-2.51,NA,1946-02-05,375448097405501,79,0,c(-97.683889, 37.9125),"1946","71-0",-97.683889,37.9125,223.3004761,"198-262"
"2387","Harvey",-2.47,NA,1946-03-06,375448097405501,79,0,c(-97.683889, 37.9125),"1946","71-0",-97.683889,37.9125,223.3004761,"198-262"
"2388","Harvey",-2.68,NA,1946-04-02,375448097405501,79,0,c(-97.683889, 37.9125),"1946","71-0",-97.683889,37.9125,223.3004761,"198-262"
"2389","Harvey",-3.16,NA,1946-05-02,375448097405501,79,0,c(-97.683889, 37.9125),"1946","71-0",-97.683889,37.9125,223.3004761,"198-262"
"2390","Harvey",-3.27,NA,1946-05-28,375448097405501,79,0,c(-97.683889, 37.9125),"1946","71-0",-97.683889,37.9125,223.3004761,"198-262"
"2391","Harvey",-3.74,NA,1946-07-02,375448097405501,79,0,c(-97.683889, 37.9125),"1946","71-0",-97.683889,37.9125,223.3004761,"198-262"
"2392","Harvey",-4.49,NA,1946-07-30,375448097405501,79,0,c(-97.683889, 37.9125),"1946","71-0",-97.683889,37.9125,223.3004761,"198-262"
"2393","Harvey",-4.68,NA,1946-09-26,375448097405501,79,0,c(-97.683889, 37.9125),"1946","71-0",-97.683889,37.9125,223.3004761,"198-262"
"2394","Harvey",-4.42,NA,1946-11-06,375448097405501,79,0,c(-97.683889, 37.9125),"1946","71-0",-97.683889,37.9125,223.3004761,"198-262"
"2395","Harvey",-3.5,NA,1946-12-03,375448097405501,79,0,c(-97.683889, 37.9125),"1946","71-0",-97.683889,37.9125,223.3004761,"198-262"
"2396","Harvey",-3.36,NA,1946-12-31,375448097405501,79,0,c(-97.683889, 37.9125),"1946","71-0",-97.683889,37.9125,223.3004761,"198-262"
"2397","Sedgwick",-10.01,NA,1946-01-05,375441097292601,173,0,c(-97.492083, 37.912222),"1946","71-0",-97.492083,37.912222,164.5970612,"132-197"
"2398","Sedgwick",-9.41,NA,1946-02-05,375441097292601,173,0,c(-97.492083, 37.912222),"1946","71-0",-97.492083,37.912222,164.5970612,"132-197"
"2399","Sedgwick",-9.92,NA,1946-03-07,375441097292601,173,0,c(-97.492083, 37.912222),"1946","71-0",-97.492083,37.912222,164.5970612,"132-197"
"2400","Sedgwick",-9.57,NA,1946-04-03,375441097292601,173,0,c(-97.492083, 37.912222),"1946","71-0",-97.492083,37.912222,164.5970612,"132-197"
"2401","Sedgwick",-11.57,NA,1946-04-30,375441097292601,173,0,c(-97.492083, 37.912222),"1946","71-0",-97.492083,37.912222,164.5970612,"132-197"
"2402","Sedgwick",-9.82,NA,1946-05-29,375441097292601,173,0,c(-97.492083, 37.912222),"1946","71-0",-97.492083,37.912222,164.5970612,"132-197"
"2403","Sedgwick",-12.21,NA,1946-07-03,375441097292601,173,0,c(-97.492083, 37.912222),"1946","71-0",-97.492083,37.912222,164.5970612,"132-197"
"2404","Sedgwick",-14.14,NA,1946-08-01,375441097292601,173,0,c(-97.492083, 37.912222),"1946","71-0",-97.492083,37.912222,164.5970612,"132-197"
"2405","Sedgwick",-14.14,NA,1946-08-27,375441097292601,173,0,c(-97.492083, 37.912222),"1946","71-0",-97.492083,37.912222,164.5970612,"132-197"
"2406","Sedgwick",-14.3,NA,1946-09-25,375441097292601,173,0,c(-97.492083, 37.912222),"1946","71-0",-97.492083,37.912222,164.5970612,"132-197"
"2407","Sedgwick",-13.99,NA,1946-11-08,375441097292601,173,0,c(-97.492083, 37.912222),"1946","71-0",-97.492083,37.912222,164.5970612,"132-197"
"2408","Sedgwick",-13.72,NA,1946-12-04,375441097292601,173,0,c(-97.492083, 37.912222),"1946","71-0",-97.492083,37.912222,164.5970612,"132-197"
"2409","Harvey",-36.63,"BENTLY",1946-01-05,375540097302301,79,0,c(-97.509028, 37.927361),"1946","71-0",-97.509028,37.927361,165.1775055,"132-197"
"2410","Harvey",-17.36,"BENTLY",1946-02-05,375540097302301,79,0,c(-97.509028, 37.927361),"1946","71-0",-97.509028,37.927361,165.1775055,"132-197"
"2411","Harvey",-15.56,"BENTLY",1946-03-07,375540097302301,79,0,c(-97.509028, 37.927361),"1946","71-0",-97.509028,37.927361,165.1775055,"132-197"
"2412","Harvey",-16.04,"BENTLY",1946-04-03,375540097302301,79,0,c(-97.509028, 37.927361),"1946","71-0",-97.509028,37.927361,165.1775055,"132-197"
"2413","Harvey",-37.4,"BENTLY",1946-04-30,375540097302301,79,0,c(-97.509028, 37.927361),"1946","71-0",-97.509028,37.927361,165.1775055,"132-197"
"2414","Harvey",-16.08,"BENTLY",1946-05-29,375540097302301,79,0,c(-97.509028, 37.927361),"1946","71-0",-97.509028,37.927361,165.1775055,"132-197"
"2415","Harvey",-17.21,"BENTLY",1946-07-03,375540097302301,79,0,c(-97.509028, 37.927361),"1946","71-0",-97.509028,37.927361,165.1775055,"132-197"
"2416","Harvey",-44.18,"BENTLY",1946-08-01,375540097302301,79,0,c(-97.509028, 37.927361),"1946","71-0",-97.509028,37.927361,165.1775055,"132-197"
"2417","Harvey",-19.53,"BENTLY",1946-08-27,375540097302301,79,0,c(-97.509028, 37.927361),"1946","71-0",-97.509028,37.927361,165.1775055,"132-197"
"2418","Harvey",-19.08,"BENTLY",1946-09-25,375540097302301,79,0,c(-97.509028, 37.927361),"1946","71-0",-97.509028,37.927361,165.1775055,"132-197"
"2419","Harvey",-38.59,"BENTLY",1946-11-08,375540097302301,79,0,c(-97.509028, 37.927361),"1946","71-0",-97.509028,37.927361,165.1775055,"132-197"
"2420","Harvey",-17.94,"BENTLY",1946-12-04,375540097302301,79,0,c(-97.509028, 37.927361),"1946","71-0",-97.509028,37.927361,165.1775055,"132-197"
"2421","Harvey",-4.87,NA,1946-01-19,380245097372401,79,0,c(-97.624306, 38.043889),"1946","71-0",-97.624306,38.043889,214.0228119,"198-262"
"2422","Harvey",-5.55,NA,1946-04-08,380245097372401,79,0,c(-97.624306, 38.043889),"1946","71-0",-97.624306,38.043889,214.0228119,"198-262"
"2423","Harvey",-6.02,NA,1946-07-10,380245097372401,79,0,c(-97.624306, 38.043889),"1946","71-0",-97.624306,38.043889,214.0228119,"198-262"
"2424","Harvey",-7.25,NA,1946-10-04,380245097372401,79,0,c(-97.624306, 38.043889),"1946","71-0",-97.624306,38.043889,214.0228119,"198-262"
"2425","Harvey",-41.91,NA,1946-01-04,380054097334902,79,0,c(-97.566944, 38.014306),"1946","71-0",-97.566944,38.014306,199.7637482,"198-262"
"2426","Harvey",-45.18,NA,1946-02-06,380054097334902,79,0,c(-97.566944, 38.014306),"1946","71-0",-97.566944,38.014306,199.7637482,"198-262"
"2427","Harvey",-45.26,NA,1946-03-07,380054097334902,79,0,c(-97.566944, 38.014306),"1946","71-0",-97.566944,38.014306,199.7637482,"198-262"
"2428","Harvey",-45.12,NA,1946-04-03,380054097334902,79,0,c(-97.566944, 38.014306),"1946","71-0",-97.566944,38.014306,199.7637482,"198-262"
"2429","Harvey",-41.98,NA,1946-04-30,380054097334902,79,0,c(-97.566944, 38.014306),"1946","71-0",-97.566944,38.014306,199.7637482,"198-262"
"2430","Harvey",-41.88,NA,1946-05-29,380054097334902,79,0,c(-97.566944, 38.014306),"1946","71-0",-97.566944,38.014306,199.7637482,"198-262"
"2431","Harvey",-42.94,NA,1946-07-03,380054097334902,79,0,c(-97.566944, 38.014306),"1946","71-0",-97.566944,38.014306,199.7637482,"198-262"
"2432","Harvey",-43.28,NA,1946-08-01,380054097334902,79,0,c(-97.566944, 38.014306),"1946","71-0",-97.566944,38.014306,199.7637482,"198-262"
"2433","Harvey",-43.26,NA,1946-08-27,380054097334902,79,0,c(-97.566944, 38.014306),"1946","71-0",-97.566944,38.014306,199.7637482,"198-262"
"2434","Harvey",-43.2,NA,1946-09-25,380054097334902,79,0,c(-97.566944, 38.014306),"1946","71-0",-97.566944,38.014306,199.7637482,"198-262"
"2435","Harvey",-41.61,NA,1946-11-08,380054097334902,79,0,c(-97.566944, 38.014306),"1946","71-0",-97.566944,38.014306,199.7637482,"198-262"
"2436","Harvey",-41.57,NA,1946-12-04,380054097334902,79,0,c(-97.566944, 38.014306),"1946","71-0",-97.566944,38.014306,199.7637482,"198-262"
"2437","Harvey",-1.71,NA,1946-01-07,380239097395401,79,0,c(-97.665694, 38.043333),"1946","71-0",-97.665694,38.043333,203.8455811,"198-262"
"2438","Harvey",-1.66,NA,1946-01-14,380239097395401,79,0,c(-97.665694, 38.043333),"1946","71-0",-97.665694,38.043333,203.8455811,"198-262"
"2439","Harvey",-1.63,NA,1946-01-21,380239097395401,79,0,c(-97.665694, 38.043333),"1946","71-0",-97.665694,38.043333,203.8455811,"198-262"
"2440","Harvey",-1.68,NA,1946-01-28,380239097395401,79,0,c(-97.665694, 38.043333),"1946","71-0",-97.665694,38.043333,203.8455811,"198-262"
"2441","Harvey",-1.36,NA,1946-02-04,380239097395401,79,0,c(-97.665694, 38.043333),"1946","71-0",-97.665694,38.043333,203.8455811,"198-262"
"2442","Harvey",-1.39,NA,1946-02-11,380239097395401,79,0,c(-97.665694, 38.043333),"1946","71-0",-97.665694,38.043333,203.8455811,"198-262"
"2443","Harvey",-1.42,NA,1946-02-18,380239097395401,79,0,c(-97.665694, 38.043333),"1946","71-0",-97.665694,38.043333,203.8455811,"198-262"
"2444","Harvey",-0.53,NA,1946-02-25,380239097395401,79,0,c(-97.665694, 38.043333),"1946","71-0",-97.665694,38.043333,203.8455811,"198-262"
"2445","Harvey",-1.03,NA,1946-03-04,380239097395401,79,0,c(-97.665694, 38.043333),"1946","71-0",-97.665694,38.043333,203.8455811,"198-262"
"2446","Harvey",-1.01,NA,1946-03-11,380239097395401,79,0,c(-97.665694, 38.043333),"1946","71-0",-97.665694,38.043333,203.8455811,"198-262"
"2447","Harvey",-0.32,NA,1946-03-18,380239097395401,79,0,c(-97.665694, 38.043333),"1946","71-0",-97.665694,38.043333,203.8455811,"198-262"
"2448","Harvey",-0.25,NA,1946-03-25,380239097395401,79,0,c(-97.665694, 38.043333),"1946","71-0",-97.665694,38.043333,203.8455811,"198-262"
"2449","Harvey",-0.68,NA,1946-04-01,380239097395401,79,0,c(-97.665694, 38.043333),"1946","71-0",-97.665694,38.043333,203.8455811,"198-262"
"2450","Harvey",-1.09,NA,1946-04-08,380239097395401,79,0,c(-97.665694, 38.043333),"1946","71-0",-97.665694,38.043333,203.8455811,"198-262"
"2451","Harvey",-1.13,NA,1946-04-15,380239097395401,79,0,c(-97.665694, 38.043333),"1946","71-0",-97.665694,38.043333,203.8455811,"198-262"
"2452","Harvey",-1.15,NA,1946-04-22,380239097395401,79,0,c(-97.665694, 38.043333),"1946","71-0",-97.665694,38.043333,203.8455811,"198-262"
"2453","Harvey",-1.88,NA,1946-04-29,380239097395401,79,0,c(-97.665694, 38.043333),"1946","71-0",-97.665694,38.043333,203.8455811,"198-262"
"2454","Harvey",-1.91,NA,1946-05-06,380239097395401,79,0,c(-97.665694, 38.043333),"1946","71-0",-97.665694,38.043333,203.8455811,"198-262"
"2455","Harvey",-1.88,NA,1946-05-13,380239097395401,79,0,c(-97.665694, 38.043333),"1946","71-0",-97.665694,38.043333,203.8455811,"198-262"
"2456","Harvey",-1.89,NA,1946-05-20,380239097395401,79,0,c(-97.665694, 38.043333),"1946","71-0",-97.665694,38.043333,203.8455811,"198-262"
"2457","Harvey",-2.18,NA,1946-05-27,380239097395401,79,0,c(-97.665694, 38.043333),"1946","71-0",-97.665694,38.043333,203.8455811,"198-262"
"2458","Harvey",-2.23,NA,1946-06-03,380239097395401,79,0,c(-97.665694, 38.043333),"1946","71-0",-97.665694,38.043333,203.8455811,"198-262"
"2459","Harvey",-2.78,NA,1946-06-10,380239097395401,79,0,c(-97.665694, 38.043333),"1946","71-0",-97.665694,38.043333,203.8455811,"198-262"
"2460","Harvey",-2.82,NA,1946-06-17,380239097395401,79,0,c(-97.665694, 38.043333),"1946","71-0",-97.665694,38.043333,203.8455811,"198-262"
"2461","Harvey",-2.08,NA,1946-06-24,380239097395401,79,0,c(-97.665694, 38.043333),"1946","71-0",-97.665694,38.043333,203.8455811,"198-262"
"2462","Harvey",-1.72,NA,1946-07-01,380239097395401,79,0,c(-97.665694, 38.043333),"1946","71-0",-97.665694,38.043333,203.8455811,"198-262"
"2463","Harvey",-1.78,NA,1946-07-08,380239097395401,79,0,c(-97.665694, 38.043333),"1946","71-0",-97.665694,38.043333,203.8455811,"198-262"
"2464","Harvey",-3.46,NA,1946-07-15,380239097395401,79,0,c(-97.665694, 38.043333),"1946","71-0",-97.665694,38.043333,203.8455811,"198-262"
"2465","Harvey",-3.66,NA,1946-07-22,380239097395401,79,0,c(-97.665694, 38.043333),"1946","71-0",-97.665694,38.043333,203.8455811,"198-262"
"2466","Harvey",-4.19,NA,1946-07-29,380239097395401,79,0,c(-97.665694, 38.043333),"1946","71-0",-97.665694,38.043333,203.8455811,"198-262"
"2467","Harvey",-4.47,NA,1946-08-05,380239097395401,79,0,c(-97.665694, 38.043333),"1946","71-0",-97.665694,38.043333,203.8455811,"198-262"
"2468","Harvey",-3.92,NA,1946-08-12,380239097395401,79,0,c(-97.665694, 38.043333),"1946","71-0",-97.665694,38.043333,203.8455811,"198-262"
"2469","Harvey",-4.79,NA,1946-08-19,380239097395401,79,0,c(-97.665694, 38.043333),"1946","71-0",-97.665694,38.043333,203.8455811,"198-262"
"2470","Harvey",-4.75,NA,1946-08-26,380239097395401,79,0,c(-97.665694, 38.043333),"1946","71-0",-97.665694,38.043333,203.8455811,"198-262"
"2471","Harvey",-5.13,NA,1946-09-02,380239097395401,79,0,c(-97.665694, 38.043333),"1946","71-0",-97.665694,38.043333,203.8455811,"198-262"
"2472","Harvey",-4.94,NA,1946-09-09,380239097395401,79,0,c(-97.665694, 38.043333),"1946","71-0",-97.665694,38.043333,203.8455811,"198-262"
"2473","Harvey",-5.1,NA,1946-09-16,380239097395401,79,0,c(-97.665694, 38.043333),"1946","71-0",-97.665694,38.043333,203.8455811,"198-262"
"2474","Harvey",-5.21,NA,1946-09-23,380239097395401,79,0,c(-97.665694, 38.043333),"1946","71-0",-97.665694,38.043333,203.8455811,"198-262"
"2475","Harvey",-5.3,NA,1946-09-30,380239097395401,79,0,c(-97.665694, 38.043333),"1946","71-0",-97.665694,38.043333,203.8455811,"198-262"
"2476","Harvey",-5.07,NA,1946-10-07,380239097395401,79,0,c(-97.665694, 38.043333),"1946","71-0",-97.665694,38.043333,203.8455811,"198-262"
"2477","Harvey",-5.13,NA,1946-10-14,380239097395401,79,0,c(-97.665694, 38.043333),"1946","71-0",-97.665694,38.043333,203.8455811,"198-262"
"2478","Harvey",-4.85,NA,1946-10-21,380239097395401,79,0,c(-97.665694, 38.043333),"1946","71-0",-97.665694,38.043333,203.8455811,"198-262"
"2479","Harvey",-5.94,NA,1946-10-28,380239097395401,79,0,c(-97.665694, 38.043333),"1946","71-0",-97.665694,38.043333,203.8455811,"198-262"
"2480","Harvey",-5.01,NA,1946-11-04,380239097395401,79,0,c(-97.665694, 38.043333),"1946","71-0",-97.665694,38.043333,203.8455811,"198-262"
"2481","Harvey",-4.55,NA,1946-11-18,380239097395401,79,0,c(-97.665694, 38.043333),"1946","71-0",-97.665694,38.043333,203.8455811,"198-262"
"2482","Harvey",-4.72,NA,1946-11-25,380239097395401,79,0,c(-97.665694, 38.043333),"1946","71-0",-97.665694,38.043333,203.8455811,"198-262"
"2483","Harvey",-4.57,NA,1946-12-02,380239097395401,79,0,c(-97.665694, 38.043333),"1946","71-0",-97.665694,38.043333,203.8455811,"198-262"
"2484","Harvey",-4.65,NA,1946-12-09,380239097395401,79,0,c(-97.665694, 38.043333),"1946","71-0",-97.665694,38.043333,203.8455811,"198-262"
"2485","Harvey",-4.61,NA,1946-12-16,380239097395401,79,0,c(-97.665694, 38.043333),"1946","71-0",-97.665694,38.043333,203.8455811,"198-262"
"2486","Harvey",-4.39,NA,1946-12-23,380239097395401,79,0,c(-97.665694, 38.043333),"1946","71-0",-97.665694,38.043333,203.8455811,"198-262"
"2487","Harvey",-4.44,NA,1946-12-30,380239097395401,79,0,c(-97.665694, 38.043333),"1946","71-0",-97.665694,38.043333,203.8455811,"198-262"
"2488","Harvey",-38.8,NA,1946-03-07,380113097341401,79,0,c(-97.573194, 38.020833),"1946","71-0",-97.573194,38.020833,195.1890106,"132-197"
"2489","Harvey",-40,NA,1946-04-03,380113097341401,79,0,c(-97.573194, 38.020833),"1946","71-0",-97.573194,38.020833,195.1890106,"132-197"
"2490","Harvey",-42.3,NA,1946-05-29,380113097341401,79,0,c(-97.573194, 38.020833),"1946","71-0",-97.573194,38.020833,195.1890106,"132-197"
"2491","Harvey",-44.04,NA,1946-08-27,380113097341401,79,0,c(-97.573194, 38.020833),"1946","71-0",-97.573194,38.020833,195.1890106,"132-197"
"2492","Harvey",-44.15,NA,1946-09-25,380113097341401,79,0,c(-97.573194, 38.020833),"1946","71-0",-97.573194,38.020833,195.1890106,"132-197"
"2493","Harvey",-47.04,NA,1946-12-04,380113097341401,79,0,c(-97.573194, 38.020833),"1946","71-0",-97.573194,38.020833,195.1890106,"132-197"
"2494","Harvey",-38.29,NA,1946-01-04,380113097341402,79,0,c(-97.573611, 38.019583),"1946","71-0",-97.573611,38.019583,195.1890106,"132-197"
"2495","Harvey",-36.33,NA,1946-02-06,380113097341402,79,0,c(-97.573611, 38.019583),"1946","71-0",-97.573611,38.019583,195.1890106,"132-197"
"2496","Harvey",-36.41,NA,1946-03-07,380113097341402,79,0,c(-97.573611, 38.019583),"1946","71-0",-97.573611,38.019583,195.1890106,"132-197"
"2497","Harvey",-33.14,NA,1946-04-03,380113097341402,79,0,c(-97.573611, 38.019583),"1946","71-0",-97.573611,38.019583,195.1890106,"132-197"
"2498","Harvey",-30.69,NA,1946-04-30,380113097341402,79,0,c(-97.573611, 38.019583),"1946","71-0",-97.573611,38.019583,195.1890106,"132-197"
"2499","Harvey",-32.38,NA,1946-05-29,380113097341402,79,0,c(-97.573611, 38.019583),"1946","71-0",-97.573611,38.019583,195.1890106,"132-197"
"2500","Harvey",-34.22,NA,1946-07-03,380113097341402,79,0,c(-97.573611, 38.019583),"1946","71-0",-97.573611,38.019583,195.1890106,"132-197"
"2501","Harvey",-34.38,NA,1946-08-01,380113097341402,79,0,c(-97.573611, 38.019583),"1946","71-0",-97.573611,38.019583,195.1890106,"132-197"
"2502","Harvey",-33.88,NA,1946-08-27,380113097341402,79,0,c(-97.573611, 38.019583),"1946","71-0",-97.573611,38.019583,195.1890106,"132-197"
"2503","Harvey",-38.24,NA,1946-09-25,380113097341402,79,0,c(-97.573611, 38.019583),"1946","71-0",-97.573611,38.019583,195.1890106,"132-197"
"2504","Harvey",-37.36,NA,1946-11-08,380113097341402,79,0,c(-97.573611, 38.019583),"1946","71-0",-97.573611,38.019583,195.1890106,"132-197"
"2505","Harvey",-37.29,NA,1946-12-04,380113097341402,79,0,c(-97.573611, 38.019583),"1946","71-0",-97.573611,38.019583,195.1890106,"132-197"
"2506","Sedgwick",-21.41,NA,1946-01-02,375020097391401,173,0,c(-97.65625, 37.839444),"1946","71-0",-97.65625,37.839444,25.1122398,"0-65"
"2507","Sedgwick",-21.69,NA,1946-02-05,375020097391401,173,0,c(-97.65625, 37.839444),"1946","71-0",-97.65625,37.839444,25.1122398,"0-65"
"2508","Sedgwick",-21.58,NA,1946-03-06,375020097391401,173,0,c(-97.65625, 37.839444),"1946","71-0",-97.65625,37.839444,25.1122398,"0-65"
"2509","Sedgwick",-21.94,NA,1946-04-02,375020097391401,173,0,c(-97.65625, 37.839444),"1946","71-0",-97.65625,37.839444,25.1122398,"0-65"
"2510","Sedgwick",-22.47,NA,1946-05-02,375020097391401,173,0,c(-97.65625, 37.839444),"1946","71-0",-97.65625,37.839444,25.1122398,"0-65"
"2511","Sedgwick",-23,NA,1946-05-28,375020097391401,173,0,c(-97.65625, 37.839444),"1946","71-0",-97.65625,37.839444,25.1122398,"0-65"
"2512","Sedgwick",-23.49,NA,1946-07-02,375020097391401,173,0,c(-97.65625, 37.839444),"1946","71-0",-97.65625,37.839444,25.1122398,"0-65"
"2513","Sedgwick",-24.12,NA,1946-07-30,375020097391401,173,0,c(-97.65625, 37.839444),"1946","71-0",-97.65625,37.839444,25.1122398,"0-65"
"2514","Sedgwick",-25.03,NA,1946-09-26,375020097391401,173,0,c(-97.65625, 37.839444),"1946","71-0",-97.65625,37.839444,25.1122398,"0-65"
"2515","Sedgwick",-24.76,NA,1946-11-06,375020097391401,173,0,c(-97.65625, 37.839444),"1946","71-0",-97.65625,37.839444,25.1122398,"0-65"
"2516","Sedgwick",-25.16,NA,1946-12-03,375020097391401,173,0,c(-97.65625, 37.839444),"1946","71-0",-97.65625,37.839444,25.1122398,"0-65"
"2517","Sedgwick",-25.03,NA,1946-12-31,375020097391401,173,0,c(-97.65625, 37.839444),"1946","71-0",-97.65625,37.839444,25.1122398,"0-65"
"2518","Sedgwick",-6.76,NA,1946-01-07,375303097284501,173,0,c(-97.481944, 37.883333),"1946","71-0",-97.481944,37.883333,162.0740051,"132-197"
"2519","Sedgwick",-6.74,NA,1946-01-14,375303097284501,173,0,c(-97.481944, 37.883333),"1946","71-0",-97.481944,37.883333,162.0740051,"132-197"
"2520","Sedgwick",-6.35,NA,1946-01-21,375303097284501,173,0,c(-97.481944, 37.883333),"1946","71-0",-97.481944,37.883333,162.0740051,"132-197"
"2521","Sedgwick",-6.34,NA,1946-01-28,375303097284501,173,0,c(-97.481944, 37.883333),"1946","71-0",-97.481944,37.883333,162.0740051,"132-197"
"2522","Sedgwick",-6.56,NA,1946-02-04,375303097284501,173,0,c(-97.481944, 37.883333),"1946","71-0",-97.481944,37.883333,162.0740051,"132-197"
"2523","Sedgwick",-6.53,NA,1946-02-11,375303097284501,173,0,c(-97.481944, 37.883333),"1946","71-0",-97.481944,37.883333,162.0740051,"132-197"
"2524","Sedgwick",-6.55,NA,1946-02-18,375303097284501,173,0,c(-97.481944, 37.883333),"1946","71-0",-97.481944,37.883333,162.0740051,"132-197"
"2525","Sedgwick",-6.55,NA,1946-02-25,375303097284501,173,0,c(-97.481944, 37.883333),"1946","71-0",-97.481944,37.883333,162.0740051,"132-197"
"2526","Sedgwick",-6.87,NA,1946-03-01,375303097284501,173,0,c(-97.481944, 37.883333),"1946","71-0",-97.481944,37.883333,162.0740051,"132-197"
"2527","Sedgwick",-6.9,NA,1946-03-04,375303097284501,173,0,c(-97.481944, 37.883333),"1946","71-0",-97.481944,37.883333,162.0740051,"132-197"
"2528","Sedgwick",-6.93,NA,1946-03-18,375303097284501,173,0,c(-97.481944, 37.883333),"1946","71-0",-97.481944,37.883333,162.0740051,"132-197"
"2529","Sedgwick",-6.86,NA,1946-03-25,375303097284501,173,0,c(-97.481944, 37.883333),"1946","71-0",-97.481944,37.883333,162.0740051,"132-197"
"2530","Sedgwick",-6.9,NA,1946-04-01,375303097284501,173,0,c(-97.481944, 37.883333),"1946","71-0",-97.481944,37.883333,162.0740051,"132-197"
"2531","Sedgwick",-7.19,NA,1946-04-08,375303097284501,173,0,c(-97.481944, 37.883333),"1946","71-0",-97.481944,37.883333,162.0740051,"132-197"
"2532","Sedgwick",-7.23,NA,1946-04-15,375303097284501,173,0,c(-97.481944, 37.883333),"1946","71-0",-97.481944,37.883333,162.0740051,"132-197"
"2533","Sedgwick",-7.27,NA,1946-04-22,375303097284501,173,0,c(-97.481944, 37.883333),"1946","71-0",-97.481944,37.883333,162.0740051,"132-197"
"2534","Sedgwick",-7.37,NA,1946-04-29,375303097284501,173,0,c(-97.481944, 37.883333),"1946","71-0",-97.481944,37.883333,162.0740051,"132-197"
"2535","Sedgwick",-7.46,NA,1946-05-06,375303097284501,173,0,c(-97.481944, 37.883333),"1946","71-0",-97.481944,37.883333,162.0740051,"132-197"
"2536","Sedgwick",-7.44,NA,1946-05-13,375303097284501,173,0,c(-97.481944, 37.883333),"1946","71-0",-97.481944,37.883333,162.0740051,"132-197"
"2537","Sedgwick",-7.77,NA,1946-05-20,375303097284501,173,0,c(-97.481944, 37.883333),"1946","71-0",-97.481944,37.883333,162.0740051,"132-197"
"2538","Sedgwick",-7.82,NA,1946-05-27,375303097284501,173,0,c(-97.481944, 37.883333),"1946","71-0",-97.481944,37.883333,162.0740051,"132-197"
"2539","Sedgwick",-7.88,NA,1946-06-03,375303097284501,173,0,c(-97.481944, 37.883333),"1946","71-0",-97.481944,37.883333,162.0740051,"132-197"
"2540","Sedgwick",-7.93,NA,1946-06-17,375303097284501,173,0,c(-97.481944, 37.883333),"1946","71-0",-97.481944,37.883333,162.0740051,"132-197"
"2541","Sedgwick",-8.4,NA,1946-07-01,375303097284501,173,0,c(-97.481944, 37.883333),"1946","71-0",-97.481944,37.883333,162.0740051,"132-197"
"2542","Sedgwick",-8.53,NA,1946-07-08,375303097284501,173,0,c(-97.481944, 37.883333),"1946","71-0",-97.481944,37.883333,162.0740051,"132-197"
"2543","Sedgwick",-8.81,NA,1946-07-15,375303097284501,173,0,c(-97.481944, 37.883333),"1946","71-0",-97.481944,37.883333,162.0740051,"132-197"
"2544","Sedgwick",-8.93,NA,1946-07-22,375303097284501,173,0,c(-97.481944, 37.883333),"1946","71-0",-97.481944,37.883333,162.0740051,"132-197"
"2545","Sedgwick",-9.15,NA,1946-07-29,375303097284501,173,0,c(-97.481944, 37.883333),"1946","71-0",-97.481944,37.883333,162.0740051,"132-197"
"2546","Sedgwick",-9.27,NA,1946-08-05,375303097284501,173,0,c(-97.481944, 37.883333),"1946","71-0",-97.481944,37.883333,162.0740051,"132-197"
"2547","Sedgwick",-9.47,NA,1946-08-12,375303097284501,173,0,c(-97.481944, 37.883333),"1946","71-0",-97.481944,37.883333,162.0740051,"132-197"
"2548","Sedgwick",-9.61,NA,1946-08-19,375303097284501,173,0,c(-97.481944, 37.883333),"1946","71-0",-97.481944,37.883333,162.0740051,"132-197"
"2549","Sedgwick",-9.8,NA,1946-08-26,375303097284501,173,0,c(-97.481944, 37.883333),"1946","71-0",-97.481944,37.883333,162.0740051,"132-197"
"2550","Sedgwick",-9.91,NA,1946-09-02,375303097284501,173,0,c(-97.481944, 37.883333),"1946","71-0",-97.481944,37.883333,162.0740051,"132-197"
"2551","Sedgwick",-10.07,NA,1946-09-09,375303097284501,173,0,c(-97.481944, 37.883333),"1946","71-0",-97.481944,37.883333,162.0740051,"132-197"
"2552","Sedgwick",-10.2,NA,1946-09-16,375303097284501,173,0,c(-97.481944, 37.883333),"1946","71-0",-97.481944,37.883333,162.0740051,"132-197"
"2553","Sedgwick",-10.26,NA,1946-09-23,375303097284501,173,0,c(-97.481944, 37.883333),"1946","71-0",-97.481944,37.883333,162.0740051,"132-197"
"2554","Sedgwick",-10.28,NA,1946-09-30,375303097284501,173,0,c(-97.481944, 37.883333),"1946","71-0",-97.481944,37.883333,162.0740051,"132-197"
"2555","Sedgwick",-10.49,NA,1946-10-07,375303097284501,173,0,c(-97.481944, 37.883333),"1946","71-0",-97.481944,37.883333,162.0740051,"132-197"
"2556","Sedgwick",-10.58,NA,1946-10-14,375303097284501,173,0,c(-97.481944, 37.883333),"1946","71-0",-97.481944,37.883333,162.0740051,"132-197"
"2557","Sedgwick",-10.69,NA,1946-10-21,375303097284501,173,0,c(-97.481944, 37.883333),"1946","71-0",-97.481944,37.883333,162.0740051,"132-197"
"2558","Sedgwick",-10.78,NA,1946-10-28,375303097284501,173,0,c(-97.481944, 37.883333),"1946","71-0",-97.481944,37.883333,162.0740051,"132-197"
"2559","Sedgwick",-10.8,NA,1946-11-04,375303097284501,173,0,c(-97.481944, 37.883333),"1946","71-0",-97.481944,37.883333,162.0740051,"132-197"
"2560","Sedgwick",-10.96,NA,1946-11-18,375303097284501,173,0,c(-97.481944, 37.883333),"1946","71-0",-97.481944,37.883333,162.0740051,"132-197"
"2561","Sedgwick",-10.99,NA,1946-11-25,375303097284501,173,0,c(-97.481944, 37.883333),"1946","71-0",-97.481944,37.883333,162.0740051,"132-197"
"2562","Sedgwick",-11.03,NA,1946-12-02,375303097284501,173,0,c(-97.481944, 37.883333),"1946","71-0",-97.481944,37.883333,162.0740051,"132-197"
"2563","Sedgwick",-11.2,NA,1946-12-09,375303097284501,173,0,c(-97.481944, 37.883333),"1946","71-0",-97.481944,37.883333,162.0740051,"132-197"
"2564","Sedgwick",-11.12,NA,1946-12-16,375303097284501,173,0,c(-97.481944, 37.883333),"1946","71-0",-97.481944,37.883333,162.0740051,"132-197"
"2565","Sedgwick",-11.45,NA,1946-12-23,375303097284501,173,0,c(-97.481944, 37.883333),"1946","71-0",-97.481944,37.883333,162.0740051,"132-197"
"2566","Sedgwick",-11.48,NA,1946-12-30,375303097284501,173,0,c(-97.481944, 37.883333),"1946","71-0",-97.481944,37.883333,162.0740051,"132-197"
"2567","Sedgwick",-8.59,NA,1946-01-02,375303097394001,173,0,c(-97.665139, 37.883333),"1946","71-0",-97.665139,37.883333,136.45047,"132-197"
"2568","Sedgwick",-8.27,NA,1946-02-05,375303097394001,173,0,c(-97.665139, 37.883333),"1946","71-0",-97.665139,37.883333,136.45047,"132-197"
"2569","Sedgwick",-8.21,NA,1946-03-06,375303097394001,173,0,c(-97.665139, 37.883333),"1946","71-0",-97.665139,37.883333,136.45047,"132-197"
"2570","Sedgwick",-8.48,NA,1946-04-02,375303097394001,173,0,c(-97.665139, 37.883333),"1946","71-0",-97.665139,37.883333,136.45047,"132-197"
"2571","Sedgwick",-9.08,NA,1946-05-02,375303097394001,173,0,c(-97.665139, 37.883333),"1946","71-0",-97.665139,37.883333,136.45047,"132-197"
"2572","Sedgwick",-9.49,NA,1946-05-28,375303097394001,173,0,c(-97.665139, 37.883333),"1946","71-0",-97.665139,37.883333,136.45047,"132-197"
"2573","Sedgwick",-10.09,NA,1946-07-02,375303097394001,173,0,c(-97.665139, 37.883333),"1946","71-0",-97.665139,37.883333,136.45047,"132-197"
"2574","Sedgwick",-10.65,NA,1946-07-30,375303097394001,173,0,c(-97.665139, 37.883333),"1946","71-0",-97.665139,37.883333,136.45047,"132-197"
"2575","Sedgwick",-11.12,NA,1946-09-26,375303097394001,173,0,c(-97.665139, 37.883333),"1946","71-0",-97.665139,37.883333,136.45047,"132-197"
"2576","Sedgwick",-10.17,NA,1946-11-06,375303097394001,173,0,c(-97.665139, 37.883333),"1946","71-0",-97.665139,37.883333,136.45047,"132-197"
"2577","Sedgwick",-9.78,NA,1946-12-03,375303097394001,173,0,c(-97.665139, 37.883333),"1946","71-0",-97.665139,37.883333,136.45047,"132-197"
"2578","Sedgwick",-9.86,NA,1946-12-31,375303097394001,173,0,c(-97.665139, 37.883333),"1946","71-0",-97.665139,37.883333,136.45047,"132-197"
"2579","Harvey",-5.5,NA,1946-01-07,375817097363202,79,0,c(-97.610556, 37.970833),"1946","71-0",-97.610556,37.970833,205.7940674,"198-262"
"2580","Harvey",-5.45,NA,1946-01-14,375817097363202,79,0,c(-97.610556, 37.970833),"1946","71-0",-97.610556,37.970833,205.7940674,"198-262"
"2581","Harvey",-5.42,NA,1946-01-21,375817097363202,79,0,c(-97.610556, 37.970833),"1946","71-0",-97.610556,37.970833,205.7940674,"198-262"
"2582","Harvey",-5.46,NA,1946-01-28,375817097363202,79,0,c(-97.610556, 37.970833),"1946","71-0",-97.610556,37.970833,205.7940674,"198-262"
"2583","Harvey",-5.42,NA,1946-02-04,375817097363202,79,0,c(-97.610556, 37.970833),"1946","71-0",-97.610556,37.970833,205.7940674,"198-262"
"2584","Harvey",-5.47,NA,1946-02-11,375817097363202,79,0,c(-97.610556, 37.970833),"1946","71-0",-97.610556,37.970833,205.7940674,"198-262"
"2585","Harvey",-5.44,NA,1946-02-18,375817097363202,79,0,c(-97.610556, 37.970833),"1946","71-0",-97.610556,37.970833,205.7940674,"198-262"
"2586","Harvey",-5.41,NA,1946-02-25,375817097363202,79,0,c(-97.610556, 37.970833),"1946","71-0",-97.610556,37.970833,205.7940674,"198-262"
"2587","Harvey",-5.61,NA,1946-03-04,375817097363202,79,0,c(-97.610556, 37.970833),"1946","71-0",-97.610556,37.970833,205.7940674,"198-262"
"2588","Harvey",-5.58,NA,1946-03-11,375817097363202,79,0,c(-97.610556, 37.970833),"1946","71-0",-97.610556,37.970833,205.7940674,"198-262"
"2589","Harvey",-5.56,NA,1946-03-18,375817097363202,79,0,c(-97.610556, 37.970833),"1946","71-0",-97.610556,37.970833,205.7940674,"198-262"
"2590","Harvey",-5.53,NA,1946-03-25,375817097363202,79,0,c(-97.610556, 37.970833),"1946","71-0",-97.610556,37.970833,205.7940674,"198-262"
"2591","Harvey",-5.24,NA,1946-04-01,375817097363202,79,0,c(-97.610556, 37.970833),"1946","71-0",-97.610556,37.970833,205.7940674,"198-262"
"2592","Harvey",-5.41,NA,1946-04-08,375817097363202,79,0,c(-97.610556, 37.970833),"1946","71-0",-97.610556,37.970833,205.7940674,"198-262"
"2593","Harvey",-5.54,NA,1946-04-22,375817097363202,79,0,c(-97.610556, 37.970833),"1946","71-0",-97.610556,37.970833,205.7940674,"198-262"
"2594","Harvey",-5.79,NA,1946-04-29,375817097363202,79,0,c(-97.610556, 37.970833),"1946","71-0",-97.610556,37.970833,205.7940674,"198-262"
"2595","Harvey",-5.84,NA,1946-05-06,375817097363202,79,0,c(-97.610556, 37.970833),"1946","71-0",-97.610556,37.970833,205.7940674,"198-262"
"2596","Harvey",-5.82,NA,1946-05-13,375817097363202,79,0,c(-97.610556, 37.970833),"1946","71-0",-97.610556,37.970833,205.7940674,"198-262"
"2597","Harvey",-6.28,NA,1946-05-27,375817097363202,79,0,c(-97.610556, 37.970833),"1946","71-0",-97.610556,37.970833,205.7940674,"198-262"
"2598","Harvey",-6.32,NA,1946-06-03,375817097363202,79,0,c(-97.610556, 37.970833),"1946","71-0",-97.610556,37.970833,205.7940674,"198-262"
"2599","Harvey",-6.41,NA,1946-06-17,375817097363202,79,0,c(-97.610556, 37.970833),"1946","71-0",-97.610556,37.970833,205.7940674,"198-262"
"2600","Harvey",-6.59,NA,1946-07-01,375817097363202,79,0,c(-97.610556, 37.970833),"1946","71-0",-97.610556,37.970833,205.7940674,"198-262"
"2601","Harvey",-6.63,NA,1946-07-08,375817097363202,79,0,c(-97.610556, 37.970833),"1946","71-0",-97.610556,37.970833,205.7940674,"198-262"
"2602","Harvey",-6.86,NA,1946-07-15,375817097363202,79,0,c(-97.610556, 37.970833),"1946","71-0",-97.610556,37.970833,205.7940674,"198-262"
"2603","Harvey",-6.96,NA,1946-07-22,375817097363202,79,0,c(-97.610556, 37.970833),"1946","71-0",-97.610556,37.970833,205.7940674,"198-262"
"2604","Harvey",-6.86,NA,1946-07-29,375817097363202,79,0,c(-97.610556, 37.970833),"1946","71-0",-97.610556,37.970833,205.7940674,"198-262"
"2605","Harvey",-7.49,NA,1946-08-05,375817097363202,79,0,c(-97.610556, 37.970833),"1946","71-0",-97.610556,37.970833,205.7940674,"198-262"
"2606","Harvey",-7.55,NA,1946-08-12,375817097363202,79,0,c(-97.610556, 37.970833),"1946","71-0",-97.610556,37.970833,205.7940674,"198-262"
"2607","Harvey",-7.66,NA,1946-08-19,375817097363202,79,0,c(-97.610556, 37.970833),"1946","71-0",-97.610556,37.970833,205.7940674,"198-262"
"2608","Harvey",-7.72,NA,1946-08-26,375817097363202,79,0,c(-97.610556, 37.970833),"1946","71-0",-97.610556,37.970833,205.7940674,"198-262"
"2609","Harvey",-7.79,NA,1946-09-02,375817097363202,79,0,c(-97.610556, 37.970833),"1946","71-0",-97.610556,37.970833,205.7940674,"198-262"
"2610","Harvey",-7.8,NA,1946-09-09,375817097363202,79,0,c(-97.610556, 37.970833),"1946","71-0",-97.610556,37.970833,205.7940674,"198-262"
"2611","Harvey",-7.93,NA,1946-09-16,375817097363202,79,0,c(-97.610556, 37.970833),"1946","71-0",-97.610556,37.970833,205.7940674,"198-262"
"2612","Harvey",-7.97,NA,1946-09-23,375817097363202,79,0,c(-97.610556, 37.970833),"1946","71-0",-97.610556,37.970833,205.7940674,"198-262"
"2613","Harvey",-8.06,NA,1946-09-30,375817097363202,79,0,c(-97.610556, 37.970833),"1946","71-0",-97.610556,37.970833,205.7940674,"198-262"
"2614","Harvey",-7.9,NA,1946-10-07,375817097363202,79,0,c(-97.610556, 37.970833),"1946","71-0",-97.610556,37.970833,205.7940674,"198-262"
"2615","Harvey",-7.89,NA,1946-10-14,375817097363202,79,0,c(-97.610556, 37.970833),"1946","71-0",-97.610556,37.970833,205.7940674,"198-262"
"2616","Harvey",-7.96,NA,1946-10-21,375817097363202,79,0,c(-97.610556, 37.970833),"1946","71-0",-97.610556,37.970833,205.7940674,"198-262"
"2617","Harvey",-7.93,NA,1946-11-04,375817097363202,79,0,c(-97.610556, 37.970833),"1946","71-0",-97.610556,37.970833,205.7940674,"198-262"
"2618","Harvey",-7.88,NA,1946-11-18,375817097363202,79,0,c(-97.610556, 37.970833),"1946","71-0",-97.610556,37.970833,205.7940674,"198-262"
"2619","Harvey",-7.99,NA,1946-12-02,375817097363202,79,0,c(-97.610556, 37.970833),"1946","71-0",-97.610556,37.970833,205.7940674,"198-262"
"2620","Harvey",-8.29,NA,1946-12-09,375817097363202,79,0,c(-97.610556, 37.970833),"1946","71-0",-97.610556,37.970833,205.7940674,"198-262"
"2621","Harvey",-8.26,NA,1946-12-16,375817097363202,79,0,c(-97.610556, 37.970833),"1946","71-0",-97.610556,37.970833,205.7940674,"198-262"
"2622","Harvey",-8.16,NA,1946-12-23,375817097363202,79,0,c(-97.610556, 37.970833),"1946","71-0",-97.610556,37.970833,205.7940674,"198-262"
"2623","Harvey",-8.14,NA,1946-12-30,375817097363202,79,0,c(-97.610556, 37.970833),"1946","71-0",-97.610556,37.970833,205.7940674,"198-262"
"2624","Harvey",-10.52,NA,1946-01-19,375724097330701,79,0,c(-97.555278, 37.956111),"1946","71-0",-97.555278,37.956111,195.3314819,"132-197"
"2625","Harvey",-10.42,NA,1946-04-08,375724097330701,79,0,c(-97.555278, 37.956111),"1946","71-0",-97.555278,37.956111,195.3314819,"132-197"
"2626","Harvey",-11.82,NA,1946-07-10,375724097330701,79,0,c(-97.555278, 37.956111),"1946","71-0",-97.555278,37.956111,195.3314819,"132-197"
"2627","Harvey",-13.14,NA,1946-10-04,375724097330701,79,0,c(-97.555278, 37.956111),"1946","71-0",-97.555278,37.956111,195.3314819,"132-197"
"2628","Harvey",-35.13,NA,1946-01-07,375955097334901,79,0,c(-97.564722, 37.99875),"1946","71-0",-97.564722,37.99875,212.0122681,"198-262"
"2629","Harvey",-35.11,NA,1946-01-14,375955097334901,79,0,c(-97.564722, 37.99875),"1946","71-0",-97.564722,37.99875,212.0122681,"198-262"
"2630","Harvey",-35.09,NA,1946-01-21,375955097334901,79,0,c(-97.564722, 37.99875),"1946","71-0",-97.564722,37.99875,212.0122681,"198-262"
"2631","Harvey",-35.12,NA,1946-01-28,375955097334901,79,0,c(-97.564722, 37.99875),"1946","71-0",-97.564722,37.99875,212.0122681,"198-262"
"2632","Harvey",-35.22,NA,1946-02-04,375955097334901,79,0,c(-97.564722, 37.99875),"1946","71-0",-97.564722,37.99875,212.0122681,"198-262"
"2633","Harvey",-35.26,NA,1946-02-11,375955097334901,79,0,c(-97.564722, 37.99875),"1946","71-0",-97.564722,37.99875,212.0122681,"198-262"
"2634","Harvey",-34.98,NA,1946-02-18,375955097334901,79,0,c(-97.564722, 37.99875),"1946","71-0",-97.564722,37.99875,212.0122681,"198-262"
"2635","Harvey",-35.26,NA,1946-02-25,375955097334901,79,0,c(-97.564722, 37.99875),"1946","71-0",-97.564722,37.99875,212.0122681,"198-262"
"2636","Harvey",-35.33,NA,1946-03-04,375955097334901,79,0,c(-97.564722, 37.99875),"1946","71-0",-97.564722,37.99875,212.0122681,"198-262"
"2637","Harvey",-35.32,NA,1946-03-11,375955097334901,79,0,c(-97.564722, 37.99875),"1946","71-0",-97.564722,37.99875,212.0122681,"198-262"
"2638","Harvey",-35.32,NA,1946-03-18,375955097334901,79,0,c(-97.564722, 37.99875),"1946","71-0",-97.564722,37.99875,212.0122681,"198-262"
"2639","Harvey",-35.33,NA,1946-03-25,375955097334901,79,0,c(-97.564722, 37.99875),"1946","71-0",-97.564722,37.99875,212.0122681,"198-262"
"2640","Harvey",-35.34,NA,1946-04-01,375955097334901,79,0,c(-97.564722, 37.99875),"1946","71-0",-97.564722,37.99875,212.0122681,"198-262"
"2641","Harvey",-35.22,NA,1946-04-08,375955097334901,79,0,c(-97.564722, 37.99875),"1946","71-0",-97.564722,37.99875,212.0122681,"198-262"
"2642","Harvey",-35.23,NA,1946-04-15,375955097334901,79,0,c(-97.564722, 37.99875),"1946","71-0",-97.564722,37.99875,212.0122681,"198-262"
"2643","Harvey",-35.26,NA,1946-04-22,375955097334901,79,0,c(-97.564722, 37.99875),"1946","71-0",-97.564722,37.99875,212.0122681,"198-262"
"2644","Harvey",-35.74,NA,1946-04-29,375955097334901,79,0,c(-97.564722, 37.99875),"1946","71-0",-97.564722,37.99875,212.0122681,"198-262"
"2645","Harvey",-35.78,NA,1946-05-06,375955097334901,79,0,c(-97.564722, 37.99875),"1946","71-0",-97.564722,37.99875,212.0122681,"198-262"
"2646","Harvey",-35.79,NA,1946-05-13,375955097334901,79,0,c(-97.564722, 37.99875),"1946","71-0",-97.564722,37.99875,212.0122681,"198-262"
"2647","Harvey",-35.43,NA,1946-05-20,375955097334901,79,0,c(-97.564722, 37.99875),"1946","71-0",-97.564722,37.99875,212.0122681,"198-262"
"2648","Harvey",-35.84,NA,1946-05-27,375955097334901,79,0,c(-97.564722, 37.99875),"1946","71-0",-97.564722,37.99875,212.0122681,"198-262"
"2649","Harvey",-35.9,NA,1946-06-03,375955097334901,79,0,c(-97.564722, 37.99875),"1946","71-0",-97.564722,37.99875,212.0122681,"198-262"
"2650","Harvey",-34.09,NA,1946-06-17,375955097334901,79,0,c(-97.564722, 37.99875),"1946","71-0",-97.564722,37.99875,212.0122681,"198-262"
"2651","Harvey",-33.89,NA,1946-07-08,375955097334901,79,0,c(-97.564722, 37.99875),"1946","71-0",-97.564722,37.99875,212.0122681,"198-262"
"2652","Harvey",-35.96,NA,1946-07-15,375955097334901,79,0,c(-97.564722, 37.99875),"1946","71-0",-97.564722,37.99875,212.0122681,"198-262"
"2653","Harvey",-35.94,NA,1946-07-22,375955097334901,79,0,c(-97.564722, 37.99875),"1946","71-0",-97.564722,37.99875,212.0122681,"198-262"
"2654","Harvey",-35.91,NA,1946-07-29,375955097334901,79,0,c(-97.564722, 37.99875),"1946","71-0",-97.564722,37.99875,212.0122681,"198-262"
"2655","Harvey",-35.95,NA,1946-08-05,375955097334901,79,0,c(-97.564722, 37.99875),"1946","71-0",-97.564722,37.99875,212.0122681,"198-262"
"2656","Harvey",-36,NA,1946-08-12,375955097334901,79,0,c(-97.564722, 37.99875),"1946","71-0",-97.564722,37.99875,212.0122681,"198-262"
"2657","Harvey",-36.01,NA,1946-08-19,375955097334901,79,0,c(-97.564722, 37.99875),"1946","71-0",-97.564722,37.99875,212.0122681,"198-262"
"2658","Harvey",-36.12,NA,1946-08-26,375955097334901,79,0,c(-97.564722, 37.99875),"1946","71-0",-97.564722,37.99875,212.0122681,"198-262"
"2659","Harvey",-36.02,NA,1946-09-02,375955097334901,79,0,c(-97.564722, 37.99875),"1946","71-0",-97.564722,37.99875,212.0122681,"198-262"
"2660","Harvey",-36.04,NA,1946-09-09,375955097334901,79,0,c(-97.564722, 37.99875),"1946","71-0",-97.564722,37.99875,212.0122681,"198-262"
"2661","Harvey",-36.01,NA,1946-09-16,375955097334901,79,0,c(-97.564722, 37.99875),"1946","71-0",-97.564722,37.99875,212.0122681,"198-262"
"2662","Harvey",-36.05,NA,1946-09-23,375955097334901,79,0,c(-97.564722, 37.99875),"1946","71-0",-97.564722,37.99875,212.0122681,"198-262"
"2663","Harvey",-36.05,NA,1946-09-30,375955097334901,79,0,c(-97.564722, 37.99875),"1946","71-0",-97.564722,37.99875,212.0122681,"198-262"
"2664","Harvey",-36.11,NA,1946-10-07,375955097334901,79,0,c(-97.564722, 37.99875),"1946","71-0",-97.564722,37.99875,212.0122681,"198-262"
"2665","Harvey",-36.03,NA,1946-10-14,375955097334901,79,0,c(-97.564722, 37.99875),"1946","71-0",-97.564722,37.99875,212.0122681,"198-262"
"2666","Harvey",-35.76,NA,1946-10-21,375955097334901,79,0,c(-97.564722, 37.99875),"1946","71-0",-97.564722,37.99875,212.0122681,"198-262"
"2667","Harvey",-35.77,NA,1946-10-28,375955097334901,79,0,c(-97.564722, 37.99875),"1946","71-0",-97.564722,37.99875,212.0122681,"198-262"
"2668","Harvey",-36.15,NA,1946-11-04,375955097334901,79,0,c(-97.564722, 37.99875),"1946","71-0",-97.564722,37.99875,212.0122681,"198-262"
"2669","Harvey",-35.9,NA,1946-11-18,375955097334901,79,0,c(-97.564722, 37.99875),"1946","71-0",-97.564722,37.99875,212.0122681,"198-262"
"2670","Harvey",-36.19,NA,1946-12-02,375955097334901,79,0,c(-97.564722, 37.99875),"1946","71-0",-97.564722,37.99875,212.0122681,"198-262"
"2671","Harvey",-36.22,NA,1946-12-09,375955097334901,79,0,c(-97.564722, 37.99875),"1946","71-0",-97.564722,37.99875,212.0122681,"198-262"
"2672","Harvey",-36.23,NA,1946-12-16,375955097334901,79,0,c(-97.564722, 37.99875),"1946","71-0",-97.564722,37.99875,212.0122681,"198-262"
"2673","Harvey",-36.23,NA,1946-12-23,375955097334901,79,0,c(-97.564722, 37.99875),"1946","71-0",-97.564722,37.99875,212.0122681,"198-262"
"2674","Harvey",-36.24,NA,1946-12-30,375955097334901,79,0,c(-97.564722, 37.99875),"1946","71-0",-97.564722,37.99875,212.0122681,"198-262"
"2675","Harvey",-8.72,NA,1946-01-07,375810097295101,79,0,c(-97.499869, 37.970439),"1946","71-0",-97.499869,37.970439,147.5453339,"132-197"
"2676","Harvey",-8.7,NA,1946-01-14,375810097295101,79,0,c(-97.499869, 37.970439),"1946","71-0",-97.499869,37.970439,147.5453339,"132-197"
"2677","Harvey",-7.91,NA,1946-01-21,375810097295101,79,0,c(-97.499869, 37.970439),"1946","71-0",-97.499869,37.970439,147.5453339,"132-197"
"2678","Harvey",-7.93,NA,1946-01-28,375810097295101,79,0,c(-97.499869, 37.970439),"1946","71-0",-97.499869,37.970439,147.5453339,"132-197"
"2679","Harvey",-8.02,NA,1946-02-04,375810097295101,79,0,c(-97.499869, 37.970439),"1946","71-0",-97.499869,37.970439,147.5453339,"132-197"
"2680","Harvey",-8.31,NA,1946-02-11,375810097295101,79,0,c(-97.499869, 37.970439),"1946","71-0",-97.499869,37.970439,147.5453339,"132-197"
"2681","Harvey",-8.32,NA,1946-02-18,375810097295101,79,0,c(-97.499869, 37.970439),"1946","71-0",-97.499869,37.970439,147.5453339,"132-197"
"2682","Harvey",-8.34,NA,1946-02-25,375810097295101,79,0,c(-97.499869, 37.970439),"1946","71-0",-97.499869,37.970439,147.5453339,"132-197"
"2683","Harvey",-8.62,NA,1946-03-04,375810097295101,79,0,c(-97.499869, 37.970439),"1946","71-0",-97.499869,37.970439,147.5453339,"132-197"
"2684","Harvey",-8.64,NA,1946-03-11,375810097295101,79,0,c(-97.499869, 37.970439),"1946","71-0",-97.499869,37.970439,147.5453339,"132-197"
"2685","Harvey",-8.41,NA,1946-03-18,375810097295101,79,0,c(-97.499869, 37.970439),"1946","71-0",-97.499869,37.970439,147.5453339,"132-197"
"2686","Harvey",-8.24,NA,1946-03-25,375810097295101,79,0,c(-97.499869, 37.970439),"1946","71-0",-97.499869,37.970439,147.5453339,"132-197"
"2687","Harvey",-8.87,NA,1946-04-01,375810097295101,79,0,c(-97.499869, 37.970439),"1946","71-0",-97.499869,37.970439,147.5453339,"132-197"
"2688","Harvey",-8.7,NA,1946-04-08,375810097295101,79,0,c(-97.499869, 37.970439),"1946","71-0",-97.499869,37.970439,147.5453339,"132-197"
"2689","Harvey",-8.74,NA,1946-04-15,375810097295101,79,0,c(-97.499869, 37.970439),"1946","71-0",-97.499869,37.970439,147.5453339,"132-197"
"2690","Harvey",-8.76,NA,1946-04-22,375810097295101,79,0,c(-97.499869, 37.970439),"1946","71-0",-97.499869,37.970439,147.5453339,"132-197"
"2691","Harvey",-9.14,NA,1946-04-29,375810097295101,79,0,c(-97.499869, 37.970439),"1946","71-0",-97.499869,37.970439,147.5453339,"132-197"
"2692","Harvey",-9.13,NA,1946-05-06,375810097295101,79,0,c(-97.499869, 37.970439),"1946","71-0",-97.499869,37.970439,147.5453339,"132-197"
"2693","Harvey",-9.16,NA,1946-05-13,375810097295101,79,0,c(-97.499869, 37.970439),"1946","71-0",-97.499869,37.970439,147.5453339,"132-197"
"2694","Harvey",-9.44,NA,1946-05-20,375810097295101,79,0,c(-97.499869, 37.970439),"1946","71-0",-97.499869,37.970439,147.5453339,"132-197"
"2695","Harvey",-9.6,NA,1946-05-27,375810097295101,79,0,c(-97.499869, 37.970439),"1946","71-0",-97.499869,37.970439,147.5453339,"132-197"
"2696","Harvey",-9.64,NA,1946-06-03,375810097295101,79,0,c(-97.499869, 37.970439),"1946","71-0",-97.499869,37.970439,147.5453339,"132-197"
"2697","Harvey",-9.69,NA,1946-06-17,375810097295101,79,0,c(-97.499869, 37.970439),"1946","71-0",-97.499869,37.970439,147.5453339,"132-197"
"2698","Harvey",-9.95,NA,1946-07-01,375810097295101,79,0,c(-97.499869, 37.970439),"1946","71-0",-97.499869,37.970439,147.5453339,"132-197"
"2699","Harvey",-10.02,NA,1946-07-08,375810097295101,79,0,c(-97.499869, 37.970439),"1946","71-0",-97.499869,37.970439,147.5453339,"132-197"
"2700","Harvey",-10.24,NA,1946-07-15,375810097295101,79,0,c(-97.499869, 37.970439),"1946","71-0",-97.499869,37.970439,147.5453339,"132-197"
"2701","Harvey",-10.38,NA,1946-07-22,375810097295101,79,0,c(-97.499869, 37.970439),"1946","71-0",-97.499869,37.970439,147.5453339,"132-197"
"2702","Harvey",-10.48,NA,1946-07-29,375810097295101,79,0,c(-97.499869, 37.970439),"1946","71-0",-97.499869,37.970439,147.5453339,"132-197"
"2703","Harvey",-10.66,NA,1946-08-05,375810097295101,79,0,c(-97.499869, 37.970439),"1946","71-0",-97.499869,37.970439,147.5453339,"132-197"
"2704","Harvey",-10.76,NA,1946-08-12,375810097295101,79,0,c(-97.499869, 37.970439),"1946","71-0",-97.499869,37.970439,147.5453339,"132-197"
"2705","Harvey",-10.9,NA,1946-08-19,375810097295101,79,0,c(-97.499869, 37.970439),"1946","71-0",-97.499869,37.970439,147.5453339,"132-197"
"2706","Harvey",-10.99,NA,1946-08-26,375810097295101,79,0,c(-97.499869, 37.970439),"1946","71-0",-97.499869,37.970439,147.5453339,"132-197"
"2707","Harvey",-11.08,NA,1946-09-02,375810097295101,79,0,c(-97.499869, 37.970439),"1946","71-0",-97.499869,37.970439,147.5453339,"132-197"
"2708","Harvey",-11.16,NA,1946-09-09,375810097295101,79,0,c(-97.499869, 37.970439),"1946","71-0",-97.499869,37.970439,147.5453339,"132-197"
"2709","Harvey",-11.19,NA,1946-09-16,375810097295101,79,0,c(-97.499869, 37.970439),"1946","71-0",-97.499869,37.970439,147.5453339,"132-197"
"2710","Harvey",-11.27,NA,1946-09-23,375810097295101,79,0,c(-97.499869, 37.970439),"1946","71-0",-97.499869,37.970439,147.5453339,"132-197"
"2711","Harvey",-11.42,NA,1946-09-30,375810097295101,79,0,c(-97.499869, 37.970439),"1946","71-0",-97.499869,37.970439,147.5453339,"132-197"
"2712","Harvey",-11.26,NA,1946-10-07,375810097295101,79,0,c(-97.499869, 37.970439),"1946","71-0",-97.499869,37.970439,147.5453339,"132-197"
"2713","Harvey",-11.37,NA,1946-10-14,375810097295101,79,0,c(-97.499869, 37.970439),"1946","71-0",-97.499869,37.970439,147.5453339,"132-197"
"2714","Harvey",-11.4,NA,1946-10-21,375810097295101,79,0,c(-97.499869, 37.970439),"1946","71-0",-97.499869,37.970439,147.5453339,"132-197"
"2715","Harvey",-11.47,NA,1946-10-28,375810097295101,79,0,c(-97.499869, 37.970439),"1946","71-0",-97.499869,37.970439,147.5453339,"132-197"
"2716","Harvey",-11.46,NA,1946-11-04,375810097295101,79,0,c(-97.499869, 37.970439),"1946","71-0",-97.499869,37.970439,147.5453339,"132-197"
"2717","Harvey",-11.39,NA,1946-11-18,375810097295101,79,0,c(-97.499869, 37.970439),"1946","71-0",-97.499869,37.970439,147.5453339,"132-197"
"2718","Harvey",-11.45,NA,1946-11-25,375810097295101,79,0,c(-97.499869, 37.970439),"1946","71-0",-97.499869,37.970439,147.5453339,"132-197"
"2719","Harvey",-11.48,NA,1946-12-02,375810097295101,79,0,c(-97.499869, 37.970439),"1946","71-0",-97.499869,37.970439,147.5453339,"132-197"
"2720","Harvey",-11.58,NA,1946-12-09,375810097295101,79,0,c(-97.499869, 37.970439),"1946","71-0",-97.499869,37.970439,147.5453339,"132-197"
"2721","Harvey",-11.58,NA,1946-12-16,375810097295101,79,0,c(-97.499869, 37.970439),"1946","71-0",-97.499869,37.970439,147.5453339,"132-197"
"2722","Harvey",-11.5,NA,1946-12-23,375810097295101,79,0,c(-97.499869, 37.970439),"1946","71-0",-97.499869,37.970439,147.5453339,"132-197"
"2723","Harvey",-11.57,NA,1946-12-30,375810097295101,79,0,c(-97.499869, 37.970439),"1946","71-0",-97.499869,37.970439,147.5453339,"132-197"
"2724","Harvey",-66.12,NA,1946-01-04,375902097334801,79,0,c(-97.565278, 37.984583),"1946","71-0",-97.565278,37.984583,201.8410339,"198-262"
"2725","Harvey",-27.86,NA,1946-02-06,375902097334801,79,0,c(-97.565278, 37.984583),"1946","71-0",-97.565278,37.984583,201.8410339,"198-262"
"2726","Harvey",-27.96,NA,1946-03-07,375902097334801,79,0,c(-97.565278, 37.984583),"1946","71-0",-97.565278,37.984583,201.8410339,"198-262"
"2727","Harvey",-27.32,NA,1946-04-03,375902097334801,79,0,c(-97.565278, 37.984583),"1946","71-0",-97.565278,37.984583,201.8410339,"198-262"
"2728","Harvey",-66.64,NA,1946-04-30,375902097334801,79,0,c(-97.565278, 37.984583),"1946","71-0",-97.565278,37.984583,201.8410339,"198-262"
"2729","Harvey",-27.86,NA,1946-05-29,375902097334801,79,0,c(-97.565278, 37.984583),"1946","71-0",-97.565278,37.984583,201.8410339,"198-262"
"2730","Harvey",-67.28,NA,1946-07-03,375902097334801,79,0,c(-97.565278, 37.984583),"1946","71-0",-97.565278,37.984583,201.8410339,"198-262"
"2731","Harvey",-68.71,NA,1946-08-01,375902097334801,79,0,c(-97.565278, 37.984583),"1946","71-0",-97.565278,37.984583,201.8410339,"198-262"
"2732","Harvey",-28.24,NA,1946-08-27,375902097334801,79,0,c(-97.565278, 37.984583),"1946","71-0",-97.565278,37.984583,201.8410339,"198-262"
"2733","Harvey",-69.29,NA,1946-09-25,375902097334801,79,0,c(-97.565278, 37.984583),"1946","71-0",-97.565278,37.984583,201.8410339,"198-262"
"2734","Harvey",-28.23,NA,1946-11-08,375902097334801,79,0,c(-97.565278, 37.984583),"1946","71-0",-97.565278,37.984583,201.8410339,"198-262"
"2735","Harvey",-28.21,NA,1946-12-04,375902097334801,79,0,c(-97.565278, 37.984583),"1946","71-0",-97.565278,37.984583,201.8410339,"198-262"
"2736","Harvey",-22.77,NA,1946-01-04,375843097341302,79,0,c(-97.573797, 37.979569),"1946","71-0",-97.573797,37.979569,208.4711456,"198-262"
"2737","Harvey",-22.82,NA,1946-02-06,375843097341302,79,0,c(-97.573797, 37.979569),"1946","71-0",-97.573797,37.979569,208.4711456,"198-262"
"2738","Harvey",-22.16,NA,1946-03-07,375843097341302,79,0,c(-97.573797, 37.979569),"1946","71-0",-97.573797,37.979569,208.4711456,"198-262"
"2739","Harvey",-22.57,NA,1946-04-03,375843097341302,79,0,c(-97.573797, 37.979569),"1946","71-0",-97.573797,37.979569,208.4711456,"198-262"
"2740","Harvey",-21.72,NA,1946-04-30,375843097341302,79,0,c(-97.573797, 37.979569),"1946","71-0",-97.573797,37.979569,208.4711456,"198-262"
"2741","Harvey",-21.34,NA,1946-05-29,375843097341302,79,0,c(-97.573797, 37.979569),"1946","71-0",-97.573797,37.979569,208.4711456,"198-262"
"2742","Harvey",-23.24,NA,1946-07-03,375843097341302,79,0,c(-97.573797, 37.979569),"1946","71-0",-97.573797,37.979569,208.4711456,"198-262"
"2743","Harvey",-24.38,NA,1946-08-01,375843097341302,79,0,c(-97.573797, 37.979569),"1946","71-0",-97.573797,37.979569,208.4711456,"198-262"
"2744","Harvey",-24.28,NA,1946-08-27,375843097341302,79,0,c(-97.573797, 37.979569),"1946","71-0",-97.573797,37.979569,208.4711456,"198-262"
"2745","Harvey",-23.24,NA,1946-09-25,375843097341302,79,0,c(-97.573797, 37.979569),"1946","71-0",-97.573797,37.979569,208.4711456,"198-262"
"2746","Harvey",-24.04,NA,1946-11-08,375843097341302,79,0,c(-97.573797, 37.979569),"1946","71-0",-97.573797,37.979569,208.4711456,"198-262"
"2747","Harvey",-23.33,NA,1946-12-04,375843097341302,79,0,c(-97.573797, 37.979569),"1946","71-0",-97.573797,37.979569,208.4711456,"198-262"
"2748","Harvey",-10.24,NA,1946-02-08,375632097243001,79,0,c(-97.410408, 37.941567),"1946","71-0",-97.410408,37.941567,49.571167,"0-65"
"2749","Harvey",-10.02,NA,1946-03-06,375632097243001,79,0,c(-97.410408, 37.941567),"1946","71-0",-97.410408,37.941567,49.571167,"0-65"
"2750","Harvey",-8.19,NA,1946-04-02,375632097243001,79,0,c(-97.410408, 37.941567),"1946","71-0",-97.410408,37.941567,49.571167,"0-65"
"2751","Harvey",-10.24,NA,1946-05-02,375632097243001,79,0,c(-97.410408, 37.941567),"1946","71-0",-97.410408,37.941567,49.571167,"0-65"
"2752","Harvey",-9.28,NA,1946-05-28,375632097243001,79,0,c(-97.410408, 37.941567),"1946","71-0",-97.410408,37.941567,49.571167,"0-65"
"2753","Harvey",-10.44,NA,1946-07-02,375632097243001,79,0,c(-97.410408, 37.941567),"1946","71-0",-97.410408,37.941567,49.571167,"0-65"
"2754","Harvey",-10.62,NA,1946-07-30,375632097243001,79,0,c(-97.410408, 37.941567),"1946","71-0",-97.410408,37.941567,49.571167,"0-65"
"2755","Harvey",-13.11,NA,1946-09-26,375632097243001,79,0,c(-97.410408, 37.941567),"1946","71-0",-97.410408,37.941567,49.571167,"0-65"
"2756","Harvey",-12.83,NA,1946-11-07,375632097243001,79,0,c(-97.410408, 37.941567),"1946","71-0",-97.410408,37.941567,49.571167,"0-65"
"2757","Harvey",-13.48,NA,1946-12-03,375632097243001,79,0,c(-97.410408, 37.941567),"1946","71-0",-97.410408,37.941567,49.571167,"0-65"
"2758","Sedgwick",-25.2,NA,1946-01-02,375026097351401,173,0,c(-97.591944, 37.839861),"1946","71-0",-97.591944,37.839861,187.2825317,"132-197"
"2759","Sedgwick",-24.79,NA,1946-02-05,375026097351401,173,0,c(-97.591944, 37.839861),"1946","71-0",-97.591944,37.839861,187.2825317,"132-197"
"2760","Sedgwick",-24.62,NA,1946-03-06,375026097351401,173,0,c(-97.591944, 37.839861),"1946","71-0",-97.591944,37.839861,187.2825317,"132-197"
"2761","Sedgwick",-24.83,NA,1946-04-02,375026097351401,173,0,c(-97.591944, 37.839861),"1946","71-0",-97.591944,37.839861,187.2825317,"132-197"
"2762","Sedgwick",-25.46,NA,1946-05-02,375026097351401,173,0,c(-97.591944, 37.839861),"1946","71-0",-97.591944,37.839861,187.2825317,"132-197"
"2763","Sedgwick",-25.89,NA,1946-05-28,375026097351401,173,0,c(-97.591944, 37.839861),"1946","71-0",-97.591944,37.839861,187.2825317,"132-197"
"2764","Sedgwick",-26.41,NA,1946-07-02,375026097351401,173,0,c(-97.591944, 37.839861),"1946","71-0",-97.591944,37.839861,187.2825317,"132-197"
"2765","Sedgwick",-27.2,NA,1946-07-30,375026097351401,173,0,c(-97.591944, 37.839861),"1946","71-0",-97.591944,37.839861,187.2825317,"132-197"
"2766","Sedgwick",-27.88,NA,1946-09-26,375026097351401,173,0,c(-97.591944, 37.839861),"1946","71-0",-97.591944,37.839861,187.2825317,"132-197"
"2767","Sedgwick",-27.48,NA,1946-11-06,375026097351401,173,0,c(-97.591944, 37.839861),"1946","71-0",-97.591944,37.839861,187.2825317,"132-197"
"2768","Sedgwick",-27.47,NA,1946-12-03,375026097351401,173,0,c(-97.591944, 37.839861),"1946","71-0",-97.591944,37.839861,187.2825317,"132-197"
"2769","Sedgwick",-27.19,NA,1946-12-31,375026097351401,173,0,c(-97.591944, 37.839861),"1946","71-0",-97.591944,37.839861,187.2825317,"132-197"
"2770","Harvey",-16.53,NA,1946-01-05,375540097303201,79,0,c(-97.510556, 37.926944),"1946","71-0",-97.510556,37.926944,167.0934906,"132-197"
"2771","Harvey",-16.39,NA,1946-02-05,375540097303201,79,0,c(-97.510556, 37.926944),"1946","71-0",-97.510556,37.926944,167.0934906,"132-197"
"2772","Harvey",-14.34,NA,1946-03-07,375540097303201,79,0,c(-97.510556, 37.926944),"1946","71-0",-97.510556,37.926944,167.0934906,"132-197"
"2773","Harvey",-15.86,NA,1946-04-03,375540097303201,79,0,c(-97.510556, 37.926944),"1946","71-0",-97.510556,37.926944,167.0934906,"132-197"
"2774","Harvey",-17.23,NA,1946-04-30,375540097303201,79,0,c(-97.510556, 37.926944),"1946","71-0",-97.510556,37.926944,167.0934906,"132-197"
"2775","Harvey",-14.98,NA,1946-05-29,375540097303201,79,0,c(-97.510556, 37.926944),"1946","71-0",-97.510556,37.926944,167.0934906,"132-197"
"2776","Harvey",-17.08,NA,1946-07-03,375540097303201,79,0,c(-97.510556, 37.926944),"1946","71-0",-97.510556,37.926944,167.0934906,"132-197"
"2777","Harvey",-20.54,NA,1946-08-01,375540097303201,79,0,c(-97.510556, 37.926944),"1946","71-0",-97.510556,37.926944,167.0934906,"132-197"
"2778","Harvey",-18.79,NA,1946-08-27,375540097303201,79,0,c(-97.510556, 37.926944),"1946","71-0",-97.510556,37.926944,167.0934906,"132-197"
"2779","Harvey",-19.12,NA,1946-09-25,375540097303201,79,0,c(-97.510556, 37.926944),"1946","71-0",-97.510556,37.926944,167.0934906,"132-197"
"2780","Harvey",-20.2,NA,1946-11-08,375540097303201,79,0,c(-97.510556, 37.926944),"1946","71-0",-97.510556,37.926944,167.0934906,"132-197"
"2781","Harvey",-19.1,NA,1946-12-04,375540097303201,79,0,c(-97.510556, 37.926944),"1946","71-0",-97.510556,37.926944,167.0934906,"132-197"
"2782","Harvey",-9.37,NA,1946-01-07,380146097305701,79,0,c(-97.515833, 38.029444),"1946","71-0",-97.515833,38.029444,136.6485748,"132-197"
"2783","Harvey",-9.36,NA,1946-01-14,380146097305701,79,0,c(-97.515833, 38.029444),"1946","71-0",-97.515833,38.029444,136.6485748,"132-197"
"2784","Harvey",-9.33,NA,1946-01-21,380146097305701,79,0,c(-97.515833, 38.029444),"1946","71-0",-97.515833,38.029444,136.6485748,"132-197"
"2785","Harvey",-9.35,NA,1946-01-28,380146097305701,79,0,c(-97.515833, 38.029444),"1946","71-0",-97.515833,38.029444,136.6485748,"132-197"
"2786","Harvey",-9.19,NA,1946-02-04,380146097305701,79,0,c(-97.515833, 38.029444),"1946","71-0",-97.515833,38.029444,136.6485748,"132-197"
"2787","Harvey",-9.03,NA,1946-02-11,380146097305701,79,0,c(-97.515833, 38.029444),"1946","71-0",-97.515833,38.029444,136.6485748,"132-197"
"2788","Harvey",-9.05,NA,1946-02-18,380146097305701,79,0,c(-97.515833, 38.029444),"1946","71-0",-97.515833,38.029444,136.6485748,"132-197"
"2789","Harvey",-9.06,NA,1946-02-25,380146097305701,79,0,c(-97.515833, 38.029444),"1946","71-0",-97.515833,38.029444,136.6485748,"132-197"
"2790","Harvey",-9.29,NA,1946-03-04,380146097305701,79,0,c(-97.515833, 38.029444),"1946","71-0",-97.515833,38.029444,136.6485748,"132-197"
"2791","Harvey",-9.26,NA,1946-03-11,380146097305701,79,0,c(-97.515833, 38.029444),"1946","71-0",-97.515833,38.029444,136.6485748,"132-197"
"2792","Harvey",-9.18,NA,1946-03-18,380146097305701,79,0,c(-97.515833, 38.029444),"1946","71-0",-97.515833,38.029444,136.6485748,"132-197"
"2793","Harvey",-9.21,NA,1946-03-25,380146097305701,79,0,c(-97.515833, 38.029444),"1946","71-0",-97.515833,38.029444,136.6485748,"132-197"
"2794","Harvey",-9.08,NA,1946-04-01,380146097305701,79,0,c(-97.515833, 38.029444),"1946","71-0",-97.515833,38.029444,136.6485748,"132-197"
"2795","Harvey",-9.3,NA,1946-04-08,380146097305701,79,0,c(-97.515833, 38.029444),"1946","71-0",-97.515833,38.029444,136.6485748,"132-197"
"2796","Harvey",-9.35,NA,1946-04-15,380146097305701,79,0,c(-97.515833, 38.029444),"1946","71-0",-97.515833,38.029444,136.6485748,"132-197"
"2797","Harvey",-9.37,NA,1946-04-22,380146097305701,79,0,c(-97.515833, 38.029444),"1946","71-0",-97.515833,38.029444,136.6485748,"132-197"
"2798","Harvey",-9.74,NA,1946-04-29,380146097305701,79,0,c(-97.515833, 38.029444),"1946","71-0",-97.515833,38.029444,136.6485748,"132-197"
"2799","Harvey",-9.76,NA,1946-05-06,380146097305701,79,0,c(-97.515833, 38.029444),"1946","71-0",-97.515833,38.029444,136.6485748,"132-197"
"2800","Harvey",-9.78,NA,1946-05-13,380146097305701,79,0,c(-97.515833, 38.029444),"1946","71-0",-97.515833,38.029444,136.6485748,"132-197"
"2801","Harvey",-10.08,NA,1946-05-20,380146097305701,79,0,c(-97.515833, 38.029444),"1946","71-0",-97.515833,38.029444,136.6485748,"132-197"
"2802","Harvey",-10.21,NA,1946-05-27,380146097305701,79,0,c(-97.515833, 38.029444),"1946","71-0",-97.515833,38.029444,136.6485748,"132-197"
"2803","Harvey",-10.28,NA,1946-06-03,380146097305701,79,0,c(-97.515833, 38.029444),"1946","71-0",-97.515833,38.029444,136.6485748,"132-197"
"2804","Harvey",-10.33,NA,1946-06-17,380146097305701,79,0,c(-97.515833, 38.029444),"1946","71-0",-97.515833,38.029444,136.6485748,"132-197"
"2805","Harvey",-10.31,NA,1946-07-01,380146097305701,79,0,c(-97.515833, 38.029444),"1946","71-0",-97.515833,38.029444,136.6485748,"132-197"
"2806","Harvey",-10.46,NA,1946-07-08,380146097305701,79,0,c(-97.515833, 38.029444),"1946","71-0",-97.515833,38.029444,136.6485748,"132-197"
"2807","Harvey",-11.02,NA,1946-07-15,380146097305701,79,0,c(-97.515833, 38.029444),"1946","71-0",-97.515833,38.029444,136.6485748,"132-197"
"2808","Harvey",-10.93,NA,1946-07-22,380146097305701,79,0,c(-97.515833, 38.029444),"1946","71-0",-97.515833,38.029444,136.6485748,"132-197"
"2809","Harvey",-11.45,NA,1946-07-29,380146097305701,79,0,c(-97.515833, 38.029444),"1946","71-0",-97.515833,38.029444,136.6485748,"132-197"
"2810","Harvey",-11.56,NA,1946-08-05,380146097305701,79,0,c(-97.515833, 38.029444),"1946","71-0",-97.515833,38.029444,136.6485748,"132-197"
"2811","Harvey",-11.71,NA,1946-08-12,380146097305701,79,0,c(-97.515833, 38.029444),"1946","71-0",-97.515833,38.029444,136.6485748,"132-197"
"2812","Harvey",-11.82,NA,1946-08-19,380146097305701,79,0,c(-97.515833, 38.029444),"1946","71-0",-97.515833,38.029444,136.6485748,"132-197"
"2813","Harvey",-11.94,NA,1946-08-26,380146097305701,79,0,c(-97.515833, 38.029444),"1946","71-0",-97.515833,38.029444,136.6485748,"132-197"
"2814","Harvey",-11.99,NA,1946-09-02,380146097305701,79,0,c(-97.515833, 38.029444),"1946","71-0",-97.515833,38.029444,136.6485748,"132-197"
"2815","Harvey",-12.07,NA,1946-09-09,380146097305701,79,0,c(-97.515833, 38.029444),"1946","71-0",-97.515833,38.029444,136.6485748,"132-197"
"2816","Harvey",-12.02,NA,1946-09-16,380146097305701,79,0,c(-97.515833, 38.029444),"1946","71-0",-97.515833,38.029444,136.6485748,"132-197"
"2817","Harvey",-12.17,NA,1946-09-23,380146097305701,79,0,c(-97.515833, 38.029444),"1946","71-0",-97.515833,38.029444,136.6485748,"132-197"
"2818","Harvey",-11.91,NA,1946-09-30,380146097305701,79,0,c(-97.515833, 38.029444),"1946","71-0",-97.515833,38.029444,136.6485748,"132-197"
"2819","Harvey",-10.12,NA,1946-10-07,380146097305701,79,0,c(-97.515833, 38.029444),"1946","71-0",-97.515833,38.029444,136.6485748,"132-197"
"2820","Harvey",-12.24,NA,1946-10-14,380146097305701,79,0,c(-97.515833, 38.029444),"1946","71-0",-97.515833,38.029444,136.6485748,"132-197"
"2821","Harvey",-12.17,NA,1946-10-21,380146097305701,79,0,c(-97.515833, 38.029444),"1946","71-0",-97.515833,38.029444,136.6485748,"132-197"
"2822","Harvey",-12.29,NA,1946-10-28,380146097305701,79,0,c(-97.515833, 38.029444),"1946","71-0",-97.515833,38.029444,136.6485748,"132-197"
"2823","Harvey",-12.36,NA,1946-11-04,380146097305701,79,0,c(-97.515833, 38.029444),"1946","71-0",-97.515833,38.029444,136.6485748,"132-197"
"2824","Harvey",-11.99,NA,1946-11-18,380146097305701,79,0,c(-97.515833, 38.029444),"1946","71-0",-97.515833,38.029444,136.6485748,"132-197"
"2825","Harvey",-12.09,NA,1946-11-25,380146097305701,79,0,c(-97.515833, 38.029444),"1946","71-0",-97.515833,38.029444,136.6485748,"132-197"
"2826","Harvey",-11.15,NA,1946-12-02,380146097305701,79,0,c(-97.515833, 38.029444),"1946","71-0",-97.515833,38.029444,136.6485748,"132-197"
"2827","Harvey",-12.23,NA,1946-12-09,380146097305701,79,0,c(-97.515833, 38.029444),"1946","71-0",-97.515833,38.029444,136.6485748,"132-197"
"2828","Harvey",-12.23,NA,1946-12-16,380146097305701,79,0,c(-97.515833, 38.029444),"1946","71-0",-97.515833,38.029444,136.6485748,"132-197"
"2829","Harvey",-11.66,NA,1946-12-23,380146097305701,79,0,c(-97.515833, 38.029444),"1946","71-0",-97.515833,38.029444,136.6485748,"132-197"
"2830","Harvey",-11.62,NA,1946-12-30,380146097305701,79,0,c(-97.515833, 38.029444),"1946","71-0",-97.515833,38.029444,136.6485748,"132-197"
"2831","Harvey",-8.4,"BURRTON",1946-01-22,380146097394501,79,0,c(-97.665615, 38.029287),"1946","71-0",-97.665615,38.029287,174.4131317,"132-197"
"2832","Harvey",-9.12,"BURRTON",1946-07-12,380146097394501,79,0,c(-97.665615, 38.029287),"1946","71-0",-97.665615,38.029287,174.4131317,"132-197"
"2833","Harvey",-9.64,"BURRTON",1946-10-02,380146097394501,79,0,c(-97.665615, 38.029287),"1946","71-0",-97.665615,38.029287,174.4131317,"132-197"
"2834","Harvey",-4.39,"BURRTON",1946-01-22,380048097395201,79,0,c(-97.665786, 38.013989),"1946","71-0",-97.665786,38.013989,142.5135498,"132-197"
"2835","Harvey",-5.68,"BURRTON",1946-07-12,380048097395201,79,0,c(-97.665786, 38.013989),"1946","71-0",-97.665786,38.013989,142.5135498,"132-197"
"2836","Harvey",-6.22,"BURRTON",1946-10-02,380048097395201,79,0,c(-97.665786, 38.013989),"1946","71-0",-97.665786,38.013989,142.5135498,"132-197"
"2837","Harvey",-26.74,NA,1946-01-04,375935097342102,79,0,c(-97.573889, 37.994167),"1946","71-0",-97.573889,37.994167,208.9154968,"198-262"
"2838","Harvey",-26.79,NA,1946-02-06,375935097342102,79,0,c(-97.573889, 37.994167),"1946","71-0",-97.573889,37.994167,208.9154968,"198-262"
"2839","Harvey",-26.83,NA,1946-03-07,375935097342102,79,0,c(-97.573889, 37.994167),"1946","71-0",-97.573889,37.994167,208.9154968,"198-262"
"2840","Harvey",-26.64,NA,1946-04-03,375935097342102,79,0,c(-97.573889, 37.994167),"1946","71-0",-97.573889,37.994167,208.9154968,"198-262"
"2841","Harvey",-27.09,NA,1946-04-30,375935097342102,79,0,c(-97.573889, 37.994167),"1946","71-0",-97.573889,37.994167,208.9154968,"198-262"
"2842","Harvey",-26.52,NA,1946-05-29,375935097342102,79,0,c(-97.573889, 37.994167),"1946","71-0",-97.573889,37.994167,208.9154968,"198-262"
"2843","Harvey",-26.94,NA,1946-07-03,375935097342102,79,0,c(-97.573889, 37.994167),"1946","71-0",-97.573889,37.994167,208.9154968,"198-262"
"2844","Harvey",-27.72,NA,1946-08-01,375935097342102,79,0,c(-97.573889, 37.994167),"1946","71-0",-97.573889,37.994167,208.9154968,"198-262"
"2845","Harvey",-28.54,NA,1946-08-27,375935097342102,79,0,c(-97.573889, 37.994167),"1946","71-0",-97.573889,37.994167,208.9154968,"198-262"
"2846","Harvey",-29.3,NA,1946-09-25,375935097342102,79,0,c(-97.573889, 37.994167),"1946","71-0",-97.573889,37.994167,208.9154968,"198-262"
"2847","Harvey",-28.43,NA,1946-11-08,375935097342102,79,0,c(-97.573889, 37.994167),"1946","71-0",-97.573889,37.994167,208.9154968,"198-262"
"2848","Harvey",-28.1,NA,1946-12-04,375935097342102,79,0,c(-97.573889, 37.994167),"1946","71-0",-97.573889,37.994167,208.9154968,"198-262"
"2849","Reno",-0.69,"PATTERSON",1946-01-22,375728097425701,155,0,c(-97.720139, 37.95625),"1946","71-0",-97.720139,37.95625,228.8697205,"198-262"
"2850","Reno",-3.34,"PATTERSON",1946-07-12,375728097425701,155,0,c(-97.720139, 37.95625),"1946","71-0",-97.720139,37.95625,228.8697205,"198-262"
"2851","Reno",-4.76,"PATTERSON",1946-10-02,375728097425701,155,0,c(-97.720139, 37.95625),"1946","71-0",-97.720139,37.95625,228.8697205,"198-262"
"2852","Harvey",-27.86,NA,1946-01-07,375910097352702,79,0,c(-97.592222, 37.985139),"1946","71-0",-97.592222,37.985139,211.9548645,"198-262"
"2853","Harvey",-27.81,NA,1946-01-14,375910097352702,79,0,c(-97.592222, 37.985139),"1946","71-0",-97.592222,37.985139,211.9548645,"198-262"
"2854","Harvey",-27.77,NA,1946-01-21,375910097352702,79,0,c(-97.592222, 37.985139),"1946","71-0",-97.592222,37.985139,211.9548645,"198-262"
"2855","Harvey",-27.78,NA,1946-01-28,375910097352702,79,0,c(-97.592222, 37.985139),"1946","71-0",-97.592222,37.985139,211.9548645,"198-262"
"2856","Harvey",-27.54,NA,1946-02-04,375910097352702,79,0,c(-97.592222, 37.985139),"1946","71-0",-97.592222,37.985139,211.9548645,"198-262"
"2857","Harvey",-27.56,NA,1946-02-11,375910097352702,79,0,c(-97.592222, 37.985139),"1946","71-0",-97.592222,37.985139,211.9548645,"198-262"
"2858","Harvey",-27.54,NA,1946-02-18,375910097352702,79,0,c(-97.592222, 37.985139),"1946","71-0",-97.592222,37.985139,211.9548645,"198-262"
"2859","Harvey",-27.52,NA,1946-02-25,375910097352702,79,0,c(-97.592222, 37.985139),"1946","71-0",-97.592222,37.985139,211.9548645,"198-262"
"2860","Harvey",-27.65,NA,1946-03-04,375910097352702,79,0,c(-97.592222, 37.985139),"1946","71-0",-97.592222,37.985139,211.9548645,"198-262"
"2861","Harvey",-27.63,NA,1946-03-11,375910097352702,79,0,c(-97.592222, 37.985139),"1946","71-0",-97.592222,37.985139,211.9548645,"198-262"
"2862","Harvey",-27.61,NA,1946-03-18,375910097352702,79,0,c(-97.592222, 37.985139),"1946","71-0",-97.592222,37.985139,211.9548645,"198-262"
"2863","Harvey",-27.59,NA,1946-03-25,375910097352702,79,0,c(-97.592222, 37.985139),"1946","71-0",-97.592222,37.985139,211.9548645,"198-262"
"2864","Harvey",-27.25,NA,1946-04-01,375910097352702,79,0,c(-97.592222, 37.985139),"1946","71-0",-97.592222,37.985139,211.9548645,"198-262"
"2865","Harvey",-27.9,NA,1946-04-08,375910097352702,79,0,c(-97.592222, 37.985139),"1946","71-0",-97.592222,37.985139,211.9548645,"198-262"
"2866","Harvey",-26.93,NA,1946-04-15,375910097352702,79,0,c(-97.592222, 37.985139),"1946","71-0",-97.592222,37.985139,211.9548645,"198-262"
"2867","Harvey",-27.96,NA,1946-04-22,375910097352702,79,0,c(-97.592222, 37.985139),"1946","71-0",-97.592222,37.985139,211.9548645,"198-262"
"2868","Harvey",-27.84,NA,1946-04-29,375910097352702,79,0,c(-97.592222, 37.985139),"1946","71-0",-97.592222,37.985139,211.9548645,"198-262"
"2869","Harvey",-27.86,NA,1946-05-06,375910097352702,79,0,c(-97.592222, 37.985139),"1946","71-0",-97.592222,37.985139,211.9548645,"198-262"
"2870","Harvey",-27.87,NA,1946-05-13,375910097352702,79,0,c(-97.592222, 37.985139),"1946","71-0",-97.592222,37.985139,211.9548645,"198-262"
"2871","Harvey",-27.99,NA,1946-05-27,375910097352702,79,0,c(-97.592222, 37.985139),"1946","71-0",-97.592222,37.985139,211.9548645,"198-262"
"2872","Harvey",-28.06,NA,1946-06-03,375910097352702,79,0,c(-97.592222, 37.985139),"1946","71-0",-97.592222,37.985139,211.9548645,"198-262"
"2873","Harvey",-28.14,NA,1946-06-17,375910097352702,79,0,c(-97.592222, 37.985139),"1946","71-0",-97.592222,37.985139,211.9548645,"198-262"
"2874","Harvey",-28.28,NA,1946-07-01,375910097352702,79,0,c(-97.592222, 37.985139),"1946","71-0",-97.592222,37.985139,211.9548645,"198-262"
"2875","Harvey",-28.33,NA,1946-07-08,375910097352702,79,0,c(-97.592222, 37.985139),"1946","71-0",-97.592222,37.985139,211.9548645,"198-262"
"2876","Harvey",-28.86,NA,1946-07-15,375910097352702,79,0,c(-97.592222, 37.985139),"1946","71-0",-97.592222,37.985139,211.9548645,"198-262"
"2877","Harvey",-28.62,NA,1946-07-22,375910097352702,79,0,c(-97.592222, 37.985139),"1946","71-0",-97.592222,37.985139,211.9548645,"198-262"
"2878","Harvey",-28.86,NA,1946-07-29,375910097352702,79,0,c(-97.592222, 37.985139),"1946","71-0",-97.592222,37.985139,211.9548645,"198-262"
"2879","Harvey",-28.89,NA,1946-08-05,375910097352702,79,0,c(-97.592222, 37.985139),"1946","71-0",-97.592222,37.985139,211.9548645,"198-262"
"2880","Harvey",-29.04,NA,1946-08-12,375910097352702,79,0,c(-97.592222, 37.985139),"1946","71-0",-97.592222,37.985139,211.9548645,"198-262"
"2881","Harvey",-28.94,NA,1946-08-19,375910097352702,79,0,c(-97.592222, 37.985139),"1946","71-0",-97.592222,37.985139,211.9548645,"198-262"
"2882","Harvey",-28.93,NA,1946-08-26,375910097352702,79,0,c(-97.592222, 37.985139),"1946","71-0",-97.592222,37.985139,211.9548645,"198-262"
"2883","Harvey",-29.04,NA,1946-09-02,375910097352702,79,0,c(-97.592222, 37.985139),"1946","71-0",-97.592222,37.985139,211.9548645,"198-262"
"2884","Harvey",-29.17,NA,1946-09-09,375910097352702,79,0,c(-97.592222, 37.985139),"1946","71-0",-97.592222,37.985139,211.9548645,"198-262"
"2885","Harvey",-29.21,NA,1946-09-16,375910097352702,79,0,c(-97.592222, 37.985139),"1946","71-0",-97.592222,37.985139,211.9548645,"198-262"
"2886","Harvey",-29.03,NA,1946-09-23,375910097352702,79,0,c(-97.592222, 37.985139),"1946","71-0",-97.592222,37.985139,211.9548645,"198-262"
"2887","Harvey",-29.12,NA,1946-09-30,375910097352702,79,0,c(-97.592222, 37.985139),"1946","71-0",-97.592222,37.985139,211.9548645,"198-262"
"2888","Harvey",-28.91,NA,1946-10-07,375910097352702,79,0,c(-97.592222, 37.985139),"1946","71-0",-97.592222,37.985139,211.9548645,"198-262"
"2889","Harvey",-29.04,NA,1946-10-14,375910097352702,79,0,c(-97.592222, 37.985139),"1946","71-0",-97.592222,37.985139,211.9548645,"198-262"
"2890","Harvey",-29.03,NA,1946-10-21,375910097352702,79,0,c(-97.592222, 37.985139),"1946","71-0",-97.592222,37.985139,211.9548645,"198-262"
"2891","Harvey",-29.19,NA,1946-11-04,375910097352702,79,0,c(-97.592222, 37.985139),"1946","71-0",-97.592222,37.985139,211.9548645,"198-262"
"2892","Harvey",-29.18,NA,1946-11-18,375910097352702,79,0,c(-97.592222, 37.985139),"1946","71-0",-97.592222,37.985139,211.9548645,"198-262"
"2893","Harvey",-29.22,NA,1946-12-02,375910097352702,79,0,c(-97.592222, 37.985139),"1946","71-0",-97.592222,37.985139,211.9548645,"198-262"
"2894","Harvey",-29.45,NA,1946-12-09,375910097352702,79,0,c(-97.592222, 37.985139),"1946","71-0",-97.592222,37.985139,211.9548645,"198-262"
"2895","Harvey",-29.41,NA,1946-12-16,375910097352702,79,0,c(-97.592222, 37.985139),"1946","71-0",-97.592222,37.985139,211.9548645,"198-262"
"2896","Harvey",-29.11,NA,1946-12-23,375910097352702,79,0,c(-97.592222, 37.985139),"1946","71-0",-97.592222,37.985139,211.9548645,"198-262"
"2897","Harvey",-29.16,NA,1946-12-30,375910097352702,79,0,c(-97.592222, 37.985139),"1946","71-0",-97.592222,37.985139,211.9548645,"198-262"
"2898","Harvey",-20.94,NA,1946-01-04,375750097330701,79,0,c(-97.555278, 37.964028),"1946","71-0",-97.555278,37.964028,193.4259491,"132-197"
"2899","Harvey",-20.36,NA,1946-02-06,375750097330701,79,0,c(-97.555278, 37.964028),"1946","71-0",-97.555278,37.964028,193.4259491,"132-197"
"2900","Harvey",-20.55,NA,1946-03-07,375750097330701,79,0,c(-97.555278, 37.964028),"1946","71-0",-97.555278,37.964028,193.4259491,"132-197"
"2901","Harvey",-21.27,NA,1946-04-03,375750097330701,79,0,c(-97.555278, 37.964028),"1946","71-0",-97.555278,37.964028,193.4259491,"132-197"
"2902","Harvey",-21.98,NA,1946-04-30,375750097330701,79,0,c(-97.555278, 37.964028),"1946","71-0",-97.555278,37.964028,193.4259491,"132-197"
"2903","Harvey",-21.14,NA,1946-05-29,375750097330701,79,0,c(-97.555278, 37.964028),"1946","71-0",-97.555278,37.964028,193.4259491,"132-197"
"2904","Harvey",-21.38,NA,1946-07-03,375750097330701,79,0,c(-97.555278, 37.964028),"1946","71-0",-97.555278,37.964028,193.4259491,"132-197"
"2905","Harvey",-23.83,NA,1946-08-01,375750097330701,79,0,c(-97.555278, 37.964028),"1946","71-0",-97.555278,37.964028,193.4259491,"132-197"
"2906","Harvey",-23.38,NA,1946-08-27,375750097330701,79,0,c(-97.555278, 37.964028),"1946","71-0",-97.555278,37.964028,193.4259491,"132-197"
"2907","Harvey",-24.36,NA,1946-09-25,375750097330701,79,0,c(-97.555278, 37.964028),"1946","71-0",-97.555278,37.964028,193.4259491,"132-197"
"2908","Harvey",-24.27,NA,1946-11-08,375750097330701,79,0,c(-97.555278, 37.964028),"1946","71-0",-97.555278,37.964028,193.4259491,"132-197"
"2909","Harvey",-22.89,NA,1946-12-04,375750097330701,79,0,c(-97.555278, 37.964028),"1946","71-0",-97.555278,37.964028,193.4259491,"132-197"
"2910","Harvey",-13.33,NA,1946-01-04,375744097321001,79,0,c(-97.537917, 37.962639),"1946","71-0",-97.537917,37.962639,179.4243927,"132-197"
"2911","Harvey",-13.38,NA,1946-02-06,375744097321001,79,0,c(-97.537917, 37.962639),"1946","71-0",-97.537917,37.962639,179.4243927,"132-197"
"2912","Harvey",-13.92,NA,1946-03-07,375744097321001,79,0,c(-97.537917, 37.962639),"1946","71-0",-97.537917,37.962639,179.4243927,"132-197"
"2913","Harvey",-14.06,NA,1946-04-03,375744097321001,79,0,c(-97.537917, 37.962639),"1946","71-0",-97.537917,37.962639,179.4243927,"132-197"
"2914","Harvey",-14,NA,1946-04-30,375744097321001,79,0,c(-97.537917, 37.962639),"1946","71-0",-97.537917,37.962639,179.4243927,"132-197"
"2915","Harvey",-42.2,NA,1946-05-29,375744097321001,79,0,c(-97.537917, 37.962639),"1946","71-0",-97.537917,37.962639,179.4243927,"132-197"
"2916","Harvey",-15.07,NA,1946-07-03,375744097321001,79,0,c(-97.537917, 37.962639),"1946","71-0",-97.537917,37.962639,179.4243927,"132-197"
"2917","Harvey",-42.74,NA,1946-08-01,375744097321001,79,0,c(-97.537917, 37.962639),"1946","71-0",-97.537917,37.962639,179.4243927,"132-197"
"2918","Harvey",-44.49,NA,1946-08-27,375744097321001,79,0,c(-97.537917, 37.962639),"1946","71-0",-97.537917,37.962639,179.4243927,"132-197"
"2919","Harvey",-45.9,NA,1946-09-25,375744097321001,79,0,c(-97.537917, 37.962639),"1946","71-0",-97.537917,37.962639,179.4243927,"132-197"
"2920","Harvey",-44.79,NA,1946-11-08,375744097321001,79,0,c(-97.537917, 37.962639),"1946","71-0",-97.537917,37.962639,179.4243927,"132-197"
"2921","Harvey",-44.89,NA,1946-12-04,375744097321001,79,0,c(-97.537917, 37.962639),"1946","71-0",-97.537917,37.962639,179.4243927,"132-197"
"2922","Thomas",-124.96,"Brewster",1946-01-17,392153101223802,193,0,c(-101.378441, 39.365132),"1946","143-72",-101.378441,39.365132,98.9617462,"66-131"
"2923","Thomas",-124.89,"Brewster",1946-04-25,392153101223802,193,0,c(-101.378441, 39.365132),"1946","143-72",-101.378441,39.365132,98.9617462,"66-131"
"2924","Thomas",-124.81,"Brewster",1946-07-09,392153101223802,193,0,c(-101.378441, 39.365132),"1946","143-72",-101.378441,39.365132,98.9617462,"66-131"
"2925","Thomas",-125.06,"Brewster",1946-10-04,392153101223802,193,0,c(-101.378441, 39.365132),"1946","143-72",-101.378441,39.365132,98.9617462,"66-131"
"2926","Thomas",-111.57,NA,1946-01-17,391940100521901,193,0,c(-100.873704, 39.328023),"1946","143-72",-100.873704,39.328023,38.314682,"0-65"
"2927","Thomas",-111.53,NA,1946-04-25,391940100521901,193,0,c(-100.873704, 39.328023),"1946","143-72",-100.873704,39.328023,38.314682,"0-65"
"2928","Thomas",-111.54,NA,1946-07-09,391940100521901,193,0,c(-100.873704, 39.328023),"1946","143-72",-100.873704,39.328023,38.314682,"0-65"
"2929","Thomas",-111.53,NA,1946-10-03,391940100521901,193,0,c(-100.873704, 39.328023),"1946","143-72",-100.873704,39.328023,38.314682,"0-65"
"2930","Ellis",-52.59,NA,1946-08-08,384700099280901,51,0,c(-99.468206, 38.782864),"1946","71-0",-99.468206,38.782864,NA,NA
"2931","Russell",-5.21,"RUSSELL SW",1946-01-17,385037098591501,167,0,c(-98.98926, 38.844456),"1946","71-0",-98.98926,38.844456,NA,NA
"2932","Russell",-5.08,"RUSSELL SW",1946-04-24,385037098591501,167,0,c(-98.98926, 38.844456),"1946","71-0",-98.98926,38.844456,NA,NA
"2933","Russell",-5.14,"RUSSELL SW",1946-07-10,385037098591501,167,0,c(-98.98926, 38.844456),"1946","71-0",-98.98926,38.844456,NA,NA
"2934","Russell",-4.76,"RUSSELL SW",1946-10-23,385037098591501,167,0,c(-98.98926, 38.844456),"1946","71-0",-98.98926,38.844456,NA,NA
"2935","Osborne",-23.3,"WOODSTON",1946-09-01,392713099012901,141,0,c(-99.024886, 39.453425),"1946","71-0",-99.024886,39.453425,NA,NA
"2936","Osborne",-23.29,"WOODSTON",1946-09-02,392713099012901,141,0,c(-99.024886, 39.453425),"1946","71-0",-99.024886,39.453425,NA,NA
"2937","Osborne",-23.13,"WOODSTON",1946-11-07,392713099012901,141,0,c(-99.024886, 39.453425),"1946","71-0",-99.024886,39.453425,NA,NA
"2938","Osborne",-23.1,"WOODSTON",1946-12-09,392713099012901,141,0,c(-99.024886, 39.453425),"1946","71-0",-99.024886,39.453425,NA,NA
"2939","Ellis",-9.55,NA,1946-07-12,384516099201701,51,0,c(-99.336808, 38.754147),"1946","71-0",-99.336808,38.754147,NA,NA
"2940","Ellis",-43.95,NA,1946-01-17,390057099123301,51,0,c(-99.208201, 39.015468),"1946","71-0",-99.208201,39.015468,NA,NA
"2941","Ellis",-47.13,NA,1946-04-24,390057099123301,51,0,c(-99.208201, 39.015468),"1946","71-0",-99.208201,39.015468,NA,NA
"2942","Ellis",-48.34,NA,1946-07-10,390057099123301,51,0,c(-99.208201, 39.015468),"1946","71-0",-99.208201,39.015468,NA,NA
"2943","Ellis",-45.83,NA,1946-10-23,390057099123301,51,0,c(-99.208201, 39.015468),"1946","71-0",-99.208201,39.015468,NA,NA
"2944","Russell",-128.42,NA,1946-01-17,385042098591301,167,0,c(-98.985338, 38.844418),"1946","143-72",-98.985338,38.844418,NA,NA
"2945","Russell",-127.78,NA,1946-07-10,385042098591301,167,0,c(-98.985338, 38.844418),"1946","143-72",-98.985338,38.844418,NA,NA
"2946","Russell",-126.05,NA,1946-10-23,385042098591301,167,0,c(-98.985338, 38.844418),"1946","143-72",-98.985338,38.844418,NA,NA
"2947","Ellis",-19.6,"VICTORIA",1946-08-02,385004099080001,51,0,c(-99.131279, 38.833905),"1946","71-0",-99.131279,38.833905,NA,NA
"2948","Ellis",-15.02,"TURKVILLE",1946-01-17,390702099085901,51,0,c(-99.149604, 39.117763),"1946","71-0",-99.149604,39.117763,NA,NA
"2949","Ellis",-15.57,"TURKVILLE",1946-04-24,390702099085901,51,0,c(-99.149604, 39.117763),"1946","71-0",-99.149604,39.117763,NA,NA
"2950","Ellis",-16.76,"TURKVILLE",1946-10-23,390702099085901,51,0,c(-99.149604, 39.117763),"1946","71-0",-99.149604,39.117763,NA,NA
"2951","Russell",-6.73,NA,1946-01-17,385536098544801,167,0,c(-98.911131, 38.926479),"1946","71-0",-98.911131,38.926479,NA,NA
"2952","Russell",-9.21,NA,1946-04-24,385536098544801,167,0,c(-98.911131, 38.926479),"1946","71-0",-98.911131,38.926479,NA,NA
"2953","Russell",-10.13,NA,1946-07-10,385536098544801,167,0,c(-98.911131, 38.926479),"1946","71-0",-98.911131,38.926479,NA,NA
"2954","Russell",-7.12,NA,1946-10-23,385536098544801,167,0,c(-98.911131, 38.926479),"1946","71-0",-98.911131,38.926479,NA,NA
"2955","Osborne",-12.3,"ALTON",1946-08-01,392710098562301,141,0,c(-98.939616, 39.452647),"1946","71-0",-98.939616,39.452647,NA,NA
"2956","Osborne",-12.34,"ALTON",1946-08-22,392710098562301,141,0,c(-98.939616, 39.452647),"1946","71-0",-98.939616,39.452647,NA,NA
"2957","Osborne",-11.7,"ALTON",1946-12-09,392710098562301,141,0,c(-98.939616, 39.452647),"1946","71-0",-98.939616,39.452647,NA,NA
"2958","Ellis",-19.8,NA,1946-07-01,384739099033701,51,0,c(-99.058034, 38.793774),"1946","71-0",-99.058034,38.793774,NA,NA
"2959","Ellis",-19.77,NA,1946-07-17,384739099033701,51,0,c(-99.058034, 38.793774),"1946","71-0",-99.058034,38.793774,NA,NA
"2960","Russell",-19.3,"HOMER",1946-04-24,384937098513101,167,0,c(-98.856304, 38.826427),"1946","71-0",-98.856304,38.826427,NA,NA
"2961","Russell",-19.46,"HOMER",1946-07-10,384937098513101,167,0,c(-98.856304, 38.826427),"1946","71-0",-98.856304,38.826427,NA,NA
"2962","Russell",-19.55,"HOMER",1946-10-20,384937098513101,167,0,c(-98.856304, 38.826427),"1946","71-0",-98.856304,38.826427,NA,NA
"2963","Osborne",-33.8,"OSBORNE",1946-10-01,392518098393601,141,0,c(-98.664309, 39.42298),"1946","71-0",-98.664309,39.42298,NA,NA
"2964","Osborne",-33.84,"OSBORNE",1946-11-20,392518098393601,141,0,c(-98.664309, 39.42298),"1946","71-0",-98.664309,39.42298,NA,NA
"2965","Osborne",-34.15,"OSBORNE",1946-12-09,392518098393601,141,0,c(-98.664309, 39.42298),"1946","71-0",-98.664309,39.42298,NA,NA
"2966","Osborne",-36.9,"BLOOMINGTON",1946-09-01,392637098445701,141,0,c(-98.751391, 39.4445),"1946","71-0",-98.751391,39.4445,NA,NA
"2967","Osborne",-36.8,"BLOOMINGTON",1946-09-23,392637098445701,141,0,c(-98.751391, 39.4445),"1946","71-0",-98.751391,39.4445,NA,NA
"2968","Osborne",-36.2,"BLOOMINGTON",1946-11-07,392637098445701,141,0,c(-98.751391, 39.4445),"1946","71-0",-98.751391,39.4445,NA,NA
"2969","Osborne",-37.23,"BLOOMINGTON",1946-12-09,392637098445701,141,0,c(-98.751391, 39.4445),"1946","71-0",-98.751391,39.4445,NA,NA
"2970","Russell",-15.56,"DORRANCE",1946-01-18,384936098362001,167,0,c(-98.603118, 38.82661),"1946","71-0",-98.603118,38.82661,NA,NA
"2971","Russell",-15.52,"DORRANCE",1946-04-24,384936098362001,167,0,c(-98.603118, 38.82661),"1946","71-0",-98.603118,38.82661,NA,NA
"2972","Russell",-15.65,"DORRANCE",1946-07-10,384936098362001,167,0,c(-98.603118, 38.82661),"1946","71-0",-98.603118,38.82661,NA,NA
"2973","Russell",-15.67,"DORRANCE",1946-10-23,384936098362001,167,0,c(-98.603118, 38.82661),"1946","71-0",-98.603118,38.82661,NA,NA
"2974","Russell",-6.7,"DORRANCE SW",1946-07-10,384956098423501,167,0,c(-98.707875, 38.83192),"1946","71-0",-98.707875,38.83192,NA,NA
"2975","Russell",-6.91,"DORRANCE SW",1946-10-23,384956098423501,167,0,c(-98.707875, 38.83192),"1946","71-0",-98.707875,38.83192,NA,NA
"2976","Saline",-23.73,NA,1946-03-28,384426097340201,169,0,c(-97.568168, 38.740803),"1946","71-0",-97.568168,38.740803,NA,NA
"2977","Saline",-24.56,NA,1946-07-03,384426097340201,169,0,c(-97.568168, 38.740803),"1946","71-0",-97.568168,38.740803,NA,NA
"2978","Saline",-24.75,NA,1946-08-01,384426097340201,169,0,c(-97.568168, 38.740803),"1946","71-0",-97.568168,38.740803,NA,NA
"2979","Saline",-24.49,NA,1946-09-05,384426097340201,169,0,c(-97.568168, 38.740803),"1946","71-0",-97.568168,38.740803,NA,NA
"2980","Saline",-23.92,NA,1946-10-01,384426097340201,169,0,c(-97.568168, 38.740803),"1946","71-0",-97.568168,38.740803,NA,NA
"2981","Saline",-22.79,NA,1946-11-04,384426097340201,169,0,c(-97.568168, 38.740803),"1946","71-0",-97.568168,38.740803,NA,NA
"2982","Saline",-22.72,NA,1946-12-02,384426097340201,169,0,c(-97.568168, 38.740803),"1946","71-0",-97.568168,38.740803,NA,NA
"2983","Saline",-23.08,NA,1946-12-23,384426097340201,169,0,c(-97.568168, 38.740803),"1946","71-0",-97.568168,38.740803,NA,NA
"2984","Saline",-24.12,NA,1946-03-29,384426097350801,169,0,c(-97.586617, 38.740818),"1946","71-0",-97.586617,38.740818,NA,NA
"2985","Saline",-24.73,NA,1946-07-03,384426097350801,169,0,c(-97.586617, 38.740818),"1946","71-0",-97.586617,38.740818,NA,NA
"2986","Saline",-24.82,NA,1946-08-01,384426097350801,169,0,c(-97.586617, 38.740818),"1946","71-0",-97.586617,38.740818,NA,NA
"2987","Saline",-24.98,NA,1946-09-05,384426097350801,169,0,c(-97.586617, 38.740818),"1946","71-0",-97.586617,38.740818,NA,NA
"2988","Saline",-24.25,NA,1946-10-01,384426097350801,169,0,c(-97.586617, 38.740818),"1946","71-0",-97.586617,38.740818,NA,NA
"2989","Saline",-22.9,NA,1946-11-04,384426097350801,169,0,c(-97.586617, 38.740818),"1946","71-0",-97.586617,38.740818,NA,NA
"2990","Saline",-22.92,NA,1946-12-02,384426097350801,169,0,c(-97.586617, 38.740818),"1946","71-0",-97.586617,38.740818,NA,NA
"2991","Saline",-23.27,NA,1946-12-23,384426097350801,169,0,c(-97.586617, 38.740818),"1946","71-0",-97.586617,38.740818,NA,NA
"2992","Saline",-18.9,NA,1946-03-27,384335097354101,169,0,c(-97.595818, 38.726368),"1946","71-0",-97.595818,38.726368,NA,NA
"2993","Saline",-19.48,NA,1946-07-03,384335097354101,169,0,c(-97.595818, 38.726368),"1946","71-0",-97.595818,38.726368,NA,NA
"2994","Saline",-19.88,NA,1946-08-01,384335097354101,169,0,c(-97.595818, 38.726368),"1946","71-0",-97.595818,38.726368,NA,NA
"2995","Saline",-19.75,NA,1946-09-05,384335097354101,169,0,c(-97.595818, 38.726368),"1946","71-0",-97.595818,38.726368,NA,NA
"2996","Saline",-20.5,NA,1946-10-01,384335097354101,169,0,c(-97.595818, 38.726368),"1946","71-0",-97.595818,38.726368,NA,NA
"2997","Saline",-19.76,NA,1946-11-04,384335097354101,169,0,c(-97.595818, 38.726368),"1946","71-0",-97.595818,38.726368,NA,NA
"2998","Saline",-19.19,NA,1946-12-02,384335097354101,169,0,c(-97.595818, 38.726368),"1946","71-0",-97.595818,38.726368,NA,NA
"2999","Saline",-19.28,NA,1946-12-23,384335097354101,169,0,c(-97.595818, 38.726368),"1946","71-0",-97.595818,38.726368,NA,NA
"3000","Saline",-25.8,"Assaria",1946-03-21,383914097353101,169,0,c(-97.592057, 38.653325),"1946","71-0",-97.592057,38.653325,NA,NA
"3001","Saline",-26.3,"Assaria",1946-07-03,383914097353101,169,0,c(-97.592057, 38.653325),"1946","71-0",-97.592057,38.653325,NA,NA
"3002","Saline",-26.18,"Assaria",1946-08-01,383914097353101,169,0,c(-97.592057, 38.653325),"1946","71-0",-97.592057,38.653325,NA,NA
"3003","Saline",-26.35,"Assaria",1946-09-05,383914097353101,169,0,c(-97.592057, 38.653325),"1946","71-0",-97.592057,38.653325,NA,NA
"3004","Saline",-25.32,"Assaria",1946-10-01,383914097353101,169,0,c(-97.592057, 38.653325),"1946","71-0",-97.592057,38.653325,NA,NA
"3005","Saline",-23.39,"Assaria",1946-11-04,383914097353101,169,0,c(-97.592057, 38.653325),"1946","71-0",-97.592057,38.653325,NA,NA
"3006","Saline",-23.74,"Assaria",1946-12-02,383914097353101,169,0,c(-97.592057, 38.653325),"1946","71-0",-97.592057,38.653325,NA,NA
"3007","Saline",-24.36,"Assaria",1946-12-23,383914097353101,169,0,c(-97.592057, 38.653325),"1946","71-0",-97.592057,38.653325,NA,NA
"3008","Saline",-21.38,NA,1946-03-27,384242097345101,169,0,c(-97.581902, 38.711964),"1946","71-0",-97.581902,38.711964,NA,NA
"3009","Saline",-22.05,NA,1946-07-03,384242097345101,169,0,c(-97.581902, 38.711964),"1946","71-0",-97.581902,38.711964,NA,NA
"3010","Saline",-22.35,NA,1946-08-01,384242097345101,169,0,c(-97.581902, 38.711964),"1946","71-0",-97.581902,38.711964,NA,NA
"3011","Saline",-22.42,NA,1946-09-05,384242097345101,169,0,c(-97.581902, 38.711964),"1946","71-0",-97.581902,38.711964,NA,NA
"3012","Saline",-21.89,NA,1946-10-01,384242097345101,169,0,c(-97.581902, 38.711964),"1946","71-0",-97.581902,38.711964,NA,NA
"3013","Saline",-20.99,NA,1946-11-04,384242097345101,169,0,c(-97.581902, 38.711964),"1946","71-0",-97.581902,38.711964,NA,NA
"3014","Saline",-20.96,NA,1946-12-02,384242097345101,169,0,c(-97.581902, 38.711964),"1946","71-0",-97.581902,38.711964,NA,NA
"3015","Saline",-21.21,NA,1946-12-23,384242097345101,169,0,c(-97.581902, 38.711964),"1946","71-0",-97.581902,38.711964,NA,NA
"3016","Saline",-20.7,NA,1946-04-01,383914097361201,169,0,c(-97.603647, 38.653402),"1946","71-0",-97.603647,38.653402,NA,NA
"3017","Saline",-23.96,NA,1946-07-03,383914097361201,169,0,c(-97.603647, 38.653402),"1946","71-0",-97.603647,38.653402,NA,NA
"3018","Saline",-24.17,NA,1946-08-01,383914097361201,169,0,c(-97.603647, 38.653402),"1946","71-0",-97.603647,38.653402,NA,NA
"3019","Saline",-24.33,NA,1946-09-05,383914097361201,169,0,c(-97.603647, 38.653402),"1946","71-0",-97.603647,38.653402,NA,NA
"3020","Saline",-23.92,NA,1946-10-01,383914097361201,169,0,c(-97.603647, 38.653402),"1946","71-0",-97.603647,38.653402,NA,NA
"3021","Saline",-23.14,NA,1946-11-04,383914097361201,169,0,c(-97.603647, 38.653402),"1946","71-0",-97.603647,38.653402,NA,NA
"3022","Saline",-22.77,NA,1946-12-02,383914097361201,169,0,c(-97.603647, 38.653402),"1946","71-0",-97.603647,38.653402,NA,NA
"3023","Saline",-22.78,NA,1946-12-23,383914097361201,169,0,c(-97.603647, 38.653402),"1946","71-0",-97.603647,38.653402,NA,NA
"3024","Saline",-25.3,NA,1946-03-26,384236097360601,169,0,c(-97.602731, 38.709965),"1946","71-0",-97.602731,38.709965,NA,NA
"3025","Saline",-26.7,NA,1946-07-03,384236097360601,169,0,c(-97.602731, 38.709965),"1946","71-0",-97.602731,38.709965,NA,NA
"3026","Saline",-27.12,NA,1946-08-01,384236097360601,169,0,c(-97.602731, 38.709965),"1946","71-0",-97.602731,38.709965,NA,NA
"3027","Saline",-27.16,NA,1946-09-05,384236097360601,169,0,c(-97.602731, 38.709965),"1946","71-0",-97.602731,38.709965,NA,NA
"3028","Saline",-26.96,NA,1946-10-01,384236097360601,169,0,c(-97.602731, 38.709965),"1946","71-0",-97.602731,38.709965,NA,NA
"3029","Saline",-26.81,NA,1946-11-04,384236097360601,169,0,c(-97.602731, 38.709965),"1946","71-0",-97.602731,38.709965,NA,NA
"3030","Saline",-26.62,NA,1946-12-02,384236097360601,169,0,c(-97.602731, 38.709965),"1946","71-0",-97.602731,38.709965,NA,NA
"3031","Saline",-26.64,NA,1946-12-23,384236097360601,169,0,c(-97.602731, 38.709965),"1946","71-0",-97.602731,38.709965,NA,NA
"3032","Wyandotte",-36.8,NA,1946-01-10,390450094370001,209,0,c(-94.61173, 39.08312),"1946","71-0",-94.61173,39.08312,NA,NA
"3033","Wyandotte",-37.14,NA,1946-02-02,390450094370001,209,0,c(-94.61173, 39.08312),"1946","71-0",-94.61173,39.08312,NA,NA
"3034","Wyandotte",-36.81,NA,1946-02-28,390450094370001,209,0,c(-94.61173, 39.08312),"1946","71-0",-94.61173,39.08312,NA,NA
"3035","Wyandotte",-36.68,NA,1946-03-30,390450094370001,209,0,c(-94.61173, 39.08312),"1946","71-0",-94.61173,39.08312,NA,NA
"3036","Wyandotte",-38.58,NA,1946-05-04,390450094370001,209,0,c(-94.61173, 39.08312),"1946","71-0",-94.61173,39.08312,NA,NA
"3037","Cheyenne",-80.69,NA,1946-06-08,394403101473801,23,0,c(-101.793177, 39.733941),"1946","143-72",-101.793177,39.733941,46.4159546,"0-65"
"3038","Cheyenne",-25.86,NA,1946-08-17,394119101591401,23,0,c(-101.98807, 39.688486),"1946","71-0",-101.98807,39.688486,35.4001465,"0-65"
"3039","Cheyenne",-21.03,NA,1946-03-12,394047102001101,23,0,c(-102.004413, 39.679361),"1946","71-0",-102.004413,39.679361,38.7742157,"0-65"
"3040","Cheyenne",-24.93,NA,1946-06-10,393856101572701,23,0,c(-101.95778, 39.648752),"1946","71-0",-101.95778,39.648752,48.6077423,"0-65"
"3041","Cheyenne",-15.18,NA,1946-03-09,394659101473701,23,0,c(-101.792307, 39.782845),"1946","71-0",-101.792307,39.782845,22.1726055,"0-65"
"3042","Cheyenne",-15.08,NA,1946-08-16,394659101473701,23,0,c(-101.792307, 39.782845),"1946","71-0",-101.792307,39.782845,22.1726055,"0-65"
"3043","Cheyenne",-13.68,NA,1946-10-22,394659101473701,23,0,c(-101.792307, 39.782845),"1946","71-0",-101.792307,39.782845,22.1726055,"0-65"
"3044","Cheyenne",-11.95,NA,1946-12-13,394659101473701,23,0,c(-101.792307, 39.782845),"1946","71-0",-101.792307,39.782845,22.1726055,"0-65"
"3045","Cheyenne",-12.47,NA,1946-03-02,394409101494501,23,0,c(-101.828579, 39.73597),"1946","71-0",-101.828579,39.73597,32.938736,"0-65"
"3046","Cheyenne",-141.2,NA,1946-06-10,394041101530801,23,0,c(-101.884779, 39.677973),"1946","143-72",-101.884779,39.677973,51.5879288,"0-65"
"3047","Cheyenne",-14.67,NA,1946-06-13,395500101363601,23,0,c(-101.607868, 39.916956),"1946","71-0",-101.607868,39.916956,27.4124889,"0-65"
"3048","Cheyenne",-114.7,NA,1946-06-10,393929101562801,23,0,c(-101.941193, 39.657953),"1946","143-72",-101.941193,39.657953,48.4373131,"0-65"
"3049","Cheyenne",-69.25,NA,1946-03-21,393954101593001,23,0,c(-101.992892, 39.664972),"1946","71-0",-101.992892,39.664972,41.0518608,"0-65"
"3050","Cheyenne",-23.63,NA,1946-03-01,394422101525801,23,0,c(-101.882353, 39.739648),"1946","71-0",-101.882353,39.739648,25.024044,"0-65"
"3051","Cheyenne",-86.96,NA,1946-06-08,394521101460401,23,0,c(-101.766992, 39.755654),"1946","143-72",-101.766992,39.755654,47.616024,"0-65"
"3052","Cheyenne",-30.43,NA,1946-03-09,394613101471101,23,0,c(-101.785593, 39.770104),"1946","71-0",-101.785593,39.770104,31.6255264,"0-65"
"3053","Cheyenne",-9.4,NA,1946-03-22,393941102010801,23,0,c(-102.020786, 39.661203),"1946","71-0",-102.020786,39.661203,40.5674286,"0-65"
"3054","Cheyenne",-111.07,NA,1946-06-10,394014101543101,23,0,c(-101.908416, 39.670603),"1946","143-72",-101.908416,39.670603,48.6470337,"0-65"
"3055","Cheyenne",-12.7,NA,1946-04-01,395553101402401,23,0,c(-101.672201, 39.931467),"1946","71-0",-101.672201,39.931467,10,"0-65"
"3056","Cheyenne",-12.72,NA,1946-04-04,395553101402401,23,0,c(-101.672201, 39.931467),"1946","71-0",-101.672201,39.931467,10,"0-65"
"3057","Cheyenne",-108.23,NA,1946-05-13,395014101492501,23,0,c(-101.82246, 39.837243),"1946","143-72",-101.82246,39.837243,10,"0-65"
"3058","Cheyenne",-19.5,NA,1946-03-27,395125101413401,23,0,c(-101.69094, 39.857003),"1946","71-0",-101.69094,39.857003,42.7582703,"0-65"
"3059","Cheyenne",-18.6,NA,1946-08-17,395125101413401,23,0,c(-101.69094, 39.857003),"1946","71-0",-101.69094,39.857003,42.7582703,"0-65"
"3060","Cheyenne",-17.95,NA,1946-10-22,395125101413401,23,0,c(-101.69094, 39.857003),"1946","71-0",-101.69094,39.857003,42.7582703,"0-65"
"3061","Cheyenne",-17.99,NA,1946-12-13,395125101413401,23,0,c(-101.69094, 39.857003),"1946","71-0",-101.69094,39.857003,42.7582703,"0-65"
"3062","Cheyenne",-14.5,NA,1946-03-04,394442101482801,23,0,c(-101.807216, 39.744927),"1946","71-0",-101.807216,39.744927,32.7088242,"0-65"
"3063","Cheyenne",-25.68,NA,1946-03-13,394106102011601,23,0,c(-102.023212, 39.684717),"1946","71-0",-102.023212,39.684717,38.8468857,"0-65"
"3064","Cheyenne",-60.35,NA,1946-03-18,394008101563701,23,0,c(-101.943558, 39.668726),"1946","71-0",-101.943558,39.668726,45.4966812,"0-65"
"3065","Cheyenne",-24,NA,1946-04-11,395323101413201,23,0,c(-101.690879, 39.889611),"1946","71-0",-101.690879,39.889611,26.9931374,"0-65"
"3066","Cheyenne",-120.42,NA,1946-06-11,394152101530701,23,0,c(-101.884718, 39.69787),"1946","143-72",-101.884718,39.69787,41.7642059,"0-65"
"3067","Cheyenne",-47.1,NA,1946-03-08,394257101525001,23,0,c(-101.880095, 39.71592),"1946","71-0",-101.880095,39.71592,33.9484406,"0-65"
"3068","Cheyenne",-22.88,NA,1946-03-19,393909102015701,23,0,c(-102.034886, 39.652185),"1946","71-0",-102.034886,39.652185,39.2922897,"0-65"
"3069","Cheyenne",-141.17,NA,1946-06-10,394047101525101,23,0,c(-101.880095, 39.679819),"1946","143-72",-101.880095,39.679819,52.6003571,"0-65"
"3070","Cheyenne",-54.56,NA,1946-03-14,394344101503501,23,0,c(-101.842724, 39.728768),"1946","71-0",-101.842724,39.728768,31.7854805,"0-65"
"3071","Cheyenne",-78.7,NA,1946-03-22,393836102001101,23,0,c(-102.004595, 39.643213),"1946","143-72",-102.004595,39.643213,48.0937309,"0-65"
"3072","Cheyenne",-10.58,NA,1946-03-04,394652101485301,23,0,c(-101.813487, 39.781136),"1946","71-0",-101.813487,39.781136,13.8368416,"0-65"
"3073","Cheyenne",-12.52,"MC DONALD NW",1946-08-19,395829101362501,23,0,c(-101.606146, 39.975444),"1946","71-0",-101.606146,39.975444,10,"0-65"
"3074","Cheyenne",-12.3,"MC DONALD NW",1946-10-22,395829101362501,23,0,c(-101.606146, 39.975444),"1946","71-0",-101.606146,39.975444,10,"0-65"
"3075","Cheyenne",-11.81,"MC DONALD NW",1946-12-13,395829101362501,23,0,c(-101.606146, 39.975444),"1946","71-0",-101.606146,39.975444,10,"0-65"
"3076","Cheyenne",-12.3,NA,1946-03-19,394850101490001,23,0,c(-101.81544, 39.813714),"1946","71-0",-101.81544,39.813714,10,"0-65"
"3077","Cheyenne",-12.43,NA,1946-08-16,394850101490001,23,0,c(-101.81544, 39.813714),"1946","71-0",-101.81544,39.813714,10,"0-65"
"3078","Cheyenne",-12.88,NA,1946-10-22,394850101490001,23,0,c(-101.81544, 39.813714),"1946","71-0",-101.81544,39.813714,10,"0-65"
"3079","Cheyenne",-12.45,NA,1946-12-13,394850101490001,23,0,c(-101.81544, 39.813714),"1946","71-0",-101.81544,39.813714,10,"0-65"
"3080","Cheyenne",-10.7,NA,1946-03-01,394731101482701,23,0,c(-101.806346, 39.79197),"1946","71-0",-101.806346,39.79197,10,"0-65"
"3081","Cheyenne",-9.74,NA,1946-03-13,394731101482701,23,0,c(-101.806346, 39.79197),"1946","71-0",-101.806346,39.79197,10,"0-65"
"3082","Cheyenne",-29.7,NA,1946-03-12,393941102005201,23,0,c(-102.016132, 39.661203),"1946","71-0",-102.016132,39.661203,41.1879578,"0-65"
"3083","Cheyenne",-95.47,NA,1946-03-22,393955101574301,23,0,c(-101.962459, 39.665574),"1946","143-72",-101.962459,39.665574,44.0435371,"0-65"
"3084","Cheyenne",-14.75,NA,1946-03-12,394119101583301,23,0,c(-101.976274, 39.688501),"1946","71-0",-101.976274,39.688501,35.5536842,"0-65"
"3085","Cheyenne",-122.91,NA,1946-06-05,395355101460101,23,0,c(-101.766183, 39.898446),"1946","143-72",-101.766183,39.898446,NA,NA
"3086","Cheyenne",-21.39,NA,1946-03-01,394554101482801,23,0,c(-101.80659, 39.764733),"1946","71-0",-101.80659,39.764733,20.4318275,"0-65"
"3087","Cheyenne",-14.7,NA,1946-06-12,394712101524001,23,0,c(-101.877272, 39.786843),"1946","71-0",-101.877272,39.786843,11.2730446,"0-65"
"3088","Norton",-42.8,NA,1946-05-01,394944100043801,137,0,c(-100.077985, 39.828588),"1946","71-0",-100.077985,39.828588,40.9853897,"0-65"
"3089","Norton",-42.83,NA,1946-05-04,394944100043801,137,0,c(-100.077985, 39.828588),"1946","71-0",-100.077985,39.828588,40.9853897,"0-65"
"3090","Norton",-25.84,"ALMENA",1946-06-24,395451099384001,137,0,c(-99.644477, 39.913933),"1946","71-0",-99.644477,39.913933,53.466217,"0-65"
"3091","Phillips",-12.7,NA,1946-02-01,394007099253901,147,0,c(-99.425245, 39.66781),"1946","71-0",-99.425245,39.66781,NA,NA
"3092","Phillips",-12.66,NA,1946-02-21,394007099253901,147,0,c(-99.425245, 39.66781),"1946","71-0",-99.425245,39.66781,NA,NA
"3093","Phillips",-12.57,NA,1946-03-25,394007099253901,147,0,c(-99.425245, 39.66781),"1946","71-0",-99.425245,39.66781,NA,NA
"3094","Phillips",-12.63,NA,1946-04-06,394007099253901,147,0,c(-99.425245, 39.66781),"1946","71-0",-99.425245,39.66781,NA,NA
"3095","Phillips",-12.54,NA,1946-04-27,394007099253901,147,0,c(-99.425245, 39.66781),"1946","71-0",-99.425245,39.66781,NA,NA
"3096","Phillips",-12.77,NA,1946-06-12,394007099253901,147,0,c(-99.425245, 39.66781),"1946","71-0",-99.425245,39.66781,NA,NA
"3097","Phillips",-13.44,NA,1946-09-25,394007099253901,147,0,c(-99.425245, 39.66781),"1946","71-0",-99.425245,39.66781,NA,NA
"3098","Phillips",-12.78,NA,1946-10-31,394007099253901,147,0,c(-99.425245, 39.66781),"1946","71-0",-99.425245,39.66781,NA,NA
"3099","Phillips",-12.67,NA,1946-11-25,394007099253901,147,0,c(-99.425245, 39.66781),"1946","71-0",-99.425245,39.66781,NA,NA
"3100","Phillips",-12.73,NA,1946-12-31,394007099253901,147,0,c(-99.425245, 39.66781),"1946","71-0",-99.425245,39.66781,NA,NA
"3101","Osborne",-23.7,"ALTON",1946-08-01,392822098555701,141,0,c(-98.932245, 39.472544),"1946","71-0",-98.932245,39.472544,NA,NA
"3102","Osborne",-23.7,"ALTON",1946-08-28,392822098555701,141,0,c(-98.932245, 39.472544),"1946","71-0",-98.932245,39.472544,NA,NA
"3103","Osborne",-23.74,"ALTON",1946-11-07,392822098555701,141,0,c(-98.932245, 39.472544),"1946","71-0",-98.932245,39.472544,NA,NA
"3104","Osborne",-23.65,"ALTON",1946-12-09,392822098555701,141,0,c(-98.932245, 39.472544),"1946","71-0",-98.932245,39.472544,NA,NA
"3105","Smith",-33.27,NA,1946-01-04,393829098585001,183,0,c(-98.981135, 39.641277),"1946","71-0",-98.981135,39.641277,NA,NA
"3106","Smith",-33.31,NA,1946-01-16,393829098585001,183,0,c(-98.981135, 39.641277),"1946","71-0",-98.981135,39.641277,NA,NA
"3107","Smith",-33.37,NA,1946-01-28,393829098585001,183,0,c(-98.981135, 39.641277),"1946","71-0",-98.981135,39.641277,NA,NA
"3108","Smith",-33.43,NA,1946-02-11,393829098585001,183,0,c(-98.981135, 39.641277),"1946","71-0",-98.981135,39.641277,NA,NA
"3109","Smith",-33.39,NA,1946-02-25,393829098585001,183,0,c(-98.981135, 39.641277),"1946","71-0",-98.981135,39.641277,NA,NA
"3110","Smith",-33.49,NA,1946-03-11,393829098585001,183,0,c(-98.981135, 39.641277),"1946","71-0",-98.981135,39.641277,NA,NA
"3111","Smith",-33.51,NA,1946-03-25,393829098585001,183,0,c(-98.981135, 39.641277),"1946","71-0",-98.981135,39.641277,NA,NA
"3112","Smith",-33.36,NA,1946-04-06,393829098585001,183,0,c(-98.981135, 39.641277),"1946","71-0",-98.981135,39.641277,NA,NA
"3113","Smith",-33.68,NA,1946-04-27,393829098585001,183,0,c(-98.981135, 39.641277),"1946","71-0",-98.981135,39.641277,NA,NA
"3114","Smith",-33.8,NA,1946-06-12,393829098585001,183,0,c(-98.981135, 39.641277),"1946","71-0",-98.981135,39.641277,NA,NA
"3115","Smith",-33.72,NA,1946-09-25,393829098585001,183,0,c(-98.981135, 39.641277),"1946","71-0",-98.981135,39.641277,NA,NA
"3116","Smith",-33.22,NA,1946-10-31,393829098585001,183,0,c(-98.981135, 39.641277),"1946","71-0",-98.981135,39.641277,NA,NA
"3117","Smith",-33.09,NA,1946-11-25,393829098585001,183,0,c(-98.981135, 39.641277),"1946","71-0",-98.981135,39.641277,NA,NA
"3118","Osborne",-36.02,NA,1946-01-04,392932098313201,141,0,c(-98.526999, 39.49206),"1946","71-0",-98.526999,39.49206,NA,NA
"3119","Osborne",-35.99,NA,1946-01-16,392932098313201,141,0,c(-98.526999, 39.49206),"1946","71-0",-98.526999,39.49206,NA,NA
"3120","Osborne",-36.63,NA,1946-01-28,392932098313201,141,0,c(-98.526999, 39.49206),"1946","71-0",-98.526999,39.49206,NA,NA
"3121","Osborne",-36.69,NA,1946-02-11,392932098313201,141,0,c(-98.526999, 39.49206),"1946","71-0",-98.526999,39.49206,NA,NA
"3122","Osborne",-36.65,NA,1946-02-25,392932098313201,141,0,c(-98.526999, 39.49206),"1946","71-0",-98.526999,39.49206,NA,NA
"3123","Osborne",-36.7,NA,1946-03-11,392932098313201,141,0,c(-98.526999, 39.49206),"1946","71-0",-98.526999,39.49206,NA,NA
"3124","Osborne",-36.76,NA,1946-03-25,392932098313201,141,0,c(-98.526999, 39.49206),"1946","71-0",-98.526999,39.49206,NA,NA
"3125","Osborne",-36.82,NA,1946-04-07,392932098313201,141,0,c(-98.526999, 39.49206),"1946","71-0",-98.526999,39.49206,NA,NA
"3126","Osborne",-36.92,NA,1946-04-26,392932098313201,141,0,c(-98.526999, 39.49206),"1946","71-0",-98.526999,39.49206,NA,NA
"3127","Osborne",-37.07,NA,1946-06-11,392932098313201,141,0,c(-98.526999, 39.49206),"1946","71-0",-98.526999,39.49206,NA,NA
"3128","Osborne",-36.2,NA,1946-09-25,392932098313201,141,0,c(-98.526999, 39.49206),"1946","71-0",-98.526999,39.49206,NA,NA
"3129","Osborne",-36.18,NA,1946-10-13,392932098313201,141,0,c(-98.526999, 39.49206),"1946","71-0",-98.526999,39.49206,NA,NA
"3130","Osborne",-36.07,NA,1946-10-20,392932098313201,141,0,c(-98.526999, 39.49206),"1946","71-0",-98.526999,39.49206,NA,NA
"3131","Osborne",-36.06,NA,1946-10-27,392932098313201,141,0,c(-98.526999, 39.49206),"1946","71-0",-98.526999,39.49206,NA,NA
"3132","Osborne",-36.04,NA,1946-10-31,392932098313201,141,0,c(-98.526999, 39.49206),"1946","71-0",-98.526999,39.49206,NA,NA
"3133","Osborne",-36.06,NA,1946-11-03,392932098313201,141,0,c(-98.526999, 39.49206),"1946","71-0",-98.526999,39.49206,NA,NA
"3134","Osborne",-35.99,NA,1946-11-11,392932098313201,141,0,c(-98.526999, 39.49206),"1946","71-0",-98.526999,39.49206,NA,NA
"3135","Osborne",-35.92,NA,1946-11-17,392932098313201,141,0,c(-98.526999, 39.49206),"1946","71-0",-98.526999,39.49206,NA,NA
"3136","Osborne",-35.78,NA,1946-11-24,392932098313201,141,0,c(-98.526999, 39.49206),"1946","71-0",-98.526999,39.49206,NA,NA
"3137","Osborne",-35.66,NA,1946-12-02,392932098313201,141,0,c(-98.526999, 39.49206),"1946","71-0",-98.526999,39.49206,NA,NA
"3138","Osborne",-35.62,NA,1946-12-09,392932098313201,141,0,c(-98.526999, 39.49206),"1946","71-0",-98.526999,39.49206,NA,NA
"3139","Osborne",-35.58,NA,1946-12-16,392932098313201,141,0,c(-98.526999, 39.49206),"1946","71-0",-98.526999,39.49206,NA,NA
"3140","Osborne",-35.57,NA,1946-12-23,392932098313201,141,0,c(-98.526999, 39.49206),"1946","71-0",-98.526999,39.49206,NA,NA
"3141","Mitchell",-23.32,NA,1946-09-17,393024098183301,123,0,c(-98.309705, 39.506541),"1946","71-0",-98.309705,39.506541,NA,NA
"3142","Mitchell",-24.17,NA,1946-10-15,393024098183301,123,0,c(-98.309705, 39.506541),"1946","71-0",-98.309705,39.506541,NA,NA
"3143","Mitchell",-25,NA,1946-11-15,393024098183301,123,0,c(-98.309705, 39.506541),"1946","71-0",-98.309705,39.506541,NA,NA
"3144","Mitchell",-25.45,NA,1946-12-21,393024098183301,123,0,c(-98.309705, 39.506541),"1946","71-0",-98.309705,39.506541,NA,NA
"3145","Mitchell",-29.1,NA,1946-11-18,392753098080501,123,0,c(-98.136176, 39.465507),"1946","71-0",-98.136176,39.465507,NA,NA
"3146","Mitchell",-29.05,NA,1946-12-10,392753098080501,123,0,c(-98.136176, 39.465507),"1946","71-0",-98.136176,39.465507,NA,NA
"3147","Mitchell",-17.52,NA,1946-11-19,392853098122401,123,0,c(-98.208338, 39.481592),"1946","71-0",-98.208338,39.481592,NA,NA
"3148","Mitchell",-17.46,NA,1946-12-10,392853098122401,123,0,c(-98.208338, 39.481592),"1946","71-0",-98.208338,39.481592,NA,NA
"3149","Osborne",-55.3,"BLOOMINGTON",1946-08-01,392755098481901,141,0,c(-98.806675, 39.465847),"1946","71-0",-98.806675,39.465847,NA,NA
"3150","Jewell",-10.93,"BURR OAK",1946-09-16,394620098172201,89,0,c(-98.290005, 39.772107),"1946","71-0",-98.290005,39.772107,NA,NA
"3151","Jewell",-10.95,"BURR OAK",1946-10-16,394620098172201,89,0,c(-98.290005, 39.772107),"1946","71-0",-98.290005,39.772107,NA,NA
"3152","Jewell",-10.47,"BURR OAK",1946-11-15,394620098172201,89,0,c(-98.290005, 39.772107),"1946","71-0",-98.290005,39.772107,NA,NA
"3153","Jewell",-10.84,"BURR OAK",1946-12-21,394620098172201,89,0,c(-98.290005, 39.772107),"1946","71-0",-98.290005,39.772107,NA,NA
"3154","Osborne",-26.67,"Portis",1946-01-04,393038098374501,141,0,c(-98.631187, 39.509991),"1946","71-0",-98.631187,39.509991,NA,NA
"3155","Osborne",-26.75,"Portis",1946-01-16,393038098374501,141,0,c(-98.631187, 39.509991),"1946","71-0",-98.631187,39.509991,NA,NA
"3156","Osborne",-26.94,"Portis",1946-01-28,393038098374501,141,0,c(-98.631187, 39.509991),"1946","71-0",-98.631187,39.509991,NA,NA
"3157","Osborne",-26.94,"Portis",1946-02-11,393038098374501,141,0,c(-98.631187, 39.509991),"1946","71-0",-98.631187,39.509991,NA,NA
"3158","Osborne",-26.75,"Portis",1946-02-25,393038098374501,141,0,c(-98.631187, 39.509991),"1946","71-0",-98.631187,39.509991,NA,NA
"3159","Osborne",-26.77,"Portis",1946-03-11,393038098374501,141,0,c(-98.631187, 39.509991),"1946","71-0",-98.631187,39.509991,NA,NA
"3160","Osborne",-26.86,"Portis",1946-03-25,393038098374501,141,0,c(-98.631187, 39.509991),"1946","71-0",-98.631187,39.509991,NA,NA
"3161","Osborne",-26.84,"Portis",1946-04-07,393038098374501,141,0,c(-98.631187, 39.509991),"1946","71-0",-98.631187,39.509991,NA,NA
"3162","Osborne",-27.17,"Portis",1946-04-26,393038098374501,141,0,c(-98.631187, 39.509991),"1946","71-0",-98.631187,39.509991,NA,NA
"3163","Osborne",-26.95,"Portis",1946-06-12,393038098374501,141,0,c(-98.631187, 39.509991),"1946","71-0",-98.631187,39.509991,NA,NA
"3164","Osborne",-25.77,"Portis",1946-09-25,393038098374501,141,0,c(-98.631187, 39.509991),"1946","71-0",-98.631187,39.509991,NA,NA
"3165","Osborne",-25.69,"Portis",1946-10-31,393038098374501,141,0,c(-98.631187, 39.509991),"1946","71-0",-98.631187,39.509991,NA,NA
"3166","Osborne",-25.83,"Portis",1946-11-25,393038098374501,141,0,c(-98.631187, 39.509991),"1946","71-0",-98.631187,39.509991,NA,NA
"3167","Jewell",-65.67,"ESBON",1946-09-16,394607098225001,89,0,c(-98.381119, 39.768567),"1946","71-0",-98.381119,39.768567,NA,NA
"3168","Jewell",-65.52,"ESBON",1946-10-16,394607098225001,89,0,c(-98.381119, 39.768567),"1946","71-0",-98.381119,39.768567,NA,NA
"3169","Jewell",-64.41,"ESBON",1946-11-15,394607098225001,89,0,c(-98.381119, 39.768567),"1946","71-0",-98.381119,39.768567,NA,NA
"3170","Jewell",-64.22,"ESBON",1946-12-21,394607098225001,89,0,c(-98.381119, 39.768567),"1946","71-0",-98.381119,39.768567,NA,NA
