"","countyname","depth_to_water","town","date","ID","countycode","township","geometry","year","depth","lon","lat","sat","satcut"
"1","McPherson",-18.3,NA,1980-01-29,381610097324501,113,0,c(-97.5468543, 38.2696562),"1980","71-0",-97.5468543,38.2696562,41.1386108,"0-65"
"2","McPherson",-11.05,NA,1980-01-31,381813097295901,113,0,c(-97.4996332, 38.3032593),"1980","71-0",-97.4996332,38.3032593,42.0241699,"0-65"
"3","McPherson",-40.16,NA,1980-01-31,381919097363701,113,0,c(-97.6109365, 38.3211896),"1980","71-0",-97.6109365,38.3211896,50.0056076,"0-65"
"4","McPherson",-59.96,NA,1980-01-31,381846097395502,113,0,c(-97.6660591, 38.3124823),"1980","71-0",-97.6660591,38.3124823,55.2216377,"0-65"
"5","McPherson",-23.17,"MCPHERSON SOUTH",1980-01-29,381530097443401,113,0,c(-97.744519, 38.258543),"1980","71-0",-97.744519,38.258543,72.5182343,"66-131"
"6","McPherson",-46.77,NA,1980-01-29,382116097264701,113,0,c(-97.4465059, 38.354315),"1980","71-0",-97.4465059,38.354315,64.7254333,"0-65"
"7","McPherson",-20.03,NA,1980-02-01,382116097264701,113,0,c(-97.4465059, 38.354315),"1980","71-0",-97.4465059,38.354315,64.7254333,"0-65"
"8","McPherson",-32.05,NA,1980-01-31,381451097370501,113,0,c(-97.6186793, 38.247666),"1980","71-0",-97.6186793,38.247666,72.3119812,"66-131"
"9","McPherson",-34.38,"MOUNDRIDGE",1980-01-29,381141097330401,113,0,c(-97.5513058, 38.1940887),"1980","71-0",-97.5513058,38.1940887,40.8787079,"0-65"
"10","Finney",-106.27,"GARDEN CITY WEST",1980-05-06,375614100572701,55,0,c(-100.9579944, 37.9375962),"1980","143-72",-100.9579944,37.9375962,253.2812195,"198-262"
"11","Finney",-131.93,"GARDEN CITY WEST",1980-10-01,375614100572701,55,0,c(-100.9579944, 37.9375962),"1980","143-72",-100.9579944,37.9375962,253.2812195,"198-262"
"12","Finney",-61.34,NA,1980-06-04,375541100584902,55,0,c(-100.980545, 37.9286173),"1980","71-0",-100.980545,37.9286173,271.5029297,"263-328"
"13","Finney",-70.3,NA,1980-08-24,375541100584902,55,0,c(-100.980545, 37.9286173),"1980","71-0",-100.980545,37.9286173,271.5029297,"263-328"
"14","Finney",-67.51,NA,1980-10-01,375541100584902,55,0,c(-100.980545, 37.9286173),"1980","71-0",-100.980545,37.9286173,271.5029297,"263-328"
"15","Ford",-9,"Fort Dodge",1980-02-22,374225099542101,57,0,c(-99.906059, 37.70694),"1980","71-0",-99.906059,37.70694,73.4502869,"66-131"
"16","Ford",-16.9,"Fort Dodge",1980-07-15,374225099542101,57,0,c(-99.906059, 37.70694),"1980","71-0",-99.906059,37.70694,73.4502869,"66-131"
"17","Ford",-146.9,"SOUTH DODGE",1980-03-07,373829100002101,57,0,c(-100.00408, 37.6413499),"1980","215-144",-100.00408,37.6413499,52.1992531,"0-65"
"18","Finney",-98.1,"LOWE",1980-01-09,380033100523501,55,0,c(-100.879539, 38.007753),"1980","143-72",-100.879539,38.007753,200.0732117,"198-262"
"19","Ford",-92.6,"SOUTH DODGE",1980-09-12,374145100011001,57,0,c(-100.0196908, 37.6962622),"1980","143-72",-100.0196908,37.6962622,60.7221909,"0-65"
"20","Ford",-152.8,"FORT DODGE",1980-06-30,373748099581101,57,0,c(-99.969977, 37.6299291),"1980","215-144",-99.969977,37.6299291,82.1977386,"66-131"
"21","Ford",-105,"SOUTH DODGE",1980-06-28,374059100023401,57,0,c(-100.0461863, 37.6872486),"1980","143-72",-100.0461863,37.6872486,49.3509064,"0-65"
"22","Ford",-105.2,"SOUTH DODGE",1980-09-11,374059100023401,57,0,c(-100.0461863, 37.6872486),"1980","143-72",-100.0461863,37.6872486,49.3509064,"0-65"
"23","Ford",-126,"ENSIGN",1980-06-05,373832100081601,57,0,c(-100.1388118, 37.6422294),"1980","143-72",-100.1388118,37.6422294,62.0284386,"0-65"
"24","Ford",-129.1,"ENSIGN",1980-09-12,373832100081601,57,0,c(-100.1388118, 37.6422294),"1980","143-72",-100.1388118,37.6422294,62.0284386,"0-65"
"25","Haskell",-197.78,"Wild Horse Lake",1980-01-07,373929100453601,81,0,c(-100.761438, 37.658774),"1980","215-144",-100.761438,37.658774,205.5494995,"198-262"
"26","McPherson",-9.42,NA,1980-01-31,381115097272101,113,0,c(-97.4578054, 38.1874014),"1980","71-0",-97.4578054,38.1874014,20.9303265,"0-65"
"27","Sedgwick",-18.57,NA,1980-01-01,375256097281102,173,0,c(-97.4718908, 37.8823584),"1980","71-0",-97.4718908,37.8823584,158.9359589,"132-197"
"28","Sedgwick",-16.18,NA,1980-03-01,375256097281102,173,0,c(-97.4718908, 37.8823584),"1980","71-0",-97.4718908,37.8823584,158.9359589,"132-197"
"29","Sedgwick",-15.3,NA,1980-04-01,375256097281102,173,0,c(-97.4718908, 37.8823584),"1980","71-0",-97.4718908,37.8823584,158.9359589,"132-197"
"30","Sedgwick",-13.2,NA,1980-05-01,375256097281102,173,0,c(-97.4718908, 37.8823584),"1980","71-0",-97.4718908,37.8823584,158.9359589,"132-197"
"31","Sedgwick",-14.51,NA,1980-08-01,375256097281102,173,0,c(-97.4718908, 37.8823584),"1980","71-0",-97.4718908,37.8823584,158.9359589,"132-197"
"32","Sedgwick",-19.58,NA,1980-09-01,375256097281102,173,0,c(-97.4718908, 37.8823584),"1980","71-0",-97.4718908,37.8823584,158.9359589,"132-197"
"33","Sedgwick",-19.58,NA,1980-10-01,375256097281102,173,0,c(-97.4718908, 37.8823584),"1980","71-0",-97.4718908,37.8823584,158.9359589,"132-197"
"34","Sedgwick",-20.82,NA,1980-12-01,375256097281102,173,0,c(-97.4718908, 37.8823584),"1980","71-0",-97.4718908,37.8823584,158.9359589,"132-197"
"35","Meade",-128.1,NA,1980-01-15,372738100283901,119,0,c(-100.4781851, 37.4611245),"1980","143-72",-100.4781851,37.4611245,266.1853027,"263-328"
"36","Meade",-129.24,NA,1980-01-18,372738100283901,119,0,c(-100.4781851, 37.4611245),"1980","143-72",-100.4781851,37.4611245,266.1853027,"263-328"
"37","Ford",-162.5,"SOUTH DODGE",1980-09-12,373905100055001,57,0,c(-100.0963567, 37.651275),"1980","215-144",-100.0963567,37.651275,19.6833458,"0-65"
"38","Stafford",-3.07,"Hudson",1980-01-01,380508098412701,185,0,c(-98.690801, 38.086429),"1980","71-0",-98.690801,38.086429,158.896759,"132-197"
"39","Stafford",-1.95,"Hudson",1980-05-08,380508098412701,185,0,c(-98.690801, 38.086429),"1980","71-0",-98.690801,38.086429,158.896759,"132-197"
"40","Stafford",-11.41,"Hudson SE",1980-01-01,380412098353301,185,0,c(-98.5929021, 38.0699997),"1980","71-0",-98.5929021,38.0699997,153.9450073,"132-197"
"41","Stafford",-8.83,"Hudson SE",1980-05-08,380412098353301,185,0,c(-98.5929021, 38.0699997),"1980","71-0",-98.5929021,38.0699997,153.9450073,"132-197"
"42","Stafford",-9.92,"Hudson SE",1980-01-01,380412098353302,185,0,c(-98.5929021, 38.0699997),"1980","71-0",-98.5929021,38.0699997,153.9450073,"132-197"
"43","Stafford",-7.15,"Hudson SE",1980-05-08,380412098353302,185,0,c(-98.5929021, 38.0699997),"1980","71-0",-98.5929021,38.0699997,153.9450073,"132-197"
"44","Sedgwick",-22,NA,1980-01-01,375415097285401,173,0,c(-97.4835787, 37.9043289),"1980","71-0",-97.4835787,37.9043289,158.9574432,"132-197"
"45","Sedgwick",-20,NA,1980-03-01,375415097285401,173,0,c(-97.4835787, 37.9043289),"1980","71-0",-97.4835787,37.9043289,158.9574432,"132-197"
"46","Sedgwick",-19.35,NA,1980-04-01,375415097285401,173,0,c(-97.4835787, 37.9043289),"1980","71-0",-97.4835787,37.9043289,158.9574432,"132-197"
"47","Sedgwick",-16.99,NA,1980-05-01,375415097285401,173,0,c(-97.4835787, 37.9043289),"1980","71-0",-97.4835787,37.9043289,158.9574432,"132-197"
"48","Sedgwick",-59.38,NA,1980-08-01,375415097285401,173,0,c(-97.4835787, 37.9043289),"1980","71-0",-97.4835787,37.9043289,158.9574432,"132-197"
"49","Sedgwick",-63.55,NA,1980-09-01,375415097285401,173,0,c(-97.4835787, 37.9043289),"1980","71-0",-97.4835787,37.9043289,158.9574432,"132-197"
"50","Sedgwick",-24.03,NA,1980-10-01,375415097285401,173,0,c(-97.4835787, 37.9043289),"1980","71-0",-97.4835787,37.9043289,158.9574432,"132-197"
"51","Sedgwick",-24.49,NA,1980-12-01,375415097285401,173,0,c(-97.4835787, 37.9043289),"1980","71-0",-97.4835787,37.9043289,158.9574432,"132-197"
"52","Sedgwick",-8.59,NA,1980-01-01,375421097341101,173,0,c(-97.573782, 37.9065296),"1980","71-0",-97.573782,37.9065296,146.8540192,"132-197"
"53","Sedgwick",-9.51,NA,1980-03-01,375421097341101,173,0,c(-97.573782, 37.9065296),"1980","71-0",-97.573782,37.9065296,146.8540192,"132-197"
"54","Sedgwick",-8.6,NA,1980-04-01,375421097341101,173,0,c(-97.573782, 37.9065296),"1980","71-0",-97.573782,37.9065296,146.8540192,"132-197"
"55","Sedgwick",-6.74,NA,1980-05-01,375421097341101,173,0,c(-97.573782, 37.9065296),"1980","71-0",-97.573782,37.9065296,146.8540192,"132-197"
"56","Sedgwick",-31.48,NA,1980-08-01,375421097341101,173,0,c(-97.573782, 37.9065296),"1980","71-0",-97.573782,37.9065296,146.8540192,"132-197"
"57","Sedgwick",-11.32,NA,1980-09-01,375421097341101,173,0,c(-97.573782, 37.9065296),"1980","71-0",-97.573782,37.9065296,146.8540192,"132-197"
"58","Sedgwick",-11.14,NA,1980-10-01,375421097341101,173,0,c(-97.573782, 37.9065296),"1980","71-0",-97.573782,37.9065296,146.8540192,"132-197"
"59","Sedgwick",-12.3,NA,1980-11-01,375421097341101,173,0,c(-97.573782, 37.9065296),"1980","71-0",-97.573782,37.9065296,146.8540192,"132-197"
"60","Sedgwick",-30.78,NA,1980-12-01,375421097341101,173,0,c(-97.573782, 37.9065296),"1980","71-0",-97.573782,37.9065296,146.8540192,"132-197"
"61","Shawnee",-33.88,NA,1980-03-12,390545095423201,177,0,c(-95.70962, 39.0975694),"1980","71-0",-95.70962,39.0975694,NA,NA
"62","Shawnee",-33.3,NA,1980-06-06,390545095423201,177,0,c(-95.70962, 39.0975694),"1980","71-0",-95.70962,39.0975694,NA,NA
"63","Shawnee",-34.38,NA,1980-09-12,390545095423201,177,0,c(-95.70962, 39.0975694),"1980","71-0",-95.70962,39.0975694,NA,NA
"64","Shawnee",-34.56,NA,1980-12-09,390545095423201,177,0,c(-95.70962, 39.0975694),"1980","71-0",-95.70962,39.0975694,NA,NA
"65","Thomas",-120.1,NA,1980-01-11,392433100453001,193,0,c(-100.7566253, 39.4094737),"1980","143-72",-100.7566253,39.4094737,122.9211197,"66-131"
"66","Pratt",-69.35,"PRATT SE",1980-01-22,373529098330001,151,0,c(-98.551944, 37.59077),"1980","71-0",-98.551944,37.59077,137.0136108,"132-197"
"67","Stafford",-30.99,NA,1980-01-24,375740098301301,185,0,c(-98.5031239, 37.9612916),"1980","71-0",-98.5031239,37.9612916,116.5940628,"66-131"
"68","Finney",-143.17,"WHITE WOMAN BOTTOMS",1980-01-09,380220100485001,55,0,c(-100.814232, 38.0391674),"1980","143-72",-100.814232,38.0391674,126.283783,"66-131"
"69","Sheridan",-107.89,"Selden SW",1980-01-16,393131100383701,179,0,c(-100.6425206, 39.5253132),"1980","143-72",-100.6425206,39.5253132,85.6085815,"66-131"
"70","Finney",-119.16,"GARDEN CITY W",1980-01-18,375239100574301,55,0,c(-100.961244, 37.876724),"1980","143-72",-100.961244,37.876724,390.3110962,"328-393"
"71","Finney",-122.15,"GARDEN CITY W",1980-04-23,375239100574301,55,0,c(-100.961244, 37.876724),"1980","143-72",-100.961244,37.876724,390.3110962,"328-393"
"72","Finney",-130.56,"GARDEN CITY W",1980-10-03,375239100574301,55,0,c(-100.961244, 37.876724),"1980","143-72",-100.961244,37.876724,390.3110962,"328-393"
"73","Pratt",-99.8,"Croft",1980-01-01,373706098571401,151,0,c(-98.9553402, 37.6189771),"1980","143-72",-98.9553402,37.6189771,123.7383118,"66-131"
"74","Pratt",-99.8,"Croft",1980-01-23,373706098571401,151,0,c(-98.9553402, 37.6189771),"1980","143-72",-98.9553402,37.6189771,123.7383118,"66-131"
"75","Pratt",-87.3,NA,1980-01-22,373243098560701,151,0,c(-98.9356406, 37.5466854),"1980","143-72",-98.9356406,37.5466854,71.0749359,"66-131"
"76","Sedgwick",-16.15,NA,1980-01-01,375210097273701,173,0,c(-97.4638503, 37.8693017),"1980","71-0",-97.4638503,37.8693017,152.5530701,"132-197"
"77","Sedgwick",-13.9,NA,1980-03-01,375210097273701,173,0,c(-97.4638503, 37.8693017),"1980","71-0",-97.4638503,37.8693017,152.5530701,"132-197"
"78","Sedgwick",-13.29,NA,1980-04-01,375210097273701,173,0,c(-97.4638503, 37.8693017),"1980","71-0",-97.4638503,37.8693017,152.5530701,"132-197"
"79","Sedgwick",-11.91,NA,1980-05-01,375210097273701,173,0,c(-97.4638503, 37.8693017),"1980","71-0",-97.4638503,37.8693017,152.5530701,"132-197"
"80","Sedgwick",-12.88,NA,1980-08-01,375210097273701,173,0,c(-97.4638503, 37.8693017),"1980","71-0",-97.4638503,37.8693017,152.5530701,"132-197"
"81","Sedgwick",-16.39,NA,1980-09-01,375210097273701,173,0,c(-97.4638503, 37.8693017),"1980","71-0",-97.4638503,37.8693017,152.5530701,"132-197"
"82","Sedgwick",-17.8,NA,1980-10-01,375210097273701,173,0,c(-97.4638503, 37.8693017),"1980","71-0",-97.4638503,37.8693017,152.5530701,"132-197"
"83","Sedgwick",-54.58,NA,1980-12-01,375210097273701,173,0,c(-97.4638503, 37.8693017),"1980","71-0",-97.4638503,37.8693017,152.5530701,"132-197"
"84","Wichita",-109.63,NA,1980-01-16,382428101284301,203,0,c(-101.4803148, 38.4081805),"1980","143-72",-101.4803148,38.4081805,43.6215057,"0-65"
"85","Wichita",-107.05,NA,1980-02-01,382204101293301,203,0,c(-101.4940522, 38.3668846),"1980","143-72",-101.4940522,38.3668846,48.4397583,"0-65"
"86","Ness",-87.2,"Ness City NE",1980-01-14,382526099492301,135,0,c(-99.82317, 38.424916),"1980","143-72",-99.82317,38.424916,NA,NA
"87","Pratt",-14.9,"Stafford SW",1980-01-01,374815098422001,151,0,c(-98.7079253, 37.8024844),"1980","71-0",-98.7079253,37.8024844,146.8791199,"132-197"
"88","Pratt",-14.9,"Stafford SW",1980-01-22,374815098422001,151,0,c(-98.7079253, 37.8024844),"1980","71-0",-98.7079253,37.8024844,146.8791199,"132-197"
"89","Thomas",-148.64,NA,1980-01-09,393230101052901,193,0,c(-101.0919626, 39.5419391),"1980","215-144",-101.0919626,39.5419391,94.910675,"66-131"
"90","Wichita",-95.66,"Marienthal",1980-01-15,382526101130201,203,0,c(-101.2194206, 38.423649),"1980","143-72",-101.2194206,38.423649,18.0170441,"0-65"
"91","Trego",-20.14,"Trego Center",1980-03-13,385919099542601,195,0,c(-99.9073136, 38.9873027),"1980","71-0",-99.9073136,38.9873027,54.1682396,"0-65"
"92","Trego",-18.11,"Trego Center",1980-06-05,385919099542601,195,0,c(-99.9073136, 38.9873027),"1980","71-0",-99.9073136,38.9873027,54.1682396,"0-65"
"93","Trego",-20.23,"Trego Center",1980-09-11,385919099542601,195,0,c(-99.9073136, 38.9873027),"1980","71-0",-99.9073136,38.9873027,54.1682396,"0-65"
"94","Trego",-20.42,"Trego Center",1980-12-19,385919099542601,195,0,c(-99.9073136, 38.9873027),"1980","71-0",-99.9073136,38.9873027,54.1682396,"0-65"
"95","Rice",-11.8,"Alden",1980-01-01,381107098210301,159,0,c(-98.3486773, 38.1846708),"1980","71-0",-98.3486773,38.1846708,157.0295105,"132-197"
"96","Rice",-11.75,"Alden",1980-01-21,381107098210301,159,0,c(-98.3486773, 38.1846708),"1980","71-0",-98.3486773,38.1846708,157.0295105,"132-197"
"97","Seward",-207.2,"Sublette SW",1980-01-17,372010100555101,175,0,c(-100.932142, 37.336054),"1980","215-144",-100.932142,37.336054,245.827301,"198-262"
"98","Decatur",-10.9,"Dresden North",1980-12-15,393820100273201,39,0,c(-100.46052, 39.639364),"1980","71-0",-100.46052,39.639364,40.5150299,"0-65"
"99","Sherman",-168.25,"GOODLAND",1980-01-08,391824101383601,181,0,c(-101.645648, 39.307731),"1980","215-144",-101.645648,39.307731,103.8985596,"66-131"
"100","Stafford",-10.52,"Saint John South",1980-01-01,375429098480401,185,0,c(-98.802637, 37.907447),"1980","71-0",-98.802637,37.907447,140.5951538,"132-197"
"101","Stafford",-10.67,"Saint John South",1980-05-08,375429098480401,185,0,c(-98.802637, 37.907447),"1980","71-0",-98.802637,37.907447,140.5951538,"132-197"
"102","Rawlins",-18.53,NA,1980-12-17,394459101085801,153,0,c(-101.1476336, 39.7490273),"1980","71-0",-101.1476336,39.7490273,17.5139484,"0-65"
"103","Cheyenne",-153.2,"Wheeler",1980-01-10,394507101433401,23,0,c(-101.72415, 39.751363),"1980","215-144",-101.72415,39.751363,64.0904999,"0-65"
"104","Cheyenne",-153.8,"Wheeler",1980-03-10,394507101433401,23,0,c(-101.72415, 39.751363),"1980","215-144",-101.72415,39.751363,64.0904999,"0-65"
"105","Cheyenne",-158.67,"Wheeler",1980-06-02,394507101433401,23,0,c(-101.72415, 39.751363),"1980","215-144",-101.72415,39.751363,64.0904999,"0-65"
"106","Cheyenne",-159.93,"Wheeler",1980-09-08,394507101433401,23,0,c(-101.72415, 39.751363),"1980","215-144",-101.72415,39.751363,64.0904999,"0-65"
"107","Rawlins",-28.86,NA,1980-03-10,394854101003101,153,0,c(-101.008334, 39.813902),"1980","71-0",-101.008334,39.813902,10,"0-65"
"108","Rawlins",-28.5,NA,1980-06-02,394854101003101,153,0,c(-101.008334, 39.813902),"1980","71-0",-101.008334,39.813902,10,"0-65"
"109","Rawlins",-30.55,NA,1980-09-08,394854101003101,153,0,c(-101.008334, 39.813902),"1980","71-0",-101.008334,39.813902,10,"0-65"
"110","Rawlins",-30.48,NA,1980-12-16,394854101003101,153,0,c(-101.008334, 39.813902),"1980","71-0",-101.008334,39.813902,10,"0-65"
"111","Decatur",-23.57,"Clayton SW",1980-12-15,393505100115901,39,0,c(-100.199413, 39.584164),"1980","71-0",-100.199413,39.584164,16.9662094,"0-65"
"112","Rawlins",-28.47,"Beardsley",1980-12-16,394637101122001,153,0,c(-101.202537, 39.777399),"1980","71-0",-101.202537,39.777399,19.6265297,"0-65"
"113","Meade",-57.4,NA,1980-01-18,372719100124901,119,0,c(-100.2128781, 37.4597405),"1980","71-0",-100.2128781,37.4597405,142.1052551,"132-197"
"114","Cheyenne",-229.44,"Bird City North",1980-01-10,394658101312601,23,0,c(-101.5186407, 39.781083),"1980","287-216",-101.5186407,39.781083,98.1560059,"66-131"
"115","Cheyenne",-228.59,"Bird City North",1980-03-10,394658101312601,23,0,c(-101.5186407, 39.781083),"1980","287-216",-101.5186407,39.781083,98.1560059,"66-131"
"116","Cheyenne",-226.63,"Bird City North",1980-06-02,394658101312601,23,0,c(-101.5186407, 39.781083),"1980","287-216",-101.5186407,39.781083,98.1560059,"66-131"
"117","Cheyenne",-234.16,"Bird City North",1980-09-08,394658101312601,23,0,c(-101.5186407, 39.781083),"1980","287-216",-101.5186407,39.781083,98.1560059,"66-131"
"118","Rawlins",-190.55,NA,1980-12-16,395224101180301,153,0,c(-101.298741, 39.873049),"1980","215-144",-101.298741,39.873049,107.0087128,"66-131"
"119","Decatur",-136.8,"OBERLIN SW",1980-03-10,395037100391501,39,0,c(-100.6552549, 39.8430425),"1980","143-72",-100.6552549,39.8430425,77.1614685,"66-131"
"120","Decatur",-136.51,"OBERLIN SW",1980-06-02,395037100391501,39,0,c(-100.6552549, 39.8430425),"1980","143-72",-100.6552549,39.8430425,77.1614685,"66-131"
"121","Decatur",-137.21,"OBERLIN SW",1980-12-16,395037100391501,39,0,c(-100.6552549, 39.8430425),"1980","143-72",-100.6552549,39.8430425,77.1614685,"66-131"
"122","Stevens",-266.74,NA,1980-01-16,371858101053601,189,0,c(-101.0935401, 37.3150431),"1980","287-216",-101.0935401,37.3150431,151.1839142,"132-197"
"123","Stevens",-157.47,"Wagon Bed Spring SE",1980-01-16,371621101194001,189,0,c(-101.329035, 37.271774),"1980","215-144",-101.329035,37.271774,352.2572021,"328-393"
"124","Stevens",-271.85,"Moscow SE",1980-01-16,372128101065001,189,0,c(-101.113242, 37.358374),"1980","287-216",-101.113242,37.358374,127.1045837,"66-131"
"125","Stanton",-254.79,NA,1980-01-16,373716101563001,187,0,c(-101.9397071, 37.6230121),"1980","287-216",-101.9397071,37.6230121,32.5326385,"0-65"
"126","McPherson",-34.18,"HALSTEAD NW",1980-01-29,381405097400801,113,0,c(-97.670603, 38.235542),"1980","71-0",-97.670603,38.235542,129.3858948,"66-131"
"127","Ford",-58.43,"BUCKLIN",1980-01-04,373659099404301,57,0,c(-99.6797603, 37.6207433),"1980","71-0",-99.6797603,37.6207433,24.1220703,"0-65"
"128","Ford",-58.8,"BUCKLIN",1980-06-18,373659099404301,57,0,c(-99.6797603, 37.6207433),"1980","71-0",-99.6797603,37.6207433,24.1220703,"0-65"
"129","Kiowa",-21.87,"HAVILAND NE",1980-01-22,374255099033901,97,0,c(-99.063666, 37.713126),"1980","71-0",-99.063666,37.713126,190.3778992,"132-197"
"130","Kiowa",-28.68,"HAVILAND NW",1980-01-22,374111099070401,97,0,c(-99.119252, 37.684475),"1980","71-0",-99.119252,37.684475,123.716423,"66-131"
"131","Edwards",-18.03,"KINSLEY SW",1980-01-21,374954099270701,47,0,c(-99.4554039, 37.8324972),"1980","71-0",-99.4554039,37.8324972,98.4680328,"66-131"
"132","Sherman",-125.51,"Ruleton NE",1980-01-10,392429101454201,181,0,c(-101.762352, 39.408018),"1980","143-72",-101.762352,39.408018,134.418808,"132-197"
"133","Sherman",-193.76,"Ruleton NW",1980-01-10,392744101564801,181,0,c(-101.9481543, 39.461585),"1980","215-144",-101.9481543,39.461585,119.3205261,"66-131"
"134","Sherman",-158.66,NA,1980-01-10,392757101531801,181,0,c(-101.8895512, 39.4663764),"1980","215-144",-101.8895512,39.4663764,131.5758209,"66-131"
"135","Sherman",-158.32,NA,1980-03-11,392757101531801,181,0,c(-101.8895512, 39.4663764),"1980","215-144",-101.8895512,39.4663764,131.5758209,"66-131"
"136","Sherman",-157.89,NA,1980-06-03,392757101531801,181,0,c(-101.8895512, 39.4663764),"1980","215-144",-101.8895512,39.4663764,131.5758209,"66-131"
"137","Wichita",-147.6,NA,1980-01-14,383103101261501,203,0,c(-101.4414355, 38.5166853),"1980","215-144",-101.4414355,38.5166853,32.9371719,"0-65"
"138","Wichita",-140.27,"LEOTI NW",1980-01-14,382845101262301,203,0,c(-101.4422327, 38.4784524),"1980","143-72",-101.4422327,38.4784524,37.3153229,"0-65"
"139","Finney",-91.78,"PLYMELL",1980-01-10,374951100520201,55,0,c(-100.8678242, 37.8314609),"1980","143-72",-100.8678242,37.8314609,317.6270752,"263-328"
"140","Finney",-92.15,"PLYMELL",1980-05-07,374951100520201,55,0,c(-100.8678242, 37.8314609),"1980","143-72",-100.8678242,37.8314609,317.6270752,"263-328"
"141","Finney",-97.62,"PLYMELL",1980-10-03,374951100520201,55,0,c(-100.8678242, 37.8314609),"1980","143-72",-100.8678242,37.8314609,317.6270752,"263-328"
"142","Scott",-86.5,NA,1980-01-14,381557100523301,171,0,c(-100.8746342, 38.2651884),"1980","143-72",-100.8746342,38.2651884,40.7100372,"0-65"
"143","Sheridan",-141.57,NA,1980-01-18,391353100290301,179,0,c(-100.4841165, 39.2309655),"1980","143-72",-100.4841165,39.2309655,52.3971634,"0-65"
"144","Ford",-138,"FORT DODGE SW",1980-07-01,373430099594801,57,0,c(-99.9972912, 37.5752582),"1980","143-72",-99.9972912,37.5752582,74.3558807,"66-131"
"145","Ford",-97.88,"KINGSDOWN",1980-06-16,373602099470101,57,0,c(-99.783926, 37.600701),"1980","143-72",-99.783926,37.600701,80.9661026,"66-131"
"146","Grant",-187.68,NA,1980-01-16,372615101152101,67,0,c(-101.2534896, 37.4348972),"1980","215-144",-101.2534896,37.4348972,162.5900574,"132-197"
"147","Sherman",-137.71,"Brewster NW",1980-01-09,392843101274601,181,0,c(-101.4641392, 39.4786986),"1980","143-72",-101.4641392,39.4786986,105.8801422,"66-131"
"148","Sherman",-137.29,"Brewster NW",1980-03-11,392843101274601,181,0,c(-101.4641392, 39.4786986),"1980","143-72",-101.4641392,39.4786986,105.8801422,"66-131"
"149","Sherman",-138.54,"Brewster NW",1980-09-09,392843101274601,181,0,c(-101.4641392, 39.4786986),"1980","143-72",-101.4641392,39.4786986,105.8801422,"66-131"
"150","Thomas",-145.8,NA,1980-12-23,392256100581901,193,0,c(-100.9713271, 39.3828015),"1980","215-144",-100.9713271,39.3828015,113.4723816,"66-131"
"151","Wallace",-205.89,"Stockholm Cemetery",1980-01-14,384310101541501,199,0,c(-101.9019488, 38.7150999),"1980","215-144",-101.9019488,38.7150999,41.61483,"0-65"
"152","Finney",-45.36,"GARDEN CITY WEST",1980-01-24,375812100591301,55,0,c(-100.9873454, 37.970127),"1980","71-0",-100.9873454,37.970127,249.6504211,"198-262"
"153","Finney",-39.82,"GARDEN CITY WEST",1980-05-05,375812100591301,55,0,c(-100.9873454, 37.970127),"1980","71-0",-100.9873454,37.970127,249.6504211,"198-262"
"154","Wichita",-147.4,NA,1980-01-14,383829101261501,203,0,c(-101.4408057, 38.640175),"1980","215-144",-101.4408057,38.640175,30.8556404,"0-65"
"155","Wichita",-145.08,"Pence SW",1980-01-15,383231101105201,203,0,c(-101.182833, 38.541219),"1980","215-144",-101.182833,38.541219,41.6634789,"0-65"
"156","Scott",-123.85,"Pawnee Mound",1980-01-14,381847100510201,171,0,c(-100.850231, 38.311871),"1980","143-72",-100.850231,38.311871,37.1380234,"0-65"
"157","Graham",-98.79,"HOXIE 1 NE",1980-12-18,392900100050801,65,0,c(-100.083206, 39.4835434),"1980","143-72",-100.083206,39.4835434,138.2185669,"132-197"
"158","Ford",-103,"DODGE CITY",1980-09-11,374822100061801,57,0,c(-100.1060413, 37.8062085),"1980","143-72",-100.1060413,37.8062085,83.2524567,"66-131"
"159","Hamilton",-9.94,"Kendall",1980-01-15,375531101342601,75,0,c(-101.573548, 37.926165),"1980","71-0",-101.573548,37.926165,NA,NA
"160","Logan",-12.45,"W of Russell Springs",1980-01-10,385421101210001,109,0,c(-101.350039, 38.90728),"1980","71-0",-101.350039,38.90728,NA,NA
"161","Ford",-131.1,"ENSIGN SE",1980-06-24,373638100065401,57,0,c(-100.1163936, 37.6134705),"1980","143-72",-100.1163936,37.6134705,94.2182465,"66-131"
"162","Ford",-90.2,"ENSIGN SE",1980-06-19,373633100021701,57,0,c(-100.0381036, 37.6087822),"1980","143-72",-100.0381036,37.6087822,72.6058807,"66-131"
"163","Ford",-93.3,"ENSIGN SE",1980-09-12,373633100021701,57,0,c(-100.0381036, 37.6087822),"1980","143-72",-100.0381036,37.6087822,72.6058807,"66-131"
"164","Edwards",-24,"Belpre NW",1980-01-01,375431099105401,47,0,c(-99.182822, 37.909027),"1980","71-0",-99.182822,37.909027,63.7393036,"0-65"
"165","Edwards",-24.04,"Belpre NW",1980-01-22,375431099105401,47,0,c(-99.182822, 37.909027),"1980","71-0",-99.182822,37.909027,63.7393036,"0-65"
"166","Sherman",-162.89,"Dewey Ranch SW",1980-01-09,393126101292601,181,0,c(-101.4927416, 39.524167),"1980","215-144",-101.4927416,39.524167,108.6697998,"66-131"
"167","Sheridan",-158.11,NA,1980-01-16,392735100282501,179,0,c(-100.4733424, 39.4598597),"1980","215-144",-100.4733424,39.4598597,63.4488831,"0-65"
"168","Sheridan",-161.39,NA,1980-09-11,392735100282501,179,0,c(-100.4733424, 39.4598597),"1980","215-144",-100.4733424,39.4598597,63.4488831,"0-65"
"169","Ford",-107,"ENSIGN",1980-09-12,374333100113101,57,0,c(-100.1924834, 37.7260155),"1980","143-72",-100.1924834,37.7260155,109.2099228,"66-131"
"170","Ford",-134,"ENSIGN",1980-09-12,374229100090301,57,0,c(-100.1513541, 37.7081605),"1980","143-72",-100.1513541,37.7081605,79.7158051,"66-131"
"171","Ford",-125,"ENSIGN",1980-06-30,374227100121201,57,0,c(-100.2026208, 37.7070517),"1980","143-72",-100.2026208,37.7070517,100.3386841,"66-131"
"172","Ford",-127,"ENSIGN",1980-09-12,374227100121201,57,0,c(-100.2026208, 37.7070517),"1980","143-72",-100.2026208,37.7070517,100.3386841,"66-131"
"173","Ford",-164.35,"ENSIGN",1980-01-19,374053100093601,57,0,c(-100.1618761, 37.6853844),"1980","215-144",-100.1618761,37.6853844,73.3419952,"66-131"
"174","Wallace",-186.16,NA,1980-01-14,384841102020401,199,0,c(-102.0349336, 38.8086483),"1980","215-144",-102.0349336,38.8086483,40.5205688,"0-65"
"175","Gray",-86.75,"Montezuma NW",1980-01-14,374417100280401,69,0,c(-100.4666081, 37.7381505),"1980","143-72",-100.4666081,37.7381505,17.6435623,"0-65"
"176","Gray",-86.83,"Montezuma NW",1980-01-17,374417100280401,69,0,c(-100.4666081, 37.7381505),"1980","143-72",-100.4666081,37.7381505,17.6435623,"0-65"
"177","Gray",-86.84,"Montezuma NW",1980-05-06,374417100280401,69,0,c(-100.4666081, 37.7381505),"1980","143-72",-100.4666081,37.7381505,17.6435623,"0-65"
"178","Gray",-87.56,"Montezuma NW",1980-07-08,374417100280401,69,0,c(-100.4666081, 37.7381505),"1980","143-72",-100.4666081,37.7381505,17.6435623,"0-65"
"179","Kearny",-83.46,"LAKIN SE",1980-01-11,374557101215101,93,0,c(-101.3643308, 37.7653699),"1980","143-72",-101.3643308,37.7653699,34.6219521,"0-65"
"180","Wichita",-158.1,NA,1980-01-15,383824101105301,203,0,c(-101.1834645, 38.638509),"1980","215-144",-101.1834645,38.638509,24.7443924,"0-65"
"181","Kearny",-251.84,"LEOTI 3 SE",1980-01-09,380056101200901,93,0,c(-101.334743, 38.0160073),"1980","287-216",-101.334743,38.0160073,38.8848991,"0-65"
"182","Wichita",-105.22,NA,1980-01-14,383624101333001,203,0,c(-101.5598247, 38.6051073),"1980","143-72",-101.5598247,38.6051073,45.7587929,"0-65"
"183","Wichita",-119.93,"Sainte Theresa Chrch",1980-01-14,383406101314401,203,0,c(-101.531743, 38.567315),"1980","143-72",-101.531743,38.567315,37.2418213,"0-65"
"184","Wichita",-126.98,"Sainte Theresa Chrch",1980-10-07,383406101314401,203,0,c(-101.531743, 38.567315),"1980","143-72",-101.531743,38.567315,37.2418213,"0-65"
"185","Ford",-175,"ENSIGN",1980-05-13,373951100084701,57,0,c(-100.1472277, 37.6641492),"1980","215-144",-100.1472277,37.6641492,60.4812012,"0-65"
"186","Ford",-176.7,"ENSIGN",1980-09-12,373951100084701,57,0,c(-100.1472277, 37.6641492),"1980","215-144",-100.1472277,37.6641492,60.4812012,"0-65"
"187","Kiowa",-154.05,"GREENSBURG",1980-01-21,373220099200801,97,0,c(-99.3348669, 37.5387671),"1980","215-144",-99.3348669,37.5387671,59.2785492,"0-65"
"188","Kiowa",-167.02,"Mullinville",1980-01-21,373131099283501,97,0,c(-99.47532, 37.527352),"1980","215-144",-99.47532,37.527352,21.0864773,"0-65"
"189","Thomas",-29.12,"Breton",1980-01-11,392854100473701,193,0,c(-100.793227, 39.481662),"1980","71-0",-100.793227,39.481662,89.2975006,"66-131"
"190","Thomas",-113.95,"Colby",1980-01-08,392448101044301,193,0,c(-101.080134, 39.412613),"1980","143-72",-101.080134,39.412613,108.6615829,"66-131"
"191","Thomas",-109.55,"Colby",1980-12-23,392448101044301,193,0,c(-101.080134, 39.412613),"1980","143-72",-101.080134,39.412613,108.6615829,"66-131"
"192","Wallace",-174.01,"Arapahoe NE",1980-01-14,385314102024201,199,0,c(-102.045607, 38.886157),"1980","215-144",-102.045607,38.886157,51.1483116,"0-65"
"193","Finney",-94.9,"DEERFIELD SE",1980-01-15,375002101020401,55,0,c(-101.034846, 37.833173),"1980","143-72",-101.034846,37.833173,225.4830017,"198-262"
"194","Finney",-103.1,"DEERFIELD SE",1980-10-03,375002101020401,55,0,c(-101.034846, 37.833173),"1980","143-72",-101.034846,37.833173,225.4830017,"198-262"
"195","Hodgeman",-64.21,"Spearville NW",1980-01-16,375636099592101,83,0,c(-99.99129, 37.943439),"1980","71-0",-99.99129,37.943439,10,"0-65"
"196","Gray",-173.02,NA,1980-01-12,372855100335801,69,0,c(-100.565931, 37.482354),"1980","215-144",-100.565931,37.482354,210.9627075,"198-262"
"197","Greeley",-138.25,"Selkirk",1980-01-17,382843101341301,71,0,c(-101.570444, 38.478183),"1980","143-72",-101.570444,38.478183,32.790451,"0-65"
"198","Reno",-29.15,"HALSTEAD NW",1980-01-29,380851097424301,155,0,c(-97.71086, 38.149295),"1980","71-0",-97.71086,38.149295,154.4784546,"132-197"
"199","Riley",-19.84,NA,1980-03-11,390841096380802,161,0,c(-96.6365561, 39.14488),"1980","71-0",-96.6365561,39.14488,NA,NA
"200","Riley",-19.25,NA,1980-06-05,390841096380802,161,0,c(-96.6365561, 39.14488),"1980","71-0",-96.6365561,39.14488,NA,NA
"201","Riley",-21.05,NA,1980-09-11,390841096380802,161,0,c(-96.6365561, 39.14488),"1980","71-0",-96.6365561,39.14488,NA,NA
"202","Riley",-21.4,NA,1980-12-19,390841096380802,161,0,c(-96.6365561, 39.14488),"1980","71-0",-96.6365561,39.14488,NA,NA
"203","Kearny",-89.47,"DEERFIELD",1980-01-11,375454101075401,93,0,c(-101.1375226, 37.9148908),"1980","143-72",-101.1375226,37.9148908,238.0653381,"198-262"
"204","Kearny",-87.88,"DEERFIELD",1980-04-23,375454101075401,93,0,c(-101.1375226, 37.9148908),"1980","143-72",-101.1375226,37.9148908,238.0653381,"198-262"
"205","Kearny",-89.09,"DEERFIELD",1980-07-09,375454101075401,93,0,c(-101.1375226, 37.9148908),"1980","143-72",-101.1375226,37.9148908,238.0653381,"198-262"
"206","Kearny",-93.04,"DEERFIELD",1980-10-03,375454101075401,93,0,c(-101.1375226, 37.9148908),"1980","143-72",-101.1375226,37.9148908,238.0653381,"198-262"
"207","McPherson",-46.58,"MOUNDRIDGE",1980-01-29,381247097350801,113,0,c(-97.585326, 38.212835),"1980","71-0",-97.585326,38.212835,56.1840439,"0-65"
"208","Kiowa",-119.85,"HAVILAND",1980-01-21,373648099051601,97,0,c(-99.092425, 37.612101),"1980","143-72",-99.092425,37.612101,128.4163818,"66-131"
"209","Douglas",-48.3,"LONE STAR",1980-03-05,384501095164901,45,0,c(-95.2803486, 38.751146),"1980","71-0",-95.2803486,38.751146,NA,NA
"210","Douglas",-46.93,"LONE STAR",1980-06-02,384501095164901,45,0,c(-95.2803486, 38.751146),"1980","71-0",-95.2803486,38.751146,NA,NA
"211","Douglas",-47.25,"LONE STAR",1980-09-08,384501095164901,45,0,c(-95.2803486, 38.751146),"1980","71-0",-95.2803486,38.751146,NA,NA
"212","Douglas",-46.67,"LONE STAR",1980-12-16,384501095164901,45,0,c(-95.2803486, 38.751146),"1980","71-0",-95.2803486,38.751146,NA,NA
"213","McPherson",-38.88,"McPherson South",1980-01-29,381504097415701,113,0,c(-97.69955, 38.2515279),"1980","71-0",-97.69955,38.2515279,178.004715,"132-197"
"214","Reno",-6.21,NA,1980-01-30,380136097481601,155,0,c(-97.8037841, 38.0274481),"1980","71-0",-97.8037841,38.0274481,94.5076141,"66-131"
"215","Pratt",-106.65,"Sawyer",1980-01-23,373000098394501,151,0,c(-98.66069, 37.499795),"1980","143-72",-98.66069,37.499795,108.4515991,"66-131"
"216","McPherson",-40.62,"MCPHERSON SOUTH",1980-01-29,381609097400301,113,0,c(-97.6688, 38.271456),"1980","71-0",-97.6688,38.271456,78.7809143,"66-131"
"217","McPherson",-74.69,"MCPHERSON SOUTH",1980-01-28,381951097422301,113,0,c(-97.708127, 38.329563),"1980","143-72",-97.708127,38.329563,65.2700806,"0-65"
"218","McPherson",-73.24,"MCPHERSON SOUTH",1980-02-14,381951097422301,113,0,c(-97.708127, 38.329563),"1980","143-72",-97.708127,38.329563,65.2700806,"0-65"
"219","McPherson",-71.17,"MCPHERSON SOUTH",1980-06-09,381951097422301,113,0,c(-97.708127, 38.329563),"1980","71-0",-97.708127,38.329563,65.2700806,"0-65"
"220","McPherson",-72.89,"MCPHERSON SOUTH",1980-10-01,381951097422301,113,0,c(-97.708127, 38.329563),"1980","143-72",-97.708127,38.329563,65.2700806,"0-65"
"221","McPherson",-47.69,"Conway",1980-01-29,381847097450101,113,0,c(-97.7514099, 38.3133679),"1980","71-0",-97.7514099,38.3133679,63.9568329,"0-65"
"222","McPherson",-50.64,"Conway",1980-10-01,381847097450101,113,0,c(-97.7514099, 38.3133679),"1980","71-0",-97.7514099,38.3133679,63.9568329,"0-65"
"223","Pawnee",-16.09,NA,1980-01-23,380321099052401,145,0,c(-99.089907, 38.0571604),"1980","71-0",-99.089907,38.0571604,99.5875244,"66-131"
"224","Pratt",-22.29,"Byers",1980-01-21,374631098472501,151,0,c(-98.789552, 37.773477),"1980","71-0",-98.789552,37.773477,130.3479614,"66-131"
"225","Barton",-26.51,"PAWNEE ROCK",1980-01-22,382156098531001,9,0,c(-98.8897127, 38.36421),"1980","71-0",-98.8897127,38.36421,23.8457775,"0-65"
"226","McPherson",-9.75,"Canton SW",1980-01-29,381813097253201,113,0,c(-97.426546, 38.303909),"1980","71-0",-97.426546,38.303909,60.6985283,"0-65"
"227","Wichita",-133.06,NA,1980-02-01,383254101295701,203,0,c(-101.5006516, 38.5465942),"1980","143-72",-101.5006516,38.5465942,28.1519203,"0-65"
"228","Pratt",-23.9,NA,1980-01-22,374254098592601,151,0,c(-98.9919267, 37.7144348),"1980","71-0",-98.9919267,37.7144348,162.1965637,"132-197"
"229","Wichita",-148.08,"Carwood Cemetery",1980-01-14,383109101293201,203,0,c(-101.4951608, 38.5174956),"1980","215-144",-101.4951608,38.5174956,37.5145721,"0-65"
"230","Wichita",-155.03,NA,1980-01-14,383016101282601,203,0,c(-101.475521, 38.502837),"1980","215-144",-101.475521,38.502837,55.2957611,"0-65"
"231","Meade",-26.99,NA,1980-01-18,372316100125001,119,0,c(-100.2151785, 37.3918026),"1980","71-0",-100.2151785,37.3918026,183.2086792,"132-197"
"232","Wichita",-139.56,"Selkirk SE",1980-01-16,382118101335801,203,0,c(-101.567145, 38.353967),"1980","143-72",-101.567145,38.353967,52.1073112,"0-65"
"233","Wichita",-105.6,"Leoti NW",1980-01-16,382337101231301,203,0,c(-101.38904, 38.393729),"1980","143-72",-101.38904,38.393729,10,"0-65"
"234","Ford",-46,"ENSIGN SE",1980-09-17,373105100064201,57,0,c(-100.1119638, 37.5181702),"1980","71-0",-100.1119638,37.5181702,137.5457764,"132-197"
"235","Morton",-178.31,"Elkhart North",1980-01-17,370027101565601,129,0,c(-101.9366934, 36.9973312),"1980","215-144",-101.9366934,36.9973312,62.6567421,"0-65"
"236","Seward",-207.11,NA,1980-01-17,372128101035901,175,0,c(-101.067843, 37.357194),"1980","215-144",-101.067843,37.357194,147.1395569,"132-197"
"237","Morton",-110.76,NA,1980-01-16,371531101514501,129,0,c(-101.8646446, 37.2583515),"1980","143-72",-101.8646446,37.2583515,31.1080093,"0-65"
"238","Stafford",-23.78,"Hudson",1980-01-01,380000098415902,185,0,c(-98.701054, 37.999804),"1980","71-0",-98.701054,37.999804,136.5942688,"132-197"
"239","Stafford",-20.34,"Hudson",1980-05-08,380000098415902,185,0,c(-98.701054, 37.999804),"1980","71-0",-98.701054,37.999804,136.5942688,"132-197"
"240","Grant",-226.5,NA,1980-01-17,373339101274901,67,0,c(-101.4636748, 37.5611555),"1980","287-216",-101.4636748,37.5611555,192.4723816,"132-197"
"241","Stanton",-204.78,"RICHFIELD NE",1980-01-18,372556101454002,187,0,c(-101.761947, 37.43234),"1980","215-144",-101.761947,37.43234,10,"0-65"
"242","Stanton",-180.26,"Richfield NW",1980-01-18,372629101551101,187,0,c(-101.9209514, 37.4408687),"1980","215-144",-101.9209514,37.4408687,10,"0-65"
"243","Ford",-88.31,"FORD",1980-05-29,373757099500201,57,0,c(-99.8340976, 37.6323664),"1980","143-72",-99.8340976,37.6323664,98.8699417,"66-131"
"244","Ford",-49.76,"ENSIGN",1980-01-04,374429100104101,57,0,c(-100.1801094, 37.7451452),"1980","71-0",-100.1801094,37.7451452,124.2334518,"66-131"
"245","Wichita",-145.27,NA,1980-01-14,383928101240401,203,0,c(-101.4051299, 38.6559141),"1980","215-144",-101.4051299,38.6559141,23.7351723,"0-65"
"246","Greeley",-130.85,NA,1980-01-16,383339101395901,71,0,c(-101.6680531, 38.5601533),"1980","143-72",-101.6680531,38.5601533,52.7640915,"0-65"
"247","Finney",-110.03,"COPELAND NW",1980-01-11,374426100395001,55,0,c(-100.6640286, 37.7423287),"1980","143-72",-100.6640286,37.7423287,142.4666748,"132-197"
"248","Finney",-92,"PIERCEVILLE SW",1980-01-11,374840100391301,55,0,c(-100.652633, 37.812643),"1980","143-72",-100.652633,37.812643,141.2610474,"132-197"
"249","Stafford",-23.74,"Saint John South",1980-04-10,375228098451901,185,0,c(-98.75169, 37.87967),"1980","71-0",-98.75169,37.87967,117.8438721,"66-131"
"250","Stafford",-23.8,"Saint John South",1980-06-23,375228098451901,185,0,c(-98.75169, 37.87967),"1980","71-0",-98.75169,37.87967,117.8438721,"66-131"
"251","Stafford",-30.32,"Saint John South",1980-09-22,375228098451901,185,0,c(-98.75169, 37.87967),"1980","71-0",-98.75169,37.87967,117.8438721,"66-131"
"252","Haskell",-331.16,NA,1980-01-08,373709100594901,81,0,c(-100.9978465, 37.6194338),"1980","359-288",-100.9978465,37.6194338,175.309433,"132-197"
"253","Thomas",-111.4,"Halford",1980-01-11,392210100502301,193,0,c(-100.836128, 39.369275),"1980","143-72",-100.836128,39.369275,76.4868469,"66-131"
"254","Thomas",-111.75,"Halford",1980-01-11,392013100483101,193,0,c(-100.804927, 39.337725),"1980","143-72",-100.804927,39.337725,73.5360718,"66-131"
"255","Haskell",-256.81,NA,1980-01-09,372405100515601,81,0,c(-100.86584, 37.401994),"1980","287-216",-100.86584,37.401994,217.1811676,"198-262"
"256","Haskell",-252.33,NA,1980-05-06,372405100515601,81,0,c(-100.86584, 37.401994),"1980","287-216",-100.86584,37.401994,217.1811676,"198-262"
"257","Haskell",-253.31,NA,1980-10-09,372405100515601,81,0,c(-100.86584, 37.401994),"1980","287-216",-100.86584,37.401994,217.1811676,"198-262"
"258","Haskell",-224.02,NA,1980-01-09,372827100453801,81,0,c(-100.7606526, 37.4739623),"1980","287-216",-100.7606526,37.4739623,193.6109619,"132-197"
"259","Finney",-97.45,"SCOTT CITY 4 SW",1980-01-08,380613100412601,55,0,c(-100.6901368, 38.1040683),"1980","143-72",-100.6901368,38.1040683,33.7830162,"0-65"
"260","Finney",-108.25,"WHITE WOMAN BOTTOMS",1980-01-09,380715100503701,55,0,c(-100.840635, 38.120092),"1980","143-72",-100.840635,38.120092,36.4985352,"0-65"
"261","Finney",-89.55,"GARDEN CITY W",1980-01-15,375614100562101,55,0,c(-100.939743, 37.937694),"1980","143-72",-100.939743,37.937694,236.4552765,"198-262"
"262","Finney",-97.31,"GARDEN CITY W",1980-04-23,375614100562101,55,0,c(-100.939743, 37.937694),"1980","143-72",-100.939743,37.937694,236.4552765,"198-262"
"263","Finney",-107.67,"GARDEN CITY W",1980-10-03,375614100562101,55,0,c(-100.939743, 37.937694),"1980","143-72",-100.939743,37.937694,236.4552765,"198-262"
"264","Ford",-19,"DODGE CITY SW",1980-09-12,374657100124101,57,0,c(-100.2147906, 37.7823574),"1980","71-0",-100.2147906,37.7823574,161.5354919,"132-197"
"265","Hodgeman",-21.2,NA,1980-01-01,380410099594101,83,0,c(-99.998639, 38.071918),"1980","71-0",-99.998639,38.071918,NA,NA
"266","Wichita",-97.9,"LEOTI NW",1980-01-16,382707101240301,203,0,c(-101.4006901, 38.4515262),"1980","143-72",-101.4006901,38.4515262,16.4765701,"0-65"
"267","Sheridan",-14.88,"Studley",1980-01-17,392123100105401,179,0,c(-100.1834509, 39.3557918),"1980","71-0",-100.1834509,39.3557918,25,"0-65"
"268","Sheridan",-35.79,NA,1980-01-17,392104100133901,179,0,c(-100.2277, 39.34974),"1980","71-0",-100.2277,39.34974,10.7053347,"0-65"
"269","Ford",-96.6,"FORT DODGE",1980-07-09,374104099563201,57,0,c(-99.9429877, 37.6847697),"1980","143-72",-99.9429877,37.6847697,37.5507736,"0-65"
"270","Haskell",-245.88,NA,1980-01-09,372733100474901,81,0,c(-100.7977376, 37.4583048),"1980","287-216",-100.7977376,37.4583048,198.0324097,"198-262"
"271","Greeley",-93.22,NA,1980-01-15,383736101424201,71,0,c(-101.7142914, 38.6245839),"1980","143-72",-101.7142914,38.6245839,35.1083755,"0-65"
"272","Kearny",-125.35,"Wolf SW",1980-01-09,380713101075501,93,0,c(-101.131942, 38.119652),"1980","143-72",-101.131942,38.119652,41.9817429,"0-65"
"273","Finney",-106.83,"GARDEN CITY W",1980-01-15,375654100553201,55,0,c(-100.924542, 37.950144),"1980","143-72",-100.924542,37.950144,226.9909973,"198-262"
"274","Finney",-109.88,"GARDEN CITY W",1980-04-23,375654100553201,55,0,c(-100.924542, 37.950144),"1980","143-72",-100.924542,37.950144,226.9909973,"198-262"
"275","Ford",-65.3,"DODGE CITY",1980-03-06,375041100053501,57,0,c(-100.0927301, 37.8452147),"1980","71-0",-100.0927301,37.8452147,18.5420952,"0-65"
"276","Ford",-75.82,"DODGE CITY SW",1980-01-16,375026100074001,57,0,c(-100.127715, 37.84202),"1980","143-72",-100.127715,37.84202,45.9712486,"0-65"
"277","Ford",-75.5,"DODGE CITY SW",1980-07-02,375026100074001,57,0,c(-100.127715, 37.84202),"1980","143-72",-100.127715,37.84202,45.9712486,"0-65"
"278","Ford",-77.4,"DODGE CITY SW",1980-09-11,375026100074001,57,0,c(-100.127715, 37.84202),"1980","143-72",-100.127715,37.84202,45.9712486,"0-65"
"279","Wallace",-241.01,NA,1980-01-14,384206101562901,199,0,c(-101.9416754, 38.6987588),"1980","287-216",-101.9416754,38.6987588,35.0255318,"0-65"
"280","Sheridan",-100.6,"Grinnell NE",1980-01-17,391204100364101,179,0,c(-100.610021, 39.201057),"1980","143-72",-100.610021,39.201057,68.9981461,"66-131"
"281","Wichita",-112.6,"Beulah Cemetery",1980-01-14,384054101204801,203,0,c(-101.347639, 38.679285),"1980","143-72",-101.347639,38.679285,23.6259613,"0-65"
"282","Scott",-59.78,NA,1980-01-14,382711100553101,171,0,c(-100.9275259, 38.4529691),"1980","71-0",-100.9275259,38.4529691,91.444046,"66-131"
"283","Ford",-184.12,NA,1980-01-04,375011099475601,57,0,c(-99.8001021, 37.8357701),"1980","215-144",-99.8001021,37.8357701,10,"0-65"
"284","Ford",-165.23,NA,1980-01-04,374959099521201,57,0,c(-99.8719896, 37.8331987),"1980","215-144",-99.8719896,37.8331987,10,"0-65"
"285","Ford",-19.9,"FORT DODGE",1980-10-07,374239099551501,57,0,c(-99.9210393, 37.7112109),"1980","71-0",-99.9210393,37.7112109,83.8881073,"66-131"
"286","Hodgeman",-33.75,NA,1980-01-10,380510099475401,83,0,c(-99.798316, 38.08673),"1980","71-0",-99.798316,38.08673,25,"0-65"
"287","Hodgeman",-27.7,"Hanston",1980-01-01,380423099432001,83,0,c(-99.722753, 38.073127),"1980","71-0",-99.722753,38.073127,25,"0-65"
"288","Pottawatomie",-20.1,NA,1980-03-11,391134096171301,149,0,c(-96.285903, 39.1925163),"1980","71-0",-96.285903,39.1925163,NA,NA
"289","Pottawatomie",-18.64,NA,1980-06-05,391134096171301,149,0,c(-96.285903, 39.1925163),"1980","71-0",-96.285903,39.1925163,NA,NA
"290","Pottawatomie",-21.4,NA,1980-09-11,391134096171301,149,0,c(-96.285903, 39.1925163),"1980","71-0",-96.285903,39.1925163,NA,NA
"291","Pottawatomie",-22.38,NA,1980-12-09,391134096171301,149,0,c(-96.285903, 39.1925163),"1980","71-0",-96.285903,39.1925163,NA,NA
"292","Reno",-6.4,NA,1980-01-30,375737097431801,155,0,c(-97.7237765, 37.9607025),"1980","71-0",-97.7237765,37.9607025,235.7086182,"198-262"
"293","Sedgwick",-78,NA,1980-01-01,375441097303101,173,0,c(-97.5104258, 37.9120487),"1980","143-72",-97.5104258,37.9120487,175.9151154,"132-197"
"294","Sedgwick",-25.62,NA,1980-04-01,375441097303101,173,0,c(-97.5104258, 37.9120487),"1980","71-0",-97.5104258,37.9120487,175.9151154,"132-197"
"295","Sedgwick",-22.46,NA,1980-05-01,375441097303101,173,0,c(-97.5104258, 37.9120487),"1980","71-0",-97.5104258,37.9120487,175.9151154,"132-197"
"296","Sedgwick",-22.04,NA,1980-08-01,375441097303101,173,0,c(-97.5104258, 37.9120487),"1980","71-0",-97.5104258,37.9120487,175.9151154,"132-197"
"297","Sedgwick",-23.46,NA,1980-09-01,375441097303101,173,0,c(-97.5104258, 37.9120487),"1980","71-0",-97.5104258,37.9120487,175.9151154,"132-197"
"298","Sedgwick",-25.36,NA,1980-10-01,375441097303101,173,0,c(-97.5104258, 37.9120487),"1980","71-0",-97.5104258,37.9120487,175.9151154,"132-197"
"299","Sedgwick",-25.36,NA,1980-12-01,375441097303101,173,0,c(-97.5104258, 37.9120487),"1980","71-0",-97.5104258,37.9120487,175.9151154,"132-197"
"300","Pottawatomie",-28.7,NA,1980-03-11,391246096113501,149,0,c(-96.1941712, 39.2114556),"1980","71-0",-96.1941712,39.2114556,NA,NA
"301","Pottawatomie",-27.57,NA,1980-06-06,391246096113501,149,0,c(-96.1941712, 39.2114556),"1980","71-0",-96.1941712,39.2114556,NA,NA
"302","Pottawatomie",-30.34,NA,1980-09-11,391246096113501,149,0,c(-96.1941712, 39.2114556),"1980","71-0",-96.1941712,39.2114556,NA,NA
"303","Pottawatomie",-30.94,NA,1980-12-09,391246096113501,149,0,c(-96.1941712, 39.2114556),"1980","71-0",-96.1941712,39.2114556,NA,NA
"304","Barton",-19.6,"Great Bend",1980-01-01,381827098485101,9,0,c(-98.815933, 38.308103),"1980","71-0",-98.815933,38.308103,134.4777985,"132-197"
"305","Barton",-19.57,"Great Bend",1980-01-22,381827098485101,9,0,c(-98.815933, 38.308103),"1980","71-0",-98.815933,38.308103,134.4777985,"132-197"
"306","Harvey",-10.48,NA,1980-01-01,375652097364001,79,0,c(-97.6108222, 37.9483406),"1980","71-0",-97.6108222,37.9483406,184.2593079,"132-197"
"307","Harvey",-12.28,NA,1980-03-01,375652097364001,79,0,c(-97.6108222, 37.9483406),"1980","71-0",-97.6108222,37.9483406,184.2593079,"132-197"
"308","Harvey",-12.35,NA,1980-04-01,375652097364001,79,0,c(-97.6108222, 37.9483406),"1980","71-0",-97.6108222,37.9483406,184.2593079,"132-197"
"309","Harvey",-77.78,NA,1980-05-01,375652097364001,79,0,c(-97.6108222, 37.9483406),"1980","143-72",-97.6108222,37.9483406,184.2593079,"132-197"
"310","Harvey",-15.03,NA,1980-08-01,375652097364001,79,0,c(-97.6108222, 37.9483406),"1980","71-0",-97.6108222,37.9483406,184.2593079,"132-197"
"311","Harvey",-75.36,NA,1980-09-01,375652097364001,79,0,c(-97.6108222, 37.9483406),"1980","143-72",-97.6108222,37.9483406,184.2593079,"132-197"
"312","Harvey",-16.12,NA,1980-10-01,375652097364001,79,0,c(-97.6108222, 37.9483406),"1980","71-0",-97.6108222,37.9483406,184.2593079,"132-197"
"313","Harvey",-16.98,NA,1980-11-01,375652097364001,79,0,c(-97.6108222, 37.9483406),"1980","71-0",-97.6108222,37.9483406,184.2593079,"132-197"
"314","Harvey",-18.69,NA,1980-12-01,375652097364001,79,0,c(-97.6108222, 37.9483406),"1980","71-0",-97.6108222,37.9483406,184.2593079,"132-197"
"315","Reno",-6.82,"Castleton",1980-01-23,374732097554401,155,0,c(-97.929267, 37.791294),"1980","71-0",-97.929267,37.791294,NA,NA
"316","Stafford",-11.63,"Saint John North",1980-01-23,380108098480501,185,0,c(-98.800751, 38.019132),"1980","71-0",-98.800751,38.019132,91.2870407,"66-131"
"317","McPherson",-11.1,"HESSTON",1980-01-31,381102097291201,113,0,c(-97.486034, 38.184622),"1980","71-0",-97.486034,38.184622,25.9598637,"0-65"
"318","Sheridan",-12.72,NA,1980-01-17,390946100351602,179,0,c(-100.5901593, 39.1630552),"1980","71-0",-100.5901593,39.1630552,55.1027145,"0-65"
"319","Sheridan",-104.29,"Midway Draw West",1980-01-18,391229100275701,179,0,c(-100.4646149, 39.208294),"1980","143-72",-100.4646149,39.208294,43.6432571,"0-65"
"320","Sheridan",-27.06,NA,1980-01-18,390913100274901,179,0,c(-100.461617, 39.154637),"1980","71-0",-100.461617,39.154637,48.9679527,"0-65"
"321","Stafford",-20.43,NA,1980-01-23,375836098474801,185,0,c(-98.7969465, 37.9789264),"1980","71-0",-98.7969465,37.9789264,102.7475052,"66-131"
"322","Stafford",-18.56,"Saint John South",1980-01-23,375750098451101,185,0,c(-98.751718, 37.966716),"1980","71-0",-98.751718,37.966716,114.094841,"66-131"
"323","Wichita",-131.42,NA,1980-01-14,383321101240401,203,0,c(-101.4052383, 38.5543558),"1980","143-72",-101.4052383,38.5543558,30.3366184,"0-65"
"324","Harvey",-13.93,"HALSTEAD NW",1980-01-01,380746097410601,79,0,c(-97.684567, 38.12991),"1980","71-0",-97.684567,38.12991,174.1125793,"132-197"
"325","Harvey",-11.82,"HALSTEAD NW",1980-06-27,380746097410601,79,0,c(-97.684567, 38.12991),"1980","71-0",-97.684567,38.12991,174.1125793,"132-197"
"326","Harvey",-16.17,"HALSTEAD NW",1980-10-07,380746097410601,79,0,c(-97.684567, 38.12991),"1980","71-0",-97.684567,38.12991,174.1125793,"132-197"
"327","Harvey",-9.07,"BURRTON",1980-06-26,380720097400001,79,0,c(-97.665822, 38.12307),"1980","71-0",-97.665822,38.12307,169.944458,"132-197"
"328","Harvey",-14.22,"BURRTON",1980-10-07,380720097400001,79,0,c(-97.665822, 38.12307),"1980","71-0",-97.665822,38.12307,169.944458,"132-197"
"329","Harvey",-33.27,"HALSTEAD NW",1980-06-26,380905097395102,79,0,c(-97.664752, 38.151379),"1980","71-0",-97.664752,38.151379,163.0061035,"132-197"
"330","Harvey",-38.31,"HALSTEAD NW",1980-10-17,380905097395102,79,0,c(-97.664752, 38.151379),"1980","71-0",-97.664752,38.151379,163.0061035,"132-197"
"331","Harvey",-25.03,"HALSTEAD NW",1980-06-26,380812097400001,79,0,c(-97.666721, 38.13663),"1980","71-0",-97.666721,38.13663,167.7371521,"132-197"
"332","Harvey",-29.14,"HALSTEAD NW",1980-10-20,380812097400001,79,0,c(-97.666721, 38.13663),"1980","71-0",-97.666721,38.13663,167.7371521,"132-197"
"333","Ford",-59.69,NA,1980-01-04,374632099381801,57,0,c(-99.6408669, 37.7824255),"1980","71-0",-99.6408669,37.7824255,26.8758469,"0-65"
"334","Ford",-57,NA,1980-04-01,374632099381801,57,0,c(-99.6408669, 37.7824255),"1980","71-0",-99.6408669,37.7824255,26.8758469,"0-65"
"335","Ford",-57.47,NA,1980-06-24,374632099381801,57,0,c(-99.6408669, 37.7824255),"1980","71-0",-99.6408669,37.7824255,26.8758469,"0-65"
"336","Ford",-66.4,NA,1980-09-22,374632099381801,57,0,c(-99.6408669, 37.7824255),"1980","71-0",-99.6408669,37.7824255,26.8758469,"0-65"
"337","Hodgeman",-71.44,"Hrse Thief Cnyn SW",1980-01-16,380005100130401,83,0,c(-100.2187163, 38.001159),"1980","71-0",-100.2187163,38.001159,51.6060028,"0-65"
"338","Scott",-97.52,"Lake Scott SW",1980-01-14,383046100594901,171,0,c(-100.999029, 38.511569),"1980","143-72",-100.999029,38.511569,39.2529297,"0-65"
"339","Scott",-97.5,"Lake Scott SW",1980-04-21,383046100594901,171,0,c(-100.999029, 38.511569),"1980","143-72",-100.999029,38.511569,39.2529297,"0-65"
"340","Scott",-120.8,"Lake Scott NE",1980-01-15,383928100453301,171,0,c(-100.762283, 38.658817),"1980","143-72",-100.762283,38.658817,5.6443348,"0-65"
"341","Decatur",-30.39,"OBERLIN",1980-03-10,394846100314901,39,0,c(-100.529723, 39.813445),"1980","71-0",-100.529723,39.813445,33.9015579,"0-65"
"342","Decatur",-30.31,"OBERLIN",1980-06-02,394846100314901,39,0,c(-100.529723, 39.813445),"1980","71-0",-100.529723,39.813445,33.9015579,"0-65"
"343","Decatur",-32.35,"OBERLIN",1980-09-08,394846100314901,39,0,c(-100.529723, 39.813445),"1980","71-0",-100.529723,39.813445,33.9015579,"0-65"
"344","Decatur",-31.8,"OBERLIN",1980-12-15,394846100314901,39,0,c(-100.529723, 39.813445),"1980","71-0",-100.529723,39.813445,33.9015579,"0-65"
"345","Wichita",-105.44,NA,1980-01-16,382707101211901,203,0,c(-101.3569105, 38.4514801),"1980","143-72",-101.3569105,38.4514801,21.3253269,"0-65"
"346","Rawlins",-130.75,"Long Draw South",1980-12-17,393644100525501,153,0,c(-100.88183, 39.611573),"1980","143-72",-100.88183,39.611573,55.5232086,"0-65"
"347","Hodgeman",-44.07,NA,1980-01-10,381016099360701,83,0,c(-99.606378, 38.172895),"1980","71-0",-99.606378,38.172895,0.4419981,"0-65"
"348","Harvey",-24,NA,1980-01-01,375447097295901,79,0,c(-97.5010949, 37.9128386),"1980","71-0",-97.5010949,37.9128386,173.1341248,"132-197"
"349","Harvey",-22.5,NA,1980-03-01,375447097295901,79,0,c(-97.5010949, 37.9128386),"1980","71-0",-97.5010949,37.9128386,173.1341248,"132-197"
"350","Harvey",-23.45,NA,1980-04-01,375447097295901,79,0,c(-97.5010949, 37.9128386),"1980","71-0",-97.5010949,37.9128386,173.1341248,"132-197"
"351","Harvey",-21.66,NA,1980-05-01,375447097295901,79,0,c(-97.5010949, 37.9128386),"1980","71-0",-97.5010949,37.9128386,173.1341248,"132-197"
"352","Harvey",-21.56,NA,1980-08-01,375447097295901,79,0,c(-97.5010949, 37.9128386),"1980","71-0",-97.5010949,37.9128386,173.1341248,"132-197"
"353","Harvey",-24.8,NA,1980-09-01,375447097295901,79,0,c(-97.5010949, 37.9128386),"1980","71-0",-97.5010949,37.9128386,173.1341248,"132-197"
"354","Harvey",-25.39,NA,1980-10-01,375447097295901,79,0,c(-97.5010949, 37.9128386),"1980","71-0",-97.5010949,37.9128386,173.1341248,"132-197"
"355","Harvey",-64.21,NA,1980-12-01,375447097295901,79,0,c(-97.5010949, 37.9128386),"1980","71-0",-97.5010949,37.9128386,173.1341248,"132-197"
"356","Thomas",-171.27,"Colby SE",1980-01-08,392027101051901,193,0,c(-101.087933, 39.339884),"1980","215-144",-101.087933,39.339884,30.8371925,"0-65"
"357","Thomas",-174.33,"Colby SE",1980-12-22,392027101051901,193,0,c(-101.087933, 39.339884),"1980","215-144",-101.087933,39.339884,30.8371925,"0-65"
"358","Finney",-130.94,"LOWE",1980-01-15,380109100570201,55,0,c(-100.951742, 38.018244),"1980","143-72",-100.951742,38.018244,217.0845642,"198-262"
"359","Finney",-126.83,"LOWE",1980-05-05,380109100570201,55,0,c(-100.951742, 38.018244),"1980","143-72",-100.951742,38.018244,217.0845642,"198-262"
"360","Finney",-150.93,"LOWE",1980-07-22,380109100570201,55,0,c(-100.951742, 38.018244),"1980","215-144",-100.951742,38.018244,217.0845642,"198-262"
"361","Finney",-166.75,"LOWE",1980-10-15,380109100570201,55,0,c(-100.951742, 38.018244),"1980","215-144",-100.951742,38.018244,217.0845642,"198-262"
"362","Stevens",-124.23,NA,1980-01-16,370607101213201,189,0,c(-101.361537, 37.101736),"1980","143-72",-101.361537,37.101736,372.1901245,"328-393"
"363","Finney",-101.94,"SCOTT CITY 4 SW",1980-01-09,380435100422401,55,0,c(-100.705431, 38.076291),"1980","143-72",-100.705431,38.076291,50.9045372,"0-65"
"364","Stevens",-144.13,NA,1980-01-17,370533101101801,189,0,c(-101.1723722, 37.0931146),"1980","215-144",-101.1723722,37.0931146,388.6019287,"328-393"
"365","Stevens",-143.83,NA,1980-04-08,370533101101801,189,0,c(-101.1723722, 37.0931146),"1980","143-72",-101.1723722,37.0931146,388.6019287,"328-393"
"366","Morton",-180.49,"Shore Airport SW",1980-01-17,371945101412701,129,0,c(-101.690933, 37.329295),"1980","215-144",-101.690933,37.329295,27.3954506,"0-65"
"367","Morton",-180.93,"Shore Airport SW",1980-04-08,371945101412701,129,0,c(-101.690933, 37.329295),"1980","215-144",-101.690933,37.329295,27.3954506,"0-65"
"368","Morton",-186.29,"Shore Airport SW",1980-08-05,371945101412701,129,0,c(-101.690933, 37.329295),"1980","215-144",-101.690933,37.329295,27.3954506,"0-65"
"369","Morton",-182.94,"Shore Airport SW",1980-10-13,371945101412701,129,0,c(-101.690933, 37.329295),"1980","215-144",-101.690933,37.329295,27.3954506,"0-65"
"370","Morton",-175.98,NA,1980-01-17,370224101394601,129,0,c(-101.6630056, 37.0390473),"1980","215-144",-101.6630056,37.0390473,198.60849,"198-262"
"371","Morton",-175.13,NA,1980-04-08,370224101394601,129,0,c(-101.6630056, 37.0390473),"1980","215-144",-101.6630056,37.0390473,198.60849,"198-262"
"372","Morton",-190.86,NA,1980-08-05,370224101394601,129,0,c(-101.6630056, 37.0390473),"1980","215-144",-101.6630056,37.0390473,198.60849,"198-262"
"373","Morton",-193.36,NA,1980-10-13,370224101394601,129,0,c(-101.6630056, 37.0390473),"1980","215-144",-101.6630056,37.0390473,198.60849,"198-262"
"374","Sheridan",-154.17,"Hoxie NW",1980-01-15,392610100270101,179,0,c(-100.449119, 39.437204),"1980","215-144",-100.449119,39.437204,63.4524498,"0-65"
"375","Finney",-35.86,"Garden City West",1980-01-05,375832100571002,55,0,c(-100.954173, 37.974524),"1980","71-0",-100.954173,37.974524,250.3898163,"198-262"
"376","Finney",-35.87,"Garden City West",1980-01-10,375832100571002,55,0,c(-100.954173, 37.974524),"1980","71-0",-100.954173,37.974524,250.3898163,"198-262"
"377","Finney",-35.87,"Garden City West",1980-01-15,375832100571002,55,0,c(-100.954173, 37.974524),"1980","71-0",-100.954173,37.974524,250.3898163,"198-262"
"378","Finney",-35.87,"Garden City West",1980-01-20,375832100571002,55,0,c(-100.954173, 37.974524),"1980","71-0",-100.954173,37.974524,250.3898163,"198-262"
"379","Finney",-35.88,"Garden City West",1980-01-25,375832100571002,55,0,c(-100.954173, 37.974524),"1980","71-0",-100.954173,37.974524,250.3898163,"198-262"
"380","Finney",-35.9,"Garden City West",1980-01-31,375832100571002,55,0,c(-100.954173, 37.974524),"1980","71-0",-100.954173,37.974524,250.3898163,"198-262"
"381","Finney",-35.9,"Garden City West",1980-02-05,375832100571002,55,0,c(-100.954173, 37.974524),"1980","71-0",-100.954173,37.974524,250.3898163,"198-262"
"382","Finney",-35.88,"Garden City West",1980-02-06,375832100571002,55,0,c(-100.954173, 37.974524),"1980","71-0",-100.954173,37.974524,250.3898163,"198-262"
"383","Finney",-35.93,"Garden City West",1980-02-10,375832100571002,55,0,c(-100.954173, 37.974524),"1980","71-0",-100.954173,37.974524,250.3898163,"198-262"
"384","Finney",-35.93,"Garden City West",1980-02-15,375832100571002,55,0,c(-100.954173, 37.974524),"1980","71-0",-100.954173,37.974524,250.3898163,"198-262"
"385","Finney",-35.93,"Garden City West",1980-02-20,375832100571002,55,0,c(-100.954173, 37.974524),"1980","71-0",-100.954173,37.974524,250.3898163,"198-262"
"386","Finney",-35.93,"Garden City West",1980-02-25,375832100571002,55,0,c(-100.954173, 37.974524),"1980","71-0",-100.954173,37.974524,250.3898163,"198-262"
"387","Finney",-35.93,"Garden City West",1980-03-05,375832100571002,55,0,c(-100.954173, 37.974524),"1980","71-0",-100.954173,37.974524,250.3898163,"198-262"
"388","Finney",-35.93,"Garden City West",1980-03-10,375832100571002,55,0,c(-100.954173, 37.974524),"1980","71-0",-100.954173,37.974524,250.3898163,"198-262"
"389","Finney",-35.93,"Garden City West",1980-03-15,375832100571002,55,0,c(-100.954173, 37.974524),"1980","71-0",-100.954173,37.974524,250.3898163,"198-262"
"390","Finney",-35.93,"Garden City West",1980-03-20,375832100571002,55,0,c(-100.954173, 37.974524),"1980","71-0",-100.954173,37.974524,250.3898163,"198-262"
"391","Finney",-35.71,"Garden City West",1980-05-05,375832100571002,55,0,c(-100.954173, 37.974524),"1980","71-0",-100.954173,37.974524,250.3898163,"198-262"
"392","Finney",-35.69,"Garden City West",1980-05-10,375832100571002,55,0,c(-100.954173, 37.974524),"1980","71-0",-100.954173,37.974524,250.3898163,"198-262"
"393","Finney",-35.63,"Garden City West",1980-05-15,375832100571002,55,0,c(-100.954173, 37.974524),"1980","71-0",-100.954173,37.974524,250.3898163,"198-262"
"394","Finney",-35.61,"Garden City West",1980-05-20,375832100571002,55,0,c(-100.954173, 37.974524),"1980","71-0",-100.954173,37.974524,250.3898163,"198-262"
"395","Finney",-35.57,"Garden City West",1980-05-25,375832100571002,55,0,c(-100.954173, 37.974524),"1980","71-0",-100.954173,37.974524,250.3898163,"198-262"
"396","Finney",-35.5,"Garden City West",1980-05-30,375832100571002,55,0,c(-100.954173, 37.974524),"1980","71-0",-100.954173,37.974524,250.3898163,"198-262"
"397","Finney",-35.45,"Garden City West",1980-06-05,375832100571002,55,0,c(-100.954173, 37.974524),"1980","71-0",-100.954173,37.974524,250.3898163,"198-262"
"398","Finney",-35.4,"Garden City West",1980-06-10,375832100571002,55,0,c(-100.954173, 37.974524),"1980","71-0",-100.954173,37.974524,250.3898163,"198-262"
"399","Finney",-35.35,"Garden City West",1980-06-15,375832100571002,55,0,c(-100.954173, 37.974524),"1980","71-0",-100.954173,37.974524,250.3898163,"198-262"
"400","Finney",-35.32,"Garden City West",1980-06-20,375832100571002,55,0,c(-100.954173, 37.974524),"1980","71-0",-100.954173,37.974524,250.3898163,"198-262"
"401","Finney",-35.32,"Garden City West",1980-06-25,375832100571002,55,0,c(-100.954173, 37.974524),"1980","71-0",-100.954173,37.974524,250.3898163,"198-262"
"402","Finney",-35.35,"Garden City West",1980-06-30,375832100571002,55,0,c(-100.954173, 37.974524),"1980","71-0",-100.954173,37.974524,250.3898163,"198-262"
"403","Finney",-35.41,"Garden City West",1980-07-05,375832100571002,55,0,c(-100.954173, 37.974524),"1980","71-0",-100.954173,37.974524,250.3898163,"198-262"
"404","Finney",-35.51,"Garden City West",1980-07-10,375832100571002,55,0,c(-100.954173, 37.974524),"1980","71-0",-100.954173,37.974524,250.3898163,"198-262"
"405","Finney",-35.51,"Garden City West",1980-07-15,375832100571002,55,0,c(-100.954173, 37.974524),"1980","71-0",-100.954173,37.974524,250.3898163,"198-262"
"406","Finney",-35.61,"Garden City West",1980-07-20,375832100571002,55,0,c(-100.954173, 37.974524),"1980","71-0",-100.954173,37.974524,250.3898163,"198-262"
"407","Finney",-35.65,"Garden City West",1980-07-24,375832100571002,55,0,c(-100.954173, 37.974524),"1980","71-0",-100.954173,37.974524,250.3898163,"198-262"
"408","Finney",-35.69,"Garden City West",1980-07-25,375832100571002,55,0,c(-100.954173, 37.974524),"1980","71-0",-100.954173,37.974524,250.3898163,"198-262"
"409","Finney",-35.76,"Garden City West",1980-07-31,375832100571002,55,0,c(-100.954173, 37.974524),"1980","71-0",-100.954173,37.974524,250.3898163,"198-262"
"410","Finney",-35.83,"Garden City West",1980-08-05,375832100571002,55,0,c(-100.954173, 37.974524),"1980","71-0",-100.954173,37.974524,250.3898163,"198-262"
"411","Finney",-35.89,"Garden City West",1980-08-10,375832100571002,55,0,c(-100.954173, 37.974524),"1980","71-0",-100.954173,37.974524,250.3898163,"198-262"
"412","Finney",-35.93,"Garden City West",1980-08-15,375832100571002,55,0,c(-100.954173, 37.974524),"1980","71-0",-100.954173,37.974524,250.3898163,"198-262"
"413","Finney",-35.97,"Garden City West",1980-08-20,375832100571002,55,0,c(-100.954173, 37.974524),"1980","71-0",-100.954173,37.974524,250.3898163,"198-262"
"414","Finney",-36.01,"Garden City West",1980-08-25,375832100571002,55,0,c(-100.954173, 37.974524),"1980","71-0",-100.954173,37.974524,250.3898163,"198-262"
"415","Finney",-36.07,"Garden City West",1980-08-31,375832100571002,55,0,c(-100.954173, 37.974524),"1980","71-0",-100.954173,37.974524,250.3898163,"198-262"
"416","Finney",-36.1,"Garden City West",1980-09-05,375832100571002,55,0,c(-100.954173, 37.974524),"1980","71-0",-100.954173,37.974524,250.3898163,"198-262"
"417","Finney",-36.12,"Garden City West",1980-09-10,375832100571002,55,0,c(-100.954173, 37.974524),"1980","71-0",-100.954173,37.974524,250.3898163,"198-262"
"418","Finney",-36.15,"Garden City West",1980-09-15,375832100571002,55,0,c(-100.954173, 37.974524),"1980","71-0",-100.954173,37.974524,250.3898163,"198-262"
"419","Finney",-36.19,"Garden City West",1980-09-20,375832100571002,55,0,c(-100.954173, 37.974524),"1980","71-0",-100.954173,37.974524,250.3898163,"198-262"
"420","Finney",-36.22,"Garden City West",1980-09-25,375832100571002,55,0,c(-100.954173, 37.974524),"1980","71-0",-100.954173,37.974524,250.3898163,"198-262"
"421","Finney",-36.24,"Garden City West",1980-09-30,375832100571002,55,0,c(-100.954173, 37.974524),"1980","71-0",-100.954173,37.974524,250.3898163,"198-262"
"422","Finney",-36.24,"Garden City West",1980-10-01,375832100571002,55,0,c(-100.954173, 37.974524),"1980","71-0",-100.954173,37.974524,250.3898163,"198-262"
"423","Finney",-36.31,"Garden City West",1980-10-15,375832100571002,55,0,c(-100.954173, 37.974524),"1980","71-0",-100.954173,37.974524,250.3898163,"198-262"
"424","Finney",-36.35,"Garden City West",1980-11-01,375832100571002,55,0,c(-100.954173, 37.974524),"1980","71-0",-100.954173,37.974524,250.3898163,"198-262"
"425","Finney",-36.3,"Garden City West",1980-12-01,375832100571002,55,0,c(-100.954173, 37.974524),"1980","71-0",-100.954173,37.974524,250.3898163,"198-262"
"426","Wallace",-175.03,NA,1980-01-15,384809101544401,199,0,c(-101.912477, 38.7999822),"1980","215-144",-101.912477,38.7999822,36.1440163,"0-65"
"427","Wichita",-153.62,NA,1980-01-15,383348101162301,203,0,c(-101.274956, 38.562538),"1980","215-144",-101.274956,38.562538,38.8552628,"0-65"
"428","Scott",-163.81,NA,1980-01-14,384021101005901,171,0,c(-101.0178703, 38.6711253),"1980","215-144",-101.0178703,38.6711253,16.475956,"0-65"
"429","Scott",-162.87,NA,1980-01-14,383856101005901,171,0,c(-101.017771, 38.6485583),"1980","215-144",-101.017771,38.6485583,27.1815643,"0-65"
"430","Scott",-164.02,NA,1980-04-21,383856101005901,171,0,c(-101.017771, 38.6485583),"1980","215-144",-101.017771,38.6485583,27.1815643,"0-65"
"431","Harvey",-27.39,"HALSTEAD NW",1980-01-29,380838097400501,79,0,c(-97.668975, 38.143273),"1980","71-0",-97.668975,38.143273,167.250824,"132-197"
"432","Wallace",-165.6,NA,1980-01-31,384854101470601,199,0,c(-101.7850271, 38.8134194),"1980","215-144",-101.7850271,38.8134194,44.7609558,"0-65"
"433","Greeley",-142.38,NA,1980-01-15,383128101465101,71,0,c(-101.7816178, 38.523514),"1980","143-72",-101.7816178,38.523514,33.5804367,"0-65"
"434","Wichita",-104.28,"Coronado Cemetery",1980-01-14,383414101212801,203,0,c(-101.359038, 38.569467),"1980","143-72",-101.359038,38.569467,39.1008339,"0-65"
"435","Sheridan",-142.67,NA,1980-01-15,392610100293601,179,0,c(-100.4925199, 39.4363065),"1980","143-72",-100.4925199,39.4363065,60.4029579,"0-65"
"436","Scott",-147.53,NA,1980-01-14,383711101005801,171,0,c(-101.0177033, 38.6187877),"1980","215-144",-101.0177033,38.6187877,33.390522,"0-65"
"437","Scott",-150.61,"Lake Scott",1980-01-15,383738100582001,171,0,c(-100.972128, 38.626947),"1980","215-144",-100.972128,38.626947,27.7671776,"0-65"
"438","Scott",-164.57,"PENCE",1980-01-14,384001101020501,171,0,c(-101.0366682, 38.6664625),"1980","215-144",-101.0366682,38.6664625,16.7746811,"0-65"
"439","Lane",-75,NA,1980-01-15,383228100313601,101,0,c(-100.5288175, 38.5404845),"1980","143-72",-100.5288175,38.5404845,44.6184769,"0-65"
"440","Ford",-185.2,NA,1980-01-04,374653099485601,57,0,c(-99.8166376, 37.7874258),"1980","215-144",-99.8166376,37.7874258,27.2859135,"0-65"
"441","Sherman",-97.91,"Horsethief Draw NW",1980-01-08,391032101574801,181,0,c(-101.964256, 39.176582),"1980","143-72",-101.964256,39.176582,71.294754,"66-131"
"442","Greeley",-145.82,NA,1980-01-15,383915101492501,71,0,c(-101.8244623, 38.6518595),"1980","215-144",-101.8244623,38.6518595,35.6367111,"0-65"
"443","Finney",-104.68,"Wolf",1980-01-24,380010101040601,55,0,c(-101.072346, 38.0023674),"1980","143-72",-101.072346,38.0023674,281.8382874,"263-328"
"444","Lane",-98.51,"Manning",1980-01-14,383407100400201,101,0,c(-100.668922, 38.569526),"1980","143-72",-100.668922,38.569526,58.4020157,"0-65"
"445","Ford",-164,"ENSIGN SE",1980-03-05,373202100012001,57,0,c(-100.0224105, 37.53387),"1980","215-144",-100.0224105,37.53387,29.2197514,"0-65"
"446","Ford",-21.98,"MINNEOLA",1980-01-16,372906100072001,57,0,c(-100.12369, 37.488031),"1980","71-0",-100.12369,37.488031,145.0405884,"132-197"
"447","Ford",-21.2,"MINNEOLA",1980-06-04,372906100072001,57,0,c(-100.12369, 37.488031),"1980","71-0",-100.12369,37.488031,145.0405884,"132-197"
"448","Ford",-28.7,"MINNEOLA",1980-09-17,372906100072001,57,0,c(-100.12369, 37.488031),"1980","71-0",-100.12369,37.488031,145.0405884,"132-197"
"449","Ford",-71.3,"ENSIGN SW",1980-03-05,373132100082501,57,0,c(-100.1413921, 37.5258108),"1980","71-0",-100.1413921,37.5258108,112.7057037,"66-131"
"450","Finney",-141.82,NA,1980-05-05,380648101004301,55,0,c(-101.012414, 38.1134662),"1980","143-72",-101.012414,38.1134662,47.3743935,"0-65"
"451","Finney",-144.82,NA,1980-07-09,380648101004301,55,0,c(-101.012414, 38.1134662),"1980","215-144",-101.012414,38.1134662,47.3743935,"0-65"
"452","Finney",-145.83,NA,1980-10-15,380648101004301,55,0,c(-101.012414, 38.1134662),"1980","215-144",-101.012414,38.1134662,47.3743935,"0-65"
"453","Wallace",-142.28,"Harris Draw East",1980-01-10,390254101305402,199,0,c(-101.516276, 39.049507),"1980","143-72",-101.516276,39.049507,10,"0-65"
"454","Wallace",-145.67,"Harris Draw East",1980-03-11,390254101305402,199,0,c(-101.516276, 39.049507),"1980","215-144",-101.516276,39.049507,10,"0-65"
"455","Wallace",-140.41,"Harris Draw East",1980-06-03,390254101305402,199,0,c(-101.516276, 39.049507),"1980","143-72",-101.516276,39.049507,10,"0-65"
"456","Wallace",-140.42,"Harris Draw East",1980-09-10,390254101305402,199,0,c(-101.516276, 39.049507),"1980","143-72",-101.516276,39.049507,10,"0-65"
"457","Kearny",-142.64,"LEOTI 3 SE",1980-01-09,380452101170901,93,0,c(-101.284145, 38.08137),"1980","143-72",-101.284145,38.08137,40.7163849,"0-65"
"458","Sheridan",-139.06,"Menlo",1980-01-17,391822100390302,179,0,c(-100.650923, 39.306086),"1980","143-72",-100.650923,39.306086,59.99189,"0-65"
"459","Ford",-175.3,"KINGSDOWN",1980-06-10,373223099472101,57,0,c(-99.789556, 37.539821),"1980","215-144",-99.789556,37.539821,79.2478485,"66-131"
"460","Finney",-148.88,"WOLF",1980-01-15,380253101045501,55,0,c(-101.084344, 38.046943),"1980","215-144",-101.084344,38.046943,234.8615112,"198-262"
"461","Logan",-113.64,NA,1980-09-10,390737100522201,109,0,c(-100.8736456, 39.1271242),"1980","143-72",-100.8736456,39.1271242,87.3671799,"66-131"
"462","Ford",-176.38,"ENSIGN SE",1980-01-16,373310100015601,57,0,c(-100.035113, 37.557121),"1980","215-144",-100.035113,37.557121,41.9377136,"0-65"
"463","Ford",-185.5,"ENSIGN SE",1980-09-12,373310100015601,57,0,c(-100.035113, 37.557121),"1980","215-144",-100.035113,37.557121,41.9377136,"0-65"
"464","Kiowa",-70.14,"Greensburg NW",1980-01-22,373940099243301,97,0,c(-99.408734, 37.6639979),"1980","71-0",-99.408734,37.6639979,108.4769287,"66-131"
"465","Sheridan",-149.57,"Rexford NE",1980-01-15,392519100354201,179,0,c(-100.595122, 39.422675),"1980","215-144",-100.595122,39.422675,94.9870148,"66-131"
"466","Kearny",-72.75,NA,1980-01-14,375059101273101,93,0,c(-101.4583309, 37.851424),"1980","143-72",-101.4583309,37.851424,NA,NA
"467","Wichita",-125.77,NA,1980-01-14,383644101280201,203,0,c(-101.4683528, 38.6110763),"1980","143-72",-101.4683528,38.6110763,37.7954292,"0-65"
"468","Wichita",-50.58,NA,1980-01-14,383512101275401,203,0,c(-101.4671777, 38.5857131),"1980","71-0",-101.4671777,38.5857131,35.3785133,"0-65"
"469","Sheridan",-127.57,NA,1980-01-15,392604100172001,179,0,c(-100.289723, 39.4331126),"1980","143-72",-100.289723,39.4331126,76.1376724,"66-131"
"470","Finney",-25.9,"PIERCEVILLE",1980-01-11,375327100415801,55,0,c(-100.7013103, 37.8910417),"1980","71-0",-100.7013103,37.8910417,117.0635986,"66-131"
"471","Kiowa",-21.01,"GREENSBURG NE",1980-01-21,374050099161301,97,0,c(-99.2727696, 37.6824725),"1980","71-0",-99.2727696,37.6824725,97.8561096,"66-131"
"472","Finney",-147.31,"WOLF",1980-01-15,380319101012301,55,0,c(-101.0236316, 38.055236),"1980","215-144",-101.0236316,38.055236,184.3269043,"132-197"
"473","Sheridan",-175.02,"Menlo",1980-01-17,392210100384601,179,0,c(-100.6459976, 39.3685325),"1980","215-144",-100.6459976,39.3685325,59.2853012,"0-65"
"474","Gove",-128.14,"Grinnell South",1980-01-14,390428100380701,63,0,c(-100.63752, 39.075988),"1980","143-72",-100.63752,39.075988,47.3599281,"0-65"
"475","Gove",-128.16,"Grinnell South",1980-03-13,390428100380701,63,0,c(-100.63752, 39.075988),"1980","143-72",-100.63752,39.075988,47.3599281,"0-65"
"476","Gove",-126.68,"Grinnell South",1980-06-05,390428100380701,63,0,c(-100.63752, 39.075988),"1980","143-72",-100.63752,39.075988,47.3599281,"0-65"
"477","Finney",-109.32,"WOLF NE",1980-01-14,380945101014801,55,0,c(-101.03054, 38.163093),"1980","143-72",-101.03054,38.163093,24.082922,"0-65"
"478","Scott",-110.55,NA,1980-01-14,381940100570002,171,0,c(-100.9505178, 38.3272168),"1980","143-72",-100.9505178,38.3272168,25.4651356,"0-65"
"479","Reno",-31.41,"Yaggy",1980-01-23,380008098011901,155,0,c(-98.023217, 38.001262),"1980","71-0",-98.023217,38.001262,81.0375595,"66-131"
"480","Reno",-31.17,"Yaggy",1980-03-28,380008098011901,155,0,c(-98.023217, 38.001262),"1980","71-0",-98.023217,38.001262,81.0375595,"66-131"
"481","Reno",-34.09,"Yaggy",1980-06-27,380008098011901,155,0,c(-98.023217, 38.001262),"1980","71-0",-98.023217,38.001262,81.0375595,"66-131"
"482","Reno",-40.17,"Yaggy",1980-09-16,380008098011901,155,0,c(-98.023217, 38.001262),"1980","71-0",-98.023217,38.001262,81.0375595,"66-131"
"483","Reno",-31.04,"Yaggy",1980-12-23,380008098011901,155,0,c(-98.023217, 38.001262),"1980","71-0",-98.023217,38.001262,81.0375595,"66-131"
"484","Haskell",-293.29,NA,1980-01-08,373327100565701,81,0,c(-100.9496564, 37.5577842),"1980","359-288",-100.9496564,37.5577842,186.4937439,"132-197"
"485","Stanton",-241.29,NA,1980-01-16,373353101432801,187,0,c(-101.7260158, 37.5659733),"1980","287-216",-101.7260158,37.5659733,80.4263916,"66-131"
"486","Lane",-118.88,"Cheyenne Creek",1980-01-14,383836100350501,101,0,c(-100.586577, 38.6437325),"1980","143-72",-100.586577,38.6437325,15.019063,"0-65"
"487","Gray",-114.39,NA,1980-01-14,373015100245701,69,0,c(-100.4164244, 37.5040817),"1980","143-72",-100.4164244,37.5040817,114.2208252,"66-131"
"488","Finney",-80.3,"GARDEN CITY WEST",1980-01-24,375746100574301,55,0,c(-100.9623706, 37.9645497),"1980","143-72",-100.9623706,37.9645497,248.4763794,"198-262"
"489","Finney",-77.59,"GARDEN CITY WEST",1980-05-08,375746100574301,55,0,c(-100.9623706, 37.9645497),"1980","143-72",-100.9623706,37.9645497,248.4763794,"198-262"
"490","Finney",-109.01,"GARDEN CITY WEST",1980-07-15,375746100574301,55,0,c(-100.9623706, 37.9645497),"1980","143-72",-100.9623706,37.9645497,248.4763794,"198-262"
"491","Finney",-106.44,"GARDEN CITY WEST",1980-10-01,375746100574301,55,0,c(-100.9623706, 37.9645497),"1980","143-72",-100.9623706,37.9645497,248.4763794,"198-262"
"492","Reno",-9.23,"BURRTON",1980-06-26,380139097420602,155,0,c(-97.702091, 38.028524),"1980","71-0",-97.702091,38.028524,236.8456116,"198-262"
"493","Reno",-8.78,"BURRTON",1980-10-06,380139097420602,155,0,c(-97.702091, 38.028524),"1980","71-0",-97.702091,38.028524,236.8456116,"198-262"
"494","Reno",-5.36,"BURRTON",1980-06-26,380054097420501,155,0,c(-97.702087, 38.01425),"1980","71-0",-97.702087,38.01425,238.3580933,"198-262"
"495","Reno",-7.08,"BURRTON",1980-10-06,380054097420501,155,0,c(-97.702087, 38.01425),"1980","71-0",-97.702087,38.01425,238.3580933,"198-262"
"496","Reno",-17.2,"Sylvia",1980-01-01,375906098274204,155,0,c(-98.463389, 37.984693),"1980","71-0",-98.463389,37.984693,122.8372803,"66-131"
"497","Reno",-14.86,"Sylvia",1980-05-08,375906098274204,155,0,c(-98.463389, 37.984693),"1980","71-0",-98.463389,37.984693,122.8372803,"66-131"
"498","Sedgwick",-22,NA,1980-01-01,375348097305601,173,0,c(-97.5178746, 37.897649),"1980","71-0",-97.5178746,37.897649,187.125946,"132-197"
"499","Sedgwick",-20.5,NA,1980-03-01,375348097305601,173,0,c(-97.5178746, 37.897649),"1980","71-0",-97.5178746,37.897649,187.125946,"132-197"
"500","Sedgwick",-20.5,NA,1980-04-01,375348097305601,173,0,c(-97.5178746, 37.897649),"1980","71-0",-97.5178746,37.897649,187.125946,"132-197"
"501","Sedgwick",-18.12,NA,1980-05-01,375348097305601,173,0,c(-97.5178746, 37.897649),"1980","71-0",-97.5178746,37.897649,187.125946,"132-197"
"502","Sedgwick",-20.91,NA,1980-08-01,375348097305601,173,0,c(-97.5178746, 37.897649),"1980","71-0",-97.5178746,37.897649,187.125946,"132-197"
"503","Sedgwick",-64.94,NA,1980-09-01,375348097305601,173,0,c(-97.5178746, 37.897649),"1980","71-0",-97.5178746,37.897649,187.125946,"132-197"
"504","Sedgwick",-24.68,NA,1980-10-01,375348097305601,173,0,c(-97.5178746, 37.897649),"1980","71-0",-97.5178746,37.897649,187.125946,"132-197"
"505","Sedgwick",-66.43,NA,1980-12-01,375348097305601,173,0,c(-97.5178746, 37.897649),"1980","71-0",-97.5178746,37.897649,187.125946,"132-197"
"506","Scott",-96.89,NA,1980-01-14,381710100562603,171,0,c(-100.9424315, 38.2865004),"1980","143-72",-100.9424315,38.2865004,33.8295898,"0-65"
"507","Reno",-32.74,"Alden NW",1980-01-01,380952098281701,155,0,c(-98.472792, 38.163772),"1980","71-0",-98.472792,38.163772,180.716156,"132-197"
"508","Reno",-31.4,"Alden NW",1980-05-08,380952098281701,155,0,c(-98.472792, 38.163772),"1980","71-0",-98.472792,38.163772,180.716156,"132-197"
"509","Wallace",-134.37,NA,1980-01-16,384802101434701,199,0,c(-101.7309264, 38.8001192),"1980","143-72",-101.7309264,38.8001192,50.4132652,"0-65"
"510","Wichita",-114.77,NA,1980-01-15,382711101101701,203,0,c(-101.1726203, 38.4512095),"1980","143-72",-101.1726203,38.4512095,25.6603889,"0-65"
"511","Harvey",-5.08,"Halstead",1980-01-29,380601097363601,79,0,c(-97.6124828, 38.1002776),"1980","71-0",-97.6124828,38.1002776,111.481781,"66-131"
"512","Scott",-77,NA,1980-01-14,382333100460001,171,0,c(-100.7686086, 38.392461),"1980","143-72",-100.7686086,38.392461,10,"0-65"
"513","Sherman",-158.55,NA,1980-01-09,391409101464501,181,0,c(-101.7779512, 39.2350899),"1980","215-144",-101.7779512,39.2350899,60.4671211,"0-65"
"514","Thomas",-114.45,"Oakley North",1980-01-10,391217100514101,193,0,c(-100.8632441, 39.2048056),"1980","143-72",-100.8632441,39.2048056,35.7558403,"0-65"
"515","Scott",-133.75,"Lake Scott SE",1980-01-15,383316100505801,171,0,c(-100.8511024, 38.5550247),"1980","143-72",-100.8511024,38.5550247,49.2951889,"0-65"
"516","Kiowa",-133.48,"Mullinville",1980-01-21,373334099243001,97,0,c(-99.407187, 37.560694),"1980","143-72",-99.407187,37.560694,44.8599854,"0-65"
"517","Edwards",-24.06,"BELPRE NW",1980-01-21,375655099123501,47,0,c(-99.210254, 37.948983),"1980","71-0",-99.210254,37.948983,88.0326538,"66-131"
"518","Sherman",-155.55,"Edson",1980-01-10,392109101351401,181,0,c(-101.588646, 39.352121),"1980","215-144",-101.588646,39.352121,118.9812393,"66-131"
"519","Sherman",-148.3,"Goodland",1980-01-08,391502101433001,181,0,c(-101.72605, 39.250772),"1980","215-144",-101.72605,39.250772,81.934906,"66-131"
"520","Sherman",-146.07,"Goodland",1980-03-11,391502101433001,181,0,c(-101.72605, 39.250772),"1980","215-144",-101.72605,39.250772,81.934906,"66-131"
"521","Sherman",-131.67,"Goodland",1980-06-02,391502101433001,181,0,c(-101.72605, 39.250772),"1980","143-72",-101.72605,39.250772,81.934906,"66-131"
"522","Sherman",-143.6,"Goodland",1980-09-09,391502101433001,181,0,c(-101.72605, 39.250772),"1980","143-72",-101.72605,39.250772,81.934906,"66-131"
"523","Hodgeman",-27.9,NA,1980-01-10,380608099432101,83,0,c(-99.724935, 38.102488),"1980","71-0",-99.724935,38.102488,17.7452888,"0-65"
"524","Thomas",-153,"COLBY SE",1980-01-10,391718101032301,193,0,c(-101.056032, 39.287605),"1980","215-144",-101.056032,39.287605,41.6660004,"0-65"
"525","Thomas",-155.38,"COLBY SE",1980-12-22,391718101032301,193,0,c(-101.056032, 39.287605),"1980","215-144",-101.056032,39.287605,41.6660004,"0-65"
"526","Thomas",-174.45,NA,1980-01-10,391311101034201,193,0,c(-101.0628778, 39.2199348),"1980","215-144",-101.0628778,39.2199348,83.9443359,"66-131"
"527","Thomas",-190.55,NA,1980-12-22,391311101034201,193,0,c(-101.0628778, 39.2199348),"1980","215-144",-101.0628778,39.2199348,83.9443359,"66-131"
"528","Thomas",-144.9,NA,1980-01-07,391107101053201,193,0,c(-101.0927564, 39.1836448),"1980","215-144",-101.0927564,39.1836448,59.8828545,"0-65"
"529","Wallace",-132.7,NA,1980-01-15,384616101353801,199,0,c(-101.5932741, 38.7710753),"1980","143-72",-101.5932741,38.7710753,25.7172508,"0-65"
"530","Sherman",-169.14,"Ruleton",1980-01-09,391737101551301,181,0,c(-101.9217545, 39.2940295),"1980","215-144",-101.9217545,39.2940295,68.2556229,"66-131"
"531","Thomas",-89.4,"Oakley North",1980-01-10,390940100480901,193,0,c(-100.800525, 39.162107),"1980","143-72",-100.800525,39.162107,98.6429672,"66-131"
"532","Hodgeman",-22.79,NA,1980-01-10,381023099440201,83,0,c(-99.735524, 38.174608),"1980","71-0",-99.735524,38.174608,NA,NA
"533","Kiowa",-40.9,"BUCKLIN SE",1980-01-21,373442099324101,97,0,c(-99.544015, 37.581703),"1980","71-0",-99.544015,37.581703,23.9987602,"0-65"
"534","Sherman",-166.21,NA,1980-01-08,391942101405801,181,0,c(-101.6836465, 39.3294494),"1980","215-144",-101.6836465,39.3294494,95.930954,"66-131"
"535","Thomas",-121.9,NA,1980-01-10,391619100592001,193,0,c(-100.9900282, 39.2710829),"1980","143-72",-100.9900282,39.2710829,58.3985367,"0-65"
"536","Thomas",-129.16,NA,1980-12-22,391619100592001,193,0,c(-100.9900282, 39.2710829),"1980","143-72",-100.9900282,39.2710829,58.3985367,"0-65"
"537","Wallace",-191.2,"Weskan",1980-01-15,384711101574701,199,0,c(-101.964657, 38.784941),"1980","215-144",-101.964657,38.784941,31.3496437,"0-65"
"538","Kiowa",-44.45,"BUCKLIN NE",1980-01-22,373910099313701,97,0,c(-99.527148, 37.656912),"1980","71-0",-99.527148,37.656912,64.2301254,"0-65"
"539","Sherman",-162.4,"Ruleton SE",1980-01-09,391836101454401,181,0,c(-101.7638501, 39.3101392),"1980","215-144",-101.7638501,39.3101392,92.7336578,"66-131"
"540","Thomas",-82.4,NA,1980-01-10,391539100455801,193,0,c(-100.7633258, 39.2599445),"1980","143-72",-100.7633258,39.2599445,69.601738,"66-131"
"541","Hamilton",-155.61,"Syracuse West SW",1980-01-21,374708101562401,75,0,c(-101.941256, 37.787792),"1980","215-144",-101.941256,37.787792,25,"0-65"
"542","Hamilton",-156.14,"Syracuse West SW",1980-04-08,374708101562401,75,0,c(-101.941256, 37.787792),"1980","215-144",-101.941256,37.787792,25,"0-65"
"543","Hamilton",-140.81,NA,1980-04-08,374606101540201,75,0,c(-101.9012717, 37.7699159),"1980","143-72",-101.9012717,37.7699159,25,"0-65"
"544","Hamilton",-176.79,NA,1980-10-13,374606101540201,75,0,c(-101.9012717, 37.7699159),"1980","215-144",-101.9012717,37.7699159,25,"0-65"
"545","Sherman",-123.42,NA,1980-01-09,391953102015101,181,0,c(-102.0329547, 39.3315682),"1980","143-72",-102.0329547,39.3315682,70.9611588,"66-131"
"546","Gray",-109.95,"Pierceville NE",1980-01-12,375735100302001,69,0,c(-100.506226, 37.960821),"1980","143-72",-100.506226,37.960821,103.5974121,"66-131"
"547","Finney",-74.7,"KALVESTA SW",1980-01-04,380149100223801,55,0,c(-100.376921, 38.03065),"1980","143-72",-100.376921,38.03065,46.465126,"0-65"
"548","Harvey",-35.52,"HALSTEAD NW",1980-06-27,380931097410602,79,0,c(-97.684601, 38.158961),"1980","71-0",-97.684601,38.158961,172.8425598,"132-197"
"549","Harvey",-38.33,"HALSTEAD NW",1980-10-17,380931097410602,79,0,c(-97.684601, 38.158961),"1980","71-0",-97.684601,38.158961,172.8425598,"132-197"
"550","Stevens",-146.52,NA,1980-01-17,370619101102601,189,0,c(-101.1746417, 37.1057691),"1980","215-144",-101.1746417,37.1057691,396.0687866,"393-459"
"551","Sheridan",-57.78,NA,1980-01-17,391558100403501,179,0,c(-100.6761126, 39.266163),"1980","71-0",-100.6761126,39.266163,51.4473076,"0-65"
"552","Crawford",-220,NA,1980-05-15,372118095010601,37,0,c(-95.0194197, 37.3550369),"1980","287-216",-95.0194197,37.3550369,NA,NA
"553","Meade",-173.89,"Plains NE",1980-01-16,372454100361701,119,0,c(-100.606332, 37.416523),"1980","215-144",-100.606332,37.416523,261.100708,"198-262"
"554","Meade",-174.17,"Plains NE",1980-01-18,372454100361701,119,0,c(-100.606332, 37.416523),"1980","215-144",-100.606332,37.416523,261.100708,"198-262"
"555","Meade",-172.91,"Plains NE",1980-05-06,372454100361701,119,0,c(-100.606332, 37.416523),"1980","215-144",-100.606332,37.416523,261.100708,"198-262"
"556","Meade",-177.9,"Plains NE",1980-10-09,372454100361701,119,0,c(-100.606332, 37.416523),"1980","215-144",-100.606332,37.416523,261.100708,"198-262"
"557","Sheridan",-140.39,"Hoxie NW",1980-01-15,392426100233001,179,0,c(-100.3922136, 39.4080425),"1980","143-72",-100.3922136,39.4080425,75.0990448,"66-131"
"558","Finney",-118.83,"LOWE",1980-01-15,380346100554001,55,0,c(-100.9294498, 38.0632216),"1980","143-72",-100.9294498,38.0632216,147.1021729,"132-197"
"559","Finney",-156.9,"LOWE",1980-01-15,380339100582401,55,0,c(-100.9753696, 38.0615315),"1980","215-144",-100.9753696,38.0615315,152.5336609,"132-197"
"560","Finney",-157.78,"LOWE",1980-05-05,380339100582401,55,0,c(-100.9753696, 38.0615315),"1980","215-144",-100.9753696,38.0615315,152.5336609,"132-197"
"561","Finney",-168.03,"LOWE",1980-10-15,380339100582401,55,0,c(-100.9753696, 38.0615315),"1980","215-144",-100.9753696,38.0615315,152.5336609,"132-197"
"562","Scott",-110.7,"Modoc",1980-01-15,382756101015201,171,0,c(-101.032531, 38.46449),"1980","143-72",-101.032531,38.46449,22.9936829,"0-65"
"563","Scott",-113.51,"Modoc",1980-04-22,382756101015201,171,0,c(-101.032531, 38.46449),"1980","143-72",-101.032531,38.46449,22.9936829,"0-65"
"564","Scott",-127.99,"MODOC NE",1980-10-02,382255101070001,171,0,c(-101.1177613, 38.3810344),"1980","143-72",-101.1177613,38.3810344,6.9246631,"0-65"
"565","Harvey",-7.69,"MOUNDRIDGE",1980-01-29,380742097312801,79,0,c(-97.5280648, 38.1250378),"1980","71-0",-97.5280648,38.1250378,44.8149567,"0-65"
"566","Lane",-84.75,NA,1980-01-14,383354100370701,101,0,c(-100.6184662, 38.5656655),"1980","143-72",-100.6184662,38.5656655,59.64114,"0-65"
"567","Scott",-132.27,"Lake Scott SE",1980-01-15,383501100520601,171,0,c(-100.870626, 38.584347),"1980","143-72",-100.870626,38.584347,41.006691,"0-65"
"568","Harvey",-19.89,NA,1980-01-31,380838097282101,79,0,c(-97.4739829, 38.1439129),"1980","71-0",-97.4739829,38.1439129,27.9503117,"0-65"
"569","Lane",-89.04,"Shields",1980-01-14,383155100243401,101,0,c(-100.411215, 38.532336),"1980","143-72",-100.411215,38.532336,36.3194618,"0-65"
"570","Scott",-91.77,NA,1980-01-14,381618100554501,171,0,c(-100.9286044, 38.2722203),"1980","143-72",-100.9286044,38.2722203,43.6228485,"0-65"
"571","Scott",-111.45,NA,1980-01-14,382948101073301,171,0,c(-101.1264171, 38.4954022),"1980","143-72",-101.1264171,38.4954022,25.4429569,"0-65"
"572","Scott",-83.61,"Shallow Water",1980-01-30,382144100523501,171,0,c(-100.8786487, 38.3623681),"1980","143-72",-100.8786487,38.3623681,94.4469681,"66-131"
"573","Scott",-82.58,"Shallow Water",1980-04-15,382144100523501,171,0,c(-100.8786487, 38.3623681),"1980","143-72",-100.8786487,38.3623681,94.4469681,"66-131"
"574","Scott",-69.15,NA,1980-01-14,382730100553102,171,0,c(-100.9264736, 38.4578063),"1980","71-0",-100.9264736,38.4578063,94.534462,"66-131"
"575","Scott",-71.24,NA,1980-04-22,382730100553102,171,0,c(-100.9264736, 38.4578063),"1980","71-0",-100.9264736,38.4578063,94.534462,"66-131"
"576","Scott",-70.83,NA,1980-07-22,382730100553102,171,0,c(-100.9264736, 38.4578063),"1980","71-0",-100.9264736,38.4578063,94.534462,"66-131"
"577","Scott",-109.75,NA,1980-01-15,382947100522901,171,0,c(-100.8760701, 38.4962263),"1980","143-72",-100.8760701,38.4962263,84.8083038,"66-131"
"578","Scott",-117.99,NA,1980-04-15,382947100522901,171,0,c(-100.8760701, 38.4962263),"1980","143-72",-100.8760701,38.4962263,84.8083038,"66-131"
"579","Scott",-123.62,NA,1980-07-14,382947100522901,171,0,c(-100.8760701, 38.4962263),"1980","143-72",-100.8760701,38.4962263,84.8083038,"66-131"
"580","Scott",-142.25,NA,1980-01-15,383902100494501,171,0,c(-100.8310166, 38.650584),"1980","143-72",-100.8310166,38.650584,8.3215313,"0-65"
"581","Scott",-150.33,NA,1980-01-14,383553101005701,171,0,c(-101.0166247, 38.597143),"1980","215-144",-101.0166247,38.597143,36.3586388,"0-65"
"582","Scott",-121.82,NA,1980-01-15,383316101033301,171,0,c(-101.0600287, 38.5545574),"1980","143-72",-101.0600287,38.5545574,41.03228,"0-65"
"583","Ford",-185.71,NA,1980-01-04,374951099482901,57,0,c(-99.8091511, 37.8303511),"1980","215-144",-99.8091511,37.8303511,10,"0-65"
"584","Ford",-110.42,NA,1980-01-16,375107100125801,57,0,c(-100.218318, 37.852341),"1980","143-72",-100.218318,37.852341,106.0284348,"66-131"
"585","Scott",-111.02,"Tractor",1980-01-15,382947100495001,171,0,c(-100.833127, 38.497258),"1980","143-72",-100.833127,38.497258,62.5518494,"0-65"
"586","Scott",-59,NA,1980-01-15,382427101042001,171,0,c(-101.0738532, 38.4070413),"1980","71-0",-101.0738532,38.4070413,24.2702312,"0-65"
"587","Scott",-123.38,NA,1980-01-30,383211100541801,171,0,c(-100.906797, 38.536348),"1980","143-72",-100.906797,38.536348,80.7088623,"66-131"
"588","Sheridan",-19.47,"Midway Draw East",1980-01-14,391005100190401,179,0,c(-100.3179102, 39.1677646),"1980","71-0",-100.3179102,39.1677646,21.8553162,"0-65"
"589","Ford",-16.47,NA,1980-01-04,374415099584201,57,0,c(-99.979914, 37.744273),"1980","71-0",-99.979914,37.744273,128.0334167,"66-131"
"590","Ford",-68.5,"DODGE CITY SW",1980-09-11,374609100123701,57,0,c(-100.2104524, 37.7696353),"1980","71-0",-100.2104524,37.7696353,152.0466614,"132-197"
"591","Reno",-12.63,NA,1980-01-24,380317098072501,155,0,c(-98.1228159, 38.0544714),"1980","71-0",-98.1228159,38.0544714,108.0050507,"66-131"
"592","Ford",-15.8,"Fort Dodge",1980-04-09,374356099584201,57,0,c(-99.980911, 37.73847),"1980","71-0",-99.980911,37.73847,129.6621704,"66-131"
"593","Ford",-17.91,"Fort Dodge",1980-06-25,374356099584201,57,0,c(-99.980911, 37.73847),"1980","71-0",-99.980911,37.73847,129.6621704,"66-131"
"594","Ford",-29.19,"Fort Dodge",1980-09-23,374356099584201,57,0,c(-99.980911, 37.73847),"1980","71-0",-99.980911,37.73847,129.6621704,"66-131"
"595","Graham",-91.36,"HOXIE 1 SE",1980-12-18,391551100041901,65,0,c(-100.0712788, 39.2633488),"1980","143-72",-100.0712788,39.2633488,50.3965378,"0-65"
"596","Scott",-133.4,"Lake Scott SE",1980-01-15,383724100474001,171,0,c(-100.796424, 38.623976),"1980","143-72",-100.796424,38.623976,17.9940434,"0-65"
"597","Scott",-110.55,NA,1980-01-14,381940100570001,171,0,c(-100.9505178, 38.3272168),"1980","143-72",-100.9505178,38.3272168,25.4651356,"0-65"
"598","Scott",-112.33,NA,1980-01-15,383223100473801,171,0,c(-100.7969353, 38.5399351),"1980","143-72",-100.7969353,38.5399351,33.9168243,"0-65"
"599","Lane",-125.47,"Healy NW",1980-01-14,383743100393801,101,0,c(-100.663058, 38.627943),"1980","143-72",-100.663058,38.627943,53.0523453,"0-65"
"600","Reno",-7,NA,1980-01-23,380509098021901,155,0,c(-98.0376848, 38.08531),"1980","71-0",-98.0376848,38.08531,144.7740479,"132-197"
"601","Scott",-99.3,"Manning",1980-01-15,383144100431201,171,0,c(-100.7226343, 38.5294936),"1980","143-72",-100.7226343,38.5294936,54.8924484,"0-65"
"602","Scott",-69.8,"Grigston",1980-01-15,382801100433501,171,0,c(-100.730226, 38.467068),"1980","71-0",-100.730226,38.467068,33.2800903,"0-65"
"603","Finney",-16.67,"Garden City East",1980-01-10,375526100461301,55,0,c(-100.771586, 37.924263),"1980","71-0",-100.771586,37.924263,191.8228149,"132-197"
"604","Lane",-65.17,"Healy",1980-01-15,383056100311801,101,0,c(-100.524019, 38.514457),"1980","71-0",-100.524019,38.514457,35.7889061,"0-65"
"605","Ford",-9.3,"DODGE CITY SW",1980-03-06,374601100103201,57,0,c(-100.1779849, 37.7688739),"1980","71-0",-100.1779849,37.7688739,140.8662262,"132-197"
"606","Lane",-88.35,"Healy",1980-01-14,383433100353601,101,0,c(-100.59442, 38.576206),"1980","143-72",-100.59442,38.576206,50.5768394,"0-65"
"607","Lane",-89.16,"Healy",1980-04-15,383433100353601,101,0,c(-100.59442, 38.576206),"1980","143-72",-100.59442,38.576206,50.5768394,"0-65"
"608","Lane",-89.66,"Healy",1980-07-14,383433100353601,101,0,c(-100.59442, 38.576206),"1980","143-72",-100.59442,38.576206,50.5768394,"0-65"
"609","Lane",-89.72,"Healy",1980-10-02,383433100353601,101,0,c(-100.59442, 38.576206),"1980","143-72",-100.59442,38.576206,50.5768394,"0-65"
"610","Sheridan",-101.43,"Grinnell North",1980-01-17,391131100410801,179,0,c(-100.685023, 39.191327),"1980","143-72",-100.685023,39.191327,77.9841919,"66-131"
"611","Sheridan",-99.39,"Grinnell North",1980-03-13,391131100410801,179,0,c(-100.685023, 39.191327),"1980","143-72",-100.685023,39.191327,77.9841919,"66-131"
"612","Sheridan",-98.38,"Grinnell North",1980-06-04,391131100410801,179,0,c(-100.685023, 39.191327),"1980","143-72",-100.685023,39.191327,77.9841919,"66-131"
"613","Sheridan",-105.6,"Grinnell North",1980-09-11,391131100410801,179,0,c(-100.685023, 39.191327),"1980","143-72",-100.685023,39.191327,77.9841919,"66-131"
"614","Sedgwick",-20.15,NA,1980-01-01,375256097274502,173,0,c(-97.4649984, 37.882358),"1980","71-0",-97.4649984,37.882358,149.6324463,"132-197"
"615","Sedgwick",-17.79,NA,1980-03-01,375256097274502,173,0,c(-97.4649984, 37.882358),"1980","71-0",-97.4649984,37.882358,149.6324463,"132-197"
"616","Sedgwick",-17.07,NA,1980-04-01,375256097274502,173,0,c(-97.4649984, 37.882358),"1980","71-0",-97.4649984,37.882358,149.6324463,"132-197"
"617","Sedgwick",-15.41,NA,1980-05-01,375256097274502,173,0,c(-97.4649984, 37.882358),"1980","71-0",-97.4649984,37.882358,149.6324463,"132-197"
"618","Sedgwick",-16.16,NA,1980-08-01,375256097274502,173,0,c(-97.4649984, 37.882358),"1980","71-0",-97.4649984,37.882358,149.6324463,"132-197"
"619","Sedgwick",-21.2,NA,1980-09-01,375256097274502,173,0,c(-97.4649984, 37.882358),"1980","71-0",-97.4649984,37.882358,149.6324463,"132-197"
"620","Sedgwick",-21.6,NA,1980-10-01,375256097274502,173,0,c(-97.4649984, 37.882358),"1980","71-0",-97.4649984,37.882358,149.6324463,"132-197"
"621","Sedgwick",-21.84,NA,1980-12-01,375256097274502,173,0,c(-97.4649984, 37.882358),"1980","71-0",-97.4649984,37.882358,149.6324463,"132-197"
"622","Ford",-200.8,NA,1980-01-04,375338099463301,57,0,c(-99.7778533, 37.8940062),"1980","215-144",-99.7778533,37.8940062,10,"0-65"
"623","Graham",-110.57,"Morland NE",1980-03-10,392959100073201,65,0,c(-100.1245672, 39.4996023),"1980","143-72",-100.1245672,39.4996023,130.9057922,"66-131"
"624","Graham",-106.42,"Morland NE",1980-06-02,392959100073201,65,0,c(-100.1245672, 39.4996023),"1980","143-72",-100.1245672,39.4996023,130.9057922,"66-131"
"625","Graham",-109.31,"Morland NE",1980-09-08,392959100073201,65,0,c(-100.1245672, 39.4996023),"1980","143-72",-100.1245672,39.4996023,130.9057922,"66-131"
"626","Graham",-107.31,"Morland NE",1980-12-18,392959100073201,65,0,c(-100.1245672, 39.4996023),"1980","143-72",-100.1245672,39.4996023,130.9057922,"66-131"
"627","Scott",-153.05,"Pence",1980-02-01,384028101052301,171,0,c(-101.0919643, 38.6726137),"1980","215-144",-101.0919643,38.6726137,8.2447147,"0-65"
"628","Wichita",-131.28,"Pence SW",1980-01-15,383033101130402,203,0,c(-101.219034, 38.50827),"1980","143-72",-101.219034,38.50827,38.8948669,"0-65"
"629","Scott",-90.44,NA,1980-01-14,382204100544001,171,0,c(-100.912129, 38.3668638),"1980","143-72",-100.912129,38.3668638,74.4157562,"66-131"
"630","Scott",-5.75,NA,1980-01-15,383856100543701,171,0,c(-100.9111949, 38.6480109),"1980","71-0",-100.9111949,38.6480109,16.4902077,"0-65"
"631","Scott",-126.55,"MANNING",1980-01-15,383559100445101,171,0,c(-100.7520365, 38.5993766),"1980","143-72",-100.7520365,38.5993766,29.326334,"0-65"
"632","Sedgwick",-18.47,"SEDGWICK",1980-01-01,375256097274501,173,0,c(-97.4649971, 37.8827005),"1980","71-0",-97.4649971,37.8827005,149.6324463,"132-197"
"633","Sedgwick",-16.22,"SEDGWICK",1980-03-01,375256097274501,173,0,c(-97.4649971, 37.8827005),"1980","71-0",-97.4649971,37.8827005,149.6324463,"132-197"
"634","Sedgwick",-15.57,"SEDGWICK",1980-04-01,375256097274501,173,0,c(-97.4649971, 37.8827005),"1980","71-0",-97.4649971,37.8827005,149.6324463,"132-197"
"635","Sedgwick",-13.6,"SEDGWICK",1980-05-01,375256097274501,173,0,c(-97.4649971, 37.8827005),"1980","71-0",-97.4649971,37.8827005,149.6324463,"132-197"
"636","Sedgwick",-14.57,"SEDGWICK",1980-08-01,375256097274501,173,0,c(-97.4649971, 37.8827005),"1980","71-0",-97.4649971,37.8827005,149.6324463,"132-197"
"637","Sedgwick",-65.4,"SEDGWICK",1980-09-01,375256097274501,173,0,c(-97.4649971, 37.8827005),"1980","71-0",-97.4649971,37.8827005,149.6324463,"132-197"
"638","Sedgwick",-20.88,"SEDGWICK",1980-10-01,375256097274501,173,0,c(-97.4649971, 37.8827005),"1980","71-0",-97.4649971,37.8827005,149.6324463,"132-197"
"639","Sedgwick",-20.15,"SEDGWICK",1980-12-01,375256097274501,173,0,c(-97.4649971, 37.8827005),"1980","71-0",-97.4649971,37.8827005,149.6324463,"132-197"
"640","Ford",-29.44,NA,1980-01-04,374356099572801,57,0,c(-99.9594584, 37.7385936),"1980","71-0",-99.9594584,37.7385936,112.4048157,"66-131"
"641","Ford",-35.25,NA,1980-01-04,374410099571101,57,0,c(-99.9549608, 37.742172),"1980","71-0",-99.9549608,37.742172,111.7554474,"66-131"
"642","Scott",-172.57,NA,1980-01-14,383902100584601,171,0,c(-100.9789678, 38.6525058),"1980","215-144",-100.9789678,38.6525058,22.5614128,"0-65"
"643","Ford",-22.84,NA,1980-01-04,374409099582501,57,0,c(-99.9753449, 37.7424037),"1980","71-0",-99.9753449,37.7424037,127.0583344,"66-131"
"644","Ford",-22.61,NA,1980-04-09,374409099582501,57,0,c(-99.9753449, 37.7424037),"1980","71-0",-99.9753449,37.7424037,127.0583344,"66-131"
"645","Ford",-42.48,NA,1980-01-04,374416099573602,57,0,c(-99.9617648, 37.744946),"1980","71-0",-99.9617648,37.744946,115.5149918,"66-131"
"646","Sedgwick",-17.57,"SEDGWICK",1980-01-01,375256097281101,173,0,c(-97.4729382, 37.882721),"1980","71-0",-97.4729382,37.882721,158.9359589,"132-197"
"647","Sedgwick",-15.88,"SEDGWICK",1980-03-01,375256097281101,173,0,c(-97.4729382, 37.882721),"1980","71-0",-97.4729382,37.882721,158.9359589,"132-197"
"648","Sedgwick",-15.09,"SEDGWICK",1980-04-01,375256097281101,173,0,c(-97.4729382, 37.882721),"1980","71-0",-97.4729382,37.882721,158.9359589,"132-197"
"649","Sedgwick",-13.12,"SEDGWICK",1980-05-01,375256097281101,173,0,c(-97.4729382, 37.882721),"1980","71-0",-97.4729382,37.882721,158.9359589,"132-197"
"650","Sedgwick",-14.17,"SEDGWICK",1980-08-01,375256097281101,173,0,c(-97.4729382, 37.882721),"1980","71-0",-97.4729382,37.882721,158.9359589,"132-197"
"651","Sedgwick",-19.36,"SEDGWICK",1980-09-01,375256097281101,173,0,c(-97.4729382, 37.882721),"1980","71-0",-97.4729382,37.882721,158.9359589,"132-197"
"652","Sedgwick",-64.28,"SEDGWICK",1980-10-01,375256097281101,173,0,c(-97.4729382, 37.882721),"1980","71-0",-97.4729382,37.882721,158.9359589,"132-197"
"653","Sedgwick",-61.9,"SEDGWICK",1980-12-01,375256097281101,173,0,c(-97.4729382, 37.882721),"1980","71-0",-97.4729382,37.882721,158.9359589,"132-197"
"654","Scott",-96.45,NA,1980-01-16,382112100570001,171,0,c(-100.9508047, 38.3526173),"1980","143-72",-100.9508047,38.3526173,36.0346985,"0-65"
"655","Ford",-104,"DODGE CITY SW",1980-07-01,375201100115101,57,0,c(-100.19766, 37.86712),"1980","143-72",-100.19766,37.86712,78.7495804,"66-131"
"656","Ford",-106.2,"DODGE CITY SW",1980-09-11,375201100115101,57,0,c(-100.19766, 37.86712),"1980","143-72",-100.19766,37.86712,78.7495804,"66-131"
"657","Ford",-109,"DODGE CITY SW",1980-07-01,375117100130401,57,0,c(-100.2187454, 37.854698),"1980","143-72",-100.2187454,37.854698,106.0284348,"66-131"
"658","Ford",-132.6,"ASHLAND NW KS",1980-07-02,372841099401201,57,0,c(-99.670152, 37.478302),"1980","143-72",-99.670152,37.478302,65.6405716,"0-65"
"659","Ford",-172.9,"KINGSDOWN",1980-06-10,373248099500601,57,0,c(-99.8344682, 37.5463006),"1980","215-144",-99.8344682,37.5463006,83.0840683,"66-131"
"660","Ford",-69.8,"KINGSDOWN",1980-06-11,373241099520801,57,0,c(-99.8696877, 37.5448096),"1980","71-0",-99.8696877,37.5448096,86.7860184,"66-131"
"661","Hamilton",-105.09,"Syracuse West SW",1980-01-21,374826101541403,75,0,c(-101.9054872, 37.8098519),"1980","143-72",-101.9054872,37.8098519,30.4719315,"0-65"
"662","Stafford",-11.58,"Hudson SE",1980-01-01,380043098351602,185,0,c(-98.5879953, 38.01187),"1980","71-0",-98.5879953,38.01187,137.2396545,"132-197"
"663","Stafford",-8.33,"Hudson SE",1980-05-08,380043098351602,185,0,c(-98.5879953, 38.01187),"1980","71-0",-98.5879953,38.01187,137.2396545,"132-197"
"664","Stafford",-27.16,"Hudson",1980-01-01,380000098415901,185,0,c(-98.701025, 37.999801),"1980","71-0",-98.701025,37.999801,136.5942688,"132-197"
"665","Stafford",-23.77,"Hudson",1980-05-08,380000098415901,185,0,c(-98.701025, 37.999801),"1980","71-0",-98.701025,37.999801,136.5942688,"132-197"
"666","Stafford",-8.06,"Saint John North",1980-01-01,380003098482103,185,0,c(-98.806354, 38.000934),"1980","71-0",-98.806354,38.000934,97.0264053,"66-131"
"667","Stafford",-7.75,"Saint John North",1980-05-08,380003098482103,185,0,c(-98.806354, 38.000934),"1980","71-0",-98.806354,38.000934,97.0264053,"66-131"
"668","Stafford",0.94,"Saint John North",1980-01-01,380003098482101,185,0,c(-98.806387, 38.000927),"1980","+1-10",-98.806387,38.000927,97.0264053,"66-131"
"669","Stafford",0.93,"Saint John North",1980-05-08,380003098482101,185,0,c(-98.806387, 38.000927),"1980","+1-10",-98.806387,38.000927,97.0264053,"66-131"
"670","Stafford",-1.78,"Saint John North",1980-01-01,380003098482102,185,0,c(-98.806371, 38.000919),"1980","71-0",-98.806371,38.000919,97.0264053,"66-131"
"671","Stafford",-2.12,"Saint John North",1980-05-08,380003098482102,185,0,c(-98.806371, 38.000919),"1980","71-0",-98.806371,38.000919,97.0264053,"66-131"
"672","Meade",-199.41,NA,1980-01-16,372703100333301,119,0,c(-100.5601955, 37.4520278),"1980","215-144",-100.5601955,37.4520278,258.0777588,"198-262"
"673","Meade",-200.58,NA,1980-01-18,372703100333301,119,0,c(-100.5601955, 37.4520278),"1980","215-144",-100.5601955,37.4520278,258.0777588,"198-262"
"674","Ford",-101,"DODGE CITY SW",1980-07-01,375200100132101,57,0,c(-100.2231848, 37.8669295),"1980","143-72",-100.2231848,37.8669295,92.3265076,"66-131"
"675","Ford",-105.7,"DODGE CITY SW",1980-09-11,375200100132101,57,0,c(-100.2231848, 37.8669295),"1980","143-72",-100.2231848,37.8669295,92.3265076,"66-131"
"676","Meade",-140.7,"Meade NW",1980-01-18,372638100241701,119,0,c(-100.4066717, 37.4437437),"1980","143-72",-100.4066717,37.4437437,306.4900513,"263-328"
"677","Seward",-60.88,NA,1980-01-17,370833100482401,175,0,c(-100.806512, 37.1418686),"1980","71-0",-100.806512,37.1418686,346.0340576,"328-393"
"678","Seward",-57.07,"Liberal NE",1980-01-17,370833100482402,175,0,c(-100.806512, 37.1418686),"1980","71-0",-100.806512,37.1418686,346.0340576,"328-393"
"679","Decatur",-101.06,"OBERLIN SW",1980-12-17,394913100404701,39,0,c(-100.680227, 39.820994),"1980","143-72",-100.680227,39.820994,97.8896484,"66-131"
"680","Hamilton",-120.35,NA,1980-01-14,374945101350601,75,0,c(-101.5847164, 37.8301814),"1980","143-72",-101.5847164,37.8301814,10,"0-65"
"681","Crawford",-249.35,NA,1980-03-05,372509094485501,37,0,c(-94.8157152, 37.4196742),"1980","287-216",-94.8157152,37.4196742,NA,NA
"682","Crawford",-248.7,NA,1980-06-02,372509094485501,37,0,c(-94.8157152, 37.4196742),"1980","287-216",-94.8157152,37.4196742,NA,NA
"683","Crawford",-257.2,NA,1980-09-08,372509094485501,37,0,c(-94.8157152, 37.4196742),"1980","287-216",-94.8157152,37.4196742,NA,NA
"684","Crawford",-252.78,NA,1980-12-16,372509094485501,37,0,c(-94.8157152, 37.4196742),"1980","287-216",-94.8157152,37.4196742,NA,NA
"685","Seward",-207.43,NA,1980-01-17,370407100442702,175,0,c(-100.7407505, 37.0670528),"1980","215-144",-100.7407505,37.0670528,420.5600891,"393-459"
"686","Hamilton",-214.54,NA,1980-01-21,374744101450401,75,0,c(-101.7509952, 37.7960927),"1980","215-144",-101.7509952,37.7960927,10,"0-65"
"687","McPherson",-46.2,"Halstead NW",1980-01-29,381109097395001,113,0,c(-97.6651154, 38.1867331),"1980","71-0",-97.6651154,38.1867331,159.4662323,"132-197"
"688","Decatur",-95.21,"OBERLIN",1980-03-10,395155100315701,39,0,c(-100.5331602, 39.8651707),"1980","143-72",-100.5331602,39.8651707,46.5668564,"0-65"
"689","Decatur",-94.87,"OBERLIN",1980-06-02,395155100315701,39,0,c(-100.5331602, 39.8651707),"1980","143-72",-100.5331602,39.8651707,46.5668564,"0-65"
"690","Decatur",-94.74,"OBERLIN",1980-09-08,395155100315701,39,0,c(-100.5331602, 39.8651707),"1980","143-72",-100.5331602,39.8651707,46.5668564,"0-65"
"691","Decatur",-94.75,"OBERLIN",1980-12-16,395155100315701,39,0,c(-100.5331602, 39.8651707),"1980","143-72",-100.5331602,39.8651707,46.5668564,"0-65"
"692","Decatur",-125.97,"KANONA SE",1980-12-15,394544100172202,39,0,c(-100.292057, 39.761785),"1980","143-72",-100.292057,39.761785,40.5957642,"0-65"
"693","Rawlins",-119.69,"Chardon NW",1980-12-17,393933101090001,153,0,c(-101.1505941, 39.65983),"1980","143-72",-101.1505941,39.65983,104.4587708,"66-131"
"694","Rawlins",-153.98,"Dewey Ranch",1980-12-17,394013101155301,153,0,c(-101.263113, 39.671537),"1980","215-144",-101.263113,39.671537,69.2793808,"66-131"
"695","Seward",-71.61,"Woods SE",1980-01-17,370128101004001,175,0,c(-101.012446, 37.024926),"1980","71-0",-101.012446,37.024926,524.4818115,"459-525"
"696","Seward",-74.06,"Woods SE",1980-05-06,370128101004001,175,0,c(-101.012446, 37.024926),"1980","143-72",-101.012446,37.024926,524.4818115,"459-525"
"697","Decatur",-31.53,"KANONA NE",1980-12-16,395740100161901,39,0,c(-100.2759068, 39.9609231),"1980","71-0",-100.2759068,39.9609231,34.4047241,"0-65"
"698","Kearny",-35.28,"Lakin SW",1980-01-11,374917101242701,93,0,c(-101.4080761, 37.8222718),"1980","71-0",-101.4080761,37.8222718,NA,NA
"699","Hamilton",-82.39,NA,1980-01-14,374931101321201,75,0,c(-101.5372605, 37.8264033),"1980","143-72",-101.5372605,37.8264033,10,"0-65"
"700","Rawlins",-135.1,NA,1980-12-17,393526101081201,153,0,c(-101.136997, 39.59009),"1980","143-72",-101.136997,39.59009,112.7352753,"66-131"
"701","Meade",-8.71,"Meade NE",1980-01-18,372307100171401,119,0,c(-100.289022, 37.387604),"1980","71-0",-100.289022,37.387604,269.5099792,"263-328"
"702","Meade",-7.63,"Meade NE",1980-05-06,372307100171401,119,0,c(-100.289022, 37.387604),"1980","71-0",-100.289022,37.387604,269.5099792,"263-328"
"703","Meade",-7.54,"Meade NE",1980-07-08,372307100171401,119,0,c(-100.289022, 37.387604),"1980","71-0",-100.289022,37.387604,269.5099792,"263-328"
"704","Meade",-8.6,"Meade NE",1980-10-09,372307100171401,119,0,c(-100.289022, 37.387604),"1980","71-0",-100.289022,37.387604,269.5099792,"263-328"
"705","Decatur",-19.45,"Jennings",1980-12-15,394005100215501,39,0,c(-100.366221, 39.6685993),"1980","71-0",-100.366221,39.6685993,18.0988235,"0-65"
"706","Stevens",-217.26,NA,1980-01-16,371950101102901,189,0,c(-101.1753804, 37.3303407),"1980","287-216",-101.1753804,37.3303407,160.7243652,"132-197"
"707","Stevens",-217.85,NA,1980-04-08,371950101102901,189,0,c(-101.1753804, 37.3303407),"1980","287-216",-101.1753804,37.3303407,160.7243652,"132-197"
"708","Stevens",-221.12,NA,1980-08-05,371950101102901,189,0,c(-101.1753804, 37.3303407),"1980","287-216",-101.1753804,37.3303407,160.7243652,"132-197"
"709","Stevens",-221.28,NA,1980-10-13,371950101102901,189,0,c(-101.1753804, 37.3303407),"1980","287-216",-101.1753804,37.3303407,160.7243652,"132-197"
"710","Harvey",-5.08,NA,1980-01-29,380601097362801,79,0,c(-97.6106245, 38.1000391),"1980","71-0",-97.6106245,38.1000391,111.481781,"66-131"
"711","Haskell",-288.39,"Satanta",1980-01-08,372958100563301,81,0,c(-100.943744, 37.498955),"1980","359-288",-100.943744,37.498955,196.5372009,"132-197"
"712","Finney",-90.81,"KALVESTA SW",1980-01-04,380003100223001,55,0,c(-100.376221, 38.00109),"1980","143-72",-100.376221,38.00109,59.3324928,"0-65"
"713","Haskell",-248.13,NA,1980-01-09,372944100474902,81,0,c(-100.796039, 37.496555),"1980","287-216",-100.796039,37.496555,195.4545898,"132-197"
"714","Haskell",-244.45,NA,1980-05-06,372944100474902,81,0,c(-100.796039, 37.496555),"1980","287-216",-100.796039,37.496555,195.4545898,"132-197"
"715","Haskell",-245.27,NA,1980-10-09,372944100474902,81,0,c(-100.796039, 37.496555),"1980","287-216",-100.796039,37.496555,195.4545898,"132-197"
"716","Haskell",-256.99,NA,1980-01-09,373129100490301,81,0,c(-100.8175897, 37.5248605),"1980","287-216",-100.8175897,37.5248605,201.1058502,"198-262"
"717","Rush",-34.27,NA,1980-12-30,382848099102901,165,0,c(-99.1751033, 38.4794253),"1980","71-0",-99.1751033,38.4794253,25,"0-65"
"718","Finney",-77.65,"SCOTT CITY 4 SE",1980-01-04,380146100331301,55,0,c(-100.5551269, 38.0307293),"1980","143-72",-100.5551269,38.0307293,22.9393082,"0-65"
"719","Reno",-39.02,NA,1980-01-23,380139098040501,155,0,c(-98.0680754, 38.0270026),"1980","71-0",-98.0680754,38.0270026,123.8535614,"66-131"
"720","Finney",-87.56,"GARDEN CITY WEST",1980-05-05,375509100592102,55,0,c(-100.9894338, 37.9194342),"1980","143-72",-100.9894338,37.9194342,278.6968689,"263-328"
"721","Finney",-92.2,"GARDEN CITY WEST",1980-07-15,375509100592102,55,0,c(-100.9894338, 37.9194342),"1980","143-72",-100.9894338,37.9194342,278.6968689,"263-328"
"722","Finney",-110.86,"GARDEN CITY WEST",1980-10-01,375509100592102,55,0,c(-100.9894338, 37.9194342),"1980","143-72",-100.9894338,37.9194342,278.6968689,"263-328"
"723","Finney",-74.72,"GARDEN CITY WEST",1980-05-05,375509100590501,55,0,c(-100.9849704, 37.919467),"1980","143-72",-100.9849704,37.919467,282.413147,"263-328"
"724","Finney",-94.82,"GARDEN CITY WEST",1980-07-15,375509100590501,55,0,c(-100.9849704, 37.919467),"1980","143-72",-100.9849704,37.919467,282.413147,"263-328"
"725","Finney",-133.2,"GARDEN CITY WEST",1980-10-01,375509100590501,55,0,c(-100.9849704, 37.919467),"1980","143-72",-100.9849704,37.919467,282.413147,"263-328"
"726","Scott",-60.69,"Scott City",1980-01-05,382539100541601,171,0,c(-100.90593, 38.4281),"1980","71-0",-100.90593,38.4281,111.7660065,"66-131"
"727","Scott",-60.43,"Scott City",1980-01-10,382539100541601,171,0,c(-100.90593, 38.4281),"1980","71-0",-100.90593,38.4281,111.7660065,"66-131"
"728","Scott",-62.36,"Scott City",1980-01-14,382539100541601,171,0,c(-100.90593, 38.4281),"1980","71-0",-100.90593,38.4281,111.7660065,"66-131"
"729","Scott",-60.44,"Scott City",1980-01-15,382539100541601,171,0,c(-100.90593, 38.4281),"1980","71-0",-100.90593,38.4281,111.7660065,"66-131"
"730","Scott",-60.33,"Scott City",1980-01-20,382539100541601,171,0,c(-100.90593, 38.4281),"1980","71-0",-100.90593,38.4281,111.7660065,"66-131"
"731","Scott",-60.18,"Scott City",1980-01-25,382539100541601,171,0,c(-100.90593, 38.4281),"1980","71-0",-100.90593,38.4281,111.7660065,"66-131"
"732","Scott",-60.1,"Scott City",1980-01-31,382539100541601,171,0,c(-100.90593, 38.4281),"1980","71-0",-100.90593,38.4281,111.7660065,"66-131"
"733","Scott",-59.95,"Scott City",1980-02-05,382539100541601,171,0,c(-100.90593, 38.4281),"1980","71-0",-100.90593,38.4281,111.7660065,"66-131"
"734","Scott",-59.75,"Scott City",1980-02-10,382539100541601,171,0,c(-100.90593, 38.4281),"1980","71-0",-100.90593,38.4281,111.7660065,"66-131"
"735","Scott",-59.72,"Scott City",1980-02-15,382539100541601,171,0,c(-100.90593, 38.4281),"1980","71-0",-100.90593,38.4281,111.7660065,"66-131"
"736","Scott",-59.38,"Scott City",1980-02-20,382539100541601,171,0,c(-100.90593, 38.4281),"1980","71-0",-100.90593,38.4281,111.7660065,"66-131"
"737","Scott",-59.51,"Scott City",1980-02-25,382539100541601,171,0,c(-100.90593, 38.4281),"1980","71-0",-100.90593,38.4281,111.7660065,"66-131"
"738","Scott",-59.26,"Scott City",1980-03-05,382539100541601,171,0,c(-100.90593, 38.4281),"1980","71-0",-100.90593,38.4281,111.7660065,"66-131"
"739","Scott",-59.1,"Scott City",1980-03-10,382539100541601,171,0,c(-100.90593, 38.4281),"1980","71-0",-100.90593,38.4281,111.7660065,"66-131"
"740","Scott",-58.91,"Scott City",1980-03-15,382539100541601,171,0,c(-100.90593, 38.4281),"1980","71-0",-100.90593,38.4281,111.7660065,"66-131"
"741","Scott",-59.1,"Scott City",1980-03-20,382539100541601,171,0,c(-100.90593, 38.4281),"1980","71-0",-100.90593,38.4281,111.7660065,"66-131"
"742","Scott",-58.96,"Scott City",1980-03-25,382539100541601,171,0,c(-100.90593, 38.4281),"1980","71-0",-100.90593,38.4281,111.7660065,"66-131"
"743","Scott",-58.79,"Scott City",1980-03-31,382539100541601,171,0,c(-100.90593, 38.4281),"1980","71-0",-100.90593,38.4281,111.7660065,"66-131"
"744","Scott",-58.68,"Scott City",1980-04-05,382539100541601,171,0,c(-100.90593, 38.4281),"1980","71-0",-100.90593,38.4281,111.7660065,"66-131"
"745","Scott",-58.63,"Scott City",1980-04-10,382539100541601,171,0,c(-100.90593, 38.4281),"1980","71-0",-100.90593,38.4281,111.7660065,"66-131"
"746","Scott",-58.62,"Scott City",1980-04-15,382539100541601,171,0,c(-100.90593, 38.4281),"1980","71-0",-100.90593,38.4281,111.7660065,"66-131"
"747","Scott",-58.68,"Scott City",1980-04-20,382539100541601,171,0,c(-100.90593, 38.4281),"1980","71-0",-100.90593,38.4281,111.7660065,"66-131"
"748","Scott",-58.56,"Scott City",1980-04-22,382539100541601,171,0,c(-100.90593, 38.4281),"1980","71-0",-100.90593,38.4281,111.7660065,"66-131"
"749","Scott",-58.58,"Scott City",1980-04-25,382539100541601,171,0,c(-100.90593, 38.4281),"1980","71-0",-100.90593,38.4281,111.7660065,"66-131"
"750","Scott",-58.53,"Scott City",1980-04-30,382539100541601,171,0,c(-100.90593, 38.4281),"1980","71-0",-100.90593,38.4281,111.7660065,"66-131"
"751","Scott",-58.53,"Scott City",1980-05-05,382539100541601,171,0,c(-100.90593, 38.4281),"1980","71-0",-100.90593,38.4281,111.7660065,"66-131"
"752","Scott",-58.43,"Scott City",1980-05-10,382539100541601,171,0,c(-100.90593, 38.4281),"1980","71-0",-100.90593,38.4281,111.7660065,"66-131"
"753","Scott",-58.46,"Scott City",1980-05-15,382539100541601,171,0,c(-100.90593, 38.4281),"1980","71-0",-100.90593,38.4281,111.7660065,"66-131"
"754","Scott",-58.36,"Scott City",1980-05-20,382539100541601,171,0,c(-100.90593, 38.4281),"1980","71-0",-100.90593,38.4281,111.7660065,"66-131"
"755","Scott",-58.29,"Scott City",1980-05-25,382539100541601,171,0,c(-100.90593, 38.4281),"1980","71-0",-100.90593,38.4281,111.7660065,"66-131"
"756","Scott",-58.1,"Scott City",1980-05-31,382539100541601,171,0,c(-100.90593, 38.4281),"1980","71-0",-100.90593,38.4281,111.7660065,"66-131"
"757","Scott",-58.07,"Scott City",1980-06-05,382539100541601,171,0,c(-100.90593, 38.4281),"1980","71-0",-100.90593,38.4281,111.7660065,"66-131"
"758","Scott",-57.99,"Scott City",1980-06-10,382539100541601,171,0,c(-100.90593, 38.4281),"1980","71-0",-100.90593,38.4281,111.7660065,"66-131"
"759","Scott",-58.16,"Scott City",1980-06-15,382539100541601,171,0,c(-100.90593, 38.4281),"1980","71-0",-100.90593,38.4281,111.7660065,"66-131"
"760","Scott",-58.31,"Scott City",1980-06-20,382539100541601,171,0,c(-100.90593, 38.4281),"1980","71-0",-100.90593,38.4281,111.7660065,"66-131"
"761","Scott",-58.24,"Scott City",1980-06-25,382539100541601,171,0,c(-100.90593, 38.4281),"1980","71-0",-100.90593,38.4281,111.7660065,"66-131"
"762","Scott",-58.23,"Scott City",1980-06-30,382539100541601,171,0,c(-100.90593, 38.4281),"1980","71-0",-100.90593,38.4281,111.7660065,"66-131"
"763","Scott",-58.26,"Scott City",1980-07-05,382539100541601,171,0,c(-100.90593, 38.4281),"1980","71-0",-100.90593,38.4281,111.7660065,"66-131"
"764","Scott",-58.41,"Scott City",1980-07-10,382539100541601,171,0,c(-100.90593, 38.4281),"1980","71-0",-100.90593,38.4281,111.7660065,"66-131"
"765","Scott",-59.31,"Scott City",1980-07-15,382539100541601,171,0,c(-100.90593, 38.4281),"1980","71-0",-100.90593,38.4281,111.7660065,"66-131"
"766","Scott",-59.99,"Scott City",1980-07-20,382539100541601,171,0,c(-100.90593, 38.4281),"1980","71-0",-100.90593,38.4281,111.7660065,"66-131"
"767","Scott",-60.29,"Scott City",1980-07-22,382539100541601,171,0,c(-100.90593, 38.4281),"1980","71-0",-100.90593,38.4281,111.7660065,"66-131"
"768","Scott",-60.71,"Scott City",1980-07-25,382539100541601,171,0,c(-100.90593, 38.4281),"1980","71-0",-100.90593,38.4281,111.7660065,"66-131"
"769","Scott",-61.15,"Scott City",1980-07-31,382539100541601,171,0,c(-100.90593, 38.4281),"1980","71-0",-100.90593,38.4281,111.7660065,"66-131"
"770","Scott",-61.49,"Scott City",1980-08-05,382539100541601,171,0,c(-100.90593, 38.4281),"1980","71-0",-100.90593,38.4281,111.7660065,"66-131"
"771","Scott",-61.75,"Scott City",1980-08-10,382539100541601,171,0,c(-100.90593, 38.4281),"1980","71-0",-100.90593,38.4281,111.7660065,"66-131"
"772","Scott",-61.94,"Scott City",1980-08-15,382539100541601,171,0,c(-100.90593, 38.4281),"1980","71-0",-100.90593,38.4281,111.7660065,"66-131"
"773","Scott",-62.16,"Scott City",1980-08-20,382539100541601,171,0,c(-100.90593, 38.4281),"1980","71-0",-100.90593,38.4281,111.7660065,"66-131"
"774","Scott",-62.09,"Scott City",1980-08-25,382539100541601,171,0,c(-100.90593, 38.4281),"1980","71-0",-100.90593,38.4281,111.7660065,"66-131"
"775","Scott",-62.18,"Scott City",1980-08-31,382539100541601,171,0,c(-100.90593, 38.4281),"1980","71-0",-100.90593,38.4281,111.7660065,"66-131"
"776","Scott",-62.25,"Scott City",1980-09-05,382539100541601,171,0,c(-100.90593, 38.4281),"1980","71-0",-100.90593,38.4281,111.7660065,"66-131"
"777","Scott",-62.16,"Scott City",1980-09-10,382539100541601,171,0,c(-100.90593, 38.4281),"1980","71-0",-100.90593,38.4281,111.7660065,"66-131"
"778","Scott",-62.08,"Scott City",1980-09-15,382539100541601,171,0,c(-100.90593, 38.4281),"1980","71-0",-100.90593,38.4281,111.7660065,"66-131"
"779","Scott",-62.16,"Scott City",1980-09-20,382539100541601,171,0,c(-100.90593, 38.4281),"1980","71-0",-100.90593,38.4281,111.7660065,"66-131"
"780","Scott",-62.36,"Scott City",1980-09-25,382539100541601,171,0,c(-100.90593, 38.4281),"1980","71-0",-100.90593,38.4281,111.7660065,"66-131"
"781","Scott",-62.36,"Scott City",1980-09-30,382539100541601,171,0,c(-100.90593, 38.4281),"1980","71-0",-100.90593,38.4281,111.7660065,"66-131"
"782","Scott",-62.44,"Scott City",1980-10-01,382539100541601,171,0,c(-100.90593, 38.4281),"1980","71-0",-100.90593,38.4281,111.7660065,"66-131"
"783","Scott",-32.68,NA,1980-01-30,381845100430801,171,0,c(-100.7213742, 38.3120486),"1980","71-0",-100.7213742,38.3120486,10,"0-65"
"784","Scott",-79.08,NA,1980-01-15,382854100454601,171,0,c(-100.7655526, 38.4819864),"1980","143-72",-100.7655526,38.4819864,38.4426727,"0-65"
"785","Wichita",-124.83,NA,1980-01-17,383029101324201,203,0,c(-101.5463, 38.5077548),"1980","143-72",-101.5463,38.5077548,34.8169785,"0-65"
"786","Ford",-195.31,NA,1980-01-04,375031099482101,57,0,c(-99.8068925, 37.841187),"1980","215-144",-99.8068925,37.841187,10,"0-65"
"787","Lane",-99.43,"Shields SE",1980-01-14,383320100201101,101,0,c(-100.340233, 38.5533839),"1980","143-72",-100.340233,38.5533839,16.5997066,"0-65"
"788","Lane",-72.84,"Dighton",1980-01-14,382925100271801,101,0,c(-100.458517, 38.491107),"1980","143-72",-100.458517,38.491107,35.2886658,"0-65"
"789","Scott",-129.17,NA,1980-01-17,383158100503301,171,0,c(-100.8431135, 38.5333996),"1980","143-72",-100.8431135,38.5333996,54.4227524,"0-65"
"790","Scott",-100.85,NA,1980-01-15,383414100430401,171,0,c(-100.7204108, 38.5699138),"1980","143-72",-100.7204108,38.5699138,44.4622917,"0-65"
"791","Sheridan",-142.23,"Grinnell North",1980-01-17,391401100384601,179,0,c(-100.6475214, 39.2342047),"1980","143-72",-100.6475214,39.2342047,52.4093361,"0-65"
"792","Sheridan",-141.57,"Grinnell North",1980-03-13,391401100384601,179,0,c(-100.6475214, 39.2342047),"1980","143-72",-100.6475214,39.2342047,52.4093361,"0-65"
"793","Sheridan",-140.81,"Grinnell North",1980-06-04,391401100384601,179,0,c(-100.6475214, 39.2342047),"1980","143-72",-100.6475214,39.2342047,52.4093361,"0-65"
"794","Sheridan",-147.9,"Grinnell North",1980-09-11,391401100384601,179,0,c(-100.6475214, 39.2342047),"1980","215-144",-100.6475214,39.2342047,52.4093361,"0-65"
"795","Wichita",-124.34,NA,1980-01-14,383346101275301,203,0,c(-101.467291, 38.561316),"1980","143-72",-101.467291,38.561316,30.3745918,"0-65"
"796","Wichita",-129.84,"Carwood Cemetery",1980-01-14,383551101255001,203,0,c(-101.4338045, 38.5966301),"1980","143-72",-101.4338045,38.5966301,39.0195122,"0-65"
"797","Reno",-52.74,"Yaggy",1980-01-23,380238098020201,155,0,c(-98.0330695, 38.0435536),"1980","71-0",-98.0330695,38.0435536,165.6692047,"132-197"
"798","Ford",-138.46,"Wright",1980-01-04,374442099573601,57,0,c(-99.96068, 37.7523),"1980","143-72",-99.96068,37.7523,112.6618652,"66-131"
"799","Ford",-133.13,"Wright",1980-04-09,374442099573601,57,0,c(-99.96068, 37.7523),"1980","143-72",-99.96068,37.7523,112.6618652,"66-131"
"800","Ford",-134.65,"Wright",1980-06-25,374442099573601,57,0,c(-99.96068, 37.7523),"1980","143-72",-99.96068,37.7523,112.6618652,"66-131"
"801","Ford",-141.04,"Wright",1980-09-23,374442099573601,57,0,c(-99.96068, 37.7523),"1980","143-72",-99.96068,37.7523,112.6618652,"66-131"
"802","Ford",-37.37,NA,1980-01-04,374422099582501,57,0,c(-99.9754423, 37.7460262),"1980","71-0",-99.9754423,37.7460262,125.9997559,"66-131"
"803","Ford",-32.13,NA,1980-01-04,374422099580101,57,0,c(-99.9686071, 37.7459382),"1980","71-0",-99.9686071,37.7459382,122.8463593,"66-131"
"804","Ford",-17.43,NA,1980-01-04,374356099581701,57,0,c(-99.9729921, 37.7387536),"1980","71-0",-99.9729921,37.7387536,123.0897217,"66-131"
"805","Ford",-25.28,NA,1980-06-25,374409099582502,57,0,c(-99.9753449, 37.7424037),"1980","71-0",-99.9753449,37.7424037,127.0583344,"66-131"
"806","Ford",-39.82,NA,1980-09-23,374409099582502,57,0,c(-99.9753449, 37.7424037),"1980","71-0",-99.9753449,37.7424037,127.0583344,"66-131"
"807","Reno",-6.63,"Hutchinson SE",1980-01-29,380555097473101,155,0,c(-97.793009, 38.099811),"1980","71-0",-97.793009,38.099811,115.598114,"66-131"
"808","Reno",-6.63,"Hutchinson SE",1980-01-30,380555097473101,155,0,c(-97.793009, 38.099811),"1980","71-0",-97.793009,38.099811,115.598114,"66-131"
"809","Finney",-86.63,"Plymell",1980-01-10,375020100474201,55,0,c(-100.795838, 37.839753),"1980","143-72",-100.795838,37.839753,244.4213867,"198-262"
"810","Wichita",-152.78,"Leoti NW",1980-01-14,382852101250901,203,0,c(-101.4215727, 38.4802595),"1980","215-144",-101.4215727,38.4802595,12.0792866,"0-65"
"811","Wichita",-150.78,"Leoti NW",1980-04-22,382852101250901,203,0,c(-101.4215727, 38.4802595),"1980","215-144",-101.4215727,38.4802595,12.0792866,"0-65"
"812","Wichita",-154.14,"Leoti NW",1980-10-07,382852101250901,203,0,c(-101.4215727, 38.4802595),"1980","215-144",-101.4215727,38.4802595,12.0792866,"0-65"
"813","Ford",-61.48,"Spearville",1980-01-04,375206099451001,57,0,c(-99.753734, 37.868939),"1980","71-0",-99.753734,37.868939,10,"0-65"
"814","Ford",-61.4,"Spearville",1980-04-10,375206099451001,57,0,c(-99.753734, 37.868939),"1980","71-0",-99.753734,37.868939,10,"0-65"
"815","Ford",-61.4,"Spearville",1980-06-25,375206099451001,57,0,c(-99.753734, 37.868939),"1980","71-0",-99.753734,37.868939,10,"0-65"
"816","Ford",-65.97,"Spearville",1980-09-22,375206099451001,57,0,c(-99.753734, 37.868939),"1980","71-0",-99.753734,37.868939,10,"0-65"
"817","Ford",-114,"DODGE CITY",1980-09-11,374705100063701,57,0,c(-100.111012, 37.7846797),"1980","143-72",-100.111012,37.7846797,110.5848465,"66-131"
"818","Scott",-120.5,"SHALLOW WATER",1980-01-14,382223100594602,171,0,c(-100.997239, 38.3730561),"1980","143-72",-100.997239,38.3730561,41.9734688,"0-65"
"819","Lane",-101.38,"Cheyenne Creek",1980-01-14,383743100295901,101,0,c(-100.500866, 38.627432),"1980","143-72",-100.500866,38.627432,34.1845779,"0-65"
"820","Ford",-33.93,NA,1980-01-04,374357099570302,57,0,c(-99.9526882, 37.7385401),"1980","71-0",-99.9526882,37.7385401,109.8614197,"66-131"
"821","Scott",-134.77,"Pence SE",1980-01-15,383250101012901,171,0,c(-101.026429, 38.547359),"1980","143-72",-101.026429,38.547359,31.8990078,"0-65"
"822","Wichita",-127.5,NA,1980-01-31,383113101091201,203,0,c(-101.1549283, 38.5183886),"1980","143-72",-101.1549283,38.5183886,34.347271,"0-65"
"823","Wichita",-136.4,"RUSSELL SPRINGS 3 SE",1980-01-14,383130101215201,203,0,c(-101.3667486, 38.5241051),"1980","143-72",-101.3667486,38.5241051,24.6914101,"0-65"
"824","Finney",-162.99,"WOLF",1980-01-15,380510101024501,55,0,c(-101.0466611, 38.0860396),"1980","215-144",-101.0466611,38.0860396,119.1931458,"66-131"
"825","Wichita",-128.61,"SELKIRK",1980-01-14,382831101321702,203,0,c(-101.538544, 38.474017),"1980","143-72",-101.538544,38.474017,29.3373852,"0-65"
"826","Wichita",-134.31,"SELKIRK",1980-04-22,382831101321702,203,0,c(-101.538544, 38.474017),"1980","143-72",-101.538544,38.474017,29.3373852,"0-65"
"827","Lane",-84.06,"Healy",1980-01-15,383130100354301,101,0,c(-100.594921, 38.525637),"1980","143-72",-100.594921,38.525637,74.7431488,"66-131"
"828","Lane",-81.58,"Healy",1980-04-15,383130100354301,101,0,c(-100.594921, 38.525637),"1980","143-72",-100.594921,38.525637,74.7431488,"66-131"
"829","Lane",-86.79,"Healy",1980-07-14,383130100354301,101,0,c(-100.594921, 38.525637),"1980","143-72",-100.594921,38.525637,74.7431488,"66-131"
"830","Ford",-31.53,"Fort Dodge",1980-01-04,374357099570301,57,0,c(-99.95183, 37.7382),"1980","71-0",-99.95183,37.7382,109.8614197,"66-131"
"831","Ford",-29.91,"Fort Dodge",1980-04-09,374357099570301,57,0,c(-99.95183, 37.7382),"1980","71-0",-99.95183,37.7382,109.8614197,"66-131"
"832","Ford",-33.36,"Fort Dodge",1980-06-25,374357099570301,57,0,c(-99.95183, 37.7382),"1980","71-0",-99.95183,37.7382,109.8614197,"66-131"
"833","Ford",-39.63,"Fort Dodge",1980-09-23,374357099570301,57,0,c(-99.95183, 37.7382),"1980","71-0",-99.95183,37.7382,109.8614197,"66-131"
"834","Scott",-163.96,NA,1980-01-14,383850101055501,171,0,c(-101.0998867, 38.6461106),"1980","215-144",-101.0998867,38.6461106,12.86903,"0-65"
"835","Wichita",-86.65,"LEOTI",1980-01-16,382913101163001,203,0,c(-101.2760933, 38.4855689),"1980","143-72",-101.2760933,38.4855689,45.7803459,"0-65"
"836","Wichita",-127.1,NA,1980-01-16,382900101195601,203,0,c(-101.3344079, 38.4824493),"1980","143-72",-101.3344079,38.4824493,30.7990646,"0-65"
"837","Wichita",-134.07,"South of Twin Butte",1980-01-31,383829101293201,203,0,c(-101.494943, 38.639194),"1980","143-72",-101.494943,38.639194,42.2455902,"0-65"
"838","Scott",-109.15,NA,1980-01-14,382954101045502,171,0,c(-101.0829958, 38.4978571),"1980","143-72",-101.0829958,38.4978571,27.8881321,"0-65"
"839","Finney",-92.26,"Deerfield NE",1980-01-15,375456101050301,55,0,c(-101.084746, 37.915693),"1980","143-72",-101.084746,37.915693,194.4598694,"132-197"
"840","Finney",-91.25,"Deerfield NE",1980-04-23,375456101050301,55,0,c(-101.084746, 37.915693),"1980","143-72",-101.084746,37.915693,194.4598694,"132-197"
"841","Finney",-93.2,"Deerfield NE",1980-07-09,375456101050301,55,0,c(-101.084746, 37.915693),"1980","143-72",-101.084746,37.915693,194.4598694,"132-197"
"842","Finney",-95.64,"Deerfield NE",1980-10-03,375456101050301,55,0,c(-101.084746, 37.915693),"1980","143-72",-101.084746,37.915693,194.4598694,"132-197"
"843","Finney",-96.5,"DEERFIELD NE",1980-01-17,375255101041801,55,0,c(-101.0900947, 37.8833705),"1980","143-72",-101.0900947,37.8833705,202.5648346,"198-262"
"844","Wichita",-126.66,NA,1980-01-15,383051101154901,203,0,c(-101.2664322, 38.5140593),"1980","143-72",-101.2664322,38.5140593,44.3729362,"0-65"
"845","Logan",-102.42,"Oakley SW",1980-01-07,390521100542901,109,0,c(-100.909327, 39.089688),"1980","143-72",-100.909327,39.089688,77.8406143,"66-131"
"846","Logan",-101.91,"Oakley SW",1980-03-12,390521100542901,109,0,c(-100.909327, 39.089688),"1980","143-72",-100.909327,39.089688,77.8406143,"66-131"
"847","Logan",-101.89,"Oakley SW",1980-06-05,390521100542901,109,0,c(-100.909327, 39.089688),"1980","143-72",-100.909327,39.089688,77.8406143,"66-131"
"848","Logan",-107.12,"Oakley SW",1980-09-10,390521100542901,109,0,c(-100.909327, 39.089688),"1980","143-72",-100.909327,39.089688,77.8406143,"66-131"
"849","Sheridan",-26.98,"Hoxie",1980-01-17,391801100273801,179,0,c(-100.460018, 39.300885),"1980","71-0",-100.460018,39.300885,49.7594147,"0-65"
"850","Wichita",-123.35,"RUSSELL SPRINGS 3 NW",1980-01-14,384113101243701,203,0,c(-101.4134786, 38.6849664),"1980","143-72",-101.4134786,38.6849664,12.8371429,"0-65"
"851","Wichita",-114.42,NA,1980-02-01,383551101294901,203,0,c(-101.4976614, 38.5970665),"1980","143-72",-101.4976614,38.5970665,38.3861313,"0-65"
"852","Finney",-120.14,"GARDEN CITY 3 NE",1980-01-11,374420100472201,55,0,c(-100.7900352, 37.7393815),"1980","143-72",-100.7900352,37.7393815,264.2825928,"263-328"
"853","Scott",-134.25,"Lake Scott SW",1980-01-15,383448100555801,171,0,c(-100.934027, 38.579288),"1980","143-72",-100.934027,38.579288,49.449173,"0-65"
"854","Ford",-174.74,"Spearville",1980-04-10,374725099485601,57,0,c(-99.8159049, 37.7979629),"1980","215-144",-99.8159049,37.7979629,10,"0-65"
"855","Ford",-175.72,"Spearville",1980-06-24,374725099485601,57,0,c(-99.8159049, 37.7979629),"1980","215-144",-99.8159049,37.7979629,10,"0-65"
"856","Ford",-188.86,"Spearville",1980-09-22,374725099485601,57,0,c(-99.8159049, 37.7979629),"1980","215-144",-99.8159049,37.7979629,10,"0-65"
"857","Sheridan",-96.24,NA,1980-01-18,392006100345001,179,0,c(-100.5818193, 39.3350148),"1980","143-72",-100.5818193,39.3350148,76.2760925,"66-131"
"858","Kiowa",-15.68,"Greensburg NE",1980-01-21,374117099193001,97,0,c(-99.3263388, 37.6905812),"1980","71-0",-99.3263388,37.6905812,118.9040146,"66-131"
"859","Kiowa",-16.09,"Greensburg NE",1980-03-21,374117099193001,97,0,c(-99.3263388, 37.6905812),"1980","71-0",-99.3263388,37.6905812,118.9040146,"66-131"
"860","Stafford",-18.85,"Stafford",1980-01-01,375345098360303,185,0,c(-98.600549, 37.89541),"1980","71-0",-98.600549,37.89541,131.5118866,"66-131"
"861","Stafford",-15.22,"Stafford",1980-05-08,375345098360303,185,0,c(-98.600549, 37.89541),"1980","71-0",-98.600549,37.89541,131.5118866,"66-131"
"862","Stafford",-18.99,"Stafford",1980-01-01,375345098360302,185,0,c(-98.600521, 37.89541),"1980","71-0",-98.600521,37.89541,131.5118866,"66-131"
"863","Stafford",-15.31,"Stafford",1980-05-08,375345098360302,185,0,c(-98.600521, 37.89541),"1980","71-0",-98.600521,37.89541,131.5118866,"66-131"
"864","Graham",-97.42,"Lenora West",1980-03-10,393032100002001,65,0,c(-100.007001, 39.5089425),"1980","143-72",-100.007001,39.5089425,135.1290588,"132-197"
"865","Graham",-97.27,"Lenora West",1980-06-02,393032100002001,65,0,c(-100.007001, 39.5089425),"1980","143-72",-100.007001,39.5089425,135.1290588,"132-197"
"866","Graham",-103.47,"Lenora West",1980-09-08,393032100002001,65,0,c(-100.007001, 39.5089425),"1980","143-72",-100.007001,39.5089425,135.1290588,"132-197"
"867","Graham",-99.18,"Lenora West",1980-12-18,393032100002001,65,0,c(-100.007001, 39.5089425),"1980","143-72",-100.007001,39.5089425,135.1290588,"132-197"
"868","Ford",-97.1,"ENSIGN",1980-09-11,374400100095401,57,0,c(-100.1651923, 37.7338878),"1980","143-72",-100.1651923,37.7338878,104.2277451,"66-131"
"869","Harvey",-45.02,NA,1980-01-29,380950097341701,79,0,c(-97.5732559, 38.1641884),"1980","71-0",-97.5732559,38.1641884,68.1383133,"66-131"
"870","Scott",-130.9,NA,1980-02-25,383415100542701,171,0,c(-100.9082239, 38.5697158),"1980","143-72",-100.9082239,38.5697158,58.2866821,"0-65"
"871","Scott",-137.37,NA,1980-01-14,383237100581901,171,0,c(-100.9732812, 38.5429906),"1980","143-72",-100.9732812,38.5429906,51.0242996,"0-65"
"872","Ford",-157.53,"FORT DODGE SW",1980-01-04,373131099591001,57,0,c(-99.988593, 37.5306483),"1980","215-144",-99.988593,37.5306483,48.4045258,"0-65"
"873","Hodgeman",-180.8,NA,1980-01-02,380701099535801,83,0,c(-99.902876, 38.118218),"1980","215-144",-99.902876,38.118218,NA,NA
"874","Hodgeman",-154.6,"Jetmore",1980-01-02,380609099540701,83,0,c(-99.902066, 38.103333),"1980","215-144",-99.902066,38.103333,NA,NA
"875","Hodgeman",-142.72,"Jetmore",1980-04-09,380609099540701,83,0,c(-99.902066, 38.103333),"1980","143-72",-99.902066,38.103333,NA,NA
"876","Hodgeman",-141.64,"Jetmore",1980-06-25,380609099540701,83,0,c(-99.902066, 38.103333),"1980","143-72",-99.902066,38.103333,NA,NA
"877","Hodgeman",-186.66,"Jetmore",1980-09-24,380609099540701,83,0,c(-99.902066, 38.103333),"1980","215-144",-99.902066,38.103333,NA,NA
"878","Smith",-11.82,NA,1980-05-30,393936098511301,183,0,c(-98.851285, 39.661541),"1980","71-0",-98.851285,39.661541,NA,NA
"879","Ford",-11.47,"FT DODGE",1980-01-04,374258099555701,57,0,c(-99.93613, 37.72142),"1980","71-0",-99.93613,37.72142,112.2313385,"66-131"
"880","Ford",-11.58,"FT DODGE",1980-02-04,374258099555701,57,0,c(-99.93613, 37.72142),"1980","71-0",-99.93613,37.72142,112.2313385,"66-131"
"881","Ford",-11.6,"FT DODGE",1980-02-05,374258099555701,57,0,c(-99.93613, 37.72142),"1980","71-0",-99.93613,37.72142,112.2313385,"66-131"
"882","Ford",-11.5,"FT DODGE",1980-02-10,374258099555701,57,0,c(-99.93613, 37.72142),"1980","71-0",-99.93613,37.72142,112.2313385,"66-131"
"883","Ford",-10.88,"FT DODGE",1980-02-15,374258099555701,57,0,c(-99.93613, 37.72142),"1980","71-0",-99.93613,37.72142,112.2313385,"66-131"
"884","Ford",-10.63,"FT DODGE",1980-02-20,374258099555701,57,0,c(-99.93613, 37.72142),"1980","71-0",-99.93613,37.72142,112.2313385,"66-131"
"885","Ford",-10.75,"FT DODGE",1980-02-25,374258099555701,57,0,c(-99.93613, 37.72142),"1980","71-0",-99.93613,37.72142,112.2313385,"66-131"
"886","Ford",-11.28,"FT DODGE",1980-03-04,374258099555701,57,0,c(-99.93613, 37.72142),"1980","71-0",-99.93613,37.72142,112.2313385,"66-131"
"887","Ford",-11.53,"FT DODGE",1980-03-05,374258099555701,57,0,c(-99.93613, 37.72142),"1980","71-0",-99.93613,37.72142,112.2313385,"66-131"
"888","Ford",-10.9,"FT DODGE",1980-03-10,374258099555701,57,0,c(-99.93613, 37.72142),"1980","71-0",-99.93613,37.72142,112.2313385,"66-131"
"889","Ford",-10.77,"FT DODGE",1980-03-15,374258099555701,57,0,c(-99.93613, 37.72142),"1980","71-0",-99.93613,37.72142,112.2313385,"66-131"
"890","Ford",-10.78,"FT DODGE",1980-03-20,374258099555701,57,0,c(-99.93613, 37.72142),"1980","71-0",-99.93613,37.72142,112.2313385,"66-131"
"891","Ford",-10.9,"FT DODGE",1980-03-25,374258099555701,57,0,c(-99.93613, 37.72142),"1980","71-0",-99.93613,37.72142,112.2313385,"66-131"
"892","Ford",-10.92,"FT DODGE",1980-03-31,374258099555701,57,0,c(-99.93613, 37.72142),"1980","71-0",-99.93613,37.72142,112.2313385,"66-131"
"893","Ford",-11.1,"FT DODGE",1980-04-05,374258099555701,57,0,c(-99.93613, 37.72142),"1980","71-0",-99.93613,37.72142,112.2313385,"66-131"
"894","Ford",-11.59,"FT DODGE",1980-04-09,374258099555701,57,0,c(-99.93613, 37.72142),"1980","71-0",-99.93613,37.72142,112.2313385,"66-131"
"895","Ford",-11.96,"FT DODGE",1980-04-10,374258099555701,57,0,c(-99.93613, 37.72142),"1980","71-0",-99.93613,37.72142,112.2313385,"66-131"
"896","Ford",-12.57,"FT DODGE",1980-04-15,374258099555701,57,0,c(-99.93613, 37.72142),"1980","71-0",-99.93613,37.72142,112.2313385,"66-131"
"897","Ford",-13.4,"FT DODGE",1980-04-20,374258099555701,57,0,c(-99.93613, 37.72142),"1980","71-0",-99.93613,37.72142,112.2313385,"66-131"
"898","Ford",-14.25,"FT DODGE",1980-04-25,374258099555701,57,0,c(-99.93613, 37.72142),"1980","71-0",-99.93613,37.72142,112.2313385,"66-131"
"899","Ford",-10.26,"FT DODGE",1980-04-30,374258099555701,57,0,c(-99.93613, 37.72142),"1980","71-0",-99.93613,37.72142,112.2313385,"66-131"
"900","Ford",-12.52,"FT DODGE",1980-05-05,374258099555701,57,0,c(-99.93613, 37.72142),"1980","71-0",-99.93613,37.72142,112.2313385,"66-131"
"901","Ford",-11.5,"FT DODGE",1980-05-10,374258099555701,57,0,c(-99.93613, 37.72142),"1980","71-0",-99.93613,37.72142,112.2313385,"66-131"
"902","Ford",-10.46,"FT DODGE",1980-05-15,374258099555701,57,0,c(-99.93613, 37.72142),"1980","71-0",-99.93613,37.72142,112.2313385,"66-131"
"903","Ford",-11.41,"FT DODGE",1980-05-20,374258099555701,57,0,c(-99.93613, 37.72142),"1980","71-0",-99.93613,37.72142,112.2313385,"66-131"
"904","Ford",-11.56,"FT DODGE",1980-05-23,374258099555701,57,0,c(-99.93613, 37.72142),"1980","71-0",-99.93613,37.72142,112.2313385,"66-131"
"905","Ford",-12.71,"FT DODGE",1980-05-25,374258099555701,57,0,c(-99.93613, 37.72142),"1980","71-0",-99.93613,37.72142,112.2313385,"66-131"
"906","Ford",-11.47,"FT DODGE",1980-05-31,374258099555701,57,0,c(-99.93613, 37.72142),"1980","71-0",-99.93613,37.72142,112.2313385,"66-131"
"907","Ford",-15.3,"FT DODGE",1980-06-05,374258099555701,57,0,c(-99.93613, 37.72142),"1980","71-0",-99.93613,37.72142,112.2313385,"66-131"
"908","Ford",-18.6,"FT DODGE",1980-06-10,374258099555701,57,0,c(-99.93613, 37.72142),"1980","71-0",-99.93613,37.72142,112.2313385,"66-131"
"909","Ford",-15.26,"FT DODGE",1980-06-15,374258099555701,57,0,c(-99.93613, 37.72142),"1980","71-0",-99.93613,37.72142,112.2313385,"66-131"
"910","Ford",-10.62,"FT DODGE",1980-06-20,374258099555701,57,0,c(-99.93613, 37.72142),"1980","71-0",-99.93613,37.72142,112.2313385,"66-131"
"911","Ford",-14.42,"FT DODGE",1980-06-25,374258099555701,57,0,c(-99.93613, 37.72142),"1980","71-0",-99.93613,37.72142,112.2313385,"66-131"
"912","Ford",-13.67,"FT DODGE",1980-06-30,374258099555701,57,0,c(-99.93613, 37.72142),"1980","71-0",-99.93613,37.72142,112.2313385,"66-131"
"913","Ford",-28.89,"FT DODGE",1980-07-24,374258099555701,57,0,c(-99.93613, 37.72142),"1980","71-0",-99.93613,37.72142,112.2313385,"66-131"
"914","Ford",-28.43,"FT DODGE",1980-07-25,374258099555701,57,0,c(-99.93613, 37.72142),"1980","71-0",-99.93613,37.72142,112.2313385,"66-131"
"915","Ford",-34.9,"FT DODGE",1980-07-31,374258099555701,57,0,c(-99.93613, 37.72142),"1980","71-0",-99.93613,37.72142,112.2313385,"66-131"
"916","Ford",-34.78,"FT DODGE",1980-08-05,374258099555701,57,0,c(-99.93613, 37.72142),"1980","71-0",-99.93613,37.72142,112.2313385,"66-131"
"917","Ford",-32.67,"FT DODGE",1980-08-10,374258099555701,57,0,c(-99.93613, 37.72142),"1980","71-0",-99.93613,37.72142,112.2313385,"66-131"
"918","Ford",-30.55,"FT DODGE",1980-08-15,374258099555701,57,0,c(-99.93613, 37.72142),"1980","71-0",-99.93613,37.72142,112.2313385,"66-131"
"919","Ford",-29.48,"FT DODGE",1980-08-20,374258099555701,57,0,c(-99.93613, 37.72142),"1980","71-0",-99.93613,37.72142,112.2313385,"66-131"
"920","Ford",-26.86,"FT DODGE",1980-08-25,374258099555701,57,0,c(-99.93613, 37.72142),"1980","71-0",-99.93613,37.72142,112.2313385,"66-131"
"921","Ford",-30.67,"FT DODGE",1980-08-27,374258099555701,57,0,c(-99.93613, 37.72142),"1980","71-0",-99.93613,37.72142,112.2313385,"66-131"
"922","Ford",-25.8,"FT DODGE",1980-08-31,374258099555701,57,0,c(-99.93613, 37.72142),"1980","71-0",-99.93613,37.72142,112.2313385,"66-131"
"923","Ford",-26.28,"FT DODGE",1980-09-05,374258099555701,57,0,c(-99.93613, 37.72142),"1980","71-0",-99.93613,37.72142,112.2313385,"66-131"
"924","Ford",-27.65,"FT DODGE",1980-09-10,374258099555701,57,0,c(-99.93613, 37.72142),"1980","71-0",-99.93613,37.72142,112.2313385,"66-131"
"925","Ford",-25.34,"FT DODGE",1980-09-15,374258099555701,57,0,c(-99.93613, 37.72142),"1980","71-0",-99.93613,37.72142,112.2313385,"66-131"
"926","Ford",-29.9,"FT DODGE",1980-09-20,374258099555701,57,0,c(-99.93613, 37.72142),"1980","71-0",-99.93613,37.72142,112.2313385,"66-131"
"927","Ford",-21.8,"FT DODGE",1980-09-23,374258099555701,57,0,c(-99.93613, 37.72142),"1980","71-0",-99.93613,37.72142,112.2313385,"66-131"
"928","Ford",-28.32,"FT DODGE",1980-09-25,374258099555701,57,0,c(-99.93613, 37.72142),"1980","71-0",-99.93613,37.72142,112.2313385,"66-131"
"929","Ford",-24.46,"FT DODGE",1980-09-30,374258099555701,57,0,c(-99.93613, 37.72142),"1980","71-0",-99.93613,37.72142,112.2313385,"66-131"
"930","Ford",-28.1,"FT DODGE",1980-10-01,374258099555701,57,0,c(-99.93613, 37.72142),"1980","71-0",-99.93613,37.72142,112.2313385,"66-131"
"931","Ford",-16.57,"FT DODGE",1980-11-01,374258099555701,57,0,c(-99.93613, 37.72142),"1980","71-0",-99.93613,37.72142,112.2313385,"66-131"
"932","Ford",-14.87,"FT DODGE",1980-11-20,374258099555701,57,0,c(-99.93613, 37.72142),"1980","71-0",-99.93613,37.72142,112.2313385,"66-131"
"933","Ford",-13.9,"FT DODGE",1980-12-01,374258099555701,57,0,c(-99.93613, 37.72142),"1980","71-0",-99.93613,37.72142,112.2313385,"66-131"
"934","Ford",-88.5,"FORD",1980-06-19,373820099503401,57,0,c(-99.8435886, 37.6389111),"1980","143-72",-99.8435886,37.6389111,97.429512,"66-131"
"935","Graham",-114.32,"HILL CITY 1 NW",1980-12-18,393019099463401,65,0,c(-99.7753317, 39.5066657),"1980","143-72",-99.7753317,39.5066657,88.4956055,"66-131"
"936","Graham",-57.91,"Edmond SE",1980-12-18,393216099503801,65,0,c(-99.84329, 39.538972),"1980","71-0",-99.84329,39.538972,136.3942871,"132-197"
"937","Graham",-86.22,"HOXIE 1 NE",1980-12-18,392611100040901,65,0,c(-100.069007, 39.436434),"1980","143-72",-100.069007,39.436434,97.1997833,"66-131"
"938","Rooks",-16.78,NA,1980-03-03,392612099102501,163,0,c(-99.1737411, 39.4364013),"1980","71-0",-99.1737411,39.4364013,NA,NA
"939","Rooks",-16.42,NA,1980-05-21,392612099102501,163,0,c(-99.1737411, 39.4364013),"1980","71-0",-99.1737411,39.4364013,NA,NA
"940","Rooks",-17.37,NA,1980-09-03,392612099102501,163,0,c(-99.1737411, 39.4364013),"1980","71-0",-99.1737411,39.4364013,NA,NA
"941","Rooks",-17.52,NA,1980-12-11,392612099102501,163,0,c(-99.1737411, 39.4364013),"1980","71-0",-99.1737411,39.4364013,NA,NA
"942","Ford",-19.23,"Fort Dodge",1980-01-04,374245099563001,57,0,c(-99.94334, 37.7183),"1980","71-0",-99.94334,37.7183,105.0960999,"66-131"
"943","Ford",-19.29,"Fort Dodge",1980-02-04,374245099563001,57,0,c(-99.94334, 37.7183),"1980","71-0",-99.94334,37.7183,105.0960999,"66-131"
"944","Ford",-19.01,"Fort Dodge",1980-03-04,374245099563001,57,0,c(-99.94334, 37.7183),"1980","71-0",-99.94334,37.7183,105.0960999,"66-131"
"945","Ford",-19.26,"Fort Dodge",1980-04-09,374245099563001,57,0,c(-99.94334, 37.7183),"1980","71-0",-99.94334,37.7183,105.0960999,"66-131"
"946","Ford",-22.9,"Fort Dodge",1980-04-25,374245099563001,57,0,c(-99.94334, 37.7183),"1980","71-0",-99.94334,37.7183,105.0960999,"66-131"
"947","Ford",-19.92,"Fort Dodge",1980-05-23,374245099563001,57,0,c(-99.94334, 37.7183),"1980","71-0",-99.94334,37.7183,105.0960999,"66-131"
"948","Ford",-22.85,"Fort Dodge",1980-06-25,374245099563001,57,0,c(-99.94334, 37.7183),"1980","71-0",-99.94334,37.7183,105.0960999,"66-131"
"949","Ford",-42.21,"Fort Dodge",1980-07-24,374245099563001,57,0,c(-99.94334, 37.7183),"1980","71-0",-99.94334,37.7183,105.0960999,"66-131"
"950","Ford",-40.54,"Fort Dodge",1980-08-27,374245099563001,57,0,c(-99.94334, 37.7183),"1980","71-0",-99.94334,37.7183,105.0960999,"66-131"
"951","Ford",-32.21,"Fort Dodge",1980-09-23,374245099563001,57,0,c(-99.94334, 37.7183),"1980","71-0",-99.94334,37.7183,105.0960999,"66-131"
"952","Ford",-23.67,"Fort Dodge",1980-11-20,374245099563001,57,0,c(-99.94334, 37.7183),"1980","71-0",-99.94334,37.7183,105.0960999,"66-131"
"953","Hodgeman",-53.02,"Spearville NW",1980-01-16,375911099560301,83,0,c(-99.931838, 37.986199),"1980","71-0",-99.931838,37.986199,10,"0-65"
"954","Hodgeman",-163.8,NA,1980-01-02,380544099525201,83,0,c(-99.8817171, 38.0962598),"1980","215-144",-99.8817171,38.0962598,NA,NA
"955","Hodgeman",-141.04,NA,1980-04-09,380544099525201,83,0,c(-99.8817171, 38.0962598),"1980","143-72",-99.8817171,38.0962598,NA,NA
"956","Hodgeman",-141.8,NA,1980-06-25,380544099525201,83,0,c(-99.8817171, 38.0962598),"1980","143-72",-99.8817171,38.0962598,NA,NA
"957","Ford",-112,"SOUTH DODGE",1980-07-09,374040100004601,57,0,c(-100.013112, 37.677941),"1980","143-72",-100.013112,37.677941,39.013031,"0-65"
"958","Ford",-161,"ENSIGN SE",1980-03-05,373301100024201,57,0,c(-100.0460132, 37.5505408),"1980","215-144",-100.0460132,37.5505408,33.6232376,"0-65"
"959","Ford",-92.5,"ENSIGN SE",1980-06-17,373216100050101,57,0,c(-100.0841615, 37.5382709),"1980","143-72",-100.0841615,37.5382709,94.8873291,"66-131"
"960","Ford",-93.7,"ENSIGN SE",1980-09-17,373216100050101,57,0,c(-100.0841615, 37.5382709),"1980","143-72",-100.0841615,37.5382709,94.8873291,"66-131"
"961","Smith",-30.02,NA,1980-05-30,393805098514701,183,0,c(-98.86508, 39.634681),"1980","71-0",-98.86508,39.634681,NA,NA
"962","Graham",-126.48,"HOXIE 1 NE",1980-12-18,392729100013501,65,0,c(-100.0276773, 39.4579175),"1980","143-72",-100.0276773,39.4579175,102.415596,"66-131"
"963","Ford",-96.7,"BUCKLIN",1980-03-21,373309099384901,57,0,c(-99.645121, 37.556441),"1980","143-72",-99.645121,37.556441,52.6679764,"0-65"
"964","Ford",-97.3,"BUCKLIN",1980-06-04,373309099384901,57,0,c(-99.645121, 37.556441),"1980","143-72",-99.645121,37.556441,52.6679764,"0-65"
"965","Ford",-97.5,"BUCKLIN",1980-06-24,373309099384901,57,0,c(-99.645121, 37.556441),"1980","143-72",-99.645121,37.556441,52.6679764,"0-65"
"966","Ford",-99.15,"BUCKLIN",1980-09-15,373309099384901,57,0,c(-99.645121, 37.556441),"1980","143-72",-99.645121,37.556441,52.6679764,"0-65"
"967","Kiowa",-55.38,"Greensburg NW",1980-01-22,373724099274801,97,0,c(-99.4636459, 37.6278979),"1980","71-0",-99.4636459,37.6278979,87.0737839,"66-131"
"968","Ford",-95.2,"ENSIGN",1980-03-06,374334100123601,57,0,c(-100.2105029, 37.7264387),"1980","143-72",-100.2105029,37.7264387,114.388382,"66-131"
"969","Ford",-161.57,"ENSIGN",1980-01-16,373841100115601,57,0,c(-100.205519, 37.649742),"1980","215-144",-100.205519,37.649742,63.319313,"0-65"
"970","Ford",-121.9,"Kingsdown",1980-01-04,373404099445801,57,0,c(-99.753235, 37.571221),"1980","143-72",-99.753235,37.571221,56.1207008,"0-65"
"971","Ford",-122.3,"Kingsdown",1980-06-13,373404099445801,57,0,c(-99.753235, 37.571221),"1980","143-72",-99.753235,37.571221,56.1207008,"0-65"
"972","Hodgeman",-315.3,"Hrse Thief Cnyn SW",1980-01-16,380335100132701,83,0,c(-100.2262296, 38.0592761),"1980","359-288",-100.2262296,38.0592761,10,"0-65"
"973","Hodgeman",-327.11,"Hrse Thief Cnyn SW",1980-04-15,380335100132701,83,0,c(-100.2262296, 38.0592761),"1980","359-288",-100.2262296,38.0592761,10,"0-65"
"974","Hodgeman",-329.45,"Hrse Thief Cnyn SW",1980-07-14,380335100132701,83,0,c(-100.2262296, 38.0592761),"1980","359-288",-100.2262296,38.0592761,10,"0-65"
"975","Ford",-163,"SOUTH DODGE",1980-06-28,373855100015901,57,0,c(-100.0332978, 37.6485506),"1980","215-144",-100.0332978,37.6485506,35.4747887,"0-65"
"976","Ford",-162.2,"SOUTH DODGE",1980-09-12,373855100015901,57,0,c(-100.0332978, 37.6485506),"1980","215-144",-100.0332978,37.6485506,35.4747887,"0-65"
"977","Hodgeman",-219.88,"Jetmore",1980-01-02,375958099530101,83,0,c(-99.8852263, 38.0000777),"1980","287-216",-99.8852263,38.0000777,10,"0-65"
"978","Hodgeman",-223.99,"Jetmore",1980-04-09,375958099530101,83,0,c(-99.8852263, 38.0000777),"1980","287-216",-99.8852263,38.0000777,10,"0-65"
"979","Hodgeman",-213.88,"Jetmore",1980-06-25,375958099530101,83,0,c(-99.8852263, 38.0000777),"1980","215-144",-99.8852263,38.0000777,10,"0-65"
"980","Hodgeman",-226.29,"Jetmore",1980-09-24,375958099530101,83,0,c(-99.8852263, 38.0000777),"1980","287-216",-99.8852263,38.0000777,10,"0-65"
"981","Ford",-40.88,"BUCKLIN SE",1980-01-02,373644099354101,57,0,c(-99.59493, 37.61657),"1980","71-0",-99.59493,37.61657,12.9258566,"0-65"
"982","Ness",-33.14,"Ness City",1980-01-14,382645099551201,135,0,c(-99.919903, 38.446196),"1980","71-0",-99.919903,38.446196,NA,NA
"983","Smith",-22.42,NA,1980-05-30,393711098491601,183,0,c(-98.822411, 39.618601),"1980","71-0",-98.822411,39.618601,NA,NA
"984","Ford",-19.28,NA,1980-01-04,374331099565501,57,0,c(-99.9504671, 37.7312714),"1980","71-0",-99.9504671,37.7312714,109.3895721,"66-131"
"985","Ford",-74.8,"ENSIGN SW",1980-06-04,373110100090601,57,0,c(-100.1538947, 37.523906),"1980","143-72",-100.1538947,37.523906,98.479599,"66-131"
"986","Ellis",-26.28,"HAYS SOUTH",1980-02-29,385115099155401,51,0,c(-99.2634997, 38.8537094),"1980","71-0",-99.2634997,38.8537094,NA,NA
"987","Ellis",-25.83,"HAYS SOUTH",1980-06-05,385115099155401,51,0,c(-99.2634997, 38.8537094),"1980","71-0",-99.2634997,38.8537094,NA,NA
"988","Ellis",-26.26,"HAYS SOUTH",1980-09-11,385115099155401,51,0,c(-99.2634997, 38.8537094),"1980","71-0",-99.2634997,38.8537094,NA,NA
"989","Ellis",-26.24,"HAYS SOUTH",1980-12-19,385115099155401,51,0,c(-99.2634997, 38.8537094),"1980","71-0",-99.2634997,38.8537094,NA,NA
"990","Clark",-14.04,"ASHLAND",1980-03-21,370822099452801,25,0,c(-99.7594035, 37.1370968),"1980","71-0",-99.7594035,37.1370968,NA,NA
"991","Clark",-22.12,"ASHLAND",1980-06-23,370822099452801,25,0,c(-99.7594035, 37.1370968),"1980","71-0",-99.7594035,37.1370968,NA,NA
"992","Clark",-19.51,"ASHLAND",1980-09-15,370822099452801,25,0,c(-99.7594035, 37.1370968),"1980","71-0",-99.7594035,37.1370968,NA,NA
"993","Kiowa",-21.25,"Haviland NW",1980-01-22,374201099135401,97,0,c(-99.231897, 37.704226),"1980","71-0",-99.231897,37.704226,164.4912872,"132-197"
"994","Kiowa",-21.25,"Haviland NW",1980-03-21,374201099135401,97,0,c(-99.231897, 37.704226),"1980","71-0",-99.231897,37.704226,164.4912872,"132-197"
"995","Kiowa",-19.65,"Haviland NW",1980-06-23,374201099135401,97,0,c(-99.231897, 37.704226),"1980","71-0",-99.231897,37.704226,164.4912872,"132-197"
"996","Kiowa",-20.89,"Haviland NW",1980-09-15,374201099135401,97,0,c(-99.231897, 37.704226),"1980","71-0",-99.231897,37.704226,164.4912872,"132-197"
"997","Ness",-29.58,"RANSOM",1980-01-14,384006099574601,135,0,c(-99.959631, 38.665844),"1980","71-0",-99.959631,38.665844,10,"0-65"
"998","Ford",-125.9,"BUCKLIN",1980-01-04,373054099441601,57,0,c(-99.739125, 37.515701),"1980","143-72",-99.739125,37.515701,88.9476166,"66-131"
"999","Ford",-125.1,"BUCKLIN",1980-03-04,373054099441601,57,0,c(-99.739125, 37.515701),"1980","143-72",-99.739125,37.515701,88.9476166,"66-131"
"1000","Ford",-125.2,"BUCKLIN",1980-06-06,373054099441601,57,0,c(-99.739125, 37.515701),"1980","143-72",-99.739125,37.515701,88.9476166,"66-131"
"1001","Ford",-197,"ENSIGN SE",1980-03-05,373303100042901,57,0,c(-100.0753955, 37.5508657),"1980","215-144",-100.0753955,37.5508657,52.8458481,"0-65"
"1002","Ness",-6.85,"Utica SW",1980-01-14,383129100142402,135,0,c(-100.241711, 38.521546),"1980","71-0",-100.241711,38.521546,4.4524689,"0-65"
"1003","Graham",-8.83,"HILL CITY 2 NE",1980-12-18,392749099461001,65,0,c(-99.769412, 39.463764),"1980","71-0",-99.769412,39.463764,49.0329857,"0-65"
"1004","Ford",-83.14,"ENSIGN SW",1980-01-22,373130100084101,57,0,c(-100.1484128, 37.5285026),"1980","143-72",-100.1484128,37.5285026,102.6937256,"66-131"
"1005","Ford",-91.17,"ENSIGN SW",1980-06-04,373130100084101,57,0,c(-100.1484128, 37.5285026),"1980","143-72",-100.1484128,37.5285026,102.6937256,"66-131"
"1006","Hodgeman",-78.3,"Offerle NW",1980-01-16,375653099392401,83,0,c(-99.661171, 37.948468),"1980","143-72",-99.661171,37.948468,10,"0-65"
"1007","Lane",-110.84,NA,1980-01-14,383624100305601,101,0,c(-100.518288, 38.6056182),"1980","143-72",-100.518288,38.6056182,40.9632568,"0-65"
"1008","Hodgeman",-24.9,NA,1980-01-10,380700099414901,83,0,c(-99.6979981, 38.1170848),"1980","71-0",-99.6979981,38.1170848,5.8860793,"0-65"
"1009","Ness",-21.17,"Ness City",1980-03-20,382447099534801,135,0,c(-99.898473, 38.413336),"1980","71-0",-99.898473,38.413336,NA,NA
"1010","Ness",-20.33,"Ness City",1980-07-02,382447099534801,135,0,c(-99.898473, 38.413336),"1980","71-0",-99.898473,38.413336,NA,NA
"1011","Ness",-20.41,"Ness City",1980-09-18,382447099534801,135,0,c(-99.898473, 38.413336),"1980","71-0",-99.898473,38.413336,NA,NA
"1012","Ford",-131,"SOUTH DODGE",1980-09-12,374101100051701,57,0,c(-100.0895162, 37.6848446),"1980","143-72",-100.0895162,37.6848446,34.5810013,"0-65"
"1013","Ford",-144.29,"SOUTH DODGE",1980-01-04,373838100053901,57,0,c(-100.096215, 37.649391),"1980","215-144",-100.096215,37.649391,21.3331604,"0-65"
"1014","Ford",-143.74,"SOUTH DODGE",1980-04-09,373838100053901,57,0,c(-100.096215, 37.649391),"1980","143-72",-100.096215,37.649391,21.3331604,"0-65"
"1015","Ford",-143.66,"SOUTH DODGE",1980-06-24,373838100053901,57,0,c(-100.096215, 37.649391),"1980","143-72",-100.096215,37.649391,21.3331604,"0-65"
"1016","Ford",-143.3,"SOUTH DODGE",1980-06-28,373838100053901,57,0,c(-100.096215, 37.649391),"1980","143-72",-100.096215,37.649391,21.3331604,"0-65"
"1017","Ford",-110,"ENSIGN SE",1980-07-01,373608100004001,57,0,c(-100.0119091, 37.6023689),"1980","143-72",-100.0119091,37.6023689,76.8696289,"66-131"
"1018","Ford",-122.8,"FORT DODGE KS",1980-07-02,373722099551001,57,0,c(-99.9234469, 37.6265322),"1980","143-72",-99.9234469,37.6265322,112.4399872,"66-131"
"1019","Hodgeman",-54.25,NA,1980-01-04,375550099492601,83,0,c(-99.825468, 37.9303409),"1980","71-0",-99.825468,37.9303409,NA,NA
"1020","Ford",-30.14,"Fort Dodge",1980-01-04,374337099561401,57,0,c(-99.94031, 37.73289),"1980","71-0",-99.94031,37.73289,115.1942444,"66-131"
"1021","Ford",-27.54,"Fort Dodge",1980-04-09,374337099561401,57,0,c(-99.94031, 37.73289),"1980","71-0",-99.94031,37.73289,115.1942444,"66-131"
"1022","Ford",-26.68,"Fort Dodge",1980-06-25,374337099561401,57,0,c(-99.94031, 37.73289),"1980","71-0",-99.94031,37.73289,115.1942444,"66-131"
"1023","Ford",-28.72,"Fort Dodge",1980-09-23,374337099561401,57,0,c(-99.94031, 37.73289),"1980","71-0",-99.94031,37.73289,115.1942444,"66-131"
"1024","Edwards",-21.47,"TROUSDALE",1980-01-22,374940099065102,47,0,c(-99.1156118, 37.8298127),"1980","71-0",-99.1156118,37.8298127,155.8635864,"132-197"
"1025","Edwards",-21.46,"TROUSDALE",1980-04-10,374940099065101,47,0,c(-99.1156118, 37.8298127),"1980","71-0",-99.1156118,37.8298127,155.8635864,"132-197"
"1026","Sheridan",-149.49,NA,1980-01-16,392814100311301,179,0,c(-100.5220168, 39.4703123),"1980","215-144",-100.5220168,39.4703123,66.6381226,"66-131"
"1027","Finney",-146.1,"WOLF",1980-01-05,380201101030101,55,0,c(-101.052174, 38.032793),"1980","215-144",-101.052174,38.032793,238.384079,"198-262"
"1028","Finney",-144.72,"WOLF",1980-01-15,380201101030101,55,0,c(-101.052174, 38.032793),"1980","215-144",-101.052174,38.032793,238.384079,"198-262"
"1029","Finney",-141.4,"WOLF",1980-02-10,380201101030101,55,0,c(-101.052174, 38.032793),"1980","143-72",-101.052174,38.032793,238.384079,"198-262"
"1030","Finney",-141.08,"WOLF",1980-02-15,380201101030101,55,0,c(-101.052174, 38.032793),"1980","143-72",-101.052174,38.032793,238.384079,"198-262"
"1031","Finney",-140.08,"WOLF",1980-02-20,380201101030101,55,0,c(-101.052174, 38.032793),"1980","143-72",-101.052174,38.032793,238.384079,"198-262"
"1032","Finney",-139.93,"WOLF",1980-02-25,380201101030101,55,0,c(-101.052174, 38.032793),"1980","143-72",-101.052174,38.032793,238.384079,"198-262"
"1033","Finney",-138.74,"WOLF",1980-03-05,380201101030101,55,0,c(-101.052174, 38.032793),"1980","143-72",-101.052174,38.032793,238.384079,"198-262"
"1034","Finney",-139.38,"WOLF",1980-03-10,380201101030101,55,0,c(-101.052174, 38.032793),"1980","143-72",-101.052174,38.032793,238.384079,"198-262"
"1035","Finney",-138.22,"WOLF",1980-03-15,380201101030101,55,0,c(-101.052174, 38.032793),"1980","143-72",-101.052174,38.032793,238.384079,"198-262"
"1036","Finney",-139.15,"WOLF",1980-03-20,380201101030101,55,0,c(-101.052174, 38.032793),"1980","143-72",-101.052174,38.032793,238.384079,"198-262"
"1037","Finney",-138.61,"WOLF",1980-03-25,380201101030101,55,0,c(-101.052174, 38.032793),"1980","143-72",-101.052174,38.032793,238.384079,"198-262"
"1038","Finney",-137.2,"WOLF",1980-03-31,380201101030101,55,0,c(-101.052174, 38.032793),"1980","143-72",-101.052174,38.032793,238.384079,"198-262"
"1039","Finney",-136.51,"WOLF",1980-04-05,380201101030101,55,0,c(-101.052174, 38.032793),"1980","143-72",-101.052174,38.032793,238.384079,"198-262"
"1040","Finney",-151.42,"WOLF",1980-04-10,380201101030101,55,0,c(-101.052174, 38.032793),"1980","215-144",-101.052174,38.032793,238.384079,"198-262"
"1041","Finney",-157.9,"WOLF",1980-04-15,380201101030101,55,0,c(-101.052174, 38.032793),"1980","215-144",-101.052174,38.032793,238.384079,"198-262"
"1042","Finney",-161.7,"WOLF",1980-04-20,380201101030101,55,0,c(-101.052174, 38.032793),"1980","215-144",-101.052174,38.032793,238.384079,"198-262"
"1043","Finney",-159.98,"WOLF",1980-04-25,380201101030101,55,0,c(-101.052174, 38.032793),"1980","215-144",-101.052174,38.032793,238.384079,"198-262"
"1044","Finney",-154.7,"WOLF",1980-04-30,380201101030101,55,0,c(-101.052174, 38.032793),"1980","215-144",-101.052174,38.032793,238.384079,"198-262"
"1045","Finney",-148.44,"WOLF",1980-05-05,380201101030101,55,0,c(-101.052174, 38.032793),"1980","215-144",-101.052174,38.032793,238.384079,"198-262"
"1046","Finney",-144.43,"WOLF",1980-05-10,380201101030101,55,0,c(-101.052174, 38.032793),"1980","215-144",-101.052174,38.032793,238.384079,"198-262"
"1047","Finney",-142.29,"WOLF",1980-05-15,380201101030101,55,0,c(-101.052174, 38.032793),"1980","143-72",-101.052174,38.032793,238.384079,"198-262"
"1048","Finney",-140.34,"WOLF",1980-05-20,380201101030101,55,0,c(-101.052174, 38.032793),"1980","143-72",-101.052174,38.032793,238.384079,"198-262"
"1049","Finney",-139.3,"WOLF",1980-05-25,380201101030101,55,0,c(-101.052174, 38.032793),"1980","143-72",-101.052174,38.032793,238.384079,"198-262"
"1050","Finney",-138.18,"WOLF",1980-05-31,380201101030101,55,0,c(-101.052174, 38.032793),"1980","143-72",-101.052174,38.032793,238.384079,"198-262"
"1051","Finney",-137.68,"WOLF",1980-06-05,380201101030101,55,0,c(-101.052174, 38.032793),"1980","143-72",-101.052174,38.032793,238.384079,"198-262"
"1052","Finney",-141.69,"WOLF",1980-06-10,380201101030101,55,0,c(-101.052174, 38.032793),"1980","143-72",-101.052174,38.032793,238.384079,"198-262"
"1053","Finney",-146.58,"WOLF",1980-06-15,380201101030101,55,0,c(-101.052174, 38.032793),"1980","215-144",-101.052174,38.032793,238.384079,"198-262"
"1054","Finney",-150.22,"WOLF",1980-06-20,380201101030101,55,0,c(-101.052174, 38.032793),"1980","215-144",-101.052174,38.032793,238.384079,"198-262"
"1055","Finney",-154.5,"WOLF",1980-06-25,380201101030101,55,0,c(-101.052174, 38.032793),"1980","215-144",-101.052174,38.032793,238.384079,"198-262"
"1056","Finney",-150.6,"WOLF",1980-06-30,380201101030101,55,0,c(-101.052174, 38.032793),"1980","215-144",-101.052174,38.032793,238.384079,"198-262"
"1057","Finney",-150.06,"WOLF",1980-07-05,380201101030101,55,0,c(-101.052174, 38.032793),"1980","215-144",-101.052174,38.032793,238.384079,"198-262"
"1058","Finney",-161.45,"WOLF",1980-07-10,380201101030101,55,0,c(-101.052174, 38.032793),"1980","215-144",-101.052174,38.032793,238.384079,"198-262"
"1059","Finney",-166.26,"WOLF",1980-07-15,380201101030101,55,0,c(-101.052174, 38.032793),"1980","215-144",-101.052174,38.032793,238.384079,"198-262"
"1060","Finney",-167.75,"WOLF",1980-07-20,380201101030101,55,0,c(-101.052174, 38.032793),"1980","215-144",-101.052174,38.032793,238.384079,"198-262"
"1061","Finney",-164.71,"WOLF",1980-07-24,380201101030101,55,0,c(-101.052174, 38.032793),"1980","215-144",-101.052174,38.032793,238.384079,"198-262"
"1062","Finney",-166.79,"WOLF",1980-07-25,380201101030101,55,0,c(-101.052174, 38.032793),"1980","215-144",-101.052174,38.032793,238.384079,"198-262"
"1063","Finney",-171.5,"WOLF",1980-07-31,380201101030101,55,0,c(-101.052174, 38.032793),"1980","215-144",-101.052174,38.032793,238.384079,"198-262"
"1064","Finney",-166.59,"WOLF",1980-08-05,380201101030101,55,0,c(-101.052174, 38.032793),"1980","215-144",-101.052174,38.032793,238.384079,"198-262"
"1065","Finney",-172.9,"WOLF",1980-08-10,380201101030101,55,0,c(-101.052174, 38.032793),"1980","215-144",-101.052174,38.032793,238.384079,"198-262"
"1066","Finney",-164.85,"WOLF",1980-08-15,380201101030101,55,0,c(-101.052174, 38.032793),"1980","215-144",-101.052174,38.032793,238.384079,"198-262"
"1067","Finney",-167.22,"WOLF",1980-08-20,380201101030101,55,0,c(-101.052174, 38.032793),"1980","215-144",-101.052174,38.032793,238.384079,"198-262"
"1068","Finney",-167.34,"WOLF",1980-08-25,380201101030101,55,0,c(-101.052174, 38.032793),"1980","215-144",-101.052174,38.032793,238.384079,"198-262"
"1069","Finney",-163.15,"WOLF",1980-08-31,380201101030101,55,0,c(-101.052174, 38.032793),"1980","215-144",-101.052174,38.032793,238.384079,"198-262"
"1070","Finney",-160.93,"WOLF",1980-09-05,380201101030101,55,0,c(-101.052174, 38.032793),"1980","215-144",-101.052174,38.032793,238.384079,"198-262"
"1071","Finney",-166.91,"WOLF",1980-09-10,380201101030101,55,0,c(-101.052174, 38.032793),"1980","215-144",-101.052174,38.032793,238.384079,"198-262"
"1072","Finney",-172.36,"WOLF",1980-09-15,380201101030101,55,0,c(-101.052174, 38.032793),"1980","215-144",-101.052174,38.032793,238.384079,"198-262"
"1073","Finney",-173.28,"WOLF",1980-09-20,380201101030101,55,0,c(-101.052174, 38.032793),"1980","215-144",-101.052174,38.032793,238.384079,"198-262"
"1074","Finney",-171.72,"WOLF",1980-09-25,380201101030101,55,0,c(-101.052174, 38.032793),"1980","215-144",-101.052174,38.032793,238.384079,"198-262"
"1075","Finney",-175.86,"WOLF",1980-09-30,380201101030101,55,0,c(-101.052174, 38.032793),"1980","215-144",-101.052174,38.032793,238.384079,"198-262"
"1076","Finney",-176.04,"WOLF",1980-10-01,380201101030101,55,0,c(-101.052174, 38.032793),"1980","215-144",-101.052174,38.032793,238.384079,"198-262"
"1077","Finney",-167.44,"WOLF",1980-10-15,380201101030101,55,0,c(-101.052174, 38.032793),"1980","215-144",-101.052174,38.032793,238.384079,"198-262"
"1078","Finney",-158.37,"WOLF",1980-11-01,380201101030101,55,0,c(-101.052174, 38.032793),"1980","215-144",-101.052174,38.032793,238.384079,"198-262"
"1079","Finney",-153.12,"WOLF",1980-12-01,380201101030101,55,0,c(-101.052174, 38.032793),"1980","215-144",-101.052174,38.032793,238.384079,"198-262"
"1080","Sheridan",-21.56,"Allison",1980-01-15,393228100211301,179,0,c(-100.352917, 39.541604),"1980","71-0",-100.352917,39.541604,29.1266747,"0-65"
"1081","Wichita",-113.14,"Marienthal",1980-01-15,382902101090301,203,0,c(-101.152133, 38.48314),"1980","143-72",-101.152133,38.48314,17.6551819,"0-65"
"1082","Wichita",-143.95,NA,1980-01-14,383043101240301,203,0,c(-101.404998, 38.511806),"1980","143-72",-101.404998,38.511806,17.5005074,"0-65"
"1083","Wichita",-139.25,NA,1980-01-16,381635101313701,203,0,c(-101.5270533, 38.2768939),"1980","143-72",-101.5270533,38.2768939,53.8380661,"0-65"
"1084","Finney",-75.25,"PLYMELL",1980-01-10,374931100453501,55,0,c(-100.7606186, 37.827083),"1980","143-72",-100.7606186,37.827083,190.1593018,"132-197"
"1085","Wichita",-29.69,"Leoti NW",1980-01-14,382851101291601,203,0,c(-101.488542, 38.480287),"1980","71-0",-101.488542,38.480287,86.1514893,"66-131"
"1086","Harvey",-18.3,"HALSTEAD",1980-01-29,380653097340801,79,0,c(-97.569461, 38.115873),"1980","71-0",-97.569461,38.115873,54.5340614,"0-65"
"1087","Finney",-65.84,NA,1980-01-11,375003100411701,55,0,c(-100.6888908, 37.8352516),"1980","71-0",-100.6888908,37.8352516,139.0182648,"132-197"
"1088","Scott",-117.91,"Modoc",1980-01-15,382704101041301,171,0,c(-101.072232, 38.45152),"1980","143-72",-101.072232,38.45152,24.3068924,"0-65"
"1089","Finney",-143.35,"WOLF",1980-01-15,380405101031801,55,0,c(-101.0558637, 38.067758),"1980","143-72",-101.0558637,38.067758,170.7741699,"132-197"
"1090","Wichita",-148.34,NA,1980-01-15,382921101120501,203,0,c(-101.2028153, 38.4881801),"1980","215-144",-101.2028153,38.4881801,30.7453671,"0-65"
"1091","Finney",-128.24,"Pierceville",1980-01-11,375558100430401,55,0,c(-100.718831, 37.9333512),"1980","143-72",-100.718831,37.9333512,114.8662033,"66-131"
"1092","Finney",-131.99,"Pierceville",1980-04-15,375558100430401,55,0,c(-100.718831, 37.9333512),"1980","143-72",-100.718831,37.9333512,114.8662033,"66-131"
"1093","Wichita",-119.1,NA,1980-01-16,382801101190701,203,0,c(-101.3214138, 38.466888),"1980","143-72",-101.3214138,38.466888,32.8108139,"0-65"
"1094","Sheridan",-33.5,NA,1980-01-15,393314100190001,179,0,c(-100.3179145, 39.5530734),"1980","71-0",-100.3179145,39.5530734,38.0524445,"0-65"
"1095","Sheridan",-103.02,"Rexford NE",1980-01-16,392900100334201,179,0,c(-100.563821, 39.484284),"1980","143-72",-100.563821,39.484284,66.9132156,"66-131"
"1096","Lane",-119.8,NA,1980-01-14,383711100370001,101,0,c(-100.61749, 38.620366),"1980","143-72",-100.61749,38.620366,46.3279915,"0-65"
"1097","Wichita",-142.09,"Coronado Cemetery",1980-01-05,383210101183401,203,0,c(-101.312536, 38.537748),"1980","143-72",-101.312536,38.537748,32.6286926,"0-65"
"1098","Wichita",-141.85,"Coronado Cemetery",1980-01-10,383210101183401,203,0,c(-101.312536, 38.537748),"1980","143-72",-101.312536,38.537748,32.6286926,"0-65"
"1099","Wichita",-141.2,"Coronado Cemetery",1980-01-15,383210101183401,203,0,c(-101.312536, 38.537748),"1980","143-72",-101.312536,38.537748,32.6286926,"0-65"
"1100","Wichita",-141.86,"Coronado Cemetery",1980-01-20,383210101183401,203,0,c(-101.312536, 38.537748),"1980","143-72",-101.312536,38.537748,32.6286926,"0-65"
"1101","Wichita",-141.8,"Coronado Cemetery",1980-01-25,383210101183401,203,0,c(-101.312536, 38.537748),"1980","143-72",-101.312536,38.537748,32.6286926,"0-65"
"1102","Wichita",-141.7,"Coronado Cemetery",1980-01-31,383210101183401,203,0,c(-101.312536, 38.537748),"1980","143-72",-101.312536,38.537748,32.6286926,"0-65"
"1103","Wichita",-141.68,"Coronado Cemetery",1980-02-05,383210101183401,203,0,c(-101.312536, 38.537748),"1980","143-72",-101.312536,38.537748,32.6286926,"0-65"
"1104","Wichita",-141.6,"Coronado Cemetery",1980-02-10,383210101183401,203,0,c(-101.312536, 38.537748),"1980","143-72",-101.312536,38.537748,32.6286926,"0-65"
"1105","Wichita",-141.55,"Coronado Cemetery",1980-02-15,383210101183401,203,0,c(-101.312536, 38.537748),"1980","143-72",-101.312536,38.537748,32.6286926,"0-65"
"1106","Wichita",-141.3,"Coronado Cemetery",1980-02-20,383210101183401,203,0,c(-101.312536, 38.537748),"1980","143-72",-101.312536,38.537748,32.6286926,"0-65"
"1107","Wichita",-141.28,"Coronado Cemetery",1980-02-25,383210101183401,203,0,c(-101.312536, 38.537748),"1980","143-72",-101.312536,38.537748,32.6286926,"0-65"
"1108","Wichita",-141.38,"Coronado Cemetery",1980-03-05,383210101183401,203,0,c(-101.312536, 38.537748),"1980","143-72",-101.312536,38.537748,32.6286926,"0-65"
"1109","Wichita",-141.5,"Coronado Cemetery",1980-03-10,383210101183401,203,0,c(-101.312536, 38.537748),"1980","143-72",-101.312536,38.537748,32.6286926,"0-65"
"1110","Wichita",-141.3,"Coronado Cemetery",1980-03-15,383210101183401,203,0,c(-101.312536, 38.537748),"1980","143-72",-101.312536,38.537748,32.6286926,"0-65"
"1111","Wichita",-141.24,"Coronado Cemetery",1980-03-20,383210101183401,203,0,c(-101.312536, 38.537748),"1980","143-72",-101.312536,38.537748,32.6286926,"0-65"
"1112","Wichita",-141,"Coronado Cemetery",1980-03-25,383210101183401,203,0,c(-101.312536, 38.537748),"1980","143-72",-101.312536,38.537748,32.6286926,"0-65"
"1113","Wichita",-140.93,"Coronado Cemetery",1980-03-31,383210101183401,203,0,c(-101.312536, 38.537748),"1980","143-72",-101.312536,38.537748,32.6286926,"0-65"
"1114","Wichita",-140.83,"Coronado Cemetery",1980-04-05,383210101183401,203,0,c(-101.312536, 38.537748),"1980","143-72",-101.312536,38.537748,32.6286926,"0-65"
"1115","Wichita",-140.8,"Coronado Cemetery",1980-04-10,383210101183401,203,0,c(-101.312536, 38.537748),"1980","143-72",-101.312536,38.537748,32.6286926,"0-65"
"1116","Wichita",-141.85,"Coronado Cemetery",1980-04-15,383210101183401,203,0,c(-101.312536, 38.537748),"1980","143-72",-101.312536,38.537748,32.6286926,"0-65"
"1117","Wichita",-140.75,"Coronado Cemetery",1980-04-20,383210101183401,203,0,c(-101.312536, 38.537748),"1980","143-72",-101.312536,38.537748,32.6286926,"0-65"
"1118","Wichita",-140.69,"Coronado Cemetery",1980-04-22,383210101183401,203,0,c(-101.312536, 38.537748),"1980","143-72",-101.312536,38.537748,32.6286926,"0-65"
"1119","Wichita",-140.66,"Coronado Cemetery",1980-04-25,383210101183401,203,0,c(-101.312536, 38.537748),"1980","143-72",-101.312536,38.537748,32.6286926,"0-65"
"1120","Wichita",-140.58,"Coronado Cemetery",1980-04-30,383210101183401,203,0,c(-101.312536, 38.537748),"1980","143-72",-101.312536,38.537748,32.6286926,"0-65"
"1121","Wichita",-140.5,"Coronado Cemetery",1980-05-05,383210101183401,203,0,c(-101.312536, 38.537748),"1980","143-72",-101.312536,38.537748,32.6286926,"0-65"
"1122","Wichita",-140.45,"Coronado Cemetery",1980-05-10,383210101183401,203,0,c(-101.312536, 38.537748),"1980","143-72",-101.312536,38.537748,32.6286926,"0-65"
"1123","Wichita",-140.38,"Coronado Cemetery",1980-05-15,383210101183401,203,0,c(-101.312536, 38.537748),"1980","143-72",-101.312536,38.537748,32.6286926,"0-65"
"1124","Wichita",-140.33,"Coronado Cemetery",1980-05-20,383210101183401,203,0,c(-101.312536, 38.537748),"1980","143-72",-101.312536,38.537748,32.6286926,"0-65"
"1125","Wichita",-140.36,"Coronado Cemetery",1980-05-25,383210101183401,203,0,c(-101.312536, 38.537748),"1980","143-72",-101.312536,38.537748,32.6286926,"0-65"
"1126","Wichita",-140.16,"Coronado Cemetery",1980-05-31,383210101183401,203,0,c(-101.312536, 38.537748),"1980","143-72",-101.312536,38.537748,32.6286926,"0-65"
"1127","Wichita",-140.16,"Coronado Cemetery",1980-06-05,383210101183401,203,0,c(-101.312536, 38.537748),"1980","143-72",-101.312536,38.537748,32.6286926,"0-65"
"1128","Wichita",-140.11,"Coronado Cemetery",1980-06-10,383210101183401,203,0,c(-101.312536, 38.537748),"1980","143-72",-101.312536,38.537748,32.6286926,"0-65"
"1129","Wichita",-140.19,"Coronado Cemetery",1980-06-15,383210101183401,203,0,c(-101.312536, 38.537748),"1980","143-72",-101.312536,38.537748,32.6286926,"0-65"
"1130","Wichita",-140.02,"Coronado Cemetery",1980-06-20,383210101183401,203,0,c(-101.312536, 38.537748),"1980","143-72",-101.312536,38.537748,32.6286926,"0-65"
"1131","Wichita",-140,"Coronado Cemetery",1980-06-25,383210101183401,203,0,c(-101.312536, 38.537748),"1980","143-72",-101.312536,38.537748,32.6286926,"0-65"
"1132","Wichita",-139.88,"Coronado Cemetery",1980-06-30,383210101183401,203,0,c(-101.312536, 38.537748),"1980","143-72",-101.312536,38.537748,32.6286926,"0-65"
"1133","Wichita",-141.16,"Coronado Cemetery",1980-07-05,383210101183401,203,0,c(-101.312536, 38.537748),"1980","143-72",-101.312536,38.537748,32.6286926,"0-65"
"1134","Wichita",-141.52,"Coronado Cemetery",1980-07-10,383210101183401,203,0,c(-101.312536, 38.537748),"1980","143-72",-101.312536,38.537748,32.6286926,"0-65"
"1135","Wichita",-141.75,"Coronado Cemetery",1980-07-15,383210101183401,203,0,c(-101.312536, 38.537748),"1980","143-72",-101.312536,38.537748,32.6286926,"0-65"
"1136","Wichita",-142.53,"Coronado Cemetery",1980-07-20,383210101183401,203,0,c(-101.312536, 38.537748),"1980","143-72",-101.312536,38.537748,32.6286926,"0-65"
"1137","Wichita",-141.69,"Coronado Cemetery",1980-07-22,383210101183401,203,0,c(-101.312536, 38.537748),"1980","143-72",-101.312536,38.537748,32.6286926,"0-65"
"1138","Wichita",-142.6,"Coronado Cemetery",1980-07-25,383210101183401,203,0,c(-101.312536, 38.537748),"1980","143-72",-101.312536,38.537748,32.6286926,"0-65"
"1139","Wichita",-143,"Coronado Cemetery",1980-07-31,383210101183401,203,0,c(-101.312536, 38.537748),"1980","143-72",-101.312536,38.537748,32.6286926,"0-65"
"1140","Wichita",-143.31,"Coronado Cemetery",1980-08-05,383210101183401,203,0,c(-101.312536, 38.537748),"1980","143-72",-101.312536,38.537748,32.6286926,"0-65"
"1141","Wichita",-143.7,"Coronado Cemetery",1980-08-10,383210101183401,203,0,c(-101.312536, 38.537748),"1980","143-72",-101.312536,38.537748,32.6286926,"0-65"
"1142","Wichita",-143.28,"Coronado Cemetery",1980-08-15,383210101183401,203,0,c(-101.312536, 38.537748),"1980","143-72",-101.312536,38.537748,32.6286926,"0-65"
"1143","Wichita",-143.13,"Coronado Cemetery",1980-08-20,383210101183401,203,0,c(-101.312536, 38.537748),"1980","143-72",-101.312536,38.537748,32.6286926,"0-65"
"1144","Wichita",-142.98,"Coronado Cemetery",1980-08-25,383210101183401,203,0,c(-101.312536, 38.537748),"1980","143-72",-101.312536,38.537748,32.6286926,"0-65"
"1145","Wichita",-142.89,"Coronado Cemetery",1980-08-31,383210101183401,203,0,c(-101.312536, 38.537748),"1980","143-72",-101.312536,38.537748,32.6286926,"0-65"
"1146","Wichita",-143.97,"Coronado Cemetery",1980-09-05,383210101183401,203,0,c(-101.312536, 38.537748),"1980","143-72",-101.312536,38.537748,32.6286926,"0-65"
"1147","Wichita",-143.32,"Coronado Cemetery",1980-09-10,383210101183401,203,0,c(-101.312536, 38.537748),"1980","143-72",-101.312536,38.537748,32.6286926,"0-65"
"1148","Wichita",-143.15,"Coronado Cemetery",1980-09-15,383210101183401,203,0,c(-101.312536, 38.537748),"1980","143-72",-101.312536,38.537748,32.6286926,"0-65"
"1149","Wichita",-143.2,"Coronado Cemetery",1980-09-20,383210101183401,203,0,c(-101.312536, 38.537748),"1980","143-72",-101.312536,38.537748,32.6286926,"0-65"
"1150","Wichita",-143.12,"Coronado Cemetery",1980-09-25,383210101183401,203,0,c(-101.312536, 38.537748),"1980","143-72",-101.312536,38.537748,32.6286926,"0-65"
"1151","Wichita",-142.95,"Coronado Cemetery",1980-09-30,383210101183401,203,0,c(-101.312536, 38.537748),"1980","143-72",-101.312536,38.537748,32.6286926,"0-65"
"1152","Wichita",-143,"Coronado Cemetery",1980-10-01,383210101183401,203,0,c(-101.312536, 38.537748),"1980","143-72",-101.312536,38.537748,32.6286926,"0-65"
"1153","Wichita",-142.79,"Coronado Cemetery",1980-10-07,383210101183401,203,0,c(-101.312536, 38.537748),"1980","143-72",-101.312536,38.537748,32.6286926,"0-65"
"1154","Wichita",-142.32,"Coronado Cemetery",1980-11-01,383210101183401,203,0,c(-101.312536, 38.537748),"1980","143-72",-101.312536,38.537748,32.6286926,"0-65"
"1155","Wichita",-141.87,"Coronado Cemetery",1980-12-01,383210101183401,203,0,c(-101.312536, 38.537748),"1980","143-72",-101.312536,38.537748,32.6286926,"0-65"
"1156","Wichita",-120.22,NA,1980-01-14,383921101334601,203,0,c(-101.5650413, 38.6549122),"1980","143-72",-101.5650413,38.6549122,50.7766953,"0-65"
"1157","Wichita",-149.15,NA,1980-01-14,383823101233101,203,0,c(-101.3959551, 38.6390341),"1980","215-144",-101.3959551,38.6390341,30.8859844,"0-65"
"1158","Finney",-99.73,NA,1980-01-10,375936100484901,55,0,c(-100.8118581, 37.9938141),"1980","143-72",-100.8118581,37.9938141,184.9928894,"132-197"
"1159","Finney",-100.12,NA,1980-04-15,375936100484901,55,0,c(-100.8118581, 37.9938141),"1980","143-72",-100.8118581,37.9938141,184.9928894,"132-197"
"1160","Finney",-103.11,NA,1980-07-14,375936100484901,55,0,c(-100.8118581, 37.9938141),"1980","143-72",-100.8118581,37.9938141,184.9928894,"132-197"
"1161","Finney",-107.92,NA,1980-10-07,375936100484901,55,0,c(-100.8118581, 37.9938141),"1980","143-72",-100.8118581,37.9938141,184.9928894,"132-197"
"1162","Wichita",-145.24,NA,1980-01-15,383830101151801,203,0,c(-101.2560269, 38.6411525),"1980","215-144",-101.2560269,38.6411525,40.9131393,"0-65"
"1163","Sheridan",-107.64,"Tasco",1980-01-17,391643100173001,179,0,c(-100.292214, 39.278155),"1980","143-72",-100.292214,39.278155,50.6377983,"0-65"
"1164","Ford",-39.56,NA,1980-01-04,374416099573601,57,0,c(-99.9617576, 37.7440417),"1980","71-0",-99.9617576,37.7440417,115.5149918,"66-131"
"1165","Ford",-33.43,NA,1980-01-04,374409099573601,57,0,c(-99.9617432, 37.7422333),"1980","71-0",-99.9617432,37.7422333,114.5335999,"66-131"
"1166","Kearny",-258.39,"LEOTI 3 SW",1980-01-09,380153101255501,93,0,c(-101.4318441, 38.0332862),"1980","287-216",-101.4318441,38.0332862,31.4578133,"0-65"
"1167","Reno",-29.15,NA,1980-01-29,380848097424701,155,0,c(-97.7109912, 38.1493291),"1980","71-0",-97.7109912,38.1493291,154.4784546,"132-197"
"1168","Ford",-118.84,"Bellefont",1980-01-04,375028099434701,57,0,c(-99.730934, 37.841119),"1980","143-72",-99.730934,37.841119,10,"0-65"
"1169","Ford",-116.5,"Bellefont",1980-04-10,375028099434701,57,0,c(-99.730934, 37.841119),"1980","143-72",-99.730934,37.841119,10,"0-65"
"1170","Ford",-112.02,"Bellefont",1980-06-25,375028099434701,57,0,c(-99.730934, 37.841119),"1980","143-72",-99.730934,37.841119,10,"0-65"
"1171","Ford",-123.22,"Bellefont",1980-09-22,375028099434701,57,0,c(-99.730934, 37.841119),"1980","143-72",-99.730934,37.841119,10,"0-65"
"1172","Ford",-167.95,NA,1980-01-04,374945099503301,57,0,c(-99.843176, 37.8293779),"1980","215-144",-99.843176,37.8293779,10,"0-65"
"1173","Ford",-13.8,NA,1980-01-04,374445100025501,57,0,c(-100.0501871, 37.7501542),"1980","71-0",-100.0501871,37.7501542,124.5000458,"66-131"
"1174","Ford",-12.78,NA,1980-04-09,374445100025501,57,0,c(-100.0501871, 37.7501542),"1980","71-0",-100.0501871,37.7501542,124.5000458,"66-131"
"1175","Ford",-11.3,NA,1980-07-10,374445100025501,57,0,c(-100.0501871, 37.7501542),"1980","71-0",-100.0501871,37.7501542,124.5000458,"66-131"
"1176","Ford",-13.17,NA,1980-09-23,374445100025501,57,0,c(-100.0501871, 37.7501542),"1980","71-0",-100.0501871,37.7501542,124.5000458,"66-131"
"1177","Ford",-7.89,NA,1980-01-04,374559099343801,57,0,c(-99.5793462, 37.7736384),"1980","71-0",-99.5793462,37.7736384,43.5100937,"0-65"
"1178","Ford",-6.05,NA,1980-04-01,374559099343801,57,0,c(-99.5793462, 37.7736384),"1980","71-0",-99.5793462,37.7736384,43.5100937,"0-65"
"1179","Ford",-7.47,NA,1980-07-10,374559099343801,57,0,c(-99.5793462, 37.7736384),"1980","71-0",-99.5793462,37.7736384,43.5100937,"0-65"
"1180","Ford",-8.35,NA,1980-09-22,374559099343801,57,0,c(-99.5793462, 37.7736384),"1980","71-0",-99.5793462,37.7736384,43.5100937,"0-65"
"1181","Sheridan",-136.7,"Seguin",1980-01-16,392124100364001,179,0,c(-100.6094766, 39.3565612),"1980","143-72",-100.6094766,39.3565612,79.4213562,"66-131"
"1182","Sheridan",-135.92,"Seguin",1980-03-13,392124100364001,179,0,c(-100.6094766, 39.3565612),"1980","143-72",-100.6094766,39.3565612,79.4213562,"66-131"
"1183","Sheridan",-134.94,"Seguin",1980-06-04,392124100364001,179,0,c(-100.6094766, 39.3565612),"1980","143-72",-100.6094766,39.3565612,79.4213562,"66-131"
"1184","Sheridan",-143.26,"Seguin",1980-09-11,392124100364001,179,0,c(-100.6094766, 39.3565612),"1980","143-72",-100.6094766,39.3565612,79.4213562,"66-131"
"1185","Sheridan",-97.81,NA,1980-01-15,392748100102601,179,0,c(-100.1764087, 39.4635432),"1980","143-72",-100.1764087,39.4635432,96.8326416,"66-131"
"1186","Sheridan",-32.9,NA,1980-01-15,393057100221201,179,0,c(-100.3698509, 39.5157766),"1980","71-0",-100.3698509,39.5157766,29.7361603,"0-65"
"1187","Finney",-88.4,"Garden City SW",1980-01-24,375226100564601,55,0,c(-100.947143, 37.873324),"1980","143-72",-100.947143,37.873324,415.1342163,"393-459"
"1188","Finney",-87.78,"Garden City SW",1980-04-23,375226100564601,55,0,c(-100.947143, 37.873324),"1980","143-72",-100.947143,37.873324,415.1342163,"393-459"
"1189","Finney",-88.11,"Garden City SW",1980-07-15,375226100564601,55,0,c(-100.947143, 37.873324),"1980","143-72",-100.947143,37.873324,415.1342163,"393-459"
"1190","Finney",-89.48,"Garden City SW",1980-10-03,375226100564601,55,0,c(-100.947143, 37.873324),"1980","143-72",-100.947143,37.873324,415.1342163,"393-459"
"1191","Scott",-65.95,"Modoc",1980-01-31,382552101002001,171,0,c(-101.007331, 38.431401),"1980","71-0",-101.007331,38.431401,53.7220039,"0-65"
"1192","Harvey",-33.03,"MOUNDRIDGE",1980-01-29,380937097365501,79,0,c(-97.61704, 38.159689),"1980","71-0",-97.61704,38.159689,111.2831116,"66-131"
"1193","Finney",-114.7,"Garden City West",1980-01-18,375516100555601,55,0,c(-100.933742, 37.920424),"1980","143-72",-100.933742,37.920424,282.967041,"263-328"
"1194","Finney",-121.02,"GARDEN CITY 3 NE",1980-01-11,374417100451901,55,0,c(-100.754937, 37.736654),"1980","143-72",-100.754937,37.736654,241.7496033,"198-262"
"1195","Sheridan",-20.92,NA,1980-01-17,391906100204301,179,0,c(-100.3456, 39.31771),"1980","71-0",-100.3456,39.31771,34.2586823,"0-65"
"1196","Scott",-50.1,NA,1980-01-14,382441100543301,171,0,c(-100.9098, 38.41165),"1980","71-0",-100.9098,38.41165,92.1101074,"66-131"
"1197","Scott",-107.7,NA,1980-01-14,382335100574201,171,0,c(-100.9621216, 38.3930191),"1980","143-72",-100.9621216,38.3930191,34.3793259,"0-65"
"1198","Scott",-102.4,NA,1980-01-15,383256100420701,171,0,c(-100.7032305, 38.5495629),"1980","143-72",-100.7032305,38.5495629,54.7523842,"0-65"
"1199","Ford",-138.6,"DODGE CITY",1980-07-28,374649100035201,57,0,c(-100.058513, 37.78029),"1980","143-72",-100.058513,37.78029,98.0010986,"66-131"
"1200","Ford",-137.8,"DODGE CITY",1980-09-11,374649100035201,57,0,c(-100.058513, 37.78029),"1980","143-72",-100.058513,37.78029,98.0010986,"66-131"
"1201","Ford",-80.4,"DODGE CITY",1980-09-11,374608100053001,57,0,c(-100.0925276, 37.769513),"1980","143-72",-100.0925276,37.769513,124.0168152,"66-131"
"1202","Scott",-101.9,NA,1980-01-30,382039100555401,171,0,c(-100.9322117, 38.3436545),"1980","143-72",-100.9322117,38.3436545,46.6766357,"0-65"
"1203","Reno",-24.98,NA,1980-01-22,380508098064501,155,0,c(-98.1113924, 38.0856386),"1980","71-0",-98.1113924,38.0856386,169.4504089,"132-197"
"1204","Sheridan",-65.95,NA,1980-01-17,391052100410801,179,0,c(-100.6849208, 39.1813565),"1980","71-0",-100.6849208,39.1813565,78.9279938,"66-131"
"1205","Finney",-74.46,NA,1980-04-23,375713100561301,55,0,c(-100.9372843, 37.9539742),"1980","143-72",-100.9372843,37.9539742,232.7816467,"198-262"
"1206","Finney",-75.37,NA,1980-07-15,375713100561301,55,0,c(-100.9372843, 37.9539742),"1980","143-72",-100.9372843,37.9539742,232.7816467,"198-262"
"1207","Finney",-77.46,NA,1980-10-03,375713100561301,55,0,c(-100.9372843, 37.9539742),"1980","143-72",-100.9372843,37.9539742,232.7816467,"198-262"
"1208","Ford",-78.49,"Ensign",1980-01-04,374403100110601,57,0,c(-100.188118, 37.737151),"1980","143-72",-100.188118,37.737151,118.0829315,"66-131"
"1209","Ford",-79.1,"Ensign",1980-04-09,374403100110601,57,0,c(-100.188118, 37.737151),"1980","143-72",-100.188118,37.737151,118.0829315,"66-131"
"1210","Ford",-80.11,"Ensign",1980-07-14,374403100110601,57,0,c(-100.188118, 37.737151),"1980","143-72",-100.188118,37.737151,118.0829315,"66-131"
"1211","Ford",-81.54,"Ensign",1980-09-23,374403100110601,57,0,c(-100.188118, 37.737151),"1980","143-72",-100.188118,37.737151,118.0829315,"66-131"
"1212","Harvey",-7.46,NA,1980-01-01,375632097243001,79,0,c(-97.4097798, 37.9422826),"1980","71-0",-97.4097798,37.9422826,53.2998352,"0-65"
"1213","Harvey",-5.81,NA,1980-04-01,375632097243001,79,0,c(-97.4097798, 37.9422826),"1980","71-0",-97.4097798,37.9422826,53.2998352,"0-65"
"1214","Harvey",-5.39,NA,1980-07-01,375632097243001,79,0,c(-97.4097798, 37.9422826),"1980","71-0",-97.4097798,37.9422826,53.2998352,"0-65"
"1215","Harvey",-9.85,NA,1980-10-01,375632097243001,79,0,c(-97.4097798, 37.9422826),"1980","71-0",-97.4097798,37.9422826,53.2998352,"0-65"
"1216","Clay",-5.92,"CLIFTON",1980-03-11,393341097173201,27,0,c(-97.2901648, 39.5608822),"1980","71-0",-97.2901648,39.5608822,NA,NA
"1217","Clay",-4.5,"CLIFTON",1980-06-05,393341097173201,27,0,c(-97.2901648, 39.5608822),"1980","71-0",-97.2901648,39.5608822,NA,NA
"1218","Clay",-10.2,"CLIFTON",1980-09-11,393341097173201,27,0,c(-97.2901648, 39.5608822),"1980","71-0",-97.2901648,39.5608822,NA,NA
"1219","Clay",-8.7,"CLIFTON",1980-12-19,393341097173201,27,0,c(-97.2901648, 39.5608822),"1980","71-0",-97.2901648,39.5608822,NA,NA
"1220","Sedgwick",-17.86,NA,1980-01-01,375355097273701,173,0,c(-97.4626832, 37.8986874),"1980","71-0",-97.4626832,37.8986874,142.6809387,"132-197"
"1221","Sedgwick",-16.79,NA,1980-04-01,375355097273701,173,0,c(-97.4626832, 37.8986874),"1980","71-0",-97.4626832,37.8986874,142.6809387,"132-197"
"1222","Sedgwick",-15.09,NA,1980-07-01,375355097273701,173,0,c(-97.4626832, 37.8986874),"1980","71-0",-97.4626832,37.8986874,142.6809387,"132-197"
"1223","Sedgwick",-19.77,NA,1980-10-01,375355097273701,173,0,c(-97.4626832, 37.8986874),"1980","71-0",-97.4626832,37.8986874,142.6809387,"132-197"
"1224","McPherson",-13.65,NA,1980-03-10,383630097395501,113,0,c(-97.6658971, 38.6080584),"1980","71-0",-97.6658971,38.6080584,NA,NA
"1225","McPherson",-12.03,NA,1980-06-04,383630097395501,113,0,c(-97.6658971, 38.6080584),"1980","71-0",-97.6658971,38.6080584,NA,NA
"1226","McPherson",-14.58,NA,1980-09-10,383630097395501,113,0,c(-97.6658971, 38.6080584),"1980","71-0",-97.6658971,38.6080584,NA,NA
"1227","McPherson",-16.2,NA,1980-12-18,383630097395501,113,0,c(-97.6658971, 38.6080584),"1980","71-0",-97.6658971,38.6080584,NA,NA
"1228","Sedgwick",-9.28,NA,1980-01-01,375356097352401,173,0,c(-97.5932077, 37.8987324),"1980","71-0",-97.5932077,37.8987324,131.0279999,"66-131"
"1229","Sedgwick",-8.81,NA,1980-04-01,375356097352401,173,0,c(-97.5932077, 37.8987324),"1980","71-0",-97.5932077,37.8987324,131.0279999,"66-131"
"1230","Sedgwick",-8.91,NA,1980-07-01,375356097352401,173,0,c(-97.5932077, 37.8987324),"1980","71-0",-97.5932077,37.8987324,131.0279999,"66-131"
"1231","Sedgwick",-12.29,NA,1980-10-01,375356097352401,173,0,c(-97.5932077, 37.8987324),"1980","71-0",-97.5932077,37.8987324,131.0279999,"66-131"
"1232","Sedgwick",-27.55,NA,1980-01-01,374725097351501,173,0,c(-97.588413, 37.7871827),"1980","71-0",-97.588413,37.7871827,58.9524345,"0-65"
"1233","Sedgwick",-27.18,NA,1980-04-01,374725097351501,173,0,c(-97.588413, 37.7871827),"1980","71-0",-97.588413,37.7871827,58.9524345,"0-65"
"1234","Sedgwick",-26.91,NA,1980-07-01,374725097351501,173,0,c(-97.588413, 37.7871827),"1980","71-0",-97.588413,37.7871827,58.9524345,"0-65"
"1235","Sedgwick",-28.24,NA,1980-10-01,374725097351501,173,0,c(-97.588413, 37.7871827),"1980","71-0",-97.588413,37.7871827,58.9524345,"0-65"
"1236","Sedgwick",-19.38,NA,1980-01-01,375421097285401,173,0,c(-97.4832589, 37.9059005),"1980","71-0",-97.4832589,37.9059005,157.7076416,"132-197"
"1237","Sedgwick",-17.2,NA,1980-03-01,375421097285401,173,0,c(-97.4832589, 37.9059005),"1980","71-0",-97.4832589,37.9059005,157.7076416,"132-197"
"1238","Sedgwick",-16.5,NA,1980-04-01,375421097285401,173,0,c(-97.4832589, 37.9059005),"1980","71-0",-97.4832589,37.9059005,157.7076416,"132-197"
"1239","Sedgwick",-14.29,NA,1980-05-01,375421097285401,173,0,c(-97.4832589, 37.9059005),"1980","71-0",-97.4832589,37.9059005,157.7076416,"132-197"
"1240","Sedgwick",-20.24,NA,1980-08-01,375421097285401,173,0,c(-97.4832589, 37.9059005),"1980","71-0",-97.4832589,37.9059005,157.7076416,"132-197"
"1241","Sedgwick",-20.39,NA,1980-09-01,375421097285401,173,0,c(-97.4832589, 37.9059005),"1980","71-0",-97.4832589,37.9059005,157.7076416,"132-197"
"1242","Sedgwick",-20.22,NA,1980-10-01,375421097285401,173,0,c(-97.4832589, 37.9059005),"1980","71-0",-97.4832589,37.9059005,157.7076416,"132-197"
"1243","Sedgwick",-20.61,NA,1980-12-01,375421097285401,173,0,c(-97.4832589, 37.9059005),"1980","71-0",-97.4832589,37.9059005,157.7076416,"132-197"
"1244","Sedgwick",-14.74,NA,1980-01-03,374652097311901,173,0,c(-97.5233475, 37.7787324),"1980","71-0",-97.5233475,37.7787324,110.644516,"66-131"
"1245","Sedgwick",-14.35,NA,1980-03-27,374652097311901,173,0,c(-97.5233475, 37.7787324),"1980","71-0",-97.5233475,37.7787324,110.644516,"66-131"
"1246","Sedgwick",-14.26,NA,1980-07-01,374652097311901,173,0,c(-97.5233475, 37.7787324),"1980","71-0",-97.5233475,37.7787324,110.644516,"66-131"
"1247","Sedgwick",-15.8,NA,1980-09-17,374652097311901,173,0,c(-97.5233475, 37.7787324),"1980","71-0",-97.5233475,37.7787324,110.644516,"66-131"
"1248","Sedgwick",-15.24,NA,1980-12-24,374652097311901,173,0,c(-97.5233475, 37.7787324),"1980","71-0",-97.5233475,37.7787324,110.644516,"66-131"
"1249","McPherson",-78.91,"MCPHERSON SOUTH",1980-01-28,382143097442002,113,0,c(-97.739587, 38.361023),"1980","143-72",-97.739587,38.361023,50.9514618,"0-65"
"1250","McPherson",-79.67,"MCPHERSON SOUTH",1980-06-09,382143097442002,113,0,c(-97.739587, 38.361023),"1980","143-72",-97.739587,38.361023,50.9514618,"0-65"
"1251","McPherson",-81.33,"MCPHERSON SOUTH",1980-10-01,382143097442002,113,0,c(-97.739587, 38.361023),"1980","143-72",-97.739587,38.361023,50.9514618,"0-65"
"1252","Sedgwick",-27.97,NA,1980-01-01,375026097351401,173,0,c(-97.5909715, 37.8407658),"1980","71-0",-97.5909715,37.8407658,187.2825317,"132-197"
"1253","Sedgwick",-27.2,NA,1980-04-01,375026097351401,173,0,c(-97.5909715, 37.8407658),"1980","71-0",-97.5909715,37.8407658,187.2825317,"132-197"
"1254","Sedgwick",-28.86,NA,1980-07-01,375026097351401,173,0,c(-97.5909715, 37.8407658),"1980","71-0",-97.5909715,37.8407658,187.2825317,"132-197"
"1255","Sedgwick",-30.7,NA,1980-10-01,375026097351401,173,0,c(-97.5909715, 37.8407658),"1980","71-0",-97.5909715,37.8407658,187.2825317,"132-197"
"1256","Reno",-14.07,NA,1980-01-24,375248098203301,155,0,c(-98.3435204, 37.8790941),"1980","71-0",-98.3435204,37.8790941,81.8577499,"66-131"
"1257","Sedgwick",-9.93,"Patterson",1980-01-01,375356097373601,173,0,c(-97.629867, 37.8988065),"1980","71-0",-97.629867,37.8988065,180.8814392,"132-197"
"1258","Sedgwick",-9.67,"Patterson",1980-04-01,375356097373601,173,0,c(-97.629867, 37.8988065),"1980","71-0",-97.629867,37.8988065,180.8814392,"132-197"
"1259","Sedgwick",-10.61,"Patterson",1980-07-01,375356097373601,173,0,c(-97.629867, 37.8988065),"1980","71-0",-97.629867,37.8988065,180.8814392,"132-197"
"1260","Sedgwick",-11.87,"Patterson",1980-10-01,375356097373601,173,0,c(-97.629867, 37.8988065),"1980","71-0",-97.629867,37.8988065,180.8814392,"132-197"
"1261","McPherson",-6.75,NA,1980-02-01,382702097281101,113,0,c(-97.4696423, 38.4503544),"1980","71-0",-97.4696423,38.4503544,NA,NA
"1262","Sedgwick",-23.3,NA,1980-01-01,375348097294201,173,0,c(-97.497079, 37.8969337),"1980","71-0",-97.497079,37.8969337,170.8564148,"132-197"
"1263","Sedgwick",-20.23,NA,1980-03-01,375348097294201,173,0,c(-97.497079, 37.8969337),"1980","71-0",-97.497079,37.8969337,170.8564148,"132-197"
"1264","Sedgwick",-19.59,NA,1980-04-01,375348097294201,173,0,c(-97.497079, 37.8969337),"1980","71-0",-97.497079,37.8969337,170.8564148,"132-197"
"1265","Sedgwick",-17.99,NA,1980-05-01,375348097294201,173,0,c(-97.497079, 37.8969337),"1980","71-0",-97.497079,37.8969337,170.8564148,"132-197"
"1266","Sedgwick",-18.21,NA,1980-08-01,375348097294201,173,0,c(-97.497079, 37.8969337),"1980","71-0",-97.497079,37.8969337,170.8564148,"132-197"
"1267","Sedgwick",-21.41,NA,1980-09-01,375348097294201,173,0,c(-97.497079, 37.8969337),"1980","71-0",-97.497079,37.8969337,170.8564148,"132-197"
"1268","Sedgwick",-21.84,NA,1980-12-01,375348097294201,173,0,c(-97.497079, 37.8969337),"1980","71-0",-97.497079,37.8969337,170.8564148,"132-197"
"1269","McPherson",-80.69,NA,1980-01-28,382320097393801,113,0,c(-97.6611308, 38.3884329),"1980","143-72",-97.6611308,38.3884329,71.7541275,"66-131"
"1270","Sedgwick",-16.74,NA,1980-01-01,374606097305501,173,0,c(-97.5160671, 37.766133),"1980","71-0",-97.5160671,37.766133,59.96521,"0-65"
"1271","Sedgwick",-16.32,NA,1980-03-27,374606097305501,173,0,c(-97.5160671, 37.766133),"1980","71-0",-97.5160671,37.766133,59.96521,"0-65"
"1272","Sedgwick",-16.1,NA,1980-07-01,374606097305501,173,0,c(-97.5160671, 37.766133),"1980","71-0",-97.5160671,37.766133,59.96521,"0-65"
"1273","Sedgwick",-17.51,NA,1980-09-17,374606097305501,173,0,c(-97.5160671, 37.766133),"1980","71-0",-97.5160671,37.766133,59.96521,"0-65"
"1274","Sedgwick",-17.02,NA,1980-12-24,374606097305501,173,0,c(-97.5160671, 37.766133),"1980","71-0",-97.5160671,37.766133,59.96521,"0-65"
"1275","Sedgwick",-26,NA,1980-01-01,375441097305601,173,0,c(-97.5178671, 37.9121),"1980","71-0",-97.5178671,37.9121,179.3578186,"132-197"
"1276","Sedgwick",-24,NA,1980-03-01,375441097305601,173,0,c(-97.5178671, 37.9121),"1980","71-0",-97.5178671,37.9121,179.3578186,"132-197"
"1277","Sedgwick",-25.5,NA,1980-04-01,375441097305601,173,0,c(-97.5178671, 37.9121),"1980","71-0",-97.5178671,37.9121,179.3578186,"132-197"
"1278","Sedgwick",-90.43,NA,1980-05-01,375441097305601,173,0,c(-97.5178671, 37.9121),"1980","143-72",-97.5178671,37.9121,179.3578186,"132-197"
"1279","Sedgwick",-88.42,NA,1980-08-01,375441097305601,173,0,c(-97.5178671, 37.9121),"1980","143-72",-97.5178671,37.9121,179.3578186,"132-197"
"1280","Sedgwick",-86.94,NA,1980-09-01,375441097305601,173,0,c(-97.5178671, 37.9121),"1980","143-72",-97.5178671,37.9121,179.3578186,"132-197"
"1281","Sedgwick",-85.92,NA,1980-10-01,375441097305601,173,0,c(-97.5178671, 37.9121),"1980","143-72",-97.5178671,37.9121,179.3578186,"132-197"
"1282","Sedgwick",-75.51,NA,1980-12-01,375441097305601,173,0,c(-97.5178671, 37.9121),"1980","143-72",-97.5178671,37.9121,179.3578186,"132-197"
"1283","Sedgwick",-18.12,"WICHITA WEST",1980-01-03,373802097241801,173,0,c(-97.4062244, 37.6322529),"1980","71-0",-97.4062244,37.6322529,NA,NA
"1284","Sedgwick",-17.29,"WICHITA WEST",1980-03-27,373802097241801,173,0,c(-97.4062244, 37.6322529),"1980","71-0",-97.4062244,37.6322529,NA,NA
"1285","Sedgwick",-18.69,"WICHITA WEST",1980-07-01,373802097241801,173,0,c(-97.4062244, 37.6322529),"1980","71-0",-97.4062244,37.6322529,NA,NA
"1286","Sedgwick",-19.45,"WICHITA WEST",1980-09-17,373802097241801,173,0,c(-97.4062244, 37.6322529),"1980","71-0",-97.4062244,37.6322529,NA,NA
"1287","Sedgwick",-19.37,"WICHITA WEST",1980-12-24,373802097241801,173,0,c(-97.4062244, 37.6322529),"1980","71-0",-97.4062244,37.6322529,NA,NA
"1288","Reno",-2.88,NA,1980-01-23,374512098100102,155,0,c(-98.1674623, 37.7535191),"1980","71-0",-98.1674623,37.7535191,48.6959457,"0-65"
"1289","Saline",-20.26,"ASSARIA",1980-03-10,383959097353101,169,0,c(-97.5921583, 38.6662371),"1980","71-0",-97.5921583,38.6662371,NA,NA
"1290","Saline",-18.88,"ASSARIA",1980-06-04,383959097353101,169,0,c(-97.5921583, 38.6662371),"1980","71-0",-97.5921583,38.6662371,NA,NA
"1291","Saline",-20.84,"ASSARIA",1980-09-10,383959097353101,169,0,c(-97.5921583, 38.6662371),"1980","71-0",-97.5921583,38.6662371,NA,NA
"1292","Saline",-21.75,"ASSARIA",1980-12-18,383959097353101,169,0,c(-97.5921583, 38.6662371),"1980","71-0",-97.5921583,38.6662371,NA,NA
"1293","Sedgwick",-5.54,"BENTLY",1980-01-01,375253097315602,173,0,c(-97.5360392, 37.8824559),"1980","71-0",-97.5360392,37.8824559,186.6005249,"132-197"
"1294","Sedgwick",-4.68,"BENTLY",1980-04-01,375253097315602,173,0,c(-97.5360392, 37.8824559),"1980","71-0",-97.5360392,37.8824559,186.6005249,"132-197"
"1295","Sedgwick",-5.27,"BENTLY",1980-07-01,375253097315602,173,0,c(-97.5360392, 37.8824559),"1980","71-0",-97.5360392,37.8824559,186.6005249,"132-197"
"1296","Sedgwick",-8.67,"BENTLY",1980-10-01,375253097315602,173,0,c(-97.5360392, 37.8824559),"1980","71-0",-97.5360392,37.8824559,186.6005249,"132-197"
"1297","McPherson",-9.14,NA,1980-03-10,383302097485401,113,0,c(-97.8152454, 38.550472),"1980","71-0",-97.8152454,38.550472,NA,NA
"1298","McPherson",-8.4,NA,1980-06-04,383302097485401,113,0,c(-97.8152454, 38.550472),"1980","71-0",-97.8152454,38.550472,NA,NA
"1299","McPherson",-7.76,NA,1980-09-10,383302097485401,113,0,c(-97.8152454, 38.550472),"1980","71-0",-97.8152454,38.550472,NA,NA
"1300","McPherson",-7.38,NA,1980-12-18,383302097485401,113,0,c(-97.8152454, 38.550472),"1980","71-0",-97.8152454,38.550472,NA,NA
"1301","Sedgwick",-16.44,"BAYNEVILLE",1980-01-03,373730097235301,173,0,c(-97.403982, 37.6232745),"1980","71-0",-97.403982,37.6232745,NA,NA
"1302","Sedgwick",-15.35,"BAYNEVILLE",1980-03-27,373730097235301,173,0,c(-97.403982, 37.6232745),"1980","71-0",-97.403982,37.6232745,NA,NA
"1303","Sedgwick",-16.33,"BAYNEVILLE",1980-07-01,373730097235301,173,0,c(-97.403982, 37.6232745),"1980","71-0",-97.403982,37.6232745,NA,NA
"1304","Sedgwick",-16.97,"BAYNEVILLE",1980-09-17,373730097235301,173,0,c(-97.403982, 37.6232745),"1980","71-0",-97.403982,37.6232745,NA,NA
"1305","Sedgwick",-16.85,"BAYNEVILLE",1980-12-24,373730097235301,173,0,c(-97.403982, 37.6232745),"1980","71-0",-97.403982,37.6232745,NA,NA
"1306","Sedgwick",-34.39,"BAYNEVILLE",1980-01-03,373710097244202,173,0,c(-97.4131411, 37.6177756),"1980","71-0",-97.4131411,37.6177756,NA,NA
"1307","Sedgwick",-34.25,"BAYNEVILLE",1980-03-27,373710097244202,173,0,c(-97.4131411, 37.6177756),"1980","71-0",-97.4131411,37.6177756,NA,NA
"1308","Sedgwick",-34.44,"BAYNEVILLE",1980-07-01,373710097244202,173,0,c(-97.4131411, 37.6177756),"1980","71-0",-97.4131411,37.6177756,NA,NA
"1309","Sedgwick",-35.16,"BAYNEVILLE",1980-09-17,373710097244202,173,0,c(-97.4131411, 37.6177756),"1980","71-0",-97.4131411,37.6177756,NA,NA
"1310","Sedgwick",-35.21,"BAYNEVILLE",1980-12-24,373710097244202,173,0,c(-97.4131411, 37.6177756),"1980","71-0",-97.4131411,37.6177756,NA,NA
"1311","Sedgwick",-19.4,NA,1980-12-24,373545097314201,173,0,c(-97.5286285, 37.5944387),"1980","71-0",-97.5286285,37.5944387,NA,NA
"1312","Reno",-6.61,"Langdon",1980-01-22,374721098200701,155,0,c(-98.337672, 37.788849),"1980","71-0",-98.337672,37.788849,57.4323044,"0-65"
"1313","Kingman",-44.75,"WILLOWDALE",1980-01-23,373417098170201,95,0,c(-98.285025, 37.572695),"1980","71-0",-98.285025,37.572695,35.123848,"0-65"
"1314","Harvey",-10.44,NA,1980-01-01,375909097300001,79,0,c(-97.5014652, 37.9859218),"1980","71-0",-97.5014652,37.9859218,138.1916962,"132-197"
"1315","Harvey",-10.23,NA,1980-04-01,375909097300001,79,0,c(-97.5014652, 37.9859218),"1980","71-0",-97.5014652,37.9859218,138.1916962,"132-197"
"1316","Harvey",-11.53,NA,1980-07-01,375909097300001,79,0,c(-97.5014652, 37.9859218),"1980","71-0",-97.5014652,37.9859218,138.1916962,"132-197"
"1317","Harvey",-15.73,NA,1980-10-01,375909097300001,79,0,c(-97.5014652, 37.9859218),"1980","71-0",-97.5014652,37.9859218,138.1916962,"132-197"
"1318","Sedgwick",-23.74,"COLWICH",1980-01-03,374718097312801,173,0,c(-97.5257795, 37.7859666),"1980","71-0",-97.5257795,37.7859666,147.9239197,"132-197"
"1319","Sedgwick",-23.74,"COLWICH",1980-03-27,374718097312801,173,0,c(-97.5257795, 37.7859666),"1980","71-0",-97.5257795,37.7859666,147.9239197,"132-197"
"1320","Sedgwick",-23.68,"COLWICH",1980-07-01,374718097312801,173,0,c(-97.5257795, 37.7859666),"1980","71-0",-97.5257795,37.7859666,147.9239197,"132-197"
"1321","Sedgwick",-24.88,"COLWICH",1980-09-17,374718097312801,173,0,c(-97.5257795, 37.7859666),"1980","71-0",-97.5257795,37.7859666,147.9239197,"132-197"
"1322","Sedgwick",-23.71,"COLWICH",1980-12-24,374718097312801,173,0,c(-97.5257795, 37.7859666),"1980","71-0",-97.5257795,37.7859666,147.9239197,"132-197"
"1323","Sedgwick",-9.94,NA,1980-01-01,375118097285303,173,0,c(-97.4836094, 37.855029),"1980","71-0",-97.4836094,37.855029,183.8658142,"132-197"
"1324","Sedgwick",-9.27,NA,1980-04-01,375118097285303,173,0,c(-97.4836094, 37.855029),"1980","71-0",-97.4836094,37.855029,183.8658142,"132-197"
"1325","Sedgwick",-10,NA,1980-07-01,375118097285303,173,0,c(-97.4836094, 37.855029),"1980","71-0",-97.4836094,37.855029,183.8658142,"132-197"
"1326","Sedgwick",-11.7,NA,1980-10-01,375118097285303,173,0,c(-97.4836094, 37.855029),"1980","71-0",-97.4836094,37.855029,183.8658142,"132-197"
"1327","Sedgwick",-11.24,NA,1980-01-01,375415097333802,173,0,c(-97.5633992, 37.9041562),"1980","71-0",-97.5633992,37.9041562,154.6398926,"132-197"
"1328","Sedgwick",-14.3,NA,1980-03-01,375415097333802,173,0,c(-97.5633992, 37.9041562),"1980","71-0",-97.5633992,37.9041562,154.6398926,"132-197"
"1329","Sedgwick",-13.3,NA,1980-04-01,375415097333802,173,0,c(-97.5633992, 37.9041562),"1980","71-0",-97.5633992,37.9041562,154.6398926,"132-197"
"1330","Sedgwick",-12.22,NA,1980-05-01,375415097333802,173,0,c(-97.5633992, 37.9041562),"1980","71-0",-97.5633992,37.9041562,154.6398926,"132-197"
"1331","Sedgwick",-13.94,NA,1980-08-01,375415097333802,173,0,c(-97.5633992, 37.9041562),"1980","71-0",-97.5633992,37.9041562,154.6398926,"132-197"
"1332","Sedgwick",-16.52,NA,1980-09-01,375415097333802,173,0,c(-97.5633992, 37.9041562),"1980","71-0",-97.5633992,37.9041562,154.6398926,"132-197"
"1333","Sedgwick",-15.68,NA,1980-10-01,375415097333802,173,0,c(-97.5633992, 37.9041562),"1980","71-0",-97.5633992,37.9041562,154.6398926,"132-197"
"1334","Sedgwick",-15.84,NA,1980-11-01,375415097333802,173,0,c(-97.5633992, 37.9041562),"1980","71-0",-97.5633992,37.9041562,154.6398926,"132-197"
"1335","Sedgwick",-17.77,NA,1980-12-01,375415097333802,173,0,c(-97.5633992, 37.9041562),"1980","71-0",-97.5633992,37.9041562,154.6398926,"132-197"
"1336","Sedgwick",-54.99,NA,1980-01-01,375441097341103,173,0,c(-97.572556, 37.9114992),"1980","71-0",-97.572556,37.9114992,153.8759918,"132-197"
"1337","Sedgwick",-27.1,NA,1980-03-01,375441097341103,173,0,c(-97.572556, 37.9114992),"1980","71-0",-97.572556,37.9114992,153.8759918,"132-197"
"1338","Sedgwick",-31.35,NA,1980-04-01,375441097341103,173,0,c(-97.572556, 37.9114992),"1980","71-0",-97.572556,37.9114992,153.8759918,"132-197"
"1339","Sedgwick",-51.78,NA,1980-05-01,375441097341103,173,0,c(-97.572556, 37.9114992),"1980","71-0",-97.572556,37.9114992,153.8759918,"132-197"
"1340","Sedgwick",-35.43,NA,1980-08-01,375441097341103,173,0,c(-97.572556, 37.9114992),"1980","71-0",-97.572556,37.9114992,153.8759918,"132-197"
"1341","Sedgwick",-53.73,NA,1980-09-01,375441097341103,173,0,c(-97.572556, 37.9114992),"1980","71-0",-97.572556,37.9114992,153.8759918,"132-197"
"1342","Sedgwick",-49.15,NA,1980-10-01,375441097341103,173,0,c(-97.572556, 37.9114992),"1980","71-0",-97.572556,37.9114992,153.8759918,"132-197"
"1343","Sedgwick",-32.33,NA,1980-11-01,375441097341103,173,0,c(-97.572556, 37.9114992),"1980","71-0",-97.572556,37.9114992,153.8759918,"132-197"
"1344","Sedgwick",-53.53,NA,1980-12-01,375441097341103,173,0,c(-97.572556, 37.9114992),"1980","71-0",-97.572556,37.9114992,153.8759918,"132-197"
"1345","Sedgwick",-22.1,NA,1980-01-01,375348097292602,173,0,c(-97.4924861, 37.8969187),"1980","71-0",-97.4924861,37.8969187,165.7713928,"132-197"
"1346","Sedgwick",-20.51,NA,1980-03-01,375348097292602,173,0,c(-97.4924861, 37.8969187),"1980","71-0",-97.4924861,37.8969187,165.7713928,"132-197"
"1347","Sedgwick",-19.64,NA,1980-04-01,375348097292602,173,0,c(-97.4924861, 37.8969187),"1980","71-0",-97.4924861,37.8969187,165.7713928,"132-197"
"1348","Sedgwick",-17.49,NA,1980-05-01,375348097292602,173,0,c(-97.4924861, 37.8969187),"1980","71-0",-97.4924861,37.8969187,165.7713928,"132-197"
"1349","Sedgwick",-18.42,NA,1980-08-01,375348097292602,173,0,c(-97.4924861, 37.8969187),"1980","71-0",-97.4924861,37.8969187,165.7713928,"132-197"
"1350","Sedgwick",-22.47,NA,1980-09-01,375348097292602,173,0,c(-97.4924861, 37.8969187),"1980","71-0",-97.4924861,37.8969187,165.7713928,"132-197"
"1351","Sedgwick",-22.73,NA,1980-10-01,375348097292602,173,0,c(-97.4924861, 37.8969187),"1980","71-0",-97.4924861,37.8969187,165.7713928,"132-197"
"1352","Sedgwick",-23.59,NA,1980-12-01,375348097292602,173,0,c(-97.4924861, 37.8969187),"1980","71-0",-97.4924861,37.8969187,165.7713928,"132-197"
"1353","Saline",-14.96,"ASSARIA",1980-03-10,383821097364501,169,0,c(-97.612894, 38.6389418),"1980","71-0",-97.612894,38.6389418,NA,NA
"1354","Saline",-13.58,"ASSARIA",1980-06-04,383821097364501,169,0,c(-97.612894, 38.6389418),"1980","71-0",-97.612894,38.6389418,NA,NA
"1355","Saline",-16.96,"ASSARIA",1980-09-10,383821097364501,169,0,c(-97.612894, 38.6389418),"1980","71-0",-97.612894,38.6389418,NA,NA
"1356","Saline",-17.6,"ASSARIA",1980-12-18,383821097364501,169,0,c(-97.612894, 38.6389418),"1980","71-0",-97.612894,38.6389418,NA,NA
"1357","Sedgwick",-23.17,NA,1980-01-03,374712097320001,173,0,c(-97.5347776, 37.7839107),"1980","71-0",-97.5347776,37.7839107,122.7556152,"66-131"
"1358","Sedgwick",-22.55,NA,1980-03-27,374712097320001,173,0,c(-97.5347776, 37.7839107),"1980","71-0",-97.5347776,37.7839107,122.7556152,"66-131"
"1359","Sedgwick",-23.39,NA,1980-07-01,374712097320001,173,0,c(-97.5347776, 37.7839107),"1980","71-0",-97.5347776,37.7839107,122.7556152,"66-131"
"1360","Sedgwick",-24.47,NA,1980-09-17,374712097320001,173,0,c(-97.5347776, 37.7839107),"1980","71-0",-97.5347776,37.7839107,122.7556152,"66-131"
"1361","Sedgwick",-23.89,NA,1980-12-24,374712097320001,173,0,c(-97.5347776, 37.7839107),"1980","71-0",-97.5347776,37.7839107,122.7556152,"66-131"
"1362","Kingman",-2.3,"Cleveland",1980-01-23,373602098123001,95,0,c(-98.207679, 37.602919),"1980","71-0",-98.207679,37.602919,40.6179886,"0-65"
"1363","Sedgwick",-21.93,NA,1980-01-01,375441097292601,173,0,c(-97.4923916, 37.9113476),"1980","71-0",-97.4923916,37.9113476,164.5970612,"132-197"
"1364","Sedgwick",-20.56,NA,1980-03-01,375441097292601,173,0,c(-97.4923916, 37.9113476),"1980","71-0",-97.4923916,37.9113476,164.5970612,"132-197"
"1365","Sedgwick",-20.2,NA,1980-04-01,375441097292601,173,0,c(-97.4923916, 37.9113476),"1980","71-0",-97.4923916,37.9113476,164.5970612,"132-197"
"1366","Sedgwick",-18.72,NA,1980-05-01,375441097292601,173,0,c(-97.4923916, 37.9113476),"1980","71-0",-97.4923916,37.9113476,164.5970612,"132-197"
"1367","Sedgwick",-18.8,NA,1980-08-01,375441097292601,173,0,c(-97.4923916, 37.9113476),"1980","71-0",-97.4923916,37.9113476,164.5970612,"132-197"
"1368","Sedgwick",-22.08,NA,1980-09-01,375441097292601,173,0,c(-97.4923916, 37.9113476),"1980","71-0",-97.4923916,37.9113476,164.5970612,"132-197"
"1369","Sedgwick",-22.98,NA,1980-10-01,375441097292601,173,0,c(-97.4923916, 37.9113476),"1980","71-0",-97.4923916,37.9113476,164.5970612,"132-197"
"1370","Sedgwick",-22.94,NA,1980-12-01,375441097292601,173,0,c(-97.4923916, 37.9113476),"1980","71-0",-97.4923916,37.9113476,164.5970612,"132-197"
"1371","Sedgwick",-22.4,NA,1980-01-01,375415097295101,173,0,c(-97.4993187, 37.9041644),"1980","71-0",-97.4993187,37.9041644,171.8778381,"132-197"
"1372","Sedgwick",-19.8,NA,1980-04-01,375415097295101,173,0,c(-97.4993187, 37.9041644),"1980","71-0",-97.4993187,37.9041644,171.8778381,"132-197"
"1373","Sedgwick",-19.35,NA,1980-07-01,375415097295101,173,0,c(-97.4993187, 37.9041644),"1980","71-0",-97.4993187,37.9041644,171.8778381,"132-197"
"1374","Sedgwick",-22.06,NA,1980-10-01,375415097295101,173,0,c(-97.4993187, 37.9041644),"1980","71-0",-97.4993187,37.9041644,171.8778381,"132-197"
"1375","Sedgwick",-23.53,NA,1980-01-01,375441097302301,173,0,c(-97.5084628, 37.9113952),"1980","71-0",-97.5084628,37.9113952,175.9151154,"132-197"
"1376","Sedgwick",-22.99,NA,1980-03-01,375441097302301,173,0,c(-97.5084628, 37.9113952),"1980","71-0",-97.5084628,37.9113952,175.9151154,"132-197"
"1377","Sedgwick",-22.69,NA,1980-04-01,375441097302301,173,0,c(-97.5084628, 37.9113952),"1980","71-0",-97.5084628,37.9113952,175.9151154,"132-197"
"1378","Sedgwick",-21.49,NA,1980-05-01,375441097302301,173,0,c(-97.5084628, 37.9113952),"1980","71-0",-97.5084628,37.9113952,175.9151154,"132-197"
"1379","Sedgwick",-21.31,NA,1980-08-01,375441097302301,173,0,c(-97.5084628, 37.9113952),"1980","71-0",-97.5084628,37.9113952,175.9151154,"132-197"
"1380","Sedgwick",-24.84,NA,1980-09-01,375441097302301,173,0,c(-97.5084628, 37.9113952),"1980","71-0",-97.5084628,37.9113952,175.9151154,"132-197"
"1381","Sedgwick",-25.09,NA,1980-10-01,375441097302301,173,0,c(-97.5084628, 37.9113952),"1980","71-0",-97.5084628,37.9113952,175.9151154,"132-197"
"1382","Sedgwick",-25.03,NA,1980-12-01,375441097302301,173,0,c(-97.5084628, 37.9113952),"1980","71-0",-97.5084628,37.9113952,175.9151154,"132-197"
"1383","Sedgwick",-13.44,NA,1980-01-01,375355097320101,173,0,c(-97.5359459, 37.898756),"1980","71-0",-97.5359459,37.898756,198.6500854,"198-262"
"1384","Sedgwick",-13.1,NA,1980-04-01,375355097320101,173,0,c(-97.5359459, 37.898756),"1980","71-0",-97.5359459,37.898756,198.6500854,"198-262"
"1385","Sedgwick",-12.32,NA,1980-07-01,375355097320101,173,0,c(-97.5359459, 37.898756),"1980","71-0",-97.5359459,37.898756,198.6500854,"198-262"
"1386","Sedgwick",-14.49,NA,1980-10-01,375355097320101,173,0,c(-97.5359459, 37.898756),"1980","71-0",-97.5359459,37.898756,198.6500854,"198-262"
"1387","Sedgwick",-12.85,"Maize",1980-01-01,375210097232601,173,0,c(-97.3915449, 37.8695399),"1980","71-0",-97.3915449,37.8695399,46.1562195,"0-65"
"1388","Sedgwick",-12.77,"Maize",1980-04-01,375210097232601,173,0,c(-97.3915449, 37.8695399),"1980","71-0",-97.3915449,37.8695399,46.1562195,"0-65"
"1389","Sedgwick",-13.42,"Maize",1980-07-01,375210097232601,173,0,c(-97.3915449, 37.8695399),"1980","71-0",-97.3915449,37.8695399,46.1562195,"0-65"
"1390","Sedgwick",-14.73,"Maize",1980-10-01,375210097232601,173,0,c(-97.3915449, 37.8695399),"1980","71-0",-97.3915449,37.8695399,46.1562195,"0-65"
"1391","Sedgwick",-7.72,NA,1980-01-01,375348097341901,173,0,c(-97.5748505, 37.8969609),"1980","71-0",-97.5748505,37.8969609,129.6610718,"66-131"
"1392","Sedgwick",-8.22,NA,1980-04-01,375348097341901,173,0,c(-97.5748505, 37.8969609),"1980","71-0",-97.5748505,37.8969609,129.6610718,"66-131"
"1393","Sedgwick",-8.41,NA,1980-07-01,375348097341901,173,0,c(-97.5748505, 37.8969609),"1980","71-0",-97.5748505,37.8969609,129.6610718,"66-131"
"1394","Sedgwick",-11.42,NA,1980-10-01,375348097341901,173,0,c(-97.5748505, 37.8969609),"1980","71-0",-97.5748505,37.8969609,129.6610718,"66-131"
"1395","Sedgwick",-9.14,NA,1980-01-01,375118097285301,173,0,c(-97.4836094, 37.855029),"1980","71-0",-97.4836094,37.855029,183.8658142,"132-197"
"1396","Sedgwick",-8.59,NA,1980-04-01,375118097285301,173,0,c(-97.4836094, 37.855029),"1980","71-0",-97.4836094,37.855029,183.8658142,"132-197"
"1397","Sedgwick",-8.49,NA,1980-07-01,375118097285301,173,0,c(-97.4836094, 37.855029),"1980","71-0",-97.4836094,37.855029,183.8658142,"132-197"
"1398","Sedgwick",-10.77,NA,1980-10-01,375118097285301,173,0,c(-97.4836094, 37.855029),"1980","71-0",-97.4836094,37.855029,183.8658142,"132-197"
"1399","Sedgwick",-12.78,NA,1980-01-01,375111097252701,173,0,c(-97.4258489, 37.853158),"1980","71-0",-97.4258489,37.853158,122.5894394,"66-131"
"1400","Sedgwick",-12.42,NA,1980-04-01,375111097252701,173,0,c(-97.4258489, 37.853158),"1980","71-0",-97.4258489,37.853158,122.5894394,"66-131"
"1401","Sedgwick",-13.45,NA,1980-07-01,375111097252701,173,0,c(-97.4258489, 37.853158),"1980","71-0",-97.4258489,37.853158,122.5894394,"66-131"
"1402","Sedgwick",-16.66,NA,1980-10-01,375111097252701,173,0,c(-97.4258489, 37.853158),"1980","71-0",-97.4258489,37.853158,122.5894394,"66-131"
"1403","Reno",-7.73,NA,1980-01-23,375149098140701,155,0,c(-98.2369371, 37.865748),"1980","71-0",-98.2369371,37.865748,NA,NA
"1404","Sedgwick",-12.55,NA,1980-01-01,375316097305501,173,0,c(-97.5178098, 37.8879134),"1980","71-0",-97.5178098,37.8879134,196.9079437,"132-197"
"1405","Sedgwick",-11.77,NA,1980-04-01,375316097305501,173,0,c(-97.5178098, 37.8879134),"1980","71-0",-97.5178098,37.8879134,196.9079437,"132-197"
"1406","Sedgwick",-11.01,NA,1980-07-01,375316097305501,173,0,c(-97.5178098, 37.8879134),"1980","71-0",-97.5178098,37.8879134,196.9079437,"132-197"
"1407","Sedgwick",-13.99,NA,1980-10-01,375316097305501,173,0,c(-97.5178098, 37.8879134),"1980","71-0",-97.5178098,37.8879134,196.9079437,"132-197"
"1408","Sedgwick",-5.59,"Colwich",1980-01-01,375204097320001,173,0,c(-97.5362132, 37.8680147),"1980","71-0",-97.5362132,37.8680147,186.0897827,"132-197"
"1409","Sedgwick",-4.25,"Colwich",1980-04-01,375204097320001,173,0,c(-97.5362132, 37.8680147),"1980","71-0",-97.5362132,37.8680147,186.0897827,"132-197"
"1410","Sedgwick",-6.54,"Colwich",1980-07-01,375204097320001,173,0,c(-97.5362132, 37.8680147),"1980","71-0",-97.5362132,37.8680147,186.0897827,"132-197"
"1411","Sedgwick",-8.74,"Colwich",1980-10-01,375204097320001,173,0,c(-97.5362132, 37.8680147),"1980","71-0",-97.5362132,37.8680147,186.0897827,"132-197"
"1412","Stevens",-182.66,NA,1980-01-17,372049101282701,189,0,c(-101.4758822, 37.3477503),"1980","215-144",-101.4758822,37.3477503,123.1486282,"66-131"
"1413","McPherson",-20.77,"HALSTEAD NW",1980-01-29,381306097422101,113,0,c(-97.706494, 38.219275),"1980","71-0",-97.706494,38.219275,119.567215,"66-131"
"1414","Scott",-165.55,"PENCE NW",1980-01-31,383738101073402,171,0,c(-101.1282641, 38.6261952),"1980","215-144",-101.1282641,38.6261952,18.7317581,"0-65"
"1415","Hodgeman",-21.2,NA,1980-01-10,380418099552901,83,0,c(-99.9249654, 38.0732459),"1980","71-0",-99.9249654,38.0732459,NA,NA
"1416","Ford",-106.8,"ASHLAND NW",1980-06-05,372941099434401,57,0,c(-99.7295109, 37.4945109),"1980","143-72",-99.7295109,37.4945109,68.4654388,"66-131"
"1417","Ford",-87.62,"FORT DODGE",1980-01-04,373950099541801,57,0,c(-99.908309, 37.66952),"1980","143-72",-99.908309,37.66952,91.3694916,"66-131"
"1418","Reno",-22.92,"Sylvia",1980-01-01,375906098274202,155,0,c(-98.463377, 37.98465),"1980","71-0",-98.463377,37.98465,122.8372803,"66-131"
"1419","Reno",-19.75,"Sylvia",1980-05-08,375906098274202,155,0,c(-98.463377, 37.98465),"1980","71-0",-98.463377,37.98465,122.8372803,"66-131"
"1420","Thomas",-157.05,"Chardon SW",1980-01-09,393144101084301,193,0,c(-101.147436, 39.531261),"1980","215-144",-101.147436,39.531261,94.9403915,"66-131"
"1421","Thomas",-156.34,"Chardon SW",1980-03-12,393144101084301,193,0,c(-101.147436, 39.531261),"1980","215-144",-101.147436,39.531261,94.9403915,"66-131"
"1422","Thomas",-155.27,"Chardon SW",1980-06-04,393144101084301,193,0,c(-101.147436, 39.531261),"1980","215-144",-101.147436,39.531261,94.9403915,"66-131"
"1423","Cheyenne",-13.8,"MC DONALD NW",1980-01-09,395829101362501,23,0,c(-101.606146, 39.975444),"1980","71-0",-101.606146,39.975444,10,"0-65"
"1424","Rawlins",-15.35,"Ludell",1980-12-16,395130100555301,153,0,c(-100.931433, 39.858552),"1980","71-0",-100.931433,39.858552,24.9617863,"0-65"
"1425","Seward",-172.14,NA,1980-01-17,370039100441901,175,0,c(-100.7381743, 37.009263),"1980","215-144",-100.7381743,37.009263,354.1456909,"328-393"
"1426","Haskell",-113.74,NA,1980-01-07,374222100460901,81,0,c(-100.7704108, 37.7073366),"1980","143-72",-100.7704108,37.7073366,227.2024841,"198-262"
"1427","Harvey",-45.02,"Moundridge",1980-01-29,380950097340901,79,0,c(-97.571669, 38.163427),"1980","71-0",-97.571669,38.163427,68.1383133,"66-131"
"1428","Stevens",-174.05,NA,1980-01-16,371931101134301,189,0,c(-101.2309369, 37.3248119),"1980","215-144",-101.2309369,37.3248119,192.3056335,"132-197"
"1429","Rawlins",-176.7,"McDonald",1980-12-16,395033101183701,153,0,c(-101.3072145, 39.8431957),"1980","215-144",-101.3072145,39.8431957,125.5819626,"66-131"
"1430","Douglas",-23.45,"LAWRENCE EAST",1980-03-20,385657095085601,45,0,c(-95.1476946, 38.9505798),"1980","71-0",-95.1476946,38.9505798,NA,NA
"1431","Douglas",-23.73,"LAWRENCE EAST",1980-06-20,385657095085601,45,0,c(-95.1476946, 38.9505798),"1980","71-0",-95.1476946,38.9505798,NA,NA
"1432","Douglas",-24.33,"LAWRENCE EAST",1980-12-19,385657095085601,45,0,c(-95.1476946, 38.9505798),"1980","71-0",-95.1476946,38.9505798,NA,NA
"1433","Meade",-165.1,"Plains NE",1980-01-15,372455100301701,119,0,c(-100.5071265, 37.4161909),"1980","215-144",-100.5071265,37.4161909,311.4414978,"263-328"
"1434","Meade",-165.7,"Plains NE",1980-01-18,372455100301701,119,0,c(-100.5071265, 37.4161909),"1980","215-144",-100.5071265,37.4161909,311.4414978,"263-328"
"1435","Decatur",-31.62,"Oberlin NE",1980-12-16,395925100331901,39,0,c(-100.5561042, 39.9900326),"1980","71-0",-100.5561042,39.9900326,14.8274059,"0-65"
"1436","Rawlins",-116.04,"Chardon",1980-12-17,393914101053801,153,0,c(-101.0931227, 39.6540827),"1980","143-72",-101.0931227,39.6540827,127.336441,"66-131"
"1437","Decatur",-24.58,"OBERLIN",1980-12-17,394715100355501,39,0,c(-100.598124, 39.787125),"1980","71-0",-100.598124,39.787125,12.4045258,"0-65"
"1438","Pottawatomie",-15.6,NA,1980-03-11,391142096285501,149,0,c(-96.4814419, 39.195287),"1980","71-0",-96.4814419,39.195287,NA,NA
"1439","Pottawatomie",-10.84,NA,1980-06-05,391142096285501,149,0,c(-96.4814419, 39.195287),"1980","71-0",-96.4814419,39.195287,NA,NA
"1440","Pottawatomie",-16.55,NA,1980-09-11,391142096285501,149,0,c(-96.4814419, 39.195287),"1980","71-0",-96.4814419,39.195287,NA,NA
"1441","Pottawatomie",-17.3,NA,1980-12-19,391142096285501,149,0,c(-96.4814419, 39.195287),"1980","71-0",-96.4814419,39.195287,NA,NA
"1442","Rawlins",-18.69,NA,1980-12-17,394012100442701,153,0,c(-100.742074, 39.6702231),"1980","71-0",-100.742074,39.6702231,12.188797,"0-65"
"1443","Douglas",-9.45,"MIDLAND",1980-03-06,390032095143801,45,0,c(-95.2431839, 39.0105475),"1980","71-0",-95.2431839,39.0105475,NA,NA
"1444","Douglas",-7.85,"MIDLAND",1980-06-02,390032095143801,45,0,c(-95.2431839, 39.0105475),"1980","71-0",-95.2431839,39.0105475,NA,NA
"1445","Douglas",-10.6,"MIDLAND",1980-09-09,390032095143801,45,0,c(-95.2431839, 39.0105475),"1980","71-0",-95.2431839,39.0105475,NA,NA
"1446","Douglas",-11.1,"MIDLAND",1980-12-17,390032095143801,45,0,c(-95.2431839, 39.0105475),"1980","71-0",-95.2431839,39.0105475,NA,NA
"1447","Rawlins",-16.36,NA,1980-12-17,394210101112301,153,0,c(-101.1880595, 39.7031281),"1980","71-0",-101.1880595,39.7031281,49.4538307,"0-65"
"1448","Pottawatomie",-32,"BELVUE",1980-03-11,391456096140801,149,0,c(-96.2362506, 39.2496439),"1980","71-0",-96.2362506,39.2496439,NA,NA
"1449","Pottawatomie",-30.58,"BELVUE",1980-06-05,391456096140801,149,0,c(-96.2362506, 39.2496439),"1980","71-0",-96.2362506,39.2496439,NA,NA
"1450","Pottawatomie",-33.6,"BELVUE",1980-09-11,391456096140801,149,0,c(-96.2362506, 39.2496439),"1980","71-0",-96.2362506,39.2496439,NA,NA
"1451","Pottawatomie",-33.7,"BELVUE",1980-12-09,391456096140801,149,0,c(-96.2362506, 39.2496439),"1980","71-0",-96.2362506,39.2496439,NA,NA
"1452","Pottawatomie",-28.4,"BELVUE",1980-03-11,391417096103601,149,0,c(-96.1763612, 39.2377306),"1980","71-0",-96.1763612,39.2377306,NA,NA
"1453","Pottawatomie",-24.37,"BELVUE",1980-06-05,391417096103601,149,0,c(-96.1763612, 39.2377306),"1980","71-0",-96.1763612,39.2377306,NA,NA
"1454","Pottawatomie",-29.5,"BELVUE",1980-09-11,391417096103601,149,0,c(-96.1763612, 39.2377306),"1980","71-0",-96.1763612,39.2377306,NA,NA
"1455","Pottawatomie",-29.85,"BELVUE",1980-12-09,391417096103601,149,0,c(-96.1763612, 39.2377306),"1980","71-0",-96.1763612,39.2377306,NA,NA
"1456","Cheyenne",-113.18,"Saint Francis",1980-01-09,395100101484301,23,0,c(-101.8110515, 39.8506403),"1980","143-72",-101.8110515,39.8506403,10,"0-65"
"1457","Decatur",-92.22,"Dresden North",1980-12-15,394241100263201,39,0,c(-100.4427714, 39.7113343),"1980","143-72",-100.4427714,39.7113343,60.013031,"0-65"
"1458","Pottawatomie",-15.6,NA,1980-03-11,391305096135201,149,0,c(-96.2300649, 39.2178718),"1980","71-0",-96.2300649,39.2178718,NA,NA
"1459","Pottawatomie",-14.74,NA,1980-06-05,391305096135201,149,0,c(-96.2300649, 39.2178718),"1980","71-0",-96.2300649,39.2178718,NA,NA
"1460","Pottawatomie",-17.2,NA,1980-09-11,391305096135201,149,0,c(-96.2300649, 39.2178718),"1980","71-0",-96.2300649,39.2178718,NA,NA
"1461","Pottawatomie",-17.86,NA,1980-12-09,391305096135201,149,0,c(-96.2300649, 39.2178718),"1980","71-0",-96.2300649,39.2178718,NA,NA
"1462","Pottawatomie",-23.9,NA,1980-03-11,391331096122601,149,0,c(-96.2067966, 39.2250222),"1980","71-0",-96.2067966,39.2250222,NA,NA
"1463","Pottawatomie",-23.22,NA,1980-06-05,391331096122601,149,0,c(-96.2067966, 39.2250222),"1980","71-0",-96.2067966,39.2250222,NA,NA
"1464","Pottawatomie",-25.87,NA,1980-09-11,391331096122601,149,0,c(-96.2067966, 39.2250222),"1980","71-0",-96.2067966,39.2250222,NA,NA
"1465","Pottawatomie",-26.18,NA,1980-12-09,391331096122601,149,0,c(-96.2067966, 39.2250222),"1980","71-0",-96.2067966,39.2250222,NA,NA
"1466","Pottawatomie",-22.47,NA,1980-01-05,391325096104401,149,0,c(-96.1787812, 39.2231777),"1980","71-0",-96.1787812,39.2231777,NA,NA
"1467","Pottawatomie",-22.56,NA,1980-01-10,391325096104401,149,0,c(-96.1787812, 39.2231777),"1980","71-0",-96.1787812,39.2231777,NA,NA
"1468","Pottawatomie",-22.57,NA,1980-01-15,391325096104401,149,0,c(-96.1787812, 39.2231777),"1980","71-0",-96.1787812,39.2231777,NA,NA
"1469","Pottawatomie",-22.48,NA,1980-01-20,391325096104401,149,0,c(-96.1787812, 39.2231777),"1980","71-0",-96.1787812,39.2231777,NA,NA
"1470","Pottawatomie",-22.37,NA,1980-01-25,391325096104401,149,0,c(-96.1787812, 39.2231777),"1980","71-0",-96.1787812,39.2231777,NA,NA
"1471","Pottawatomie",-22.24,NA,1980-01-31,391325096104401,149,0,c(-96.1787812, 39.2231777),"1980","71-0",-96.1787812,39.2231777,NA,NA
"1472","Pottawatomie",-22.13,NA,1980-02-05,391325096104401,149,0,c(-96.1787812, 39.2231777),"1980","71-0",-96.1787812,39.2231777,NA,NA
"1473","Pottawatomie",-21.96,NA,1980-02-10,391325096104401,149,0,c(-96.1787812, 39.2231777),"1980","71-0",-96.1787812,39.2231777,NA,NA
"1474","Pottawatomie",-21.8,NA,1980-02-15,391325096104401,149,0,c(-96.1787812, 39.2231777),"1980","71-0",-96.1787812,39.2231777,NA,NA
"1475","Pottawatomie",-21.67,NA,1980-02-20,391325096104401,149,0,c(-96.1787812, 39.2231777),"1980","71-0",-96.1787812,39.2231777,NA,NA
"1476","Pottawatomie",-21.78,NA,1980-02-25,391325096104401,149,0,c(-96.1787812, 39.2231777),"1980","71-0",-96.1787812,39.2231777,NA,NA
"1477","Pottawatomie",-21.92,NA,1980-03-05,391325096104401,149,0,c(-96.1787812, 39.2231777),"1980","71-0",-96.1787812,39.2231777,NA,NA
"1478","Pottawatomie",-21.99,NA,1980-03-10,391325096104401,149,0,c(-96.1787812, 39.2231777),"1980","71-0",-96.1787812,39.2231777,NA,NA
"1479","Pottawatomie",-22,NA,1980-03-12,391325096104401,149,0,c(-96.1787812, 39.2231777),"1980","71-0",-96.1787812,39.2231777,NA,NA
"1480","Pottawatomie",-22.11,NA,1980-03-15,391325096104401,149,0,c(-96.1787812, 39.2231777),"1980","71-0",-96.1787812,39.2231777,NA,NA
"1481","Pottawatomie",-22.33,NA,1980-03-20,391325096104401,149,0,c(-96.1787812, 39.2231777),"1980","71-0",-96.1787812,39.2231777,NA,NA
"1482","Pottawatomie",-22.6,NA,1980-03-25,391325096104401,149,0,c(-96.1787812, 39.2231777),"1980","71-0",-96.1787812,39.2231777,NA,NA
"1483","Pottawatomie",-22.45,NA,1980-03-31,391325096104401,149,0,c(-96.1787812, 39.2231777),"1980","71-0",-96.1787812,39.2231777,NA,NA
"1484","Pottawatomie",-22.31,NA,1980-04-05,391325096104401,149,0,c(-96.1787812, 39.2231777),"1980","71-0",-96.1787812,39.2231777,NA,NA
"1485","Pottawatomie",-22.16,NA,1980-04-10,391325096104401,149,0,c(-96.1787812, 39.2231777),"1980","71-0",-96.1787812,39.2231777,NA,NA
"1486","Pottawatomie",-21.97,NA,1980-04-15,391325096104401,149,0,c(-96.1787812, 39.2231777),"1980","71-0",-96.1787812,39.2231777,NA,NA
"1487","Pottawatomie",-21.77,NA,1980-04-20,391325096104401,149,0,c(-96.1787812, 39.2231777),"1980","71-0",-96.1787812,39.2231777,NA,NA
"1488","Pottawatomie",-21.58,NA,1980-04-25,391325096104401,149,0,c(-96.1787812, 39.2231777),"1980","71-0",-96.1787812,39.2231777,NA,NA
"1489","Pottawatomie",-21.45,NA,1980-04-30,391325096104401,149,0,c(-96.1787812, 39.2231777),"1980","71-0",-96.1787812,39.2231777,NA,NA
"1490","Pottawatomie",-21.37,NA,1980-05-05,391325096104401,149,0,c(-96.1787812, 39.2231777),"1980","71-0",-96.1787812,39.2231777,NA,NA
"1491","Pottawatomie",-21.44,NA,1980-05-10,391325096104401,149,0,c(-96.1787812, 39.2231777),"1980","71-0",-96.1787812,39.2231777,NA,NA
"1492","Pottawatomie",-21.57,NA,1980-05-15,391325096104401,149,0,c(-96.1787812, 39.2231777),"1980","71-0",-96.1787812,39.2231777,NA,NA
"1493","Pottawatomie",-21.68,NA,1980-05-20,391325096104401,149,0,c(-96.1787812, 39.2231777),"1980","71-0",-96.1787812,39.2231777,NA,NA
"1494","Pottawatomie",-21.78,NA,1980-05-25,391325096104401,149,0,c(-96.1787812, 39.2231777),"1980","71-0",-96.1787812,39.2231777,NA,NA
"1495","Pottawatomie",-21.92,NA,1980-05-31,391325096104401,149,0,c(-96.1787812, 39.2231777),"1980","71-0",-96.1787812,39.2231777,NA,NA
"1496","Pottawatomie",-21.63,NA,1980-06-05,391325096104401,149,0,c(-96.1787812, 39.2231777),"1980","71-0",-96.1787812,39.2231777,NA,NA
"1497","Pottawatomie",-21.62,NA,1980-06-06,391325096104401,149,0,c(-96.1787812, 39.2231777),"1980","71-0",-96.1787812,39.2231777,NA,NA
"1498","Pottawatomie",-21.64,NA,1980-06-10,391325096104401,149,0,c(-96.1787812, 39.2231777),"1980","71-0",-96.1787812,39.2231777,NA,NA
"1499","Pottawatomie",-21.7,NA,1980-06-15,391325096104401,149,0,c(-96.1787812, 39.2231777),"1980","71-0",-96.1787812,39.2231777,NA,NA
"1500","Pottawatomie",-21.82,NA,1980-06-20,391325096104401,149,0,c(-96.1787812, 39.2231777),"1980","71-0",-96.1787812,39.2231777,NA,NA
"1501","Pottawatomie",-21.94,NA,1980-06-25,391325096104401,149,0,c(-96.1787812, 39.2231777),"1980","71-0",-96.1787812,39.2231777,NA,NA
"1502","Pottawatomie",-22.45,NA,1980-06-30,391325096104401,149,0,c(-96.1787812, 39.2231777),"1980","71-0",-96.1787812,39.2231777,NA,NA
"1503","Pottawatomie",-22.62,NA,1980-07-05,391325096104401,149,0,c(-96.1787812, 39.2231777),"1980","71-0",-96.1787812,39.2231777,NA,NA
"1504","Pottawatomie",-23.16,NA,1980-07-10,391325096104401,149,0,c(-96.1787812, 39.2231777),"1980","71-0",-96.1787812,39.2231777,NA,NA
"1505","Pottawatomie",-23.54,NA,1980-07-15,391325096104401,149,0,c(-96.1787812, 39.2231777),"1980","71-0",-96.1787812,39.2231777,NA,NA
"1506","Pottawatomie",-23.84,NA,1980-07-20,391325096104401,149,0,c(-96.1787812, 39.2231777),"1980","71-0",-96.1787812,39.2231777,NA,NA
"1507","Pottawatomie",-23.88,NA,1980-07-25,391325096104401,149,0,c(-96.1787812, 39.2231777),"1980","71-0",-96.1787812,39.2231777,NA,NA
"1508","Pottawatomie",-24.08,NA,1980-07-31,391325096104401,149,0,c(-96.1787812, 39.2231777),"1980","71-0",-96.1787812,39.2231777,NA,NA
"1509","Pottawatomie",-24.28,NA,1980-08-05,391325096104401,149,0,c(-96.1787812, 39.2231777),"1980","71-0",-96.1787812,39.2231777,NA,NA
"1510","Pottawatomie",-24.26,NA,1980-08-10,391325096104401,149,0,c(-96.1787812, 39.2231777),"1980","71-0",-96.1787812,39.2231777,NA,NA
"1511","Pottawatomie",-24.3,NA,1980-08-15,391325096104401,149,0,c(-96.1787812, 39.2231777),"1980","71-0",-96.1787812,39.2231777,NA,NA
"1512","Pottawatomie",-24.32,NA,1980-08-20,391325096104401,149,0,c(-96.1787812, 39.2231777),"1980","71-0",-96.1787812,39.2231777,NA,NA
"1513","Pottawatomie",-24.37,NA,1980-08-25,391325096104401,149,0,c(-96.1787812, 39.2231777),"1980","71-0",-96.1787812,39.2231777,NA,NA
"1514","Pottawatomie",-24.47,NA,1980-08-31,391325096104401,149,0,c(-96.1787812, 39.2231777),"1980","71-0",-96.1787812,39.2231777,NA,NA
"1515","Pottawatomie",-24.52,NA,1980-09-05,391325096104401,149,0,c(-96.1787812, 39.2231777),"1980","71-0",-96.1787812,39.2231777,NA,NA
"1516","Pottawatomie",-24.57,NA,1980-09-10,391325096104401,149,0,c(-96.1787812, 39.2231777),"1980","71-0",-96.1787812,39.2231777,NA,NA
"1517","Pottawatomie",-24.64,NA,1980-09-12,391325096104401,149,0,c(-96.1787812, 39.2231777),"1980","71-0",-96.1787812,39.2231777,NA,NA
"1518","Pottawatomie",-24.63,NA,1980-09-15,391325096104401,149,0,c(-96.1787812, 39.2231777),"1980","71-0",-96.1787812,39.2231777,NA,NA
"1519","Pottawatomie",-24.7,NA,1980-09-20,391325096104401,149,0,c(-96.1787812, 39.2231777),"1980","71-0",-96.1787812,39.2231777,NA,NA
"1520","Pottawatomie",-24.76,NA,1980-09-25,391325096104401,149,0,c(-96.1787812, 39.2231777),"1980","71-0",-96.1787812,39.2231777,NA,NA
"1521","Pottawatomie",-24.88,NA,1980-09-30,391325096104401,149,0,c(-96.1787812, 39.2231777),"1980","71-0",-96.1787812,39.2231777,NA,NA
"1522","Pottawatomie",-24.91,NA,1980-10-01,391325096104401,149,0,c(-96.1787812, 39.2231777),"1980","71-0",-96.1787812,39.2231777,NA,NA
"1523","Pottawatomie",-25.25,NA,1980-11-01,391325096104401,149,0,c(-96.1787812, 39.2231777),"1980","71-0",-96.1787812,39.2231777,NA,NA
"1524","Pottawatomie",-25.63,NA,1980-12-01,391325096104401,149,0,c(-96.1787812, 39.2231777),"1980","71-0",-96.1787812,39.2231777,NA,NA
"1525","Pottawatomie",-25.78,NA,1980-12-09,391325096104401,149,0,c(-96.1787812, 39.2231777),"1980","71-0",-96.1787812,39.2231777,NA,NA
"1526","Pottawatomie",-20.65,NA,1980-03-12,391305096085401,149,0,c(-96.1485138, 39.2177548),"1980","71-0",-96.1485138,39.2177548,NA,NA
"1527","Pottawatomie",-18.95,NA,1980-06-06,391305096085401,149,0,c(-96.1485138, 39.2177548),"1980","71-0",-96.1485138,39.2177548,NA,NA
"1528","Pottawatomie",-23.74,NA,1980-09-12,391305096085401,149,0,c(-96.1485138, 39.2177548),"1980","71-0",-96.1485138,39.2177548,NA,NA
"1529","Pottawatomie",-24.75,NA,1980-12-09,391305096085401,149,0,c(-96.1485138, 39.2177548),"1980","71-0",-96.1485138,39.2177548,NA,NA
"1530","Rawlins",-20.29,"Herndon",1980-12-16,395419100471001,153,0,c(-100.78773, 39.906004),"1980","71-0",-100.78773,39.906004,23.652956,"0-65"
"1531","Seward",-208.96,"Kismet SW",1980-01-17,370407100442701,175,0,c(-100.7407505, 37.0670528),"1980","215-144",-100.7407505,37.0670528,420.5600891,"393-459"
"1532","Decatur",-35.08,"Traer",1980-12-16,395458100395501,39,0,c(-100.665228, 39.915254),"1980","71-0",-100.665228,39.915254,25.0221901,"0-65"
"1533","Cheyenne",-198.12,NA,1980-01-10,394250101334501,23,0,c(-101.5603034, 39.7142391),"1980","215-144",-101.5603034,39.7142391,111.0823822,"66-131"
"1534","Seward",-115.1,NA,1980-01-17,370503101015401,175,0,c(-101.031894, 37.0839998),"1980","143-72",-101.031894,37.0839998,448.008728,"393-459"
"1535","Decatur",-142.66,"KANONA",1980-12-15,394504100293601,39,0,c(-100.494622, 39.750335),"1980","143-72",-100.494622,39.750335,44.6995087,"0-65"
"1536","Hamilton",-17.64,"Holly East",1980-01-14,380236102023501,75,0,c(-102.04316, 38.043893),"1980","71-0",-102.04316,38.043893,NA,NA
"1537","Haskell",-256.56,NA,1980-01-08,373901100555101,81,0,c(-100.9319414, 37.6500628),"1980","287-216",-100.9319414,37.6500628,156.5454407,"132-197"
"1538","Sedgwick",-23,NA,1980-01-01,375348097292601,173,0,c(-97.492576, 37.8975392),"1980","71-0",-97.492576,37.8975392,165.7713928,"132-197"
"1539","Sedgwick",-20,NA,1980-03-01,375348097292601,173,0,c(-97.492576, 37.8975392),"1980","71-0",-97.492576,37.8975392,165.7713928,"132-197"
"1540","Sedgwick",-20,NA,1980-04-01,375348097292601,173,0,c(-97.492576, 37.8975392),"1980","71-0",-97.492576,37.8975392,165.7713928,"132-197"
"1541","Sedgwick",-18.13,NA,1980-05-01,375348097292601,173,0,c(-97.492576, 37.8975392),"1980","71-0",-97.492576,37.8975392,165.7713928,"132-197"
"1542","Sedgwick",-19.81,NA,1980-08-01,375348097292601,173,0,c(-97.492576, 37.8975392),"1980","71-0",-97.492576,37.8975392,165.7713928,"132-197"
"1543","Sedgwick",-23.99,NA,1980-09-01,375348097292601,173,0,c(-97.492576, 37.8975392),"1980","71-0",-97.492576,37.8975392,165.7713928,"132-197"
"1544","Sherman",-149.3,NA,1980-01-08,391552102005502,181,0,c(-102.0174573, 39.2639099),"1980","215-144",-102.0174573,39.2639099,73.9384155,"66-131"
"1545","Hodgeman",-45.91,NA,1980-01-10,381240099381701,83,0,c(-99.643388, 38.212747),"1980","71-0",-99.643388,38.212747,22.09655,"0-65"
"1546","Hodgeman",-43.9,NA,1980-01-01,381132099355501,83,0,c(-99.606561, 38.191384),"1980","71-0",-99.606561,38.191384,5.1042442,"0-65"
"1547","Kearny",-260.49,"LEOTI 3 SW",1980-01-09,380108101234301,93,0,c(-101.395347, 38.019718),"1980","287-216",-101.395347,38.019718,31.527317,"0-65"
"1548","Stafford",-14.88,NA,1980-01-23,381524098423301,185,0,c(-98.7097637, 38.2562805),"1980","71-0",-98.7097637,38.2562805,140.9462585,"132-197"
"1549","Rice",-3.26,"Sterling",1980-01-21,381203098090501,159,0,c(-98.149304, 38.201161),"1980","71-0",-98.149304,38.201161,167.9218292,"132-197"
"1550","Rice",-0.44,"Sterling",1980-03-28,381203098090501,159,0,c(-98.149304, 38.201161),"1980","71-0",-98.149304,38.201161,167.9218292,"132-197"
"1551","Rice",-3.89,"Sterling",1980-06-27,381203098090501,159,0,c(-98.149304, 38.201161),"1980","71-0",-98.149304,38.201161,167.9218292,"132-197"
"1552","Rice",-5.65,"Sterling",1980-09-16,381203098090501,159,0,c(-98.149304, 38.201161),"1980","71-0",-98.149304,38.201161,167.9218292,"132-197"
"1553","Rice",-6.13,"Sterling",1980-12-23,381203098090501,159,0,c(-98.149304, 38.201161),"1980","71-0",-98.149304,38.201161,167.9218292,"132-197"
"1554","Kingman",-16.68,NA,1980-01-23,374050097491601,95,0,c(-97.819863, 37.677046),"1980","71-0",-97.819863,37.677046,25,"0-65"
"1555","Edwards",-25.8,"CENTERVIEW",1980-01-21,374637099163101,47,0,c(-99.277524, 37.781116),"1980","71-0",-99.277524,37.781116,180.8591156,"132-197"
"1556","Edwards",-20.75,"FELLSBURG",1980-01-22,374720099090001,47,0,c(-99.150569, 37.791716),"1980","71-0",-99.150569,37.791716,150.1643982,"132-197"
"1557","Scott",-99,NA,1980-01-15,382810100594001,171,0,c(-100.9957833, 38.4687281),"1980","143-72",-100.9957833,38.4687281,46.9008484,"0-65"
"1558","Edwards",-33.65,"CENTERVIEW",1980-01-21,375032099222001,47,0,c(-99.374793, 37.84345),"1980","71-0",-99.374793,37.84345,59.7053452,"0-65"
"1559","Wichita",-139.18,NA,1980-01-17,384106101300501,203,0,c(-101.5038562, 38.6839283),"1980","143-72",-101.5038562,38.6839283,38.4344826,"0-65"
"1560","Wichita",-139.84,NA,1980-04-21,384106101300501,203,0,c(-101.5038562, 38.6839283),"1980","143-72",-101.5038562,38.6839283,38.4344826,"0-65"
"1561","Wichita",-142.81,NA,1980-10-06,384106101300501,203,0,c(-101.5038562, 38.6839283),"1980","143-72",-101.5038562,38.6839283,38.4344826,"0-65"
"1562","Scott",-106.2,NA,1980-01-15,383040100555701,171,0,c(-100.932828, 38.510439),"1980","143-72",-100.932828,38.510439,81.2311401,"66-131"
"1563","Scott",-87.16,NA,1980-01-14,382902100563801,171,0,c(-100.9442944, 38.4826267),"1980","143-72",-100.9442944,38.4826267,78.9625549,"66-131"
"1564","Gove",-111.86,"Sunny Slope Lake",1980-01-14,390723100320801,63,0,c(-100.5356158, 39.1236667),"1980","143-72",-100.5356158,39.1236667,62.4319305,"0-65"
"1565","Gove",-112.01,"Sunny Slope Lake",1980-03-13,390723100320801,63,0,c(-100.5356158, 39.1236667),"1980","143-72",-100.5356158,39.1236667,62.4319305,"0-65"
"1566","Gove",-111.83,"Sunny Slope Lake",1980-06-05,390723100320801,63,0,c(-100.5356158, 39.1236667),"1980","143-72",-100.5356158,39.1236667,62.4319305,"0-65"
"1567","Gove",-113.32,"Sunny Slope Lake",1980-09-11,390723100320801,63,0,c(-100.5356158, 39.1236667),"1980","143-72",-100.5356158,39.1236667,62.4319305,"0-65"
"1568","Edwards",-30.2,"Lewis",1980-01-01,375241099151201,47,0,c(-99.25464, 37.8799),"1980","71-0",-99.25464,37.8799,98.8826141,"66-131"
"1569","Edwards",-30.2,"Lewis",1980-01-21,375241099151201,47,0,c(-99.25464, 37.8799),"1980","71-0",-99.25464,37.8799,98.8826141,"66-131"
"1570","Harvey",-17.96,NA,1980-01-30,375935097264001,79,0,c(-97.4488934, 37.9930877),"1980","71-0",-97.4488934,37.9930877,106.8225861,"66-131"
"1571","Edwards",-20.02,"BELPRE NW",1980-01-22,375411099080701,47,0,c(-99.135284, 37.905049),"1980","71-0",-99.135284,37.905049,116.2462234,"66-131"
"1572","Barton",-13.7,"PAWNEE ROCK",1980-01-22,381739098552101,9,0,c(-98.926341, 38.292163),"1980","71-0",-98.926341,38.292163,74.9613953,"66-131"
"1573","Kearny",-26.98,NA,1980-01-10,375643101113702,93,0,c(-101.1936973, 37.9454522),"1980","71-0",-101.1936973,37.9454522,242.6943054,"198-262"
"1574","Finney",-92.4,"TENNIS",1980-01-14,381005100554001,55,0,c(-100.9248872, 38.1698839),"1980","143-72",-100.9248872,38.1698839,64.6875,"0-65"
"1575","Greeley",-132.69,NA,1980-01-15,383055101445401,71,0,c(-101.7501133, 38.5147741),"1980","143-72",-101.7501133,38.5147741,38.2059174,"0-65"
"1576","Greeley",-149.29,NA,1980-01-15,384007101403501,71,0,c(-101.6776454, 38.6670486),"1980","215-144",-101.6776454,38.6670486,33.7865105,"0-65"
"1577","Wichita",-125.1,"RUSSELL SPRINGS 3 NE",1980-01-14,384008101215301,203,0,c(-101.3666732, 38.6676763),"1980","143-72",-101.3666732,38.6676763,23.908802,"0-65"
"1578","Wichita",-125.26,"RUSSELL SPRINGS 3 NE",1980-04-21,384008101215301,203,0,c(-101.3666732, 38.6676763),"1980","143-72",-101.3666732,38.6676763,23.908802,"0-65"
"1579","Wichita",-125.47,"RUSSELL SPRINGS 3 NE",1980-07-21,384008101215301,203,0,c(-101.3666732, 38.6676763),"1980","143-72",-101.3666732,38.6676763,23.908802,"0-65"
"1580","Wichita",-125.63,"RUSSELL SPRINGS 3 NE",1980-10-06,384008101215301,203,0,c(-101.3666732, 38.6676763),"1980","143-72",-101.3666732,38.6676763,23.908802,"0-65"
"1581","Harvey",-31.02,"BURRTON",1980-01-01,380509097394702,79,0,c(-97.6645887, 38.1002741),"1980","71-0",-97.6645887,38.1002741,156.4789429,"132-197"
"1582","Harvey",-33.15,"BURRTON",1980-04-01,380509097394702,79,0,c(-97.6645887, 38.1002741),"1980","71-0",-97.6645887,38.1002741,156.4789429,"132-197"
"1583","Harvey",-36.64,"BURRTON",1980-07-01,380509097394702,79,0,c(-97.6645887, 38.1002741),"1980","71-0",-97.6645887,38.1002741,156.4789429,"132-197"
"1584","Harvey",-42.87,"BURRTON",1980-10-01,380509097394702,79,0,c(-97.6645887, 38.1002741),"1980","71-0",-97.6645887,38.1002741,156.4789429,"132-197"
"1585","Finney",-83.12,"GARDEN CITY SW",1980-01-17,374905100545201,55,0,c(-100.9151162, 37.818309),"1980","143-72",-100.9151162,37.818309,331.5267334,"328-393"
"1586","Ford",-51.2,"SOUTH DODGE",1980-05-21,374356100063301,57,0,c(-100.1096488, 37.7326564),"1980","71-0",-100.1096488,37.7326564,83.5629883,"66-131"
"1587","Ford",-54.6,"SOUTH DODGE",1980-09-11,374356100063301,57,0,c(-100.1096488, 37.7326564),"1980","71-0",-100.1096488,37.7326564,83.5629883,"66-131"
"1588","Finney",-33.5,NA,1980-01-11,375149100435301,55,0,c(-100.7321213, 37.8645837),"1980","71-0",-100.7321213,37.8645837,141.836792,"132-197"
"1589","Finney",-52.3,NA,1980-01-24,375436100561301,55,0,c(-100.938403, 37.909554),"1980","71-0",-100.938403,37.909554,304.2075806,"263-328"
"1590","Finney",-52.71,NA,1980-04-23,375436100561301,55,0,c(-100.938403, 37.909554),"1980","71-0",-100.938403,37.909554,304.2075806,"263-328"
"1591","Finney",-52.84,NA,1980-07-15,375436100561301,55,0,c(-100.938403, 37.909554),"1980","71-0",-100.938403,37.909554,304.2075806,"263-328"
"1592","Finney",-51.96,NA,1980-10-03,375436100561301,55,0,c(-100.938403, 37.909554),"1980","71-0",-100.938403,37.909554,304.2075806,"263-328"
"1593","Finney",-81.65,"GARDEN CITY WEST",1980-05-05,375700100584001,55,0,c(-100.978448, 37.9502242),"1980","143-72",-100.978448,37.9502242,252.4806824,"198-262"
"1594","Finney",-126.87,"GARDEN CITY WEST",1980-07-15,375700100584001,55,0,c(-100.978448, 37.9502242),"1980","143-72",-100.978448,37.9502242,252.4806824,"198-262"
"1595","Finney",-74.42,"GARDEN CITY WEST",1980-05-05,375700100584002,55,0,c(-100.978448, 37.9502242),"1980","143-72",-100.978448,37.9502242,252.4806824,"198-262"
"1596","Finney",-139.6,"GARDEN CITY WEST",1980-07-15,375700100584002,55,0,c(-100.978448, 37.9502242),"1980","143-72",-100.978448,37.9502242,252.4806824,"198-262"
"1597","Finney",-72.61,"GARDEN CITY WEST",1980-05-05,375700100584003,55,0,c(-100.978448, 37.9502242),"1980","143-72",-100.978448,37.9502242,252.4806824,"198-262"
"1598","Sheridan",-128.9,"Selden",1980-01-16,393235100322701,179,0,c(-100.543821, 39.542684),"1980","143-72",-100.543821,39.542684,87.1428528,"66-131"
"1599","Sheridan",-142.67,NA,1980-01-15,392643100123101,179,0,c(-100.2096091, 39.4443717),"1980","143-72",-100.2096091,39.4443717,79.1899109,"66-131"
"1600","Sheridan",-122.24,"Hoxie NE",1980-01-15,392604100162101,179,0,c(-100.2748238, 39.4332327),"1980","143-72",-100.2748238,39.4332327,76.3144226,"66-131"
"1601","Sheridan",-121.77,"Hoxie NE",1980-03-13,392604100162101,179,0,c(-100.2748238, 39.4332327),"1980","143-72",-100.2748238,39.4332327,76.3144226,"66-131"
"1602","Sheridan",-125.99,"Hoxie NE",1980-09-11,392604100162101,179,0,c(-100.2748238, 39.4332327),"1980","143-72",-100.2748238,39.4332327,76.3144226,"66-131"
"1603","Stevens",-122.3,NA,1980-01-17,371108101114801,189,0,c(-101.1985875, 37.1849453),"1980","143-72",-101.1985875,37.1849453,353.3330994,"328-393"
"1604","Grant",-292.65,"Hickok SE",1980-01-15,373426101055101,67,0,c(-101.099347, 37.573993),"1980","359-288",-101.099347,37.573993,221.4152222,"198-262"
"1605","Stanton",-146.27,NA,1980-01-17,373854101365502,187,0,c(-101.6143438, 37.6491642),"1980","215-144",-101.6143438,37.6491642,146.8321381,"132-197"
"1606","Finney",-171.37,"LOWE",1980-01-15,380543100582401,55,0,c(-100.9753379, 38.0945335),"1980","215-144",-100.9753379,38.0945335,83.1219635,"66-131"
"1607","Finney",-73.03,"GARDEN CITY WEST",1980-05-05,375746100574302,55,0,c(-100.9623415, 37.9627286),"1980","143-72",-100.9623415,37.9627286,248.4763794,"198-262"
"1608","Finney",-78.31,"GARDEN CITY WEST",1980-07-15,375746100574302,55,0,c(-100.9623415, 37.9627286),"1980","143-72",-100.9623415,37.9627286,248.4763794,"198-262"
"1609","Finney",-91.47,"GARDEN CITY WEST",1980-05-05,375706100585702,55,0,c(-100.982914, 37.9520186),"1980","143-72",-100.982914,37.9520186,252.2750854,"198-262"
"1610","Finney",-121.37,"GARDEN CITY WEST",1980-07-15,375706100585702,55,0,c(-100.982914, 37.9520186),"1980","143-72",-100.982914,37.9520186,252.2750854,"198-262"
"1611","Finney",-134.61,"GARDEN CITY WEST",1980-10-01,375706100585702,55,0,c(-100.982914, 37.9520186),"1980","143-72",-100.982914,37.9520186,252.2750854,"198-262"
"1612","Finney",-91.83,"GARDEN CITY WEST",1980-05-05,375706100585701,55,0,c(-100.982914, 37.9520186),"1980","143-72",-100.982914,37.9520186,252.2750854,"198-262"
"1613","Finney",-152.46,"GARDEN CITY WEST",1980-07-15,375706100585701,55,0,c(-100.982914, 37.9520186),"1980","215-144",-100.982914,37.9520186,252.2750854,"198-262"
"1614","Finney",-140.87,"GARDEN CITY WEST",1980-10-01,375706100585701,55,0,c(-100.982914, 37.9520186),"1980","143-72",-100.982914,37.9520186,252.2750854,"198-262"
"1615","Finney",-81.87,NA,1980-01-11,375143100461201,55,0,c(-100.7708368, 37.8627657),"1980","143-72",-100.7708368,37.8627657,185.7843628,"132-197"
"1616","Gray",-153.4,"Montezuma",1980-01-15,373651100294301,69,0,c(-100.497529, 37.613203),"1980","215-144",-100.497529,37.613203,144.0550995,"132-197"
"1617","Greeley",-168.65,"North of Tribune",1980-01-15,383220101470801,71,0,c(-101.7876456, 38.5383437),"1980","215-144",-101.7876456,38.5383437,32.406517,"0-65"
"1618","Greeley",-168.63,"North of Tribune",1980-04-21,383220101470801,71,0,c(-101.7876456, 38.5383437),"1980","215-144",-101.7876456,38.5383437,32.406517,"0-65"
"1619","Wichita",-123.89,"Selkirk",1980-02-01,382633101332401,203,0,c(-101.5570325, 38.4419057),"1980","143-72",-101.5570325,38.4419057,29.0537605,"0-65"
"1620","Grant",-188.41,NA,1980-01-17,373516101245001,67,0,c(-101.4159441, 37.5860396),"1980","215-144",-101.4159441,37.5860396,217.2569885,"198-262"
"1621","Grant",-292.76,NA,1980-01-16,373643101083701,67,0,c(-101.1440403, 37.6117423),"1980","359-288",-101.1440403,37.6117423,174.9444885,"132-197"
"1622","Kearny",-69.32,"Syracuse East SE",1980-01-14,375150101304801,93,0,c(-101.514248, 37.864465),"1980","71-0",-101.514248,37.864465,NA,NA
"1623","Gray",-121.5,"Meade NE",1980-01-14,372942100192201,69,0,c(-100.3225454, 37.4968494),"1980","143-72",-100.3225454,37.4968494,149.0709534,"132-197"
"1624","Wichita",-154.18,NA,1980-01-15,383837101130601,203,0,c(-101.220035, 38.643606),"1980","215-144",-101.220035,38.643606,31.6066456,"0-65"
"1625","Wichita",-144.45,"Selkirk SE",1980-01-16,381840101324401,203,0,c(-101.544944, 38.310697),"1980","215-144",-101.544944,38.310697,82.2151642,"66-131"
"1626","Finney",-17.99,"GARDEN CITY E",1980-01-10,375613100472702,55,0,c(-100.792117, 37.937653),"1980","71-0",-100.792117,37.937653,200.6536713,"198-262"
"1627","Finney",-83.55,"Deerfield NE",1980-01-15,375404101021201,55,0,c(-101.038346, 37.901643),"1980","143-72",-101.038346,37.901643,232.1382751,"198-262"
"1628","Finney",-83.38,"Deerfield NE",1980-04-23,375404101021201,55,0,c(-101.038346, 37.901643),"1980","143-72",-101.038346,37.901643,232.1382751,"198-262"
"1629","Finney",-82.49,"Deerfield NE",1980-07-09,375404101021201,55,0,c(-101.038346, 37.901643),"1980","143-72",-101.038346,37.901643,232.1382751,"198-262"
"1630","Finney",-85.01,"Deerfield NE",1980-10-03,375404101021201,55,0,c(-101.038346, 37.901643),"1980","143-72",-101.038346,37.901643,232.1382751,"198-262"
"1631","Finney",-79.47,"DEERFIELD NE",1980-01-24,375957101003501,55,0,c(-101.010473, 37.998983),"1980","143-72",-101.010473,37.998983,237.0435486,"198-262"
"1632","Wichita",-132.8,NA,1980-01-14,383644101231501,203,0,c(-101.3898238, 38.611343),"1980","143-72",-101.3898238,38.611343,38.3622894,"0-65"
"1633","Wichita",-131.15,NA,1980-01-14,382944101225701,203,0,c(-101.3848983, 38.4950319),"1980","143-72",-101.3848983,38.4950319,14.0380783,"0-65"
"1634","Sedgwick",-22,NA,1980-01-01,375348097303101,173,0,c(-97.5108086, 37.8976589),"1980","71-0",-97.5108086,37.8976589,181.1722565,"132-197"
"1635","Sedgwick",-19.5,NA,1980-03-01,375348097303101,173,0,c(-97.5108086, 37.8976589),"1980","71-0",-97.5108086,37.8976589,181.1722565,"132-197"
"1636","Sedgwick",-18.5,NA,1980-04-01,375348097303101,173,0,c(-97.5108086, 37.8976589),"1980","71-0",-97.5108086,37.8976589,181.1722565,"132-197"
"1637","Sedgwick",-16.46,NA,1980-05-01,375348097303101,173,0,c(-97.5108086, 37.8976589),"1980","71-0",-97.5108086,37.8976589,181.1722565,"132-197"
"1638","Sedgwick",-18.4,NA,1980-08-01,375348097303101,173,0,c(-97.5108086, 37.8976589),"1980","71-0",-97.5108086,37.8976589,181.1722565,"132-197"
"1639","Sedgwick",-20.52,NA,1980-09-01,375348097303101,173,0,c(-97.5108086, 37.8976589),"1980","71-0",-97.5108086,37.8976589,181.1722565,"132-197"
"1640","Sedgwick",-20.98,NA,1980-10-01,375348097303101,173,0,c(-97.5108086, 37.8976589),"1980","71-0",-97.5108086,37.8976589,181.1722565,"132-197"
"1641","Sedgwick",-68.63,NA,1980-12-01,375348097303101,173,0,c(-97.5108086, 37.8976589),"1980","71-0",-97.5108086,37.8976589,181.1722565,"132-197"
"1642","Finney",-37.3,"Garden City West",1980-01-24,375812100550701,55,0,c(-100.918953, 37.9705136),"1980","71-0",-100.918953,37.9705136,225.3491669,"198-262"
"1643","Stanton",-200.02,"Big Bow",1980-01-17,373143101365501,187,0,c(-101.6159908, 37.5289294),"1980","215-144",-101.6159908,37.5289294,150.019104,"132-197"
"1644","Finney",-108.59,"LOWE",1980-01-09,380221100525601,55,0,c(-100.8834668, 38.0401324),"1980","143-72",-100.8834668,38.0401324,182.865448,"132-197"
"1645","Wichita",-89.95,NA,1980-01-15,384114101080001,203,0,c(-101.1340326, 38.6862004),"1980","143-72",-101.1340326,38.6862004,6.9551773,"0-65"
"1646","Gray",-90.22,NA,1980-01-15,374126100343401,69,0,c(-100.5761992, 37.6921352),"1980","143-72",-100.5761992,37.6921352,117.5805359,"66-131"
"1647","Gray",-94.33,NA,1980-05-06,374126100343401,69,0,c(-100.5761992, 37.6921352),"1980","143-72",-100.5761992,37.6921352,117.5805359,"66-131"
"1648","Gray",-98.27,NA,1980-10-09,374126100343401,69,0,c(-100.5761992, 37.6921352),"1980","143-72",-100.5761992,37.6921352,117.5805359,"66-131"
"1649","Kearny",-106.58,NA,1980-01-09,375807101160201,93,0,c(-101.2653933, 37.9696493),"1980","143-72",-101.2653933,37.9696493,123.7154617,"66-131"
"1650","Finney",-88.73,"TENNIS",1980-01-14,380840100573401,55,0,c(-100.9625471, 38.1443707),"1980","143-72",-100.9625471,38.1443707,39.7093201,"0-65"
"1651","Greeley",-110.58,"Sainte Theresa Chrch",1980-01-14,383643101354101,71,0,c(-101.597012, 38.611298),"1980","143-72",-101.597012,38.611298,49.525898,"0-65"
"1652","Greeley",-110.38,"Sainte Theresa Chrch",1980-04-22,383643101354101,71,0,c(-101.597012, 38.611298),"1980","143-72",-101.597012,38.611298,49.525898,"0-65"
"1653","Greeley",-137.32,NA,1980-01-15,383557101402601,71,0,c(-101.6759735, 38.5973743),"1980","143-72",-101.6759735,38.5973743,50.7638626,"0-65"
"1654","Finney",-54.52,"Garden City East",1980-01-10,375624100511301,55,0,c(-100.852589, 37.939383),"1980","71-0",-100.852589,37.939383,215.4691772,"198-262"
"1655","Wichita",-116.88,NA,1980-01-16,381643101254101,203,0,c(-101.428224, 38.2790394),"1980","143-72",-101.428224,38.2790394,10,"0-65"
"1656","Finney",-143.7,"GARDEN CITY SW",1980-01-17,374553100534701,55,0,c(-100.8986406, 37.764453),"1980","143-72",-100.8986406,37.764453,262.9030762,"198-262"
"1657","Finney",-145.42,"GARDEN CITY SW",1980-05-07,374553100534701,55,0,c(-100.8986406, 37.764453),"1980","215-144",-100.8986406,37.764453,262.9030762,"198-262"
"1658","Finney",-144.77,"GARDEN CITY SW",1980-07-15,374553100534701,55,0,c(-100.8986406, 37.764453),"1980","215-144",-100.8986406,37.764453,262.9030762,"198-262"
"1659","Finney",-106.36,"GARDEN CITY W",1980-01-15,375707100570201,55,0,c(-100.9515788, 37.9535517),"1980","143-72",-100.9515788,37.9535517,242.9938049,"198-262"
"1660","Finney",-84.95,"GARDEN CITY WEST",1980-01-24,375509100592101,55,0,c(-100.9894338, 37.9194342),"1980","143-72",-100.9894338,37.9194342,278.6968689,"263-328"
"1661","Finney",-83.37,"GARDEN CITY WEST",1980-05-05,375509100592101,55,0,c(-100.9894338, 37.9194342),"1980","143-72",-100.9894338,37.9194342,278.6968689,"263-328"
"1662","Finney",-128.86,"GARDEN CITY WEST",1980-07-15,375509100592101,55,0,c(-100.9894338, 37.9194342),"1980","143-72",-100.9894338,37.9194342,278.6968689,"263-328"
"1663","Finney",-71.46,"GARDEN CITY WEST",1980-05-05,375535100580801,55,0,c(-100.9692995, 37.9268114),"1980","71-0",-100.9692995,37.9268114,271.7211609,"263-328"
"1664","Seward",-189.62,"Hayne",1980-01-17,370301100454001,175,0,c(-100.760038, 37.051004),"1980","215-144",-100.760038,37.051004,395.0994263,"393-459"
"1665","Kearny",-150.73,"Wolf",1980-01-09,380344101071301,93,0,c(-101.120124, 38.0621739),"1980","215-144",-101.120124,38.0621739,169.1091156,"132-197"
"1666","Kearny",-139.14,"Wolf",1980-04-23,380344101071301,93,0,c(-101.120124, 38.0621739),"1980","143-72",-101.120124,38.0621739,169.1091156,"132-197"
"1667","Gray",-174.8,"Haggard",1980-01-14,373848100155901,69,0,c(-100.269121, 37.649852),"1980","215-144",-100.269121,37.649852,95.2324371,"66-131"
"1668","Finney",-38.7,NA,1980-01-10,375505100473901,55,0,c(-100.7948455, 37.9185401),"1980","71-0",-100.7948455,37.9185401,208.7122955,"198-262"
"1669","Wichita",-132.78,NA,1980-01-15,383652101172901,203,0,c(-101.2930301, 38.6135697),"1980","143-72",-101.2930301,38.6135697,40.6317596,"0-65"
"1670","Gray",-73.95,"Charleston",1980-01-17,374557100323401,69,0,c(-100.54283, 37.766323),"1980","143-72",-100.54283,37.766323,77.5795135,"66-131"
"1671","Gray",-189.44,NA,1980-01-17,373855100385301,69,0,c(-100.6489612, 37.6483131),"1980","215-144",-100.6489612,37.6483131,215.5671082,"198-262"
"1672","Greeley",-118.54,NA,1980-01-16,383438101350901,71,0,c(-101.5878134, 38.5751427),"1980","143-72",-101.5878134,38.5751427,45.7770157,"0-65"
"1673","Wichita",-132.17,NA,1980-01-31,384008101190901,203,0,c(-101.3209624, 38.668031),"1980","143-72",-101.3209624,38.668031,35.7211914,"0-65"
"1674","Finney",-47.18,NA,1980-01-08,381458100444501,55,0,c(-100.7462952, 38.2490905),"1980","71-0",-100.7462952,38.2490905,10,"0-65"
"1675","Finney",-184.56,"HORSE THIEF CANYON N",1980-01-04,380823100144801,55,0,c(-100.247516, 38.139338),"1980","215-144",-100.247516,38.139338,NA,NA
"1676","Finney",-178.77,"HORSE THIEF CANYON N",1980-04-15,380823100144801,55,0,c(-100.247516, 38.139338),"1980","215-144",-100.247516,38.139338,NA,NA
"1677","Finney",-190.36,"HORSE THIEF CANYON N",1980-10-02,380823100144801,55,0,c(-100.247516, 38.139338),"1980","215-144",-100.247516,38.139338,NA,NA
"1678","Kingman",-1.9,"WATERLOO",1980-01-23,374139097591601,95,0,c(-97.988884, 37.693547),"1980","71-0",-97.988884,37.693547,0.0022147,"0-65"
"1679","Sedgwick",-16.69,NA,1980-01-01,375039097234201,173,0,c(-97.3960102, 37.8440119),"1980","71-0",-97.3960102,37.8440119,65.0145111,"0-65"
"1680","Sedgwick",-16.96,NA,1980-01-21,375039097234201,173,0,c(-97.3960102, 37.8440119),"1980","71-0",-97.3960102,37.8440119,65.0145111,"0-65"
"1681","Sedgwick",-17.15,NA,1980-02-19,375039097234201,173,0,c(-97.3960102, 37.8440119),"1980","71-0",-97.3960102,37.8440119,65.0145111,"0-65"
"1682","Sedgwick",-17.09,NA,1980-03-20,375039097234201,173,0,c(-97.3960102, 37.8440119),"1980","71-0",-97.3960102,37.8440119,65.0145111,"0-65"
"1683","Sedgwick",-17.02,NA,1980-04-01,375039097234201,173,0,c(-97.3960102, 37.8440119),"1980","71-0",-97.3960102,37.8440119,65.0145111,"0-65"
"1684","Sedgwick",-16.07,NA,1980-04-23,375039097234201,173,0,c(-97.3960102, 37.8440119),"1980","71-0",-97.3960102,37.8440119,65.0145111,"0-65"
"1685","Sedgwick",-16.52,NA,1980-05-19,375039097234201,173,0,c(-97.3960102, 37.8440119),"1980","71-0",-97.3960102,37.8440119,65.0145111,"0-65"
"1686","Sedgwick",-17,NA,1980-06-23,375039097234201,173,0,c(-97.3960102, 37.8440119),"1980","71-0",-97.3960102,37.8440119,65.0145111,"0-65"
"1687","Sedgwick",-17.16,NA,1980-07-01,375039097234201,173,0,c(-97.3960102, 37.8440119),"1980","71-0",-97.3960102,37.8440119,65.0145111,"0-65"
"1688","Sedgwick",-18.47,NA,1980-07-21,375039097234201,173,0,c(-97.3960102, 37.8440119),"1980","71-0",-97.3960102,37.8440119,65.0145111,"0-65"
"1689","Sedgwick",-18.11,NA,1980-08-20,375039097234201,173,0,c(-97.3960102, 37.8440119),"1980","71-0",-97.3960102,37.8440119,65.0145111,"0-65"
"1690","Sedgwick",-19.38,NA,1980-09-19,375039097234201,173,0,c(-97.3960102, 37.8440119),"1980","71-0",-97.3960102,37.8440119,65.0145111,"0-65"
"1691","Sedgwick",-18.54,NA,1980-10-01,375039097234201,173,0,c(-97.3960102, 37.8440119),"1980","71-0",-97.3960102,37.8440119,65.0145111,"0-65"
"1692","Sedgwick",-18.63,NA,1980-10-20,375039097234201,173,0,c(-97.3960102, 37.8440119),"1980","71-0",-97.3960102,37.8440119,65.0145111,"0-65"
"1693","Sedgwick",-19.21,NA,1980-11-20,375039097234201,173,0,c(-97.3960102, 37.8440119),"1980","71-0",-97.3960102,37.8440119,65.0145111,"0-65"
"1694","Sedgwick",-19.37,NA,1980-12-19,375039097234201,173,0,c(-97.3960102, 37.8440119),"1980","71-0",-97.3960102,37.8440119,65.0145111,"0-65"
"1695","Sedgwick",-6.86,NA,1980-01-01,375256097330501,173,0,c(-97.554274, 37.8823121),"1980","71-0",-97.554274,37.8823121,153.9964447,"132-197"
"1696","Sedgwick",-6.62,NA,1980-04-01,375256097330501,173,0,c(-97.554274, 37.8823121),"1980","71-0",-97.554274,37.8823121,153.9964447,"132-197"
"1697","Sedgwick",-7.13,NA,1980-07-01,375256097330501,173,0,c(-97.554274, 37.8823121),"1980","71-0",-97.554274,37.8823121,153.9964447,"132-197"
"1698","Sedgwick",-10.02,NA,1980-10-01,375256097330501,173,0,c(-97.554274, 37.8823121),"1980","71-0",-97.554274,37.8823121,153.9964447,"132-197"
"1699","Sedgwick",-13.94,NA,1980-01-03,374837097342001,173,0,c(-97.5741708, 37.8073914),"1980","71-0",-97.5741708,37.8073914,151.296875,"132-197"
"1700","Sedgwick",-13.21,NA,1980-03-27,374837097342001,173,0,c(-97.5741708, 37.8073914),"1980","71-0",-97.5741708,37.8073914,151.296875,"132-197"
"1701","Sedgwick",-15.66,NA,1980-07-01,374837097342001,173,0,c(-97.5741708, 37.8073914),"1980","71-0",-97.5741708,37.8073914,151.296875,"132-197"
"1702","Sedgwick",-16.54,NA,1980-09-17,374837097342001,173,0,c(-97.5741708, 37.8073914),"1980","71-0",-97.5741708,37.8073914,151.296875,"132-197"
"1703","Sedgwick",-15.54,NA,1980-12-24,374837097342001,173,0,c(-97.5741708, 37.8073914),"1980","71-0",-97.5741708,37.8073914,151.296875,"132-197"
"1704","Sedgwick",-13.77,NA,1980-01-03,374837097342002,173,0,c(-97.5741708, 37.8073914),"1980","71-0",-97.5741708,37.8073914,151.296875,"132-197"
"1705","Sedgwick",-13.05,NA,1980-03-27,374837097342002,173,0,c(-97.5741708, 37.8073914),"1980","71-0",-97.5741708,37.8073914,151.296875,"132-197"
"1706","Sedgwick",-15.51,NA,1980-07-01,374837097342002,173,0,c(-97.5741708, 37.8073914),"1980","71-0",-97.5741708,37.8073914,151.296875,"132-197"
"1707","Sedgwick",-16.43,NA,1980-09-17,374837097342002,173,0,c(-97.5741708, 37.8073914),"1980","71-0",-97.5741708,37.8073914,151.296875,"132-197"
"1708","Sedgwick",-15.28,NA,1980-12-24,374837097342002,173,0,c(-97.5741708, 37.8073914),"1980","71-0",-97.5741708,37.8073914,151.296875,"132-197"
"1709","Sedgwick",-6.09,NA,1980-01-03,374843097295801,173,0,c(-97.5026117, 37.8110845),"1980","71-0",-97.5026117,37.8110845,207.8647461,"198-262"
"1710","Sedgwick",-6.27,NA,1980-03-27,374843097295801,173,0,c(-97.5026117, 37.8110845),"1980","71-0",-97.5026117,37.8110845,207.8647461,"198-262"
"1711","Sedgwick",-8.19,NA,1980-07-01,374843097295801,173,0,c(-97.5026117, 37.8110845),"1980","71-0",-97.5026117,37.8110845,207.8647461,"198-262"
"1712","Sedgwick",-9.9,NA,1980-09-17,374843097295801,173,0,c(-97.5026117, 37.8110845),"1980","71-0",-97.5026117,37.8110845,207.8647461,"198-262"
"1713","Sedgwick",-9.74,NA,1980-12-24,374843097295801,173,0,c(-97.5026117, 37.8110845),"1980","71-0",-97.5026117,37.8110845,207.8647461,"198-262"
"1714","Sedgwick",-5.64,"BENTLY",1980-01-01,375253097315601,173,0,c(-97.5360392, 37.8824559),"1980","71-0",-97.5360392,37.8824559,186.6005249,"132-197"
"1715","Sedgwick",-4.88,"BENTLY",1980-04-01,375253097315601,173,0,c(-97.5360392, 37.8824559),"1980","71-0",-97.5360392,37.8824559,186.6005249,"132-197"
"1716","Sedgwick",-5.39,"BENTLY",1980-07-01,375253097315601,173,0,c(-97.5360392, 37.8824559),"1980","71-0",-97.5360392,37.8824559,186.6005249,"132-197"
"1717","Sedgwick",-8.36,"BENTLY",1980-10-01,375253097315601,173,0,c(-97.5360392, 37.8824559),"1980","71-0",-97.5360392,37.8824559,186.6005249,"132-197"
"1718","Sedgwick",-18.74,NA,1980-01-01,375348097305602,173,0,c(-97.5176186, 37.8970285),"1980","71-0",-97.5176186,37.8970285,187.125946,"132-197"
"1719","Sedgwick",-17.52,NA,1980-03-01,375348097305602,173,0,c(-97.5176186, 37.8970285),"1980","71-0",-97.5176186,37.8970285,187.125946,"132-197"
"1720","Sedgwick",-18.12,NA,1980-04-01,375348097305602,173,0,c(-97.5176186, 37.8970285),"1980","71-0",-97.5176186,37.8970285,187.125946,"132-197"
"1721","Sedgwick",-15.84,NA,1980-05-01,375348097305602,173,0,c(-97.5176186, 37.8970285),"1980","71-0",-97.5176186,37.8970285,187.125946,"132-197"
"1722","Sedgwick",-17.32,NA,1980-08-01,375348097305602,173,0,c(-97.5176186, 37.8970285),"1980","71-0",-97.5176186,37.8970285,187.125946,"132-197"
"1723","Sedgwick",-20.38,NA,1980-09-01,375348097305602,173,0,c(-97.5176186, 37.8970285),"1980","71-0",-97.5176186,37.8970285,187.125946,"132-197"
"1724","Sedgwick",-20.22,NA,1980-10-01,375348097305602,173,0,c(-97.5176186, 37.8970285),"1980","71-0",-97.5176186,37.8970285,187.125946,"132-197"
"1725","Sedgwick",-21.47,NA,1980-12-01,375348097305602,173,0,c(-97.5176186, 37.8970285),"1980","71-0",-97.5176186,37.8970285,187.125946,"132-197"
"1726","Sedgwick",-19.8,NA,1980-01-01,375348097302301,173,0,c(-97.5085013, 37.8969839),"1980","71-0",-97.5085013,37.8969839,181.1722565,"132-197"
"1727","Sedgwick",-17.39,NA,1980-03-01,375348097302301,173,0,c(-97.5085013, 37.8969839),"1980","71-0",-97.5085013,37.8969839,181.1722565,"132-197"
"1728","Sedgwick",-16.88,NA,1980-04-01,375348097302301,173,0,c(-97.5085013, 37.8969839),"1980","71-0",-97.5085013,37.8969839,181.1722565,"132-197"
"1729","Sedgwick",-15.39,NA,1980-05-01,375348097302301,173,0,c(-97.5085013, 37.8969839),"1980","71-0",-97.5085013,37.8969839,181.1722565,"132-197"
"1730","Sedgwick",-16.89,NA,1980-08-01,375348097302301,173,0,c(-97.5085013, 37.8969839),"1980","71-0",-97.5085013,37.8969839,181.1722565,"132-197"
"1731","Sedgwick",-17.89,NA,1980-09-01,375348097302301,173,0,c(-97.5085013, 37.8969839),"1980","71-0",-97.5085013,37.8969839,181.1722565,"132-197"
"1732","Sedgwick",-17.39,NA,1980-10-01,375348097302301,173,0,c(-97.5085013, 37.8969839),"1980","71-0",-97.5085013,37.8969839,181.1722565,"132-197"
"1733","Sedgwick",-22.68,NA,1980-12-01,375348097302301,173,0,c(-97.5085013, 37.8969839),"1980","71-0",-97.5085013,37.8969839,181.1722565,"132-197"
"1734","Sedgwick",-14.82,NA,1980-01-01,375250097295001,173,0,c(-97.4994542, 37.8806211),"1980","71-0",-97.4994542,37.8806211,176.3315887,"132-197"
"1735","Sedgwick",-13.75,NA,1980-04-01,375250097295001,173,0,c(-97.4994542, 37.8806211),"1980","71-0",-97.4994542,37.8806211,176.3315887,"132-197"
"1736","Sedgwick",-11.49,NA,1980-07-01,375250097295001,173,0,c(-97.4994542, 37.8806211),"1980","71-0",-97.4994542,37.8806211,176.3315887,"132-197"
"1737","Sedgwick",-13.73,NA,1980-10-01,375250097295001,173,0,c(-97.4994542, 37.8806211),"1980","71-0",-97.4994542,37.8806211,176.3315887,"132-197"
"1738","Reno",-5.3,NA,1980-01-24,380341098280001,155,0,c(-98.4645943, 38.0611877),"1980","71-0",-98.4645943,38.0611877,120.656929,"66-131"
"1739","Sedgwick",-18.82,"Maize",1980-01-03,374658097295701,173,0,c(-97.5007658, 37.7808748),"1980","71-0",-97.5007658,37.7808748,144.9342346,"132-197"
"1740","Sedgwick",-18.49,"Maize",1980-03-27,374658097295701,173,0,c(-97.5007658, 37.7808748),"1980","71-0",-97.5007658,37.7808748,144.9342346,"132-197"
"1741","Sedgwick",-18.22,"Maize",1980-07-01,374658097295701,173,0,c(-97.5007658, 37.7808748),"1980","71-0",-97.5007658,37.7808748,144.9342346,"132-197"
"1742","Sedgwick",-20.02,"Maize",1980-09-17,374658097295701,173,0,c(-97.5007658, 37.7808748),"1980","71-0",-97.5007658,37.7808748,144.9342346,"132-197"
"1743","Sedgwick",-19.88,"Maize",1980-12-24,374658097295701,173,0,c(-97.5007658, 37.7808748),"1980","71-0",-97.5007658,37.7808748,144.9342346,"132-197"
"1744","Kingman",-27.21,"ALANEDA",1980-01-03,373422098063301,95,0,c(-98.1096114, 37.5760222),"1980","71-0",-98.1096114,37.5760222,70.7506638,"66-131"
"1745","Kingman",-27.32,"ALANEDA",1980-01-23,373422098063301,95,0,c(-98.1096114, 37.5760222),"1980","71-0",-98.1096114,37.5760222,70.7506638,"66-131"
"1746","Kingman",-26.44,"ALANEDA",1980-07-01,373422098063301,95,0,c(-98.1096114, 37.5760222),"1980","71-0",-98.1096114,37.5760222,70.7506638,"66-131"
"1747","Kingman",-27.06,"ALANEDA",1980-09-17,373422098063301,95,0,c(-98.1096114, 37.5760222),"1980","71-0",-98.1096114,37.5760222,70.7506638,"66-131"
"1748","Kingman",-27.21,"ALANEDA",1980-12-23,373422098063301,95,0,c(-98.1096114, 37.5760222),"1980","71-0",-98.1096114,37.5760222,70.7506638,"66-131"
"1749","Reno",-24.23,"TTuron",1980-01-23,374637098272501,155,0,c(-98.460031, 37.776441),"1980","71-0",-98.460031,37.776441,111.0355072,"66-131"
"1750","Reno",-23.96,"TTuron",1980-03-28,374637098272501,155,0,c(-98.460031, 37.776441),"1980","71-0",-98.460031,37.776441,111.0355072,"66-131"
"1751","Reno",-22.49,"TTuron",1980-07-01,374637098272501,155,0,c(-98.460031, 37.776441),"1980","71-0",-98.460031,37.776441,111.0355072,"66-131"
"1752","Reno",-22.72,"TTuron",1980-09-17,374637098272501,155,0,c(-98.460031, 37.776441),"1980","71-0",-98.460031,37.776441,111.0355072,"66-131"
"1753","Reno",-22.45,"TTuron",1980-12-23,374637098272501,155,0,c(-98.460031, 37.776441),"1980","71-0",-98.460031,37.776441,111.0355072,"66-131"
"1754","Sedgwick",-17.2,"SEDGWICK",1980-02-01,375303097244701,173,0,c(-97.4142453, 37.8840794),"1980","71-0",-97.4142453,37.8840794,77.9997559,"66-131"
"1755","Sedgwick",-17.32,NA,1980-01-01,375204097310301,173,0,c(-97.5201796, 37.8680877),"1980","71-0",-97.5201796,37.8680877,202.47995,"198-262"
"1756","Sedgwick",-16.17,NA,1980-04-01,375204097310301,173,0,c(-97.5201796, 37.8680877),"1980","71-0",-97.5201796,37.8680877,202.47995,"198-262"
"1757","Sedgwick",-18.1,NA,1980-07-01,375204097310301,173,0,c(-97.5201796, 37.8680877),"1980","71-0",-97.5201796,37.8680877,202.47995,"198-262"
"1758","Sedgwick",-19.75,NA,1980-10-01,375204097310301,173,0,c(-97.5201796, 37.8680877),"1980","71-0",-97.5201796,37.8680877,202.47995,"198-262"
"1759","Sedgwick",-20.96,"Colwich",1980-01-03,374811097310301,173,0,c(-97.5194251, 37.8007498),"1980","71-0",-97.5194251,37.8007498,195.7327881,"132-197"
"1760","Sedgwick",-20.81,"Colwich",1980-03-27,374811097310301,173,0,c(-97.5194251, 37.8007498),"1980","71-0",-97.5194251,37.8007498,195.7327881,"132-197"
"1761","Sedgwick",-20.41,"Colwich",1980-07-01,374811097310301,173,0,c(-97.5194251, 37.8007498),"1980","71-0",-97.5194251,37.8007498,195.7327881,"132-197"
"1762","Sedgwick",-20.95,"Colwich",1980-09-17,374811097310301,173,0,c(-97.5194251, 37.8007498),"1980","71-0",-97.5194251,37.8007498,195.7327881,"132-197"
"1763","Sedgwick",-21.47,"Colwich",1980-12-24,374811097310301,173,0,c(-97.5194251, 37.8007498),"1980","71-0",-97.5194251,37.8007498,195.7327881,"132-197"
"1764","Sedgwick",-24.61,NA,1980-01-01,375441097310401,173,0,c(-97.5199633, 37.9113998),"1980","71-0",-97.5199633,37.9113998,183.6001282,"132-197"
"1765","Sedgwick",-22.76,NA,1980-03-01,375441097310401,173,0,c(-97.5199633, 37.9113998),"1980","71-0",-97.5199633,37.9113998,183.6001282,"132-197"
"1766","Sedgwick",-22.43,NA,1980-04-01,375441097310401,173,0,c(-97.5199633, 37.9113998),"1980","71-0",-97.5199633,37.9113998,183.6001282,"132-197"
"1767","Sedgwick",-23.37,NA,1980-05-01,375441097310401,173,0,c(-97.5199633, 37.9113998),"1980","71-0",-97.5199633,37.9113998,183.6001282,"132-197"
"1768","Sedgwick",-32.89,NA,1980-08-01,375441097310401,173,0,c(-97.5199633, 37.9113998),"1980","71-0",-97.5199633,37.9113998,183.6001282,"132-197"
"1769","Sedgwick",-27.4,NA,1980-09-01,375441097310401,173,0,c(-97.5199633, 37.9113998),"1980","71-0",-97.5199633,37.9113998,183.6001282,"132-197"
"1770","Sedgwick",-24.82,NA,1980-10-01,375441097310401,173,0,c(-97.5199633, 37.9113998),"1980","71-0",-97.5199633,37.9113998,183.6001282,"132-197"
"1771","Sedgwick",-25.79,NA,1980-12-01,375441097310401,173,0,c(-97.5199633, 37.9113998),"1980","71-0",-97.5199633,37.9113998,183.6001282,"132-197"
"1772","Sedgwick",-6.12,NA,1980-01-01,375303097252701,173,0,c(-97.4257526, 37.8841175),"1980","71-0",-97.4257526,37.8841175,93.1007996,"66-131"
"1773","Sedgwick",-9.75,NA,1980-04-01,375303097252701,173,0,c(-97.4257526, 37.8841175),"1980","71-0",-97.4257526,37.8841175,93.1007996,"66-131"
"1774","Sedgwick",-11.72,NA,1980-10-01,375303097252701,173,0,c(-97.4257526, 37.8841175),"1980","71-0",-97.4257526,37.8841175,93.1007996,"66-131"
"1775","McPherson",-13.66,NA,1980-01-31,382458097362001,113,0,c(-97.6059807, 38.4157608),"1980","71-0",-97.6059807,38.4157608,45.9860611,"0-65"
"1776","Sedgwick",-19.89,NA,1980-01-01,375441097320901,173,0,c(-97.5381966, 37.9113111),"1980","71-0",-97.5381966,37.9113111,193.5877686,"132-197"
"1777","Sedgwick",-20.12,NA,1980-04-01,375441097320901,173,0,c(-97.5381966, 37.9113111),"1980","71-0",-97.5381966,37.9113111,193.5877686,"132-197"
"1778","Sedgwick",-19.86,NA,1980-07-01,375441097320901,173,0,c(-97.5381966, 37.9113111),"1980","71-0",-97.5381966,37.9113111,193.5877686,"132-197"
"1779","Sedgwick",-22.08,NA,1980-10-01,375441097320901,173,0,c(-97.5381966, 37.9113111),"1980","71-0",-97.5381966,37.9113111,193.5877686,"132-197"
"1780","Sedgwick",-11.02,"BENTLY",1980-01-01,375355097340301,173,0,c(-97.5690193, 37.8981802),"1980","71-0",-97.5690193,37.8981802,137.8708496,"132-197"
"1781","Sedgwick",-12.43,"BENTLY",1980-03-01,375355097340301,173,0,c(-97.5690193, 37.8981802),"1980","71-0",-97.5690193,37.8981802,137.8708496,"132-197"
"1782","Sedgwick",-11.01,"BENTLY",1980-04-01,375355097340301,173,0,c(-97.5690193, 37.8981802),"1980","71-0",-97.5690193,37.8981802,137.8708496,"132-197"
"1783","Sedgwick",-10.14,"BENTLY",1980-05-01,375355097340301,173,0,c(-97.5690193, 37.8981802),"1980","71-0",-97.5690193,37.8981802,137.8708496,"132-197"
"1784","Sedgwick",-10.65,"BENTLY",1980-08-01,375355097340301,173,0,c(-97.5690193, 37.8981802),"1980","71-0",-97.5690193,37.8981802,137.8708496,"132-197"
"1785","Sedgwick",-34.06,"BENTLY",1980-09-01,375355097340301,173,0,c(-97.5690193, 37.8981802),"1980","71-0",-97.5690193,37.8981802,137.8708496,"132-197"
"1786","Sedgwick",-14.52,"BENTLY",1980-10-01,375355097340301,173,0,c(-97.5690193, 37.8981802),"1980","71-0",-97.5690193,37.8981802,137.8708496,"132-197"
"1787","Sedgwick",-34.76,"BENTLY",1980-11-01,375355097340301,173,0,c(-97.5690193, 37.8981802),"1980","71-0",-97.5690193,37.8981802,137.8708496,"132-197"
"1788","Sedgwick",-34.56,"BENTLY",1980-12-01,375355097340301,173,0,c(-97.5690193, 37.8981802),"1980","71-0",-97.5690193,37.8981802,137.8708496,"132-197"
"1789","Sedgwick",-10.29,NA,1980-01-01,375441097341102,173,0,c(-97.572556, 37.9114992),"1980","71-0",-97.572556,37.9114992,153.8759918,"132-197"
"1790","Sedgwick",-10.65,NA,1980-03-01,375441097341102,173,0,c(-97.572556, 37.9114992),"1980","71-0",-97.572556,37.9114992,153.8759918,"132-197"
"1791","Sedgwick",-10.48,NA,1980-04-01,375441097341102,173,0,c(-97.572556, 37.9114992),"1980","71-0",-97.572556,37.9114992,153.8759918,"132-197"
"1792","Sedgwick",-9.29,NA,1980-05-01,375441097341102,173,0,c(-97.572556, 37.9114992),"1980","71-0",-97.572556,37.9114992,153.8759918,"132-197"
"1793","Sedgwick",-10.56,NA,1980-08-01,375441097341102,173,0,c(-97.572556, 37.9114992),"1980","71-0",-97.572556,37.9114992,153.8759918,"132-197"
"1794","Sedgwick",-11.57,NA,1980-09-01,375441097341102,173,0,c(-97.572556, 37.9114992),"1980","71-0",-97.572556,37.9114992,153.8759918,"132-197"
"1795","Sedgwick",-12.79,NA,1980-10-01,375441097341102,173,0,c(-97.572556, 37.9114992),"1980","71-0",-97.572556,37.9114992,153.8759918,"132-197"
"1796","Sedgwick",-12.6,NA,1980-11-01,375441097341102,173,0,c(-97.572556, 37.9114992),"1980","71-0",-97.572556,37.9114992,153.8759918,"132-197"
"1797","Sedgwick",-13.14,NA,1980-12-01,375441097341102,173,0,c(-97.572556, 37.9114992),"1980","71-0",-97.572556,37.9114992,153.8759918,"132-197"
"1798","Sedgwick",-14.48,NA,1980-01-01,375355097333002,173,0,c(-97.5611216, 37.8986393),"1980","71-0",-97.5611216,37.8986393,149.0459137,"132-197"
"1799","Sedgwick",-12.9,NA,1980-03-01,375355097333002,173,0,c(-97.5611216, 37.8986393),"1980","71-0",-97.5611216,37.8986393,149.0459137,"132-197"
"1800","Sedgwick",-12.7,NA,1980-04-01,375355097333002,173,0,c(-97.5611216, 37.8986393),"1980","71-0",-97.5611216,37.8986393,149.0459137,"132-197"
"1801","Sedgwick",-10.87,NA,1980-05-01,375355097333002,173,0,c(-97.5611216, 37.8986393),"1980","71-0",-97.5611216,37.8986393,149.0459137,"132-197"
"1802","Sedgwick",-13.79,NA,1980-08-01,375355097333002,173,0,c(-97.5611216, 37.8986393),"1980","71-0",-97.5611216,37.8986393,149.0459137,"132-197"
"1803","Sedgwick",-15.56,NA,1980-09-01,375355097333002,173,0,c(-97.5611216, 37.8986393),"1980","71-0",-97.5611216,37.8986393,149.0459137,"132-197"
"1804","Sedgwick",-15.99,NA,1980-10-01,375355097333002,173,0,c(-97.5611216, 37.8986393),"1980","71-0",-97.5611216,37.8986393,149.0459137,"132-197"
"1805","Sedgwick",-15.27,NA,1980-11-01,375355097333002,173,0,c(-97.5611216, 37.8986393),"1980","71-0",-97.5611216,37.8986393,149.0459137,"132-197"
"1806","Sedgwick",-15.29,NA,1980-12-01,375355097333002,173,0,c(-97.5611216, 37.8986393),"1980","71-0",-97.5611216,37.8986393,149.0459137,"132-197"
"1807","Sedgwick",-11.25,NA,1980-01-01,375421097341102,173,0,c(-97.5725571, 37.906042),"1980","71-0",-97.5725571,37.906042,146.8540192,"132-197"
"1808","Sedgwick",-12.03,NA,1980-03-01,375421097341102,173,0,c(-97.5725571, 37.906042),"1980","71-0",-97.5725571,37.906042,146.8540192,"132-197"
"1809","Sedgwick",-11.82,NA,1980-04-01,375421097341102,173,0,c(-97.5725571, 37.906042),"1980","71-0",-97.5725571,37.906042,146.8540192,"132-197"
"1810","Sedgwick",-10.14,NA,1980-05-01,375421097341102,173,0,c(-97.5725571, 37.906042),"1980","71-0",-97.5725571,37.906042,146.8540192,"132-197"
"1811","Sedgwick",-13.59,NA,1980-08-01,375421097341102,173,0,c(-97.5725571, 37.906042),"1980","71-0",-97.5725571,37.906042,146.8540192,"132-197"
"1812","Sedgwick",-13.49,NA,1980-09-01,375421097341102,173,0,c(-97.5725571, 37.906042),"1980","71-0",-97.5725571,37.906042,146.8540192,"132-197"
"1813","Sedgwick",-14.27,NA,1980-10-01,375421097341102,173,0,c(-97.5725571, 37.906042),"1980","71-0",-97.5725571,37.906042,146.8540192,"132-197"
"1814","Sedgwick",-14.19,NA,1980-11-01,375421097341102,173,0,c(-97.5725571, 37.906042),"1980","71-0",-97.5725571,37.906042,146.8540192,"132-197"
"1815","Sedgwick",-14.86,NA,1980-12-01,375421097341102,173,0,c(-97.5725571, 37.906042),"1980","71-0",-97.5725571,37.906042,146.8540192,"132-197"
"1816","Sedgwick",-9.25,NA,1980-01-01,375355097340302,173,0,c(-97.5702712, 37.8987405),"1980","71-0",-97.5702712,37.8987405,129.6610718,"66-131"
"1817","Sedgwick",-9.55,NA,1980-03-01,375355097340302,173,0,c(-97.5702712, 37.8987405),"1980","71-0",-97.5702712,37.8987405,129.6610718,"66-131"
"1818","Sedgwick",-9.03,NA,1980-04-01,375355097340302,173,0,c(-97.5702712, 37.8987405),"1980","71-0",-97.5702712,37.8987405,129.6610718,"66-131"
"1819","Sedgwick",-9.17,NA,1980-05-01,375355097340302,173,0,c(-97.5702712, 37.8987405),"1980","71-0",-97.5702712,37.8987405,129.6610718,"66-131"
"1820","Sedgwick",-8.57,NA,1980-08-01,375355097340302,173,0,c(-97.5702712, 37.8987405),"1980","71-0",-97.5702712,37.8987405,129.6610718,"66-131"
"1821","Sedgwick",-12.41,NA,1980-09-01,375355097340302,173,0,c(-97.5702712, 37.8987405),"1980","71-0",-97.5702712,37.8987405,129.6610718,"66-131"
"1822","Sedgwick",-12.73,NA,1980-10-01,375355097340302,173,0,c(-97.5702712, 37.8987405),"1980","71-0",-97.5702712,37.8987405,129.6610718,"66-131"
"1823","Sedgwick",-13.06,NA,1980-11-01,375355097340302,173,0,c(-97.5702712, 37.8987405),"1980","71-0",-97.5702712,37.8987405,129.6610718,"66-131"
"1824","Sedgwick",-13.16,NA,1980-12-01,375355097340302,173,0,c(-97.5702712, 37.8987405),"1980","71-0",-97.5702712,37.8987405,129.6610718,"66-131"
"1825","McPherson",-18.27,"Langley",1980-03-10,383514097552401,113,0,c(-97.9237689, 38.5869856),"1980","71-0",-97.9237689,38.5869856,NA,NA
"1826","McPherson",-17.4,"Langley",1980-06-04,383514097552401,113,0,c(-97.9237689, 38.5869856),"1980","71-0",-97.9237689,38.5869856,NA,NA
"1827","McPherson",-17.55,"Langley",1980-09-10,383514097552401,113,0,c(-97.9237689, 38.5869856),"1980","71-0",-97.9237689,38.5869856,NA,NA
"1828","McPherson",-17.86,"Langley",1980-12-18,383514097552401,113,0,c(-97.9237689, 38.5869856),"1980","71-0",-97.9237689,38.5869856,NA,NA
"1829","Sedgwick",-7.84,NA,1980-01-01,375256097342701,173,0,c(-97.5771682, 37.8824669),"1980","71-0",-97.5771682,37.8824669,119.3446121,"66-131"
"1830","Sedgwick",-7.19,NA,1980-04-01,375256097342701,173,0,c(-97.5771682, 37.8824669),"1980","71-0",-97.5771682,37.8824669,119.3446121,"66-131"
"1831","Sedgwick",-8.37,NA,1980-07-01,375256097342701,173,0,c(-97.5771682, 37.8824669),"1980","71-0",-97.5771682,37.8824669,119.3446121,"66-131"
"1832","Sedgwick",-11.28,NA,1980-10-01,375256097342701,173,0,c(-97.5771682, 37.8824669),"1980","71-0",-97.5771682,37.8824669,119.3446121,"66-131"
"1833","Reno",-25.3,"Sylvia",1980-01-24,375252098235701,155,0,c(-98.398769, 37.882774),"1980","71-0",-98.398769,37.882774,105.233902,"66-131"
"1834","Sedgwick",-5.41,NA,1980-01-01,375210097305501,173,0,c(-97.5178944, 37.8698962),"1980","71-0",-97.5178944,37.8698962,199.7245331,"198-262"
"1835","Sedgwick",-4.52,NA,1980-04-01,375210097305501,173,0,c(-97.5178944, 37.8698962),"1980","71-0",-97.5178944,37.8698962,199.7245331,"198-262"
"1836","Sedgwick",-5.52,NA,1980-07-01,375210097305501,173,0,c(-97.5178944, 37.8698962),"1980","71-0",-97.5178944,37.8698962,199.7245331,"198-262"
"1837","Sedgwick",-8.86,NA,1980-10-01,375210097305501,173,0,c(-97.5178944, 37.8698962),"1980","71-0",-97.5178944,37.8698962,199.7245331,"198-262"
"1838","Sedgwick",-6.59,"Maize",1980-01-03,374843097295802,173,0,c(-97.5014521, 37.8100668),"1980","71-0",-97.5014521,37.8100668,207.8647461,"198-262"
"1839","Sedgwick",-5.65,"Maize",1980-03-27,374843097295802,173,0,c(-97.5014521, 37.8100668),"1980","71-0",-97.5014521,37.8100668,207.8647461,"198-262"
"1840","Sedgwick",-6.87,"Maize",1980-07-01,374843097295802,173,0,c(-97.5014521, 37.8100668),"1980","71-0",-97.5014521,37.8100668,207.8647461,"198-262"
"1841","Sedgwick",-8.09,"Maize",1980-09-17,374843097295802,173,0,c(-97.5014521, 37.8100668),"1980","71-0",-97.5014521,37.8100668,207.8647461,"198-262"
"1842","Sedgwick",-8.19,"Maize",1980-12-24,374843097295802,173,0,c(-97.5014521, 37.8100668),"1980","71-0",-97.5014521,37.8100668,207.8647461,"198-262"
"1843","Sedgwick",-9.83,NA,1980-01-01,375303097394001,173,0,c(-97.6641904, 37.8842116),"1980","71-0",-97.6641904,37.8842116,136.45047,"132-197"
"1844","Sedgwick",-9.33,NA,1980-04-01,375303097394001,173,0,c(-97.6641904, 37.8842116),"1980","71-0",-97.6641904,37.8842116,136.45047,"132-197"
"1845","Sedgwick",-10.34,NA,1980-07-01,375303097394001,173,0,c(-97.6641904, 37.8842116),"1980","71-0",-97.6641904,37.8842116,136.45047,"132-197"
"1846","Sedgwick",-12.75,NA,1980-10-01,375303097394001,173,0,c(-97.6641904, 37.8842116),"1980","71-0",-97.6641904,37.8842116,136.45047,"132-197"
"1847","Reno",-8.45,"Little Salt Marsh",1980-01-24,380625098273401,155,0,c(-98.454702, 38.106346),"1980","71-0",-98.454702,38.106346,143.7371216,"132-197"
"1848","McPherson",-8.42,"WINDOM NE",1980-01-28,382755097463301,113,0,c(-97.776638, 38.46415),"1980","71-0",-97.776638,38.46415,NA,NA
"1849","McPherson",-9.07,"WINDOM NE",1980-06-09,382755097463301,113,0,c(-97.776638, 38.46415),"1980","71-0",-97.776638,38.46415,NA,NA
"1850","McPherson",-10.79,"WINDOM NE",1980-10-01,382755097463301,113,0,c(-97.776638, 38.46415),"1980","71-0",-97.776638,38.46415,NA,NA
"1851","Sedgwick",-17.17,NA,1980-01-01,375355097264001,173,0,c(-97.4465976, 37.8987383),"1980","71-0",-97.4465976,37.8987383,114.6554413,"66-131"
"1852","Sedgwick",-16.05,NA,1980-04-01,375355097264001,173,0,c(-97.4465976, 37.8987383),"1980","71-0",-97.4465976,37.8987383,114.6554413,"66-131"
"1853","Sedgwick",-17.19,NA,1980-07-01,375355097264001,173,0,c(-97.4465976, 37.8987383),"1980","71-0",-97.4465976,37.8987383,114.6554413,"66-131"
"1854","Sedgwick",-19.2,NA,1980-10-01,375355097264001,173,0,c(-97.4465976, 37.8987383),"1980","71-0",-97.4465976,37.8987383,114.6554413,"66-131"
"1855","Sedgwick",-11.61,NA,1980-01-01,375204097252701,173,0,c(-97.4258808, 37.8677888),"1980","71-0",-97.4258808,37.8677888,106.7269135,"66-131"
"1856","Sedgwick",-11.25,NA,1980-04-01,375204097252701,173,0,c(-97.4258808, 37.8677888),"1980","71-0",-97.4258808,37.8677888,106.7269135,"66-131"
"1857","Sedgwick",-12.42,NA,1980-07-01,375204097252701,173,0,c(-97.4258808, 37.8677888),"1980","71-0",-97.4258808,37.8677888,106.7269135,"66-131"
"1858","Sedgwick",-14.19,NA,1980-10-01,375204097252701,173,0,c(-97.4258808, 37.8677888),"1980","71-0",-97.4258808,37.8677888,106.7269135,"66-131"
"1859","Harvey",-39.5,NA,1980-01-01,380001097341301,79,0,c(-97.5726687, 38.0000208),"1980","71-0",-97.5726687,38.0000208,206.3803253,"198-262"
"1860","Harvey",-38,NA,1980-03-01,380001097341301,79,0,c(-97.5726687, 38.0000208),"1980","71-0",-97.5726687,38.0000208,206.3803253,"198-262"
"1861","Harvey",-38.5,NA,1980-04-01,380001097341301,79,0,c(-97.5726687, 38.0000208),"1980","71-0",-97.5726687,38.0000208,206.3803253,"198-262"
"1862","Harvey",-39.91,NA,1980-05-01,380001097341301,79,0,c(-97.5726687, 38.0000208),"1980","71-0",-97.5726687,38.0000208,206.3803253,"198-262"
"1863","Harvey",-39.76,NA,1980-08-01,380001097341301,79,0,c(-97.5726687, 38.0000208),"1980","71-0",-97.5726687,38.0000208,206.3803253,"198-262"
"1864","Harvey",-119.29,NA,1980-09-01,380001097341301,79,0,c(-97.5726687, 38.0000208),"1980","143-72",-97.5726687,38.0000208,206.3803253,"198-262"
"1865","Harvey",-44.01,NA,1980-10-01,380001097341301,79,0,c(-97.5726687, 38.0000208),"1980","71-0",-97.5726687,38.0000208,206.3803253,"198-262"
"1866","Harvey",-44.18,NA,1980-11-01,380001097341301,79,0,c(-97.5726687, 38.0000208),"1980","71-0",-97.5726687,38.0000208,206.3803253,"198-262"
"1867","Harvey",-42.33,NA,1980-12-01,380001097341301,79,0,c(-97.5726687, 38.0000208),"1980","71-0",-97.5726687,38.0000208,206.3803253,"198-262"
"1868","Harvey",-13.43,"BURRTON",1980-06-25,380127097383801,79,0,c(-97.647144, 38.024847),"1980","71-0",-97.647144,38.024847,176.3459625,"132-197"
"1869","McPherson",-38.18,"MCPHERSON SE",1980-01-31,381537097373101,113,0,c(-97.624004, 38.257311),"1980","71-0",-97.624004,38.257311,68.6115036,"66-131"
"1870","Greeley",-129.6,NA,1980-01-14,383947101371101,71,0,c(-101.6219082, 38.6618995),"1980","143-72",-101.6219082,38.6618995,45.9501114,"0-65"
"1871","Stafford",-10.82,"Hudson SE",1980-01-01,380043098351601,185,0,c(-98.5879953, 38.01187),"1980","71-0",-98.5879953,38.01187,137.2396545,"132-197"
"1872","Stafford",-7.95,"Hudson SE",1980-05-08,380043098351601,185,0,c(-98.5879953, 38.01187),"1980","71-0",-98.5879953,38.01187,137.2396545,"132-197"
"1873","Stafford",-14.94,"Saint John South",1980-01-01,375429098480403,185,0,c(-98.802647, 37.907522),"1980","71-0",-98.802647,37.907522,140.5951538,"132-197"
"1874","Stafford",-14.05,"Saint John South",1980-05-08,375429098480403,185,0,c(-98.802647, 37.907522),"1980","71-0",-98.802647,37.907522,140.5951538,"132-197"
"1875","Stafford",-9.8,"Saint John South",1980-01-01,375429098480402,185,0,c(-98.802651, 37.907495),"1980","71-0",-98.802651,37.907495,140.5951538,"132-197"
"1876","Stafford",-10.08,"Saint John South",1980-05-08,375429098480402,185,0,c(-98.802651, 37.907495),"1980","71-0",-98.802651,37.907495,140.5951538,"132-197"
"1877","Stanton",-203.06,NA,1980-04-08,373018101521101,187,0,c(-101.8703609, 37.506795),"1980","215-144",-101.8703609,37.506795,10,"0-65"
"1878","Stanton",-211.37,NA,1980-10-13,373018101521101,187,0,c(-101.8703609, 37.506795),"1980","215-144",-101.8703609,37.506795,10,"0-65"
"1879","Grant",-190.31,"Wagon Bed Spring NW",1980-01-17,372556101260201,67,0,c(-101.431743, 37.431842),"1980","215-144",-101.431743,37.431842,166.1101837,"132-197"
"1880","Sherman",-157.89,NA,1980-01-10,392337101383401,181,0,c(-101.6441455, 39.3946269),"1980","215-144",-101.6441455,39.3946269,142.8047485,"132-197"
"1881","Ford",-111.44,"FORT DODGE SW",1980-06-11,373127099540701,57,0,c(-99.90228, 37.524441),"1980","143-72",-99.90228,37.524441,55.6185837,"0-65"
"1882","Harvey",-35.1,"HALSTEAD NW",1980-01-10,380931097410601,79,0,c(-97.684584, 38.158961),"1980","71-0",-97.684584,38.158961,172.8425598,"132-197"
"1883","Harvey",-35.78,"HALSTEAD NW",1980-06-27,380931097410601,79,0,c(-97.684584, 38.158961),"1980","71-0",-97.684584,38.158961,172.8425598,"132-197"
"1884","Harvey",-38.29,"HALSTEAD NW",1980-10-17,380931097410601,79,0,c(-97.684584, 38.158961),"1980","71-0",-97.684584,38.158961,172.8425598,"132-197"
"1885","Kingman",-51.07,"ST. LEO",1980-01-24,373641098252501,95,0,c(-98.4284389, 37.612731),"1980","71-0",-98.4284389,37.612731,107.7750092,"66-131"
"1886","Greeley",-173.64,NA,1980-01-15,384200101525601,71,0,c(-101.8840515, 38.6978202),"1980","215-144",-101.8840515,38.6978202,43.9796448,"0-65"
"1887","Shawnee",-19.35,NA,1980-03-12,390559095485301,177,0,c(-95.8154343, 39.100315),"1980","71-0",-95.8154343,39.100315,NA,NA
"1888","Shawnee",-17.8,NA,1980-06-06,390559095485301,177,0,c(-95.8154343, 39.100315),"1980","71-0",-95.8154343,39.100315,NA,NA
"1889","Shawnee",-20.7,NA,1980-09-12,390559095485301,177,0,c(-95.8154343, 39.100315),"1980","71-0",-95.8154343,39.100315,NA,NA
"1890","Shawnee",-20.83,NA,1980-12-09,390559095485301,177,0,c(-95.8154343, 39.100315),"1980","71-0",-95.8154343,39.100315,NA,NA
"1891","Shawnee",-20.5,NA,1980-03-12,390559095503301,177,0,c(-95.8434027, 39.1005233),"1980","71-0",-95.8434027,39.1005233,NA,NA
"1892","Shawnee",-19.25,NA,1980-06-06,390559095503301,177,0,c(-95.8434027, 39.1005233),"1980","71-0",-95.8434027,39.1005233,NA,NA
"1893","Shawnee",-22.4,NA,1980-09-12,390559095503301,177,0,c(-95.8434027, 39.1005233),"1980","71-0",-95.8434027,39.1005233,NA,NA
"1894","Shawnee",-22.43,NA,1980-12-09,390559095503301,177,0,c(-95.8434027, 39.1005233),"1980","71-0",-95.8434027,39.1005233,NA,NA
"1895","Sedgwick",-5.24,NA,1980-01-01,374705097253601,173,0,c(-97.427867, 37.7823501),"1980","71-0",-97.427867,37.7823501,108.9587555,"66-131"
"1896","Sedgwick",-8.61,NA,1980-04-01,374705097253601,173,0,c(-97.427867, 37.7823501),"1980","71-0",-97.427867,37.7823501,108.9587555,"66-131"
"1897","Sedgwick",-5.18,NA,1980-07-01,374705097253601,173,0,c(-97.427867, 37.7823501),"1980","71-0",-97.427867,37.7823501,108.9587555,"66-131"
"1898","Sedgwick",-6.75,NA,1980-10-01,374705097253601,173,0,c(-97.427867, 37.7823501),"1980","71-0",-97.427867,37.7823501,108.9587555,"66-131"
"1899","Sedgwick",-26.38,"Colwich",1980-01-01,374600097331401,173,0,c(-97.5549003, 37.7637264),"1980","71-0",-97.5549003,37.7637264,34.0668945,"0-65"
"1900","Sedgwick",-26.07,"Colwich",1980-03-27,374600097331401,173,0,c(-97.5549003, 37.7637264),"1980","71-0",-97.5549003,37.7637264,34.0668945,"0-65"
"1901","Sedgwick",-26.12,"Colwich",1980-07-01,374600097331401,173,0,c(-97.5549003, 37.7637264),"1980","71-0",-97.5549003,37.7637264,34.0668945,"0-65"
"1902","Sedgwick",-26.87,"Colwich",1980-09-17,374600097331401,173,0,c(-97.5549003, 37.7637264),"1980","71-0",-97.5549003,37.7637264,34.0668945,"0-65"
"1903","Sedgwick",-26.86,"Colwich",1980-12-24,374600097331401,173,0,c(-97.5549003, 37.7637264),"1980","71-0",-97.5549003,37.7637264,34.0668945,"0-65"
"1904","Douglas",-21.5,"MIDLAND",1980-01-05,390006095132301,45,0,c(-95.2229403, 39.003284),"1980","71-0",-95.2229403,39.003284,NA,NA
"1905","Douglas",-21.5,"MIDLAND",1980-01-10,390006095132301,45,0,c(-95.2229403, 39.003284),"1980","71-0",-95.2229403,39.003284,NA,NA
"1906","Douglas",-21.6,"MIDLAND",1980-01-15,390006095132301,45,0,c(-95.2229403, 39.003284),"1980","71-0",-95.2229403,39.003284,NA,NA
"1907","Douglas",-21.7,"MIDLAND",1980-01-20,390006095132301,45,0,c(-95.2229403, 39.003284),"1980","71-0",-95.2229403,39.003284,NA,NA
"1908","Douglas",-21.63,"MIDLAND",1980-01-23,390006095132301,45,0,c(-95.2229403, 39.003284),"1980","71-0",-95.2229403,39.003284,NA,NA
"1909","Douglas",-21.6,"MIDLAND",1980-01-25,390006095132301,45,0,c(-95.2229403, 39.003284),"1980","71-0",-95.2229403,39.003284,NA,NA
"1910","Douglas",-21.68,"MIDLAND",1980-01-30,390006095132301,45,0,c(-95.2229403, 39.003284),"1980","71-0",-95.2229403,39.003284,NA,NA
"1911","Douglas",-21.66,"MIDLAND",1980-02-05,390006095132301,45,0,c(-95.2229403, 39.003284),"1980","71-0",-95.2229403,39.003284,NA,NA
"1912","Douglas",-21.7,"MIDLAND",1980-02-10,390006095132301,45,0,c(-95.2229403, 39.003284),"1980","71-0",-95.2229403,39.003284,NA,NA
"1913","Douglas",-21.71,"MIDLAND",1980-02-15,390006095132301,45,0,c(-95.2229403, 39.003284),"1980","71-0",-95.2229403,39.003284,NA,NA
"1914","Douglas",-21.61,"MIDLAND",1980-02-20,390006095132301,45,0,c(-95.2229403, 39.003284),"1980","71-0",-95.2229403,39.003284,NA,NA
"1915","Douglas",-21.59,"MIDLAND",1980-02-25,390006095132301,45,0,c(-95.2229403, 39.003284),"1980","71-0",-95.2229403,39.003284,NA,NA
"1916","Douglas",-21.53,"MIDLAND",1980-02-29,390006095132301,45,0,c(-95.2229403, 39.003284),"1980","71-0",-95.2229403,39.003284,NA,NA
"1917","Douglas",-21.49,"MIDLAND",1980-03-05,390006095132301,45,0,c(-95.2229403, 39.003284),"1980","71-0",-95.2229403,39.003284,NA,NA
"1918","Douglas",-21.44,"MIDLAND",1980-03-10,390006095132301,45,0,c(-95.2229403, 39.003284),"1980","71-0",-95.2229403,39.003284,NA,NA
"1919","Douglas",-21.48,"MIDLAND",1980-03-15,390006095132301,45,0,c(-95.2229403, 39.003284),"1980","71-0",-95.2229403,39.003284,NA,NA
"1920","Douglas",-21.61,"MIDLAND",1980-03-20,390006095132301,45,0,c(-95.2229403, 39.003284),"1980","71-0",-95.2229403,39.003284,NA,NA
"1921","Douglas",-21.72,"MIDLAND",1980-03-25,390006095132301,45,0,c(-95.2229403, 39.003284),"1980","71-0",-95.2229403,39.003284,NA,NA
"1922","Douglas",-21.24,"MIDLAND",1980-03-31,390006095132301,45,0,c(-95.2229403, 39.003284),"1980","71-0",-95.2229403,39.003284,NA,NA
"1923","Douglas",-21.24,"MIDLAND",1980-04-05,390006095132301,45,0,c(-95.2229403, 39.003284),"1980","71-0",-95.2229403,39.003284,NA,NA
"1924","Douglas",-20.61,"MIDLAND",1980-04-10,390006095132301,45,0,c(-95.2229403, 39.003284),"1980","71-0",-95.2229403,39.003284,NA,NA
"1925","Douglas",-20.5,"MIDLAND",1980-04-15,390006095132301,45,0,c(-95.2229403, 39.003284),"1980","71-0",-95.2229403,39.003284,NA,NA
"1926","Douglas",-20.5,"MIDLAND",1980-04-20,390006095132301,45,0,c(-95.2229403, 39.003284),"1980","71-0",-95.2229403,39.003284,NA,NA
"1927","Douglas",-20.5,"MIDLAND",1980-04-25,390006095132301,45,0,c(-95.2229403, 39.003284),"1980","71-0",-95.2229403,39.003284,NA,NA
"1928","Douglas",-20.67,"MIDLAND",1980-04-30,390006095132301,45,0,c(-95.2229403, 39.003284),"1980","71-0",-95.2229403,39.003284,NA,NA
"1929","Douglas",-20.86,"MIDLAND",1980-05-05,390006095132301,45,0,c(-95.2229403, 39.003284),"1980","71-0",-95.2229403,39.003284,NA,NA
"1930","Douglas",-20.88,"MIDLAND",1980-05-10,390006095132301,45,0,c(-95.2229403, 39.003284),"1980","71-0",-95.2229403,39.003284,NA,NA
"1931","Douglas",-21.01,"MIDLAND",1980-05-15,390006095132301,45,0,c(-95.2229403, 39.003284),"1980","71-0",-95.2229403,39.003284,NA,NA
"1932","Douglas",-21.09,"MIDLAND",1980-05-20,390006095132301,45,0,c(-95.2229403, 39.003284),"1980","71-0",-95.2229403,39.003284,NA,NA
"1933","Douglas",-21.17,"MIDLAND",1980-05-25,390006095132301,45,0,c(-95.2229403, 39.003284),"1980","71-0",-95.2229403,39.003284,NA,NA
"1934","Douglas",-21.19,"MIDLAND",1980-05-31,390006095132301,45,0,c(-95.2229403, 39.003284),"1980","71-0",-95.2229403,39.003284,NA,NA
"1935","Douglas",-20.31,"MIDLAND",1980-06-05,390006095132301,45,0,c(-95.2229403, 39.003284),"1980","71-0",-95.2229403,39.003284,NA,NA
"1936","Douglas",-20.26,"MIDLAND",1980-06-10,390006095132301,45,0,c(-95.2229403, 39.003284),"1980","71-0",-95.2229403,39.003284,NA,NA
"1937","Douglas",-20.4,"MIDLAND",1980-06-15,390006095132301,45,0,c(-95.2229403, 39.003284),"1980","71-0",-95.2229403,39.003284,NA,NA
"1938","Douglas",-20.7,"MIDLAND",1980-06-20,390006095132301,45,0,c(-95.2229403, 39.003284),"1980","71-0",-95.2229403,39.003284,NA,NA
"1939","Douglas",-20.86,"MIDLAND",1980-06-25,390006095132301,45,0,c(-95.2229403, 39.003284),"1980","71-0",-95.2229403,39.003284,NA,NA
"1940","Douglas",-21.11,"MIDLAND",1980-06-30,390006095132301,45,0,c(-95.2229403, 39.003284),"1980","71-0",-95.2229403,39.003284,NA,NA
"1941","Douglas",-21.4,"MIDLAND",1980-07-05,390006095132301,45,0,c(-95.2229403, 39.003284),"1980","71-0",-95.2229403,39.003284,NA,NA
"1942","Douglas",-21.69,"MIDLAND",1980-07-10,390006095132301,45,0,c(-95.2229403, 39.003284),"1980","71-0",-95.2229403,39.003284,NA,NA
"1943","Douglas",-21.92,"MIDLAND",1980-07-15,390006095132301,45,0,c(-95.2229403, 39.003284),"1980","71-0",-95.2229403,39.003284,NA,NA
"1944","Douglas",-22.14,"MIDLAND",1980-07-20,390006095132301,45,0,c(-95.2229403, 39.003284),"1980","71-0",-95.2229403,39.003284,NA,NA
"1945","Douglas",-22.28,"MIDLAND",1980-07-25,390006095132301,45,0,c(-95.2229403, 39.003284),"1980","71-0",-95.2229403,39.003284,NA,NA
"1946","Douglas",-22.32,"MIDLAND",1980-07-31,390006095132301,45,0,c(-95.2229403, 39.003284),"1980","71-0",-95.2229403,39.003284,NA,NA
"1947","Douglas",-22.4,"MIDLAND",1980-08-05,390006095132301,45,0,c(-95.2229403, 39.003284),"1980","71-0",-95.2229403,39.003284,NA,NA
"1948","Douglas",-22.08,"MIDLAND",1980-08-10,390006095132301,45,0,c(-95.2229403, 39.003284),"1980","71-0",-95.2229403,39.003284,NA,NA
"1949","Douglas",-22.11,"MIDLAND",1980-08-15,390006095132301,45,0,c(-95.2229403, 39.003284),"1980","71-0",-95.2229403,39.003284,NA,NA
"1950","Douglas",-22.18,"MIDLAND",1980-08-20,390006095132301,45,0,c(-95.2229403, 39.003284),"1980","71-0",-95.2229403,39.003284,NA,NA
"1951","Douglas",-22.38,"MIDLAND",1980-08-25,390006095132301,45,0,c(-95.2229403, 39.003284),"1980","71-0",-95.2229403,39.003284,NA,NA
"1952","Douglas",-22.54,"MIDLAND",1980-08-31,390006095132301,45,0,c(-95.2229403, 39.003284),"1980","71-0",-95.2229403,39.003284,NA,NA
"1953","Douglas",-22.66,"MIDLAND",1980-09-05,390006095132301,45,0,c(-95.2229403, 39.003284),"1980","71-0",-95.2229403,39.003284,NA,NA
"1954","Douglas",-22.77,"MIDLAND",1980-09-10,390006095132301,45,0,c(-95.2229403, 39.003284),"1980","71-0",-95.2229403,39.003284,NA,NA
"1955","Douglas",-22.84,"MIDLAND",1980-09-15,390006095132301,45,0,c(-95.2229403, 39.003284),"1980","71-0",-95.2229403,39.003284,NA,NA
"1956","Douglas",-22.87,"MIDLAND",1980-09-20,390006095132301,45,0,c(-95.2229403, 39.003284),"1980","71-0",-95.2229403,39.003284,NA,NA
"1957","Douglas",-22.85,"MIDLAND",1980-09-25,390006095132301,45,0,c(-95.2229403, 39.003284),"1980","71-0",-95.2229403,39.003284,NA,NA
"1958","Douglas",-23,"MIDLAND",1980-09-30,390006095132301,45,0,c(-95.2229403, 39.003284),"1980","71-0",-95.2229403,39.003284,NA,NA
"1959","Douglas",-23.1,"MIDLAND",1980-10-05,390006095132301,45,0,c(-95.2229403, 39.003284),"1980","71-0",-95.2229403,39.003284,NA,NA
"1960","Douglas",-23.16,"MIDLAND",1980-10-10,390006095132301,45,0,c(-95.2229403, 39.003284),"1980","71-0",-95.2229403,39.003284,NA,NA
"1961","Douglas",-23.15,"MIDLAND",1980-10-15,390006095132301,45,0,c(-95.2229403, 39.003284),"1980","71-0",-95.2229403,39.003284,NA,NA
"1962","Douglas",-23.09,"MIDLAND",1980-10-20,390006095132301,45,0,c(-95.2229403, 39.003284),"1980","71-0",-95.2229403,39.003284,NA,NA
"1963","Douglas",-23.14,"MIDLAND",1980-10-25,390006095132301,45,0,c(-95.2229403, 39.003284),"1980","71-0",-95.2229403,39.003284,NA,NA
"1964","Douglas",-23,"MIDLAND",1980-10-31,390006095132301,45,0,c(-95.2229403, 39.003284),"1980","71-0",-95.2229403,39.003284,NA,NA
"1965","Douglas",-23.08,"MIDLAND",1980-11-05,390006095132301,45,0,c(-95.2229403, 39.003284),"1980","71-0",-95.2229403,39.003284,NA,NA
"1966","Douglas",-23.1,"MIDLAND",1980-11-10,390006095132301,45,0,c(-95.2229403, 39.003284),"1980","71-0",-95.2229403,39.003284,NA,NA
"1967","Douglas",-23.1,"MIDLAND",1980-11-15,390006095132301,45,0,c(-95.2229403, 39.003284),"1980","71-0",-95.2229403,39.003284,NA,NA
"1968","Douglas",-23.09,"MIDLAND",1980-11-20,390006095132301,45,0,c(-95.2229403, 39.003284),"1980","71-0",-95.2229403,39.003284,NA,NA
"1969","Douglas",-23.12,"MIDLAND",1980-11-25,390006095132301,45,0,c(-95.2229403, 39.003284),"1980","71-0",-95.2229403,39.003284,NA,NA
"1970","Douglas",-23.18,"MIDLAND",1980-11-30,390006095132301,45,0,c(-95.2229403, 39.003284),"1980","71-0",-95.2229403,39.003284,NA,NA
"1971","Douglas",-23.2,"MIDLAND",1980-12-05,390006095132301,45,0,c(-95.2229403, 39.003284),"1980","71-0",-95.2229403,39.003284,NA,NA
"1972","Douglas",-22.97,"MIDLAND",1980-12-10,390006095132301,45,0,c(-95.2229403, 39.003284),"1980","71-0",-95.2229403,39.003284,NA,NA
"1973","Douglas",-22.83,"MIDLAND",1980-12-15,390006095132301,45,0,c(-95.2229403, 39.003284),"1980","71-0",-95.2229403,39.003284,NA,NA
"1974","Douglas",-22.86,"MIDLAND",1980-12-20,390006095132301,45,0,c(-95.2229403, 39.003284),"1980","71-0",-95.2229403,39.003284,NA,NA
"1975","Douglas",-22.88,"MIDLAND",1980-12-25,390006095132301,45,0,c(-95.2229403, 39.003284),"1980","71-0",-95.2229403,39.003284,NA,NA
"1976","Douglas",-22.95,"MIDLAND",1980-12-31,390006095132301,45,0,c(-95.2229403, 39.003284),"1980","71-0",-95.2229403,39.003284,NA,NA
"1977","Sherman",-162.21,NA,1980-01-09,391652101485101,181,0,c(-101.8142504, 39.2811589),"1980","215-144",-101.8142504,39.2811589,77.4309006,"66-131"
"1978","Grant",-142.45,NA,1980-01-16,372825101153801,67,0,c(-101.2621237, 37.4746016),"1980","143-72",-101.2621237,37.4746016,186.7270508,"132-197"
"1979","Finney",-121.48,"GARDEN CITY W",1980-01-24,375239100552401,55,0,c(-100.925241, 37.8769416),"1980","143-72",-100.925241,37.8769416,392.7521362,"328-393"
"1980","Finney",-119.98,"GARDEN CITY W",1980-10-03,375239100552401,55,0,c(-100.925241, 37.8769416),"1980","143-72",-100.925241,37.8769416,392.7521362,"328-393"
"1981","Reno",-5.71,"Arlington",1980-01-24,375459098105401,155,0,c(-98.1822661, 37.9166342),"1980","71-0",-98.1822661,37.9166342,72.517868,"66-131"
"1982","Pottawatomie",-15.19,"BELVUE",1980-03-11,391159096073701,149,0,c(-96.1267479, 39.1996828),"1980","71-0",-96.1267479,39.1996828,NA,NA
"1983","Pottawatomie",-13.88,"BELVUE",1980-06-06,391159096073701,149,0,c(-96.1267479, 39.1996828),"1980","71-0",-96.1267479,39.1996828,NA,NA
"1984","Pottawatomie",-16.61,"BELVUE",1980-09-12,391159096073701,149,0,c(-96.1267479, 39.1996828),"1980","71-0",-96.1267479,39.1996828,NA,NA
"1985","Pottawatomie",-17.38,"BELVUE",1980-12-09,391159096073701,149,0,c(-96.1267479, 39.1996828),"1980","71-0",-96.1267479,39.1996828,NA,NA
"1986","Washington",-37.25,NA,1980-03-11,395948096524601,201,0,c(-96.8815242, 39.998223),"1980","71-0",-96.8815242,39.998223,NA,NA
"1987","Washington",-35.94,NA,1980-06-05,395948096524601,201,0,c(-96.8815242, 39.998223),"1980","71-0",-96.8815242,39.998223,NA,NA
"1988","Washington",-40.9,NA,1980-12-19,395948096524601,201,0,c(-96.8815242, 39.998223),"1980","71-0",-96.8815242,39.998223,NA,NA
"1989","Rawlins",-19.59,"Chardon SE",1980-03-10,393533101030001,153,0,c(-101.050634, 39.591622),"1980","71-0",-101.050634,39.591622,96.6795578,"66-131"
"1990","Rawlins",-18.98,"Chardon SE",1980-06-02,393533101030001,153,0,c(-101.050634, 39.591622),"1980","71-0",-101.050634,39.591622,96.6795578,"66-131"
"1991","Rawlins",-19.87,"Chardon SE",1980-09-08,393533101030001,153,0,c(-101.050634, 39.591622),"1980","71-0",-101.050634,39.591622,96.6795578,"66-131"
"1992","Rawlins",-20.03,"Chardon SE",1980-12-17,393533101030001,153,0,c(-101.050634, 39.591622),"1980","71-0",-101.050634,39.591622,96.6795578,"66-131"
"1993","Rawlins",-37.36,"Achilles SE",1980-12-17,393558100495001,153,0,c(-100.831029, 39.600133),"1980","71-0",-100.831029,39.600133,47.2652626,"0-65"
"1994","Seward",-226.31,NA,1980-01-17,371615100463701,175,0,c(-100.779735, 37.27119),"1980","287-216",-100.779735,37.27119,203.2883301,"198-262"
"1995","Seward",-225.8,NA,1980-05-06,371615100463701,175,0,c(-100.779735, 37.27119),"1980","287-216",-100.779735,37.27119,203.2883301,"198-262"
"1996","Cheyenne",-149.86,"Bird City South NW",1980-01-10,393751101403601,23,0,c(-101.6747469, 39.6306549),"1980","215-144",-101.6747469,39.6306549,129.2052612,"66-131"
"1997","Cheyenne",-131.45,"Bird City South SW",1980-01-10,393508101390801,23,0,c(-101.649648, 39.586016),"1980","143-72",-101.649648,39.586016,151.1988983,"132-197"
"1998","Cheyenne",-205.7,"South of Drury Creek",1980-01-08,393547101481501,23,0,c(-101.802253, 39.597375),"1980","215-144",-101.802253,39.597375,119.2222519,"66-131"
"1999","Cheyenne",-226.22,NA,1980-01-08,393613101562101,23,0,c(-101.9408568, 39.6038345),"1980","287-216",-101.9408568,39.6038345,65.5234985,"0-65"
"2000","Morton",-93.58,NA,1980-01-16,372011102013101,129,0,c(-102.0250518, 37.3345222),"1980","143-72",-102.0250518,37.3345222,12.8707685,"0-65"
"2001","Morton",-80.74,"Rolla NW",1980-04-08,370835101394701,129,0,c(-101.66434, 37.143245),"1980","143-72",-101.66434,37.143245,217.583252,"198-262"
"2002","Morton",-87.86,"Rolla NW",1980-10-13,370835101394701,129,0,c(-101.66434, 37.143245),"1980","143-72",-101.66434,37.143245,217.583252,"198-262"
"2003","Morton",-180.9,"Shore Airport SE",1980-01-17,372043101363101,129,0,c(-101.6050341, 37.34883),"1980","215-144",-101.6050341,37.34883,38.6981277,"0-65"
"2004","Pratt",-40.8,"COATS NE",1980-01-22,374323098500101,151,0,c(-98.834354, 37.722798),"1980","71-0",-98.834354,37.722798,166.6634521,"132-197"
"2005","Finney",-79.04,NA,1980-06-04,375541100584901,55,0,c(-100.980545, 37.9286173),"1980","143-72",-100.980545,37.9286173,271.5029297,"263-328"
"2006","Finney",-79.76,NA,1980-06-05,375541100584901,55,0,c(-100.980545, 37.9286173),"1980","143-72",-100.980545,37.9286173,271.5029297,"263-328"
"2007","Finney",-90.07,NA,1980-06-10,375541100584901,55,0,c(-100.980545, 37.9286173),"1980","143-72",-100.980545,37.9286173,271.5029297,"263-328"
"2008","Finney",-96.19,NA,1980-06-15,375541100584901,55,0,c(-100.980545, 37.9286173),"1980","143-72",-100.980545,37.9286173,271.5029297,"263-328"
"2009","Finney",-103.12,NA,1980-06-20,375541100584901,55,0,c(-100.980545, 37.9286173),"1980","143-72",-100.980545,37.9286173,271.5029297,"263-328"
"2010","Finney",-93.6,NA,1980-06-25,375541100584901,55,0,c(-100.980545, 37.9286173),"1980","143-72",-100.980545,37.9286173,271.5029297,"263-328"
"2011","Finney",-103.98,NA,1980-06-30,375541100584901,55,0,c(-100.980545, 37.9286173),"1980","143-72",-100.980545,37.9286173,271.5029297,"263-328"
"2012","Finney",-135.7,NA,1980-07-05,375541100584901,55,0,c(-100.980545, 37.9286173),"1980","143-72",-100.980545,37.9286173,271.5029297,"263-328"
"2013","Finney",-137.6,NA,1980-07-10,375541100584901,55,0,c(-100.980545, 37.9286173),"1980","143-72",-100.980545,37.9286173,271.5029297,"263-328"
"2014","Finney",-143.75,NA,1980-07-15,375541100584901,55,0,c(-100.980545, 37.9286173),"1980","143-72",-100.980545,37.9286173,271.5029297,"263-328"
"2015","Finney",-146.16,NA,1980-07-20,375541100584901,55,0,c(-100.980545, 37.9286173),"1980","215-144",-100.980545,37.9286173,271.5029297,"263-328"
"2016","Finney",-148.1,NA,1980-07-24,375541100584901,55,0,c(-100.980545, 37.9286173),"1980","215-144",-100.980545,37.9286173,271.5029297,"263-328"
"2017","Finney",-148.5,NA,1980-07-25,375541100584901,55,0,c(-100.980545, 37.9286173),"1980","215-144",-100.980545,37.9286173,271.5029297,"263-328"
"2018","Finney",-150.27,NA,1980-07-31,375541100584901,55,0,c(-100.980545, 37.9286173),"1980","215-144",-100.980545,37.9286173,271.5029297,"263-328"
"2019","Finney",-150.77,NA,1980-08-05,375541100584901,55,0,c(-100.980545, 37.9286173),"1980","215-144",-100.980545,37.9286173,271.5029297,"263-328"
"2020","Finney",-152.25,NA,1980-08-10,375541100584901,55,0,c(-100.980545, 37.9286173),"1980","215-144",-100.980545,37.9286173,271.5029297,"263-328"
"2021","Finney",-151.33,NA,1980-08-20,375541100584901,55,0,c(-100.980545, 37.9286173),"1980","215-144",-100.980545,37.9286173,271.5029297,"263-328"
"2022","Finney",-156.23,NA,1980-08-25,375541100584901,55,0,c(-100.980545, 37.9286173),"1980","215-144",-100.980545,37.9286173,271.5029297,"263-328"
"2023","Finney",-159.1,NA,1980-08-31,375541100584901,55,0,c(-100.980545, 37.9286173),"1980","215-144",-100.980545,37.9286173,271.5029297,"263-328"
"2024","Finney",-151.9,NA,1980-09-05,375541100584901,55,0,c(-100.980545, 37.9286173),"1980","215-144",-100.980545,37.9286173,271.5029297,"263-328"
"2025","Finney",-151.27,NA,1980-09-10,375541100584901,55,0,c(-100.980545, 37.9286173),"1980","215-144",-100.980545,37.9286173,271.5029297,"263-328"
"2026","Finney",-142.57,NA,1980-09-15,375541100584901,55,0,c(-100.980545, 37.9286173),"1980","143-72",-100.980545,37.9286173,271.5029297,"263-328"
"2027","Finney",-137.28,NA,1980-09-20,375541100584901,55,0,c(-100.980545, 37.9286173),"1980","143-72",-100.980545,37.9286173,271.5029297,"263-328"
"2028","Finney",-132.76,NA,1980-09-25,375541100584901,55,0,c(-100.980545, 37.9286173),"1980","143-72",-100.980545,37.9286173,271.5029297,"263-328"
"2029","Finney",-128.7,NA,1980-09-30,375541100584901,55,0,c(-100.980545, 37.9286173),"1980","143-72",-100.980545,37.9286173,271.5029297,"263-328"
"2030","Finney",-129.94,NA,1980-10-01,375541100584901,55,0,c(-100.980545, 37.9286173),"1980","143-72",-100.980545,37.9286173,271.5029297,"263-328"
"2031","Edwards",-20.9,"Belpre NW",1980-01-01,375233099084801,47,0,c(-99.146495, 37.876202),"1980","71-0",-99.146495,37.876202,128.2492065,"66-131"
"2032","Edwards",-20.94,"Belpre NW",1980-01-22,375233099084801,47,0,c(-99.146495, 37.876202),"1980","71-0",-99.146495,37.876202,128.2492065,"66-131"
"2033","Smith",-33.76,"PORTIS",1980-05-30,393458098435101,183,0,c(-98.729439, 39.582202),"1980","71-0",-98.729439,39.582202,NA,NA
"2034","Smith",-23.36,NA,1980-05-30,393540098480801,183,0,c(-98.804164, 39.595691),"1980","71-0",-98.804164,39.595691,NA,NA
"2035","Reno",-5.7,NA,1980-01-23,380041097550501,155,0,c(-97.9185533, 38.0110555),"1980","71-0",-97.9185533,38.0110555,116.7710419,"66-131"
"2036","Hodgeman",-30.8,NA,1980-01-16,381341100023801,83,0,c(-100.045104, 38.2267452),"1980","71-0",-100.045104,38.2267452,NA,NA
"2037","Edwards",-59.73,"ROZEL SW",1980-04-09,380145099241301,47,0,c(-99.4043623, 38.0306696),"1980","71-0",-99.4043623,38.0306696,29.1189384,"0-65"
"2038","Edwards",-59.7,"ROZEL SW",1980-09-22,380145099241301,47,0,c(-99.4043623, 38.0306696),"1980","71-0",-99.4043623,38.0306696,29.1189384,"0-65"
"2039","Edwards",-59.51,"ROZEL SW",1980-12-30,380145099241301,47,0,c(-99.4043623, 38.0306696),"1980","71-0",-99.4043623,38.0306696,29.1189384,"0-65"
"2040","Kiowa",-64.14,"MULLINVILLE",1980-01-22,373703099231001,97,0,c(-99.3858701, 37.6197187),"1980","71-0",-99.3858701,37.6197187,80.1470184,"66-131"
"2041","Edwards",-22.95,"BELPRE NW",1980-01-21,375629099075901,47,0,c(-99.132617, 37.942033),"1980","71-0",-99.132617,37.942033,143.953064,"132-197"
"2042","Edwards",-22.68,"BELPRE NW",1980-04-10,375629099075901,47,0,c(-99.132617, 37.942033),"1980","71-0",-99.132617,37.942033,143.953064,"132-197"
"2043","Edwards",-22.33,"BELPRE NW",1980-06-24,375629099075901,47,0,c(-99.132617, 37.942033),"1980","71-0",-99.132617,37.942033,143.953064,"132-197"
"2044","Edwards",-25.19,"BELPRE NW",1980-09-22,375629099075901,47,0,c(-99.132617, 37.942033),"1980","71-0",-99.132617,37.942033,143.953064,"132-197"
"2045","Osborne",-16.1,NA,1980-03-06,392703098455601,141,0,c(-98.7677747, 39.4515962),"1980","71-0",-98.7677747,39.4515962,NA,NA
"2046","Sheridan",-98.47,"Seguin",1980-01-17,391637100345901,179,0,c(-100.5851158, 39.2778146),"1980","143-72",-100.5851158,39.2778146,80.2189789,"66-131"
"2047","Kearny",-73.41,"Lakin SE",1980-01-11,375115101165801,93,0,c(-101.2809458, 37.8527874),"1980","143-72",-101.2809458,37.8527874,183.1983337,"132-197"
"2048","Rawlins",-20.01,"Dewey Ranch SE",1980-12-17,393619101222101,153,0,c(-101.37192, 39.606893),"1980","71-0",-101.37192,39.606893,130.4823456,"66-131"
"2049","Kiowa",-56.3,"HAVILAND NW",1980-01-22,373757099115001,97,0,c(-99.2000423, 37.6344018),"1980","71-0",-99.2000423,37.6344018,108.2657242,"66-131"
"2050","Sheridan",-172.86,"REXFORD NE",1980-01-15,392433100325401,179,0,c(-100.549713, 39.4093275),"1980","215-144",-100.549713,39.4093275,58.8102951,"0-65"
"2051","Sheridan",-171.22,"REXFORD NE",1980-03-13,392433100325401,179,0,c(-100.549713, 39.4093275),"1980","215-144",-100.549713,39.4093275,58.8102951,"0-65"
"2052","Sheridan",-169.66,"REXFORD NE",1980-06-04,392433100325401,179,0,c(-100.549713, 39.4093275),"1980","215-144",-100.549713,39.4093275,58.8102951,"0-65"
"2053","Finney",-87.34,"KALVESTA SW",1980-01-04,380006100293001,55,0,c(-100.491125, 38.00255),"1980","143-72",-100.491125,38.00255,46.6168671,"0-65"
"2054","Wallace",-92.9,NA,1980-01-15,384807101342901,199,0,c(-101.5740697, 38.8019225),"1980","143-72",-101.5740697,38.8019225,30.55476,"0-65"
"2055","Pawnee",-42.93,NA,1980-01-22,381147099272701,145,0,c(-99.460343, 38.197885),"1980","71-0",-99.460343,38.197885,25.3901501,"0-65"
"2056","Pawnee",-42.62,NA,1980-03-20,381147099272701,145,0,c(-99.460343, 38.197885),"1980","71-0",-99.460343,38.197885,25.3901501,"0-65"
"2057","Pawnee",-41.98,NA,1980-07-02,381147099272701,145,0,c(-99.460343, 38.197885),"1980","71-0",-99.460343,38.197885,25.3901501,"0-65"
"2058","Pawnee",-44.46,NA,1980-09-18,381147099272701,145,0,c(-99.460343, 38.197885),"1980","71-0",-99.460343,38.197885,25.3901501,"0-65"
"2059","Pawnee",-44.24,NA,1980-12-30,381147099272701,145,0,c(-99.460343, 38.197885),"1980","71-0",-99.460343,38.197885,25.3901501,"0-65"
"2060","Finney",-83.57,"KALVESTA",1980-01-04,380208100155501,55,0,c(-100.267517, 38.035499),"1980","143-72",-100.267517,38.035499,10,"0-65"
"2061","Finney",-111.36,"LOWE",1980-01-09,380319100524801,55,0,c(-100.8814332, 38.0557614),"1980","143-72",-100.8814332,38.0557614,148.9424286,"132-197"
"2062","Ford",-30.59,"Fort Dodge",1980-01-04,374356099573601,57,0,c(-99.96165, 37.73894),"1980","71-0",-99.96165,37.73894,118.6846771,"66-131"
"2063","Ford",-24.98,"Fort Dodge",1980-04-09,374356099573601,57,0,c(-99.96165, 37.73894),"1980","71-0",-99.96165,37.73894,118.6846771,"66-131"
"2064","Ford",-25.24,"Fort Dodge",1980-06-25,374356099573601,57,0,c(-99.96165, 37.73894),"1980","71-0",-99.96165,37.73894,118.6846771,"66-131"
"2065","Ford",-32.88,"Fort Dodge",1980-09-23,374356099573601,57,0,c(-99.96165, 37.73894),"1980","71-0",-99.96165,37.73894,118.6846771,"66-131"
"2066","Kearny",-40.59,"Deerfield",1980-01-10,375702101145602,93,0,c(-101.248647, 37.95017),"1980","71-0",-101.248647,37.95017,244.512558,"198-262"
"2067","Ford",-36.37,"SOUTH DODGE",1980-01-04,374404100064401,57,0,c(-100.115015, 37.737451),"1980","71-0",-100.115015,37.737451,84.3458862,"66-131"
"2068","Ford",-108,"DODGE CITY SW",1980-07-02,374901100083001,57,0,c(-100.1427434, 37.8170282),"1980","143-72",-100.1427434,37.8170282,100.8845062,"66-131"
"2069","Ford",-113.1,"DODGE CITY SW",1980-09-11,374901100083001,57,0,c(-100.1427434, 37.8170282),"1980","143-72",-100.1427434,37.8170282,100.8845062,"66-131"
"2070","Ford",-54.9,"DODGE CITY SW",1980-09-11,374506100121501,57,0,c(-100.2051474, 37.7523217),"1980","71-0",-100.2051474,37.7523217,133.9508667,"132-197"
"2071","Wichita",-139.31,"South of Twin Butte",1980-01-14,384014101261501,203,0,c(-101.441541, 38.670084),"1980","143-72",-101.441541,38.670084,19.3850021,"0-65"
"2072","Lane",-95.88,"Shields SE",1980-01-14,383227100165301,101,0,c(-100.283262, 38.538249),"1980","143-72",-100.283262,38.538249,28.8439369,"0-65"
"2073","Lane",-64.1,"Amy",1980-01-15,382853100354201,101,0,c(-100.594321, 38.481067),"1980","71-0",-100.594321,38.481067,89.5449219,"66-131"
"2074","Haskell",-239.09,NA,1980-01-08,372425100583501,81,0,c(-100.9756287, 37.4059607),"1980","287-216",-100.9756287,37.4059607,201.8599854,"198-262"
"2075","Greeley",-169.59,NA,1980-01-31,383604101443001,71,0,c(-101.7419475, 38.5980687),"1980","215-144",-101.7419475,38.5980687,42.0105171,"0-65"
"2076","Greeley",-126,NA,1980-01-31,383841101363801,71,0,c(-101.613013, 38.643464),"1980","143-72",-101.613013,38.643464,48.5242004,"0-65"
"2077","Greeley",-128.83,NA,1980-04-22,383841101363801,71,0,c(-101.613013, 38.643464),"1980","143-72",-101.613013,38.643464,48.5242004,"0-65"
"2078","Greeley",-129.67,NA,1980-07-21,383841101363801,71,0,c(-101.613013, 38.643464),"1980","143-72",-101.613013,38.643464,48.5242004,"0-65"
"2079","Greeley",-104.8,NA,1980-01-16,383802101350001,71,0,c(-101.5857336, 38.6327915),"1980","143-72",-101.5857336,38.6327915,50.0437469,"0-65"
"2080","Hamilton",-16.79,"Syracuse West",1980-01-14,375841101453401,75,0,c(-101.760393, 37.977754),"1980","71-0",-101.760393,37.977754,NA,NA
"2081","Finney",-62.2,"Garden City West",1980-01-05,375832100571001,55,0,c(-100.95414, 37.97459),"1980","71-0",-100.95414,37.97459,250.3898163,"198-262"
"2082","Finney",-61.68,"Garden City West",1980-01-10,375832100571001,55,0,c(-100.95414, 37.97459),"1980","71-0",-100.95414,37.97459,250.3898163,"198-262"
"2083","Finney",-61.5,"Garden City West",1980-01-15,375832100571001,55,0,c(-100.95414, 37.97459),"1980","71-0",-100.95414,37.97459,250.3898163,"198-262"
"2084","Finney",-61.87,"Garden City West",1980-01-20,375832100571001,55,0,c(-100.95414, 37.97459),"1980","71-0",-100.95414,37.97459,250.3898163,"198-262"
"2085","Finney",-60.85,"Garden City West",1980-01-25,375832100571001,55,0,c(-100.95414, 37.97459),"1980","71-0",-100.95414,37.97459,250.3898163,"198-262"
"2086","Finney",-60.62,"Garden City West",1980-01-31,375832100571001,55,0,c(-100.95414, 37.97459),"1980","71-0",-100.95414,37.97459,250.3898163,"198-262"
"2087","Finney",-60.53,"Garden City West",1980-02-05,375832100571001,55,0,c(-100.95414, 37.97459),"1980","71-0",-100.95414,37.97459,250.3898163,"198-262"
"2088","Finney",-60.13,"Garden City West",1980-02-06,375832100571001,55,0,c(-100.95414, 37.97459),"1980","71-0",-100.95414,37.97459,250.3898163,"198-262"
"2089","Finney",-60.02,"Garden City West",1980-02-10,375832100571001,55,0,c(-100.95414, 37.97459),"1980","71-0",-100.95414,37.97459,250.3898163,"198-262"
"2090","Finney",-59.37,"Garden City West",1980-02-15,375832100571001,55,0,c(-100.95414, 37.97459),"1980","71-0",-100.95414,37.97459,250.3898163,"198-262"
"2091","Finney",-58.77,"Garden City West",1980-02-20,375832100571001,55,0,c(-100.95414, 37.97459),"1980","71-0",-100.95414,37.97459,250.3898163,"198-262"
"2092","Finney",-58.67,"Garden City West",1980-02-25,375832100571001,55,0,c(-100.95414, 37.97459),"1980","71-0",-100.95414,37.97459,250.3898163,"198-262"
"2093","Finney",-58.15,"Garden City West",1980-03-05,375832100571001,55,0,c(-100.95414, 37.97459),"1980","71-0",-100.95414,37.97459,250.3898163,"198-262"
"2094","Finney",-57.91,"Garden City West",1980-03-10,375832100571001,55,0,c(-100.95414, 37.97459),"1980","71-0",-100.95414,37.97459,250.3898163,"198-262"
"2095","Finney",-57.68,"Garden City West",1980-03-15,375832100571001,55,0,c(-100.95414, 37.97459),"1980","71-0",-100.95414,37.97459,250.3898163,"198-262"
"2096","Finney",-57.62,"Garden City West",1980-03-20,375832100571001,55,0,c(-100.95414, 37.97459),"1980","71-0",-100.95414,37.97459,250.3898163,"198-262"
"2097","Finney",-57.88,"Garden City West",1980-03-25,375832100571001,55,0,c(-100.95414, 37.97459),"1980","71-0",-100.95414,37.97459,250.3898163,"198-262"
"2098","Finney",-57.4,"Garden City West",1980-03-31,375832100571001,55,0,c(-100.95414, 37.97459),"1980","71-0",-100.95414,37.97459,250.3898163,"198-262"
"2099","Finney",-57.1,"Garden City West",1980-04-05,375832100571001,55,0,c(-100.95414, 37.97459),"1980","71-0",-100.95414,37.97459,250.3898163,"198-262"
"2100","Finney",-56.82,"Garden City West",1980-04-10,375832100571001,55,0,c(-100.95414, 37.97459),"1980","71-0",-100.95414,37.97459,250.3898163,"198-262"
"2101","Finney",-57.15,"Garden City West",1980-04-15,375832100571001,55,0,c(-100.95414, 37.97459),"1980","71-0",-100.95414,37.97459,250.3898163,"198-262"
"2102","Finney",-58.03,"Garden City West",1980-04-20,375832100571001,55,0,c(-100.95414, 37.97459),"1980","71-0",-100.95414,37.97459,250.3898163,"198-262"
"2103","Finney",-59.33,"Garden City West",1980-04-25,375832100571001,55,0,c(-100.95414, 37.97459),"1980","71-0",-100.95414,37.97459,250.3898163,"198-262"
"2104","Finney",-59.05,"Garden City West",1980-04-30,375832100571001,55,0,c(-100.95414, 37.97459),"1980","71-0",-100.95414,37.97459,250.3898163,"198-262"
"2105","Finney",-58.12,"Garden City West",1980-05-05,375832100571001,55,0,c(-100.95414, 37.97459),"1980","71-0",-100.95414,37.97459,250.3898163,"198-262"
"2106","Finney",-57.79,"Garden City West",1980-05-10,375832100571001,55,0,c(-100.95414, 37.97459),"1980","71-0",-100.95414,37.97459,250.3898163,"198-262"
"2107","Finney",-59.35,"Garden City West",1980-05-15,375832100571001,55,0,c(-100.95414, 37.97459),"1980","71-0",-100.95414,37.97459,250.3898163,"198-262"
"2108","Finney",-57.5,"Garden City West",1980-05-20,375832100571001,55,0,c(-100.95414, 37.97459),"1980","71-0",-100.95414,37.97459,250.3898163,"198-262"
"2109","Finney",-57.1,"Garden City West",1980-05-25,375832100571001,55,0,c(-100.95414, 37.97459),"1980","71-0",-100.95414,37.97459,250.3898163,"198-262"
"2110","Finney",-56.44,"Garden City West",1980-05-31,375832100571001,55,0,c(-100.95414, 37.97459),"1980","71-0",-100.95414,37.97459,250.3898163,"198-262"
"2111","Finney",-74.79,"Garden City West",1980-06-25,375832100571001,55,0,c(-100.95414, 37.97459),"1980","143-72",-100.95414,37.97459,250.3898163,"198-262"
"2112","Finney",-74.4,"Garden City West",1980-06-30,375832100571001,55,0,c(-100.95414, 37.97459),"1980","143-72",-100.95414,37.97459,250.3898163,"198-262"
"2113","Finney",-109.17,"Garden City West",1980-07-24,375832100571001,55,0,c(-100.95414, 37.97459),"1980","143-72",-100.95414,37.97459,250.3898163,"198-262"
"2114","Finney",-114.25,"Garden City West",1980-07-25,375832100571001,55,0,c(-100.95414, 37.97459),"1980","143-72",-100.95414,37.97459,250.3898163,"198-262"
"2115","Finney",-114.05,"Garden City West",1980-07-31,375832100571001,55,0,c(-100.95414, 37.97459),"1980","143-72",-100.95414,37.97459,250.3898163,"198-262"
"2116","Finney",-110.4,"Garden City West",1980-08-15,375832100571001,55,0,c(-100.95414, 37.97459),"1980","143-72",-100.95414,37.97459,250.3898163,"198-262"
"2117","Finney",-98.06,"Garden City West",1980-09-30,375832100571001,55,0,c(-100.95414, 37.97459),"1980","143-72",-100.95414,37.97459,250.3898163,"198-262"
"2118","Finney",-98.32,"Garden City West",1980-10-01,375832100571001,55,0,c(-100.95414, 37.97459),"1980","143-72",-100.95414,37.97459,250.3898163,"198-262"
"2119","Finney",-92.66,"Garden City West",1980-10-15,375832100571001,55,0,c(-100.95414, 37.97459),"1980","143-72",-100.95414,37.97459,250.3898163,"198-262"
"2120","Finney",-87.55,"Garden City West",1980-11-01,375832100571001,55,0,c(-100.95414, 37.97459),"1980","143-72",-100.95414,37.97459,250.3898163,"198-262"
"2121","Finney",-93.94,"SCOTT CITY 4 NW",1980-01-08,380856100403702,55,0,c(-100.6735592, 38.1516988),"1980","143-72",-100.6735592,38.1516988,25.0887051,"0-65"
"2122","Wichita",-129.7,NA,1980-01-15,383705101151701,203,0,c(-101.257036, 38.618247),"1980","143-72",-101.257036,38.618247,38.6414948,"0-65"
"2123","Wichita",-124.85,"RUSSELL SPRINGS 3 NE",1980-01-15,384114101165701,203,0,c(-101.2836914, 38.6864938),"1980","143-72",-101.2836914,38.6864938,28.8480892,"0-65"
"2124","Finney",-73.38,"TENNIS NE",1980-01-08,380932100511801,55,0,c(-100.856035, 38.159652),"1980","143-72",-100.856035,38.159652,105.1201172,"66-131"
"2125","Finney",-100.4,"GARDEN CITY W",1980-01-15,375449100574301,55,0,c(-100.961144, 37.913344),"1980","143-72",-100.961144,37.913344,296.6975098,"263-328"
"2126","Finney",-102.57,"GARDEN CITY W",1980-04-23,375449100574301,55,0,c(-100.961144, 37.913344),"1980","143-72",-100.961144,37.913344,296.6975098,"263-328"
"2127","Finney",-122.92,"GARDEN CITY W",1980-10-03,375449100574301,55,0,c(-100.961144, 37.913344),"1980","143-72",-100.961144,37.913344,296.6975098,"263-328"
"2128","Scott",-124.62,NA,1980-01-15,383238101052101,171,0,c(-101.0902681, 38.5427698),"1980","143-72",-101.0902681,38.5427698,46.4326401,"0-65"
"2129","Sheridan",-134.99,NA,1980-01-16,392235100270201,179,0,c(-100.4501052, 39.3765553),"1980","143-72",-100.4501052,39.3765553,78.7168198,"66-131"
"2130","Scott",-169.63,NA,1980-01-14,383903101040001,171,0,c(-101.0684382, 38.6487423),"1980","215-144",-101.0684382,38.6487423,17.0382767,"0-65"
"2131","Scott",-165.18,"Pence",1980-01-14,383804101062801,171,0,c(-101.1104506, 38.6342641),"1980","215-144",-101.1104506,38.6342641,14.0242167,"0-65"
"2132","Scott",-141.63,NA,1980-01-15,383633101073401,171,0,c(-101.126832, 38.607977),"1980","143-72",-101.126832,38.607977,26.7528763,"0-65"
"2133","Scott",-142.99,NA,1980-04-21,383633101073401,171,0,c(-101.126832, 38.607977),"1980","143-72",-101.126832,38.607977,26.7528763,"0-65"
"2134","Scott",-96.01,"Shallow Water",1980-01-05,382013100583901,171,0,c(-100.978934, 38.336792),"1980","143-72",-100.978934,38.336792,18.383749,"0-65"
"2135","Scott",-96.03,"Shallow Water",1980-01-10,382013100583901,171,0,c(-100.978934, 38.336792),"1980","143-72",-100.978934,38.336792,18.383749,"0-65"
"2136","Scott",-96.51,"Shallow Water",1980-01-14,382013100583901,171,0,c(-100.978934, 38.336792),"1980","143-72",-100.978934,38.336792,18.383749,"0-65"
"2137","Scott",-96.05,"Shallow Water",1980-01-15,382013100583901,171,0,c(-100.978934, 38.336792),"1980","143-72",-100.978934,38.336792,18.383749,"0-65"
"2138","Scott",-96.07,"Shallow Water",1980-01-20,382013100583901,171,0,c(-100.978934, 38.336792),"1980","143-72",-100.978934,38.336792,18.383749,"0-65"
"2139","Scott",-96.08,"Shallow Water",1980-01-25,382013100583901,171,0,c(-100.978934, 38.336792),"1980","143-72",-100.978934,38.336792,18.383749,"0-65"
"2140","Scott",-96.12,"Shallow Water",1980-01-31,382013100583901,171,0,c(-100.978934, 38.336792),"1980","143-72",-100.978934,38.336792,18.383749,"0-65"
"2141","Scott",-96.13,"Shallow Water",1980-02-05,382013100583901,171,0,c(-100.978934, 38.336792),"1980","143-72",-100.978934,38.336792,18.383749,"0-65"
"2142","Scott",-96.13,"Shallow Water",1980-02-10,382013100583901,171,0,c(-100.978934, 38.336792),"1980","143-72",-100.978934,38.336792,18.383749,"0-65"
"2143","Scott",-96.15,"Shallow Water",1980-02-15,382013100583901,171,0,c(-100.978934, 38.336792),"1980","143-72",-100.978934,38.336792,18.383749,"0-65"
"2144","Scott",-96.23,"Shallow Water",1980-02-20,382013100583901,171,0,c(-100.978934, 38.336792),"1980","143-72",-100.978934,38.336792,18.383749,"0-65"
"2145","Scott",-96.23,"Shallow Water",1980-02-25,382013100583901,171,0,c(-100.978934, 38.336792),"1980","143-72",-100.978934,38.336792,18.383749,"0-65"
"2146","Scott",-96.23,"Shallow Water",1980-03-05,382013100583901,171,0,c(-100.978934, 38.336792),"1980","143-72",-100.978934,38.336792,18.383749,"0-65"
"2147","Scott",-96.23,"Shallow Water",1980-03-10,382013100583901,171,0,c(-100.978934, 38.336792),"1980","143-72",-100.978934,38.336792,18.383749,"0-65"
"2148","Scott",-96.23,"Shallow Water",1980-03-15,382013100583901,171,0,c(-100.978934, 38.336792),"1980","143-72",-100.978934,38.336792,18.383749,"0-65"
"2149","Scott",-96.24,"Shallow Water",1980-03-20,382013100583901,171,0,c(-100.978934, 38.336792),"1980","143-72",-100.978934,38.336792,18.383749,"0-65"
"2150","Scott",-96.23,"Shallow Water",1980-03-25,382013100583901,171,0,c(-100.978934, 38.336792),"1980","143-72",-100.978934,38.336792,18.383749,"0-65"
"2151","Scott",-96.22,"Shallow Water",1980-03-31,382013100583901,171,0,c(-100.978934, 38.336792),"1980","143-72",-100.978934,38.336792,18.383749,"0-65"
"2152","Scott",-96.22,"Shallow Water",1980-04-05,382013100583901,171,0,c(-100.978934, 38.336792),"1980","143-72",-100.978934,38.336792,18.383749,"0-65"
"2153","Scott",-96.22,"Shallow Water",1980-04-10,382013100583901,171,0,c(-100.978934, 38.336792),"1980","143-72",-100.978934,38.336792,18.383749,"0-65"
"2154","Scott",-96.21,"Shallow Water",1980-04-15,382013100583901,171,0,c(-100.978934, 38.336792),"1980","143-72",-100.978934,38.336792,18.383749,"0-65"
"2155","Scott",-96.22,"Shallow Water",1980-04-20,382013100583901,171,0,c(-100.978934, 38.336792),"1980","143-72",-100.978934,38.336792,18.383749,"0-65"
"2156","Scott",-96.42,"Shallow Water",1980-04-22,382013100583901,171,0,c(-100.978934, 38.336792),"1980","143-72",-100.978934,38.336792,18.383749,"0-65"
"2157","Scott",-96.41,"Shallow Water",1980-04-25,382013100583901,171,0,c(-100.978934, 38.336792),"1980","143-72",-100.978934,38.336792,18.383749,"0-65"
"2158","Scott",-96.4,"Shallow Water",1980-04-30,382013100583901,171,0,c(-100.978934, 38.336792),"1980","143-72",-100.978934,38.336792,18.383749,"0-65"
"2159","Scott",-96.47,"Shallow Water",1980-05-05,382013100583901,171,0,c(-100.978934, 38.336792),"1980","143-72",-100.978934,38.336792,18.383749,"0-65"
"2160","Scott",-96.48,"Shallow Water",1980-05-10,382013100583901,171,0,c(-100.978934, 38.336792),"1980","143-72",-100.978934,38.336792,18.383749,"0-65"
"2161","Scott",-96.5,"Shallow Water",1980-05-15,382013100583901,171,0,c(-100.978934, 38.336792),"1980","143-72",-100.978934,38.336792,18.383749,"0-65"
"2162","Scott",-96.51,"Shallow Water",1980-05-20,382013100583901,171,0,c(-100.978934, 38.336792),"1980","143-72",-100.978934,38.336792,18.383749,"0-65"
"2163","Scott",-96.57,"Shallow Water",1980-05-25,382013100583901,171,0,c(-100.978934, 38.336792),"1980","143-72",-100.978934,38.336792,18.383749,"0-65"
"2164","Scott",-96.59,"Shallow Water",1980-06-05,382013100583901,171,0,c(-100.978934, 38.336792),"1980","143-72",-100.978934,38.336792,18.383749,"0-65"
"2165","Scott",-96.62,"Shallow Water",1980-06-10,382013100583901,171,0,c(-100.978934, 38.336792),"1980","143-72",-100.978934,38.336792,18.383749,"0-65"
"2166","Scott",-96.62,"Shallow Water",1980-06-15,382013100583901,171,0,c(-100.978934, 38.336792),"1980","143-72",-100.978934,38.336792,18.383749,"0-65"
"2167","Scott",-96.56,"Shallow Water",1980-06-20,382013100583901,171,0,c(-100.978934, 38.336792),"1980","143-72",-100.978934,38.336792,18.383749,"0-65"
"2168","Scott",-96.64,"Shallow Water",1980-06-25,382013100583901,171,0,c(-100.978934, 38.336792),"1980","143-72",-100.978934,38.336792,18.383749,"0-65"
"2169","Scott",-96.68,"Shallow Water",1980-06-30,382013100583901,171,0,c(-100.978934, 38.336792),"1980","143-72",-100.978934,38.336792,18.383749,"0-65"
"2170","Scott",-96.68,"Shallow Water",1980-07-05,382013100583901,171,0,c(-100.978934, 38.336792),"1980","143-72",-100.978934,38.336792,18.383749,"0-65"
"2171","Scott",-96.68,"Shallow Water",1980-07-10,382013100583901,171,0,c(-100.978934, 38.336792),"1980","143-72",-100.978934,38.336792,18.383749,"0-65"
"2172","Scott",-96.69,"Shallow Water",1980-07-15,382013100583901,171,0,c(-100.978934, 38.336792),"1980","143-72",-100.978934,38.336792,18.383749,"0-65"
"2173","Scott",-96.72,"Shallow Water",1980-07-20,382013100583901,171,0,c(-100.978934, 38.336792),"1980","143-72",-100.978934,38.336792,18.383749,"0-65"
"2174","Scott",-96.68,"Shallow Water",1980-07-25,382013100583901,171,0,c(-100.978934, 38.336792),"1980","143-72",-100.978934,38.336792,18.383749,"0-65"
"2175","Scott",-96.7,"Shallow Water",1980-07-31,382013100583901,171,0,c(-100.978934, 38.336792),"1980","143-72",-100.978934,38.336792,18.383749,"0-65"
"2176","Scott",-96.71,"Shallow Water",1980-08-05,382013100583901,171,0,c(-100.978934, 38.336792),"1980","143-72",-100.978934,38.336792,18.383749,"0-65"
"2177","Scott",-96.72,"Shallow Water",1980-08-10,382013100583901,171,0,c(-100.978934, 38.336792),"1980","143-72",-100.978934,38.336792,18.383749,"0-65"
"2178","Scott",-96.63,"Shallow Water",1980-08-15,382013100583901,171,0,c(-100.978934, 38.336792),"1980","143-72",-100.978934,38.336792,18.383749,"0-65"
"2179","Scott",-96.74,"Shallow Water",1980-08-20,382013100583901,171,0,c(-100.978934, 38.336792),"1980","143-72",-100.978934,38.336792,18.383749,"0-65"
"2180","Scott",-96.77,"Shallow Water",1980-08-25,382013100583901,171,0,c(-100.978934, 38.336792),"1980","143-72",-100.978934,38.336792,18.383749,"0-65"
"2181","Scott",-96.77,"Shallow Water",1980-08-31,382013100583901,171,0,c(-100.978934, 38.336792),"1980","143-72",-100.978934,38.336792,18.383749,"0-65"
"2182","Scott",-96.78,"Shallow Water",1980-09-05,382013100583901,171,0,c(-100.978934, 38.336792),"1980","143-72",-100.978934,38.336792,18.383749,"0-65"
"2183","Scott",-96.8,"Shallow Water",1980-09-10,382013100583901,171,0,c(-100.978934, 38.336792),"1980","143-72",-100.978934,38.336792,18.383749,"0-65"
"2184","Scott",-96.8,"Shallow Water",1980-09-15,382013100583901,171,0,c(-100.978934, 38.336792),"1980","143-72",-100.978934,38.336792,18.383749,"0-65"
"2185","Scott",-96.82,"Shallow Water",1980-09-20,382013100583901,171,0,c(-100.978934, 38.336792),"1980","143-72",-100.978934,38.336792,18.383749,"0-65"
"2186","Scott",-96.82,"Shallow Water",1980-09-25,382013100583901,171,0,c(-100.978934, 38.336792),"1980","143-72",-100.978934,38.336792,18.383749,"0-65"
"2187","Scott",-96.84,"Shallow Water",1980-09-30,382013100583901,171,0,c(-100.978934, 38.336792),"1980","143-72",-100.978934,38.336792,18.383749,"0-65"
"2188","Scott",-96.84,"Shallow Water",1980-10-01,382013100583901,171,0,c(-100.978934, 38.336792),"1980","143-72",-100.978934,38.336792,18.383749,"0-65"
"2189","Scott",-96.9,"Shallow Water",1980-11-01,382013100583901,171,0,c(-100.978934, 38.336792),"1980","143-72",-100.978934,38.336792,18.383749,"0-65"
"2190","Scott",-96.95,"Shallow Water",1980-12-01,382013100583901,171,0,c(-100.978934, 38.336792),"1980","143-72",-100.978934,38.336792,18.383749,"0-65"
"2191","Finney",-91.64,"TENNIS",1980-01-14,380801100554801,55,0,c(-100.930488, 38.133423),"1980","143-72",-100.930488,38.133423,56.8953171,"0-65"
"2192","Scott",-117.2,NA,1980-01-30,382105100592901,171,0,c(-100.992381, 38.3514666),"1980","143-72",-100.992381,38.3514666,26.224369,"0-65"
"2193","Lane",-83.7,"Shields",1980-01-14,383222100283401,101,0,c(-100.477317, 38.539916),"1980","143-72",-100.477317,38.539916,42.2736778,"0-65"
"2194","Reno",-8.97,"Sylvia",1980-01-01,375457098281801,155,0,c(-98.471943, 37.916271),"1980","71-0",-98.471943,37.916271,86.2087708,"66-131"
"2195","Reno",-8,"Sylvia",1980-05-08,375457098281801,155,0,c(-98.471943, 37.916271),"1980","71-0",-98.471943,37.916271,86.2087708,"66-131"
"2196","Hamilton",-15.36,"Kendall",1980-01-14,375643101355001,75,0,c(-101.5968461, 37.9462641),"1980","71-0",-101.5968461,37.9462641,NA,NA
"2197","Thomas",-112.88,NA,1980-01-10,391243100540101,193,0,c(-100.9015249, 39.2128143),"1980","143-72",-100.9015249,39.2128143,61.5076675,"0-65"
"2198","Stevens",-110.75,NA,1980-01-16,370356101193901,189,0,c(-101.3284576, 37.0657495),"1980","143-72",-101.3284576,37.0657495,377.5151672,"328-393"
"2199","Finney",-133.15,"LOWE",1980-01-15,380102100575101,55,0,c(-100.9648661, 38.0178719),"1980","143-72",-100.9648661,38.0178719,217.9598083,"198-262"
"2200","Kearny",-54.21,"Deerfield",1980-01-10,375828101103101,93,0,c(-101.175236, 37.973841),"1980","71-0",-101.175236,37.973841,255.8293915,"198-262"
"2201","Haskell",-319.89,NA,1980-01-08,373241100542201,81,0,c(-100.8993664, 37.5412214),"1980","359-288",-100.8993664,37.5412214,210.2771606,"198-262"
"2202","Kearny",-188.74,"Mattox Draw SW",1980-01-09,380510101231101,93,0,c(-101.3858507, 38.086114),"1980","215-144",-101.3858507,38.086114,41.771286,"0-65"
"2203","Kearny",-198.95,"Mattox Draw SW",1980-04-30,380510101231101,93,0,c(-101.3858507, 38.086114),"1980","215-144",-101.3858507,38.086114,41.771286,"0-65"
"2204","Osborne",-18.3,NA,1980-03-06,392710099010001,141,0,c(-99.0166949, 39.4525011),"1980","71-0",-99.0166949,39.4525011,NA,NA
"2205","Kiowa",-57.05,"HAVILAND",1980-01-21,373809099080001,97,0,c(-99.137202, 37.637451),"1980","71-0",-99.137202,37.637451,117.2328186,"66-131"
"2206","Osborne",-34.5,NA,1980-03-06,392637098481101,141,0,c(-98.8047064, 39.4439815),"1980","71-0",-98.8047064,39.4439815,NA,NA
"2207","Harvey",-25.12,NA,1980-01-01,380048097362501,79,0,c(-97.609134, 38.0132577),"1980","71-0",-97.609134,38.0132577,216.2524719,"198-262"
"2208","Harvey",-24.39,NA,1980-04-01,380048097362501,79,0,c(-97.609134, 38.0132577),"1980","71-0",-97.609134,38.0132577,216.2524719,"198-262"
"2209","Harvey",-26.35,NA,1980-07-01,380048097362501,79,0,c(-97.609134, 38.0132577),"1980","71-0",-97.609134,38.0132577,216.2524719,"198-262"
"2210","Harvey",-28.77,NA,1980-10-01,380048097362501,79,0,c(-97.609134, 38.0132577),"1980","71-0",-97.609134,38.0132577,216.2524719,"198-262"
"2211","Greeley",-113.24,NA,1980-01-15,384159101420801,71,0,c(-101.7026324, 38.6977485),"1980","143-72",-101.7026324,38.6977485,40.4877396,"0-65"
"2212","Pawnee",-55.3,"Rozel",1980-03-20,380930099263001,145,0,c(-99.44245, 38.16074),"1980","71-0",-99.44245,38.16074,26.817009,"0-65"
"2213","Pawnee",-62.8,"Rozel",1980-07-02,380930099263001,145,0,c(-99.44245, 38.16074),"1980","71-0",-99.44245,38.16074,26.817009,"0-65"
"2214","Pawnee",-107.21,"Rozel",1980-09-18,380930099263001,145,0,c(-99.44245, 38.16074),"1980","143-72",-99.44245,38.16074,26.817009,"0-65"
"2215","Pawnee",-63.94,"Rozel",1980-12-30,380930099263001,145,0,c(-99.44245, 38.16074),"1980","71-0",-99.44245,38.16074,26.817009,"0-65"
"2216","Edwards",-33.4,"Centerview",1980-01-01,374618099215101,47,0,c(-99.3649653, 37.7767792),"1980","71-0",-99.3649653,37.7767792,136.0207062,"132-197"
"2217","Edwards",-33.44,"Centerview",1980-01-21,374618099215101,47,0,c(-99.3649653, 37.7767792),"1980","71-0",-99.3649653,37.7767792,136.0207062,"132-197"
"2218","Kiowa",-97.29,"GREENSBURG NW",1980-09-15,373729099224501,97,0,c(-99.380927, 37.627169),"1980","143-72",-99.380927,37.627169,85.9311523,"66-131"
"2219","Pawnee",-41.17,"Rozel",1980-01-22,381120099241101,145,0,c(-99.405542, 38.190315),"1980","71-0",-99.405542,38.190315,69.6588135,"66-131"
"2220","Rush",-32.53,"Timken",1980-03-20,382848099104601,165,0,c(-99.179638, 38.479433),"1980","71-0",-99.179638,38.479433,25,"0-65"
"2221","Rush",-32.19,"Timken",1980-07-02,382848099104601,165,0,c(-99.179638, 38.479433),"1980","71-0",-99.179638,38.479433,25,"0-65"
"2222","Rush",-32.93,"Timken",1980-09-18,382848099104601,165,0,c(-99.179638, 38.479433),"1980","71-0",-99.179638,38.479433,25,"0-65"
"2223","Rush",-33.8,"Timken",1980-12-30,382848099104601,165,0,c(-99.179638, 38.479433),"1980","71-0",-99.179638,38.479433,25,"0-65"
"2224","Osborne",-21.1,NA,1980-03-06,392806098525101,141,0,c(-98.8798867, 39.4688269),"1980","71-0",-98.8798867,39.4688269,NA,NA
"2225","Osborne",-39.9,NA,1980-03-06,392643098434001,141,0,c(-98.7303113, 39.4463979),"1980","71-0",-98.7303113,39.4463979,NA,NA
"2226","Kiowa",-113.06,NA,1980-01-21,373427099265001,97,0,c(-99.4403754, 37.5742542),"1980","143-72",-99.4403754,37.5742542,48.221283,"0-65"
"2227","Rush",-28.81,NA,1980-03-20,382835099341201,165,0,c(-99.5683054, 38.4774663),"1980","71-0",-99.5683054,38.4774663,NA,NA
"2228","Rush",-27.45,NA,1980-07-02,382835099341201,165,0,c(-99.5683054, 38.4774663),"1980","71-0",-99.5683054,38.4774663,NA,NA
"2229","Rush",-31.65,NA,1980-09-19,382835099341201,165,0,c(-99.5683054, 38.4774663),"1980","71-0",-99.5683054,38.4774663,NA,NA
"2230","Rush",-30.9,NA,1980-12-30,382835099341201,165,0,c(-99.5683054, 38.4774663),"1980","71-0",-99.5683054,38.4774663,NA,NA
"2231","Graham",-38.9,"HILL CITY 2 NE",1980-12-18,392611099493301,65,0,c(-99.8252499, 39.4365576),"1980","71-0",-99.8252499,39.4365576,28.7232895,"0-65"
"2232","Sheridan",-136.88,"Grinnell NE",1980-01-18,391452100313401,179,0,c(-100.526381, 39.248101),"1980","143-72",-100.526381,39.248101,67.8131104,"66-131"
"2233","Hamilton",-91.65,"Syracuse East SE",1980-01-14,375149101341601,75,0,c(-101.570249, 37.864775),"1980","143-72",-101.570249,37.864775,10,"0-65"
"2234","Stafford",-25.27,NA,1980-01-22,375223098395801,185,0,c(-98.6655533, 37.874381),"1980","71-0",-98.6655533,37.874381,141.7246094,"132-197"
"2235","Stafford",-12.64,"Preston",1980-01-22,375117098350901,185,0,c(-98.58671, 37.856958),"1980","71-0",-98.58671,37.856958,145.4901428,"132-197"
"2236","Pratt",-3.2,"Coats NE",1980-01-01,373857098464301,151,0,c(-98.7792501, 37.6482249),"1980","71-0",-98.7792501,37.6482249,134.3578796,"132-197"
"2237","Pratt",-3.2,"Coats NE",1980-01-23,373857098464301,151,0,c(-98.7792501, 37.6482249),"1980","71-0",-98.7792501,37.6482249,134.3578796,"132-197"
"2238","Harvey",-31.11,"Halstead",1980-01-30,380318097364301,79,0,c(-97.6150245, 38.0541626),"1980","71-0",-97.6150245,38.0541626,218.3804321,"198-262"
"2239","Hamilton",-52.19,"Syracuse East",1980-01-14,375416101394401,75,0,c(-101.6633752, 37.9052491),"1980","71-0",-101.6633752,37.9052491,10,"0-65"
"2240","Morton",-135.09,"Richfield",1980-01-16,372135101491101,129,0,c(-101.818514, 37.359855),"1980","143-72",-101.818514,37.359855,10,"0-65"
"2241","Finney",-149.37,NA,1980-01-17,374533101045801,55,0,c(-101.0830715, 37.7604372),"1980","215-144",-101.0830715,37.7604372,220.5384827,"198-262"
"2242","Hamilton",-197.59,"North of Sand Creek",1980-01-14,381422101385501,75,0,c(-101.648947, 38.240487),"1980","215-144",-101.648947,38.240487,10,"0-65"
"2243","Sherman",-147,"Bird City South SW",1980-01-09,393225101401201,181,0,c(-101.669549, 39.540097),"1980","215-144",-101.669549,39.540097,174.1285706,"132-197"
"2244","Reno",-4.86,"HUTCHINSON SE",1980-01-30,380021097482801,155,0,c(-97.8072633, 38.0029793),"1980","71-0",-97.8072633,38.0029793,203.968811,"198-262"
"2245","Pawnee",-28.71,NA,1980-01-23,380242099002501,145,0,c(-99.0084413, 38.0474144),"1980","71-0",-99.0084413,38.0474144,62.7960205,"0-65"
"2246","Pratt",-15.2,"Preston",1980-01-22,374526098331501,151,0,c(-98.555443, 37.7585),"1980","71-0",-98.555443,37.7585,159.7101746,"132-197"
"2247","Morton",-88.09,NA,1980-01-16,371827101493501,129,0,c(-101.8275968, 37.3062329),"1980","143-72",-101.8275968,37.3062329,10,"0-65"
"2248","Harvey",-29,NA,1980-01-01,380139097341401,79,0,c(-97.5736443, 38.0281788),"1980","71-0",-97.5736443,38.0281788,201.8447571,"198-262"
"2249","Harvey",-31.5,NA,1980-03-01,380139097341401,79,0,c(-97.5736443, 38.0281788),"1980","71-0",-97.5736443,38.0281788,201.8447571,"198-262"
"2250","Harvey",-33,NA,1980-04-01,380139097341401,79,0,c(-97.5736443, 38.0281788),"1980","71-0",-97.5736443,38.0281788,201.8447571,"198-262"
"2251","Harvey",-31.5,NA,1980-05-01,380139097341401,79,0,c(-97.5736443, 38.0281788),"1980","71-0",-97.5736443,38.0281788,201.8447571,"198-262"
"2252","Harvey",-37.88,NA,1980-08-01,380139097341401,79,0,c(-97.5736443, 38.0281788),"1980","71-0",-97.5736443,38.0281788,201.8447571,"198-262"
"2253","Harvey",-98.58,NA,1980-09-01,380139097341401,79,0,c(-97.5736443, 38.0281788),"1980","143-72",-97.5736443,38.0281788,201.8447571,"198-262"
"2254","Harvey",-39.01,NA,1980-10-01,380139097341401,79,0,c(-97.5736443, 38.0281788),"1980","71-0",-97.5736443,38.0281788,201.8447571,"198-262"
"2255","Harvey",-95.68,NA,1980-11-01,380139097341401,79,0,c(-97.5736443, 38.0281788),"1980","143-72",-97.5736443,38.0281788,201.8447571,"198-262"
"2256","Harvey",-100.26,NA,1980-12-01,380139097341401,79,0,c(-97.5736443, 38.0281788),"1980","143-72",-97.5736443,38.0281788,201.8447571,"198-262"
"2257","Pratt",-28.4,NA,1980-01-21,374406098552901,151,0,c(-98.9265928, 37.7367442),"1980","71-0",-98.9265928,37.7367442,188.9709015,"132-197"
"2258","Reno",-24.52,"Cunningham",1980-01-23,374439098262101,155,0,c(-98.44253, 37.743601),"1980","71-0",-98.44253,37.743601,100.2826462,"66-131"
"2259","Morton",-168.67,NA,1980-01-17,372243101364301,129,0,c(-101.6134312, 37.3811993),"1980","215-144",-101.6134312,37.3811993,46.123085,"0-65"
"2260","Stafford",-10.59,"Saint John North",1980-03-20,380333098465901,185,0,c(-98.78435, 38.060397),"1980","71-0",-98.78435,38.060397,98.555603,"66-131"
"2261","Stafford",-9.69,"Saint John North",1980-06-26,380333098465901,185,0,c(-98.78435, 38.060397),"1980","71-0",-98.78435,38.060397,98.555603,"66-131"
"2262","Stafford",-11.74,"Saint John North",1980-09-18,380333098465901,185,0,c(-98.78435, 38.060397),"1980","71-0",-98.78435,38.060397,98.555603,"66-131"
"2263","Finney",-62.04,NA,1980-01-04,380333100143301,55,0,c(-100.2431943, 38.0599312),"1980","71-0",-100.2431943,38.0599312,NA,NA
"2264","Finney",-62.12,NA,1980-04-15,380333100143301,55,0,c(-100.2431943, 38.0599312),"1980","71-0",-100.2431943,38.0599312,NA,NA
"2265","Finney",-62.23,NA,1980-07-14,380333100143301,55,0,c(-100.2431943, 38.0599312),"1980","71-0",-100.2431943,38.0599312,NA,NA
"2266","Finney",-62.23,NA,1980-10-02,380333100143301,55,0,c(-100.2431943, 38.0599312),"1980","71-0",-100.2431943,38.0599312,NA,NA
"2267","Reno",-17.02,"Langdon",1980-01-23,375030098203901,155,0,c(-98.344951, 37.841723),"1980","71-0",-98.344951,37.841723,65.4249725,"0-65"
"2268","Harvey",-12.35,NA,1980-01-31,375929097232501,79,0,c(-97.39146, 37.9912303),"1980","71-0",-97.39146,37.9912303,11.9320526,"0-65"
"2269","Sheridan",-128.64,NA,1980-01-17,391459100220801,179,0,c(-100.3697009, 39.2498277),"1980","143-72",-100.3697009,39.2498277,71.2951508,"66-131"
"2270","Graham",-95.65,"HILL CITY 2 SE",1980-12-18,391545099493701,65,0,c(-99.8276314, 39.2620636),"1980","143-72",-99.8276314,39.2620636,25,"0-65"
"2271","Lane",-86.28,"Alamota",1980-01-14,382857100154501,101,0,c(-100.264012, 38.480699),"1980","143-72",-100.264012,38.480699,10,"0-65"
"2272","Lane",-86.26,"Alamota",1980-04-15,382857100154501,101,0,c(-100.264012, 38.480699),"1980","143-72",-100.264012,38.480699,10,"0-65"
"2273","Lane",-85.53,"Alamota",1980-07-14,382857100154501,101,0,c(-100.264012, 38.480699),"1980","143-72",-100.264012,38.480699,10,"0-65"
"2274","Lane",-86.3,"Alamota",1980-10-02,382857100154501,101,0,c(-100.264012, 38.480699),"1980","143-72",-100.264012,38.480699,10,"0-65"
"2275","Reno",-22.1,NA,1980-01-23,374735098170001,155,0,c(-98.2870384, 37.7944718),"1980","71-0",-98.2870384,37.7944718,56.9220352,"0-65"
"2276","Reno",-25.64,"Penalosa",1980-01-23,374412098170901,155,0,c(-98.287639, 37.737516),"1980","71-0",-98.287639,37.737516,106.2023621,"66-131"
"2277","Douglas",-13.55,"MIDLAND",1980-03-06,390105095142901,45,0,c(-95.240995, 39.0196602),"1980","71-0",-95.240995,39.0196602,NA,NA
"2278","Douglas",-11.4,"MIDLAND",1980-06-03,390105095142901,45,0,c(-95.240995, 39.0196602),"1980","71-0",-95.240995,39.0196602,NA,NA
"2279","Douglas",-15.18,"MIDLAND",1980-09-08,390105095142901,45,0,c(-95.240995, 39.0196602),"1980","71-0",-95.240995,39.0196602,NA,NA
"2280","Douglas",-15.2,"MIDLAND",1980-12-17,390105095142901,45,0,c(-95.240995, 39.0196602),"1980","71-0",-95.240995,39.0196602,NA,NA
"2281","Shawnee",-25.78,NA,1980-03-12,390433095424002,177,0,c(-95.7119544, 39.0779214),"1980","71-0",-95.7119544,39.0779214,NA,NA
"2282","Shawnee",-25.15,NA,1980-06-06,390433095424002,177,0,c(-95.7119544, 39.0779214),"1980","71-0",-95.7119544,39.0779214,NA,NA
"2283","Shawnee",-26.83,NA,1980-09-12,390433095424002,177,0,c(-95.7119544, 39.0779214),"1980","71-0",-95.7119544,39.0779214,NA,NA
"2284","Shawnee",-26.97,NA,1980-12-09,390433095424002,177,0,c(-95.7119544, 39.0779214),"1980","71-0",-95.7119544,39.0779214,NA,NA
"2285","Shawnee",-26.34,NA,1980-03-06,390420095401101,177,0,c(-95.6706588, 39.0745039),"1980","71-0",-95.6706588,39.0745039,NA,NA
"2286","Shawnee",-25.22,NA,1980-06-06,390420095401101,177,0,c(-95.6706588, 39.0745039),"1980","71-0",-95.6706588,39.0745039,NA,NA
"2287","Shawnee",-26.52,NA,1980-09-12,390420095401101,177,0,c(-95.6706588, 39.0745039),"1980","71-0",-95.6706588,39.0745039,NA,NA
"2288","Shawnee",-27.16,NA,1980-12-09,390420095401101,177,0,c(-95.6706588, 39.0745039),"1980","71-0",-95.6706588,39.0745039,NA,NA
"2289","Shawnee",-32.32,NA,1980-03-12,390525095414301,177,0,c(-95.6955893, 39.092218),"1980","71-0",-95.6955893,39.092218,NA,NA
"2290","Shawnee",-30.78,NA,1980-06-06,390525095414301,177,0,c(-95.6955893, 39.092218),"1980","71-0",-95.6955893,39.092218,NA,NA
"2291","Shawnee",-30.98,NA,1980-09-12,390525095414301,177,0,c(-95.6955893, 39.092218),"1980","71-0",-95.6955893,39.092218,NA,NA
"2292","Shawnee",-31,NA,1980-12-09,390525095414301,177,0,c(-95.6955893, 39.092218),"1980","71-0",-95.6955893,39.092218,NA,NA
"2293","Jefferson",-22.35,NA,1980-03-06,390334095195801,87,0,c(-95.3321632, 39.0611172),"1980","71-0",-95.3321632,39.0611172,NA,NA
"2294","Jefferson",-20,NA,1980-06-03,390334095195801,87,0,c(-95.3321632, 39.0611172),"1980","71-0",-95.3321632,39.0611172,NA,NA
"2295","Jefferson",-22.6,NA,1980-09-09,390334095195801,87,0,c(-95.3321632, 39.0611172),"1980","71-0",-95.3321632,39.0611172,NA,NA
"2296","Jefferson",-21.94,NA,1980-12-17,390334095195801,87,0,c(-95.3321632, 39.0611172),"1980","71-0",-95.3321632,39.0611172,NA,NA
"2297","Jefferson",-12.18,NA,1980-03-06,390617095255301,87,0,c(-95.4321987, 39.1061515),"1980","71-0",-95.4321987,39.1061515,NA,NA
"2298","Jefferson",-10.52,NA,1980-06-03,390617095255301,87,0,c(-95.4321987, 39.1061515),"1980","71-0",-95.4321987,39.1061515,NA,NA
"2299","Jefferson",-13.44,NA,1980-09-09,390617095255301,87,0,c(-95.4321987, 39.1061515),"1980","71-0",-95.4321987,39.1061515,NA,NA
"2300","Jefferson",-12.3,NA,1980-12-17,390617095255301,87,0,c(-95.4321987, 39.1061515),"1980","71-0",-95.4321987,39.1061515,NA,NA
"2301","Shawnee",-21.95,NA,1980-03-12,390433095413401,177,0,c(-95.6933967, 39.0780454),"1980","71-0",-95.6933967,39.0780454,NA,NA
"2302","Shawnee",-20.22,NA,1980-06-06,390433095413401,177,0,c(-95.6933967, 39.0780454),"1980","71-0",-95.6933967,39.0780454,NA,NA
"2303","Shawnee",-22.05,NA,1980-09-12,390433095413401,177,0,c(-95.6933967, 39.0780454),"1980","71-0",-95.6933967,39.0780454,NA,NA
"2304","Shawnee",-22.48,NA,1980-12-09,390433095413401,177,0,c(-95.6933967, 39.0780454),"1980","71-0",-95.6933967,39.0780454,NA,NA
"2305","Pottawatomie",-22.72,NA,1980-01-05,391226096084501,149,0,c(-96.1462641, 39.2069937),"1980","71-0",-96.1462641,39.2069937,NA,NA
"2306","Pottawatomie",-22.75,NA,1980-01-10,391226096084501,149,0,c(-96.1462641, 39.2069937),"1980","71-0",-96.1462641,39.2069937,NA,NA
"2307","Pottawatomie",-22.78,NA,1980-01-15,391226096084501,149,0,c(-96.1462641, 39.2069937),"1980","71-0",-96.1462641,39.2069937,NA,NA
"2308","Pottawatomie",-22.82,NA,1980-01-20,391226096084501,149,0,c(-96.1462641, 39.2069937),"1980","71-0",-96.1462641,39.2069937,NA,NA
"2309","Pottawatomie",-22.84,NA,1980-01-25,391226096084501,149,0,c(-96.1462641, 39.2069937),"1980","71-0",-96.1462641,39.2069937,NA,NA
"2310","Pottawatomie",-22.87,NA,1980-01-31,391226096084501,149,0,c(-96.1462641, 39.2069937),"1980","71-0",-96.1462641,39.2069937,NA,NA
"2311","Pottawatomie",-22.88,NA,1980-02-05,391226096084501,149,0,c(-96.1462641, 39.2069937),"1980","71-0",-96.1462641,39.2069937,NA,NA
"2312","Pottawatomie",-22.85,NA,1980-02-10,391226096084501,149,0,c(-96.1462641, 39.2069937),"1980","71-0",-96.1462641,39.2069937,NA,NA
"2313","Pottawatomie",-22.8,NA,1980-02-15,391226096084501,149,0,c(-96.1462641, 39.2069937),"1980","71-0",-96.1462641,39.2069937,NA,NA
"2314","Pottawatomie",-22.77,NA,1980-02-20,391226096084501,149,0,c(-96.1462641, 39.2069937),"1980","71-0",-96.1462641,39.2069937,NA,NA
"2315","Pottawatomie",-22.73,NA,1980-02-25,391226096084501,149,0,c(-96.1462641, 39.2069937),"1980","71-0",-96.1462641,39.2069937,NA,NA
"2316","Pottawatomie",-22.62,NA,1980-03-05,391226096084501,149,0,c(-96.1462641, 39.2069937),"1980","71-0",-96.1462641,39.2069937,NA,NA
"2317","Pottawatomie",-22.55,NA,1980-03-10,391226096084501,149,0,c(-96.1462641, 39.2069937),"1980","71-0",-96.1462641,39.2069937,NA,NA
"2318","Pottawatomie",-22.65,NA,1980-03-12,391226096084501,149,0,c(-96.1462641, 39.2069937),"1980","71-0",-96.1462641,39.2069937,NA,NA
"2319","Pottawatomie",-22.65,NA,1980-03-15,391226096084501,149,0,c(-96.1462641, 39.2069937),"1980","71-0",-96.1462641,39.2069937,NA,NA
"2320","Pottawatomie",-22.65,NA,1980-03-20,391226096084501,149,0,c(-96.1462641, 39.2069937),"1980","71-0",-96.1462641,39.2069937,NA,NA
"2321","Pottawatomie",-22.68,NA,1980-03-25,391226096084501,149,0,c(-96.1462641, 39.2069937),"1980","71-0",-96.1462641,39.2069937,NA,NA
"2322","Pottawatomie",-22.62,NA,1980-03-31,391226096084501,149,0,c(-96.1462641, 39.2069937),"1980","71-0",-96.1462641,39.2069937,NA,NA
"2323","Pottawatomie",-22.37,NA,1980-04-05,391226096084501,149,0,c(-96.1462641, 39.2069937),"1980","71-0",-96.1462641,39.2069937,NA,NA
"2324","Pottawatomie",-22.03,NA,1980-04-10,391226096084501,149,0,c(-96.1462641, 39.2069937),"1980","71-0",-96.1462641,39.2069937,NA,NA
"2325","Pottawatomie",-21.75,NA,1980-04-15,391226096084501,149,0,c(-96.1462641, 39.2069937),"1980","71-0",-96.1462641,39.2069937,NA,NA
"2326","Pottawatomie",-21.48,NA,1980-04-20,391226096084501,149,0,c(-96.1462641, 39.2069937),"1980","71-0",-96.1462641,39.2069937,NA,NA
"2327","Pottawatomie",-21.26,NA,1980-04-25,391226096084501,149,0,c(-96.1462641, 39.2069937),"1980","71-0",-96.1462641,39.2069937,NA,NA
"2328","Pottawatomie",-21.16,NA,1980-04-30,391226096084501,149,0,c(-96.1462641, 39.2069937),"1980","71-0",-96.1462641,39.2069937,NA,NA
"2329","Pottawatomie",-21.13,NA,1980-05-05,391226096084501,149,0,c(-96.1462641, 39.2069937),"1980","71-0",-96.1462641,39.2069937,NA,NA
"2330","Pottawatomie",-21.12,NA,1980-05-10,391226096084501,149,0,c(-96.1462641, 39.2069937),"1980","71-0",-96.1462641,39.2069937,NA,NA
"2331","Pottawatomie",-21.23,NA,1980-05-15,391226096084501,149,0,c(-96.1462641, 39.2069937),"1980","71-0",-96.1462641,39.2069937,NA,NA
"2332","Pottawatomie",-21.27,NA,1980-05-20,391226096084501,149,0,c(-96.1462641, 39.2069937),"1980","71-0",-96.1462641,39.2069937,NA,NA
"2333","Pottawatomie",-21.32,NA,1980-05-25,391226096084501,149,0,c(-96.1462641, 39.2069937),"1980","71-0",-96.1462641,39.2069937,NA,NA
"2334","Pottawatomie",-21.42,NA,1980-05-31,391226096084501,149,0,c(-96.1462641, 39.2069937),"1980","71-0",-96.1462641,39.2069937,NA,NA
"2335","Pottawatomie",-21.31,NA,1980-06-05,391226096084501,149,0,c(-96.1462641, 39.2069937),"1980","71-0",-96.1462641,39.2069937,NA,NA
"2336","Pottawatomie",-21.25,NA,1980-06-06,391226096084501,149,0,c(-96.1462641, 39.2069937),"1980","71-0",-96.1462641,39.2069937,NA,NA
"2337","Pottawatomie",-21.23,NA,1980-06-10,391226096084501,149,0,c(-96.1462641, 39.2069937),"1980","71-0",-96.1462641,39.2069937,NA,NA
"2338","Pottawatomie",-21.2,NA,1980-06-15,391226096084501,149,0,c(-96.1462641, 39.2069937),"1980","71-0",-96.1462641,39.2069937,NA,NA
"2339","Pottawatomie",-21.3,NA,1980-06-20,391226096084501,149,0,c(-96.1462641, 39.2069937),"1980","71-0",-96.1462641,39.2069937,NA,NA
"2340","Pottawatomie",-21.44,NA,1980-06-25,391226096084501,149,0,c(-96.1462641, 39.2069937),"1980","71-0",-96.1462641,39.2069937,NA,NA
"2341","Pottawatomie",-21.72,NA,1980-06-30,391226096084501,149,0,c(-96.1462641, 39.2069937),"1980","71-0",-96.1462641,39.2069937,NA,NA
"2342","Pottawatomie",-22.04,NA,1980-07-05,391226096084501,149,0,c(-96.1462641, 39.2069937),"1980","71-0",-96.1462641,39.2069937,NA,NA
"2343","Pottawatomie",-22.44,NA,1980-07-10,391226096084501,149,0,c(-96.1462641, 39.2069937),"1980","71-0",-96.1462641,39.2069937,NA,NA
"2344","Pottawatomie",-22.85,NA,1980-07-15,391226096084501,149,0,c(-96.1462641, 39.2069937),"1980","71-0",-96.1462641,39.2069937,NA,NA
"2345","Pottawatomie",-23.25,NA,1980-07-20,391226096084501,149,0,c(-96.1462641, 39.2069937),"1980","71-0",-96.1462641,39.2069937,NA,NA
"2346","Pottawatomie",-23.54,NA,1980-07-25,391226096084501,149,0,c(-96.1462641, 39.2069937),"1980","71-0",-96.1462641,39.2069937,NA,NA
"2347","Pottawatomie",-23.75,NA,1980-07-31,391226096084501,149,0,c(-96.1462641, 39.2069937),"1980","71-0",-96.1462641,39.2069937,NA,NA
"2348","Pottawatomie",-23.96,NA,1980-08-05,391226096084501,149,0,c(-96.1462641, 39.2069937),"1980","71-0",-96.1462641,39.2069937,NA,NA
"2349","Pottawatomie",-23.94,NA,1980-08-10,391226096084501,149,0,c(-96.1462641, 39.2069937),"1980","71-0",-96.1462641,39.2069937,NA,NA
"2350","Pottawatomie",-23.95,NA,1980-08-15,391226096084501,149,0,c(-96.1462641, 39.2069937),"1980","71-0",-96.1462641,39.2069937,NA,NA
"2351","Pottawatomie",-23.97,NA,1980-08-20,391226096084501,149,0,c(-96.1462641, 39.2069937),"1980","71-0",-96.1462641,39.2069937,NA,NA
"2352","Pottawatomie",-24.01,NA,1980-08-25,391226096084501,149,0,c(-96.1462641, 39.2069937),"1980","71-0",-96.1462641,39.2069937,NA,NA
"2353","Pottawatomie",-24.06,NA,1980-08-31,391226096084501,149,0,c(-96.1462641, 39.2069937),"1980","71-0",-96.1462641,39.2069937,NA,NA
"2354","Pottawatomie",-24.12,NA,1980-09-05,391226096084501,149,0,c(-96.1462641, 39.2069937),"1980","71-0",-96.1462641,39.2069937,NA,NA
"2355","Pottawatomie",-24.17,NA,1980-09-10,391226096084501,149,0,c(-96.1462641, 39.2069937),"1980","71-0",-96.1462641,39.2069937,NA,NA
"2356","Pottawatomie",-24.21,NA,1980-09-12,391226096084501,149,0,c(-96.1462641, 39.2069937),"1980","71-0",-96.1462641,39.2069937,NA,NA
"2357","Pottawatomie",-24.22,NA,1980-09-15,391226096084501,149,0,c(-96.1462641, 39.2069937),"1980","71-0",-96.1462641,39.2069937,NA,NA
"2358","Pottawatomie",-24.25,NA,1980-09-20,391226096084501,149,0,c(-96.1462641, 39.2069937),"1980","71-0",-96.1462641,39.2069937,NA,NA
"2359","Pottawatomie",-24.3,NA,1980-09-25,391226096084501,149,0,c(-96.1462641, 39.2069937),"1980","71-0",-96.1462641,39.2069937,NA,NA
"2360","Pottawatomie",-24.35,NA,1980-09-30,391226096084501,149,0,c(-96.1462641, 39.2069937),"1980","71-0",-96.1462641,39.2069937,NA,NA
"2361","Pottawatomie",-24.37,NA,1980-10-01,391226096084501,149,0,c(-96.1462641, 39.2069937),"1980","71-0",-96.1462641,39.2069937,NA,NA
"2362","Pottawatomie",-24.72,NA,1980-11-01,391226096084501,149,0,c(-96.1462641, 39.2069937),"1980","71-0",-96.1462641,39.2069937,NA,NA
"2363","Pottawatomie",-24.93,NA,1980-12-01,391226096084501,149,0,c(-96.1462641, 39.2069937),"1980","71-0",-96.1462641,39.2069937,NA,NA
"2364","Pottawatomie",-24.97,NA,1980-12-09,391226096084501,149,0,c(-96.1462641, 39.2069937),"1980","71-0",-96.1462641,39.2069937,NA,NA
"2365","Pottawatomie",-25.07,NA,1980-03-11,391246096105301,149,0,c(-96.1811445, 39.2123438),"1980","71-0",-96.1811445,39.2123438,NA,NA
"2366","Pottawatomie",-23.4,NA,1980-06-06,391246096105301,149,0,c(-96.1811445, 39.2123438),"1980","71-0",-96.1811445,39.2123438,NA,NA
"2367","Pottawatomie",-25.97,NA,1980-09-11,391246096105301,149,0,c(-96.1811445, 39.2123438),"1980","71-0",-96.1811445,39.2123438,NA,NA
"2368","Pottawatomie",-28.03,NA,1980-12-09,391246096105301,149,0,c(-96.1811445, 39.2123438),"1980","71-0",-96.1811445,39.2123438,NA,NA
"2369","Thomas",-103.98,"Winona NE",1980-01-10,391001101031001,193,0,c(-101.053231, 39.165807),"1980","143-72",-101.053231,39.165807,52.1683006,"0-65"
"2370","Thomas",-104.75,"Winona NE",1980-12-22,391001101031001,193,0,c(-101.053231, 39.165807),"1980","143-72",-101.053231,39.165807,52.1683006,"0-65"
"2371","Harvey",-7.57,"PATTERSON",1980-06-25,375837097395902,79,0,c(-97.665817, 37.977977),"1980","71-0",-97.665817,37.977977,95.5272217,"66-131"
"2372","Harvey",-10.21,"PATTERSON",1980-10-06,375837097395902,79,0,c(-97.665817, 37.977977),"1980","71-0",-97.665817,37.977977,95.5272217,"66-131"
"2373","Greeley",-118.77,NA,1980-01-15,383637101472601,71,0,c(-101.7917665, 38.6082644),"1980","143-72",-101.7917665,38.6082644,21.2294693,"0-65"
"2374","Greeley",-159.64,NA,1980-01-31,383947101463701,71,0,c(-101.7768062, 38.661762),"1980","215-144",-101.7768062,38.661762,31.4145164,"0-65"
"2375","Greeley",-159.57,NA,1980-04-21,383947101463701,71,0,c(-101.7768062, 38.661762),"1980","215-144",-101.7768062,38.661762,31.4145164,"0-65"
"2376","Kearny",-100.3,"Deerfield SW",1980-01-10,375124101080201,93,0,c(-101.134447, 37.857801),"1980","143-72",-101.134447,37.857801,221.9265594,"198-262"
"2377","Kearny",-96.21,"Deerfield SW",1980-10-03,375124101080201,93,0,c(-101.134447, 37.857801),"1980","143-72",-101.134447,37.857801,221.9265594,"198-262"
"2378","Kearny",-86.61,"DEERFIELD SW",1980-01-11,375057101095801,93,0,c(-101.2757909, 37.8491939),"1980","143-72",-101.2757909,37.8491939,183.6607971,"132-197"
"2379","Wichita",-81.03,"Pence NW",1980-01-15,384200101132301,203,0,c(-101.2241901, 38.700499),"1980","143-72",-101.2241901,38.700499,16.8016434,"0-65"
"2380","Finney",-40.3,NA,1980-01-08,381548100384201,55,0,c(-100.6460318, 38.2631764),"1980","71-0",-100.6460318,38.2631764,10,"0-65"
"2381","Gray",-123.75,"Meade NW",1980-01-14,372957100291101,69,0,c(-100.488329, 37.499804),"1980","143-72",-100.488329,37.499804,189.1755371,"132-197"
"2382","Kearny",-119.42,"Wolf",1980-01-09,380153101071302,93,0,c(-101.1210692, 38.032179),"1980","143-72",-101.1210692,38.032179,260.8872681,"198-262"
"2383","Gray",-127.7,NA,1980-01-17,373159100333301,69,0,c(-100.5617306, 37.5333116),"1980","143-72",-100.5617306,37.5333116,176.6197357,"132-197"
"2384","Wallace",-128.28,NA,1980-01-14,384427101474301,199,0,c(-101.7948776, 38.7380714),"1980","143-72",-101.7948776,38.7380714,79.2458115,"66-131"
"2385","Wallace",-145.95,NA,1980-01-16,384316101482601,199,0,c(-101.8073387, 38.720102),"1980","215-144",-101.8073387,38.720102,78.2380829,"66-131"
"2386","Kearny",-87.18,"Deerfield SW",1980-01-11,374920101105701,93,0,c(-101.1887208, 37.8198858),"1980","143-72",-101.1887208,37.8198858,201.5187531,"198-262"
"2387","Wichita",-145.32,NA,1980-01-15,383837101183601,203,0,c(-101.312587, 38.643436),"1980","215-144",-101.312587,38.643436,46.8176918,"0-65"
"2388","Greeley",-132.68,NA,1980-01-15,382810101360701,71,0,c(-101.601875, 38.468636),"1980","143-72",-101.601875,38.468636,32.4411621,"0-65"
"2389","Gray",-177.86,"Copeland SE",1980-01-12,373054100354401,69,0,c(-100.5966245, 37.5157475),"1980","215-144",-100.5966245,37.5157475,176.6936951,"132-197"
"2390","Harvey",-32.92,"HALSTEAD NW",1980-06-26,380905097395101,79,0,c(-97.664752, 38.151406),"1980","71-0",-97.664752,38.151406,163.0061035,"132-197"
"2391","Harvey",-38.18,"HALSTEAD NW",1980-10-17,380905097395101,79,0,c(-97.664752, 38.151406),"1980","71-0",-97.664752,38.151406,163.0061035,"132-197"
"2392","Kearny",-27.36,"Deerfield",1980-01-10,375644101092502,93,0,c(-101.157537, 37.945011),"1980","71-0",-101.157537,37.945011,276.0914612,"263-328"
"2393","Sheridan",-125.24,"Selden",1980-01-16,393216100371301,179,0,c(-100.617623, 39.538254),"1980","143-72",-100.617623,39.538254,82.3040161,"66-131"
"2394","Sheridan",-124.22,"Selden",1980-03-13,393216100371301,179,0,c(-100.617623, 39.538254),"1980","143-72",-100.617623,39.538254,82.3040161,"66-131"
"2395","Sheridan",-123.69,"Selden",1980-06-04,393216100371301,179,0,c(-100.617623, 39.538254),"1980","143-72",-100.617623,39.538254,82.3040161,"66-131"
"2396","Sheridan",-130.32,"Selden",1980-09-11,393216100371301,179,0,c(-100.617623, 39.538254),"1980","143-72",-100.617623,39.538254,82.3040161,"66-131"
"2397","Kearny",-70.46,"Wolf SW",1980-01-10,380118101104802,93,0,c(-101.180266, 38.022821),"1980","71-0",-101.180266,38.022821,73.7079239,"66-131"
"2398","Harvey",-18.24,NA,1980-06-25,380002097374603,79,0,c(-97.6298055, 38.0005506),"1980","71-0",-97.6298055,38.0005506,183.1860504,"132-197"
"2399","Harvey",-20.39,NA,1980-09-29,380002097374603,79,0,c(-97.6298055, 38.0005506),"1980","71-0",-97.6298055,38.0005506,183.1860504,"132-197"
"2400","Thomas",-137.22,"Levant",1980-01-08,392303101095401,193,0,c(-101.165036, 39.386103),"1980","143-72",-101.165036,39.386103,71.6301498,"66-131"
"2401","Thomas",-137.8,"Levant",1980-12-23,392303101095401,193,0,c(-101.165036, 39.386103),"1980","143-72",-101.165036,39.386103,71.6301498,"66-131"
"2402","Greeley",-95.54,"Sainte Theresa Chrch",1980-01-14,383141101371201,71,0,c(-101.621863, 38.527866),"1980","143-72",-101.621863,38.527866,40.9437523,"0-65"
"2403","Harvey",-6.55,"BURRTON",1980-06-25,380232097373801,79,0,c(-97.628773, 38.043197),"1980","71-0",-97.628773,38.043197,214.0228119,"198-262"
"2404","Harvey",-9.57,"BURRTON",1980-10-07,380232097373801,79,0,c(-97.628773, 38.043197),"1980","71-0",-97.628773,38.043197,214.0228119,"198-262"
"2405","Harvey",-29.98,"BURRTON",1980-06-25,380232097373802,79,0,c(-97.628775, 38.043183),"1980","71-0",-97.628775,38.043183,214.0228119,"198-262"
"2406","Harvey",-33.42,"BURRTON",1980-10-07,380232097373802,79,0,c(-97.628775, 38.043183),"1980","71-0",-97.628775,38.043183,214.0228119,"198-262"
"2407","Harvey",-32.78,"BURRTON",1980-10-16,380232097373802,79,0,c(-97.628775, 38.043183),"1980","71-0",-97.628775,38.043183,214.0228119,"198-262"
"2408","Gray",-82.95,NA,1980-01-14,372909100131201,69,0,c(-100.2219334, 37.4888626),"1980","143-72",-100.2219334,37.4888626,91.5847473,"66-131"
"2409","Finney",-131.22,"WOLF NE",1980-01-14,380932101045601,55,0,c(-101.084641, 38.158823),"1980","143-72",-101.084641,38.158823,50.8000717,"0-65"
"2410","Kearny",-80.94,"Deerfield",1980-01-14,375307101103901,93,0,c(-101.177147, 37.886441),"1980","143-72",-101.177147,37.886441,249.4031067,"198-262"
"2411","Kearny",-75.26,"Deerfield",1980-04-23,375307101103901,93,0,c(-101.177147, 37.886441),"1980","143-72",-101.177147,37.886441,249.4031067,"198-262"
"2412","Kearny",-75.47,"Deerfield",1980-10-03,375307101103901,93,0,c(-101.177147, 37.886441),"1980","143-72",-101.177147,37.886441,249.4031067,"198-262"
"2413","Wichita",-144.37,NA,1980-01-15,383732101130501,203,0,c(-101.2207646, 38.6245652),"1980","215-144",-101.2207646,38.6245652,33.2384491,"0-65"
"2414","Harvey",-18.34,"BURRTON",1980-06-25,380054097373801,79,0,c(-97.628604, 38.01419),"1980","71-0",-97.628604,38.01419,204.7576447,"198-262"
"2415","Harvey",-21.9,"BURRTON",1980-09-29,380054097373801,79,0,c(-97.628604, 38.01419),"1980","71-0",-97.628604,38.01419,204.7576447,"198-262"
"2416","Wallace",-220.9,NA,1980-01-31,384559101593601,199,0,c(-101.993626, 38.7642927),"1980","287-216",-101.993626,38.7642927,47.3166885,"0-65"
"2417","Finney",-87.97,"TENNIS NE",1980-01-08,381242100514201,55,0,c(-100.8613308, 38.2108108),"1980","143-72",-100.8613308,38.2108108,52.1975708,"0-65"
"2418","Finney",-88.68,"TENNIS NE",1980-04-22,381242100514201,55,0,c(-100.8613308, 38.2108108),"1980","143-72",-100.8613308,38.2108108,52.1975708,"0-65"
"2419","Finney",-90.86,"TENNIS NE",1980-07-22,381242100514201,55,0,c(-100.8613308, 38.2108108),"1980","143-72",-100.8613308,38.2108108,52.1975708,"0-65"
"2420","Reno",-11.72,NA,1980-03-28,380601097592501,155,0,c(-97.9907287, 38.0968182),"1980","71-0",-97.9907287,38.0968182,56.3210602,"0-65"
"2421","Reno",-10.63,NA,1980-06-27,380601097592501,155,0,c(-97.9907287, 38.0968182),"1980","71-0",-97.9907287,38.0968182,56.3210602,"0-65"
"2422","Reno",-11.55,NA,1980-09-15,380601097592501,155,0,c(-97.9907287, 38.0968182),"1980","71-0",-97.9907287,38.0968182,56.3210602,"0-65"
"2423","Reno",-11.39,NA,1980-12-23,380601097592501,155,0,c(-97.9907287, 38.0968182),"1980","71-0",-97.9907287,38.0968182,56.3210602,"0-65"
"2424","Harvey",-32.93,"Bentley",1980-01-01,375540097320901,79,0,c(-97.5382372, 37.9277047),"1980","71-0",-97.5382372,37.9277047,187.8276367,"132-197"
"2425","Harvey",-34.42,"Bentley",1980-03-01,375540097320901,79,0,c(-97.5382372, 37.9277047),"1980","71-0",-97.5382372,37.9277047,187.8276367,"132-197"
"2426","Harvey",-34.7,"Bentley",1980-04-01,375540097320901,79,0,c(-97.5382372, 37.9277047),"1980","71-0",-97.5382372,37.9277047,187.8276367,"132-197"
"2427","Harvey",-33,"Bentley",1980-05-01,375540097320901,79,0,c(-97.5382372, 37.9277047),"1980","71-0",-97.5382372,37.9277047,187.8276367,"132-197"
"2428","Harvey",-34.53,"Bentley",1980-08-01,375540097320901,79,0,c(-97.5382372, 37.9277047),"1980","71-0",-97.5382372,37.9277047,187.8276367,"132-197"
"2429","Harvey",-37.83,"Bentley",1980-09-01,375540097320901,79,0,c(-97.5382372, 37.9277047),"1980","71-0",-97.5382372,37.9277047,187.8276367,"132-197"
"2430","Harvey",-35.36,"Bentley",1980-10-01,375540097320901,79,0,c(-97.5382372, 37.9277047),"1980","71-0",-97.5382372,37.9277047,187.8276367,"132-197"
"2431","Harvey",-35.18,"Bentley",1980-11-01,375540097320901,79,0,c(-97.5382372, 37.9277047),"1980","71-0",-97.5382372,37.9277047,187.8276367,"132-197"
"2432","Harvey",-33.03,"Bentley",1980-12-01,375540097320901,79,0,c(-97.5382372, 37.9277047),"1980","71-0",-97.5382372,37.9277047,187.8276367,"132-197"
"2433","Gray",-111.31,NA,1980-01-14,373247100291101,69,0,c(-100.4873916, 37.5466888),"1980","143-72",-100.4873916,37.5466888,127.3468475,"66-131"
"2434","Gray",-111.01,NA,1980-07-08,373247100291101,69,0,c(-100.4873916, 37.5466888),"1980","143-72",-100.4873916,37.5466888,127.3468475,"66-131"
"2435","Gray",-99.99,NA,1980-01-12,375844100222201,69,0,c(-100.3757708, 37.9821886),"1980","143-72",-100.3757708,37.9821886,64.3176727,"0-65"
"2436","Gray",-109.15,NA,1980-01-14,373108100255401,69,0,c(-100.4325942, 37.5193494),"1980","143-72",-100.4325942,37.5193494,82.6523666,"66-131"
"2437","Finney",-70.08,"TENNIS",1980-01-14,381419100583201,55,0,c(-100.9768821, 38.2386832),"1980","71-0",-100.9768821,38.2386832,31.2073002,"0-65"
"2438","Finney",-116.79,"TENNIS",1980-01-14,380807100574302,55,0,c(-100.9625246, 38.1353139),"1980","143-72",-100.9625246,38.1353139,41.4977303,"0-65"
"2439","Reno",-7.91,"PATTERSON",1980-06-26,375909097434401,155,0,c(-97.729634, 37.985389),"1980","71-0",-97.729634,37.985389,253.6663971,"198-262"
"2440","Reno",-11.05,"PATTERSON",1980-10-06,375909097434401,155,0,c(-97.729634, 37.985389),"1980","71-0",-97.729634,37.985389,253.6663971,"198-262"
"2441","Gray",-80.3,"Montezuma NW",1980-01-14,374411100235101,69,0,c(-100.397325, 37.736802),"1980","143-72",-100.397325,37.736802,72.5862656,"66-131"
"2442","Gray",-92.44,"Montezuma NW",1980-01-14,374001100254501,69,0,c(-100.429154, 37.66772),"1980","143-72",-100.429154,37.66772,64.569664,"0-65"
"2443","Reno",-23.94,NA,1980-02-01,380528097504901,155,0,c(-97.8474112, 38.0910339),"1980","71-0",-97.8474112,38.0910339,92.4398193,"66-131"
"2444","Rice",-8.67,"Nickerson",1980-01-21,381134098040201,159,0,c(-98.0656637, 38.1927899),"1980","71-0",-98.0656637,38.1927899,77.6985016,"66-131"
"2445","Kearny",-29.71,"Deerfield",1980-01-10,375327101145501,93,0,c(-101.2484445, 37.8909475),"1980","71-0",-101.2484445,37.8909475,212.3414307,"198-262"
"2446","Finney",-102.78,"WOLF NE",1980-01-14,381340101010701,55,0,c(-101.020938, 38.228523),"1980","143-72",-101.020938,38.228523,27.2681274,"0-65"
"2447","Finney",-99.73,"WOLF NE",1980-05-05,381340101010701,55,0,c(-101.020938, 38.228523),"1980","143-72",-101.020938,38.228523,27.2681274,"0-65"
"2448","Finney",-109.76,"WOLF NE",1980-10-15,381340101010701,55,0,c(-101.020938, 38.228523),"1980","143-72",-101.020938,38.228523,27.2681274,"0-65"
"2449","Kearny",-61.5,NA,1980-01-31,375115101195902,93,0,c(-101.3330016, 37.8542871),"1980","71-0",-101.3330016,37.8542871,25,"0-65"
"2450","Finney",-86.18,"GARDEN CITY WEST",1980-05-06,375535100593001,55,0,c(-100.9917036, 37.9285177),"1980","143-72",-100.9917036,37.9285177,268.515564,"263-328"
"2451","Finney",-140.71,"GARDEN CITY WEST",1980-10-01,375535100593001,55,0,c(-100.9917036, 37.9285177),"1980","143-72",-100.9917036,37.9285177,268.515564,"263-328"
"2452","Pratt",-77.8,"Coats",1980-01-23,373609098494301,151,0,c(-98.830923, 37.601844),"1980","143-72",-98.830923,37.601844,109.1402893,"66-131"
"2453","Sedgwick",-26.8,NA,1980-01-01,374837097320101,173,0,c(-97.5354884, 37.807716),"1980","71-0",-97.5354884,37.807716,220.8691711,"198-262"
"2454","Sedgwick",-26.9,NA,1980-01-03,374837097320101,173,0,c(-97.5354884, 37.807716),"1980","71-0",-97.5354884,37.807716,220.8691711,"198-262"
"2455","Sedgwick",-26.22,NA,1980-03-27,374837097320101,173,0,c(-97.5354884, 37.807716),"1980","71-0",-97.5354884,37.807716,220.8691711,"198-262"
"2456","Sedgwick",-26.5,NA,1980-04-01,374837097320101,173,0,c(-97.5354884, 37.807716),"1980","71-0",-97.5354884,37.807716,220.8691711,"198-262"
"2457","Sedgwick",-26.48,NA,1980-07-01,374837097320101,173,0,c(-97.5354884, 37.807716),"1980","71-0",-97.5354884,37.807716,220.8691711,"198-262"
"2458","Sedgwick",-28.49,NA,1980-09-17,374837097320101,173,0,c(-97.5354884, 37.807716),"1980","71-0",-97.5354884,37.807716,220.8691711,"198-262"
"2459","Sedgwick",-28.15,NA,1980-10-01,374837097320101,173,0,c(-97.5354884, 37.807716),"1980","71-0",-97.5354884,37.807716,220.8691711,"198-262"
"2460","Sedgwick",-28.43,NA,1980-12-24,374837097320101,173,0,c(-97.5354884, 37.807716),"1980","71-0",-97.5354884,37.807716,220.8691711,"198-262"
"2461","Thomas",-14.3,NA,1980-01-10,392914101025201,193,0,c(-101.0493313, 39.4879507),"1980","71-0",-101.0493313,39.4879507,84.7336884,"66-131"
"2462","Thomas",-14.86,NA,1980-12-23,392914101025201,193,0,c(-101.0493313, 39.4879507),"1980","71-0",-101.0493313,39.4879507,84.7336884,"66-131"
"2463","Riley",-22.7,NA,1980-03-11,390729096364901,161,0,c(-96.614515, 39.1249484),"1980","71-0",-96.614515,39.1249484,NA,NA
"2464","Riley",-21.18,NA,1980-06-05,390729096364901,161,0,c(-96.614515, 39.1249484),"1980","71-0",-96.614515,39.1249484,NA,NA
"2465","Riley",-23.1,NA,1980-09-11,390729096364901,161,0,c(-96.614515, 39.1249484),"1980","71-0",-96.614515,39.1249484,NA,NA
"2466","Riley",-23.36,NA,1980-12-19,390729096364901,161,0,c(-96.614515, 39.1249484),"1980","71-0",-96.614515,39.1249484,NA,NA
"2467","Decatur",-15.29,"SELDEN NW",1980-12-17,394335100441701,39,0,c(-100.739517, 39.727314),"1980","71-0",-100.739517,39.727314,10.5847902,"0-65"
"2468","Rawlins",-229.98,NA,1980-12-16,395230101243701,153,0,c(-101.407897, 39.8764031),"1980","287-216",-101.407897,39.8764031,65.5821762,"0-65"
"2469","Meade",-153.11,NA,1980-01-18,372200100214001,119,0,c(-100.363124, 37.368444),"1980","215-144",-100.363124,37.368444,281.9205322,"263-328"
"2470","Cheyenne",-96.94,"Bird City South SE",1980-01-10,393625101342401,23,0,c(-101.572446, 39.607367),"1980","143-72",-101.572446,39.607367,141.5419922,"132-197"
"2471","Cheyenne",-97.55,"Bird City South SE",1980-03-10,393625101342401,23,0,c(-101.572446, 39.607367),"1980","143-72",-101.572446,39.607367,141.5419922,"132-197"
"2472","Seward",-198.79,"Plains SW",1980-01-17,371706100432201,175,0,c(-100.7255993, 37.2857619),"1980","215-144",-100.7255993,37.2857619,199.2344666,"198-262"
"2473","Meade",-99.85,"Fowler SW",1980-01-18,371931100115501,119,0,c(-100.1987523, 37.3279236),"1980","143-72",-100.1987523,37.3279236,111.1978149,"66-131"
"2474","Decatur",-44.85,"OBERLIN",1980-12-15,394859100301701,39,0,c(-100.505423, 39.815885),"1980","71-0",-100.505423,39.815885,31.1191254,"0-65"
"2475","Cheyenne",-213.55,"Bird City South",1980-01-10,394421101354501,23,0,c(-101.593516, 39.738215),"1980","215-144",-101.593516,39.738215,95.6211243,"66-131"
"2476","Rawlins",-30.98,NA,1980-12-16,395006101140801,153,0,c(-101.2333004, 39.8348334),"1980","71-0",-101.2333004,39.8348334,95.0746078,"66-131"
"2477","Rawlins",-45.74,"Achilles",1980-12-17,393742100464301,153,0,c(-100.778827, 39.628554),"1980","71-0",-100.778827,39.628554,18.8241615,"0-65"
"2478","Thomas",-127.33,"LEVANT",1980-01-08,392712101142001,193,0,c(-101.241238, 39.453672),"1980","143-72",-101.241238,39.453672,120.3131714,"66-131"
"2479","Thomas",-129.57,"LEVANT",1980-12-23,392712101142001,193,0,c(-101.241238, 39.453672),"1980","143-72",-101.241238,39.453672,120.3131714,"66-131"
"2480","Decatur",-20,"SELDON NE",1980-12-15,393814100305401,39,0,c(-100.515121, 39.637104),"1980","71-0",-100.515121,39.637104,54.9877625,"0-65"
"2481","Meade",-41.92,"Fowler",1980-01-18,372746100103701,119,0,c(-100.1790423, 37.4669149),"1980","71-0",-100.1790423,37.4669149,133.3794861,"132-197"
"2482","Gray",-157.14,"Copeland",1980-01-15,373709100374701,69,0,c(-100.629733, 37.620074),"1980","215-144",-100.629733,37.620074,220.8197327,"198-262"
"2483","Gray",-159.53,"Copeland",1980-05-06,373709100374701,69,0,c(-100.629733, 37.620074),"1980","215-144",-100.629733,37.620074,220.8197327,"198-262"
"2484","Gray",-165.95,NA,1980-01-12,373340100375501,69,0,c(-100.6330844, 37.5612323),"1980","215-144",-100.6330844,37.5612323,198.3115845,"198-262"
"2485","Finney",-101.17,"SCOTT CITY 4 NW",1980-01-08,380831100431301,55,0,c(-100.720287, 38.141209),"1980","143-72",-100.720287,38.141209,41.6626511,"0-65"
"2486","Gray",-175.05,NA,1980-01-14,373947100134201,69,0,c(-100.2299005, 37.6663601),"1980","215-144",-100.2299005,37.6663601,81.2267151,"66-131"
"2487","Gray",-175.92,NA,1980-05-06,373947100134201,69,0,c(-100.2299005, 37.6663601),"1980","215-144",-100.2299005,37.6663601,81.2267151,"66-131"
"2488","Gray",-178.17,NA,1980-07-08,373947100134201,69,0,c(-100.2299005, 37.6663601),"1980","215-144",-100.2299005,37.6663601,81.2267151,"66-131"
"2489","Sheridan",-101.55,"Selden",1980-01-16,393123100301401,179,0,c(-100.50422, 39.524004),"1980","143-72",-100.50422,39.524004,83.6950836,"66-131"
"2490","Wallace",-108.17,NA,1980-01-08,390618102002801,199,0,c(-102.008455, 39.1045231),"1980","143-72",-102.008455,39.1045231,27.2540054,"0-65"
"2491","Kearny",-139.09,NA,1980-01-11,374512101191501,93,0,c(-101.3215918, 37.7533862),"1980","143-72",-101.3215918,37.7533862,107.4343262,"66-131"
"2492","Greeley",-127.86,"Sainte Theresa Chrch",1980-01-14,383405101363901,71,0,c(-101.6135335, 38.5662326),"1980","143-72",-101.6135335,38.5662326,50.0764389,"0-65"
"2493","Greeley",-128.97,"Sainte Theresa Chrch",1980-04-22,383405101363901,71,0,c(-101.6135335, 38.5662326),"1980","143-72",-101.6135335,38.5662326,50.0764389,"0-65"
"2494","Gray",-86,NA,1980-01-17,374249100292201,69,0,c(-100.4906153, 37.7134845),"1980","143-72",-100.4906153,37.7134845,31.8629837,"0-65"
"2495","Greeley",-72.59,"Selkirk NW",1980-01-15,382810101400801,71,0,c(-101.669415, 38.468249),"1980","143-72",-101.669415,38.468249,31.5464001,"0-65"
"2496","Sheridan",-149.84,NA,1980-01-15,392611100333501,179,0,c(-100.5626179, 39.4371927),"1980","215-144",-100.5626179,39.4371927,71.2196503,"66-131"
"2497","Cheyenne",-118.42,NA,1980-01-10,393507101334201,23,0,c(-101.559042, 39.5862055),"1980","143-72",-101.559042,39.5862055,142.8109894,"132-197"
"2498","Seward",-130.22,"Liberal",1980-01-17,370602100572601,175,0,c(-100.957244, 37.099675),"1980","143-72",-100.957244,37.099675,410.9224548,"393-459"
"2499","Seward",-129.96,"Liberal",1980-05-06,370602100572601,175,0,c(-100.957244, 37.099675),"1980","143-72",-100.957244,37.099675,410.9224548,"393-459"
"2500","Seward",-130.46,"Liberal",1980-07-08,370602100572601,175,0,c(-100.957244, 37.099675),"1980","143-72",-100.957244,37.099675,410.9224548,"393-459"
"2501","Seward",-131.64,"Liberal",1980-10-09,370602100572601,175,0,c(-100.957244, 37.099675),"1980","143-72",-100.957244,37.099675,410.9224548,"393-459"
"2502","Finney",-87.12,"TENNIS",1980-01-14,381103100592902,55,0,c(-100.9922081, 38.1841689),"1980","143-72",-100.9922081,38.1841689,31.0169659,"0-65"
"2503","Kearny",-78.19,"Deerfield SW",1980-01-10,374902101122201,93,0,c(-101.2067286, 37.8173819),"1980","143-72",-101.2067286,37.8173819,194.0273438,"132-197"
"2504","Kearny",-78.38,NA,1980-01-10,374919101154601,93,0,c(-101.2636685, 37.8222687),"1980","143-72",-101.2636685,37.8222687,175.0166168,"132-197"
"2505","Kearny",-76.88,NA,1980-04-23,374919101154601,93,0,c(-101.2636685, 37.8222687),"1980","143-72",-101.2636685,37.8222687,175.0166168,"132-197"
"2506","Kearny",-78.12,NA,1980-07-09,374919101154601,93,0,c(-101.2636685, 37.8222687),"1980","143-72",-101.2636685,37.8222687,175.0166168,"132-197"
"2507","Kearny",-80.18,NA,1980-10-03,374919101154601,93,0,c(-101.2636685, 37.8222687),"1980","143-72",-101.2636685,37.8222687,175.0166168,"132-197"
"2508","Greeley",-137.09,"W of Sainte Theresa",1980-01-15,383418101435701,71,0,c(-101.7340774, 38.5695445),"1980","143-72",-101.7340774,38.5695445,62.708786,"0-65"
"2509","Greeley",-136.53,"W of Sainte Theresa",1980-04-22,383418101435701,71,0,c(-101.7340774, 38.5695445),"1980","143-72",-101.7340774,38.5695445,62.708786,"0-65"
"2510","Wichita",-126.9,NA,1980-01-14,383815101320001,203,0,c(-101.535943, 38.6369732),"1980","143-72",-101.535943,38.6369732,47.2805328,"0-65"
"2511","Wichita",-147.44,NA,1980-01-14,383816101264801,203,0,c(-101.4516197, 38.6360724),"1980","215-144",-101.4516197,38.6360724,33.985714,"0-65"
"2512","Wichita",-154.52,NA,1980-04-21,383816101264801,203,0,c(-101.4516197, 38.6360724),"1980","215-144",-101.4516197,38.6360724,33.985714,"0-65"
"2513","Wichita",-157.75,NA,1980-10-06,383816101264801,203,0,c(-101.4516197, 38.6360724),"1980","215-144",-101.4516197,38.6360724,33.985714,"0-65"
"2514","Seward",-177.09,"Woods",1980-01-17,371339101025301,175,0,c(-101.049541, 37.227904),"1980","215-144",-101.049541,37.227904,257.0864258,"198-262"
"2515","Greeley",-112.88,"M Ladder Creek East",1980-01-15,383815101415101,71,0,c(-101.697348, 38.635364),"1980","143-72",-101.697348,38.635364,29.919651,"0-65"
"2516","Kearny",-149.63,"WOLF SW",1980-01-09,380500101110501,93,0,c(-101.185044, 38.083021),"1980","215-144",-101.185044,38.083021,33.8302422,"0-65"
"2517","Greeley",-39.87,NA,1980-01-15,383247101572001,71,0,c(-101.9554031, 38.5446077),"1980","71-0",-101.9554031,38.5446077,10,"0-65"
"2518","Greeley",-39.81,NA,1980-04-21,383247101572001,71,0,c(-101.9554031, 38.5446077),"1980","71-0",-101.9554031,38.5446077,10,"0-65"
"2519","Greeley",-40.71,NA,1980-07-21,383247101572001,71,0,c(-101.9554031, 38.5446077),"1980","71-0",-101.9554031,38.5446077,10,"0-65"
"2520","Gray",-153.2,"Copeland SE",1980-01-15,373614100331601,69,0,c(-100.5565265, 37.6055775),"1980","215-144",-100.5565265,37.6055775,224.3873596,"198-262"
"2521","Gray",-157.18,"Copeland SE",1980-05-06,373614100331601,69,0,c(-100.5565265, 37.6055775),"1980","215-144",-100.5565265,37.6055775,224.3873596,"198-262"
"2522","Gray",-161.45,"Copeland SE",1980-10-09,373614100331601,69,0,c(-100.5565265, 37.6055775),"1980","215-144",-100.5565265,37.6055775,224.3873596,"198-262"
"2523","Harvey",-11.79,"HALSTEAD NW",1980-06-27,380746097410602,79,0,c(-97.684544, 38.129909),"1980","71-0",-97.684544,38.129909,174.1125793,"132-197"
"2524","Harvey",-16.11,"HALSTEAD NW",1980-10-07,380746097410602,79,0,c(-97.684544, 38.129909),"1980","71-0",-97.684544,38.129909,174.1125793,"132-197"
"2525","Harvey",-35.06,"BURRTON",1980-01-01,380509097394701,79,0,c(-97.6645887, 38.1002741),"1980","71-0",-97.6645887,38.1002741,156.4789429,"132-197"
"2526","Harvey",-33.34,"BURRTON",1980-04-01,380509097394701,79,0,c(-97.6645887, 38.1002741),"1980","71-0",-97.6645887,38.1002741,156.4789429,"132-197"
"2527","Harvey",-36.96,"BURRTON",1980-07-01,380509097394701,79,0,c(-97.6645887, 38.1002741),"1980","71-0",-97.6645887,38.1002741,156.4789429,"132-197"
"2528","Harvey",-43.19,"BURRTON",1980-10-01,380509097394701,79,0,c(-97.6645887, 38.1002741),"1980","71-0",-97.6645887,38.1002741,156.4789429,"132-197"
"2529","Wichita",-136.82,NA,1980-01-31,383448101133801,203,0,c(-101.2293495, 38.5786053),"1980","143-72",-101.2293495,38.5786053,38.7165642,"0-65"
"2530","Cheyenne",-200.78,NA,1980-01-10,394356101395901,23,0,c(-101.664845, 39.731654),"1980","215-144",-101.664845,39.731654,90.0058289,"66-131"
"2531","Morton",-63.79,"Richfield NW",1980-01-16,372243101591701,129,0,c(-101.9907132, 37.3799257),"1980","71-0",-101.9907132,37.3799257,10,"0-65"
"2532","Cheyenne",-153.63,NA,1980-01-08,393658102003601,23,0,c(-102.0110585, 39.616062),"1980","215-144",-102.0110585,39.616062,62.0058899,"0-65"
"2533","Cheyenne",-152.69,NA,1980-03-10,393658102003601,23,0,c(-102.0110585, 39.616062),"1980","215-144",-102.0110585,39.616062,62.0058899,"0-65"
"2534","Cheyenne",-151.86,NA,1980-06-02,393658102003601,23,0,c(-102.0110585, 39.616062),"1980","215-144",-102.0110585,39.616062,62.0058899,"0-65"
"2535","Cheyenne",-156.12,NA,1980-09-08,393658102003601,23,0,c(-102.0110585, 39.616062),"1980","215-144",-102.0110585,39.616062,62.0058899,"0-65"
"2536","Ford",-11.8,"FORT DODGE",1980-07-15,374214099535201,57,0,c(-99.8982935, 37.7040548),"1980","71-0",-99.8982935,37.7040548,69.1665802,"66-131"
"2537","Finney",-137.36,"PLYMELL",1980-01-11,374645100481901,55,0,c(-100.806839, 37.780424),"1980","143-72",-100.806839,37.780424,285.7262573,"263-328"
"2538","Gray",-110.58,"Meade NW",1980-01-17,372922100232701,69,0,c(-100.3931545, 37.4900862),"1980","143-72",-100.3931545,37.4900862,126.2110367,"66-131"
"2539","Gray",-109.16,"Meade NW",1980-05-06,372922100232701,69,0,c(-100.3931545, 37.4900862),"1980","143-72",-100.3931545,37.4900862,126.2110367,"66-131"
"2540","Wichita",-147.35,"Beulah Cemetery",1980-01-14,383757101204701,203,0,c(-101.349238, 38.631416),"1980","215-144",-101.349238,38.631416,33.8077545,"0-65"
"2541","Cheyenne",-18.78,NA,1980-01-08,394047102001901,23,0,c(-102.0074394, 39.679856),"1980","71-0",-102.0074394,39.679856,39.2265511,"0-65"
"2542","Meade",-192.15,NA,1980-01-16,371302100331402,119,0,c(-100.5534601, 37.2167037),"1980","215-144",-100.5534601,37.2167037,267.5901489,"263-328"
"2543","Edwards",-17.78,"BELPRE",1980-01-21,375826099022201,47,0,c(-99.036029, 37.974782),"1980","71-0",-99.036029,37.974782,80.6766357,"66-131"
"2544","Kearny",-17.8,"Lakin SE",1980-01-14,375219101213801,93,0,c(-101.359028, 37.871518),"1980","71-0",-101.359028,37.871518,15.6833553,"0-65"
"2545","Greeley",-115.98,"W of Sainte Theresa",1980-01-15,383028101402701,71,0,c(-101.674243, 38.5068257),"1980","143-72",-101.674243,38.5068257,37.0230217,"0-65"
"2546","Gray",-95.62,"Copeland NW",1980-01-15,374317100375501,69,0,c(-100.634233, 37.722043),"1980","143-72",-100.634233,37.722043,103.0592499,"66-131"
"2547","Sheridan",-159.38,NA,1980-01-15,393018100194201,179,0,c(-100.3301139, 39.5037533),"1980","215-144",-100.3301139,39.5037533,41.3386688,"0-65"
"2548","Wichita",-135.2,NA,1980-01-15,383652101162301,203,0,c(-101.2745032, 38.6136415),"1980","143-72",-101.2745032,38.6136415,39.8780174,"0-65"
"2549","Finney",-175.03,"LOWE",1980-01-15,380438100595401,55,0,c(-100.9962522, 38.0771168),"1980","215-144",-100.9962522,38.0771168,122.7734985,"66-131"
"2550","Wichita",-157.67,"Pence SW",1980-01-15,383251101141001,203,0,c(-101.237301, 38.5462925),"1980","215-144",-101.237301,38.5462925,43.3154297,"0-65"
"2551","Wichita",-156.63,"Pence SW",1980-04-22,383251101141001,203,0,c(-101.237301, 38.5462925),"1980","215-144",-101.237301,38.5462925,43.3154297,"0-65"
"2552","Kearny",-43.23,"Kendall",1980-01-14,375328101305701,93,0,c(-101.516648, 37.890945),"1980","71-0",-101.516648,37.890945,NA,NA
"2553","Kearny",-13.5,"Lakin",1980-01-14,375305101215502,93,0,c(-101.366735, 37.884447),"1980","71-0",-101.366735,37.884447,15.2634869,"0-65"
"2554","Kearny",-12.53,"Lakin",1980-04-30,375305101215502,93,0,c(-101.366735, 37.884447),"1980","71-0",-101.366735,37.884447,15.2634869,"0-65"
"2555","Kearny",-9.34,"Lakin",1980-07-09,375305101215502,93,0,c(-101.366735, 37.884447),"1980","71-0",-101.366735,37.884447,15.2634869,"0-65"
"2556","Kearny",-9.11,"Lakin",1980-10-03,375305101215502,93,0,c(-101.366735, 37.884447),"1980","71-0",-101.366735,37.884447,15.2634869,"0-65"
"2557","Kearny",-83.84,NA,1980-01-10,375011101142201,93,0,c(-101.2394437, 37.8364643),"1980","143-72",-101.2394437,37.8364643,192.04953,"132-197"
"2558","Rawlins",-192.48,NA,1980-06-02,394428101244001,153,0,c(-101.4106355, 39.742174),"1980","215-144",-101.4106355,39.742174,83.5725098,"66-131"
"2559","Rawlins",-192.93,NA,1980-09-08,394428101244001,153,0,c(-101.4106355, 39.742174),"1980","215-144",-101.4106355,39.742174,83.5725098,"66-131"
"2560","Stanton",-233.34,NA,1980-01-16,373907101510402,187,0,c(-101.8514297, 37.6528046),"1980","287-216",-101.8514297,37.6528046,36.0465546,"0-65"
"2561","Kearny",-73.96,NA,1980-01-10,374716101131901,93,0,c(-101.2228813, 37.7879843),"1980","143-72",-101.2228813,37.7879843,166.0020752,"132-197"
"2562","Gray",-89.8,NA,1980-01-17,374722100370201,69,0,c(-100.6175517, 37.7883987),"1980","143-72",-100.6175517,37.7883987,120.8287277,"66-131"
"2563","Gray",-131.7,"Copeland NE",1980-01-15,373900100354401,69,0,c(-100.597732, 37.649594),"1980","143-72",-100.597732,37.649594,190.2406311,"132-197"
"2564","Finney",-104.54,"GARDEN CITY SW",1980-01-24,375146100570201,55,0,c(-100.9527423, 37.8622919),"1980","143-72",-100.9527423,37.8622919,396.8807373,"393-459"
"2565","Finney",-93.1,"Garden City SW",1980-01-17,375002100542601,55,0,c(-100.906942, 37.833524),"1980","143-72",-100.906942,37.833524,348.6369629,"328-393"
"2566","Finney",-92.34,"Garden City SW",1980-05-07,375002100542601,55,0,c(-100.906942, 37.833524),"1980","143-72",-100.906942,37.833524,348.6369629,"328-393"
"2567","Finney",-108.78,"Garden City SW",1980-07-24,375002100542601,55,0,c(-100.906942, 37.833524),"1980","143-72",-100.906942,37.833524,348.6369629,"328-393"
"2568","Finney",-99.62,"Garden City SW",1980-10-15,375002100542601,55,0,c(-100.906942, 37.833524),"1980","143-72",-100.906942,37.833524,348.6369629,"328-393"
"2569","Finney",-101.17,"GARDEN CITY W",1980-01-24,375357100563701,55,0,c(-100.942943, 37.898624),"1980","143-72",-100.942943,37.898624,343.8692627,"328-393"
"2570","Finney",-112.51,"GARDEN CITY W",1980-04-23,375357100563701,55,0,c(-100.942943, 37.898624),"1980","143-72",-100.942943,37.898624,343.8692627,"328-393"
"2571","Finney",-127.59,"GARDEN CITY W",1980-10-03,375357100563701,55,0,c(-100.942943, 37.898624),"1980","143-72",-100.942943,37.898624,343.8692627,"328-393"
"2572","Grant",-194.57,NA,1980-01-16,374010101235301,67,0,c(-101.3994451, 37.6695465),"1980","215-144",-101.3994451,37.6695465,86.6694489,"66-131"
"2573","Finney",-78.51,NA,1980-01-14,381538100543401,55,0,c(-100.910239, 38.2606709),"1980","143-72",-100.910239,38.2606709,47.6633835,"0-65"
"2574","Reno",-4.64,NA,1980-01-30,380729097513501,155,0,c(-97.8600443, 38.1247342),"1980","71-0",-97.8600443,38.1247342,10,"0-65"
"2575","Wichita",-138.93,NA,1980-01-15,383929101161601,203,0,c(-101.2734648, 38.6567441),"1980","143-72",-101.2734648,38.6567441,43.698185,"0-65"
"2576","Wichita",-39.46,NA,1980-01-17,382236101130201,203,0,c(-101.2182212, 38.3757307),"1980","71-0",-101.2182212,38.3757307,10,"0-65"
"2577","Sedgwick",-26.76,"WICHITA WEST",1980-01-03,374428097284302,173,0,c(-97.4797883, 37.7378183),"1980","71-0",-97.4797883,37.7378183,39.999176,"0-65"
"2578","Sedgwick",-26.41,"WICHITA WEST",1980-03-27,374428097284302,173,0,c(-97.4797883, 37.7378183),"1980","71-0",-97.4797883,37.7378183,39.999176,"0-65"
"2579","Sedgwick",-26.91,"WICHITA WEST",1980-07-01,374428097284302,173,0,c(-97.4797883, 37.7378183),"1980","71-0",-97.4797883,37.7378183,39.999176,"0-65"
"2580","Sedgwick",-27.59,"WICHITA WEST",1980-09-17,374428097284302,173,0,c(-97.4797883, 37.7378183),"1980","71-0",-97.4797883,37.7378183,39.999176,"0-65"
"2581","Sedgwick",-27.33,"WICHITA WEST",1980-12-24,374428097284302,173,0,c(-97.4797883, 37.7378183),"1980","71-0",-97.4797883,37.7378183,39.999176,"0-65"
"2582","Shawnee",-14.35,NA,1980-03-12,390744096013401,177,0,c(-96.026209, 39.128814),"1980","71-0",-96.026209,39.128814,NA,NA
"2583","Shawnee",-12.8,NA,1980-06-06,390744096013401,177,0,c(-96.026209, 39.128814),"1980","71-0",-96.026209,39.128814,NA,NA
"2584","Shawnee",-15.3,NA,1980-09-12,390744096013401,177,0,c(-96.026209, 39.128814),"1980","71-0",-96.026209,39.128814,NA,NA
"2585","Shawnee",-15.86,NA,1980-12-09,390744096013401,177,0,c(-96.026209, 39.128814),"1980","71-0",-96.026209,39.128814,NA,NA
"2586","Shawnee",-26.19,NA,1980-01-05,390519095445301,177,0,c(-95.749374, 39.0900827),"1980","71-0",-95.749374,39.0900827,NA,NA
"2587","Shawnee",-26.17,NA,1980-01-10,390519095445301,177,0,c(-95.749374, 39.0900827),"1980","71-0",-95.749374,39.0900827,NA,NA
"2588","Shawnee",-26.18,NA,1980-01-15,390519095445301,177,0,c(-95.749374, 39.0900827),"1980","71-0",-95.749374,39.0900827,NA,NA
"2589","Shawnee",-26.22,NA,1980-01-20,390519095445301,177,0,c(-95.749374, 39.0900827),"1980","71-0",-95.749374,39.0900827,NA,NA
"2590","Shawnee",-26.31,NA,1980-01-25,390519095445301,177,0,c(-95.749374, 39.0900827),"1980","71-0",-95.749374,39.0900827,NA,NA
"2591","Shawnee",-26.85,NA,1980-03-12,390519095445301,177,0,c(-95.749374, 39.0900827),"1980","71-0",-95.749374,39.0900827,NA,NA
"2592","Shawnee",-25.32,NA,1980-04-10,390519095445301,177,0,c(-95.749374, 39.0900827),"1980","71-0",-95.749374,39.0900827,NA,NA
"2593","Shawnee",-25,NA,1980-04-15,390519095445301,177,0,c(-95.749374, 39.0900827),"1980","71-0",-95.749374,39.0900827,NA,NA
"2594","Shawnee",-24.9,NA,1980-04-20,390519095445301,177,0,c(-95.749374, 39.0900827),"1980","71-0",-95.749374,39.0900827,NA,NA
"2595","Shawnee",-24.84,NA,1980-04-25,390519095445301,177,0,c(-95.749374, 39.0900827),"1980","71-0",-95.749374,39.0900827,NA,NA
"2596","Shawnee",-24.84,NA,1980-04-30,390519095445301,177,0,c(-95.749374, 39.0900827),"1980","71-0",-95.749374,39.0900827,NA,NA
"2597","Shawnee",-25,NA,1980-06-05,390519095445301,177,0,c(-95.749374, 39.0900827),"1980","71-0",-95.749374,39.0900827,NA,NA
"2598","Shawnee",-25.1,NA,1980-06-06,390519095445301,177,0,c(-95.749374, 39.0900827),"1980","71-0",-95.749374,39.0900827,NA,NA
"2599","Shawnee",-25,NA,1980-06-10,390519095445301,177,0,c(-95.749374, 39.0900827),"1980","71-0",-95.749374,39.0900827,NA,NA
"2600","Shawnee",-24.94,NA,1980-06-15,390519095445301,177,0,c(-95.749374, 39.0900827),"1980","71-0",-95.749374,39.0900827,NA,NA
"2601","Shawnee",-25.03,NA,1980-06-20,390519095445301,177,0,c(-95.749374, 39.0900827),"1980","71-0",-95.749374,39.0900827,NA,NA
"2602","Shawnee",-25.08,NA,1980-06-25,390519095445301,177,0,c(-95.749374, 39.0900827),"1980","71-0",-95.749374,39.0900827,NA,NA
"2603","Shawnee",-25.95,NA,1980-07-31,390519095445301,177,0,c(-95.749374, 39.0900827),"1980","71-0",-95.749374,39.0900827,NA,NA
"2604","Shawnee",-26.04,NA,1980-08-05,390519095445301,177,0,c(-95.749374, 39.0900827),"1980","71-0",-95.749374,39.0900827,NA,NA
"2605","Shawnee",-25.95,NA,1980-08-10,390519095445301,177,0,c(-95.749374, 39.0900827),"1980","71-0",-95.749374,39.0900827,NA,NA
"2606","Shawnee",-25.83,NA,1980-08-15,390519095445301,177,0,c(-95.749374, 39.0900827),"1980","71-0",-95.749374,39.0900827,NA,NA
"2607","Shawnee",-25.8,NA,1980-08-20,390519095445301,177,0,c(-95.749374, 39.0900827),"1980","71-0",-95.749374,39.0900827,NA,NA
"2608","Shawnee",-25.82,NA,1980-08-25,390519095445301,177,0,c(-95.749374, 39.0900827),"1980","71-0",-95.749374,39.0900827,NA,NA
"2609","Shawnee",-25.88,NA,1980-08-31,390519095445301,177,0,c(-95.749374, 39.0900827),"1980","71-0",-95.749374,39.0900827,NA,NA
"2610","Shawnee",-25.89,NA,1980-09-05,390519095445301,177,0,c(-95.749374, 39.0900827),"1980","71-0",-95.749374,39.0900827,NA,NA
"2611","Shawnee",-25.84,NA,1980-09-10,390519095445301,177,0,c(-95.749374, 39.0900827),"1980","71-0",-95.749374,39.0900827,NA,NA
"2612","Shawnee",-25.92,NA,1980-09-15,390519095445301,177,0,c(-95.749374, 39.0900827),"1980","71-0",-95.749374,39.0900827,NA,NA
"2613","Shawnee",-26.04,NA,1980-09-20,390519095445301,177,0,c(-95.749374, 39.0900827),"1980","71-0",-95.749374,39.0900827,NA,NA
"2614","Shawnee",-26.14,NA,1980-09-25,390519095445301,177,0,c(-95.749374, 39.0900827),"1980","71-0",-95.749374,39.0900827,NA,NA
"2615","Shawnee",-26.24,NA,1980-09-30,390519095445301,177,0,c(-95.749374, 39.0900827),"1980","71-0",-95.749374,39.0900827,NA,NA
"2616","Shawnee",-26.25,NA,1980-10-01,390519095445301,177,0,c(-95.749374, 39.0900827),"1980","71-0",-95.749374,39.0900827,NA,NA
"2617","Shawnee",-26.06,NA,1980-11-01,390519095445301,177,0,c(-95.749374, 39.0900827),"1980","71-0",-95.749374,39.0900827,NA,NA
"2618","Shawnee",-26.48,NA,1980-12-01,390519095445301,177,0,c(-95.749374, 39.0900827),"1980","71-0",-95.749374,39.0900827,NA,NA
"2619","Sedgwick",-26.41,NA,1980-01-03,374428097284301,173,0,c(-97.4797883, 37.7378183),"1980","71-0",-97.4797883,37.7378183,39.999176,"0-65"
"2620","Sedgwick",-26.14,NA,1980-03-27,374428097284301,173,0,c(-97.4797883, 37.7378183),"1980","71-0",-97.4797883,37.7378183,39.999176,"0-65"
"2621","Sedgwick",-26.03,NA,1980-07-01,374428097284301,173,0,c(-97.4797883, 37.7378183),"1980","71-0",-97.4797883,37.7378183,39.999176,"0-65"
"2622","Sedgwick",-27.2,NA,1980-09-17,374428097284301,173,0,c(-97.4797883, 37.7378183),"1980","71-0",-97.4797883,37.7378183,39.999176,"0-65"
"2623","Sedgwick",-27.04,NA,1980-12-24,374428097284301,173,0,c(-97.4797883, 37.7378183),"1980","71-0",-97.4797883,37.7378183,39.999176,"0-65"
"2624","Douglas",-27.19,"LAWRENCE EAST",1980-03-20,385723095093801,45,0,c(-95.1592455, 38.9577983),"1980","71-0",-95.1592455,38.9577983,NA,NA
"2625","Douglas",-26.64,"LAWRENCE EAST",1980-06-20,385723095093801,45,0,c(-95.1592455, 38.9577983),"1980","71-0",-95.1592455,38.9577983,NA,NA
"2626","Douglas",-28.3,"LAWRENCE EAST",1980-12-19,385723095093801,45,0,c(-95.1592455, 38.9577983),"1980","71-0",-95.1592455,38.9577983,NA,NA
"2627","Sedgwick",-13.83,NA,1980-01-01,374651097195901,173,0,c(-97.3346978, 37.7804762),"1980","71-0",-97.3346978,37.7804762,1.4878571,"0-65"
"2628","Sedgwick",-13.48,NA,1980-04-01,374651097195901,173,0,c(-97.3346978, 37.7804762),"1980","71-0",-97.3346978,37.7804762,1.4878571,"0-65"
"2629","Sedgwick",-13.54,NA,1980-07-01,374651097195901,173,0,c(-97.3346978, 37.7804762),"1980","71-0",-97.3346978,37.7804762,1.4878571,"0-65"
"2630","Sedgwick",-15.02,NA,1980-10-01,374651097195901,173,0,c(-97.3346978, 37.7804762),"1980","71-0",-97.3346978,37.7804762,1.4878571,"0-65"
"2631","Stanton",-86.16,NA,1980-01-17,374408101334101,187,0,c(-101.5624787, 37.7354732),"1980","143-72",-101.5624787,37.7354732,10,"0-65"
"2632","Pratt",-23.1,"Cullison",1980-01-01,374443098525301,151,0,c(-98.880747, 37.74581),"1980","71-0",-98.880747,37.74581,184.4912872,"132-197"
"2633","Pratt",-23.05,"Cullison",1980-01-22,374443098525301,151,0,c(-98.880747, 37.74581),"1980","71-0",-98.880747,37.74581,184.4912872,"132-197"
"2634","Sherman",-145.1,NA,1980-01-07,391950101335901,181,0,c(-101.5670135, 39.3306567),"1980","215-144",-101.5670135,39.3306567,103.288681,"66-131"
"2635","Wichita",-153.76,"Pence NW",1980-01-15,383929101084101,203,0,c(-101.146133, 38.657036),"1980","215-144",-101.146133,38.657036,15.341958,"0-65"
"2636","Ford",-212.76,NA,1980-01-04,375241099482901,57,0,c(-99.8092146, 37.8775764),"1980","215-144",-99.8092146,37.8775764,10,"0-65"
"2637","Ford",-204.62,NA,1980-04-01,375241099482901,57,0,c(-99.8092146, 37.8775764),"1980","215-144",-99.8092146,37.8775764,10,"0-65"
"2638","Ford",-203.07,NA,1980-06-25,375241099482901,57,0,c(-99.8092146, 37.8775764),"1980","215-144",-99.8092146,37.8775764,10,"0-65"
"2639","Ford",-226.26,NA,1980-09-22,375241099482901,57,0,c(-99.8092146, 37.8775764),"1980","287-216",-99.8092146,37.8775764,10,"0-65"
"2640","Cloud",-24.7,"AURORA SW",1980-03-14,391930097485601,29,0,c(-97.8158942, 39.3257968),"1980","71-0",-97.8158942,39.3257968,NA,NA
"2641","Meade",-16.38,"Lake Meade",1980-01-17,370857100234601,119,0,c(-100.398925, 37.150525),"1980","71-0",-100.398925,37.150525,133.5642242,"132-197"
"2642","Meade",-15.26,"Lake Meade",1980-05-06,370857100234601,119,0,c(-100.398925, 37.150525),"1980","71-0",-100.398925,37.150525,133.5642242,"132-197"
"2643","Meade",-16.56,"Lake Meade",1980-07-08,370857100234601,119,0,c(-100.398925, 37.150525),"1980","71-0",-100.398925,37.150525,133.5642242,"132-197"
"2644","Meade",-19.68,"Lake Meade",1980-10-09,370857100234601,119,0,c(-100.398925, 37.150525),"1980","71-0",-100.398925,37.150525,133.5642242,"132-197"
"2645","Reno",-31.38,"Pretty Prairie",1980-01-23,374728098020801,155,0,c(-98.03535, 37.792858),"1980","71-0",-98.03535,37.792858,49.0126266,"0-65"
"2646","Hamilton",-64.97,"Syracuse West",1980-01-15,375538101453401,75,0,c(-101.76055, 37.927583),"1980","71-0",-101.76055,37.927583,NA,NA
"2647","Hamilton",-258.05,"Durkee Creek NE",1980-01-15,375446102013601,75,0,c(-102.025659, 37.913282),"1980","287-216",-102.025659,37.913282,10,"0-65"
"2648","Hodgeman",-63.33,NA,1980-04-09,375502100090801,83,0,c(-100.154215, 37.91917),"1980","71-0",-100.154215,37.91917,19.3486156,"0-65"
"2649","Hodgeman",-63.26,NA,1980-06-25,375502100090801,83,0,c(-100.154215, 37.91917),"1980","71-0",-100.154215,37.91917,19.3486156,"0-65"
"2650","Hodgeman",-66.52,NA,1980-09-23,375502100090801,83,0,c(-100.154215, 37.91917),"1980","71-0",-100.154215,37.91917,19.3486156,"0-65"
"2651","Wallace",-40.32,NA,1980-01-31,385635101583001,199,0,c(-101.9754691, 38.9419175),"1980","71-0",-101.9754691,38.9419175,10,"0-65"
"2652","Wallace",-39.09,NA,1980-03-11,385635101583001,199,0,c(-101.9754691, 38.9419175),"1980","71-0",-101.9754691,38.9419175,10,"0-65"
"2653","Wichita",-97.3,NA,1980-01-15,381844101152101,203,0,c(-101.2559224, 38.3122415),"1980","143-72",-101.2559224,38.3122415,10,"0-65"
"2654","Reno",-33.78,NA,1980-01-23,374459098140501,155,0,c(-98.2358698, 37.7497127),"1980","71-0",-98.2358698,37.7497127,73.7729492,"66-131"
"2655","Stanton",-177.76,NA,1980-01-17,373558101393901,187,0,c(-101.6599164, 37.5992602),"1980","215-144",-101.6599164,37.5992602,136.7046051,"132-197"
"2656","Stafford",-15.03,"Seward",1980-01-23,380948098465901,185,0,c(-98.784166, 38.163247),"1980","71-0",-98.784166,38.163247,161.1277161,"132-197"
"2657","Meade",-189.59,NA,1980-01-16,370403100344402,119,0,c(-100.5781094, 37.0672483),"1980","215-144",-100.5781094,37.0672483,435.6008911,"393-459"
"2658","Meade",-189.69,NA,1980-01-18,370403100344402,119,0,c(-100.5781094, 37.0672483),"1980","215-144",-100.5781094,37.0672483,435.6008911,"393-459"
"2659","Stanton",-115.25,"Saunders",1980-01-18,372840102014101,187,0,c(-102.0290832, 37.478965),"1980","143-72",-102.0290832,37.478965,10,"0-65"
"2660","Rice",-9.47,"Sterling",1980-01-21,381411098125601,159,0,c(-98.211389, 38.235278),"1980","71-0",-98.211389,38.235278,74.1889801,"66-131"
"2661","Rice",-9.47,"Sterling",1980-06-27,381411098125601,159,0,c(-98.211389, 38.235278),"1980","71-0",-98.211389,38.235278,74.1889801,"66-131"
"2662","Rice",-11.33,"Sterling",1980-12-23,381411098125601,159,0,c(-98.211389, 38.235278),"1980","71-0",-98.211389,38.235278,74.1889801,"66-131"
"2663","Pratt",-35.45,"Stafford SW",1980-01-22,374646098394401,151,0,c(-98.661689, 37.780717),"1980","71-0",-98.661689,37.780717,168.6897583,"132-197"
"2664","Hodgeman",-231.48,NA,1980-04-09,380123099581401,83,0,c(-99.9716998, 38.0233059),"1980","287-216",-99.9716998,38.0233059,NA,NA
"2665","Hodgeman",-228.44,NA,1980-06-25,380123099581401,83,0,c(-99.9716998, 38.0233059),"1980","287-216",-99.9716998,38.0233059,NA,NA
"2666","Hodgeman",-230.72,NA,1980-09-24,380123099581401,83,0,c(-99.9716998, 38.0233059),"1980","287-216",-99.9716998,38.0233059,NA,NA
"2667","Barton",-10.02,"ELLINWOOD",1980-01-22,382004098352101,9,0,c(-98.590532, 38.335152),"1980","71-0",-98.590532,38.335152,79.7419891,"66-131"
"2668","Reno",-10.02,"Little Salt Marsh",1980-01-24,380104098223701,155,0,c(-98.3741956, 38.0169819),"1980","71-0",-98.3741956,38.0169819,141.385376,"132-197"
"2669","Pratt",-85.6,"Croft",1980-01-23,373124098594001,151,0,c(-98.995252, 37.5244694),"1980","143-72",-98.995252,37.5244694,23.4691601,"0-65"
"2670","Logan",-121.12,"Monument",1980-01-07,390537101060901,109,0,c(-101.104332, 39.091238),"1980","143-72",-101.104332,39.091238,50.110199,"0-65"
"2671","Kingman",-7.89,"Kingman",1980-01-23,374055098034401,95,0,c(-98.063237, 37.682838),"1980","71-0",-98.063237,37.682838,15.3611202,"0-65"
"2672","Hamilton",-129.36,NA,1980-01-14,380309101345301,75,0,c(-101.580747, 38.053465),"1980","143-72",-101.580747,38.053465,10,"0-65"
"2673","Ford",-155.45,"Spearville NE",1980-01-04,375353099482001,57,0,c(-99.808075, 37.898299),"1980","215-144",-99.808075,37.898299,NA,NA
"2674","Ford",-149.28,"Spearville NE",1980-04-10,375353099482001,57,0,c(-99.808075, 37.898299),"1980","215-144",-99.808075,37.898299,NA,NA
"2675","Ford",-146.74,"Spearville NE",1980-06-25,375353099482001,57,0,c(-99.808075, 37.898299),"1980","215-144",-99.808075,37.898299,NA,NA
"2676","Ford",-167.21,"Spearville NE",1980-09-22,375353099482001,57,0,c(-99.808075, 37.898299),"1980","215-144",-99.808075,37.898299,NA,NA
"2677","Morton",-206.89,NA,1980-01-17,371833101341501,129,0,c(-101.5739078, 37.3086187),"1980","215-144",-101.5739078,37.3086187,77.3949966,"66-131"
"2678","Morton",-203.42,NA,1980-04-08,371833101341501,129,0,c(-101.5739078, 37.3086187),"1980","215-144",-101.5739078,37.3086187,77.3949966,"66-131"
"2679","Morton",-207.81,NA,1980-10-13,371833101341501,129,0,c(-101.5739078, 37.3086187),"1980","215-144",-101.5739078,37.3086187,77.3949966,"66-131"
"2680","Barton",-8.47,"ELLINWOOD SW",1980-01-22,382044098410801,9,0,c(-98.686985, 38.343763),"1980","71-0",-98.686985,38.343763,126.1700897,"66-131"
"2681","Reno",-27.45,NA,1980-01-30,375507097474501,155,0,c(-97.7982096, 37.919472),"1980","71-0",-97.7982096,37.919472,71.2405548,"66-131"
"2682","Gove",-106.51,NA,1980-01-14,390611100185101,63,0,c(-100.3162595, 39.103355),"1980","143-72",-100.3162595,39.103355,60.7937393,"0-65"
"2683","Gove",-109.77,NA,1980-03-13,390611100185101,63,0,c(-100.3162595, 39.103355),"1980","143-72",-100.3162595,39.103355,60.7937393,"0-65"
"2684","Gove",-107.84,NA,1980-06-05,390611100185101,63,0,c(-100.3162595, 39.103355),"1980","143-72",-100.3162595,39.103355,60.7937393,"0-65"
"2685","Meade",-194.22,"Kismet SE",1980-01-16,370423100344401,119,0,c(-100.579231, 37.072145),"1980","215-144",-100.579231,37.072145,446.8327942,"393-459"
"2686","Reno",-31.07,"Sterling SW",1980-01-22,380712098094801,155,0,c(-98.1618225, 38.1202983),"1980","71-0",-98.1618225,38.1202983,170.2323456,"132-197"
"2687","Sedgwick",-23.64,NA,1980-01-01,375329097284501,173,0,c(-97.4821264, 37.8911303),"1980","71-0",-97.4821264,37.8911303,160.7912445,"132-197"
"2688","Sedgwick",-21.36,NA,1980-03-01,375329097284501,173,0,c(-97.4821264, 37.8911303),"1980","71-0",-97.4821264,37.8911303,160.7912445,"132-197"
"2689","Sedgwick",-20.58,NA,1980-04-01,375329097284501,173,0,c(-97.4821264, 37.8911303),"1980","71-0",-97.4821264,37.8911303,160.7912445,"132-197"
"2690","Sedgwick",-18.41,NA,1980-05-01,375329097284501,173,0,c(-97.4821264, 37.8911303),"1980","71-0",-97.4821264,37.8911303,160.7912445,"132-197"
"2691","Sedgwick",-20.14,NA,1980-08-01,375329097284501,173,0,c(-97.4821264, 37.8911303),"1980","71-0",-97.4821264,37.8911303,160.7912445,"132-197"
"2692","Sedgwick",-24.9,NA,1980-09-01,375329097284501,173,0,c(-97.4821264, 37.8911303),"1980","71-0",-97.4821264,37.8911303,160.7912445,"132-197"
"2693","Sedgwick",-25.09,NA,1980-10-01,375329097284501,173,0,c(-97.4821264, 37.8911303),"1980","71-0",-97.4821264,37.8911303,160.7912445,"132-197"
"2694","Sedgwick",-25.33,NA,1980-12-01,375329097284501,173,0,c(-97.4821264, 37.8911303),"1980","71-0",-97.4821264,37.8911303,160.7912445,"132-197"
"2695","Smith",-22.86,NA,1980-01-02,393936098513001,183,0,c(-98.859014, 39.661953),"1980","71-0",-98.859014,39.661953,NA,NA
"2696","Smith",-23.23,NA,1980-01-31,393936098513001,183,0,c(-98.859014, 39.661953),"1980","71-0",-98.859014,39.661953,NA,NA
"2697","Smith",-23.34,NA,1980-02-27,393936098513001,183,0,c(-98.859014, 39.661953),"1980","71-0",-98.859014,39.661953,NA,NA
"2698","Smith",-23.02,NA,1980-04-07,393936098513001,183,0,c(-98.859014, 39.661953),"1980","71-0",-98.859014,39.661953,NA,NA
"2699","Smith",-22.8,NA,1980-04-29,393936098513001,183,0,c(-98.859014, 39.661953),"1980","71-0",-98.859014,39.661953,NA,NA
"2700","Smith",-23.21,NA,1980-05-30,393936098513001,183,0,c(-98.859014, 39.661953),"1980","71-0",-98.859014,39.661953,NA,NA
"2701","Smith",-23.85,NA,1980-07-02,393936098513001,183,0,c(-98.859014, 39.661953),"1980","71-0",-98.859014,39.661953,NA,NA
"2702","Smith",-23.54,NA,1980-07-30,393936098513001,183,0,c(-98.859014, 39.661953),"1980","71-0",-98.859014,39.661953,NA,NA
"2703","Smith",-23.7,NA,1980-08-22,393936098513001,183,0,c(-98.859014, 39.661953),"1980","71-0",-98.859014,39.661953,NA,NA
"2704","Smith",-24.28,NA,1980-09-30,393936098513001,183,0,c(-98.859014, 39.661953),"1980","71-0",-98.859014,39.661953,NA,NA
"2705","Smith",-24.97,NA,1980-12-30,393936098513001,183,0,c(-98.859014, 39.661953),"1980","71-0",-98.859014,39.661953,NA,NA
"2706","Smith",-9,"CEDAR",1980-05-30,393924098592001,183,0,c(-98.991374, 39.658172),"1980","71-0",-98.991374,39.658172,NA,NA
"2707","Pratt",-33.3,"Coats NE",1980-01-22,374052098513901,151,0,c(-98.861325, 37.679291),"1980","71-0",-98.861325,37.679291,150.5880127,"132-197"
"2708","Wichita",-84.42,NA,1980-01-14,383328101185101,203,0,c(-101.3162761, 38.5573765),"1980","143-72",-101.3162761,38.5573765,35.6262054,"0-65"
"2709","Crawford",-279.9,NA,1980-05-14,373026094501801,37,0,c(-94.8395307, 37.5068948),"1980","287-216",-94.8395307,37.5068948,NA,NA
"2710","Thomas",-115.48,"Spica",1980-01-10,391434100530301,193,0,c(-100.885028, 39.241906),"1980","143-72",-100.885028,39.241906,84.8462067,"66-131"
"2711","Thomas",-114.68,"Spica",1980-03-12,391434100530301,193,0,c(-100.885028, 39.241906),"1980","143-72",-100.885028,39.241906,84.8462067,"66-131"
"2712","Thomas",-115.41,"Spica",1980-06-02,391434100530301,193,0,c(-100.885028, 39.241906),"1980","143-72",-100.885028,39.241906,84.8462067,"66-131"
"2713","Meade",-145.07,NA,1980-01-17,371425100272001,119,0,c(-100.4560692, 37.2405739),"1980","215-144",-100.4560692,37.2405739,239.4807281,"198-262"
"2714","Hamilton",-9.77,"East Bridge Crk S",1980-01-15,380111101594702,75,0,c(-101.995859, 38.020593),"1980","71-0",-101.995859,38.020593,NA,NA
"2715","Stevens",-59.54,NA,1980-01-17,371740101292401,189,0,c(-101.49177, 37.2945779),"1980","71-0",-101.49177,37.2945779,204.1724243,"198-262"
"2716","Stevens",-91.33,"Feterita",1980-01-16,371246101290701,189,0,c(-101.487836, 37.212295),"1980","143-72",-101.487836,37.212295,290.2663574,"263-328"
"2717","Stanton",-230.53,NA,1980-04-08,373901101573501,187,0,c(-101.9612259, 37.6528288),"1980","287-216",-101.9612259,37.6528288,31.7974911,"0-65"
"2718","Harvey",-45.03,"BURRTON",1980-01-01,380331097395402,79,0,c(-97.6667102, 38.058671),"1980","71-0",-97.6667102,38.058671,248.649353,"198-262"
"2719","Harvey",-43.72,"BURRTON",1980-04-01,380331097395402,79,0,c(-97.6667102, 38.058671),"1980","71-0",-97.6667102,38.058671,248.649353,"198-262"
"2720","Harvey",-47.54,"BURRTON",1980-06-25,380331097395402,79,0,c(-97.6667102, 38.058671),"1980","71-0",-97.6667102,38.058671,248.649353,"198-262"
"2721","Harvey",-47.87,"BURRTON",1980-07-01,380331097395402,79,0,c(-97.6667102, 38.058671),"1980","71-0",-97.6667102,38.058671,248.649353,"198-262"
"2722","Harvey",-50.99,"BURRTON",1980-10-01,380331097395402,79,0,c(-97.6667102, 38.058671),"1980","71-0",-97.6667102,38.058671,248.649353,"198-262"
"2723","Harvey",-25.35,"BURRTON",1980-10-07,380331097395402,79,0,c(-97.6667102, 38.058671),"1980","71-0",-97.6667102,38.058671,248.649353,"198-262"
"2724","Harvey",-25.65,"BURRTON",1980-10-20,380331097395402,79,0,c(-97.6667102, 38.058671),"1980","71-0",-97.6667102,38.058671,248.649353,"198-262"
"2725","Meade",-188.86,"Plains",1980-01-18,371618100354701,119,0,c(-100.5989804, 37.2729995),"1980","215-144",-100.5989804,37.2729995,263.5140686,"263-328"
"2726","Stevens",-95.85,NA,1980-01-17,370930101185001,189,0,c(-101.315066, 37.158114),"1980","143-72",-101.315066,37.158114,416.6853027,"393-459"
"2727","Harvey",-5.49,"PATTERSON",1980-01-01,380002097401701,79,0,c(-97.6734709, 38.0005509),"1980","71-0",-97.6734709,38.0005509,113.8329926,"66-131"
"2728","Harvey",-4.37,"PATTERSON",1980-04-01,380002097401701,79,0,c(-97.6734709, 38.0005509),"1980","71-0",-97.6734709,38.0005509,113.8329926,"66-131"
"2729","Harvey",-6.47,"PATTERSON",1980-06-25,380002097401701,79,0,c(-97.6734709, 38.0005509),"1980","71-0",-97.6734709,38.0005509,113.8329926,"66-131"
"2730","Harvey",-5.81,"PATTERSON",1980-07-01,380002097401701,79,0,c(-97.6734709, 38.0005509),"1980","71-0",-97.6734709,38.0005509,113.8329926,"66-131"
"2731","Harvey",-8.3,"PATTERSON",1980-09-30,380002097401701,79,0,c(-97.6734709, 38.0005509),"1980","71-0",-97.6734709,38.0005509,113.8329926,"66-131"
"2732","Harvey",-7.51,"PATTERSON",1980-10-01,380002097401701,79,0,c(-97.6734709, 38.0005509),"1980","71-0",-97.6734709,38.0005509,113.8329926,"66-131"
"2733","Barton",-17.54,"HEIZER",1980-01-22,382743098593801,9,0,c(-98.9949471, 38.4610993),"1980","71-0",-98.9949471,38.4610993,27.8158302,"0-65"
"2734","Morton",-181.85,NA,1980-01-17,371625101332301,129,0,c(-101.5661074, 37.2803731),"1980","215-144",-101.5661074,37.2803731,75,"66-131"
"2735","Morton",-147.28,NA,1980-01-16,371505101535601,129,0,c(-101.9002421, 37.2511301),"1980","215-144",-101.9002421,37.2511301,38.3081512,"0-65"
"2736","Pawnee",-17.8,"Radium",1980-01-01,381253098553801,145,0,c(-98.926272, 38.214414),"1980","71-0",-98.926272,38.214414,153.882309,"132-197"
"2737","Pawnee",-17.8,"Radium",1980-01-23,381253098553801,145,0,c(-98.926272, 38.214414),"1980","71-0",-98.926272,38.214414,153.882309,"132-197"
"2738","Harvey",-18.81,NA,1980-01-01,380002097374001,79,0,c(-97.6298055, 38.0005506),"1980","71-0",-97.6298055,38.0005506,183.1860504,"132-197"
"2739","Harvey",-18.43,NA,1980-04-01,380002097374001,79,0,c(-97.6298055, 38.0005506),"1980","71-0",-97.6298055,38.0005506,183.1860504,"132-197"
"2740","Harvey",-17.83,NA,1980-07-01,380002097374001,79,0,c(-97.6298055, 38.0005506),"1980","71-0",-97.6298055,38.0005506,183.1860504,"132-197"
"2741","Harvey",-19.84,NA,1980-10-01,380002097374001,79,0,c(-97.6298055, 38.0005506),"1980","71-0",-97.6298055,38.0005506,183.1860504,"132-197"
"2742","Rush",-32.83,NA,1980-03-20,382821099262301,165,0,c(-99.4390064, 38.473894),"1980","71-0",-99.4390064,38.473894,NA,NA
"2743","Rush",-32.15,NA,1980-07-02,382821099262301,165,0,c(-99.4390064, 38.473894),"1980","71-0",-99.4390064,38.473894,NA,NA
"2744","Rush",-34.3,NA,1980-09-18,382821099262301,165,0,c(-99.4390064, 38.473894),"1980","71-0",-99.4390064,38.473894,NA,NA
"2745","Rush",-34.46,NA,1980-12-30,382821099262301,165,0,c(-99.4390064, 38.473894),"1980","71-0",-99.4390064,38.473894,NA,NA
"2746","Meade",-163.52,NA,1980-01-16,370754100333501,119,0,c(-100.5610119, 37.1326951),"1980","215-144",-100.5610119,37.1326951,355.5719299,"328-393"
"2747","Meade",-164.04,NA,1980-05-06,370754100333501,119,0,c(-100.5610119, 37.1326951),"1980","215-144",-100.5610119,37.1326951,355.5719299,"328-393"
"2748","Stanton",-163.91,NA,1980-01-18,372504101384901,187,0,c(-101.647545, 37.418831),"1980","215-144",-101.647545,37.418831,47.497673,"0-65"
"2749","Stanton",-155.24,NA,1980-04-08,372504101384901,187,0,c(-101.647545, 37.418831),"1980","215-144",-101.647545,37.418831,47.497673,"0-65"
"2750","Harvey",-27.66,NA,1980-06-22,380048097363203,79,0,c(-97.609134, 38.0132577),"1980","71-0",-97.609134,38.0132577,216.2524719,"198-262"
"2751","Harvey",-25.76,NA,1980-06-25,380048097363203,79,0,c(-97.609134, 38.0132577),"1980","71-0",-97.609134,38.0132577,216.2524719,"198-262"
"2752","Harvey",-29.78,NA,1980-09-29,380048097363203,79,0,c(-97.609134, 38.0132577),"1980","71-0",-97.609134,38.0132577,216.2524719,"198-262"
"2753","Edwards",-33.17,"KINSLEY SW",1980-01-21,374658099244301,47,0,c(-99.4138934, 37.7900177),"1980","71-0",-99.4138934,37.7900177,136.4716949,"132-197"
"2754","Rush",-32.01,"Timken",1980-03-20,382822099104601,165,0,c(-99.179418, 38.473093),"1980","71-0",-99.179418,38.473093,25,"0-65"
"2755","Rush",-31.27,"Timken",1980-07-02,382822099104601,165,0,c(-99.179418, 38.473093),"1980","71-0",-99.179418,38.473093,25,"0-65"
"2756","Rush",-32.75,"Timken",1980-09-18,382822099104601,165,0,c(-99.179418, 38.473093),"1980","71-0",-99.179418,38.473093,25,"0-65"
"2757","Rush",-33.91,"Timken",1980-12-30,382822099104601,165,0,c(-99.179418, 38.473093),"1980","71-0",-99.179418,38.473093,25,"0-65"
"2758","Meade",-22.76,"Kismet SE",1980-01-16,370048100342101,119,0,c(-100.5707865, 37.0172654),"1980","71-0",-100.5707865,37.0172654,247.8323669,"198-262"
"2759","Stanton",-177.77,NA,1980-01-18,372642101380001,187,0,c(-101.6340246, 37.4456166),"1980","215-144",-101.6340246,37.4456166,79.2357864,"66-131"
"2760","Comanche",-73.8,"COLDWATER",1980-03-21,371958099190101,33,0,c(-99.3176114, 37.3340603),"1980","143-72",-99.3176114,37.3340603,25,"0-65"
"2761","Comanche",-73.69,"COLDWATER",1980-06-23,371958099190101,33,0,c(-99.3176114, 37.3340603),"1980","143-72",-99.3176114,37.3340603,25,"0-65"
"2762","Comanche",-74.79,"COLDWATER",1980-09-15,371958099190101,33,0,c(-99.3176114, 37.3340603),"1980","143-72",-99.3176114,37.3340603,25,"0-65"
"2763","Stevens",-229.89,NA,1980-01-16,372220101103001,189,0,c(-101.1755661, 37.3722509),"1980","287-216",-101.1755661,37.3722509,142.460144,"132-197"
"2764","Stevens",-136.34,"Rolla SE",1980-01-16,370517101324601,189,0,c(-101.545538, 37.086326),"1980","143-72",-101.545538,37.086326,350.4580688,"328-393"
"2765","Kiowa",-143.11,"Greensburg",1980-03-21,373258099152101,97,0,c(-99.2562948, 37.5510424),"1980","143-72",-99.2562948,37.5510424,45.908268,"0-65"
"2766","Kiowa",-142.99,"Greensburg",1980-07-14,373258099152101,97,0,c(-99.2562948, 37.5510424),"1980","143-72",-99.2562948,37.5510424,45.908268,"0-65"
"2767","Kiowa",-144.53,"Greensburg",1980-09-15,373258099152101,97,0,c(-99.2562948, 37.5510424),"1980","215-144",-99.2562948,37.5510424,45.908268,"0-65"
"2768","Edwards",-9.29,"TROUSDALE",1980-01-22,374731099035701,47,0,c(-99.06855, 37.791616),"1980","71-0",-99.06855,37.791616,213.0427704,"198-262"
"2769","Stanton",-132.3,"Big Bow",1980-01-17,373703101334001,187,0,c(-101.562498, 37.619252),"1980","143-72",-101.562498,37.619252,156.5352173,"132-197"
"2770","Stanton",-131.77,"Big Bow",1980-04-09,373703101334001,187,0,c(-101.562498, 37.619252),"1980","143-72",-101.562498,37.619252,156.5352173,"132-197"
"2771","Stanton",-132.81,"Big Bow",1980-10-13,373703101334001,187,0,c(-101.562498, 37.619252),"1980","143-72",-101.562498,37.619252,156.5352173,"132-197"
"2772","Harvey",-12.11,"BURRTON",1980-01-01,380146097394502,79,0,c(-97.6645064, 38.0295792),"1980","71-0",-97.6645064,38.0295792,183.6156006,"132-197"
"2773","Harvey",-12.32,"BURRTON",1980-04-01,380146097394502,79,0,c(-97.6645064, 38.0295792),"1980","71-0",-97.6645064,38.0295792,183.6156006,"132-197"
"2774","Harvey",-13.03,"BURRTON",1980-06-25,380146097394502,79,0,c(-97.6645064, 38.0295792),"1980","71-0",-97.6645064,38.0295792,183.6156006,"132-197"
"2775","Harvey",-12.23,"BURRTON",1980-07-01,380146097394502,79,0,c(-97.6645064, 38.0295792),"1980","71-0",-97.6645064,38.0295792,183.6156006,"132-197"
"2776","Harvey",-14.7,"BURRTON",1980-09-30,380146097394502,79,0,c(-97.6645064, 38.0295792),"1980","71-0",-97.6645064,38.0295792,183.6156006,"132-197"
"2777","Harvey",-13.72,"BURRTON",1980-10-01,380146097394502,79,0,c(-97.6645064, 38.0295792),"1980","71-0",-97.6645064,38.0295792,183.6156006,"132-197"
"2778","Pawnee",-18.98,NA,1980-01-23,380118099080901,145,0,c(-99.1367418, 38.0216254),"1980","71-0",-99.1367418,38.0216254,105.3648987,"66-131"
"2779","Harvey",-8.68,NA,1980-01-01,380318097392901,79,0,c(-97.6598831, 38.0550745),"1980","71-0",-97.6598831,38.0550745,240.2308044,"198-262"
"2780","Harvey",-6.4,NA,1980-04-01,380318097392901,79,0,c(-97.6598831, 38.0550745),"1980","71-0",-97.6598831,38.0550745,240.2308044,"198-262"
"2781","Harvey",-8.65,NA,1980-07-01,380318097392901,79,0,c(-97.6598831, 38.0550745),"1980","71-0",-97.6598831,38.0550745,240.2308044,"198-262"
"2782","Harvey",-11.16,NA,1980-10-01,380318097392901,79,0,c(-97.6598831, 38.0550745),"1980","71-0",-97.6598831,38.0550745,240.2308044,"198-262"
"2783","Harvey",-16.76,NA,1980-01-31,380528097252601,79,0,c(-97.4258191, 38.091145),"1980","71-0",-97.4258191,38.091145,23.7789669,"0-65"
"2784","Morton",-38.7,"Elkhart North",1980-01-17,370717101544501,129,0,c(-101.912846, 37.120923),"1980","71-0",-101.912846,37.120923,28.8643799,"0-65"
"2785","Reno",-1.99,"Hutchinson SE",1980-01-30,380509097450202,155,0,c(-97.750958, 38.08587),"1980","71-0",-97.750958,38.08587,125.4256134,"66-131"
"2786","Edwards",-44.65,"Centerview",1980-01-22,374803099205402,47,0,c(-99.34951, 37.805767),"1980","71-0",-99.34951,37.805767,125.1701508,"66-131"
"2787","Edwards",-43.36,"Centerview",1980-04-10,374803099205402,47,0,c(-99.34951, 37.805767),"1980","71-0",-99.34951,37.805767,125.1701508,"66-131"
"2788","Edwards",-43.78,"Centerview",1980-06-24,374803099205402,47,0,c(-99.34951, 37.805767),"1980","71-0",-99.34951,37.805767,125.1701508,"66-131"
"2789","Edwards",-45.52,"Centerview",1980-09-22,374803099205402,47,0,c(-99.34951, 37.805767),"1980","71-0",-99.34951,37.805767,125.1701508,"66-131"
"2790","Harvey",-1.32,NA,1980-01-01,380239097395401,79,0,c(-97.6666978, 38.0441453),"1980","71-0",-97.6666978,38.0441453,214.6763,"198-262"
"2791","Harvey",1.23,NA,1980-04-01,380239097395401,79,0,c(-97.6666978, 38.0441453),"1980","+1-10",-97.6666978,38.0441453,214.6763,"198-262"
"2792","Harvey",-1.92,NA,1980-10-01,380239097395401,79,0,c(-97.6666978, 38.0441453),"1980","71-0",-97.6666978,38.0441453,214.6763,"198-262"
"2793","Stafford",-24.61,"GREAT BEND 3 SE",1980-01-23,380519098492701,185,0,c(-98.825836, 38.090697),"1980","71-0",-98.825836,38.090697,117.6904297,"66-131"
"2794","Hamilton",-10.84,"Syracuse West NW",1980-01-16,375953101553901,75,0,c(-101.928426, 37.998193),"1980","71-0",-101.928426,37.998193,NA,NA
"2795","Sherman",-147.16,"Goodland NE",1980-01-09,392613101372701,181,0,c(-101.6242432, 39.4375188),"1980","215-144",-101.6242432,39.4375188,173.0583496,"132-197"
"2796","Haskell",-302.11,NA,1980-01-09,373604100563201,81,0,c(-100.9428299, 37.5996612),"1980","359-288",-100.9428299,37.5996612,170.0348969,"132-197"
"2797","Haskell",-301.53,NA,1980-05-08,373604100563201,81,0,c(-100.9428299, 37.5996612),"1980","359-288",-100.9428299,37.5996612,170.0348969,"132-197"
"2798","Haskell",-313.87,NA,1980-10-14,373604100563201,81,0,c(-100.9428299, 37.5996612),"1980","359-288",-100.9428299,37.5996612,170.0348969,"132-197"
"2799","Haskell",-327.81,NA,1980-01-08,373642101011201,81,0,c(-101.0200179, 37.6126329),"1980","359-288",-101.0200179,37.6126329,184.3360443,"132-197"
"2800","Hamilton",-24.01,"East Bridge Crk S",1980-01-14,380105101544101,75,0,c(-101.9118268, 38.0181976),"1980","71-0",-101.9118268,38.0181976,NA,NA
"2801","Haskell",-272.63,NA,1980-01-08,372924101025801,81,0,c(-101.0498514, 37.4904767),"1980","287-216",-101.0498514,37.4904767,180.7355652,"132-197"
"2802","Hamilton",-293.8,"Sand Creek",1980-01-14,380105101433601,75,0,c(-101.728749, 38.018934),"1980","359-288",-101.728749,38.018934,10,"0-65"
"2803","Seward",-209.41,"Kismet",1980-01-17,371403100394301,175,0,c(-100.6632292, 37.2348488),"1980","215-144",-100.6632292,37.2348488,183.2065277,"132-197"
"2804","Grant",-243.25,"Ulysses SW",1980-01-17,373009101234301,67,0,c(-101.3954948, 37.5031),"1980","287-216",-101.3954948,37.5031,195.8860016,"132-197"
"2805","Phillips",-25.9,NA,1980-05-30,394016099051401,147,0,c(-99.084937, 39.670711),"1980","71-0",-99.084937,39.670711,NA,NA
"2806","Haskell",-206.56,"COPELAND NW",1980-01-07,373808100421001,81,0,c(-100.7075357, 37.6349317),"1980","215-144",-100.7075357,37.6349317,217.3469543,"198-262"
"2807","Grant",-186.69,NA,1980-01-16,374314101195601,67,0,c(-101.3331004, 37.7207358),"1980","215-144",-101.3331004,37.7207358,89.4393539,"66-131"
"2808","Hamilton",-28.99,"East Bridge Crk S",1980-01-14,380105101534401,75,0,c(-101.896555, 38.018443),"1980","71-0",-101.896555,38.018443,NA,NA
"2809","Sherman",-158.82,NA,1980-01-10,392922101454001,181,0,c(-101.7615457, 39.4897876),"1980","215-144",-101.7615457,39.4897876,152.6803894,"132-197"
"2810","Haskell",-306.5,NA,1980-01-08,373411101031501,81,0,c(-101.0550644, 37.5701983),"1980","359-288",-101.0550644,37.5701983,206.2101288,"198-262"
"2811","Sherman",-177.7,NA,1980-01-07,392008101391701,181,0,c(-101.6556448, 39.3367284),"1980","215-144",-101.6556448,39.3367284,101.849205,"66-131"
"2812","Sherman",-105.18,NA,1980-01-08,391032102012201,181,0,c(-102.024458, 39.176572),"1980","143-72",-102.024458,39.176572,71.5361786,"66-131"
"2813","Grant",-268.98,NA,1980-01-16,373255101062501,67,0,c(-101.1081763, 37.54842),"1980","287-216",-101.1081763,37.54842,202.8788452,"198-262"
"2814","Stanton",-168.86,NA,1980-01-18,372336101360101,187,0,c(-101.5989961, 37.3931941),"1980","215-144",-101.5989961,37.3931941,57.4000397,"0-65"
"2815","Haskell",-218.85,"HICKOK NE",1980-01-08,374011101020902,81,0,c(-101.0363218, 37.6701887),"1980","287-216",-101.0363218,37.6701887,178.2345581,"132-197"
"2816","Hamilton",-113.86,"Durkee Creek NE",1980-01-15,375749102010201,75,0,c(-102.017533, 37.963913),"1980","143-72",-102.017533,37.963913,10,"0-65"
"2817","Haskell",-246.76,NA,1980-01-08,374013100564001,81,0,c(-100.9444643, 37.6710325),"1980","287-216",-100.9444643,37.6710325,160.6648407,"132-197"
"2818","Haskell",-245.91,NA,1980-05-08,374013100564001,81,0,c(-100.9444643, 37.6710325),"1980","287-216",-100.9444643,37.6710325,160.6648407,"132-197"
"2819","Grant",-170.06,NA,1980-01-16,374142101175001,67,0,c(-101.2978919, 37.6958294),"1980","215-144",-101.2978919,37.6958294,86.9191437,"66-131"
"2820","Haskell",-225.37,NA,1980-01-07,373433100435801,81,0,c(-100.7333214, 37.5756928),"1980","287-216",-100.7333214,37.5756928,192.7392883,"132-197"
"2821","Haskell",-276.74,NA,1980-01-07,373710100521001,81,0,c(-100.870165, 37.618611),"1980","287-216",-100.870165,37.618611,179.4963989,"132-197"
"2822","Haskell",-272.46,NA,1980-05-08,373710100521001,81,0,c(-100.870165, 37.618611),"1980","287-216",-100.870165,37.618611,179.4963989,"132-197"
"2823","Sherman",-132.12,"Goodland NW",1980-01-10,392429101441801,181,0,c(-101.740751, 39.409098),"1980","143-72",-101.740751,39.409098,163.0845795,"132-197"
"2824","Sherman",-131.4,"Goodland NW",1980-03-11,392429101441801,181,0,c(-101.740751, 39.409098),"1980","143-72",-101.740751,39.409098,163.0845795,"132-197"
"2825","Sherman",-130.12,"Goodland NW",1980-06-03,392429101441801,181,0,c(-101.740751, 39.409098),"1980","143-72",-101.740751,39.409098,163.0845795,"132-197"
"2826","Sherman",-135.98,"Goodland NW",1980-09-09,392429101441801,181,0,c(-101.740751, 39.409098),"1980","143-72",-101.740751,39.409098,163.0845795,"132-197"
"2827","Sherman",-166.14,"Ruleton",1980-01-08,391638101580901,181,0,c(-101.967957, 39.27827),"1980","215-144",-101.967957,39.27827,58.553463,"0-65"
"2828","Sherman",-165.42,"Ruleton",1980-03-11,391638101580901,181,0,c(-101.967957, 39.27827),"1980","215-144",-101.967957,39.27827,58.553463,"0-65"
"2829","Sherman",-164.83,"Ruleton",1980-06-02,391638101580901,181,0,c(-101.967957, 39.27827),"1980","215-144",-101.967957,39.27827,58.553463,"0-65"
"2830","Sherman",-173,"Ruleton",1980-09-09,391638101580901,181,0,c(-101.967957, 39.27827),"1980","215-144",-101.967957,39.27827,58.553463,"0-65"
"2831","Hamilton",-162.64,"Syracuse West NW",1980-01-15,375544101553801,75,0,c(-101.927256, 37.928783),"1980","215-144",-101.927256,37.928783,10,"0-65"
"2832","Sherman",-197.31,"Kanorado NE",1980-01-10,392730102022801,181,0,c(-102.042961, 39.457926),"1980","215-144",-102.042961,39.457926,101.7619324,"66-131"
"2833","Sherman",-136.49,"Kanorado NE",1980-01-10,392618102022101,181,0,c(-102.041761, 39.437566),"1980","143-72",-102.041761,39.437566,104.169548,"66-131"
"2834","Grant",-191.1,NA,1980-01-17,373159101302301,67,0,c(-101.5070287, 37.5350248),"1980","215-144",-101.5070287,37.5350248,182.7784576,"132-197"
"2835","Grant",-215.19,NA,1980-01-17,373758101313001,67,0,c(-101.5253001, 37.6339252),"1980","215-144",-101.5253001,37.6339252,130.2704315,"66-131"
"2836","Grant",-206.61,NA,1980-04-09,373758101313001,67,0,c(-101.5253001, 37.6339252),"1980","215-144",-101.5253001,37.6339252,130.2704315,"66-131"
"2837","Grant",-215.22,NA,1980-08-06,373758101313001,67,0,c(-101.5253001, 37.6339252),"1980","215-144",-101.5253001,37.6339252,130.2704315,"66-131"
"2838","Grant",-218.86,NA,1980-10-14,373758101313001,67,0,c(-101.5253001, 37.6339252),"1980","287-216",-101.5253001,37.6339252,130.2704315,"66-131"
"2839","Smith",-13.3,"KIRWIN",1980-05-30,393940099035501,183,0,c(-99.066213, 39.660449),"1980","71-0",-99.066213,39.660449,NA,NA
"2840","Haskell",-131.41,"Copeland NW",1980-01-07,374044100395001,81,0,c(-100.6625268, 37.6790745),"1980","143-72",-100.6625268,37.6790745,195.0533905,"132-197"
"2841","Sherman",-113.96,"Ruleton SE",1980-01-09,392000101511701,181,0,c(-101.855154, 39.334279),"1980","143-72",-101.855154,39.334279,126.3245773,"66-131"
"2842","Sherman",-132.25,NA,1980-01-07,392003101271601,181,0,c(-101.4568474, 39.3351918),"1980","143-72",-101.4568474,39.3351918,88.8722687,"66-131"
"2843","Stevens",-148.16,"Moscow",1980-01-16,371621101082601,189,0,c(-101.141336, 37.2722685),"1980","215-144",-101.141336,37.2722685,211.4389038,"198-262"
"2844","Stevens",-144.01,"Moscow",1980-04-08,371621101082601,189,0,c(-101.141336, 37.2722685),"1980","215-144",-101.141336,37.2722685,211.4389038,"198-262"
"2845","Stevens",-151.91,NA,1980-01-16,370654101252001,189,0,c(-101.423611, 37.1165309),"1980","215-144",-101.423611,37.1165309,322.5377808,"263-328"
"2846","Stevens",-147.25,NA,1980-04-08,370654101252001,189,0,c(-101.423611, 37.1165309),"1980","215-144",-101.423611,37.1165309,322.5377808,"263-328"
"2847","Stevens",-148.81,NA,1980-10-13,370654101252001,189,0,c(-101.423611, 37.1165309),"1980","215-144",-101.423611,37.1165309,322.5377808,"263-328"
"2848","Sherman",-9.6,"Dewey Ranch SW",1980-01-09,393310101295101,181,0,c(-101.497344, 39.554568),"1980","71-0",-101.497344,39.554568,135.7448578,"132-197"
"2849","Haskell",-138.56,"Wild Horse Lake",1980-01-07,374343100520801,81,0,c(-100.870742, 37.729794),"1980","143-72",-100.870742,37.729794,200.5233459,"198-262"
"2850","Sherman",-149.21,"Horsethief Draw NW",1980-01-09,391401101531801,181,0,c(-101.8895493, 39.2346196),"1980","215-144",-101.8895493,39.2346196,113.7841263,"66-131"
"2851","Sherman",-152.4,NA,1980-01-10,392645101534401,181,0,c(-101.8954138, 39.4464767),"1980","215-144",-101.8954138,39.4464767,129.5912628,"66-131"
"2852","Haskell",-129.14,NA,1980-01-07,374125100432401,81,0,c(-100.7205419, 37.6890235),"1980","143-72",-100.7205419,37.6890235,213.7266235,"198-262"
"2853","Haskell",-207.31,"Copeland",1980-01-07,373352100411301,81,0,c(-100.6889348, 37.5641335),"1980","215-144",-100.6889348,37.5641335,193.8433075,"132-197"
"2854","McPherson",-9.75,NA,1980-01-29,381807097253201,113,0,c(-97.4264915, 38.3033775),"1980","71-0",-97.4264915,38.3033775,59.2187767,"0-65"
"2855","Stanton",-223.9,NA,1980-01-18,373202101523501,187,0,c(-101.8754093, 37.5372118),"1980","287-216",-101.8754093,37.5372118,10,"0-65"
"2856","Stanton",-160.51,"Johnson NE",1980-01-17,373901101464301,187,0,c(-101.779666, 37.650665),"1980","215-144",-101.779666,37.650665,92.6709824,"66-131"
"2857","Sherman",-16.27,"Horsethief Draw NE",1980-01-08,391158101460401,181,0,c(-101.766151, 39.199632),"1980","71-0",-101.766151,39.199632,44.6038704,"0-65"
"2858","Phillips",-39.96,"PHILLIPSBURG SOUTH",1980-03-06,394105099192201,147,0,c(-99.3221127, 39.684293),"1980","71-0",-99.3221127,39.684293,NA,NA
"2859","Phillips",-39.56,"PHILLIPSBURG SOUTH",1980-08-22,394105099192201,147,0,c(-99.3221127, 39.684293),"1980","71-0",-99.3221127,39.684293,NA,NA
"2860","Phillips",-39.63,"PHILLIPSBURG SOUTH",1980-12-30,394105099192201,147,0,c(-99.3221127, 39.684293),"1980","71-0",-99.3221127,39.684293,NA,NA
"2861","Stevens",-187.57,"Rolla SE",1980-01-16,370057101324601,189,0,c(-101.546638, 37.015597),"1980","215-144",-101.546638,37.015597,265.3581848,"263-328"
"2862","Sherman",-169.2,"Bird City South SE",1980-01-09,393304101334601,181,0,c(-101.560245, 39.552617),"1980","215-144",-101.560245,39.552617,137.6773071,"132-197"
"2863","Hamilton",-13.25,"East Bridge Crk S",1980-01-16,380025101553001,75,0,c(-101.926656, 38.008093),"1980","71-0",-101.926656,38.008093,NA,NA
"2864","Grant",-173.54,"ULYSSES NW",1980-01-17,373748101260301,67,0,c(-101.435348, 37.630069),"1980","215-144",-101.435348,37.630069,98.3020706,"66-131"
"2865","Grant",-51.16,NA,1980-01-16,372444101125601,67,0,c(-101.2153941, 37.4123147),"1980","71-0",-101.2153941,37.4123147,159.5099487,"132-197"
"2866","Grant",-266.85,NA,1980-01-15,373807101133602,67,0,c(-101.2273959, 37.6352236),"1980","287-216",-101.2273959,37.6352236,131.7519531,"66-131"
"2867","Hamilton",-27.11,"East Bridge Crk S",1980-01-14,380210101584801,75,0,c(-101.9805544, 38.0346618),"1980","71-0",-101.9805544,38.0346618,NA,NA
"2868","Grant",-169.1,NA,1980-01-17,373414101285803,67,0,c(-101.4830889, 37.5711961),"1980","215-144",-101.4830889,37.5711961,176.0254517,"132-197"
"2869","Grant",-170.36,NA,1980-04-09,373414101285803,67,0,c(-101.4830889, 37.5711961),"1980","215-144",-101.4830889,37.5711961,176.0254517,"132-197"
"2870","Grant",-170.41,NA,1980-08-06,373414101285803,67,0,c(-101.4830889, 37.5711961),"1980","215-144",-101.4830889,37.5711961,176.0254517,"132-197"
"2871","Stevens",-80.76,NA,1980-01-16,371134101211701,189,0,c(-101.3568237, 37.1933897),"1980","143-72",-101.3568237,37.1933897,389.5480652,"328-393"
"2872","Stanton",-165.95,NA,1980-01-16,373413101504101,187,0,c(-101.8487706, 37.5707164),"1980","215-144",-101.8487706,37.5707164,31.4392624,"0-65"
"2873","Stevens",-173.66,NA,1980-01-17,371800101320601,189,0,c(-101.538038, 37.300193),"1980","215-144",-101.538038,37.300193,133.1452637,"132-197"
"2874","Stevens",-208.4,NA,1980-01-16,371746101203601,189,0,c(-101.3448485, 37.2962463),"1980","215-144",-101.3448485,37.2962463,286.6643372,"263-328"
"2875","Morton",-74.12,"Rolla NE",1980-01-17,371103101334301,129,0,c(-101.563638, 37.184785),"1980","143-72",-101.563638,37.184785,269.3349609,"263-328"
"2876","Stevens",-100.7,"Rolla SE",1980-01-16,370655101315801,189,0,c(-101.533137, 37.115476),"1980","143-72",-101.533137,37.115476,339.8289185,"328-393"
"2877","Grant",-202.35,NA,1980-01-16,374038101260401,67,0,c(-101.4344145, 37.6750966),"1980","215-144",-101.4344145,37.6750966,85.2181396,"66-131"
"2878","Morton",-40.41,NA,1980-01-17,371245101494701,129,0,c(-101.8299309, 37.2125068),"1980","71-0",-101.8299309,37.2125068,35.8301544,"0-65"
"2879","Stanton",-149.61,NA,1980-01-18,372827101330601,187,0,c(-101.5522212, 37.4750774),"1980","215-144",-101.5522212,37.4750774,153.1199036,"132-197"
"2880","Sherman",-15.26,NA,1980-01-09,393107101350301,181,0,c(-101.5865425, 39.5183869),"1980","71-0",-101.5865425,39.5183869,138.0053101,"132-197"
"2881","Sherman",-161.14,"Goodland",1980-01-10,392107101400701,181,0,c(-101.669849, 39.35137),"1980","215-144",-101.669849,39.35137,101.3379364,"66-131"
"2882","Sherman",-161.06,"Goodland",1980-03-11,392107101400701,181,0,c(-101.669849, 39.35137),"1980","215-144",-101.669849,39.35137,101.3379364,"66-131"
"2883","Sherman",-160.81,"Goodland",1980-06-03,392107101400701,181,0,c(-101.669849, 39.35137),"1980","215-144",-101.669849,39.35137,101.3379364,"66-131"
"2884","Sherman",-164.94,"Goodland",1980-09-09,392107101400701,181,0,c(-101.669849, 39.35137),"1980","215-144",-101.669849,39.35137,101.3379364,"66-131"
"2885","Sherman",-160.17,"Ruleton NW",1980-01-10,393001101524301,181,0,c(-101.8796547, 39.4998143),"1980","215-144",-101.8796547,39.4998143,139.0107422,"132-197"
"2886","Grant",-159.17,"Wagon Bed Spring NW",1980-01-17,372608101273901,67,0,c(-101.461943, 37.435342),"1980","215-144",-101.461943,37.435342,177.7355042,"132-197"
"2887","Sherman",-200.39,"Bonny Reservoir SE",1980-01-09,393020102022701,181,0,c(-102.0419581, 39.5052738),"1980","215-144",-102.0419581,39.5052738,95.110321,"66-131"
"2888","Sherman",-182.09,NA,1980-01-10,392107101413901,181,0,c(-101.6947479, 39.3527095),"1980","215-144",-101.6947479,39.3527095,95.3354187,"66-131"
"2889","Sherman",-131.33,"Ruleton SE",1980-01-10,392113101484901,181,0,c(-101.812453, 39.353499),"1980","143-72",-101.812453,39.353499,119.9583664,"66-131"
"2890","Sherman",-113.21,NA,1980-01-09,392014101490601,181,0,c(-101.8182574, 39.3373148),"1980","143-72",-101.8182574,39.3373148,119.6664581,"66-131"
"2891","Sherman",-111.19,NA,1980-03-11,392014101490601,181,0,c(-101.8182574, 39.3373148),"1980","143-72",-101.8182574,39.3373148,119.6664581,"66-131"
"2892","Sherman",-109.86,NA,1980-06-03,392014101490601,181,0,c(-101.8182574, 39.3373148),"1980","143-72",-101.8182574,39.3373148,119.6664581,"66-131"
"2893","Sherman",-112.71,NA,1980-09-09,392014101490601,181,0,c(-101.8182574, 39.3373148),"1980","143-72",-101.8182574,39.3373148,119.6664581,"66-131"
"2894","Stanton",-173.57,NA,1980-01-17,373433101320201,187,0,c(-101.5344, 37.5760182),"1980","215-144",-101.5344,37.5760182,166.473938,"132-197"
"2895","Stanton",-182.21,NA,1980-10-13,373433101320201,187,0,c(-101.5344, 37.5760182),"1980","215-144",-101.5344,37.5760182,166.473938,"132-197"
"2896","Stanton",-140.06,"Big Bow NW",1980-01-17,374006101390601,187,0,c(-101.653157, 37.669057),"1980","143-72",-101.653157,37.669057,108.7837372,"66-131"
"2897","Stanton",-209.92,NA,1980-01-16,373413101380001,187,0,c(-101.635347, 37.5699069),"1980","215-144",-101.635347,37.5699069,145.2206421,"132-197"
"2898","Sherman",-76.09,"Kanorado",1980-01-08,391828102024901,181,0,c(-102.04696, 39.307569),"1980","143-72",-102.04696,39.307569,65.602356,"0-65"
"2899","Sherman",-76.08,"Kanorado",1980-03-11,391828102024901,181,0,c(-102.04696, 39.307569),"1980","143-72",-102.04696,39.307569,65.602356,"0-65"
"2900","Sherman",-76.31,"Kanorado",1980-06-02,391828102024901,181,0,c(-102.04696, 39.307569),"1980","143-72",-102.04696,39.307569,65.602356,"0-65"
"2901","Sherman",-76.42,"Kanorado",1980-09-09,391828102024901,181,0,c(-102.04696, 39.307569),"1980","143-72",-102.04696,39.307569,65.602356,"0-65"
"2902","Stanton",-81.19,NA,1980-01-17,374105101412501,187,0,c(-101.6910466, 37.6851237),"1980","143-72",-101.6910466,37.6851237,78.884079,"66-131"
"2903","Stanton",-79.35,NA,1980-04-09,374105101412501,187,0,c(-101.6910466, 37.6851237),"1980","143-72",-101.6910466,37.6851237,78.884079,"66-131"
"2904","Stanton",-79.96,NA,1980-08-05,374105101412501,187,0,c(-101.6910466, 37.6851237),"1980","143-72",-101.6910466,37.6851237,78.884079,"66-131"
"2905","Stanton",-79.57,NA,1980-10-13,374105101412501,187,0,c(-101.6910466, 37.6851237),"1980","143-72",-101.6910466,37.6851237,78.884079,"66-131"
"2906","Stevens",-145.44,NA,1980-01-16,370931101280201,189,0,c(-101.469236, 37.158645),"1980","215-144",-101.469236,37.158645,278.6194458,"263-328"
"2907","Stevens",-143.98,NA,1980-04-08,370931101280201,189,0,c(-101.469236, 37.158645),"1980","143-72",-101.469236,37.158645,278.6194458,"263-328"
"2908","Stevens",-156.82,NA,1980-08-05,370931101280201,189,0,c(-101.469236, 37.158645),"1980","215-144",-101.469236,37.158645,278.6194458,"263-328"
"2909","Stevens",-154.18,NA,1980-10-13,370931101280201,189,0,c(-101.469236, 37.158645),"1980","215-144",-101.469236,37.158645,278.6194458,"263-328"
"2910","Stevens",-112.5,"Woods SW",1980-01-17,370218101103301,189,0,c(-101.176441, 37.038046),"1980","143-72",-101.176441,37.038046,417.9113464,"393-459"
"2911","Hamilton",-20.7,"Syracuse West",1980-01-14,375927101454301,75,0,c(-101.76205, 37.991163),"1980","71-0",-101.76205,37.991163,10,"0-65"
"2912","Stanton",-133.5,NA,1980-01-17,373024101313601,187,0,c(-101.5272581, 37.5070519),"1980","143-72",-101.5272581,37.5070519,175.7566833,"132-197"
"2913","Morton",-101.04,NA,1980-01-17,371143102010701,129,0,c(-102.0191269, 37.1991295),"1980","143-72",-102.0191269,37.1991295,30.4311752,"0-65"
"2914","Stanton",-190.13,"Johnson East",1980-04-09,373716101380902,187,0,c(-101.635165, 37.621434),"1980","215-144",-101.635165,37.621434,167.3129272,"132-197"
"2915","Stanton",-203.24,"Johnson East",1980-08-05,373716101380902,187,0,c(-101.635165, 37.621434),"1980","215-144",-101.635165,37.621434,167.3129272,"132-197"
"2916","Stanton",-208.39,"Johnson East",1980-10-13,373716101380902,187,0,c(-101.635165, 37.621434),"1980","215-144",-101.635165,37.621434,167.3129272,"132-197"
"2917","Stanton",-170.4,"Big Bow NE",1980-01-17,374039101343701,187,0,c(-101.576699, 37.678391),"1980","215-144",-101.576699,37.678391,107.2616882,"66-131"
"2918","Stanton",-176.81,"Big Bow NE",1980-04-09,374039101343701,187,0,c(-101.576699, 37.678391),"1980","215-144",-101.576699,37.678391,107.2616882,"66-131"
"2919","Stanton",-181.28,"Big Bow NE",1980-10-13,374039101343701,187,0,c(-101.576699, 37.678391),"1980","215-144",-101.576699,37.678391,107.2616882,"66-131"
"2920","Stafford",-19.91,"Stafford NW",1980-01-01,375439098413701,185,0,c(-98.691872, 37.911983),"1980","71-0",-98.691872,37.911983,137.6725464,"132-197"
"2921","Stafford",-19.96,"Stafford NW",1980-04-10,375439098413701,185,0,c(-98.691872, 37.911983),"1980","71-0",-98.691872,37.911983,137.6725464,"132-197"
"2922","Stafford",-19.29,"Stafford NW",1980-05-08,375439098413701,185,0,c(-98.691872, 37.911983),"1980","71-0",-98.691872,37.911983,137.6725464,"132-197"
"2923","Stafford",-19.06,"Stafford NW",1980-06-26,375439098413701,185,0,c(-98.691872, 37.911983),"1980","71-0",-98.691872,37.911983,137.6725464,"132-197"
"2924","Stafford",-21.73,"Stafford NW",1980-09-16,375439098413701,185,0,c(-98.691872, 37.911983),"1980","71-0",-98.691872,37.911983,137.6725464,"132-197"
"2925","Stanton",-171.24,NA,1980-01-17,374111101330802,187,0,c(-101.5542475, 37.6870254),"1980","215-144",-101.5542475,37.6870254,108.6349869,"66-131"
"2926","Stanton",-224.57,NA,1980-01-17,373901101334801,187,0,c(-101.5639959, 37.6503592),"1980","287-216",-101.5639959,37.6503592,131.82724,"66-131"
"2927","Pawnee",-54.08,"Rozel",1980-01-22,380929099240301,145,0,c(-99.4051412, 38.1607242),"1980","71-0",-99.4051412,38.1607242,38.9832077,"0-65"
"2928","Pawnee",-52.18,"Rozel",1980-03-20,380929099240301,145,0,c(-99.4051412, 38.1607242),"1980","71-0",-99.4051412,38.1607242,38.9832077,"0-65"
"2929","Pawnee",-59.54,"Rozel",1980-07-02,380929099240301,145,0,c(-99.4051412, 38.1607242),"1980","71-0",-99.4051412,38.1607242,38.9832077,"0-65"
"2930","Pawnee",-65.58,"Rozel",1980-09-18,380929099240301,145,0,c(-99.4051412, 38.1607242),"1980","71-0",-99.4051412,38.1607242,38.9832077,"0-65"
"2931","Pawnee",-64.53,"Rozel",1980-12-30,380929099240301,145,0,c(-99.4051412, 38.1607242),"1980","71-0",-99.4051412,38.1607242,38.9832077,"0-65"
"2932","Wichita",-130.2,NA,1980-01-14,383038101183401,203,0,c(-101.311484, 38.5096893),"1980","143-72",-101.311484,38.5096893,36.5239944,"0-65"
"2933","Ellsworth",-34.42,"LORRAINE",1980-03-28,383210098211002,53,0,c(-98.3534155, 38.5354397),"1980","71-0",-98.3534155,38.5354397,10,"0-65"
"2934","Ellsworth",-34.74,"LORRAINE",1980-06-27,383210098211002,53,0,c(-98.3534155, 38.5354397),"1980","71-0",-98.3534155,38.5354397,10,"0-65"
"2935","Ellsworth",-37.69,"LORRAINE",1980-09-16,383210098211002,53,0,c(-98.3534155, 38.5354397),"1980","71-0",-98.3534155,38.5354397,10,"0-65"
"2936","Ellsworth",-40.7,"LORRAINE",1980-12-23,383210098211002,53,0,c(-98.3534155, 38.5354397),"1980","71-0",-98.3534155,38.5354397,10,"0-65"
"2937","Pratt",-60.4,"Coats NE",1980-01-23,374217098474101,151,0,c(-98.793528, 37.704818),"1980","71-0",-98.793528,37.704818,170.3772278,"132-197"
"2938","Pratt",-60.17,"Coats NE",1980-03-21,374217098474101,151,0,c(-98.793528, 37.704818),"1980","71-0",-98.793528,37.704818,170.3772278,"132-197"
"2939","Pratt",-60.22,"Coats NE",1980-06-24,374217098474101,151,0,c(-98.793528, 37.704818),"1980","71-0",-98.793528,37.704818,170.3772278,"132-197"
"2940","Pratt",-61.79,"Coats NE",1980-09-15,374217098474101,151,0,c(-98.793528, 37.704818),"1980","71-0",-98.793528,37.704818,170.3772278,"132-197"
"2941","Reno",-7.7,"PATTERSON",1980-01-01,375728097425702,155,0,c(-97.7191949, 37.9570783),"1980","71-0",-97.7191949,37.9570783,225.924469,"198-262"
"2942","Reno",-2.2,"PATTERSON",1980-04-01,375728097425702,155,0,c(-97.7191949, 37.9570783),"1980","71-0",-97.7191949,37.9570783,225.924469,"198-262"
"2943","Reno",-1.77,"PATTERSON",1980-06-26,375728097425702,155,0,c(-97.7191949, 37.9570783),"1980","71-0",-97.7191949,37.9570783,225.924469,"198-262"
"2944","Reno",-3.9,"PATTERSON",1980-07-01,375728097425702,155,0,c(-97.7191949, 37.9570783),"1980","71-0",-97.7191949,37.9570783,225.924469,"198-262"
"2945","Reno",-6.04,"PATTERSON",1980-10-01,375728097425702,155,0,c(-97.7191949, 37.9570783),"1980","71-0",-97.7191949,37.9570783,225.924469,"198-262"
"2946","Reno",-4.04,"PATTERSON",1980-10-06,375728097425702,155,0,c(-97.7191949, 37.9570783),"1980","71-0",-97.7191949,37.9570783,225.924469,"198-262"
"2947","Reno",-4.72,"PATTERSON",1980-06-26,375955097423001,155,0,c(-97.7100438, 37.9986593),"1980","71-0",-97.7100438,37.9986593,252.3089142,"198-262"
"2948","Reno",-7.12,"PATTERSON",1980-10-06,375955097423001,155,0,c(-97.7100438, 37.9986593),"1980","71-0",-97.7100438,37.9986593,252.3089142,"198-262"
"2949","Harvey",-5.45,"PATTERSON",1980-06-25,375639097385302,79,0,c(-97.647403, 37.945058),"1980","71-0",-97.647403,37.945058,123.7049713,"66-131"
"2950","Harvey",-9.46,"PATTERSON",1980-09-29,375639097385302,79,0,c(-97.647403, 37.945058),"1980","71-0",-97.647403,37.945058,123.7049713,"66-131"
"2951","Harvey",-24.23,NA,1980-01-01,375810097324301,79,0,c(-97.5473851, 37.9696205),"1980","71-0",-97.5473851,37.9696205,182.3513184,"132-197"
"2952","Harvey",-23.94,NA,1980-01-21,375810097324301,79,0,c(-97.5473851, 37.9696205),"1980","71-0",-97.5473851,37.9696205,182.3513184,"132-197"
"2953","Harvey",-24.25,NA,1980-02-19,375810097324301,79,0,c(-97.5473851, 37.9696205),"1980","71-0",-97.5473851,37.9696205,182.3513184,"132-197"
"2954","Harvey",-24.14,NA,1980-03-20,375810097324301,79,0,c(-97.5473851, 37.9696205),"1980","71-0",-97.5473851,37.9696205,182.3513184,"132-197"
"2955","Harvey",-24.55,NA,1980-04-01,375810097324301,79,0,c(-97.5473851, 37.9696205),"1980","71-0",-97.5473851,37.9696205,182.3513184,"132-197"
"2956","Harvey",-25.93,NA,1980-04-23,375810097324301,79,0,c(-97.5473851, 37.9696205),"1980","71-0",-97.5473851,37.9696205,182.3513184,"132-197"
"2957","Harvey",-22.58,NA,1980-05-19,375810097324301,79,0,c(-97.5473851, 37.9696205),"1980","71-0",-97.5473851,37.9696205,182.3513184,"132-197"
"2958","Harvey",-21.32,NA,1980-06-23,375810097324301,79,0,c(-97.5473851, 37.9696205),"1980","71-0",-97.5473851,37.9696205,182.3513184,"132-197"
"2959","Harvey",-21.98,NA,1980-07-01,375810097324301,79,0,c(-97.5473851, 37.9696205),"1980","71-0",-97.5473851,37.9696205,182.3513184,"132-197"
"2960","Harvey",-28.09,NA,1980-07-21,375810097324301,79,0,c(-97.5473851, 37.9696205),"1980","71-0",-97.5473851,37.9696205,182.3513184,"132-197"
"2961","Harvey",-27.76,NA,1980-08-20,375810097324301,79,0,c(-97.5473851, 37.9696205),"1980","71-0",-97.5473851,37.9696205,182.3513184,"132-197"
"2962","Harvey",-26.69,NA,1980-09-19,375810097324301,79,0,c(-97.5473851, 37.9696205),"1980","71-0",-97.5473851,37.9696205,182.3513184,"132-197"
"2963","Harvey",-26.48,NA,1980-10-01,375810097324301,79,0,c(-97.5473851, 37.9696205),"1980","71-0",-97.5473851,37.9696205,182.3513184,"132-197"
"2964","Harvey",-27.13,NA,1980-10-20,375810097324301,79,0,c(-97.5473851, 37.9696205),"1980","71-0",-97.5473851,37.9696205,182.3513184,"132-197"
"2965","Harvey",-27.89,NA,1980-11-20,375810097324301,79,0,c(-97.5473851, 37.9696205),"1980","71-0",-97.5473851,37.9696205,182.3513184,"132-197"
"2966","Harvey",-26.64,NA,1980-12-19,375810097324301,79,0,c(-97.5473851, 37.9696205),"1980","71-0",-97.5473851,37.9696205,182.3513184,"132-197"
"2967","Reno",-4.56,"PATTERSON",1980-06-25,375955097423002,155,0,c(-97.7100438, 37.9986593),"1980","71-0",-97.7100438,37.9986593,252.3089142,"198-262"
"2968","Reno",-6.93,"PATTERSON",1980-10-06,375955097423002,155,0,c(-97.7100438, 37.9986593),"1980","71-0",-97.7100438,37.9986593,252.3089142,"198-262"
"2969","Pratt",-23.8,"Byers",1980-01-01,374554098500101,151,0,c(-98.8353, 37.7663),"1980","71-0",-98.8353,37.7663,155.6626282,"132-197"
"2970","Pratt",-23.8,"Byers",1980-01-21,374554098500101,151,0,c(-98.8353, 37.7663),"1980","71-0",-98.8353,37.7663,155.6626282,"132-197"
"2971","Pratt",-71.7,"Cullison",1980-01-23,373911098541401,151,0,c(-98.9060706, 37.652943),"1980","71-0",-98.9060706,37.652943,168.1821442,"132-197"
"2972","Harvey",-30.99,NA,1980-01-01,380139097341402,79,0,c(-97.5725298, 38.0278024),"1980","71-0",-97.5725298,38.0278024,201.8447571,"198-262"
"2973","Harvey",-27.65,NA,1980-03-01,380139097341402,79,0,c(-97.5725298, 38.0278024),"1980","71-0",-97.5725298,38.0278024,201.8447571,"198-262"
"2974","Harvey",-29.2,NA,1980-04-01,380139097341402,79,0,c(-97.5725298, 38.0278024),"1980","71-0",-97.5725298,38.0278024,201.8447571,"198-262"
"2975","Harvey",-29.25,NA,1980-05-01,380139097341402,79,0,c(-97.5725298, 38.0278024),"1980","71-0",-97.5725298,38.0278024,201.8447571,"198-262"
"2976","Harvey",-30.84,NA,1980-08-01,380139097341402,79,0,c(-97.5725298, 38.0278024),"1980","71-0",-97.5725298,38.0278024,201.8447571,"198-262"
"2977","Harvey",-43.47,NA,1980-09-01,380139097341402,79,0,c(-97.5725298, 38.0278024),"1980","71-0",-97.5725298,38.0278024,201.8447571,"198-262"
"2978","Harvey",-34.69,NA,1980-10-01,380139097341402,79,0,c(-97.5725298, 38.0278024),"1980","71-0",-97.5725298,38.0278024,201.8447571,"198-262"
"2979","Harvey",-34.93,NA,1980-11-01,380139097341402,79,0,c(-97.5725298, 38.0278024),"1980","71-0",-97.5725298,38.0278024,201.8447571,"198-262"
"2980","Harvey",-33.73,NA,1980-12-01,380139097341402,79,0,c(-97.5725298, 38.0278024),"1980","71-0",-97.5725298,38.0278024,201.8447571,"198-262"
"2981","Harvey",-21.62,NA,1980-01-01,375744097321002,79,0,c(-97.5383445, 37.9622659),"1980","71-0",-97.5383445,37.9622659,179.4243927,"132-197"
"2982","Harvey",-23.17,NA,1980-03-01,375744097321002,79,0,c(-97.5383445, 37.9622659),"1980","71-0",-97.5383445,37.9622659,179.4243927,"132-197"
"2983","Harvey",-22.3,NA,1980-04-01,375744097321002,79,0,c(-97.5383445, 37.9622659),"1980","71-0",-97.5383445,37.9622659,179.4243927,"132-197"
"2984","Harvey",-20.73,NA,1980-05-01,375744097321002,79,0,c(-97.5383445, 37.9622659),"1980","71-0",-97.5383445,37.9622659,179.4243927,"132-197"
"2985","Harvey",-21.95,NA,1980-08-01,375744097321002,79,0,c(-97.5383445, 37.9622659),"1980","71-0",-97.5383445,37.9622659,179.4243927,"132-197"
"2986","Harvey",-24.82,NA,1980-09-01,375744097321002,79,0,c(-97.5383445, 37.9622659),"1980","71-0",-97.5383445,37.9622659,179.4243927,"132-197"
"2987","Harvey",-24.82,NA,1980-10-01,375744097321002,79,0,c(-97.5383445, 37.9622659),"1980","71-0",-97.5383445,37.9622659,179.4243927,"132-197"
"2988","Harvey",-25.38,NA,1980-11-01,375744097321002,79,0,c(-97.5383445, 37.9622659),"1980","71-0",-97.5383445,37.9622659,179.4243927,"132-197"
"2989","Harvey",-25.47,NA,1980-12-01,375744097321002,79,0,c(-97.5383445, 37.9622659),"1980","71-0",-97.5383445,37.9622659,179.4243927,"132-197"
"2990","Harvey",-31.78,NA,1980-01-01,375632097313702,79,0,c(-97.5291088, 37.9423513),"1980","71-0",-97.5291088,37.9423513,175.8279266,"132-197"
"2991","Harvey",-31.57,NA,1980-03-01,375632097313702,79,0,c(-97.5291088, 37.9423513),"1980","71-0",-97.5291088,37.9423513,175.8279266,"132-197"
"2992","Harvey",-31.82,NA,1980-04-01,375632097313702,79,0,c(-97.5291088, 37.9423513),"1980","71-0",-97.5291088,37.9423513,175.8279266,"132-197"
"2993","Harvey",-32.27,NA,1980-05-01,375632097313702,79,0,c(-97.5291088, 37.9423513),"1980","71-0",-97.5291088,37.9423513,175.8279266,"132-197"
"2994","Harvey",-31.87,NA,1980-08-01,375632097313702,79,0,c(-97.5291088, 37.9423513),"1980","71-0",-97.5291088,37.9423513,175.8279266,"132-197"
"2995","Harvey",-35.14,NA,1980-09-01,375632097313702,79,0,c(-97.5291088, 37.9423513),"1980","71-0",-97.5291088,37.9423513,175.8279266,"132-197"
"2996","Harvey",-37.57,NA,1980-10-01,375632097313702,79,0,c(-97.5291088, 37.9423513),"1980","71-0",-97.5291088,37.9423513,175.8279266,"132-197"
"2997","Harvey",-37.03,NA,1980-11-01,375632097313702,79,0,c(-97.5291088, 37.9423513),"1980","71-0",-97.5291088,37.9423513,175.8279266,"132-197"
"2998","Harvey",-35.31,NA,1980-12-01,375632097313702,79,0,c(-97.5291088, 37.9423513),"1980","71-0",-97.5291088,37.9423513,175.8279266,"132-197"
"2999","Harvey",-34,NA,1980-01-01,375935097342101,79,0,c(-97.574878, 37.9931994),"1980","71-0",-97.574878,37.9931994,208.1937408,"198-262"
"3000","Harvey",-34,NA,1980-03-01,375935097342101,79,0,c(-97.574878, 37.9931994),"1980","71-0",-97.574878,37.9931994,208.1937408,"198-262"
"3001","Harvey",-34,NA,1980-04-01,375935097342101,79,0,c(-97.574878, 37.9931994),"1980","71-0",-97.574878,37.9931994,208.1937408,"198-262"
"3002","Harvey",-33,NA,1980-05-01,375935097342101,79,0,c(-97.574878, 37.9931994),"1980","71-0",-97.574878,37.9931994,208.1937408,"198-262"
"3003","Harvey",-32,NA,1980-08-01,375935097342101,79,0,c(-97.574878, 37.9931994),"1980","71-0",-97.574878,37.9931994,208.1937408,"198-262"
"3004","Harvey",-46.56,NA,1980-09-01,375935097342101,79,0,c(-97.574878, 37.9931994),"1980","71-0",-97.574878,37.9931994,208.1937408,"198-262"
"3005","Harvey",-45.46,NA,1980-10-01,375935097342101,79,0,c(-97.574878, 37.9931994),"1980","71-0",-97.574878,37.9931994,208.1937408,"198-262"
"3006","Harvey",-44.23,NA,1980-11-01,375935097342101,79,0,c(-97.574878, 37.9931994),"1980","71-0",-97.574878,37.9931994,208.1937408,"198-262"
"3007","Harvey",-141.58,NA,1980-12-01,375935097342101,79,0,c(-97.574878, 37.9931994),"1980","143-72",-97.574878,37.9931994,208.1937408,"198-262"
"3008","Harvey",-30.19,NA,1980-01-01,375817097321002,79,0,c(-97.5382716, 37.9713604),"1980","71-0",-97.5382716,37.9713604,179.8847504,"132-197"
"3009","Harvey",-30.25,NA,1980-03-01,375817097321002,79,0,c(-97.5382716, 37.9713604),"1980","71-0",-97.5382716,37.9713604,179.8847504,"132-197"
"3010","Harvey",-30.53,NA,1980-04-01,375817097321002,79,0,c(-97.5382716, 37.9713604),"1980","71-0",-97.5382716,37.9713604,179.8847504,"132-197"
"3011","Harvey",-29.22,NA,1980-05-01,375817097321002,79,0,c(-97.5382716, 37.9713604),"1980","71-0",-97.5382716,37.9713604,179.8847504,"132-197"
"3012","Harvey",-29.62,NA,1980-08-01,375817097321002,79,0,c(-97.5382716, 37.9713604),"1980","71-0",-97.5382716,37.9713604,179.8847504,"132-197"
"3013","Harvey",-32.18,NA,1980-09-01,375817097321002,79,0,c(-97.5382716, 37.9713604),"1980","71-0",-97.5382716,37.9713604,179.8847504,"132-197"
"3014","Harvey",-32.65,NA,1980-10-01,375817097321002,79,0,c(-97.5382716, 37.9713604),"1980","71-0",-97.5382716,37.9713604,179.8847504,"132-197"
"3015","Harvey",-32.84,NA,1980-11-01,375817097321002,79,0,c(-97.5382716, 37.9713604),"1980","71-0",-97.5382716,37.9713604,179.8847504,"132-197"
"3016","Harvey",-32.83,NA,1980-12-01,375817097321002,79,0,c(-97.5382716, 37.9713604),"1980","71-0",-97.5382716,37.9713604,179.8847504,"132-197"
"3017","Harvey",-16.09,NA,1980-01-01,375817097365703,79,0,c(-97.6183884, 37.9715288),"1980","71-0",-97.6183884,37.9715288,197.353302,"132-197"
"3018","Harvey",-16.64,NA,1980-03-01,375817097365703,79,0,c(-97.6183884, 37.9715288),"1980","71-0",-97.6183884,37.9715288,197.353302,"132-197"
"3019","Harvey",-15.3,NA,1980-04-01,375817097365703,79,0,c(-97.6183884, 37.9715288),"1980","71-0",-97.6183884,37.9715288,197.353302,"132-197"
"3020","Harvey",-15.86,NA,1980-05-01,375817097365703,79,0,c(-97.6183884, 37.9715288),"1980","71-0",-97.6183884,37.9715288,197.353302,"132-197"
"3021","Harvey",-15.74,NA,1980-08-01,375817097365703,79,0,c(-97.6183884, 37.9715288),"1980","71-0",-97.6183884,37.9715288,197.353302,"132-197"
"3022","Harvey",-24.6,NA,1980-09-01,375817097365703,79,0,c(-97.6183884, 37.9715288),"1980","71-0",-97.6183884,37.9715288,197.353302,"132-197"
"3023","Harvey",-17.04,NA,1980-10-01,375817097365703,79,0,c(-97.6183884, 37.9715288),"1980","71-0",-97.6183884,37.9715288,197.353302,"132-197"
"3024","Harvey",-16.94,NA,1980-11-01,375817097365703,79,0,c(-97.6183884, 37.9715288),"1980","71-0",-97.6183884,37.9715288,197.353302,"132-197"
"3025","Harvey",-22.83,NA,1980-12-01,375817097365703,79,0,c(-97.6183884, 37.9715288),"1980","71-0",-97.6183884,37.9715288,197.353302,"132-197"
"3026","Harvey",-41.96,NA,1980-01-01,375817097363202,79,0,c(-97.6114896, 37.9715365),"1980","71-0",-97.6114896,37.9715365,195.4933777,"132-197"
"3027","Harvey",-49.49,NA,1980-04-01,375817097363202,79,0,c(-97.6114896, 37.9715365),"1980","71-0",-97.6114896,37.9715365,195.4933777,"132-197"
"3028","Harvey",-51.75,NA,1980-07-01,375817097363202,79,0,c(-97.6114896, 37.9715365),"1980","71-0",-97.6114896,37.9715365,195.4933777,"132-197"
"3029","Harvey",-45.07,NA,1980-10-01,375817097363202,79,0,c(-97.6114896, 37.9715365),"1980","71-0",-97.6114896,37.9715365,195.4933777,"132-197"
"3030","Harvey",-43.18,NA,1980-01-01,380054097324401,79,0,c(-97.547251, 38.0150071),"1980","71-0",-97.547251,38.0150071,183.6772919,"132-197"
"3031","Harvey",-45.37,NA,1980-04-01,380054097324401,79,0,c(-97.547251, 38.0150071),"1980","71-0",-97.547251,38.0150071,183.6772919,"132-197"
"3032","Harvey",-46.39,NA,1980-07-01,380054097324401,79,0,c(-97.547251, 38.0150071),"1980","71-0",-97.547251,38.0150071,183.6772919,"132-197"
"3033","Harvey",-56.09,NA,1980-10-01,380054097324401,79,0,c(-97.547251, 38.0150071),"1980","71-0",-97.547251,38.0150071,183.6772919,"132-197"
"3034","Ellsworth",-86.14,"LORRAINE",1980-03-28,383150098211001,53,0,c(-98.3533935, 38.5299948),"1980","143-72",-98.3533935,38.5299948,10,"0-65"
"3035","Ellsworth",-109.19,"LORRAINE",1980-09-16,383150098211001,53,0,c(-98.3533935, 38.5299948),"1980","143-72",-98.3533935,38.5299948,10,"0-65"
"3036","Ellsworth",-91.84,"LORRAINE",1980-12-23,383150098211001,53,0,c(-98.3533935, 38.5299948),"1980","143-72",-98.3533935,38.5299948,10,"0-65"
"3037","Ellsworth",-93.62,NA,1980-03-28,383210098211001,53,0,c(-98.3534155, 38.5354397),"1980","143-72",-98.3534155,38.5354397,10,"0-65"
"3038","Ellsworth",-106.1,NA,1980-06-27,383210098211001,53,0,c(-98.3534155, 38.5354397),"1980","143-72",-98.3534155,38.5354397,10,"0-65"
"3039","Ellsworth",-121.87,NA,1980-09-16,383210098211001,53,0,c(-98.3534155, 38.5354397),"1980","143-72",-98.3534155,38.5354397,10,"0-65"
"3040","Ellsworth",-102.57,NA,1980-12-23,383210098211001,53,0,c(-98.3534155, 38.5354397),"1980","143-72",-98.3534155,38.5354397,10,"0-65"
"3041","Rice",-60.9,"Lorraine",1980-03-28,383058098194601,159,0,c(-98.3300258, 38.5155375),"1980","71-0",-98.3300258,38.5155375,10,"0-65"
"3042","Rice",-79.22,"Lorraine",1980-06-27,383058098194601,159,0,c(-98.3300258, 38.5155375),"1980","143-72",-98.3300258,38.5155375,10,"0-65"
"3043","Rice",-90.51,"Lorraine",1980-09-16,383058098194601,159,0,c(-98.3300258, 38.5155375),"1980","143-72",-98.3300258,38.5155375,10,"0-65"
"3044","Rice",-67.85,"Lorraine",1980-12-23,383058098194601,159,0,c(-98.3300258, 38.5155375),"1980","71-0",-98.3300258,38.5155375,10,"0-65"
"3045","Grant",-201.02,NA,1980-01-17,372739101242401,67,0,c(-101.4079437, 37.4613301),"1980","215-144",-101.4079437,37.4613301,175.5980225,"132-197"
"3046","Grant",-219,NA,1980-01-16,372732101173201,67,0,c(-101.2929582, 37.4600736),"1980","287-216",-101.2929582,37.4600736,168.4847565,"132-197"
"3047","Grant",-153.45,"Wagon Bed Spring",1980-01-16,372357101171501,67,0,c(-101.287442, 37.399833),"1980","215-144",-101.287442,37.399833,118.4993057,"66-131"
"3048","Grant",-151.24,"Wagon Bed Spring",1980-04-09,372357101171501,67,0,c(-101.287442, 37.399833),"1980","215-144",-101.287442,37.399833,118.4993057,"66-131"
"3049","Grant",-159.52,"Wagon Bed Spring",1980-08-06,372357101171501,67,0,c(-101.287442, 37.399833),"1980","215-144",-101.287442,37.399833,118.4993057,"66-131"
"3050","Grant",-158.87,"Wagon Bed Spring",1980-10-14,372357101171501,67,0,c(-101.287442, 37.399833),"1980","215-144",-101.287442,37.399833,118.4993057,"66-131"
"3051","Grant",-295.72,NA,1980-01-17,373955101125101,67,0,c(-101.2149175, 37.6642933),"1980","359-288",-101.2149175,37.6642933,112.5374451,"66-131"
"3052","Sherman",-140.76,"Ruleton",1980-01-10,392125101553601,181,0,c(-101.9278531, 39.3578866),"1980","143-72",-101.9278531,39.3578866,126.813446,"66-131"
"3053","Hamilton",-23.69,"Holly East",1980-01-14,380223102010301,75,0,c(-102.01706, 38.039633),"1980","71-0",-102.01706,38.039633,NA,NA
"3054","Sherman",-140.2,"Brewster",1980-01-07,392016101274901,181,0,c(-101.465443, 39.337622),"1980","143-72",-101.465443,39.337622,90.4247894,"66-131"
"3055","Pawnee",-29,"Zook",1980-01-23,380645099053301,145,0,c(-99.09278, 38.109114),"1980","71-0",-99.09278,38.109114,69.673111,"66-131"
"3056","Stafford",-23.8,"Stafford",1980-01-01,375345098360301,185,0,c(-98.600505, 37.8954),"1980","71-0",-98.600505,37.8954,131.5118866,"66-131"
"3057","Stafford",-23.29,"Stafford",1980-05-08,375345098360301,185,0,c(-98.600505, 37.8954),"1980","71-0",-98.600505,37.8954,131.5118866,"66-131"
"3058","Pratt",-20,"Hopewell",1980-01-01,374810098584601,151,0,c(-98.9815152, 37.8021057),"1980","71-0",-98.9815152,37.8021057,216.6620941,"198-262"
"3059","Pratt",-20,"Hopewell",1980-01-22,374810098584601,151,0,c(-98.9815152, 37.8021057),"1980","71-0",-98.9815152,37.8021057,216.6620941,"198-262"
"3060","Stafford",-9.71,"Hudson SE",1980-01-01,380412098353303,185,0,c(-98.5929021, 38.0699997),"1980","71-0",-98.5929021,38.0699997,153.9450073,"132-197"
"3061","Stafford",-6.88,"Hudson SE",1980-05-08,380412098353303,185,0,c(-98.5929021, 38.0699997),"1980","71-0",-98.5929021,38.0699997,153.9450073,"132-197"
"3062","Haskell",-117.1,NA,1980-01-07,374305100451101,81,0,c(-100.7539115, 37.7178067),"1980","143-72",-100.7539115,37.7178067,229.9771118,"198-262"
"3063","Ottawa",-72.4,"AURORA SW",1980-05-22,391457097422001,143,0,c(-97.705701, 39.248681),"1980","143-72",-97.705701,39.248681,NA,NA
"3064","Cheyenne",-97.89,NA,1980-01-08,393955101574301,23,0,c(-101.962459, 39.665574),"1980","143-72",-101.962459,39.665574,42.6176491,"0-65"
"3065","Seward",-212.6,"Sublette SW",1980-01-17,371641100594601,175,0,c(-100.9964402, 37.2779417),"1980","215-144",-100.9964402,37.2779417,202.8879242,"198-262"
"3066","Cheyenne",-125.08,"Drury Creek",1980-01-08,394139101482101,23,0,c(-101.804753, 39.693394),"1980","143-72",-101.804753,39.693394,67.3765182,"66-131"
"3067","Cheyenne",-10.05,NA,1980-01-09,395619101375201,23,0,c(-101.630847, 39.939194),"1980","71-0",-101.630847,39.939194,10,"0-65"
"3068","Seward",-233.07,"Satanta",1980-01-17,372240100572101,175,0,c(-100.956743, 37.378894),"1980","287-216",-100.956743,37.378894,216.7920837,"198-262"
"3069","Cheyenne",-230.77,"ARMEL",1980-01-09,394942102014901,23,0,c(-102.0322198, 39.8278684),"1980","287-216",-102.0322198,39.8278684,40.6696625,"0-65"
"3070","Cheyenne",-20.54,NA,1980-01-09,394850101490001,23,0,c(-101.8154668, 39.8137177),"1980","71-0",-101.8154668,39.8137177,10,"0-65"
"3071","Seward",-220.52,"Sublette SE",1980-01-17,371524100504201,175,0,c(-100.8454556, 37.2563179),"1980","287-216",-100.8454556,37.2563179,214.5825195,"198-262"
"3072","Cheyenne",-141.85,"Wheeler",1980-01-10,394632101430001,23,0,c(-101.713949, 39.774573),"1980","143-72",-101.713949,39.774573,51.0488396,"0-65"
"3073","Cheyenne",-25.07,"Henkle Canyon",1980-01-09,395921101331801,23,0,c(-101.5564435, 39.988443),"1980","71-0",-101.5564435,39.988443,10,"0-65"
"3074","Hamilton",-12.37,"Syracuse East",1980-01-14,375650101390001,75,0,c(-101.649249, 37.947294),"1980","71-0",-101.649249,37.947294,NA,NA
"3075","Seward",-20.66,NA,1980-01-17,371444100550101,175,0,c(-100.9174897, 37.2453019),"1980","71-0",-100.9174897,37.2453019,243.6060486,"198-262"
"3076","Seward",-21.32,NA,1980-05-06,371444100550101,175,0,c(-100.9174897, 37.2453019),"1980","71-0",-100.9174897,37.2453019,243.6060486,"198-262"
"3077","Seward",-21.68,NA,1980-07-08,371444100550101,175,0,c(-100.9174897, 37.2453019),"1980","71-0",-100.9174897,37.2453019,243.6060486,"198-262"
"3078","Seward",-20.96,NA,1980-10-09,371444100550101,175,0,c(-100.9174897, 37.2453019),"1980","71-0",-100.9174897,37.2453019,243.6060486,"198-262"
"3079","Rawlins",-15.86,"Atwood",1980-12-16,394940101071501,153,0,c(-101.1196424, 39.8272389),"1980","71-0",-101.1196424,39.8272389,10,"0-65"
"3080","Rawlins",-14.88,"Atwood",1980-12-17,394605101062601,153,0,c(-101.1074819, 39.7684981),"1980","71-0",-101.1074819,39.7684981,26.4316101,"0-65"
"3081","Cheyenne",-216.91,"South of Drury Creek",1980-03-11,393712101470601,23,0,c(-101.7859489, 39.6193141),"1980","287-216",-101.7859489,39.6193141,106.7550354,"66-131"
"3082","Cheyenne",-216.81,"South of Drury Creek",1980-06-02,393712101470601,23,0,c(-101.7859489, 39.6193141),"1980","287-216",-101.7859489,39.6193141,106.7550354,"66-131"
"3083","Cheyenne",-219.6,NA,1980-01-08,393719101474901,23,0,c(-101.7977493, 39.6220128),"1980","287-216",-101.7977493,39.6220128,104.8809204,"66-131"
"3084","Allen",-12.7,"IOLA",1980-03-05,375528095263701,1,0,c(-95.4379603, 37.923052),"1980","71-0",-95.4379603,37.923052,NA,NA
"3085","Allen",-11.2,"IOLA",1980-06-02,375528095263701,1,0,c(-95.4379603, 37.923052),"1980","71-0",-95.4379603,37.923052,NA,NA
"3086","Allen",-15.1,"IOLA",1980-09-08,375528095263701,1,0,c(-95.4379603, 37.923052),"1980","71-0",-95.4379603,37.923052,NA,NA
"3087","Allen",-15.92,"IOLA",1980-12-16,375528095263701,1,0,c(-95.4379603, 37.923052),"1980","71-0",-95.4379603,37.923052,NA,NA
"3088","Wyandotte",-34.33,NA,1980-01-02,390319094460802,209,0,c(-94.7668734, 39.0576616),"1980","71-0",-94.7668734,39.0576616,NA,NA
"3089","Wyandotte",-38.85,NA,1980-03-06,390319094460802,209,0,c(-94.7668734, 39.0576616),"1980","71-0",-94.7668734,39.0576616,NA,NA
"3090","Wyandotte",-30.05,NA,1980-04-01,390319094460802,209,0,c(-94.7668734, 39.0576616),"1980","71-0",-94.7668734,39.0576616,NA,NA
"3091","Wyandotte",-34.7,NA,1980-06-03,390319094460802,209,0,c(-94.7668734, 39.0576616),"1980","71-0",-94.7668734,39.0576616,NA,NA
"3092","Wyandotte",-34.58,NA,1980-06-04,390319094460802,209,0,c(-94.7668734, 39.0576616),"1980","71-0",-94.7668734,39.0576616,NA,NA
"3093","Wyandotte",-36.46,NA,1980-08-01,390319094460802,209,0,c(-94.7668734, 39.0576616),"1980","71-0",-94.7668734,39.0576616,NA,NA
"3094","Wyandotte",-36.5,NA,1980-09-09,390319094460802,209,0,c(-94.7668734, 39.0576616),"1980","71-0",-94.7668734,39.0576616,NA,NA
"3095","Wyandotte",-38.4,NA,1980-10-01,390319094460802,209,0,c(-94.7668734, 39.0576616),"1980","71-0",-94.7668734,39.0576616,NA,NA
"3096","Wyandotte",-41.57,NA,1980-12-01,390319094460802,209,0,c(-94.7668734, 39.0576616),"1980","71-0",-94.7668734,39.0576616,NA,NA
"3097","Wyandotte",-41.6,NA,1980-12-17,390319094460802,209,0,c(-94.7668734, 39.0576616),"1980","71-0",-94.7668734,39.0576616,NA,NA
"3098","Johnson",-30.9,NA,1980-03-06,390300094514301,91,0,c(-94.8640679, 39.0517809),"1980","71-0",-94.8640679,39.0517809,NA,NA
"3099","Johnson",-30.02,NA,1980-06-03,390300094514301,91,0,c(-94.8640679, 39.0517809),"1980","71-0",-94.8640679,39.0517809,NA,NA
"3100","Johnson",-31.08,NA,1980-09-09,390300094514301,91,0,c(-94.8640679, 39.0517809),"1980","71-0",-94.8640679,39.0517809,NA,NA
"3101","Johnson",-32.22,NA,1980-12-17,390300094514301,91,0,c(-94.8640679, 39.0517809),"1980","71-0",-94.8640679,39.0517809,NA,NA
"3102","Wyandotte",-29.78,NA,1980-03-06,390543094430601,209,0,c(-94.7158097, 39.0977058),"1980","71-0",-94.7158097,39.0977058,NA,NA
"3103","Wyandotte",-27.7,NA,1980-06-03,390543094430601,209,0,c(-94.7158097, 39.0977058),"1980","71-0",-94.7158097,39.0977058,NA,NA
"3104","Wyandotte",-29.77,NA,1980-09-09,390543094430601,209,0,c(-94.7158097, 39.0977058),"1980","71-0",-94.7158097,39.0977058,NA,NA
"3105","Wyandotte",-31.1,NA,1980-12-17,390543094430601,209,0,c(-94.7158097, 39.0977058),"1980","71-0",-94.7158097,39.0977058,NA,NA
"3106","Wyandotte",-43.5,NA,1980-01-02,390352094453503,209,0,c(-94.7575019, 39.0667373),"1980","71-0",-94.7575019,39.0667373,NA,NA
"3107","Wyandotte",-48,NA,1980-04-01,390352094453503,209,0,c(-94.7575019, 39.0667373),"1980","71-0",-94.7575019,39.0667373,NA,NA
"3108","Wyandotte",-40.25,NA,1980-06-04,390352094453503,209,0,c(-94.7575019, 39.0667373),"1980","71-0",-94.7575019,39.0667373,NA,NA
"3109","Wyandotte",-41.75,NA,1980-08-01,390352094453503,209,0,c(-94.7575019, 39.0667373),"1980","71-0",-94.7575019,39.0667373,NA,NA
"3110","Wyandotte",-40.45,NA,1980-10-01,390352094453503,209,0,c(-94.7575019, 39.0667373),"1980","71-0",-94.7575019,39.0667373,NA,NA
"3111","Wyandotte",-40.5,NA,1980-12-01,390352094453503,209,0,c(-94.7575019, 39.0667373),"1980","71-0",-94.7575019,39.0667373,NA,NA
"3112","Crawford",-300.9,NA,1980-03-05,373020094501801,37,0,c(-94.839217, 37.505596),"1980","359-288",-94.839217,37.505596,NA,NA
"3113","Crawford",-300.15,NA,1980-06-02,373020094501801,37,0,c(-94.839217, 37.505596),"1980","359-288",-94.839217,37.505596,NA,NA
"3114","Crawford",-307.6,NA,1980-09-08,373020094501801,37,0,c(-94.839217, 37.505596),"1980","359-288",-94.839217,37.505596,NA,NA
"3115","Crawford",-306.6,NA,1980-12-16,373020094501801,37,0,c(-94.839217, 37.505596),"1980","359-288",-94.839217,37.505596,NA,NA
"3116","Sheridan",-153.1,"Lucerne",1980-01-15,392452100134601,179,0,c(-100.2321105, 39.4130829),"1980","215-144",-100.2321105,39.4130829,63.19664,"0-65"
"3117","Ford",-140.02,"ENSIGN SE",1980-01-04,373601100061301,57,0,c(-100.1067302, 37.6057904),"1980","143-72",-100.1067302,37.6057904,108.6868439,"66-131"
"3118","Hodgeman",-159,"Jetmore",1980-01-02,380616099550401,83,0,c(-99.9179126, 38.1054173),"1980","215-144",-99.9179126,38.1054173,10,"0-65"
"3119","Ford",-81.13,"ENSIGN SW",1980-05-06,372957100110901,57,0,c(-100.1898156, 37.5038719),"1980","143-72",-100.1898156,37.5038719,60.9576797,"0-65"
"3120","Ford",-85.68,"ENSIGN SW",1980-10-09,372957100110901,57,0,c(-100.1898156, 37.5038719),"1980","143-72",-100.1898156,37.5038719,60.9576797,"0-65"
"3121","McPherson",-88.19,"MCPHERSON NORTH",1980-01-28,382333097420701,113,0,c(-97.703279, 38.392808),"1980","143-72",-97.703279,38.392808,109.7945328,"66-131"
"3122","McPherson",-89.29,"MCPHERSON NORTH",1980-06-09,382333097420701,113,0,c(-97.703279, 38.392808),"1980","143-72",-97.703279,38.392808,109.7945328,"66-131"
"3123","McPherson",-91.38,"MCPHERSON NORTH",1980-10-01,382333097420701,113,0,c(-97.703279, 38.392808),"1980","143-72",-97.703279,38.392808,109.7945328,"66-131"
"3124","Thomas",-122.44,"Colby",1980-01-09,392331101040501,193,0,c(-101.0676889, 39.3916117),"1980","143-72",-101.0676889,39.3916117,103.2786713,"66-131"
"3125","Thomas",-122.44,"Colby",1980-01-10,392331101040501,193,0,c(-101.0676889, 39.3916117),"1980","143-72",-101.0676889,39.3916117,103.2786713,"66-131"
"3126","Thomas",-122.3,"Colby",1980-01-20,392331101040501,193,0,c(-101.0676889, 39.3916117),"1980","143-72",-101.0676889,39.3916117,103.2786713,"66-131"
"3127","Thomas",-122,"Colby",1980-02-20,392331101040501,193,0,c(-101.0676889, 39.3916117),"1980","143-72",-101.0676889,39.3916117,103.2786713,"66-131"
"3128","Thomas",-122.72,"Colby",1980-03-20,392331101040501,193,0,c(-101.0676889, 39.3916117),"1980","143-72",-101.0676889,39.3916117,103.2786713,"66-131"
"3129","Thomas",-122.32,"Colby",1980-04-20,392331101040501,193,0,c(-101.0676889, 39.3916117),"1980","143-72",-101.0676889,39.3916117,103.2786713,"66-131"
"3130","Thomas",-122.37,"Colby",1980-05-20,392331101040501,193,0,c(-101.0676889, 39.3916117),"1980","143-72",-101.0676889,39.3916117,103.2786713,"66-131"
"3131","Thomas",-122.77,"Colby",1980-06-05,392331101040501,193,0,c(-101.0676889, 39.3916117),"1980","143-72",-101.0676889,39.3916117,103.2786713,"66-131"
"3132","Thomas",-122.75,"Colby",1980-06-10,392331101040501,193,0,c(-101.0676889, 39.3916117),"1980","143-72",-101.0676889,39.3916117,103.2786713,"66-131"
"3133","Thomas",-123.4,"Colby",1980-06-15,392331101040501,193,0,c(-101.0676889, 39.3916117),"1980","143-72",-101.0676889,39.3916117,103.2786713,"66-131"
"3134","Thomas",-122.7,"Colby",1980-06-20,392331101040501,193,0,c(-101.0676889, 39.3916117),"1980","143-72",-101.0676889,39.3916117,103.2786713,"66-131"
"3135","Thomas",-123.05,"Colby",1980-06-25,392331101040501,193,0,c(-101.0676889, 39.3916117),"1980","143-72",-101.0676889,39.3916117,103.2786713,"66-131"
"3136","Thomas",-123.45,"Colby",1980-06-30,392331101040501,193,0,c(-101.0676889, 39.3916117),"1980","143-72",-101.0676889,39.3916117,103.2786713,"66-131"
"3137","Thomas",-123.55,"Colby",1980-07-05,392331101040501,193,0,c(-101.0676889, 39.3916117),"1980","143-72",-101.0676889,39.3916117,103.2786713,"66-131"
"3138","Thomas",-124.35,"Colby",1980-07-10,392331101040501,193,0,c(-101.0676889, 39.3916117),"1980","143-72",-101.0676889,39.3916117,103.2786713,"66-131"
"3139","Thomas",-124.75,"Colby",1980-07-15,392331101040501,193,0,c(-101.0676889, 39.3916117),"1980","143-72",-101.0676889,39.3916117,103.2786713,"66-131"
"3140","Thomas",-124.78,"Colby",1980-07-20,392331101040501,193,0,c(-101.0676889, 39.3916117),"1980","143-72",-101.0676889,39.3916117,103.2786713,"66-131"
"3141","Thomas",-125.13,"Colby",1980-07-25,392331101040501,193,0,c(-101.0676889, 39.3916117),"1980","143-72",-101.0676889,39.3916117,103.2786713,"66-131"
"3142","Thomas",-125.2,"Colby",1980-07-31,392331101040501,193,0,c(-101.0676889, 39.3916117),"1980","143-72",-101.0676889,39.3916117,103.2786713,"66-131"
"3143","Thomas",-125.4,"Colby",1980-08-05,392331101040501,193,0,c(-101.0676889, 39.3916117),"1980","143-72",-101.0676889,39.3916117,103.2786713,"66-131"
"3144","Thomas",-125.75,"Colby",1980-08-10,392331101040501,193,0,c(-101.0676889, 39.3916117),"1980","143-72",-101.0676889,39.3916117,103.2786713,"66-131"
"3145","Thomas",-125.63,"Colby",1980-08-15,392331101040501,193,0,c(-101.0676889, 39.3916117),"1980","143-72",-101.0676889,39.3916117,103.2786713,"66-131"
"3146","Thomas",-125.43,"Colby",1980-08-20,392331101040501,193,0,c(-101.0676889, 39.3916117),"1980","143-72",-101.0676889,39.3916117,103.2786713,"66-131"
"3147","Thomas",-125.69,"Colby",1980-08-27,392331101040501,193,0,c(-101.0676889, 39.3916117),"1980","143-72",-101.0676889,39.3916117,103.2786713,"66-131"
"3148","Thomas",-125.47,"Colby",1980-08-31,392331101040501,193,0,c(-101.0676889, 39.3916117),"1980","143-72",-101.0676889,39.3916117,103.2786713,"66-131"
"3149","Thomas",-125.75,"Colby",1980-09-05,392331101040501,193,0,c(-101.0676889, 39.3916117),"1980","143-72",-101.0676889,39.3916117,103.2786713,"66-131"
"3150","Thomas",-125.83,"Colby",1980-09-10,392331101040501,193,0,c(-101.0676889, 39.3916117),"1980","143-72",-101.0676889,39.3916117,103.2786713,"66-131"
"3151","Thomas",-125.85,"Colby",1980-09-15,392331101040501,193,0,c(-101.0676889, 39.3916117),"1980","143-72",-101.0676889,39.3916117,103.2786713,"66-131"
"3152","Thomas",-124.89,"Colby",1980-09-20,392331101040501,193,0,c(-101.0676889, 39.3916117),"1980","143-72",-101.0676889,39.3916117,103.2786713,"66-131"
"3153","Thomas",-126.3,"Colby",1980-10-08,392331101040501,193,0,c(-101.0676889, 39.3916117),"1980","143-72",-101.0676889,39.3916117,103.2786713,"66-131"
"3154","Thomas",-125.67,"Colby",1980-10-10,392331101040501,193,0,c(-101.0676889, 39.3916117),"1980","143-72",-101.0676889,39.3916117,103.2786713,"66-131"
"3155","Thomas",-125.64,"Colby",1980-10-15,392331101040501,193,0,c(-101.0676889, 39.3916117),"1980","143-72",-101.0676889,39.3916117,103.2786713,"66-131"
"3156","Thomas",-124.71,"Colby",1980-10-20,392331101040501,193,0,c(-101.0676889, 39.3916117),"1980","143-72",-101.0676889,39.3916117,103.2786713,"66-131"
"3157","Thomas",-126,"Colby",1980-10-25,392331101040501,193,0,c(-101.0676889, 39.3916117),"1980","143-72",-101.0676889,39.3916117,103.2786713,"66-131"
"3158","Thomas",-126.39,"Colby",1980-10-30,392331101040501,193,0,c(-101.0676889, 39.3916117),"1980","143-72",-101.0676889,39.3916117,103.2786713,"66-131"
"3159","Thomas",-125.98,"Colby",1980-11-05,392331101040501,193,0,c(-101.0676889, 39.3916117),"1980","143-72",-101.0676889,39.3916117,103.2786713,"66-131"
"3160","Thomas",-126.19,"Colby",1980-11-10,392331101040501,193,0,c(-101.0676889, 39.3916117),"1980","143-72",-101.0676889,39.3916117,103.2786713,"66-131"
"3161","Thomas",-126.1,"Colby",1980-11-15,392331101040501,193,0,c(-101.0676889, 39.3916117),"1980","143-72",-101.0676889,39.3916117,103.2786713,"66-131"
"3162","Thomas",-124.09,"Colby",1980-11-20,392331101040501,193,0,c(-101.0676889, 39.3916117),"1980","143-72",-101.0676889,39.3916117,103.2786713,"66-131"
"3163","Thomas",-123.15,"Colby",1980-11-25,392331101040501,193,0,c(-101.0676889, 39.3916117),"1980","143-72",-101.0676889,39.3916117,103.2786713,"66-131"
"3164","Thomas",-123.64,"Colby",1980-11-30,392331101040501,193,0,c(-101.0676889, 39.3916117),"1980","143-72",-101.0676889,39.3916117,103.2786713,"66-131"
"3165","Thomas",-123.62,"Colby",1980-12-05,392331101040501,193,0,c(-101.0676889, 39.3916117),"1980","143-72",-101.0676889,39.3916117,103.2786713,"66-131"
"3166","Thomas",-123.79,"Colby",1980-12-10,392331101040501,193,0,c(-101.0676889, 39.3916117),"1980","143-72",-101.0676889,39.3916117,103.2786713,"66-131"
"3167","Thomas",-123.99,"Colby",1980-12-15,392331101040501,193,0,c(-101.0676889, 39.3916117),"1980","143-72",-101.0676889,39.3916117,103.2786713,"66-131"
"3168","Thomas",-123.52,"Colby",1980-12-20,392331101040501,193,0,c(-101.0676889, 39.3916117),"1980","143-72",-101.0676889,39.3916117,103.2786713,"66-131"
"3169","Thomas",-123.72,"Colby",1980-12-23,392331101040501,193,0,c(-101.0676889, 39.3916117),"1980","143-72",-101.0676889,39.3916117,103.2786713,"66-131"
"3170","Thomas",-124.23,"Colby",1980-12-25,392331101040501,193,0,c(-101.0676889, 39.3916117),"1980","143-72",-101.0676889,39.3916117,103.2786713,"66-131"
"3171","Thomas",-124.24,"Colby",1980-12-30,392331101040501,193,0,c(-101.0676889, 39.3916117),"1980","143-72",-101.0676889,39.3916117,103.2786713,"66-131"
"3172","Clay",-8.35,"CLAY CENTER NW",1980-03-11,392959097133801,27,0,c(-97.2235743, 39.4997813),"1980","71-0",-97.2235743,39.4997813,NA,NA
"3173","Clay",-8.2,"CLAY CENTER NW",1980-06-05,392959097133801,27,0,c(-97.2235743, 39.4997813),"1980","71-0",-97.2235743,39.4997813,NA,NA
"3174","Clay",-11.2,"CLAY CENTER NW",1980-09-11,392959097133801,27,0,c(-97.2235743, 39.4997813),"1980","71-0",-97.2235743,39.4997813,NA,NA
"3175","Clay",-11.24,"CLAY CENTER NW",1980-12-19,392959097133801,27,0,c(-97.2235743, 39.4997813),"1980","71-0",-97.2235743,39.4997813,NA,NA
"3176","Harvey",-8.84,"PATTERSON",1980-06-25,375817097384602,79,0,c(-97.647166, 37.970692),"1980","71-0",-97.647166,37.970692,120.7109451,"66-131"
"3177","Harvey",-11.49,"PATTERSON",1980-09-29,375817097384602,79,0,c(-97.647166, 37.970692),"1980","71-0",-97.647166,37.970692,120.7109451,"66-131"
"3178","Harvey",-4.77,"PATTERSON",1980-06-25,375725097400001,79,0,c(-97.6669219, 37.9570267),"1980","71-0",-97.6669219,37.9570267,112.483017,"66-131"
"3179","Harvey",-7.84,"PATTERSON",1980-10-06,375725097400001,79,0,c(-97.6669219, 37.9570267),"1980","71-0",-97.6669219,37.9570267,112.483017,"66-131"
"3180","Ford",-119.1,"FORT DODGE",1980-06-27,373839099564901,57,0,c(-99.9474582, 37.6442027),"1980","143-72",-99.9474582,37.6442027,85.7697372,"66-131"
"3181","Finney",-99.03,"GARDEN CITY WEST",1980-05-05,375628101000201,55,0,c(-100.999835, 37.9415762),"1980","143-72",-100.999835,37.9415762,256.5598145,"198-262"
"3182","Finney",-93.86,"GARDEN CITY WEST",1980-05-05,375602101000201,55,0,c(-101.0003433, 37.9348422),"1980","143-72",-101.0003433,37.9348422,258.8430786,"198-262"
"3183","McPherson",-34.65,"McPherson South",1980-01-29,381747097375101,113,0,c(-97.6325267, 38.2960811),"1980","71-0",-97.6325267,38.2960811,47.4275436,"0-65"
"3184","McPherson",-34.64,"McPherson South",1980-06-09,381747097375101,113,0,c(-97.6325267, 38.2960811),"1980","71-0",-97.6325267,38.2960811,47.4275436,"0-65"
"3185","McPherson",-35.43,"McPherson South",1980-10-01,381747097375101,113,0,c(-97.6325267, 38.2960811),"1980","71-0",-97.6325267,38.2960811,47.4275436,"0-65"
"3186","Grant",-165.55,NA,1980-01-17,373716101250601,67,0,c(-101.4182445, 37.6210483),"1980","215-144",-101.4182445,37.6210483,133.1280823,"132-197"
"3187","Grant",-158.55,NA,1980-04-09,373716101250601,67,0,c(-101.4182445, 37.6210483),"1980","215-144",-101.4182445,37.6210483,133.1280823,"132-197"
"3188","Grant",-178.92,NA,1980-08-06,373716101250601,67,0,c(-101.4182445, 37.6210483),"1980","215-144",-101.4182445,37.6210483,133.1280823,"132-197"
"3189","Grant",-180.72,NA,1980-10-14,373716101250601,67,0,c(-101.4182445, 37.6210483),"1980","215-144",-101.4182445,37.6210483,133.1280823,"132-197"
"3190","Sherman",-96.48,"Brewster",1980-01-08,391917101282301,181,0,c(-101.474543, 39.322922),"1980","143-72",-101.474543,39.322922,94.6173859,"66-131"
"3191","Grant",-150.44,NA,1980-01-17,374406101221501,67,0,c(-101.372749, 37.736037),"1980","215-144",-101.372749,37.736037,104.0755157,"66-131"
"3192","Grant",-153.66,NA,1980-04-09,374406101221501,67,0,c(-101.372749, 37.736037),"1980","215-144",-101.372749,37.736037,104.0755157,"66-131"
"3193","Sherman",-164.3,"Ruleton NE",1980-01-10,392836101491801,181,0,c(-101.823154, 39.477426),"1980","215-144",-101.823154,39.477426,142.1251831,"132-197"
"3194","Wallace",-169.87,NA,1980-01-14,384927101582701,199,0,c(-101.9740818, 38.8228362),"1980","215-144",-101.9740818,38.8228362,27.5628242,"0-65"
"3195","Wallace",-186.82,NA,1980-01-31,384657101535501,199,0,c(-101.8999956, 38.7807781),"1980","215-144",-101.8999956,38.7807781,41.6949005,"0-65"
"3196","Hamilton",-176.76,NA,1980-01-14,380849101370701,75,0,c(-101.6164691, 38.147917),"1980","215-144",-101.6164691,38.147917,10,"0-65"
"3197","Finney",-37.26,"GARDEN CITY WEST",1980-05-05,375812100591302,55,0,c(-100.9873738, 37.9665007),"1980","71-0",-100.9873738,37.9665007,250.6646423,"198-262"
"3198","Finney",-58.39,"GARDEN CITY WEST",1980-07-15,375812100591302,55,0,c(-100.9873738, 37.9665007),"1980","71-0",-100.9873738,37.9665007,250.6646423,"198-262"
"3199","Finney",-66.88,"GARDEN CITY WEST",1980-10-01,375812100591302,55,0,c(-100.9873738, 37.9665007),"1980","71-0",-100.9873738,37.9665007,250.6646423,"198-262"
"3200","Finney",-127.51,"PIERCEVILLE",1980-01-10,375841100411801,55,0,c(-100.6964491, 37.9739056),"1980","143-72",-100.6964491,37.9739056,91.8675079,"66-131"
"3201","Ford",-136.26,"BUCKLIN",1980-06-02,373005099381801,57,0,c(-99.6386065, 37.5007377),"1980","143-72",-99.6386065,37.5007377,102.2842865,"66-131"
"3202","Ford",-121.2,"BUCKLIN",1980-03-04,373243099431401,57,0,c(-99.7211309, 37.5453346),"1980","143-72",-99.7211309,37.5453346,74.4420776,"66-131"
"3203","Ford",-121,"BUCKLIN",1980-06-04,373243099431401,57,0,c(-99.7211309, 37.5453346),"1980","143-72",-99.7211309,37.5453346,74.4420776,"66-131"
"3204","Gray",-132.48,NA,1980-01-14,375825100380101,69,0,c(-100.636924, 37.975003),"1980","143-72",-100.636924,37.975003,67.7328339,"66-131"
"3205","Ford",-142,"SOUTH DODGE",1980-03-07,373751100021701,57,0,c(-100.0382093, 37.6305768),"1980","143-72",-100.0382093,37.6305768,50.7817116,"0-65"
"3206","Ford",-93,"ENSIGN SE",1980-06-19,373659100042801,57,0,c(-100.0747508, 37.6163549),"1980","143-72",-100.0747508,37.6163549,73.8422852,"66-131"
"3207","Ford",-94,"ENSIGN SE",1980-09-12,373659100042801,57,0,c(-100.0747508, 37.6163549),"1980","143-72",-100.0747508,37.6163549,73.8422852,"66-131"
"3208","Sherman",-155.2,NA,1980-01-09,392745101245801,181,0,c(-101.4185376, 39.4643378),"1980","215-144",-101.4185376,39.4643378,117.5680847,"66-131"
"3209","Thomas",-12.8,"ACHILLES SW",1980-01-11,393039100574201,193,0,c(-100.9615296, 39.5119615),"1980","71-0",-100.9615296,39.5119615,81.5180511,"66-131"
"3210","Wallace",-118.36,NA,1980-01-14,384441101443201,199,0,c(-101.743606, 38.7443919),"1980","143-72",-101.743606,38.7443919,68.169693,"66-131"
"3211","Sherman",-152.27,NA,1980-01-08,391639101421401,181,0,c(-101.7041991, 39.2778653),"1980","215-144",-101.7041991,39.2778653,90.2801514,"66-131"
"3212","Thomas",-147.78,NA,1980-01-09,392408100574501,193,0,c(-100.9621296, 39.4016228),"1980","215-144",-100.9621296,39.4016228,121.906105,"66-131"
"3213","Thomas",-150.34,NA,1980-12-23,392408100574501,193,0,c(-100.9621296, 39.4016228),"1980","215-144",-100.9621296,39.4016228,121.906105,"66-131"
"3214","Hamilton",-29.19,"Syracuse East",1980-01-14,375722101402101,75,0,c(-101.672849, 37.957514),"1980","71-0",-101.672849,37.957514,NA,NA
"3215","Hamilton",-16.8,"Kendall",1980-01-15,375512101343401,75,0,c(-101.575348, 37.920495),"1980","71-0",-101.575348,37.920495,NA,NA
"3216","Thomas",-110.69,"Rexford",1980-01-10,392809100433901,193,0,c(-100.7262248, 39.4702637),"1980","143-72",-100.7262248,39.4702637,117.6888733,"66-131"
"3217","Hamilton",-199.06,"Syracuse West SW",1980-01-15,374507101580601,75,0,c(-101.9702512, 37.7531855),"1980","215-144",-101.9702512,37.7531855,41.5140114,"0-65"
"3218","Grant",-205.45,NA,1980-01-17,373707101292701,67,0,c(-101.4911207, 37.6192145),"1980","215-144",-101.4911207,37.6192145,133.1637726,"132-197"
"3219","Grant",-205,NA,1980-04-09,373707101292701,67,0,c(-101.4911207, 37.6192145),"1980","215-144",-101.4911207,37.6192145,133.1637726,"132-197"
"3220","Grant",-213.66,NA,1980-08-06,373707101292701,67,0,c(-101.4911207, 37.6192145),"1980","215-144",-101.4911207,37.6192145,133.1637726,"132-197"
"3221","Grant",-216,NA,1980-10-14,373707101292701,67,0,c(-101.4911207, 37.6192145),"1980","287-216",-101.4911207,37.6192145,133.1637726,"132-197"
"3222","Grant",-271.05,"Hickok",1980-01-16,373214101114301,67,0,c(-101.195447, 37.537993),"1980","287-216",-101.195447,37.537993,183.7228699,"132-197"
"3223","Grant",-156.27,NA,1980-01-05,373924101302501,67,0,c(-101.507585, 37.6574723),"1980","215-144",-101.507585,37.6574723,111.9384918,"66-131"
"3224","Grant",-155.9,NA,1980-01-10,373924101302501,67,0,c(-101.507585, 37.6574723),"1980","215-144",-101.507585,37.6574723,111.9384918,"66-131"
"3225","Grant",-155.98,NA,1980-01-15,373924101302501,67,0,c(-101.507585, 37.6574723),"1980","215-144",-101.507585,37.6574723,111.9384918,"66-131"
"3226","Grant",-155.83,NA,1980-01-17,373924101302501,67,0,c(-101.507585, 37.6574723),"1980","215-144",-101.507585,37.6574723,111.9384918,"66-131"
"3227","Grant",-155.82,NA,1980-01-20,373924101302501,67,0,c(-101.507585, 37.6574723),"1980","215-144",-101.507585,37.6574723,111.9384918,"66-131"
"3228","Grant",-155.6,NA,1980-01-25,373924101302501,67,0,c(-101.507585, 37.6574723),"1980","215-144",-101.507585,37.6574723,111.9384918,"66-131"
"3229","Grant",-155.47,NA,1980-01-31,373924101302501,67,0,c(-101.507585, 37.6574723),"1980","215-144",-101.507585,37.6574723,111.9384918,"66-131"
"3230","Grant",-155.27,NA,1980-02-05,373924101302501,67,0,c(-101.507585, 37.6574723),"1980","215-144",-101.507585,37.6574723,111.9384918,"66-131"
"3231","Grant",-156.38,NA,1980-02-20,373924101302501,67,0,c(-101.507585, 37.6574723),"1980","215-144",-101.507585,37.6574723,111.9384918,"66-131"
"3232","Grant",-156.31,NA,1980-02-25,373924101302501,67,0,c(-101.507585, 37.6574723),"1980","215-144",-101.507585,37.6574723,111.9384918,"66-131"
"3233","Grant",-156.16,NA,1980-02-28,373924101302501,67,0,c(-101.507585, 37.6574723),"1980","215-144",-101.507585,37.6574723,111.9384918,"66-131"
"3234","Grant",-156.46,NA,1980-03-05,373924101302501,67,0,c(-101.507585, 37.6574723),"1980","215-144",-101.507585,37.6574723,111.9384918,"66-131"
"3235","Grant",-156.32,NA,1980-03-10,373924101302501,67,0,c(-101.507585, 37.6574723),"1980","215-144",-101.507585,37.6574723,111.9384918,"66-131"
"3236","Grant",-155.82,NA,1980-03-15,373924101302501,67,0,c(-101.507585, 37.6574723),"1980","215-144",-101.507585,37.6574723,111.9384918,"66-131"
"3237","Grant",-156.45,NA,1980-03-20,373924101302501,67,0,c(-101.507585, 37.6574723),"1980","215-144",-101.507585,37.6574723,111.9384918,"66-131"
"3238","Grant",-155.95,NA,1980-03-25,373924101302501,67,0,c(-101.507585, 37.6574723),"1980","215-144",-101.507585,37.6574723,111.9384918,"66-131"
"3239","Grant",-156.6,NA,1980-03-31,373924101302501,67,0,c(-101.507585, 37.6574723),"1980","215-144",-101.507585,37.6574723,111.9384918,"66-131"
"3240","Grant",-156.54,NA,1980-04-05,373924101302501,67,0,c(-101.507585, 37.6574723),"1980","215-144",-101.507585,37.6574723,111.9384918,"66-131"
"3241","Grant",-154.88,NA,1980-04-09,373924101302501,67,0,c(-101.507585, 37.6574723),"1980","215-144",-101.507585,37.6574723,111.9384918,"66-131"
"3242","Grant",-154.88,NA,1980-04-10,373924101302501,67,0,c(-101.507585, 37.6574723),"1980","215-144",-101.507585,37.6574723,111.9384918,"66-131"
"3243","Grant",-155.5,NA,1980-04-15,373924101302501,67,0,c(-101.507585, 37.6574723),"1980","215-144",-101.507585,37.6574723,111.9384918,"66-131"
"3244","Grant",-155.7,NA,1980-04-20,373924101302501,67,0,c(-101.507585, 37.6574723),"1980","215-144",-101.507585,37.6574723,111.9384918,"66-131"
"3245","Grant",-155.8,NA,1980-04-25,373924101302501,67,0,c(-101.507585, 37.6574723),"1980","215-144",-101.507585,37.6574723,111.9384918,"66-131"
"3246","Grant",-155.74,NA,1980-04-30,373924101302501,67,0,c(-101.507585, 37.6574723),"1980","215-144",-101.507585,37.6574723,111.9384918,"66-131"
"3247","Grant",-155.6,NA,1980-05-05,373924101302501,67,0,c(-101.507585, 37.6574723),"1980","215-144",-101.507585,37.6574723,111.9384918,"66-131"
"3248","Grant",-155.36,NA,1980-05-10,373924101302501,67,0,c(-101.507585, 37.6574723),"1980","215-144",-101.507585,37.6574723,111.9384918,"66-131"
"3249","Grant",-155.24,NA,1980-05-15,373924101302501,67,0,c(-101.507585, 37.6574723),"1980","215-144",-101.507585,37.6574723,111.9384918,"66-131"
"3250","Grant",-155.2,NA,1980-05-20,373924101302501,67,0,c(-101.507585, 37.6574723),"1980","215-144",-101.507585,37.6574723,111.9384918,"66-131"
"3251","Grant",-155.22,NA,1980-05-25,373924101302501,67,0,c(-101.507585, 37.6574723),"1980","215-144",-101.507585,37.6574723,111.9384918,"66-131"
"3252","Grant",-154.34,NA,1980-05-31,373924101302501,67,0,c(-101.507585, 37.6574723),"1980","215-144",-101.507585,37.6574723,111.9384918,"66-131"
"3253","Grant",-154.25,NA,1980-06-05,373924101302501,67,0,c(-101.507585, 37.6574723),"1980","215-144",-101.507585,37.6574723,111.9384918,"66-131"
"3254","Grant",-154.14,NA,1980-06-10,373924101302501,67,0,c(-101.507585, 37.6574723),"1980","215-144",-101.507585,37.6574723,111.9384918,"66-131"
"3255","Grant",-154.14,NA,1980-06-15,373924101302501,67,0,c(-101.507585, 37.6574723),"1980","215-144",-101.507585,37.6574723,111.9384918,"66-131"
"3256","Grant",-154.04,NA,1980-06-20,373924101302501,67,0,c(-101.507585, 37.6574723),"1980","215-144",-101.507585,37.6574723,111.9384918,"66-131"
"3257","Grant",-154.1,NA,1980-06-25,373924101302501,67,0,c(-101.507585, 37.6574723),"1980","215-144",-101.507585,37.6574723,111.9384918,"66-131"
"3258","Grant",-154.4,NA,1980-06-30,373924101302501,67,0,c(-101.507585, 37.6574723),"1980","215-144",-101.507585,37.6574723,111.9384918,"66-131"
"3259","Grant",-154.96,NA,1980-07-05,373924101302501,67,0,c(-101.507585, 37.6574723),"1980","215-144",-101.507585,37.6574723,111.9384918,"66-131"
"3260","Grant",-155.45,NA,1980-07-10,373924101302501,67,0,c(-101.507585, 37.6574723),"1980","215-144",-101.507585,37.6574723,111.9384918,"66-131"
"3261","Grant",-155.95,NA,1980-07-15,373924101302501,67,0,c(-101.507585, 37.6574723),"1980","215-144",-101.507585,37.6574723,111.9384918,"66-131"
"3262","Grant",-156.14,NA,1980-07-20,373924101302501,67,0,c(-101.507585, 37.6574723),"1980","215-144",-101.507585,37.6574723,111.9384918,"66-131"
"3263","Grant",-156.69,NA,1980-07-25,373924101302501,67,0,c(-101.507585, 37.6574723),"1980","215-144",-101.507585,37.6574723,111.9384918,"66-131"
"3264","Grant",-156.85,NA,1980-07-31,373924101302501,67,0,c(-101.507585, 37.6574723),"1980","215-144",-101.507585,37.6574723,111.9384918,"66-131"
"3265","Grant",-156.91,NA,1980-08-05,373924101302501,67,0,c(-101.507585, 37.6574723),"1980","215-144",-101.507585,37.6574723,111.9384918,"66-131"
"3266","Grant",-156.91,NA,1980-08-06,373924101302501,67,0,c(-101.507585, 37.6574723),"1980","215-144",-101.507585,37.6574723,111.9384918,"66-131"
"3267","Grant",-156.99,NA,1980-08-10,373924101302501,67,0,c(-101.507585, 37.6574723),"1980","215-144",-101.507585,37.6574723,111.9384918,"66-131"
"3268","Grant",-157.17,NA,1980-08-15,373924101302501,67,0,c(-101.507585, 37.6574723),"1980","215-144",-101.507585,37.6574723,111.9384918,"66-131"
"3269","Grant",-157.29,NA,1980-08-20,373924101302501,67,0,c(-101.507585, 37.6574723),"1980","215-144",-101.507585,37.6574723,111.9384918,"66-131"
"3270","Grant",-157.3,NA,1980-08-25,373924101302501,67,0,c(-101.507585, 37.6574723),"1980","215-144",-101.507585,37.6574723,111.9384918,"66-131"
"3271","Grant",-157.59,NA,1980-08-31,373924101302501,67,0,c(-101.507585, 37.6574723),"1980","215-144",-101.507585,37.6574723,111.9384918,"66-131"
"3272","Grant",-157.7,NA,1980-09-05,373924101302501,67,0,c(-101.507585, 37.6574723),"1980","215-144",-101.507585,37.6574723,111.9384918,"66-131"
"3273","Grant",-157.5,NA,1980-09-10,373924101302501,67,0,c(-101.507585, 37.6574723),"1980","215-144",-101.507585,37.6574723,111.9384918,"66-131"
"3274","Grant",-157.38,NA,1980-09-15,373924101302501,67,0,c(-101.507585, 37.6574723),"1980","215-144",-101.507585,37.6574723,111.9384918,"66-131"
"3275","Grant",-157.57,NA,1980-09-20,373924101302501,67,0,c(-101.507585, 37.6574723),"1980","215-144",-101.507585,37.6574723,111.9384918,"66-131"
"3276","Grant",-157.87,NA,1980-09-25,373924101302501,67,0,c(-101.507585, 37.6574723),"1980","215-144",-101.507585,37.6574723,111.9384918,"66-131"
"3277","Grant",-157.86,NA,1980-09-30,373924101302501,67,0,c(-101.507585, 37.6574723),"1980","215-144",-101.507585,37.6574723,111.9384918,"66-131"
"3278","Grant",-157.84,NA,1980-10-01,373924101302501,67,0,c(-101.507585, 37.6574723),"1980","215-144",-101.507585,37.6574723,111.9384918,"66-131"
"3279","Grant",-157.74,NA,1980-10-14,373924101302501,67,0,c(-101.507585, 37.6574723),"1980","215-144",-101.507585,37.6574723,111.9384918,"66-131"
"3280","Sherman",-137.09,"Brewster NW",1980-01-09,392811101285301,181,0,c(-101.4837073, 39.4701896),"1980","143-72",-101.4837073,39.4701896,119.2521973,"66-131"
"3281","Haskell",-232.54,"Sublette",1980-01-09,372549100485501,81,0,c(-100.815539, 37.431094),"1980","287-216",-100.815539,37.431094,200.0086365,"198-262"
"3282","Thomas",-129.41,"Chardon SW",1980-01-09,393316101113801,193,0,c(-101.193537, 39.554941),"1980","143-72",-101.193537,39.554941,94.045929,"66-131"
"3283","Thomas",-130.1,"Chardon SW",1980-12-23,393316101113801,193,0,c(-101.193537, 39.554941),"1980","143-72",-101.193537,39.554941,94.045929,"66-131"
"3284","Sherman",-155.24,NA,1980-01-08,391730102012701,181,0,c(-102.023959, 39.29292),"1980","215-144",-102.023959,39.29292,70.0315628,"66-131"
"3285","Sherman",-154.76,NA,1980-03-11,391730102012701,181,0,c(-102.023959, 39.29292),"1980","215-144",-102.023959,39.29292,70.0315628,"66-131"
"3286","Sherman",-153.55,NA,1980-06-02,391730102012701,181,0,c(-102.023959, 39.29292),"1980","215-144",-102.023959,39.29292,70.0315628,"66-131"
"3287","Sherman",-157.83,NA,1980-09-09,391730102012701,181,0,c(-102.023959, 39.29292),"1980","215-144",-102.023959,39.29292,70.0315628,"66-131"
"3288","Thomas",-100.09,NA,1980-01-07,390941100595701,193,0,c(-100.9995053, 39.1611559),"1980","143-72",-100.9995053,39.1611559,64.4885712,"0-65"
"3289","Sherman",-193.8,"S of Crosby Creek",1980-01-09,393403101575901,181,0,c(-101.966759, 39.567715),"1980","215-144",-101.966759,39.567715,66.1044006,"66-131"
"3290","Sherman",-193.08,"S of Crosby Creek",1980-03-11,393403101575901,181,0,c(-101.966759, 39.567715),"1980","215-144",-101.966759,39.567715,66.1044006,"66-131"
"3291","Sherman",-193.61,"S of Crosby Creek",1980-06-03,393403101575901,181,0,c(-101.966759, 39.567715),"1980","215-144",-101.966759,39.567715,66.1044006,"66-131"
"3292","Sherman",-198.62,"S of Crosby Creek",1980-09-09,393403101575901,181,0,c(-101.966759, 39.567715),"1980","215-144",-101.966759,39.567715,66.1044006,"66-131"
"3293","Grant",-179.46,"Ulysses",1980-01-16,373048101182401,67,0,c(-101.307914, 37.512856),"1980","215-144",-101.307914,37.512856,175.187439,"132-197"
"3294","Grant",-219.5,NA,1980-01-17,373742101302001,67,0,c(-101.508665, 37.6295352),"1980","287-216",-101.508665,37.6295352,130.611908,"66-131"
"3295","Sherman",-168.62,NA,1980-01-09,392058102025601,181,0,c(-102.0476116, 39.3499543),"1980","215-144",-102.0476116,39.3499543,75.9276276,"66-131"
"3296","Greeley",-202.31,NA,1980-01-15,384034101572401,71,0,c(-101.9567516, 38.6725067),"1980","215-144",-101.9567516,38.6725067,29.6553955,"0-65"
"3297","Grant",-216.88,NA,1980-01-17,372654101210801,67,0,c(-101.3519322, 37.4468),"1980","287-216",-101.3519322,37.4468,151.5672455,"132-197"
"3298","Wallace",-118.55,NA,1980-01-14,384946101521301,199,0,c(-101.871502, 38.82689),"1980","143-72",-101.871502,38.82689,59.1796265,"0-65"
"3299","Wallace",-180.56,"M Ladder Creek West",1980-01-14,384310101521901,199,0,c(-101.872652, 38.717229),"1980","215-144",-101.872652,38.717229,53.3018341,"0-65"
"3300","Grant",-137.4,NA,1980-01-17,373036101281301,67,0,c(-101.470194, 37.5105046),"1980","143-72",-101.470194,37.5105046,195.5810089,"132-197"
"3301","Sherman",-184.04,"KANORADO NE",1980-01-10,392329102011601,181,0,c(-102.0219552, 39.391417),"1980","215-144",-102.0219552,39.391417,116.154747,"66-131"
"3302","Grant",-294.8,NA,1980-01-16,373523101115001,67,0,c(-101.1980834, 37.5899504),"1980","359-288",-101.1980834,37.5899504,167.475296,"132-197"
"3303","Wallace",-144.38,"West Bethany Church",1980-01-31,384323101372101,199,0,c(-101.6233532, 38.721232),"1980","215-144",-101.6233532,38.721232,38.2481079,"0-65"
"3304","Wallace",-143.88,"West Bethany Church",1980-04-21,384323101372101,199,0,c(-101.6233532, 38.721232),"1980","143-72",-101.6233532,38.721232,38.2481079,"0-65"
"3305","Wallace",-147.16,"West Bethany Church",1980-07-21,384323101372101,199,0,c(-101.6233532, 38.721232),"1980","215-144",-101.6233532,38.721232,38.2481079,"0-65"
"3306","Wallace",-150.24,"West Bethany Church",1980-10-06,384323101372101,199,0,c(-101.6233532, 38.721232),"1980","215-144",-101.6233532,38.721232,38.2481079,"0-65"
"3307","Gray",-8.54,"Dodge City SW",1980-01-12,374727100134801,69,0,c(-100.232123, 37.7925999),"1980","71-0",-100.232123,37.7925999,158.4165039,"132-197"
"3308","Haskell",-288.33,NA,1980-01-07,373545100524301,81,0,c(-100.8793768, 37.5955982),"1980","359-288",-100.8793768,37.5955982,192.1121216,"132-197"
"3309","Finney",-88.8,"TENNIS NE",1980-01-08,381453100511001,55,0,c(-100.8534366, 38.2477047),"1980","143-72",-100.8534366,38.2477047,33.1813889,"0-65"
"3310","Grant",-179.82,"Ulysses NW",1980-01-16,374255101251501,67,0,c(-101.420849, 37.714547),"1980","215-144",-101.420849,37.714547,25,"0-65"
"3311","Grant",-223.92,NA,1980-01-16,373853101203603,67,0,c(-101.3444965, 37.6482381),"1980","287-216",-101.3444965,37.6482381,93.1214142,"66-131"
"3312","Grant",-226.34,NA,1980-04-09,373853101203603,67,0,c(-101.3444965, 37.6482381),"1980","287-216",-101.3444965,37.6482381,93.1214142,"66-131"
"3313","Grant",-230.52,NA,1980-10-14,373853101203603,67,0,c(-101.3444965, 37.6482381),"1980","287-216",-101.3444965,37.6482381,93.1214142,"66-131"
"3314","Grant",-207.17,NA,1980-01-17,373300101212501,67,0,c(-101.3551894, 37.5500691),"1980","215-144",-101.3551894,37.5500691,267.7209167,"263-328"
"3315","Grant",-168.89,"Wagon Bed Spring NW",1980-01-17,372832101265901,67,0,c(-101.447745, 37.47538),"1980","215-144",-101.447745,37.47538,190.0249939,"132-197"
"3316","Grant",-156.85,"Wagon Bed Spring NW",1980-04-09,372832101265901,67,0,c(-101.447745, 37.47538),"1980","215-144",-101.447745,37.47538,190.0249939,"132-197"
"3317","Grant",-173.93,"Wagon Bed Spring NW",1980-08-06,372832101265901,67,0,c(-101.447745, 37.47538),"1980","215-144",-101.447745,37.47538,190.0249939,"132-197"
"3318","Grant",-175.34,"Wagon Bed Spring NW",1980-10-14,372832101265901,67,0,c(-101.447745, 37.47538),"1980","215-144",-101.447745,37.47538,190.0249939,"132-197"
"3319","Sherman",-166,"Goodland",1980-01-10,392218101435301,181,0,c(-101.732451, 39.372779),"1980","215-144",-101.732451,39.372779,97.144455,"66-131"
"3320","Sherman",-165.25,"Goodland",1980-03-11,392218101435301,181,0,c(-101.732451, 39.372779),"1980","215-144",-101.732451,39.372779,97.144455,"66-131"
"3321","Sherman",-166.2,"Goodland",1980-06-03,392218101435301,181,0,c(-101.732451, 39.372779),"1980","215-144",-101.732451,39.372779,97.144455,"66-131"
"3322","Sherman",-172.54,"Goodland",1980-09-09,392218101435301,181,0,c(-101.732451, 39.372779),"1980","215-144",-101.732451,39.372779,97.144455,"66-131"
"3323","Grant",-201.83,NA,1980-01-17,373220101234401,67,0,c(-101.3959142, 37.5393218),"1980","215-144",-101.3959142,37.5393218,247.8040771,"198-262"
"3324","Sherman",-135.44,NA,1980-01-09,392652101282901,181,0,c(-101.4759387, 39.4496277),"1980","143-72",-101.4759387,39.4496277,118.089798,"66-131"
"3325","Sherman",-149.32,NA,1980-01-08,391835101593901,181,0,c(-101.9957562, 39.3102576),"1980","215-144",-101.9957562,39.3102576,73.5776443,"66-131"
"3326","Sherman",-182.3,"Goodland",1980-01-08,392001101434601,181,0,c(-101.72915, 39.3349),"1980","215-144",-101.72915,39.3349,91.5903931,"66-131"
"3327","Sherman",-183.09,"Goodland",1980-01-18,392001101434601,181,0,c(-101.72915, 39.3349),"1980","215-144",-101.72915,39.3349,91.5903931,"66-131"
"3328","Sherman",-182.84,"Goodland",1980-02-25,392001101434601,181,0,c(-101.72915, 39.3349),"1980","215-144",-101.72915,39.3349,91.5903931,"66-131"
"3329","Sherman",-182.52,"Goodland",1980-03-11,392001101434601,181,0,c(-101.72915, 39.3349),"1980","215-144",-101.72915,39.3349,91.5903931,"66-131"
"3330","Sherman",-182.5,"Goodland",1980-03-20,392001101434601,181,0,c(-101.72915, 39.3349),"1980","215-144",-101.72915,39.3349,91.5903931,"66-131"
"3331","Sherman",-182.1,"Goodland",1980-04-21,392001101434601,181,0,c(-101.72915, 39.3349),"1980","215-144",-101.72915,39.3349,91.5903931,"66-131"
"3332","Sherman",-181.94,"Goodland",1980-05-19,392001101434601,181,0,c(-101.72915, 39.3349),"1980","215-144",-101.72915,39.3349,91.5903931,"66-131"
"3333","Sherman",-181.87,"Goodland",1980-06-03,392001101434601,181,0,c(-101.72915, 39.3349),"1980","215-144",-101.72915,39.3349,91.5903931,"66-131"
"3334","Sherman",-181.77,"Goodland",1980-06-19,392001101434601,181,0,c(-101.72915, 39.3349),"1980","215-144",-101.72915,39.3349,91.5903931,"66-131"
"3335","Sherman",-182.43,"Goodland",1980-07-18,392001101434601,181,0,c(-101.72915, 39.3349),"1980","215-144",-101.72915,39.3349,91.5903931,"66-131"
"3336","Sherman",-182.7,"Goodland",1980-08-21,392001101434601,181,0,c(-101.72915, 39.3349),"1980","215-144",-101.72915,39.3349,91.5903931,"66-131"
"3337","Sherman",-183.71,"Goodland",1980-09-09,392001101434601,181,0,c(-101.72915, 39.3349),"1980","215-144",-101.72915,39.3349,91.5903931,"66-131"
"3338","Wallace",-177.18,NA,1980-01-14,385222101565301,199,0,c(-101.9503023, 38.8715975),"1980","215-144",-101.9503023,38.8715975,10,"0-65"
"3339","Haskell",-254.26,NA,1980-01-08,372640101030601,81,0,c(-101.0528387, 37.4456258),"1980","287-216",-101.0528387,37.4456258,172.3533478,"132-197"
"3340","Thomas",-153.01,"Colby",1980-01-08,392743101024401,193,0,c(-101.0475885, 39.4616514),"1980","215-144",-101.0475885,39.4616514,90.3683243,"66-131"
"3341","Thomas",-165.74,"Colby",1980-12-23,392743101024401,193,0,c(-101.0475885, 39.4616514),"1980","215-144",-101.0475885,39.4616514,90.3683243,"66-131"
"3342","Gray",-96.26,NA,1980-01-17,375520100202701,69,0,c(-100.3426085, 37.9242019),"1980","143-72",-100.3426085,37.9242019,54.6350784,"0-65"
"3343","Gray",-95.48,NA,1980-04-15,375520100202701,69,0,c(-100.3426085, 37.9242019),"1980","143-72",-100.3426085,37.9242019,54.6350784,"0-65"
"3344","Gray",-95.82,NA,1980-07-14,375520100202701,69,0,c(-100.3426085, 37.9242019),"1980","143-72",-100.3426085,37.9242019,54.6350784,"0-65"
"3345","Gray",-96.44,NA,1980-10-02,375520100202701,69,0,c(-100.3426085, 37.9242019),"1980","143-72",-100.3426085,37.9242019,54.6350784,"0-65"
"3346","Sherman",-117.49,"Edson",1980-01-10,392101101302001,181,0,c(-101.507044, 39.351631),"1980","143-72",-101.507044,39.351631,108.6694412,"66-131"
"3347","Sherman",-153.96,"Brewster NW",1980-01-07,392324101255101,181,0,c(-101.4319395, 39.3905089),"1980","215-144",-101.4319395,39.3905089,104.4965591,"66-131"
"3348","Sherman",-138.92,NA,1980-01-07,392324101291201,181,0,c(-101.4892409, 39.3912488),"1980","143-72",-101.4892409,39.3912488,121.6486206,"66-131"
"3349","Sherman",-164.04,NA,1980-01-09,393403101503501,181,0,c(-101.8405508, 39.5576327),"1980","215-144",-101.8405508,39.5576327,126.7703247,"66-131"
"3350","Thomas",-99.65,NA,1980-01-08,392756101084501,193,0,c(-101.1470493, 39.4667183),"1980","143-72",-101.1470493,39.4667183,94.1494141,"66-131"
"3351","Thomas",-99.11,NA,1980-12-23,392756101084501,193,0,c(-101.1470493, 39.4667183),"1980","143-72",-101.1470493,39.4667183,94.1494141,"66-131"
"3352","Edwards",-23.88,"FELLSBURG",1980-01-22,374914099104701,47,0,c(-99.1827459, 37.8170634),"1980","71-0",-99.1827459,37.8170634,127.4290314,"66-131"
"3353","Rice",-8.74,NA,1980-01-21,381245098253101,159,0,c(-98.4211781, 38.2126503),"1980","71-0",-98.4211781,38.2126503,110.6959076,"66-131"
"3354","Stafford",-22.18,"Hudson SE",1980-01-23,380209098313501,185,0,c(-98.5272953, 38.0364713),"1980","71-0",-98.5272953,38.0364713,143.5195618,"132-197"
"3355","Stafford",-17.2,"Hudson SE",1980-01-23,380036098355801,185,0,c(-98.600234, 38.01009),"1980","71-0",-98.600234,38.01009,136.3144531,"132-197"
"3356","Rush",-36.77,NA,1980-12-30,382914099104601,165,0,c(-99.1793813, 38.4883668),"1980","71-0",-99.1793813,38.4883668,25,"0-65"
"3357","Harvey",-10.76,NA,1980-01-01,380054097320301,79,0,c(-97.535747, 38.0149835),"1980","71-0",-97.535747,38.0149835,177.2986755,"132-197"
"3358","Harvey",-10.61,NA,1980-04-01,380054097320301,79,0,c(-97.535747, 38.0149835),"1980","71-0",-97.535747,38.0149835,177.2986755,"132-197"
"3359","Harvey",-12.91,NA,1980-07-01,380054097320301,79,0,c(-97.535747, 38.0149835),"1980","71-0",-97.535747,38.0149835,177.2986755,"132-197"
"3360","Harvey",-19.4,NA,1980-10-01,380054097320301,79,0,c(-97.535747, 38.0149835),"1980","71-0",-97.535747,38.0149835,177.2986755,"132-197"
"3361","Stafford",-12.9,"Saint John North",1980-01-01,380240098454401,185,0,c(-98.761647, 38.046732),"1980","71-0",-98.761647,38.046732,67.0460968,"66-131"
"3362","Stafford",-12.93,"Saint John North",1980-01-23,380240098454401,185,0,c(-98.761647, 38.046732),"1980","71-0",-98.761647,38.046732,67.0460968,"66-131"
"3363","Stafford",-22.73,"Stafford NW",1980-01-22,375520098373701,185,0,c(-98.6251588, 37.9222244),"1980","71-0",-98.6251588,37.9222244,124.3833313,"66-131"
"3364","Rice",-37.2,"Chase NW",1980-03-28,382840098230601,159,0,c(-98.3869121, 38.4773813),"1980","71-0",-98.3869121,38.4773813,10,"0-65"
"3365","Rice",-39.9,"Chase NW",1980-06-27,382840098230601,159,0,c(-98.3869121, 38.4773813),"1980","71-0",-98.3869121,38.4773813,10,"0-65"
"3366","Rice",-42.01,"Chase NW",1980-09-16,382840098230601,159,0,c(-98.3869121, 38.4773813),"1980","71-0",-98.3869121,38.4773813,10,"0-65"
"3367","Rice",-39.47,"Chase NW",1980-12-23,382840098230601,159,0,c(-98.3869121, 38.4773813),"1980","71-0",-98.3869121,38.4773813,10,"0-65"
"3368","Reno",-7.35,NA,1980-01-23,375553098015001,155,0,c(-98.0307584, 37.9309578),"1980","71-0",-98.0307584,37.9309578,25,"0-65"
"3369","Pawnee",-13.89,"Larned",1980-01-23,380949099043602,145,0,c(-99.075938, 38.163672),"1980","71-0",-99.075938,38.163672,84.2806854,"66-131"
"3370","Stafford",-16.3,"Hudson NW",1980-01-01,381338098414301,185,0,c(-98.696962, 38.225513),"1980","71-0",-98.696962,38.225513,164.9035492,"132-197"
"3371","Stafford",-16.33,"Hudson NW",1980-01-23,381338098414301,185,0,c(-98.696962, 38.225513),"1980","71-0",-98.696962,38.225513,164.9035492,"132-197"
"3372","Harvey",-28.61,NA,1980-01-30,380225097275401,79,0,c(-97.4686791, 38.0393342),"1980","71-0",-97.4686791,38.0393342,78.176651,"66-131"
"3373","Sedgwick",-23.35,NA,1980-01-01,375348097295101,173,0,c(-97.499316, 37.897433),"1980","71-0",-97.499316,37.897433,170.8564148,"132-197"
"3374","Sedgwick",-20.48,NA,1980-03-01,375348097295101,173,0,c(-97.499316, 37.897433),"1980","71-0",-97.499316,37.897433,170.8564148,"132-197"
"3375","Sedgwick",-19.3,NA,1980-04-01,375348097295101,173,0,c(-97.499316, 37.897433),"1980","71-0",-97.499316,37.897433,170.8564148,"132-197"
"3376","Sedgwick",-17.54,NA,1980-05-01,375348097295101,173,0,c(-97.499316, 37.897433),"1980","71-0",-97.499316,37.897433,170.8564148,"132-197"
"3377","Sedgwick",-17.87,NA,1980-08-01,375348097295101,173,0,c(-97.499316, 37.897433),"1980","71-0",-97.499316,37.897433,170.8564148,"132-197"
"3378","Sedgwick",-20.99,NA,1980-09-01,375348097295101,173,0,c(-97.499316, 37.897433),"1980","71-0",-97.499316,37.897433,170.8564148,"132-197"
"3379","Sedgwick",-21.05,NA,1980-10-01,375348097295101,173,0,c(-97.499316, 37.897433),"1980","71-0",-97.499316,37.897433,170.8564148,"132-197"
"3380","Sedgwick",-21.98,NA,1980-12-01,375348097295101,173,0,c(-97.499316, 37.897433),"1980","71-0",-97.499316,37.897433,170.8564148,"132-197"
"3381","Reno",-10,NA,1980-01-30,380202097421001,155,0,c(-97.704251, 38.0340447),"1980","71-0",-97.704251,38.0340447,233.0744171,"198-262"
"3382","Haskell",-237.84,NA,1980-01-09,373103100485401,81,0,c(-100.8153151, 37.5175586),"1980","287-216",-100.8153151,37.5175586,200.8968201,"198-262"
"3383","Pawnee",-35.46,"Fort Larned",1980-01-22,380826099134501,145,0,c(-99.2244688, 38.1388262),"1980","71-0",-99.2244688,38.1388262,33.8829498,"0-65"
"3384","Pawnee",-34.75,"Fort Larned",1980-03-20,380826099134501,145,0,c(-99.2244688, 38.1388262),"1980","71-0",-99.2244688,38.1388262,33.8829498,"0-65"
"3385","Pawnee",-37.06,"Fort Larned",1980-07-02,380826099134501,145,0,c(-99.2244688, 38.1388262),"1980","71-0",-99.2244688,38.1388262,33.8829498,"0-65"
"3386","Pawnee",-44.46,"Fort Larned",1980-09-18,380826099134501,145,0,c(-99.2244688, 38.1388262),"1980","71-0",-99.2244688,38.1388262,33.8829498,"0-65"
"3387","Pawnee",-38.13,"Fort Larned",1980-12-30,380826099134501,145,0,c(-99.2244688, 38.1388262),"1980","71-0",-99.2244688,38.1388262,33.8829498,"0-65"
"3388","Kearny",-237.58,"LEOTI 3 SE",1980-01-09,380057101181401,93,0,c(-101.303947, 38.016819),"1980","287-216",-101.303947,38.016819,46.7069435,"0-65"
"3389","Reno",-6.21,"Hutchinson SE",1980-01-30,380139097481201,155,0,c(-97.8037841, 38.0274481),"1980","71-0",-97.8037841,38.0274481,94.5076141,"66-131"
"3390","Pawnee",-9.39,"Radium",1980-01-23,381419098565201,145,0,c(-98.949254, 38.239803),"1980","71-0",-98.949254,38.239803,110.4299698,"66-131"
"3391","Pawnee",-30.84,"Radium",1980-01-23,380758098550501,145,0,c(-98.917336, 38.134631),"1980","71-0",-98.917336,38.134631,113.2107391,"66-131"
"3392","Harvey",0.3,NA,1980-01-01,380324097341501,79,0,c(-97.5726103, 38.0570022),"1980","+1-10",-97.5726103,38.0570022,169.1283264,"132-197"
"3393","Harvey",0.13,NA,1980-04-01,380324097341501,79,0,c(-97.5726103, 38.0570022),"1980","+1-10",-97.5726103,38.0570022,169.1283264,"132-197"
"3394","Harvey",-3.85,NA,1980-07-01,380324097341501,79,0,c(-97.5726103, 38.0570022),"1980","71-0",-97.5726103,38.0570022,169.1283264,"132-197"
"3395","Harvey",-9.11,NA,1980-10-01,380324097341501,79,0,c(-97.5726103, 38.0570022),"1980","71-0",-97.5726103,38.0570022,169.1283264,"132-197"
"3396","Harvey",-18.13,"Zimmerdale",1980-01-30,380133097253501,79,0,c(-97.429533, 38.026878),"1980","71-0",-97.429533,38.026878,54.3433838,"0-65"
"3397","Pratt",-47.76,"Cullison",1980-01-22,373851098592501,151,0,c(-98.992804, 37.647749),"1980","71-0",-98.992804,37.647749,127.1689224,"66-131"
"3398","Edwards",-33.49,"GREENSBURG NW",1980-01-21,374427099232901,47,0,c(-99.390994, 37.744917),"1980","71-0",-99.390994,37.744917,131.097702,"66-131"
"3399","Edwards",-23.2,"Greensburg NE",1980-01-01,374419099152501,47,0,c(-99.25934, 37.742285),"1980","71-0",-99.25934,37.742285,159.0210876,"132-197"
"3400","Edwards",-23.19,"Greensburg NE",1980-01-21,374419099152501,47,0,c(-99.25934, 37.742285),"1980","71-0",-99.25934,37.742285,159.0210876,"132-197"
"3401","Pawnee",-28.47,NA,1980-01-22,381047099185301,145,0,c(-99.314578, 38.180894),"1980","71-0",-99.314578,38.180894,10.8787937,"0-65"
"3402","Pawnee",-28.46,NA,1980-03-20,381047099185301,145,0,c(-99.314578, 38.180894),"1980","71-0",-99.314578,38.180894,10.8787937,"0-65"
"3403","Pawnee",-28.24,NA,1980-07-02,381047099185301,145,0,c(-99.314578, 38.180894),"1980","71-0",-99.314578,38.180894,10.8787937,"0-65"
"3404","Pawnee",-29.48,NA,1980-09-18,381047099185301,145,0,c(-99.314578, 38.180894),"1980","71-0",-99.314578,38.180894,10.8787937,"0-65"
"3405","Pawnee",-33.31,NA,1980-12-30,381047099185301,145,0,c(-99.314578, 38.180894),"1980","71-0",-99.314578,38.180894,10.8787937,"0-65"
"3406","Pawnee",-25.65,NA,1980-01-23,380659098595301,145,0,c(-98.9994972, 38.1167523),"1980","71-0",-98.9994972,38.1167523,83.5006943,"66-131"
"3407","Edwards",-23.9,"Fellsburg",1980-01-01,374715099133901,47,0,c(-99.227573, 37.788213),"1980","71-0",-99.227573,37.788213,169.5231628,"132-197"
"3408","Edwards",-23.9,"Fellsburg",1980-01-21,374715099133901,47,0,c(-99.227573, 37.788213),"1980","71-0",-99.227573,37.788213,169.5231628,"132-197"
"3409","Harvey",-27.55,NA,1980-01-01,380239097395403,79,0,c(-97.6666978, 38.0441453),"1980","71-0",-97.6666978,38.0441453,214.6763,"198-262"
"3410","Harvey",-26.15,NA,1980-04-01,380239097395403,79,0,c(-97.6666978, 38.0441453),"1980","71-0",-97.6666978,38.0441453,214.6763,"198-262"
"3411","Harvey",-26.67,NA,1980-07-01,380239097395403,79,0,c(-97.6666978, 38.0441453),"1980","71-0",-97.6666978,38.0441453,214.6763,"198-262"
"3412","Harvey",-29.24,NA,1980-10-01,380239097395403,79,0,c(-97.6666978, 38.0441453),"1980","71-0",-97.6666978,38.0441453,214.6763,"198-262"
"3413","Harvey",-7.48,"BURRTON",1980-06-25,380140097373801,79,0,c(-97.628619, 38.028618),"1980","71-0",-97.628619,38.028618,203.7931213,"198-262"
"3414","Harvey",-8.4,"BURRTON",1980-09-29,380140097373801,79,0,c(-97.628619, 38.028618),"1980","71-0",-97.628619,38.028618,203.7931213,"198-262"
"3415","Sedgwick",-24.5,NA,1980-01-01,375348097281901,173,0,c(-97.474635, 37.8969914),"1980","71-0",-97.474635,37.8969914,155.2947083,"132-197"
"3416","Sedgwick",-22,NA,1980-03-01,375348097281901,173,0,c(-97.474635, 37.8969914),"1980","71-0",-97.474635,37.8969914,155.2947083,"132-197"
"3417","Sedgwick",-21.5,NA,1980-04-01,375348097281901,173,0,c(-97.474635, 37.8969914),"1980","71-0",-97.474635,37.8969914,155.2947083,"132-197"
"3418","Sedgwick",-19.5,NA,1980-05-01,375348097281901,173,0,c(-97.474635, 37.8969914),"1980","71-0",-97.474635,37.8969914,155.2947083,"132-197"
"3419","Sedgwick",-54,NA,1980-08-01,375348097281901,173,0,c(-97.474635, 37.8969914),"1980","71-0",-97.474635,37.8969914,155.2947083,"132-197"
"3420","Sedgwick",-26,NA,1980-09-01,375348097281901,173,0,c(-97.474635, 37.8969914),"1980","71-0",-97.474635,37.8969914,155.2947083,"132-197"
"3421","Sedgwick",-26,NA,1980-10-01,375348097281901,173,0,c(-97.474635, 37.8969914),"1980","71-0",-97.474635,37.8969914,155.2947083,"132-197"
"3422","Sedgwick",-25.03,NA,1980-12-01,375348097281901,173,0,c(-97.474635, 37.8969914),"1980","71-0",-97.474635,37.8969914,155.2947083,"132-197"
"3423","Barton",-13.72,"GREAT BEND",1980-01-22,381734098511501,9,0,c(-98.857258, 38.292023),"1980","71-0",-98.857258,38.292023,138.5723877,"132-197"
"3424","Harvey",-5.16,"Burrton",1980-01-29,380647097402901,79,0,c(-97.676179, 38.1121379),"1980","71-0",-97.676179,38.1121379,193.0802612,"132-197"
"3425","Meade",-97.15,NA,1980-01-18,371931100115502,119,0,c(-100.1987523, 37.3279236),"1980","143-72",-100.1987523,37.3279236,111.1978149,"66-131"
"3426","Ford",-184,"ENSIGN",1980-03-07,374030100095301,57,0,c(-100.1653558, 37.6753625),"1980","215-144",-100.1653558,37.6753625,72.6757965,"66-131"
"3427","Finney",-98.59,"LOWE",1980-01-16,380155100543401,55,0,c(-100.91084, 38.032193),"1980","143-72",-100.91084,38.032193,207.7573853,"198-262"
"3428","Edwards",-27.77,"EWIS",1980-01-21,375801099191001,47,0,c(-99.3189494, 37.9677048),"1980","71-0",-99.3189494,37.9677048,63.2465897,"0-65"
"3429","Morton",-140.77,NA,1980-01-16,371242101452201,129,0,c(-101.7556413, 37.2120432),"1980","143-72",-101.7556413,37.2120432,25,"0-65"
"3430","Morton",-150.01,NA,1980-04-08,371242101452201,129,0,c(-101.7556413, 37.2120432),"1980","215-144",-101.7556413,37.2120432,25,"0-65"
"3431","Morton",-171.9,NA,1980-10-13,371242101452201,129,0,c(-101.7556413, 37.2120432),"1980","215-144",-101.7556413,37.2120432,25,"0-65"
"3432","Sherman",-120.51,"Ruleton",1980-01-10,392112101592101,181,0,c(-101.989858, 39.354478),"1980","143-72",-101.989858,39.354478,122.2610931,"66-131"
"3433","Sherman",-20.06,"Horsethief Draw NW",1980-01-08,391052101531101,181,0,c(-101.885454, 39.180672),"1980","71-0",-101.885454,39.180672,58.8708191,"0-65"
"3434","Grant",-220.53,"Hickok NW",1980-01-16,374203101095101,67,0,c(-101.163948, 37.700771),"1980","287-216",-101.163948,37.700771,109.2319489,"66-131"
"3435","Grant",-224.4,"Hickok NW",1980-04-09,374203101095101,67,0,c(-101.163948, 37.700771),"1980","287-216",-101.163948,37.700771,109.2319489,"66-131"
"3436","Grant",-224.17,"Hickok NW",1980-10-14,374203101095101,67,0,c(-101.163948, 37.700771),"1980","287-216",-101.163948,37.700771,109.2319489,"66-131"
"3437","Haskell",-277.23,NA,1980-01-08,373043100594901,81,0,c(-100.9976664, 37.5122195),"1980","287-216",-100.9976664,37.5122195,185.6502075,"132-197"
"3438","Hamilton",-32.01,"Kendall",1980-01-14,375413101341701,75,0,c(-101.570049, 37.904495),"1980","71-0",-101.570049,37.904495,NA,NA
"3439","Hamilton",-223.95,"Syracuse East SW",1980-01-14,375116101410801,75,0,c(-101.68715, 37.854914),"1980","287-216",-101.68715,37.854914,10,"0-65"
"3440","Thomas",-171.89,NA,1980-01-11,390833101171601,193,0,c(-101.2879497, 39.1436701),"1980","215-144",-101.2879497,39.1436701,29.1230278,"0-65"
"3441","Grant",-199.54,NA,1980-01-17,372515101235101,67,0,c(-101.3972508, 37.4217369),"1980","215-144",-101.3972508,37.4217369,147.7418823,"132-197"
"3442","Grant",-195.26,NA,1980-04-09,372515101235101,67,0,c(-101.3972508, 37.4217369),"1980","215-144",-101.3972508,37.4217369,147.7418823,"132-197"
"3443","Grant",-201.64,NA,1980-08-06,372515101235101,67,0,c(-101.3972508, 37.4217369),"1980","215-144",-101.3972508,37.4217369,147.7418823,"132-197"
"3444","Grant",-206.86,NA,1980-10-14,372515101235101,67,0,c(-101.3972508, 37.4217369),"1980","215-144",-101.3972508,37.4217369,147.7418823,"132-197"
"3445","Grant",-263.81,"Wagon Bed Spring",1980-01-17,372759101210001,67,0,c(-101.3508775, 37.4666812),"1980","287-216",-101.3508775,37.4666812,164.4527588,"132-197"
"3446","Grant",-262.26,"Wagon Bed Spring",1980-04-09,372759101210001,67,0,c(-101.3508775, 37.4666812),"1980","287-216",-101.3508775,37.4666812,164.4527588,"132-197"
"3447","Haskell",-275.14,NA,1980-01-08,373228100595701,81,0,c(-101.0002145, 37.5412902),"1980","287-216",-101.0002145,37.5412902,186.4283752,"132-197"
"3448","Haskell",-275.51,NA,1980-05-08,373228100595701,81,0,c(-101.0002145, 37.5412902),"1980","287-216",-101.0002145,37.5412902,186.4283752,"132-197"
"3449","Haskell",-89.17,"RYUS",1980-05-08,372436101042002,81,0,c(-101.071444, 37.410824),"1980","143-72",-101.071444,37.410824,155.8474121,"132-197"
"3450","Haskell",-89.71,"RYUS",1980-07-29,372436101042002,81,0,c(-101.071444, 37.410824),"1980","143-72",-101.071444,37.410824,155.8474121,"132-197"
"3451","Haskell",-89.46,"RYUS",1980-10-14,372436101042002,81,0,c(-101.071444, 37.410824),"1980","143-72",-101.071444,37.410824,155.8474121,"132-197"
"3452","Haskell",-87.81,NA,1980-01-08,372436101042001,81,0,c(-101.0722511, 37.4105243),"1980","143-72",-101.0722511,37.4105243,155.8474121,"132-197"
"3453","Wallace",-28.54,"Sharon Springs East",1980-01-15,385314101395701,199,0,c(-101.666614, 38.886959),"1980","71-0",-101.666614,38.886959,NA,NA
"3454","Wallace",-28.17,"Sharon Springs East",1980-04-21,385314101395701,199,0,c(-101.666614, 38.886959),"1980","71-0",-101.666614,38.886959,NA,NA
"3455","Wallace",-30.61,"Sharon Springs East",1980-07-21,385314101395701,199,0,c(-101.666614, 38.886959),"1980","71-0",-101.666614,38.886959,NA,NA
"3456","Wallace",-28.65,"Sharon Springs East",1980-10-06,385314101395701,199,0,c(-101.666614, 38.886959),"1980","71-0",-101.666614,38.886959,NA,NA
"3457","Sherman",-163.49,"Ruleton NW",1980-01-10,392520101591901,181,0,c(-101.9899557, 39.4228654),"1980","215-144",-101.9899557,39.4228654,124.571991,"66-131"
"3458","Sherman",-158.56,"Goodland",1980-01-08,391553101442101,181,0,c(-101.739951, 39.264321),"1980","215-144",-101.739951,39.264321,87.7527618,"66-131"
"3459","Haskell",-215.81,"West of Copeland",1980-01-07,373556100464201,81,0,c(-100.779938, 37.598454),"1980","215-144",-100.779938,37.598454,197.9494934,"132-197"
"3460","Haskell",-212.93,"West of Copeland",1980-05-06,373556100464201,81,0,c(-100.779938, 37.598454),"1980","215-144",-100.779938,37.598454,197.9494934,"132-197"
"3461","Haskell",-212.03,"West of Copeland",1980-07-08,373556100464201,81,0,c(-100.779938, 37.598454),"1980","215-144",-100.779938,37.598454,197.9494934,"132-197"
"3462","Haskell",-215.58,"West of Copeland",1980-10-14,373556100464201,81,0,c(-100.779938, 37.598454),"1980","215-144",-100.779938,37.598454,197.9494934,"132-197"
"3463","Haskell",-276.81,NA,1980-01-08,373339101002201,81,0,c(-101.0071981, 37.5612313),"1980","287-216",-101.0071981,37.5612313,187.5616455,"132-197"
"3464","Haskell",-289.62,NA,1980-01-08,373220101030701,81,0,c(-101.0533893, 37.5401112),"1980","359-288",-101.0533893,37.5401112,195.8804321,"132-197"
"3465","Thomas",-88.95,NA,1980-12-24,392403101185001,193,0,c(-101.3145903, 39.4021266),"1980","143-72",-101.3145903,39.4021266,109.8392868,"66-131"
"3466","Hamilton",-45.47,NA,1980-01-15,374414101453701,75,0,c(-101.7611055, 37.7398596),"1980","71-0",-101.7611055,37.7398596,57.5032806,"0-65"
"3467","Thomas",-167.88,"Dewey Ranch SE",1980-01-09,393250101181301,193,0,c(-101.304328, 39.5482772),"1980","215-144",-101.304328,39.5482772,96.0399399,"66-131"
"3468","Thomas",-170.28,"Dewey Ranch SE",1980-12-24,393250101181301,193,0,c(-101.304328, 39.5482772),"1980","215-144",-101.304328,39.5482772,96.0399399,"66-131"
"3469","Sherman",-119.77,NA,1980-01-11,392027101490603,181,0,c(-101.8182407, 39.3409322),"1980","143-72",-101.8182407,39.3409322,120.9805756,"66-131"
"3470","Sherman",-66.16,NA,1980-01-10,392034101480701,181,0,c(-101.8019348, 39.34277),"1980","71-0",-101.8019348,39.34277,113.6531372,"66-131"
"3471","Sherman",-184.05,NA,1980-01-11,392100101433701,181,0,c(-101.7270311, 39.3502709),"1980","215-144",-101.7270311,39.3502709,91.2395554,"66-131"
"3472","Sherman",-163.43,"Ruleton NE",1980-01-10,392948101493301,181,0,c(-101.8280517, 39.4961653),"1980","215-144",-101.8280517,39.4961653,136.3839417,"132-197"
"3473","Haskell",-292.01,NA,1980-01-08,372754100580201,81,0,c(-100.975774, 37.4657981),"1980","359-288",-100.975774,37.4657981,195.9961243,"132-197"
"3474","Wallace",-149.1,NA,1980-01-14,384617101485701,199,0,c(-101.8159435, 38.7699503),"1980","215-144",-101.8159435,38.7699503,73.4835663,"66-131"
"3475","Hamilton",-144.55,"Syracuse West SW",1980-01-15,375031101594501,75,0,c(-101.995958, 37.842112),"1980","215-144",-101.995958,37.842112,30.8513985,"0-65"
"3476","Thomas",-113.86,NA,1980-03-12,391940100521901,193,0,c(-100.8737204, 39.3280426),"1980","143-72",-100.8737204,39.3280426,39.7352524,"0-65"
"3477","Thomas",-114.38,NA,1980-06-04,391940100521901,193,0,c(-100.8737204, 39.3280426),"1980","143-72",-100.8737204,39.3280426,39.7352524,"0-65"
"3478","Finney",-82.94,"GARDEN CITY WEST",1980-05-05,375509100592103,55,0,c(-100.9882835, 37.9203222),"1980","143-72",-100.9882835,37.9203222,276.17099,"263-328"
"3479","Finney",-106.48,"GARDEN CITY WEST",1980-05-06,375535100572701,55,0,c(-100.9579824, 37.9267505),"1980","143-72",-100.9579824,37.9267505,268.4258423,"263-328"
"3480","Finney",-130.95,"GARDEN CITY WEST",1980-10-01,375535100572701,55,0,c(-100.9579824, 37.9267505),"1980","143-72",-100.9579824,37.9267505,268.4258423,"263-328"
"3481","Sherman",-157.21,"Horsethief Draw NE",1980-01-09,391454101490901,181,0,c(-101.819553, 39.249071),"1980","215-144",-101.819553,39.249071,58.4477844,"0-65"
"3482","Sherman",-155.57,"Horsethief Draw NE",1980-03-11,391454101490901,181,0,c(-101.819553, 39.249071),"1980","215-144",-101.819553,39.249071,58.4477844,"0-65"
"3483","Sherman",-154.96,"Horsethief Draw NE",1980-06-02,391454101490901,181,0,c(-101.819553, 39.249071),"1980","215-144",-101.819553,39.249071,58.4477844,"0-65"
"3484","Sherman",-158.97,"Horsethief Draw NE",1980-09-09,391454101490901,181,0,c(-101.819553, 39.249071),"1980","215-144",-101.819553,39.249071,58.4477844,"0-65"
"3485","Sherman",-125.05,"Ruleton NW",1980-01-10,392454101540201,181,0,c(-101.9027519, 39.4142373),"1980","143-72",-101.9027519,39.4142373,131.0453491,"66-131"
"3486","Grant",-308,NA,1980-01-16,373801101104101,67,0,c(-101.1781341, 37.6335559),"1980","359-288",-101.1781341,37.6335559,142.6090698,"132-197"
"3487","Wallace",-137.2,"SHARON SPRINGS 4 NE",1980-01-15,384400101332601,199,0,c(-101.5566137, 38.7333114),"1980","143-72",-101.5566137,38.7333114,17.9516544,"0-65"
"3488","Greeley",-199.9,"Stockholm Cemetery",1980-01-16,383909101572301,71,0,c(-101.9573414, 38.6502906),"1980","215-144",-101.9573414,38.6502906,24.7390003,"0-65"
"3489","Thomas",-138.84,"Grinnell North",1980-01-10,391401100433101,193,0,c(-100.724824, 39.233386),"1980","143-72",-100.724824,39.233386,53.921669,"0-65"
"3490","Gray",-119.58,"Cimarron NW",1980-01-12,375451100254401,69,0,c(-100.4294922, 37.9150447),"1980","143-72",-100.4294922,37.9150447,105.859726,"66-131"
"3491","Sherman",-171.4,"Ruleton SE",1980-01-09,391632101522601,181,0,c(-101.874854, 39.274651),"1980","215-144",-101.874854,39.274651,84.6804047,"66-131"
"3492","Thomas",-101.41,"Brewster NE",1980-01-09,392903101190501,193,0,c(-101.320436, 39.4855985),"1980","143-72",-101.320436,39.4855985,126.6205292,"66-131"
"3493","Thomas",-101.58,"Brewster NE",1980-12-24,392903101190501,193,0,c(-101.320436, 39.4855985),"1980","143-72",-101.320436,39.4855985,126.6205292,"66-131"
"3494","Ford",-119.95,"BUCKLIN",1980-06-12,373402099412001,57,0,c(-99.6893991, 37.5673342),"1980","143-72",-99.6893991,37.5673342,50.0465202,"0-65"
"3495","Sherman",-192.8,"S of Crosby Creek",1980-01-09,393040101593201,181,0,c(-101.9948666, 39.510205),"1980","215-144",-101.9948666,39.510205,107.5480499,"66-131"
"3496","Sherman",-194.17,"McAllaster NW",1980-01-08,391037101250601,181,0,c(-101.418241, 39.178425),"1980","215-144",-101.418241,39.178425,10,"0-65"
"3497","Logan",-159.49,NA,1980-03-11,390741101205902,109,0,c(-101.3505949, 39.1294369),"1980","215-144",-101.3505949,39.1294369,10,"0-65"
"3498","Logan",-157.43,NA,1980-06-05,390741101205902,109,0,c(-101.3505949, 39.1294369),"1980","215-144",-101.3505949,39.1294369,10,"0-65"
"3499","Logan",-175.52,NA,1980-09-10,390741101205902,109,0,c(-101.3505949, 39.1294369),"1980","215-144",-101.3505949,39.1294369,10,"0-65"
"3500","Thomas",-116.05,"Gem",1980-01-09,392243100560301,193,0,c(-100.9370275, 39.379654),"1980","143-72",-100.9370275,39.379654,126.4211578,"66-131"
"3501","Thomas",-119.1,"Gem",1980-12-22,392243100560301,193,0,c(-100.9370275, 39.379654),"1980","143-72",-100.9370275,39.379654,126.4211578,"66-131"
"3502","Haskell",-280.92,NA,1980-01-08,372846100594901,81,0,c(-100.997822, 37.4830261),"1980","287-216",-100.997822,37.4830261,187.5265503,"132-197"
"3503","Finney",-138.3,"Wolf",1980-01-15,380115101032601,55,0,c(-101.058334, 38.020593),"1980","143-72",-101.058334,38.020593,255.0596313,"198-262"
"3504","Sherman",-162.52,NA,1980-01-09,393342101263701,181,0,c(-101.4443385, 39.5622873),"1980","215-144",-101.4443385,39.5622873,137.2027435,"132-197"
"3505","Grant",-133,"Big Bow",1980-01-17,373015101300701,67,0,c(-101.5033451, 37.5055196),"1980","143-72",-101.5033451,37.5055196,184.5105286,"132-197"
"3506","Logan",-46.5,NA,1980-01-10,385441101110101,109,0,c(-101.1839458, 38.9116896),"1980","71-0",-101.1839458,38.9116896,NA,NA
"3507","Thomas",-153.15,NA,1980-01-09,392243101022201,193,0,c(-101.0400086, 39.3788837),"1980","215-144",-101.0400086,39.3788837,92.1926193,"66-131"
"3508","Thomas",-155.28,NA,1980-12-23,392243101022201,193,0,c(-101.0400086, 39.3788837),"1980","215-144",-101.0400086,39.3788837,92.1926193,"66-131"
"3509","Thomas",-187.61,NA,1980-01-11,391339101143501,193,0,c(-101.242537, 39.229405),"1980","215-144",-101.242537,39.229405,42.9122353,"0-65"
"3510","Sherman",-154.79,NA,1980-01-09,391652101490801,181,0,c(-101.8196513, 39.2804695),"1980","215-144",-101.8196513,39.2804695,77.3057098,"66-131"
"3511","Sherman",-171.65,"Dewey Ranch SW",1980-01-09,393132101272001,181,0,c(-101.455143, 39.525969),"1980","215-144",-101.455143,39.525969,119.8708954,"66-131"
"3512","Thomas",-128.32,"Brewster",1980-01-08,392153101223802,193,0,c(-101.378441, 39.365132),"1980","143-72",-101.378441,39.365132,100.2629242,"66-131"
"3513","Thomas",-128.36,"Brewster",1980-03-12,392153101223802,193,0,c(-101.378441, 39.365132),"1980","143-72",-101.378441,39.365132,100.2629242,"66-131"
"3514","Thomas",-132.1,"Brewster",1980-09-10,392153101223802,193,0,c(-101.378441, 39.365132),"1980","143-72",-101.378441,39.365132,100.2629242,"66-131"
"3515","Thomas",-128.34,"Brewster",1980-12-24,392153101223802,193,0,c(-101.378441, 39.365132),"1980","143-72",-101.378441,39.365132,100.2629242,"66-131"
"3516","Grant",-231.72,NA,1980-01-16,372951101091001,67,0,c(-101.1520457, 37.4974791),"1980","287-216",-101.1520457,37.4974791,196.2341766,"132-197"
"3517","Grant",-133.57,NA,1980-01-17,372442101304601,67,0,c(-101.5144933, 37.4119965),"1980","143-72",-101.5144933,37.4119965,128.0097351,"66-131"
"3518","Grant",-202.9,NA,1980-01-16,373741101213302,67,0,c(-101.3603287, 37.6282526),"1980","215-144",-101.3603287,37.6282526,120.1436996,"66-131"
"3519","Grant",-189.9,"Moscow NW",1980-01-16,372826101125501,67,0,c(-101.216446, 37.474564),"1980","215-144",-101.216446,37.474564,227.346344,"198-262"
"3520","Grant",-182.13,"Moscow NW",1980-04-09,372826101125501,67,0,c(-101.216446, 37.474564),"1980","215-144",-101.216446,37.474564,227.346344,"198-262"
"3521","Grant",-208.63,"Moscow NW",1980-08-06,372826101125501,67,0,c(-101.216446, 37.474564),"1980","215-144",-101.216446,37.474564,227.346344,"198-262"
"3522","Grant",-213.16,"Moscow NW",1980-10-14,372826101125501,67,0,c(-101.216446, 37.474564),"1980","215-144",-101.216446,37.474564,227.346344,"198-262"
"3523","Grant",-254.38,NA,1980-01-16,372818101182401,67,0,c(-101.3065903, 37.4720569),"1980","287-216",-101.3065903,37.4720569,170.6512909,"132-197"
"3524","Thomas",-153.9,"Dewey Ranch SW",1980-01-09,392955101224301,193,0,c(-101.380541, 39.50025),"1980","215-144",-101.380541,39.50025,146.2103882,"132-197"
"3525","Thomas",-154.46,"Dewey Ranch SW",1980-12-24,392955101224301,193,0,c(-101.380541, 39.50025),"1980","215-144",-101.380541,39.50025,146.2103882,"132-197"
"3526","Thomas",-129.59,NA,1980-03-12,392256100453001,193,0,c(-100.7588228, 39.3828235),"1980","143-72",-100.7588228,39.3828235,123.086792,"66-131"
"3527","Thomas",-128.99,NA,1980-06-04,392256100453001,193,0,c(-100.7588228, 39.3828235),"1980","143-72",-100.7588228,39.3828235,123.086792,"66-131"
"3528","Thomas",-130.13,NA,1980-09-10,392256100453001,193,0,c(-100.7588228, 39.3828235),"1980","143-72",-100.7588228,39.3828235,123.086792,"66-131"
"3529","Thomas",-149.9,"Spica",1980-01-10,391355100574901,193,0,c(-100.9641263, 39.231384),"1980","215-144",-100.9641263,39.231384,75.9515381,"66-131"
"3530","Thomas",-152.8,"Spica",1980-12-22,391355100574901,193,0,c(-100.9641263, 39.231384),"1980","215-144",-100.9641263,39.231384,75.9515381,"66-131"
"3531","Pawnee",-14.9,"Fort Larned",1980-01-01,380903099090101,145,0,c(-99.150203, 38.151833),"1980","71-0",-99.150203,38.151833,99.0416718,"66-131"
"3532","Pawnee",-14.9,"Fort Larned",1980-01-23,380903099090101,145,0,c(-99.150203, 38.151833),"1980","71-0",-99.150203,38.151833,99.0416718,"66-131"
"3533","Pawnee",-15.2,"Fort Larned",1980-10-01,380903099090101,145,0,c(-99.150203, 38.151833),"1980","71-0",-99.150203,38.151833,99.0416718,"66-131"
"3534","Barton",-16.13,"GREAT BEND",1980-01-22,381821098463901,9,0,c(-98.779247, 38.30468),"1980","71-0",-98.779247,38.30468,116.347641,"66-131"
"3535","Mitchell",-25.1,"BELOIT",1980-03-14,392609098051001,123,0,c(-98.0866555, 39.4363271),"1980","71-0",-98.0866555,39.4363271,NA,NA
"3536","Reno",-7.44,"BURRTON",1980-06-25,380001097402304,155,0,c(-97.6734709, 38.0005509),"1980","71-0",-97.6734709,38.0005509,113.8329926,"66-131"
"3537","Reno",-9.35,"BURRTON",1980-09-30,380001097402304,155,0,c(-97.6734709, 38.0005509),"1980","71-0",-97.6734709,38.0005509,113.8329926,"66-131"
"3538","Harvey",-47.37,NA,1980-01-01,380054097342202,79,0,c(-97.5748109, 38.0150828),"1980","71-0",-97.5748109,38.0150828,205.0233459,"198-262"
"3539","Harvey",-43.02,NA,1980-03-01,380054097342202,79,0,c(-97.5748109, 38.0150828),"1980","71-0",-97.5748109,38.0150828,205.0233459,"198-262"
"3540","Harvey",-47.62,NA,1980-04-01,380054097342202,79,0,c(-97.5748109, 38.0150828),"1980","71-0",-97.5748109,38.0150828,205.0233459,"198-262"
"3541","Harvey",-43.77,NA,1980-05-01,380054097342202,79,0,c(-97.5748109, 38.0150828),"1980","71-0",-97.5748109,38.0150828,205.0233459,"198-262"
"3542","Harvey",-42.78,NA,1980-08-01,380054097342202,79,0,c(-97.5748109, 38.0150828),"1980","71-0",-97.5748109,38.0150828,205.0233459,"198-262"
"3543","Harvey",-54.4,NA,1980-09-01,380054097342202,79,0,c(-97.5748109, 38.0150828),"1980","71-0",-97.5748109,38.0150828,205.0233459,"198-262"
"3544","Harvey",-51.33,NA,1980-10-01,380054097342202,79,0,c(-97.5748109, 38.0150828),"1980","71-0",-97.5748109,38.0150828,205.0233459,"198-262"
"3545","Harvey",-46.91,NA,1980-11-01,380054097342202,79,0,c(-97.5748109, 38.0150828),"1980","71-0",-97.5748109,38.0150828,205.0233459,"198-262"
"3546","Harvey",-48.16,NA,1980-12-01,380054097342202,79,0,c(-97.5748109, 38.0150828),"1980","71-0",-97.5748109,38.0150828,205.0233459,"198-262"
"3547","Harvey",-11.72,NA,1980-01-30,380152097315501,79,0,c(-97.5277006, 38.0358922),"1980","71-0",-97.5277006,38.0358922,156.9482117,"132-197"
"3548","Barton",-25.66,"CLAFLIN",1980-01-21,383006098320201,9,0,c(-98.5346301, 38.5010693),"1980","71-0",-98.5346301,38.5010693,17.70924,"0-65"
"3549","Reno",-6.47,"BURRTON",1980-06-25,380001097402305,155,0,c(-97.6734709, 38.0005509),"1980","71-0",-97.6734709,38.0005509,113.8329926,"66-131"
"3550","Reno",-8.3,"BURRTON",1980-09-30,380001097402305,155,0,c(-97.6734709, 38.0005509),"1980","71-0",-97.6734709,38.0005509,113.8329926,"66-131"
"3551","Harvey",-6.77,"PATTERSON",1980-01-01,380002097401702,79,0,c(-97.6734709, 38.0005509),"1980","71-0",-97.6734709,38.0005509,113.8329926,"66-131"
"3552","Harvey",-5.94,"PATTERSON",1980-04-01,380002097401702,79,0,c(-97.6734709, 38.0005509),"1980","71-0",-97.6734709,38.0005509,113.8329926,"66-131"
"3553","Harvey",-7.44,"PATTERSON",1980-06-25,380002097401702,79,0,c(-97.6734709, 38.0005509),"1980","71-0",-97.6734709,38.0005509,113.8329926,"66-131"
"3554","Harvey",-7.13,"PATTERSON",1980-07-01,380002097401702,79,0,c(-97.6734709, 38.0005509),"1980","71-0",-97.6734709,38.0005509,113.8329926,"66-131"
"3555","Harvey",-9.35,"PATTERSON",1980-09-30,380002097401702,79,0,c(-97.6734709, 38.0005509),"1980","71-0",-97.6734709,38.0005509,113.8329926,"66-131"
"3556","Harvey",-8.66,"PATTERSON",1980-10-01,380002097401702,79,0,c(-97.6734709, 38.0005509),"1980","71-0",-97.6734709,38.0005509,113.8329926,"66-131"
"3557","Harvey",-7.06,"BURRTON",1980-01-01,380048097395201,79,0,c(-97.6667026, 38.0132062),"1980","71-0",-97.6667026,38.0132062,142.5135498,"132-197"
"3558","Harvey",-6.85,"BURRTON",1980-04-01,380048097395201,79,0,c(-97.6667026, 38.0132062),"1980","71-0",-97.6667026,38.0132062,142.5135498,"132-197"
"3559","Harvey",-7.62,"BURRTON",1980-06-25,380048097395201,79,0,c(-97.6667026, 38.0132062),"1980","71-0",-97.6667026,38.0132062,142.5135498,"132-197"
"3560","Harvey",-6.67,"BURRTON",1980-07-01,380048097395201,79,0,c(-97.6667026, 38.0132062),"1980","71-0",-97.6667026,38.0132062,142.5135498,"132-197"
"3561","Harvey",-9.3,"BURRTON",1980-09-30,380048097395201,79,0,c(-97.6667026, 38.0132062),"1980","71-0",-97.6667026,38.0132062,142.5135498,"132-197"
"3562","Harvey",-8.36,"BURRTON",1980-10-01,380048097395201,79,0,c(-97.6667026, 38.0132062),"1980","71-0",-97.6667026,38.0132062,142.5135498,"132-197"
"3563","Rush",-32.5,"Timken",1980-03-20,382835099105401,165,0,c(-99.1810134, 38.476545),"1980","71-0",-99.1810134,38.476545,25,"0-65"
"3564","Rush",-32.3,"Timken",1980-07-02,382835099105401,165,0,c(-99.1810134, 38.476545),"1980","71-0",-99.1810134,38.476545,25,"0-65"
"3565","Rush",-34.64,"Timken",1980-09-18,382835099105401,165,0,c(-99.1810134, 38.476545),"1980","71-0",-99.1810134,38.476545,25,"0-65"
"3566","Rush",-34.89,"Timken",1980-12-30,382835099105401,165,0,c(-99.1810134, 38.476545),"1980","71-0",-99.1810134,38.476545,25,"0-65"
"3567","Harvey",-13.07,NA,1980-01-01,380239097395402,79,0,c(-97.6666978, 38.0441453),"1980","71-0",-97.6666978,38.0441453,214.6763,"198-262"
"3568","Harvey",-12.4,NA,1980-04-01,380239097395402,79,0,c(-97.6666978, 38.0441453),"1980","71-0",-97.6666978,38.0441453,214.6763,"198-262"
"3569","Harvey",-13.22,NA,1980-07-01,380239097395402,79,0,c(-97.6666978, 38.0441453),"1980","71-0",-97.6666978,38.0441453,214.6763,"198-262"
"3570","Harvey",-14.74,NA,1980-10-01,380239097395402,79,0,c(-97.6666978, 38.0441453),"1980","71-0",-97.6666978,38.0441453,214.6763,"198-262"
"3571","Pawnee",-25.71,"Radium",1980-01-23,381022098570002,145,0,c(-98.949406, 38.174064),"1980","71-0",-98.949406,38.174064,183.0338135,"132-197"
"3572","Pawnee",-25.87,"Radium",1980-03-20,381022098570002,145,0,c(-98.949406, 38.174064),"1980","71-0",-98.949406,38.174064,183.0338135,"132-197"
"3573","Pawnee",-40.53,"Radium",1980-07-02,381022098570002,145,0,c(-98.949406, 38.174064),"1980","71-0",-98.949406,38.174064,183.0338135,"132-197"
"3574","Pawnee",-36.78,"Radium",1980-09-18,381022098570002,145,0,c(-98.949406, 38.174064),"1980","71-0",-98.949406,38.174064,183.0338135,"132-197"
"3575","Pawnee",-36.73,"Radium",1980-12-30,381022098570002,145,0,c(-98.949406, 38.174064),"1980","71-0",-98.949406,38.174064,183.0338135,"132-197"
"3576","Pawnee",-17.06,"Fort Larned",1980-01-23,381021099074601,145,0,c(-99.128032, 38.174149),"1980","71-0",-99.128032,38.174149,23.4155235,"0-65"
"3577","Pawnee",-17.03,"Fort Larned",1980-03-20,381021099074601,145,0,c(-99.128032, 38.174149),"1980","71-0",-99.128032,38.174149,23.4155235,"0-65"
"3578","Pawnee",-16.59,"Fort Larned",1980-07-02,381021099074601,145,0,c(-99.128032, 38.174149),"1980","71-0",-99.128032,38.174149,23.4155235,"0-65"
"3579","Pawnee",-17.75,"Fort Larned",1980-09-18,381021099074601,145,0,c(-99.128032, 38.174149),"1980","71-0",-99.128032,38.174149,23.4155235,"0-65"
"3580","Pawnee",-18.3,"Fort Larned",1980-12-30,381021099074601,145,0,c(-99.128032, 38.174149),"1980","71-0",-99.128032,38.174149,23.4155235,"0-65"
"3581","Barton",-7.15,"ELLINWOOD SW",1980-01-22,382018098375001,9,0,c(-98.6319279, 38.3372561),"1980","71-0",-98.6319279,38.3372561,96.1927109,"66-131"
"3582","Stafford",-16.04,"Hudson",1980-01-23,380644098411901,185,0,c(-98.688039, 38.111837),"1980","71-0",-98.688039,38.111837,160.1200256,"132-197"
"3583","Ford",-136.8,"BUCKLIN",1980-06-04,373135099412901,57,0,c(-99.6907703, 37.5260055),"1980","143-72",-99.6907703,37.5260055,80.0464325,"66-131"
"3584","Ford",-122,"MOUNT JESUS NW",1980-06-05,372950099452301,57,0,c(-99.7567909, 37.4972869),"1980","143-72",-99.7567909,37.4972869,65.2364883,"0-65"
"3585","Ford",-138.5,"BUCKLIN",1980-06-06,373005099425601,57,0,c(-99.7158574, 37.5005648),"1980","143-72",-99.7158574,37.5005648,74.0827942,"66-131"
"3586","Edwards",-17.53,"HAVILAND NE",1980-01-22,374440099032401,47,0,c(-99.057599, 37.744267),"1980","71-0",-99.057599,37.744267,255.9705353,"198-262"
"3587","Hodgeman",-35.99,NA,1980-01-16,381112100081501,83,0,c(-100.140099, 38.188288),"1980","71-0",-100.140099,38.188288,NA,NA
"3588","Harvey",-11.96,"BURRTON",1980-01-01,380331097395401,79,0,c(-97.6667102, 38.058671),"1980","71-0",-97.6667102,38.058671,248.649353,"198-262"
"3589","Harvey",-9.39,"BURRTON",1980-04-01,380331097395401,79,0,c(-97.6667102, 38.058671),"1980","71-0",-97.6667102,38.058671,248.649353,"198-262"
"3590","Harvey",-11.71,"BURRTON",1980-06-25,380331097395401,79,0,c(-97.6667102, 38.058671),"1980","71-0",-97.6667102,38.058671,248.649353,"198-262"
"3591","Harvey",-11.37,"BURRTON",1980-07-01,380331097395401,79,0,c(-97.6667102, 38.058671),"1980","71-0",-97.6667102,38.058671,248.649353,"198-262"
"3592","Harvey",-14.07,"BURRTON",1980-10-01,380331097395401,79,0,c(-97.6667102, 38.058671),"1980","71-0",-97.6667102,38.058671,248.649353,"198-262"
"3593","Harvey",-14.93,"BURRTON",1980-10-07,380331097395401,79,0,c(-97.6667102, 38.058671),"1980","71-0",-97.6667102,38.058671,248.649353,"198-262"
"3594","Ford",-114.2,"BUCKLIN",1980-06-04,373250099420801,57,0,c(-99.702714, 37.5472884),"1980","143-72",-99.702714,37.5472884,66.7366943,"66-131"
"3595","Pawnee",-22.65,"Garfield",1980-01-23,380013099143901,145,0,c(-99.245005, 38.003715),"1980","71-0",-99.245005,38.003715,37.9598007,"0-65"
"3596","Pawnee",-43.16,"Burdett",1980-01-10,381207099325201,145,0,c(-99.5510469, 38.2031444),"1980","71-0",-99.5510469,38.2031444,11.5445147,"0-65"
"3597","Pawnee",-43.46,"Burdett",1980-01-22,381207099325201,145,0,c(-99.5510469, 38.2031444),"1980","71-0",-99.5510469,38.2031444,11.5445147,"0-65"
"3598","Pawnee",-42.67,"Burdett",1980-03-20,381207099325201,145,0,c(-99.5510469, 38.2031444),"1980","71-0",-99.5510469,38.2031444,11.5445147,"0-65"
"3599","Pawnee",-42.74,"Burdett",1980-07-02,381207099325201,145,0,c(-99.5510469, 38.2031444),"1980","71-0",-99.5510469,38.2031444,11.5445147,"0-65"
"3600","Pawnee",-45.86,"Burdett",1980-09-18,381207099325201,145,0,c(-99.5510469, 38.2031444),"1980","71-0",-99.5510469,38.2031444,11.5445147,"0-65"
"3601","Pawnee",-44.42,"Burdett",1980-12-30,381207099325201,145,0,c(-99.5510469, 38.2031444),"1980","71-0",-99.5510469,38.2031444,11.5445147,"0-65"
"3602","Stafford",-23.73,NA,1980-01-23,381358098374401,185,0,c(-98.6295148, 38.2327062),"1980","71-0",-98.6295148,38.2327062,178.9141846,"132-197"
"3603","Harvey",-28.25,NA,1980-01-01,380232097373201,79,0,c(-97.6276458, 38.0423752),"1980","71-0",-97.6276458,38.0423752,214.0228119,"198-262"
"3604","Harvey",-26.77,NA,1980-04-01,380232097373201,79,0,c(-97.6276458, 38.0423752),"1980","71-0",-97.6276458,38.0423752,214.0228119,"198-262"
"3605","Harvey",-30.29,NA,1980-07-01,380232097373201,79,0,c(-97.6276458, 38.0423752),"1980","71-0",-97.6276458,38.0423752,214.0228119,"198-262"
"3606","Harvey",-32.71,NA,1980-10-01,380232097373201,79,0,c(-97.6276458, 38.0423752),"1980","71-0",-97.6276458,38.0423752,214.0228119,"198-262"
"3607","Grant",-172.1,NA,1980-01-16,374103101281401,67,0,c(-101.4712093, 37.6846769),"1980","215-144",-101.4712093,37.6846769,88.9060669,"66-131"
"3608","Ford",-77,"FOWLER",1980-03-05,372908100124001,57,0,c(-100.2122949, 37.4861923),"1980","143-72",-100.2122949,37.4861923,91.6348801,"66-131"
"3609","Ford",-86.8,"FOWLER",1980-09-17,372908100124001,57,0,c(-100.2122949, 37.4861923),"1980","143-72",-100.2122949,37.4861923,91.6348801,"66-131"
"3610","Kiowa",-32.13,"Haviland NW",1980-01-22,374054099104501,97,0,c(-99.1812782, 37.6829114),"1980","71-0",-99.1812782,37.6829114,134.7836914,"132-197"
"3611","Kiowa",-31.47,"Haviland NW",1980-03-21,374054099104501,97,0,c(-99.1812782, 37.6829114),"1980","71-0",-99.1812782,37.6829114,134.7836914,"132-197"
"3612","Kiowa",-59.6,"Haviland NW",1980-06-23,374054099104501,97,0,c(-99.1812782, 37.6829114),"1980","71-0",-99.1812782,37.6829114,134.7836914,"132-197"
"3613","Kiowa",-31.25,"Haviland NW",1980-09-15,374054099104501,97,0,c(-99.1812782, 37.6829114),"1980","71-0",-99.1812782,37.6829114,134.7836914,"132-197"
"3614","Ford",-140.28,"FORT DODGE SW",1980-01-04,373318099532701,57,0,c(-99.893479, 37.558551),"1980","143-72",-99.893479,37.558551,110.6822281,"66-131"
"3615","Ford",-143.5,"FORT DODGE SW",1980-06-11,373318099532701,57,0,c(-99.893479, 37.558551),"1980","143-72",-99.893479,37.558551,110.6822281,"66-131"
"3616","Ford",-76.59,"Spearville NE",1980-01-04,375307099492701,57,0,c(-99.8251532, 37.8848493),"1980","143-72",-99.8251532,37.8848493,NA,NA
"3617","Ford",-76.7,"Spearville NE",1980-01-05,375307099492701,57,0,c(-99.8251532, 37.8848493),"1980","143-72",-99.8251532,37.8848493,NA,NA
"3618","Ford",-77.05,"Spearville NE",1980-01-10,375307099492701,57,0,c(-99.8251532, 37.8848493),"1980","143-72",-99.8251532,37.8848493,NA,NA
"3619","Ford",-77.45,"Spearville NE",1980-01-15,375307099492701,57,0,c(-99.8251532, 37.8848493),"1980","143-72",-99.8251532,37.8848493,NA,NA
"3620","Ford",-77.5,"Spearville NE",1980-01-20,375307099492701,57,0,c(-99.8251532, 37.8848493),"1980","143-72",-99.8251532,37.8848493,NA,NA
"3621","Ford",-77.7,"Spearville NE",1980-01-25,375307099492701,57,0,c(-99.8251532, 37.8848493),"1980","143-72",-99.8251532,37.8848493,NA,NA
"3622","Ford",-77.95,"Spearville NE",1980-01-31,375307099492701,57,0,c(-99.8251532, 37.8848493),"1980","143-72",-99.8251532,37.8848493,NA,NA
"3623","Ford",-78.45,"Spearville NE",1980-02-05,375307099492701,57,0,c(-99.8251532, 37.8848493),"1980","143-72",-99.8251532,37.8848493,NA,NA
"3624","Ford",-78.45,"Spearville NE",1980-02-10,375307099492701,57,0,c(-99.8251532, 37.8848493),"1980","143-72",-99.8251532,37.8848493,NA,NA
"3625","Ford",-78.77,"Spearville NE",1980-02-15,375307099492701,57,0,c(-99.8251532, 37.8848493),"1980","143-72",-99.8251532,37.8848493,NA,NA
"3626","Ford",-78.9,"Spearville NE",1980-02-20,375307099492701,57,0,c(-99.8251532, 37.8848493),"1980","143-72",-99.8251532,37.8848493,NA,NA
"3627","Ford",-79.23,"Spearville NE",1980-02-25,375307099492701,57,0,c(-99.8251532, 37.8848493),"1980","143-72",-99.8251532,37.8848493,NA,NA
"3628","Ford",-79.87,"Spearville NE",1980-03-04,375307099492701,57,0,c(-99.8251532, 37.8848493),"1980","143-72",-99.8251532,37.8848493,NA,NA
"3629","Ford",-80.03,"Spearville NE",1980-03-05,375307099492701,57,0,c(-99.8251532, 37.8848493),"1980","143-72",-99.8251532,37.8848493,NA,NA
"3630","Ford",-80.11,"Spearville NE",1980-03-10,375307099492701,57,0,c(-99.8251532, 37.8848493),"1980","143-72",-99.8251532,37.8848493,NA,NA
"3631","Ford",-80.38,"Spearville NE",1980-03-15,375307099492701,57,0,c(-99.8251532, 37.8848493),"1980","143-72",-99.8251532,37.8848493,NA,NA
"3632","Ford",-80.47,"Spearville NE",1980-03-20,375307099492701,57,0,c(-99.8251532, 37.8848493),"1980","143-72",-99.8251532,37.8848493,NA,NA
"3633","Ford",-80.39,"Spearville NE",1980-03-25,375307099492701,57,0,c(-99.8251532, 37.8848493),"1980","143-72",-99.8251532,37.8848493,NA,NA
"3634","Ford",-80.05,"Spearville NE",1980-03-31,375307099492701,57,0,c(-99.8251532, 37.8848493),"1980","143-72",-99.8251532,37.8848493,NA,NA
"3635","Ford",-80.05,"Spearville NE",1980-04-05,375307099492701,57,0,c(-99.8251532, 37.8848493),"1980","143-72",-99.8251532,37.8848493,NA,NA
"3636","Ford",-74.68,"Spearville NE",1980-04-10,375307099492701,57,0,c(-99.8251532, 37.8848493),"1980","143-72",-99.8251532,37.8848493,NA,NA
"3637","Ford",-60.24,"Spearville NE",1980-04-25,375307099492701,57,0,c(-99.8251532, 37.8848493),"1980","71-0",-99.8251532,37.8848493,NA,NA
"3638","Ford",-60.35,"Spearville NE",1980-04-30,375307099492701,57,0,c(-99.8251532, 37.8848493),"1980","71-0",-99.8251532,37.8848493,NA,NA
"3639","Ford",-60.3,"Spearville NE",1980-05-05,375307099492701,57,0,c(-99.8251532, 37.8848493),"1980","71-0",-99.8251532,37.8848493,NA,NA
"3640","Ford",-60.8,"Spearville NE",1980-05-10,375307099492701,57,0,c(-99.8251532, 37.8848493),"1980","71-0",-99.8251532,37.8848493,NA,NA
"3641","Ford",-60.76,"Spearville NE",1980-05-15,375307099492701,57,0,c(-99.8251532, 37.8848493),"1980","71-0",-99.8251532,37.8848493,NA,NA
"3642","Ford",-61.05,"Spearville NE",1980-05-20,375307099492701,57,0,c(-99.8251532, 37.8848493),"1980","71-0",-99.8251532,37.8848493,NA,NA
"3643","Ford",-55.81,"Spearville NE",1980-05-23,375307099492701,57,0,c(-99.8251532, 37.8848493),"1980","71-0",-99.8251532,37.8848493,NA,NA
"3644","Ford",-61.5,"Spearville NE",1980-05-25,375307099492701,57,0,c(-99.8251532, 37.8848493),"1980","71-0",-99.8251532,37.8848493,NA,NA
"3645","Ford",-61.57,"Spearville NE",1980-05-31,375307099492701,57,0,c(-99.8251532, 37.8848493),"1980","71-0",-99.8251532,37.8848493,NA,NA
"3646","Ford",-61.83,"Spearville NE",1980-06-05,375307099492701,57,0,c(-99.8251532, 37.8848493),"1980","71-0",-99.8251532,37.8848493,NA,NA
"3647","Ford",-61.83,"Spearville NE",1980-06-10,375307099492701,57,0,c(-99.8251532, 37.8848493),"1980","71-0",-99.8251532,37.8848493,NA,NA
"3648","Ford",-62.12,"Spearville NE",1980-06-15,375307099492701,57,0,c(-99.8251532, 37.8848493),"1980","71-0",-99.8251532,37.8848493,NA,NA
"3649","Ford",-62.03,"Spearville NE",1980-06-20,375307099492701,57,0,c(-99.8251532, 37.8848493),"1980","71-0",-99.8251532,37.8848493,NA,NA
"3650","Ford",-62.11,"Spearville NE",1980-06-25,375307099492701,57,0,c(-99.8251532, 37.8848493),"1980","71-0",-99.8251532,37.8848493,NA,NA
"3651","Ford",-61.96,"Spearville NE",1980-06-30,375307099492701,57,0,c(-99.8251532, 37.8848493),"1980","71-0",-99.8251532,37.8848493,NA,NA
"3652","Ford",-60.97,"Spearville NE",1980-07-05,375307099492701,57,0,c(-99.8251532, 37.8848493),"1980","71-0",-99.8251532,37.8848493,NA,NA
"3653","Ford",-61.07,"Spearville NE",1980-07-10,375307099492701,57,0,c(-99.8251532, 37.8848493),"1980","71-0",-99.8251532,37.8848493,NA,NA
"3654","Ford",-61.16,"Spearville NE",1980-07-15,375307099492701,57,0,c(-99.8251532, 37.8848493),"1980","71-0",-99.8251532,37.8848493,NA,NA
"3655","Ford",-61.27,"Spearville NE",1980-07-20,375307099492701,57,0,c(-99.8251532, 37.8848493),"1980","71-0",-99.8251532,37.8848493,NA,NA
"3656","Ford",-61.58,"Spearville NE",1980-07-24,375307099492701,57,0,c(-99.8251532, 37.8848493),"1980","71-0",-99.8251532,37.8848493,NA,NA
"3657","Ford",-61.69,"Spearville NE",1980-07-25,375307099492701,57,0,c(-99.8251532, 37.8848493),"1980","71-0",-99.8251532,37.8848493,NA,NA
"3658","Ford",-61.97,"Spearville NE",1980-07-31,375307099492701,57,0,c(-99.8251532, 37.8848493),"1980","71-0",-99.8251532,37.8848493,NA,NA
"3659","Ford",-62.15,"Spearville NE",1980-08-05,375307099492701,57,0,c(-99.8251532, 37.8848493),"1980","71-0",-99.8251532,37.8848493,NA,NA
"3660","Ford",-62.34,"Spearville NE",1980-08-10,375307099492701,57,0,c(-99.8251532, 37.8848493),"1980","71-0",-99.8251532,37.8848493,NA,NA
"3661","Ford",-62.58,"Spearville NE",1980-08-15,375307099492701,57,0,c(-99.8251532, 37.8848493),"1980","71-0",-99.8251532,37.8848493,NA,NA
"3662","Ford",-62.64,"Spearville NE",1980-08-20,375307099492701,57,0,c(-99.8251532, 37.8848493),"1980","71-0",-99.8251532,37.8848493,NA,NA
"3663","Ford",-62.71,"Spearville NE",1980-08-21,375307099492701,57,0,c(-99.8251532, 37.8848493),"1980","71-0",-99.8251532,37.8848493,NA,NA
"3664","Ford",-62.7,"Spearville NE",1980-08-25,375307099492701,57,0,c(-99.8251532, 37.8848493),"1980","71-0",-99.8251532,37.8848493,NA,NA
"3665","Ford",-62.87,"Spearville NE",1980-08-31,375307099492701,57,0,c(-99.8251532, 37.8848493),"1980","71-0",-99.8251532,37.8848493,NA,NA
"3666","Ford",-62.59,"Spearville NE",1980-09-05,375307099492701,57,0,c(-99.8251532, 37.8848493),"1980","71-0",-99.8251532,37.8848493,NA,NA
"3667","Ford",-62.38,"Spearville NE",1980-09-10,375307099492701,57,0,c(-99.8251532, 37.8848493),"1980","71-0",-99.8251532,37.8848493,NA,NA
"3668","Ford",-62.51,"Spearville NE",1980-09-15,375307099492701,57,0,c(-99.8251532, 37.8848493),"1980","71-0",-99.8251532,37.8848493,NA,NA
"3669","Ford",-62.77,"Spearville NE",1980-09-20,375307099492701,57,0,c(-99.8251532, 37.8848493),"1980","71-0",-99.8251532,37.8848493,NA,NA
"3670","Ford",-62.58,"Spearville NE",1980-09-22,375307099492701,57,0,c(-99.8251532, 37.8848493),"1980","71-0",-99.8251532,37.8848493,NA,NA
"3671","Ford",-62.59,"Spearville NE",1980-09-25,375307099492701,57,0,c(-99.8251532, 37.8848493),"1980","71-0",-99.8251532,37.8848493,NA,NA
"3672","Ford",-62.88,"Spearville NE",1980-09-30,375307099492701,57,0,c(-99.8251532, 37.8848493),"1980","71-0",-99.8251532,37.8848493,NA,NA
"3673","Ford",-64.91,"Spearville NE",1980-10-01,375307099492701,57,0,c(-99.8251532, 37.8848493),"1980","71-0",-99.8251532,37.8848493,NA,NA
"3674","Ford",-63.57,"Spearville NE",1980-11-01,375307099492701,57,0,c(-99.8251532, 37.8848493),"1980","71-0",-99.8251532,37.8848493,NA,NA
"3675","Ford",-64.44,"Spearville NE",1980-11-20,375307099492701,57,0,c(-99.8251532, 37.8848493),"1980","71-0",-99.8251532,37.8848493,NA,NA
"3676","Ford",-65.96,"Spearville NE",1980-12-01,375307099492701,57,0,c(-99.8251532, 37.8848493),"1980","71-0",-99.8251532,37.8848493,NA,NA
"3677","Sedgwick",-21.01,NA,1980-01-01,375303097284501,173,0,c(-97.481071, 37.8841747),"1980","71-0",-97.481071,37.8841747,162.0740051,"132-197"
"3678","Sedgwick",-19.6,NA,1980-04-01,375303097284501,173,0,c(-97.481071, 37.8841747),"1980","71-0",-97.481071,37.8841747,162.0740051,"132-197"
"3679","Sedgwick",-19.87,NA,1980-07-01,375303097284501,173,0,c(-97.481071, 37.8841747),"1980","71-0",-97.481071,37.8841747,162.0740051,"132-197"
"3680","Sedgwick",-20.3,NA,1980-10-01,375303097284501,173,0,c(-97.481071, 37.8841747),"1980","71-0",-97.481071,37.8841747,162.0740051,"132-197"
"3681","Harvey",-25.32,"HALSTEAD NW",1980-06-27,380832097410602,79,0,c(-97.685195, 38.142092),"1980","71-0",-97.685195,38.142092,167.6723785,"132-197"
"3682","Harvey",-28.02,"HALSTEAD NW",1980-10-17,380832097410602,79,0,c(-97.685195, 38.142092),"1980","71-0",-97.685195,38.142092,167.6723785,"132-197"
"3683","Harvey",-24.79,"HALSTEAD NW",1980-06-27,380832097410601,79,0,c(-97.685194, 38.142137),"1980","71-0",-97.685194,38.142137,167.6723785,"132-197"
"3684","Harvey",-28.1,"HALSTEAD NW",1980-10-17,380832097410601,79,0,c(-97.685194, 38.142137),"1980","71-0",-97.685194,38.142137,167.6723785,"132-197"
"3685","Riley",-18.9,NA,1980-03-11,391055096261701,161,0,c(-96.4369689, 39.182218),"1980","71-0",-96.4369689,39.182218,NA,NA
"3686","Riley",-18.48,NA,1980-06-05,391055096261701,161,0,c(-96.4369689, 39.182218),"1980","71-0",-96.4369689,39.182218,NA,NA
"3687","Riley",-18.45,NA,1980-09-11,391055096261701,161,0,c(-96.4369689, 39.182218),"1980","71-0",-96.4369689,39.182218,NA,NA
"3688","Riley",-19.24,NA,1980-12-19,391055096261701,161,0,c(-96.4369689, 39.182218),"1980","71-0",-96.4369689,39.182218,NA,NA
"3689","Riley",-21.45,NA,1980-03-11,391023096274101,161,0,c(-96.4603721, 39.1732149),"1980","71-0",-96.4603721,39.1732149,NA,NA
"3690","Riley",-18.76,NA,1980-06-05,391023096274101,161,0,c(-96.4603721, 39.1732149),"1980","71-0",-96.4603721,39.1732149,NA,NA
"3691","Riley",-22.65,NA,1980-09-11,391023096274101,161,0,c(-96.4603721, 39.1732149),"1980","71-0",-96.4603721,39.1732149,NA,NA
"3692","Riley",-23.35,NA,1980-12-19,391023096274101,161,0,c(-96.4603721, 39.1732149),"1980","71-0",-96.4603721,39.1732149,NA,NA
"3693","Sedgwick",-21.46,NA,1980-01-01,375329097284502,173,0,c(-97.4810347, 37.8914372),"1980","71-0",-97.4810347,37.8914372,160.7912445,"132-197"
"3694","Sedgwick",-19.47,NA,1980-03-01,375329097284502,173,0,c(-97.4810347, 37.8914372),"1980","71-0",-97.4810347,37.8914372,160.7912445,"132-197"
"3695","Sedgwick",-18.57,NA,1980-04-01,375329097284502,173,0,c(-97.4810347, 37.8914372),"1980","71-0",-97.4810347,37.8914372,160.7912445,"132-197"
"3696","Sedgwick",-16.38,NA,1980-05-01,375329097284502,173,0,c(-97.4810347, 37.8914372),"1980","71-0",-97.4810347,37.8914372,160.7912445,"132-197"
"3697","Sedgwick",-16.96,NA,1980-08-01,375329097284502,173,0,c(-97.4810347, 37.8914372),"1980","71-0",-97.4810347,37.8914372,160.7912445,"132-197"
"3698","Sedgwick",-22.68,NA,1980-09-01,375329097284502,173,0,c(-97.4810347, 37.8914372),"1980","71-0",-97.4810347,37.8914372,160.7912445,"132-197"
"3699","Sedgwick",-22.51,NA,1980-10-01,375329097284502,173,0,c(-97.4810347, 37.8914372),"1980","71-0",-97.4810347,37.8914372,160.7912445,"132-197"
"3700","Sedgwick",-22.74,NA,1980-12-01,375329097284502,173,0,c(-97.4810347, 37.8914372),"1980","71-0",-97.4810347,37.8914372,160.7912445,"132-197"
"3701","Sedgwick",-16.61,NA,1980-01-01,375256097264001,173,0,c(-97.4465483, 37.8823431),"1980","71-0",-97.4465483,37.8823431,114.5030518,"66-131"
"3702","Sedgwick",-15.25,NA,1980-04-01,375256097264001,173,0,c(-97.4465483, 37.8823431),"1980","71-0",-97.4465483,37.8823431,114.5030518,"66-131"
"3703","Sedgwick",-15.4,NA,1980-07-01,375256097264001,173,0,c(-97.4465483, 37.8823431),"1980","71-0",-97.4465483,37.8823431,114.5030518,"66-131"
"3704","Sedgwick",-18.23,NA,1980-10-01,375256097264001,173,0,c(-97.4465483, 37.8823431),"1980","71-0",-97.4465483,37.8823431,114.5030518,"66-131"
"3705","Sedgwick",-16.25,NA,1980-01-01,375230097273702,173,0,c(-97.4626856, 37.8750855),"1980","71-0",-97.4626856,37.8750855,149.999176,"132-197"
"3706","Sedgwick",-13.48,NA,1980-03-01,375230097273702,173,0,c(-97.4626856, 37.8750855),"1980","71-0",-97.4626856,37.8750855,149.999176,"132-197"
"3707","Sedgwick",-12.31,NA,1980-04-01,375230097273702,173,0,c(-97.4626856, 37.8750855),"1980","71-0",-97.4626856,37.8750855,149.999176,"132-197"
"3708","Sedgwick",-11.31,NA,1980-05-01,375230097273702,173,0,c(-97.4626856, 37.8750855),"1980","71-0",-97.4626856,37.8750855,149.999176,"132-197"
"3709","Sedgwick",-12.89,NA,1980-08-01,375230097273702,173,0,c(-97.4626856, 37.8750855),"1980","71-0",-97.4626856,37.8750855,149.999176,"132-197"
"3710","Sedgwick",-17.07,NA,1980-09-01,375230097273702,173,0,c(-97.4626856, 37.8750855),"1980","71-0",-97.4626856,37.8750855,149.999176,"132-197"
"3711","Sedgwick",-18.43,NA,1980-10-01,375230097273702,173,0,c(-97.4626856, 37.8750855),"1980","71-0",-97.4626856,37.8750855,149.999176,"132-197"
"3712","Sedgwick",-17.63,NA,1980-12-01,375230097273702,173,0,c(-97.4626856, 37.8750855),"1980","71-0",-97.4626856,37.8750855,149.999176,"132-197"
"3713","Sedgwick",-15.2,NA,1980-01-01,375210097273702,173,0,c(-97.4626777, 37.869632),"1980","71-0",-97.4626777,37.869632,152.5530701,"132-197"
"3714","Sedgwick",-13.19,NA,1980-03-01,375210097273702,173,0,c(-97.4626777, 37.869632),"1980","71-0",-97.4626777,37.869632,152.5530701,"132-197"
"3715","Sedgwick",-12.35,NA,1980-04-01,375210097273702,173,0,c(-97.4626777, 37.869632),"1980","71-0",-97.4626777,37.869632,152.5530701,"132-197"
"3716","Sedgwick",-11.18,NA,1980-05-01,375210097273702,173,0,c(-97.4626777, 37.869632),"1980","71-0",-97.4626777,37.869632,152.5530701,"132-197"
"3717","Sedgwick",-11.59,NA,1980-08-01,375210097273702,173,0,c(-97.4626777, 37.869632),"1980","71-0",-97.4626777,37.869632,152.5530701,"132-197"
"3718","Sedgwick",-15.82,NA,1980-09-01,375210097273702,173,0,c(-97.4626777, 37.869632),"1980","71-0",-97.4626777,37.869632,152.5530701,"132-197"
"3719","Sedgwick",-16.72,NA,1980-10-01,375210097273702,173,0,c(-97.4626777, 37.869632),"1980","71-0",-97.4626777,37.869632,152.5530701,"132-197"
"3720","Sedgwick",-16.54,NA,1980-12-01,375210097273702,173,0,c(-97.4626777, 37.869632),"1980","71-0",-97.4626777,37.869632,152.5530701,"132-197"
"3721","Wichita",-139.54,"Sainte Theresa Chrch",1980-01-14,383227101314401,203,0,c(-101.529743, 38.539566),"1980","143-72",-101.529743,38.539566,28.7803421,"0-65"
"3722","Riley",-18.72,NA,1980-03-11,390815096364901,161,0,c(-96.615491, 39.1374932),"1980","71-0",-96.615491,39.1374932,NA,NA
"3723","Riley",-18.2,NA,1980-06-05,390815096364901,161,0,c(-96.615491, 39.1374932),"1980","71-0",-96.615491,39.1374932,NA,NA
"3724","Riley",-20,NA,1980-09-11,390815096364901,161,0,c(-96.615491, 39.1374932),"1980","71-0",-96.615491,39.1374932,NA,NA
"3725","Riley",-20.25,NA,1980-12-19,390815096364901,161,0,c(-96.615491, 39.1374932),"1980","71-0",-96.615491,39.1374932,NA,NA
"3726","Finney",-88.44,"Garden City East",1980-01-10,375956100515001,55,0,c(-100.865259, 37.999643),"1980","143-72",-100.865259,37.999643,195.8821411,"132-197"
"3727","Geary",-14.42,NA,1980-03-10,390356096455601,61,0,c(-96.7607298, 39.0650961),"1980","71-0",-96.7607298,39.0650961,NA,NA
"3728","Geary",-14.22,NA,1980-06-04,390356096455601,61,0,c(-96.7607298, 39.0650961),"1980","71-0",-96.7607298,39.0650961,NA,NA
"3729","Geary",-14.26,NA,1980-09-10,390356096455601,61,0,c(-96.7607298, 39.0650961),"1980","71-0",-96.7607298,39.0650961,NA,NA
"3730","Geary",-14.33,NA,1980-12-18,390356096455601,61,0,c(-96.7607298, 39.0650961),"1980","71-0",-96.7607298,39.0650961,NA,NA
"3731","Harvey",-18.42,NA,1980-01-31,381016097232301,79,0,c(-97.3913036, 38.1708661),"1980","71-0",-97.3913036,38.1708661,7.313117,"0-65"
"3732","Gray",-89.54,"Haggard",1980-01-14,374251100182601,69,0,c(-100.3105892, 37.7161908),"1980","143-72",-100.3105892,37.7161908,38.2014618,"0-65"
"3733","Gray",-89.37,"Haggard",1980-01-17,374251100182601,69,0,c(-100.3105892, 37.7161908),"1980","143-72",-100.3105892,37.7161908,38.2014618,"0-65"
"3734","Gray",-148.34,NA,1980-01-14,373557100235102,69,0,c(-100.3986463, 37.5995523),"1980","215-144",-100.3986463,37.5995523,34.2649384,"0-65"
"3735","Sedgwick",-17.57,NA,1980-01-01,375230097273703,173,0,c(-97.4626856, 37.8750855),"1980","71-0",-97.4626856,37.8750855,149.999176,"132-197"
"3736","Sedgwick",-13.58,NA,1980-03-01,375230097273703,173,0,c(-97.4626856, 37.8750855),"1980","71-0",-97.4626856,37.8750855,149.999176,"132-197"
"3737","Sedgwick",-12.83,NA,1980-04-01,375230097273703,173,0,c(-97.4626856, 37.8750855),"1980","71-0",-97.4626856,37.8750855,149.999176,"132-197"
"3738","Sedgwick",-11.39,NA,1980-05-01,375230097273703,173,0,c(-97.4626856, 37.8750855),"1980","71-0",-97.4626856,37.8750855,149.999176,"132-197"
"3739","Sedgwick",-13.96,NA,1980-08-01,375230097273703,173,0,c(-97.4626856, 37.8750855),"1980","71-0",-97.4626856,37.8750855,149.999176,"132-197"
"3740","Sedgwick",-19.02,NA,1980-09-01,375230097273703,173,0,c(-97.4626856, 37.8750855),"1980","71-0",-97.4626856,37.8750855,149.999176,"132-197"
"3741","Sedgwick",-19.6,NA,1980-10-01,375230097273703,173,0,c(-97.4626856, 37.8750855),"1980","71-0",-97.4626856,37.8750855,149.999176,"132-197"
"3742","Sedgwick",-18.33,NA,1980-12-01,375230097273703,173,0,c(-97.4626856, 37.8750855),"1980","71-0",-97.4626856,37.8750855,149.999176,"132-197"
"3743","Sedgwick",-15.31,NA,1980-01-01,375210097273703,173,0,c(-97.4626777, 37.869632),"1980","71-0",-97.4626777,37.869632,152.5530701,"132-197"
"3744","Sedgwick",-13.14,NA,1980-03-01,375210097273703,173,0,c(-97.4626777, 37.869632),"1980","71-0",-97.4626777,37.869632,152.5530701,"132-197"
"3745","Sedgwick",-12.4,NA,1980-04-01,375210097273703,173,0,c(-97.4626777, 37.869632),"1980","71-0",-97.4626777,37.869632,152.5530701,"132-197"
"3746","Sedgwick",-11.2,NA,1980-05-01,375210097273703,173,0,c(-97.4626777, 37.869632),"1980","71-0",-97.4626777,37.869632,152.5530701,"132-197"
"3747","Sedgwick",-12.11,NA,1980-08-01,375210097273703,173,0,c(-97.4626777, 37.869632),"1980","71-0",-97.4626777,37.869632,152.5530701,"132-197"
"3748","Sedgwick",-15.69,NA,1980-09-01,375210097273703,173,0,c(-97.4626777, 37.869632),"1980","71-0",-97.4626777,37.869632,152.5530701,"132-197"
"3749","Sedgwick",-16.98,NA,1980-10-01,375210097273703,173,0,c(-97.4626777, 37.869632),"1980","71-0",-97.4626777,37.869632,152.5530701,"132-197"
"3750","Sedgwick",-28.7,NA,1980-12-01,375210097273703,173,0,c(-97.4626777, 37.869632),"1980","71-0",-97.4626777,37.869632,152.5530701,"132-197"
"3751","Rush",-34.45,"Rush Center",1980-12-30,382710099183001,165,0,c(-99.308533, 38.454423),"1980","71-0",-99.308533,38.454423,0.0000004,"0-65"
"3752","Stevens",-87.09,"Hugoton",1980-01-16,371015101222101,189,0,c(-101.375136, 37.170225),"1980","143-72",-101.375136,37.170225,373.1126404,"328-393"
"3753","Cheyenne",-212.4,NA,1980-01-08,393804101520201,23,0,c(-101.8677524, 39.6337429),"1980","215-144",-101.8677524,39.6337429,81.7003708,"66-131"
"3754","Stevens",-145.53,"Wagon Bed Spring SE",1980-01-16,372128101163401,189,0,c(-101.27645, 37.358671),"1980","215-144",-101.27645,37.358671,105.3434143,"66-131"
"3755","Cheyenne",-218.63,"BIRD CITY NORTH SW",1980-01-10,394619101382601,23,0,c(-101.637044, 39.773093),"1980","287-216",-101.637044,39.773093,69.2463303,"66-131"
"3756","Cheyenne",-211,NA,1980-01-09,394508101573301,23,0,c(-101.9608552, 39.7517625),"1980","215-144",-101.9608552,39.7517625,32.7438354,"0-65"
"3757","Cheyenne",-218.7,"BIRD CITY SOUTH NW",1980-08-28,393849101440101,23,0,c(-101.7319501, 39.6473418),"1980","287-216",-101.7319501,39.6473418,129.7481384,"66-131"
"3758","Rawlins",-23.23,NA,1980-12-16,395229100523101,153,0,c(-100.8756285, 39.8741808),"1980","71-0",-100.8756285,39.8741808,24.1024952,"0-65"
"3759","Cheyenne",-100.9,"Saint Francis",1980-01-10,394514101463001,23,0,c(-101.773251, 39.753613),"1980","143-72",-101.773251,39.753613,47.8785629,"0-65"
"3760","Cheyenne",-10.2,"Heinzelman Canyon",1980-01-09,395606101391601,23,0,c(-101.654248, 39.935114),"1980","71-0",-101.654248,39.935114,10,"0-65"
"3761","Rawlins",-221.45,"McDonald",1980-12-16,394730101201001,153,0,c(-101.3352386, 39.7930066),"1980","287-216",-101.3352386,39.7930066,104.734726,"66-131"
"3762","Seward",-204.76,NA,1980-01-17,372159100432201,175,0,c(-100.7241726, 37.3667244),"1980","215-144",-100.7241726,37.3667244,236.9807892,"198-262"
"3763","Seward",-208.19,NA,1980-05-06,372159100432201,175,0,c(-100.7241726, 37.3667244),"1980","215-144",-100.7241726,37.3667244,236.9807892,"198-262"
"3764","Seward",-211.38,NA,1980-10-09,372159100432201,175,0,c(-100.7241726, 37.3667244),"1980","215-144",-100.7241726,37.3667244,236.9807892,"198-262"
"3765","Cheyenne",-237.85,"Saint Francis SW",1980-01-09,395001101553501,23,0,c(-101.9265564, 39.8327513),"1980","287-216",-101.9265564,39.8327513,24.9791679,"0-65"
"3766","Cheyenne",-141.89,NA,1980-01-08,394047101525101,23,0,c(-101.8800665, 39.6798217),"1980","143-72",-101.8800665,39.6798217,52.6003571,"0-65"
"3767","Cheyenne",-148,"Bird City South NW",1980-01-10,394205101413101,23,0,c(-101.6902161, 39.7011028),"1980","215-144",-101.6902161,39.7011028,101.7154465,"66-131"
"3768","Cheyenne",-135.59,NA,1980-01-11,394021101413201,23,0,c(-101.6896449, 39.6730121),"1980","143-72",-101.6896449,39.6730121,117.1684952,"66-131"
"3769","Cheyenne",-155.24,"Bird City South",1980-01-10,394106101371301,23,0,c(-101.618147, 39.684375),"1980","215-144",-101.618147,39.684375,130.2113037,"66-131"
"3770","Rawlins",-208.95,"McDonald SW",1980-03-10,394711101233201,153,0,c(-101.391158, 39.785867),"1980","215-144",-101.391158,39.785867,97.2237549,"66-131"
"3771","Rawlins",-210.35,"McDonald SW",1980-06-02,394711101233201,153,0,c(-101.391158, 39.785867),"1980","215-144",-101.391158,39.785867,97.2237549,"66-131"
"3772","Rawlins",-215.24,"McDonald SW",1980-09-08,394711101233201,153,0,c(-101.391158, 39.785867),"1980","215-144",-101.391158,39.785867,97.2237549,"66-131"
"3773","Rawlins",-210.89,"McDonald SW",1980-12-16,394711101233201,153,0,c(-101.391158, 39.785867),"1980","215-144",-101.391158,39.785867,97.2237549,"66-131"
"3774","Cheyenne",-150.25,"Dewey Ranch NW",1980-01-10,394020101250801,23,0,c(-101.418141, 39.672247),"1980","215-144",-101.418141,39.672247,113.5745697,"66-131"
"3775","Rawlins",-122.06,NA,1980-12-17,393552100453601,153,0,c(-100.7607785, 39.5983492),"1980","143-72",-100.7607785,39.5983492,51.374691,"0-65"
"3776","Cheyenne",-156.95,NA,1980-01-10,394218101444101,23,0,c(-101.7453176, 39.7047233),"1980","215-144",-101.7453176,39.7047233,84.5633087,"66-131"
"3777","Cheyenne",-6.09,NA,1980-01-09,394652101481001,23,0,c(-101.8017259, 39.7810857),"1980","71-0",-101.8017259,39.7810857,19.3441544,"0-65"
"3778","Cheyenne",-213,NA,1980-01-08,393415101593201,23,0,c(-101.9930577, 39.5704221),"1980","215-144",-101.9930577,39.5704221,67.5826416,"66-131"
"3779","Cheyenne",-18.24,"Hale Ponds",1980-01-08,393915102015701,23,0,c(-102.0363594, 39.6531132),"1980","71-0",-102.0363594,39.6531132,39.2922897,"0-65"
"3780","Rawlins",-114.01,"Atwood NE",1980-12-16,395551101031601,153,0,c(-101.055036, 39.932321),"1980","143-72",-101.055036,39.932321,38.1705246,"0-65"
"3781","Cheyenne",-200.2,"DEWEY RANCH NW",1980-01-10,394243101264001,23,0,c(-101.4432377, 39.7130965),"1980","215-144",-101.4432377,39.7130965,100.3197174,"66-131"
"3782","Rawlins",-152.59,"Atwood NW",1980-12-16,395308101114301,153,0,c(-101.1936359, 39.8852152),"1980","215-144",-101.1936359,39.8852152,47.240387,"0-65"
"3783","Cheyenne",-232.5,NA,1980-01-09,395225101593601,23,0,c(-101.9940209, 39.8734483),"1980","287-216",-101.9940209,39.8734483,23.4200077,"0-65"
"3784","Cheyenne",-18.49,NA,1980-01-09,395125101413401,23,0,c(-101.6909684, 39.8570162),"1980","71-0",-101.6909684,39.8570162,42.7582703,"0-65"
"3785","Rawlins",-213.37,"MCDONALD SW",1980-12-16,395224101205101,153,0,c(-101.3442426, 39.8735295),"1980","215-144",-101.3442426,39.8735295,90.4793015,"66-131"
"3786","Ford",-133,"ENSIGN SE KS",1980-06-19,373725100021801,57,0,c(-100.0382475, 37.623325),"1980","143-72",-100.0382475,37.623325,60.4306412,"0-65"
"3787","Hodgeman",-272.63,"Jetmore NW",1980-04-06,380827099564301,83,0,c(-99.9453746, 38.1423654),"1980","287-216",-99.9453746,38.1423654,10,"0-65"
"3788","Hodgeman",-268.54,"Jetmore NW",1980-06-25,380827099564301,83,0,c(-99.9453746, 38.1423654),"1980","287-216",-99.9453746,38.1423654,10,"0-65"
"3789","Rooks",-14.91,"Webster Dam",1980-03-06,392533099243701,163,0,c(-99.41093, 39.425492),"1980","71-0",-99.41093,39.425492,NA,NA
"3790","Rooks",-15.13,"Webster Dam",1980-06-02,392533099243701,163,0,c(-99.41093, 39.425492),"1980","71-0",-99.41093,39.425492,NA,NA
"3791","Rooks",-17.03,"Webster Dam",1980-09-08,392533099243701,163,0,c(-99.41093, 39.425492),"1980","71-0",-99.41093,39.425492,NA,NA
"3792","Rooks",-17.95,"Webster Dam",1980-12-15,392533099243701,163,0,c(-99.41093, 39.425492),"1980","71-0",-99.41093,39.425492,NA,NA
"3793","Ford",-42,"BUCKLIN SE",1980-01-02,373711099352201,57,0,c(-99.5896774, 37.6199199),"1980","71-0",-99.5896774,37.6199199,15.2122917,"0-65"
"3794","Ford",-14.8,"Fort Dodge",1980-01-04,374337099572801,57,0,c(-99.96066, 37.73265),"1980","71-0",-99.96066,37.73265,109.9477081,"66-131"
"3795","Ford",-15.03,"Fort Dodge",1980-04-09,374337099572801,57,0,c(-99.96066, 37.73265),"1980","71-0",-99.96066,37.73265,109.9477081,"66-131"
"3796","Ford",-24.26,"Fort Dodge",1980-06-25,374337099572801,57,0,c(-99.96066, 37.73265),"1980","71-0",-99.96066,37.73265,109.9477081,"66-131"
"3797","Ford",-24.98,"Fort Dodge",1980-09-23,374337099572801,57,0,c(-99.96066, 37.73265),"1980","71-0",-99.96066,37.73265,109.9477081,"66-131"
"3798","Ness",-38.81,"Bazine SW",1980-01-14,381609099434801,135,0,c(-99.73132, 38.269746),"1980","71-0",-99.73132,38.269746,30.7343044,"0-65"
"3799","Ford",-72.63,"BUCKLIN SE",1980-01-03,373513099350001,57,0,c(-99.5838586, 37.5911422),"1980","143-72",-99.5838586,37.5911422,33.5275955,"0-65"
"3800","Ford",-87.5,"BUCKLIN SE",1980-06-03,373405099365601,57,0,c(-99.6156449, 37.5670145),"1980","143-72",-99.6156449,37.5670145,43.5997772,"0-65"
"3801","Hodgeman",-261.77,NA,1980-06-25,380827099572502,83,0,c(-99.9576712, 38.1413899),"1980","287-216",-99.9576712,38.1413899,10,"0-65"
"3802","Hodgeman",-286.88,"Jetmore NW",1980-01-02,380833099560201,83,0,c(-99.9360439, 38.1426057),"1980","287-216",-99.9360439,38.1426057,10,"0-65"
"3803","Hodgeman",-272.05,"Jetmore NW",1980-04-09,380833099560201,83,0,c(-99.9360439, 38.1426057),"1980","287-216",-99.9360439,38.1426057,10,"0-65"
"3804","Hodgeman",-267.7,"Jetmore NW",1980-06-25,380833099560201,83,0,c(-99.9360439, 38.1426057),"1980","287-216",-99.9360439,38.1426057,10,"0-65"
"3805","Ford",-43.12,"FORD",1980-01-04,373831099473901,57,0,c(-99.796526, 37.64704),"1980","71-0",-99.796526,37.64704,85.3130264,"66-131"
"3806","Ford",-42.8,"FORD",1980-05-29,373831099473901,57,0,c(-99.796526, 37.64704),"1980","71-0",-99.796526,37.64704,85.3130264,"66-131"
"3807","Graham",-145.38,NA,1980-03-10,392854099572501,65,0,c(-99.957777, 39.4811074),"1980","215-144",-99.957777,39.4811074,104.2120056,"66-131"
"3808","Graham",-143.55,NA,1980-06-02,392854099572501,65,0,c(-99.957777, 39.4811074),"1980","143-72",-99.957777,39.4811074,104.2120056,"66-131"
"3809","Graham",-145.76,NA,1980-09-08,392854099572501,65,0,c(-99.957777, 39.4811074),"1980","215-144",-99.957777,39.4811074,104.2120056,"66-131"
"3810","Graham",-146.55,NA,1980-12-18,392854099572501,65,0,c(-99.957777, 39.4811074),"1980","215-144",-99.957777,39.4811074,104.2120056,"66-131"
"3811","Ness",-35.92,"Ness City SW",1980-03-20,381550099532001,135,0,c(-99.888378, 38.263862),"1980","71-0",-99.888378,38.263862,NA,NA
"3812","Ness",-35.39,"Ness City SW",1980-09-18,381550099532001,135,0,c(-99.888378, 38.263862),"1980","71-0",-99.888378,38.263862,NA,NA
"3813","Gove",-64.1,"Quinter",1980-01-14,390709100125401,63,0,c(-100.217011, 39.118926),"1980","71-0",-100.217011,39.118926,98.1528778,"66-131"
"3814","Gove",-63.64,"Quinter",1980-03-13,390709100125401,63,0,c(-100.217011, 39.118926),"1980","71-0",-100.217011,39.118926,98.1528778,"66-131"
"3815","Gove",-62.88,"Quinter",1980-06-05,390709100125401,63,0,c(-100.217011, 39.118926),"1980","71-0",-100.217011,39.118926,98.1528778,"66-131"
"3816","Gove",-68.44,"Quinter",1980-09-11,390709100125401,63,0,c(-100.217011, 39.118926),"1980","71-0",-100.217011,39.118926,98.1528778,"66-131"
"3817","Ness",-32.3,NA,1980-01-01,381603099555801,135,0,c(-99.932633, 38.268186),"1980","71-0",-99.932633,38.268186,NA,NA
"3818","Hodgeman",-44.8,NA,1980-01-08,381049099364001,83,0,c(-99.615626, 38.1806871),"1980","71-0",-99.615626,38.1806871,2.1945786,"0-65"
"3819","Ford",-25.5,NA,1980-01-04,374409099581701,57,0,c(-99.973078, 37.7423753),"1980","71-0",-99.973078,37.7423753,123.0897217,"66-131"
"3820","Hodgeman",-137.4,"Jetmore",1980-01-02,380530099551301,83,0,c(-99.9202456, 38.0926935),"1980","143-72",-99.9202456,38.0926935,NA,NA
"3821","Hodgeman",-123.54,"Jetmore",1980-04-09,380530099551301,83,0,c(-99.9202456, 38.0926935),"1980","143-72",-99.9202456,38.0926935,NA,NA
"3822","Hodgeman",-125.77,"Jetmore",1980-06-25,380530099551301,83,0,c(-99.9202456, 38.0926935),"1980","143-72",-99.9202456,38.0926935,NA,NA
"3823","Hodgeman",-34.19,NA,1980-01-04,375728099474701,83,0,c(-99.797859, 37.9575469),"1980","71-0",-99.797859,37.9575469,NA,NA
"3824","Hodgeman",-53.32,"Hanston NW",1980-01-01,381430099414001,83,0,c(-99.698779, 38.243455),"1980","71-0",-99.698779,38.243455,25,"0-65"
"3825","Hodgeman",-50.51,"Hanston NW",1980-03-20,381430099414001,83,0,c(-99.698779, 38.243455),"1980","71-0",-99.698779,38.243455,25,"0-65"
"3826","Hodgeman",-42.1,"Jetmore SE",1980-01-02,380432099505701,83,0,c(-99.849535, 38.076898),"1980","71-0",-99.849535,38.076898,NA,NA
"3827","Hodgeman",-276.4,"HORSE THIEF CANYON",1980-04-09,380207100031301,83,0,c(-100.0545072, 38.0371366),"1980","287-216",-100.0545072,38.0371366,10,"0-65"
"3828","Hodgeman",-265.58,"HORSE THIEF CANYON",1980-06-25,380207100031301,83,0,c(-100.0545072, 38.0371366),"1980","287-216",-100.0545072,38.0371366,10,"0-65"
"3829","Hodgeman",-283.08,"HORSE THIEF CANYON",1980-09-24,380207100031301,83,0,c(-100.0545072, 38.0371366),"1980","287-216",-100.0545072,38.0371366,10,"0-65"
"3830","Osborne",-18.73,"Portis",1980-02-27,393219098413101,141,0,c(-98.692328, 39.538722),"1980","71-0",-98.692328,39.538722,NA,NA
"3831","Osborne",-17.38,"Portis",1980-05-21,393219098413101,141,0,c(-98.692328, 39.538722),"1980","71-0",-98.692328,39.538722,NA,NA
"3832","Osborne",-41.75,"Portis",1980-08-13,393219098413101,141,0,c(-98.692328, 39.538722),"1980","71-0",-98.692328,39.538722,NA,NA
"3833","Osborne",-28.56,"Portis",1980-08-27,393219098413101,141,0,c(-98.692328, 39.538722),"1980","71-0",-98.692328,39.538722,NA,NA
"3834","Osborne",-28.55,"Portis",1980-08-29,393219098413101,141,0,c(-98.692328, 39.538722),"1980","71-0",-98.692328,39.538722,NA,NA
"3835","Osborne",-22.78,"Portis",1980-09-30,393219098413101,141,0,c(-98.692328, 39.538722),"1980","71-0",-98.692328,39.538722,NA,NA
"3836","Kiowa",-61.51,"HAVILAND NE",1980-01-22,373938099043601,97,0,c(-99.079053, 37.659267),"1980","71-0",-99.079053,37.659267,94.5784683,"66-131"
"3837","Ford",-91.6,"ENSIGN SW",1980-01-04,373242100065401,57,0,c(-100.1183129, 37.5480391),"1980","143-72",-100.1183129,37.5480391,118.4095001,"66-131"
"3838","Graham",-6.52,NA,1980-03-10,392051099503401,65,0,c(-99.8428653, 39.347464),"1980","71-0",-99.8428653,39.347464,NA,NA
"3839","Ford",-133.71,"ENSIGN SE",1980-01-22,373632100065401,57,0,c(-100.115916, 37.611472),"1980","143-72",-100.115916,37.611472,100.4435349,"66-131"
"3840","Ford",-133.27,"ENSIGN SE",1980-04-09,373632100065401,57,0,c(-100.115916, 37.611472),"1980","143-72",-100.115916,37.611472,100.4435349,"66-131"
"3841","Ford",-133.1,"ENSIGN SE",1980-06-24,373632100065401,57,0,c(-100.115916, 37.611472),"1980","143-72",-100.115916,37.611472,100.4435349,"66-131"
"3842","Ford",-135.13,"ENSIGN SE",1980-09-23,373632100065401,57,0,c(-100.115916, 37.611472),"1980","143-72",-100.115916,37.611472,100.4435349,"66-131"
"3843","Ford",-165,"ENSIGN SE",1980-06-19,373456100030301,57,0,c(-100.050899, 37.5821133),"1980","215-144",-100.050899,37.5821133,76.850296,"66-131"
"3844","Ford",-165.29,"ENSIGN SE",1980-09-12,373456100030301,57,0,c(-100.050899, 37.5821133),"1980","215-144",-100.050899,37.5821133,76.850296,"66-131"
"3845","Kiowa",-51.69,"BRENHAM",1980-01-21,373315099105901,97,0,c(-99.185187, 37.553752),"1980","71-0",-99.185187,37.553752,71.8878021,"66-131"
"3846","Gove",-77.75,"Park",1980-01-14,390316100163201,63,0,c(-100.2788092, 39.0549563),"1980","143-72",-100.2788092,39.0549563,49.3951454,"0-65"
"3847","Gove",-77.23,"Park",1980-03-13,390316100163201,63,0,c(-100.2788092, 39.0549563),"1980","143-72",-100.2788092,39.0549563,49.3951454,"0-65"
"3848","Gove",-76.5,"Park",1980-06-05,390316100163201,63,0,c(-100.2788092, 39.0549563),"1980","143-72",-100.2788092,39.0549563,49.3951454,"0-65"
"3849","Ness",-40.26,"Ness City SE",1980-03-20,381728099470701,135,0,c(-99.787081, 38.291036),"1980","71-0",-99.787081,38.291036,NA,NA
"3850","Ness",-40.81,"Ness City SE",1980-07-02,381728099470701,135,0,c(-99.787081, 38.291036),"1980","71-0",-99.787081,38.291036,NA,NA
"3851","Ness",-43.24,"Ness City SE",1980-09-18,381728099470701,135,0,c(-99.787081, 38.291036),"1980","71-0",-99.787081,38.291036,NA,NA
"3852","Kiowa",-39.2,"Greensburg NW",1980-01-01,374225099275001,97,0,c(-99.4632175, 37.7119183),"1980","71-0",-99.4632175,37.7119183,115.4622345,"66-131"
"3853","Kiowa",-39.22,"Greensburg NW",1980-01-22,374225099275001,97,0,c(-99.4632175, 37.7119183),"1980","71-0",-99.4632175,37.7119183,115.4622345,"66-131"
"3854","Stevens",-127.42,"Feterita",1980-01-16,371135101260901,189,0,c(-101.4345209, 37.1921989),"1980","143-72",-101.4345209,37.1921989,257.5141296,"198-262"
"3855","McPherson",-29.94,NA,1980-01-29,381958097272101,113,0,c(-97.4563861, 38.3323821),"1980","71-0",-97.4563861,38.3323821,61.3079147,"0-65"
"3856","Reno",-21.23,"Sylvia",1980-01-24,375926098275201,155,0,c(-98.461103, 37.989614),"1980","71-0",-98.461103,37.989614,124.7108154,"66-131"
"3857","Harvey",-31.24,NA,1980-01-01,375810097342101,79,0,c(-97.575136, 37.9696969),"1980","71-0",-97.575136,37.9696969,211.6073761,"198-262"
"3858","Harvey",-31.22,NA,1980-04-01,375810097342101,79,0,c(-97.575136, 37.9696969),"1980","71-0",-97.575136,37.9696969,211.6073761,"198-262"
"3859","Harvey",-31.1,NA,1980-07-01,375810097342101,79,0,c(-97.575136, 37.9696969),"1980","71-0",-97.575136,37.9696969,211.6073761,"198-262"
"3860","Harvey",-32.93,NA,1980-10-01,375810097342101,79,0,c(-97.575136, 37.9696969),"1980","71-0",-97.575136,37.9696969,211.6073761,"198-262"
"3861","Harvey",-25.69,NA,1980-01-01,375632097295101,79,0,c(-97.4993234, 37.9423625),"1980","71-0",-97.4993234,37.9423625,162.3477631,"132-197"
"3862","Harvey",-27.42,NA,1980-04-01,375632097295101,79,0,c(-97.4993234, 37.9423625),"1980","71-0",-97.4993234,37.9423625,162.3477631,"132-197"
"3863","Harvey",-25.42,NA,1980-07-01,375632097295101,79,0,c(-97.4993234, 37.9423625),"1980","71-0",-97.4993234,37.9423625,162.3477631,"132-197"
"3864","Harvey",-25.3,NA,1980-10-01,375632097295101,79,0,c(-97.4993234, 37.9423625),"1980","71-0",-97.4993234,37.9423625,162.3477631,"132-197"
"3865","Republic",-138.6,NA,1980-03-10,395837097395101,157,0,c(-97.6659312, 39.9766998),"1980","143-72",-97.6659312,39.9766998,NA,NA
"3866","Republic",-138.54,NA,1980-06-04,395837097395101,157,0,c(-97.6659312, 39.9766998),"1980","143-72",-97.6659312,39.9766998,NA,NA
"3867","Republic",-139.65,NA,1980-09-10,395837097395101,157,0,c(-97.6659312, 39.9766998),"1980","143-72",-97.6659312,39.9766998,NA,NA
"3868","Republic",-139.83,NA,1980-12-18,395837097395101,157,0,c(-97.6659312, 39.9766998),"1980","143-72",-97.6659312,39.9766998,NA,NA
"3869","Reno",-12.99,"Sterling SW",1980-01-24,380316098140901,155,0,c(-98.2354572, 38.0545878),"1980","71-0",-98.2354572,38.0545878,120.0133896,"66-131"
"3870","Washington",-44,NA,1980-03-11,393624097195301,201,0,c(-97.3327508, 39.6060988),"1980","71-0",-97.3327508,39.6060988,NA,NA
"3871","Washington",-42.93,NA,1980-06-05,393624097195301,201,0,c(-97.3327508, 39.6060988),"1980","71-0",-97.3327508,39.6060988,NA,NA
"3872","Washington",-48.86,NA,1980-09-11,393624097195301,201,0,c(-97.3327508, 39.6060988),"1980","71-0",-97.3327508,39.6060988,NA,NA
"3873","Washington",-47.2,NA,1980-12-19,393624097195301,201,0,c(-97.3327508, 39.6060988),"1980","71-0",-97.3327508,39.6060988,NA,NA
"3874","Harvey",-24.09,NA,1980-01-01,375810097324302,79,0,c(-97.5473851, 37.9696205),"1980","71-0",-97.5473851,37.9696205,182.3513184,"132-197"
"3875","Harvey",-25.22,NA,1980-04-01,375810097324302,79,0,c(-97.5473851, 37.9696205),"1980","71-0",-97.5473851,37.9696205,182.3513184,"132-197"
"3876","Harvey",-22.56,NA,1980-07-01,375810097324302,79,0,c(-97.5473851, 37.9696205),"1980","71-0",-97.5473851,37.9696205,182.3513184,"132-197"
"3877","Harvey",-27.64,NA,1980-10-01,375810097324302,79,0,c(-97.5473851, 37.9696205),"1980","71-0",-97.5473851,37.9696205,182.3513184,"132-197"
"3878","Reno",-6.11,NA,1980-01-22,380507098233001,155,0,c(-98.3937485, 38.0850653),"1980","71-0",-98.3937485,38.0850653,132.0536499,"132-197"
"3879","Harvey",-4.54,"PATTERSON",1980-01-01,375725097404802,79,0,c(-97.6828506, 37.9570759),"1980","71-0",-97.6828506,37.9570759,138.9560089,"132-197"
"3880","Harvey",-2.47,"PATTERSON",1980-04-01,375725097404802,79,0,c(-97.6828506, 37.9570759),"1980","71-0",-97.6828506,37.9570759,138.9560089,"132-197"
"3881","Harvey",-4.97,"PATTERSON",1980-06-26,375725097404802,79,0,c(-97.6828506, 37.9570759),"1980","71-0",-97.6828506,37.9570759,138.9560089,"132-197"
"3882","Harvey",-4.94,"PATTERSON",1980-07-01,375725097404802,79,0,c(-97.6828506, 37.9570759),"1980","71-0",-97.6828506,37.9570759,138.9560089,"132-197"
"3883","Harvey",-6.99,"PATTERSON",1980-10-01,375725097404802,79,0,c(-97.6828506, 37.9570759),"1980","71-0",-97.6828506,37.9570759,138.9560089,"132-197"
"3884","Harvey",-7.13,"PATTERSON",1980-10-06,375725097404802,79,0,c(-97.6828506, 37.9570759),"1980","71-0",-97.6828506,37.9570759,138.9560089,"132-197"
"3885","Kingman",-22.83,NA,1980-09-30,374023098190401,95,0,c(-98.320019, 37.674147),"1980","71-0",-98.320019,37.674147,89.576889,"66-131"
"3886","Reno",-28,"TTuron",1980-01-24,375153098274401,155,0,c(-98.4585836, 37.8643551),"1980","71-0",-98.4585836,37.8643551,113.119072,"66-131"
"3887","Harvey",-9.09,"BURRTON",1980-06-26,380720097400002,79,0,c(-97.665825, 38.123082),"1980","71-0",-97.665825,38.123082,169.944458,"132-197"
"3888","Harvey",-14.22,"BURRTON",1980-10-07,380720097400002,79,0,c(-97.665825, 38.123082),"1980","71-0",-97.665825,38.123082,169.944458,"132-197"
"3889","Ford",-60.1,"BUCKLIN",1980-06-16,373701099422901,57,0,c(-99.7085531, 37.6169285),"1980","71-0",-99.7085531,37.6169285,33.5067673,"0-65"
"3890","Harvey",-52.85,"BURRTON",1980-06-26,380417097384502,79,0,c(-97.6460852, 38.0714033),"1980","71-0",-97.6460852,38.0714033,235.620636,"198-262"
"3891","Cheyenne",-219.75,"BIRD CITY SOUTH SW",1980-01-08,393646101450001,23,0,c(-101.7509499, 39.6125743),"1980","287-216",-101.7509499,39.6125743,131.3215485,"66-131"
"3892","Stevens",-137.14,NA,1980-01-17,370831101114001,189,0,c(-101.195038, 37.142175),"1980","143-72",-101.195038,37.142175,402.0157471,"393-459"
"3893","Lane",-71.99,"Manning",1980-01-14,383130100383801,101,0,c(-100.6450965, 38.5257959),"1980","71-0",-100.6450965,38.5257959,73.196579,"66-131"
"3894","Morton",-138.9,"Elkhart NE",1980-01-16,371347101512101,129,0,c(-101.855346, 37.229323),"1980","143-72",-101.855346,37.229323,35.6198273,"0-65"
"3895","Ford",-53.8,"ENSIGN SW",1980-03-05,373042100094201,57,0,c(-100.1619671, 37.5115864),"1980","71-0",-100.1619671,37.5115864,99.3338089,"66-131"
"3896","Ford",-47.6,"ENSIGN SW",1980-09-17,373042100094201,57,0,c(-100.1619671, 37.5115864),"1980","71-0",-100.1619671,37.5115864,99.3338089,"66-131"
"3897","Scott",-12.35,NA,1980-01-15,383810100552601,171,0,c(-100.9262258, 38.6363459),"1980","71-0",-100.9262258,38.6363459,23.8828621,"0-65"
"3898","Thomas",-86.1,NA,1980-01-10,391730100464001,193,0,c(-100.773621, 39.2917369),"1980","143-72",-100.773621,39.2917369,71.2888947,"66-131"
"3899","Greeley",-162.48,NA,1980-01-31,383736101505601,71,0,c(-101.8497242, 38.6244504),"1980","215-144",-101.8497242,38.6244504,22.8034325,"0-65"
"3900","Reno",-23.27,"Sylvia",1980-01-01,375906098274201,155,0,c(-98.463379, 37.984682),"1980","71-0",-98.463379,37.984682,122.8372803,"66-131"
"3901","Reno",-20.11,"Sylvia",1980-05-08,375906098274201,155,0,c(-98.463379, 37.984682),"1980","71-0",-98.463379,37.984682,122.8372803,"66-131"
"3902","Reno",-21.04,"Sylvia",1980-01-01,375906098274203,155,0,c(-98.463387, 37.984629),"1980","71-0",-98.463387,37.984629,122.8372803,"66-131"
"3903","Reno",-18.01,"Sylvia",1980-05-08,375906098274203,155,0,c(-98.463387, 37.984629),"1980","71-0",-98.463387,37.984629,122.8372803,"66-131"
"3904","Thomas",-123.34,"Gem",1980-01-11,392946100550001,193,0,c(-100.9205295, 39.4963024),"1980","143-72",-100.9205295,39.4963024,68.7004623,"66-131"
"3905","Wichita",-123.8,NA,1980-01-16,382342101332401,203,0,c(-101.558492, 38.3938862),"1980","143-72",-101.558492,38.3938862,46.0839157,"0-65"
"3906","Wichita",-78.5,"Leoti",1980-01-16,382431101170201,203,0,c(-101.283937, 38.40901),"1980","143-72",-101.283937,38.40901,10,"0-65"
"3907","Wichita",-122.21,NA,1980-01-15,382618101074001,203,0,c(-101.1290024, 38.4382277),"1980","143-72",-101.1290024,38.4382277,30.6556377,"0-65"
"3908","Scott",-114.81,"Lake Scott SW",1980-01-14,383053100573701,171,0,c(-100.962228, 38.514239),"1980","143-72",-100.962228,38.514239,61.7445755,"0-65"
"3909","Scott",-72.14,NA,1980-01-14,382658100564601,171,0,c(-100.94675, 38.44854),"1980","143-72",-100.94675,38.44854,77.661377,"66-131"
"3910","Scott",-126.1,NA,1980-01-30,383836100431401,171,0,c(-100.7249312, 38.6427551),"1980","143-72",-100.7249312,38.6427551,17.5797672,"0-65"
"3911","Sherman",-140.98,"Horsethief Draw NW",1980-01-08,391401101583501,181,0,c(-101.977557, 39.233881),"1980","143-72",-101.977557,39.233881,68.694931,"66-131"
"3912","Sherman",-165.1,NA,1980-01-08,391644101590701,181,0,c(-101.9853082, 39.279233),"1980","215-144",-101.9853082,39.279233,61.236145,"0-65"
"3913","Scott",-120.79,NA,1980-01-14,383106101020201,171,0,c(-101.0347336, 38.5176848),"1980","143-72",-101.0347336,38.5176848,29.1797638,"0-65"
"3914","Sheridan",-10.3,"Tasco",1980-01-17,392156100175401,179,0,c(-100.298915, 39.365874),"1980","71-0",-100.298915,39.365874,58.3119011,"0-65"
"3915","Wallace",-147.86,NA,1980-01-15,384301101354201,199,0,c(-101.5956227, 38.7171603),"1980","215-144",-101.5956227,38.7171603,37.0200348,"0-65"
"3916","Hamilton",-11.26,NA,1980-01-15,375557101383901,75,0,c(-101.64432, 37.93306),"1980","71-0",-101.64432,37.93306,NA,NA
"3917","Hamilton",-13.39,"Syracuse East",1980-01-15,375624101385301,75,0,c(-101.649859, 37.940224),"1980","71-0",-101.649859,37.940224,NA,NA
"3918","Wallace",-101.53,"West Bethany Church",1980-01-15,384441101310301,199,0,c(-101.517227, 38.743646),"1980","143-72",-101.517227,38.743646,28.6699448,"0-65"
"3919","Wichita",-147.25,NA,1980-01-15,383646101094601,203,0,c(-101.1639042, 38.6117447),"1980","215-144",-101.1639042,38.6117447,25.9173584,"0-65"
"3920","Wichita",-131.8,NA,1980-01-15,383416101103601,203,0,c(-101.176933, 38.568698),"1980","143-72",-101.176933,38.568698,41.1685867,"0-65"
"3921","Wichita",-53.42,NA,1980-01-15,383526101172901,203,0,c(-101.293936, 38.591197),"1980","71-0",-101.293936,38.591197,38.036705,"0-65"
"3922","Scott",-79.33,"Modoc SE",1980-01-14,381557101014701,171,0,c(-101.029837, 38.264963),"1980","143-72",-101.029837,38.264963,23.4469604,"0-65"
"3923","Scott",-80.65,NA,1980-01-30,382032101023101,171,0,c(-101.0444231, 38.3412102),"1980","143-72",-101.0444231,38.3412102,38.2665176,"0-65"
"3924","Lane",-115.8,NA,1980-01-14,383638100391301,101,0,c(-100.6553817, 38.6111666),"1980","143-72",-100.6553817,38.6111666,56.7074623,"0-65"
"3925","Scott",-103.14,"Modoc SE",1980-01-14,381920101034501,171,0,c(-101.064336, 38.322632),"1980","143-72",-101.064336,38.322632,40.9974785,"0-65"
"3926","Thomas",-118.23,"Achilles SE",1980-01-10,393348100454501,193,0,c(-100.761827, 39.562234),"1980","143-72",-100.761827,39.562234,73.2844696,"66-131"
"3927","Hamilton",-16.91,"Syracuse East",1980-01-14,375815101442401,75,0,c(-101.742849, 37.971283),"1980","71-0",-101.742849,37.971283,NA,NA
"3928","Thomas",-163.01,"Chardon SE",1980-01-09,393223101045601,193,0,c(-101.082334, 39.540382),"1980","215-144",-101.082334,39.540382,92.1581345,"66-131"
"3929","Thomas",-163.23,"Chardon SE",1980-12-23,393223101045601,193,0,c(-101.082334, 39.540382),"1980","215-144",-101.082334,39.540382,92.1581345,"66-131"
"3930","Thomas",-118.7,NA,1980-01-11,392703100495601,193,0,c(-100.8349266, 39.4522626),"1980","143-72",-100.8349266,39.4522626,95.7332916,"66-131"
"3931","Wallace",-157.63,NA,1980-01-31,384500101381701,199,0,c(-101.6375794, 38.7490582),"1980","215-144",-101.6375794,38.7490582,30.4984665,"0-65"
"3932","Gray",-89.04,NA,1980-01-14,375950100341901,69,0,c(-100.5719282, 37.9973029),"1980","143-72",-100.5719282,37.9973029,46.0524216,"0-65"
"3933","Wallace",-152.63,"South Flats",1980-01-31,384651101374201,199,0,c(-101.626907, 38.782612),"1980","215-144",-101.626907,38.782612,25.5320568,"0-65"
"3934","Wallace",-149.97,"South Flats",1980-04-21,384651101374201,199,0,c(-101.626907, 38.782612),"1980","215-144",-101.626907,38.782612,25.5320568,"0-65"
"3935","Wallace",-151.99,"South Flats",1980-07-21,384651101374201,199,0,c(-101.626907, 38.782612),"1980","215-144",-101.626907,38.782612,25.5320568,"0-65"
"3936","Wallace",-153.52,"South Flats",1980-10-06,384651101374201,199,0,c(-101.626907, 38.782612),"1980","215-144",-101.626907,38.782612,25.5320568,"0-65"
"3937","Wallace",-148.04,"South Flats",1980-01-16,384644101420801,199,0,c(-101.703915, 38.775045),"1980","215-144",-101.703915,38.775045,39.2615814,"0-65"
"3938","Wallace",-158.31,"South Flats",1980-01-31,384558101403701,199,0,c(-101.67793, 38.765095),"1980","215-144",-101.67793,38.765095,34.8745346,"0-65"
"3939","Wallace",-158.53,"South Flats",1980-04-21,384558101403701,199,0,c(-101.67793, 38.765095),"1980","215-144",-101.67793,38.765095,34.8745346,"0-65"
"3940","Wallace",-160.74,"South Flats",1980-10-06,384558101403701,199,0,c(-101.67793, 38.765095),"1980","215-144",-101.67793,38.765095,34.8745346,"0-65"
"3941","Gray",-153.75,NA,1980-01-15,373714100344601,69,0,c(-100.581632, 37.620704),"1980","215-144",-100.581632,37.620704,218.737915,"198-262"
"3942","Finney",-138.88,"WOLF",1980-01-15,380109101014001,55,0,c(-101.0297432, 38.0186522),"1980","143-72",-101.0297432,38.0186522,236.6536865,"198-262"
"3943","Grant",-283.39,NA,1980-01-17,372826101201102,67,0,c(-101.3361455, 37.4738555),"1980","287-216",-101.3361455,37.4738555,170.2646942,"132-197"
"3944","Ford",-55.3,"FORD",1980-06-19,373821099480101,57,0,c(-99.8002518, 37.6383753),"1980","71-0",-99.8002518,37.6383753,92.7995758,"66-131"
"3945","Harvey",-66.58,"BURRTON",1980-06-26,380417097405702,79,0,c(-97.683801, 38.072322),"1980","71-0",-97.683801,38.072322,232.5463257,"198-262"
"3946","Harvey",-71.88,"BURRTON",1980-10-16,380417097405702,79,0,c(-97.683801, 38.072322),"1980","71-0",-97.683801,38.072322,232.5463257,"198-262"
"3947","Harvey",-6.39,"BURRTON",1980-10-16,380417097384501,79,0,c(-97.6460852, 38.0714033),"1980","71-0",-97.6460852,38.0714033,235.620636,"198-262"
"3948","Ford",-23.6,"BUCKLIN KS",1980-06-17,373723099422901,57,0,c(-99.7088012, 37.6236401),"1980","71-0",-99.7088012,37.6236401,32.2461777,"0-65"
"3949","Ford",-46.9,"BUCKLIN",1980-06-18,373643099404901,57,0,c(-99.6809307, 37.6124127),"1980","71-0",-99.6809307,37.6124127,27.3044395,"0-65"
"3950","Ford",-121.85,"KINGSDOWN",1980-06-16,373538099450101,57,0,c(-99.7509813, 37.5940702),"1980","143-72",-99.7509813,37.5940702,55.551178,"0-65"
"3951","McPherson",-19.55,NA,1980-01-31,381635097272101,113,0,c(-97.4554419, 38.2761914),"1980","71-0",-97.4554419,38.2761914,48.9551125,"0-65"
"3952","McPherson",-15.73,NA,1980-01-31,381346097295401,113,0,c(-97.4993851, 38.2293276),"1980","71-0",-97.4993851,38.2293276,33.2466888,"0-65"
"3953","McPherson",-22.24,"CANTON",1980-01-29,382333097293401,113,0,c(-97.49297, 38.392574),"1980","71-0",-97.49297,38.392574,14.7026234,"0-65"
"3954","McPherson",-25.96,"HALSTEAD NW",1980-01-29,381122097435901,113,0,c(-97.7329652, 38.1892281),"1980","71-0",-97.7329652,38.1892281,62.9903259,"0-65"
"3955","McPherson",-29.67,"Halstead NW",1980-01-29,381300097384401,113,0,c(-97.645072, 38.216626),"1980","71-0",-97.645072,38.216626,114.6654587,"66-131"
"3956","McPherson",-8.12,NA,1980-01-31,381359097264801,113,0,c(-97.4483254, 38.2328144),"1980","71-0",-97.4483254,38.2328144,33.2027588,"0-65"
"3957","Harvey",-27.39,NA,1980-01-01,380054097351901,79,0,c(-97.5907802, 38.0151179),"1980","71-0",-97.5907802,38.0151179,217.5887756,"198-262"
"3958","Harvey",-26.84,NA,1980-04-01,380054097351901,79,0,c(-97.5907802, 38.0151179),"1980","71-0",-97.5907802,38.0151179,217.5887756,"198-262"
"3959","Harvey",-28.57,NA,1980-07-01,380054097351901,79,0,c(-97.5907802, 38.0151179),"1980","71-0",-97.5907802,38.0151179,217.5887756,"198-262"
"3960","Harvey",-32.2,NA,1980-10-01,380054097351901,79,0,c(-97.5907802, 38.0151179),"1980","71-0",-97.5907802,38.0151179,217.5887756,"198-262"
"3961","Stafford",-3.5,"Stafford SW",1980-01-01,374932098401501,185,0,c(-98.6706718, 37.8276997),"1980","71-0",-98.6706718,37.8276997,150.8060913,"132-197"
"3962","Stafford",-3.45,"Stafford SW",1980-01-22,374932098401501,185,0,c(-98.6706718, 37.8276997),"1980","71-0",-98.6706718,37.8276997,150.8060913,"132-197"
"3963","Stafford",-24.3,"Radium",1980-01-23,381108098531801,185,0,c(-98.889138, 38.185847),"1980","71-0",-98.889138,38.185847,180.4837646,"132-197"
"3964","Harvey",-46,NA,1980-01-01,380054097334901,79,0,c(-97.5652555, 38.0146653),"1980","71-0",-97.5652555,38.0146653,194.5753174,"132-197"
"3965","Harvey",-47,NA,1980-03-01,380054097334901,79,0,c(-97.5652555, 38.0146653),"1980","71-0",-97.5652555,38.0146653,194.5753174,"132-197"
"3966","Harvey",-48.5,NA,1980-04-01,380054097334901,79,0,c(-97.5652555, 38.0146653),"1980","71-0",-97.5652555,38.0146653,194.5753174,"132-197"
"3967","Harvey",-52.04,NA,1980-05-01,380054097334901,79,0,c(-97.5652555, 38.0146653),"1980","71-0",-97.5652555,38.0146653,194.5753174,"132-197"
"3968","Harvey",-50.33,NA,1980-08-01,380054097334901,79,0,c(-97.5652555, 38.0146653),"1980","71-0",-97.5652555,38.0146653,194.5753174,"132-197"
"3969","Harvey",-64.27,NA,1980-09-01,380054097334901,79,0,c(-97.5652555, 38.0146653),"1980","71-0",-97.5652555,38.0146653,194.5753174,"132-197"
"3970","Harvey",-59.42,NA,1980-10-01,380054097334901,79,0,c(-97.5652555, 38.0146653),"1980","71-0",-97.5652555,38.0146653,194.5753174,"132-197"
"3971","Harvey",-81.87,NA,1980-11-01,380054097334901,79,0,c(-97.5652555, 38.0146653),"1980","143-72",-97.5652555,38.0146653,194.5753174,"132-197"
"3972","Harvey",-57.98,NA,1980-12-01,380054097334901,79,0,c(-97.5652555, 38.0146653),"1980","71-0",-97.5652555,38.0146653,194.5753174,"132-197"
"3973","Rice",-14.15,"Lyons",1980-01-21,381813098110101,159,0,c(-98.184738, 38.302761),"1980","71-0",-98.184738,38.302761,60.0849304,"0-65"
"3974","Rice",-13.3,"Lyons",1980-03-28,381813098110101,159,0,c(-98.184738, 38.302761),"1980","71-0",-98.184738,38.302761,60.0849304,"0-65"
"3975","Rice",-13.01,"Lyons",1980-06-27,381813098110101,159,0,c(-98.184738, 38.302761),"1980","71-0",-98.184738,38.302761,60.0849304,"0-65"
"3976","Rice",-15.11,"Lyons",1980-09-16,381813098110101,159,0,c(-98.184738, 38.302761),"1980","71-0",-98.184738,38.302761,60.0849304,"0-65"
"3977","Rice",-15.06,"Lyons",1980-12-23,381813098110101,159,0,c(-98.184738, 38.302761),"1980","71-0",-98.184738,38.302761,60.0849304,"0-65"
"3978","Ellsworth",-79.95,NA,1980-03-28,383236098194701,53,0,c(-98.3299291, 38.5427377),"1980","143-72",-98.3299291,38.5427377,10,"0-65"
"3979","Ellsworth",-113.24,NA,1980-06-27,383236098194701,53,0,c(-98.3299291, 38.5427377),"1980","143-72",-98.3299291,38.5427377,10,"0-65"
"3980","Ellsworth",-130.99,NA,1980-09-16,383236098194701,53,0,c(-98.3299291, 38.5427377),"1980","143-72",-98.3299291,38.5427377,10,"0-65"
"3981","Ellsworth",-105.84,NA,1980-12-23,383236098194701,53,0,c(-98.3299291, 38.5427377),"1980","143-72",-98.3299291,38.5427377,10,"0-65"
"3982","Reno",-20.78,"Haven",1980-01-30,375823097514501,155,0,c(-97.862268, 37.973716),"1980","71-0",-97.862268,37.973716,132.0973511,"132-197"
"3983","Stafford",-32.19,NA,1980-01-22,375327098414501,185,0,c(-98.6950953, 37.8927664),"1980","71-0",-98.6950953,37.8927664,144.358429,"132-197"
"3984","Harvey",-5.1,NA,1980-01-01,380324097341502,79,0,c(-97.5726103, 38.0570022),"1980","71-0",-97.5726103,38.0570022,169.1283264,"132-197"
"3985","Harvey",-3.79,NA,1980-04-01,380324097341502,79,0,c(-97.5726103, 38.0570022),"1980","71-0",-97.5726103,38.0570022,169.1283264,"132-197"
"3986","Harvey",-9.24,NA,1980-07-01,380324097341502,79,0,c(-97.5726103, 38.0570022),"1980","71-0",-97.5726103,38.0570022,169.1283264,"132-197"
"3987","Harvey",-12.22,NA,1980-10-01,380324097341502,79,0,c(-97.5726103, 38.0570022),"1980","71-0",-97.5726103,38.0570022,169.1283264,"132-197"
"3988","Ellsworth",-38.2,"LORRAINE",1980-03-28,383236098194702,53,0,c(-98.3299291, 38.5427377),"1980","71-0",-98.3299291,38.5427377,10,"0-65"
"3989","Ellsworth",-37.89,"LORRAINE",1980-06-27,383236098194702,53,0,c(-98.3299291, 38.5427377),"1980","71-0",-98.3299291,38.5427377,10,"0-65"
"3990","Ellsworth",-38.13,"LORRAINE",1980-09-16,383236098194702,53,0,c(-98.3299291, 38.5427377),"1980","71-0",-98.3299291,38.5427377,10,"0-65"
"3991","Ellsworth",-38.6,"LORRAINE",1980-12-23,383236098194702,53,0,c(-98.3299291, 38.5427377),"1980","71-0",-98.3299291,38.5427377,10,"0-65"
"3992","Reno",-47,NA,1980-01-24,375849098062501,155,0,c(-98.106624, 37.9804841),"1980","71-0",-98.106624,37.9804841,38.7975388,"0-65"
"3993","Stafford",-4.84,"Big Salt Marsh",1980-01-23,380929098345101,185,0,c(-98.58304, 38.158563),"1980","71-0",-98.58304,38.158563,30.2389202,"0-65"
"3994","Harvey",-51,NA,1980-01-01,380021097341301,79,0,c(-97.5725474, 38.0059287),"1980","71-0",-97.5725474,38.0059287,205.608551,"198-262"
"3995","Harvey",-48,NA,1980-03-01,380021097341301,79,0,c(-97.5725474, 38.0059287),"1980","71-0",-97.5725474,38.0059287,205.608551,"198-262"
"3996","Harvey",-53.5,NA,1980-04-01,380021097341301,79,0,c(-97.5725474, 38.0059287),"1980","71-0",-97.5725474,38.0059287,205.608551,"198-262"
"3997","Harvey",-57,NA,1980-05-01,380021097341301,79,0,c(-97.5725474, 38.0059287),"1980","71-0",-97.5725474,38.0059287,205.608551,"198-262"
"3998","Harvey",-46.37,NA,1980-08-01,380021097341301,79,0,c(-97.5725474, 38.0059287),"1980","71-0",-97.5725474,38.0059287,205.608551,"198-262"
"3999","Harvey",-62.52,NA,1980-09-01,380021097341301,79,0,c(-97.5725474, 38.0059287),"1980","71-0",-97.5725474,38.0059287,205.608551,"198-262"
"4000","Harvey",-48.1,NA,1980-10-01,380021097341301,79,0,c(-97.5725474, 38.0059287),"1980","71-0",-97.5725474,38.0059287,205.608551,"198-262"
"4001","Harvey",-51.09,NA,1980-11-01,380021097341301,79,0,c(-97.5725474, 38.0059287),"1980","71-0",-97.5725474,38.0059287,205.608551,"198-262"
"4002","Harvey",-52.01,NA,1980-12-01,380021097341301,79,0,c(-97.5725474, 38.0059287),"1980","71-0",-97.5725474,38.0059287,205.608551,"198-262"
"4003","Mitchell",-14.6,"BELOIT",1980-03-14,392517098011501,123,0,c(-98.0221608, 39.4216083),"1980","71-0",-98.0221608,39.4216083,NA,NA
"4004","Stafford",-14.63,"Saint John North",1980-01-23,380617098460101,185,0,c(-98.766416, 38.104181),"1980","71-0",-98.766416,38.104181,183.6008301,"132-197"
"4005","Stafford",-15.66,"Saint John North",1980-03-20,380617098460101,185,0,c(-98.766416, 38.104181),"1980","71-0",-98.766416,38.104181,183.6008301,"132-197"
"4006","Stafford",-14.68,"Saint John North",1980-06-26,380617098460101,185,0,c(-98.766416, 38.104181),"1980","71-0",-98.766416,38.104181,183.6008301,"132-197"
"4007","Stafford",-16.95,"Saint John North",1980-09-18,380617098460101,185,0,c(-98.766416, 38.104181),"1980","71-0",-98.766416,38.104181,183.6008301,"132-197"
"4008","Stafford",-19.55,NA,1980-01-23,380855098421601,185,0,c(-98.7054513, 38.1489712),"1980","71-0",-98.7054513,38.1489712,164.6809235,"132-197"
"4009","Stafford",-18.58,"Hudson NW",1980-01-23,381015098401201,185,0,c(-98.670061, 38.170043),"1980","71-0",-98.670061,38.170043,194.6816406,"132-197"
"4010","Harvey",-12.8,NA,1980-01-01,380139097322702,79,0,c(-97.5426133, 38.0277309),"1980","71-0",-97.5426133,38.0277309,173.2327576,"132-197"
"4011","Harvey",-12.24,NA,1980-04-01,380139097322702,79,0,c(-97.5426133, 38.0277309),"1980","71-0",-97.5426133,38.0277309,173.2327576,"132-197"
"4012","Harvey",-15.51,NA,1980-07-01,380139097322702,79,0,c(-97.5426133, 38.0277309),"1980","71-0",-97.5426133,38.0277309,173.2327576,"132-197"
"4013","Harvey",-23.09,NA,1980-10-01,380139097322702,79,0,c(-97.5426133, 38.0277309),"1980","71-0",-97.5426133,38.0277309,173.2327576,"132-197"
"4014","Harvey",-32.97,"HALSTEAD",1980-01-30,380443097323701,79,0,c(-97.5460587, 38.0792998),"1980","71-0",-97.5460587,38.0792998,104.0868225,"66-131"
"4015","Harvey",-5.49,NA,1980-06-25,380232097373803,79,0,c(-97.6276458, 38.0423752),"1980","71-0",-97.6276458,38.0423752,214.0228119,"198-262"
"4016","Harvey",-47.72,NA,1980-01-01,380054097334902,79,0,c(-97.5656364, 38.0150544),"1980","71-0",-97.5656364,38.0150544,194.5753174,"132-197"
"4017","Harvey",-47.19,NA,1980-03-01,380054097334902,79,0,c(-97.5656364, 38.0150544),"1980","71-0",-97.5656364,38.0150544,194.5753174,"132-197"
"4018","Harvey",-46.46,NA,1980-04-01,380054097334902,79,0,c(-97.5656364, 38.0150544),"1980","71-0",-97.5656364,38.0150544,194.5753174,"132-197"
"4019","Harvey",-51.52,NA,1980-05-01,380054097334902,79,0,c(-97.5656364, 38.0150544),"1980","71-0",-97.5656364,38.0150544,194.5753174,"132-197"
"4020","Harvey",-50.46,NA,1980-08-01,380054097334902,79,0,c(-97.5656364, 38.0150544),"1980","71-0",-97.5656364,38.0150544,194.5753174,"132-197"
"4021","Harvey",-62.64,NA,1980-09-01,380054097334902,79,0,c(-97.5656364, 38.0150544),"1980","71-0",-97.5656364,38.0150544,194.5753174,"132-197"
"4022","Harvey",-58.91,NA,1980-10-01,380054097334902,79,0,c(-97.5656364, 38.0150544),"1980","71-0",-97.5656364,38.0150544,194.5753174,"132-197"
"4023","Harvey",-52.29,NA,1980-11-01,380054097334902,79,0,c(-97.5656364, 38.0150544),"1980","71-0",-97.5656364,38.0150544,194.5753174,"132-197"
"4024","Harvey",-51.41,NA,1980-12-01,380054097334902,79,0,c(-97.5656364, 38.0150544),"1980","71-0",-97.5656364,38.0150544,194.5753174,"132-197"
"4025","Mitchell",-25.6,"SOLOMON RAPIDS",1980-03-14,392622098080501,123,0,c(-98.1362849, 39.4399735),"1980","71-0",-98.1362849,39.4399735,NA,NA
"4026","Stafford",-23,"Stafford",1980-01-24,375727098325701,185,0,c(-98.550163, 37.958267),"1980","71-0",-98.550163,37.958267,121.74823,"66-131"
"4027","Harvey",-47.5,NA,1980-01-01,380113097341401,79,0,c(-97.5729408, 38.0208431),"1980","71-0",-97.5729408,38.0208431,201.923645,"198-262"
"4028","Harvey",-46,NA,1980-03-01,380113097341401,79,0,c(-97.5729408, 38.0208431),"1980","71-0",-97.5729408,38.0208431,201.923645,"198-262"
"4029","Harvey",-44.5,NA,1980-04-01,380113097341401,79,0,c(-97.5729408, 38.0208431),"1980","71-0",-97.5729408,38.0208431,201.923645,"198-262"
"4030","Harvey",-45,NA,1980-05-01,380113097341401,79,0,c(-97.5729408, 38.0208431),"1980","71-0",-97.5729408,38.0208431,201.923645,"198-262"
"4031","Harvey",-53.5,NA,1980-08-01,380113097341401,79,0,c(-97.5729408, 38.0208431),"1980","71-0",-97.5729408,38.0208431,201.923645,"198-262"
"4032","Harvey",-58.27,NA,1980-09-01,380113097341401,79,0,c(-97.5729408, 38.0208431),"1980","71-0",-97.5729408,38.0208431,201.923645,"198-262"
"4033","Harvey",-59.78,NA,1980-10-01,380113097341401,79,0,c(-97.5729408, 38.0208431),"1980","71-0",-97.5729408,38.0208431,201.923645,"198-262"
"4034","Harvey",-51.18,NA,1980-11-01,380113097341401,79,0,c(-97.5729408, 38.0208431),"1980","71-0",-97.5729408,38.0208431,201.923645,"198-262"
"4035","Harvey",-97.91,NA,1980-12-01,380113097341401,79,0,c(-97.5729408, 38.0208431),"1980","143-72",-97.5729408,38.0208431,201.923645,"198-262"
"4036","Stafford",-21.2,"Macksville",1980-01-22,375456098593401,185,0,c(-98.992678, 37.917925),"1980","71-0",-98.992678,37.917925,169.7643738,"132-197"
"4037","Harvey",-43.12,NA,1980-01-01,380113097341402,79,0,c(-97.5725257, 38.0205305),"1980","71-0",-97.5725257,38.0205305,201.7245636,"198-262"
"4038","Harvey",-40.53,NA,1980-03-01,380113097341402,79,0,c(-97.5725257, 38.0205305),"1980","71-0",-97.5725257,38.0205305,201.7245636,"198-262"
"4039","Harvey",-39.26,NA,1980-04-01,380113097341402,79,0,c(-97.5725257, 38.0205305),"1980","71-0",-97.5725257,38.0205305,201.7245636,"198-262"
"4040","Harvey",-39.28,NA,1980-05-01,380113097341402,79,0,c(-97.5725257, 38.0205305),"1980","71-0",-97.5725257,38.0205305,201.7245636,"198-262"
"4041","Harvey",-43.65,NA,1980-08-01,380113097341402,79,0,c(-97.5725257, 38.0205305),"1980","71-0",-97.5725257,38.0205305,201.7245636,"198-262"
"4042","Harvey",-54.66,NA,1980-09-01,380113097341402,79,0,c(-97.5725257, 38.0205305),"1980","71-0",-97.5725257,38.0205305,201.7245636,"198-262"
"4043","Harvey",-52.25,NA,1980-10-01,380113097341402,79,0,c(-97.5725257, 38.0205305),"1980","71-0",-97.5725257,38.0205305,201.7245636,"198-262"
"4044","Harvey",-41.93,NA,1980-11-01,380113097341402,79,0,c(-97.5725257, 38.0205305),"1980","71-0",-97.5725257,38.0205305,201.7245636,"198-262"
"4045","Harvey",-42.57,NA,1980-12-01,380113097341402,79,0,c(-97.5725257, 38.0205305),"1980","71-0",-97.5725257,38.0205305,201.7245636,"198-262"
"4046","Rice",-13.43,NA,1980-01-21,381608098221001,159,0,c(-98.3740009, 38.2696758),"1980","71-0",-98.3740009,38.2696758,28.805172,"0-65"
"4047","Ellsworth",-36.25,NA,1980-03-28,383334098194702,53,0,c(-98.3299753, 38.5590472),"1980","71-0",-98.3299753,38.5590472,10,"0-65"
"4048","Ellsworth",-35.46,NA,1980-06-27,383334098194702,53,0,c(-98.3299753, 38.5590472),"1980","71-0",-98.3299753,38.5590472,10,"0-65"
"4049","Ellsworth",-36.44,NA,1980-09-16,383334098194702,53,0,c(-98.3299753, 38.5590472),"1980","71-0",-98.3299753,38.5590472,10,"0-65"
"4050","Ellsworth",-36.87,NA,1980-12-23,383334098194702,53,0,c(-98.3299753, 38.5590472),"1980","71-0",-98.3299753,38.5590472,10,"0-65"
"4051","Stafford",-7.83,"Saint John North",1980-01-23,380301098502501,185,0,c(-98.841687, 38.051182),"1980","71-0",-98.841687,38.051182,85.3792419,"66-131"
"4052","Stafford",-8.54,"Hudson NW",1980-01-23,381120098434802,185,0,c(-98.731513, 38.188913),"1980","71-0",-98.731513,38.188913,154.5834808,"132-197"
"4053","Stafford",-8.13,"Hudson NW",1980-03-20,381120098434802,185,0,c(-98.731513, 38.188913),"1980","71-0",-98.731513,38.188913,154.5834808,"132-197"
"4054","Stafford",-6.84,"Hudson NW",1980-06-26,381120098434802,185,0,c(-98.731513, 38.188913),"1980","71-0",-98.731513,38.188913,154.5834808,"132-197"
"4055","Stafford",-9.26,"Hudson NW",1980-09-18,381120098434802,185,0,c(-98.731513, 38.188913),"1980","71-0",-98.731513,38.188913,154.5834808,"132-197"
"4056","Stafford",-4.06,"Hudson SE",1980-01-23,380558098355802,185,0,c(-98.5998589, 38.0994065),"1980","71-0",-98.5998589,38.0994065,151.563385,"132-197"
"4057","Rush",-34.39,NA,1980-03-20,382742099174001,165,0,c(-99.2938811, 38.462838),"1980","71-0",-99.2938811,38.462838,0.0000053,"0-65"
"4058","Rush",-34.43,NA,1980-07-02,382742099174001,165,0,c(-99.2938811, 38.462838),"1980","71-0",-99.2938811,38.462838,0.0000053,"0-65"
"4059","Rush",-34.57,NA,1980-09-18,382742099174001,165,0,c(-99.2938811, 38.462838),"1980","71-0",-99.2938811,38.462838,0.0000053,"0-65"
"4060","Rush",-35.07,NA,1980-12-30,382742099174001,165,0,c(-99.2938811, 38.462838),"1980","71-0",-99.2938811,38.462838,0.0000053,"0-65"
"4061","Harvey",-36.75,NA,1980-01-01,380021097341302,79,0,c(-97.5725474, 38.0059287),"1980","71-0",-97.5725474,38.0059287,205.608551,"198-262"
"4062","Harvey",-35.27,NA,1980-03-01,380021097341302,79,0,c(-97.5725474, 38.0059287),"1980","71-0",-97.5725474,38.0059287,205.608551,"198-262"
"4063","Harvey",-36.11,NA,1980-04-01,380021097341302,79,0,c(-97.5725474, 38.0059287),"1980","71-0",-97.5725474,38.0059287,205.608551,"198-262"
"4064","Harvey",-36.56,NA,1980-05-01,380021097341302,79,0,c(-97.5725474, 38.0059287),"1980","71-0",-97.5725474,38.0059287,205.608551,"198-262"
"4065","Harvey",-35.84,NA,1980-08-01,380021097341302,79,0,c(-97.5725474, 38.0059287),"1980","71-0",-97.5725474,38.0059287,205.608551,"198-262"
"4066","Harvey",-41.17,NA,1980-09-01,380021097341302,79,0,c(-97.5725474, 38.0059287),"1980","71-0",-97.5725474,38.0059287,205.608551,"198-262"
"4067","Harvey",-39.78,NA,1980-10-01,380021097341302,79,0,c(-97.5725474, 38.0059287),"1980","71-0",-97.5725474,38.0059287,205.608551,"198-262"
"4068","Harvey",-39.31,NA,1980-11-01,380021097341302,79,0,c(-97.5725474, 38.0059287),"1980","71-0",-97.5725474,38.0059287,205.608551,"198-262"
"4069","Harvey",-39.28,NA,1980-12-01,380021097341302,79,0,c(-97.5725474, 38.0059287),"1980","71-0",-97.5725474,38.0059287,205.608551,"198-262"
"4070","Barton",-14.39,"ELLINWOOD SW",1980-01-22,381734098372501,9,0,c(-98.622548, 38.293727),"1980","71-0",-98.622548,38.293727,152.5829468,"132-197"
"4071","Harvey",-4.51,NA,1980-01-01,380245097372401,79,0,c(-97.6253454, 38.0460076),"1980","71-0",-97.6253454,38.0460076,214.0228119,"198-262"
"4072","Harvey",-1,NA,1980-04-01,380245097372401,79,0,c(-97.6253454, 38.0460076),"1980","71-0",-97.6253454,38.0460076,214.0228119,"198-262"
"4073","Harvey",-3.82,NA,1980-07-01,380245097372401,79,0,c(-97.6253454, 38.0460076),"1980","71-0",-97.6253454,38.0460076,214.0228119,"198-262"
"4074","Harvey",-6.83,NA,1980-10-01,380245097372401,79,0,c(-97.6253454, 38.0460076),"1980","71-0",-97.6253454,38.0460076,214.0228119,"198-262"
"4075","Stafford",-28.34,"Macksville",1980-01-23,375759098524501,185,0,c(-98.8798306, 37.968203),"1980","71-0",-98.8798306,37.968203,97.4551697,"66-131"
"4076","Finney",-67.82,"LOWE",1980-01-14,380616100530402,55,0,c(-100.8847466, 38.1054797),"1980","71-0",-100.8847466,38.1054797,74.7934341,"66-131"
"4077","Finney",-77.3,"LOWE",1980-04-22,380616100530402,55,0,c(-100.8847466, 38.1054797),"1980","143-72",-100.8847466,38.1054797,74.7934341,"66-131"
"4078","Finney",-71.64,"LOWE",1980-07-22,380616100530402,55,0,c(-100.8847466, 38.1054797),"1980","71-0",-100.8847466,38.1054797,74.7934341,"66-131"
"4079","Finney",-77.29,"LOWE",1980-10-07,380616100530402,55,0,c(-100.8847466, 38.1054797),"1980","143-72",-100.8847466,38.1054797,74.7934341,"66-131"
"4080","Sedgwick",-21.87,NA,1980-01-01,375329097284503,173,0,c(-97.4810347, 37.8914372),"1980","71-0",-97.4810347,37.8914372,160.7912445,"132-197"
"4081","Sedgwick",-19.6,NA,1980-03-01,375329097284503,173,0,c(-97.4810347, 37.8914372),"1980","71-0",-97.4810347,37.8914372,160.7912445,"132-197"
"4082","Sedgwick",-18.8,NA,1980-04-01,375329097284503,173,0,c(-97.4810347, 37.8914372),"1980","71-0",-97.4810347,37.8914372,160.7912445,"132-197"
"4083","Sedgwick",-16.68,NA,1980-05-01,375329097284503,173,0,c(-97.4810347, 37.8914372),"1980","71-0",-97.4810347,37.8914372,160.7912445,"132-197"
"4084","Sedgwick",-18.28,NA,1980-08-01,375329097284503,173,0,c(-97.4810347, 37.8914372),"1980","71-0",-97.4810347,37.8914372,160.7912445,"132-197"
"4085","Sedgwick",-23.22,NA,1980-09-01,375329097284503,173,0,c(-97.4810347, 37.8914372),"1980","71-0",-97.4810347,37.8914372,160.7912445,"132-197"
"4086","Sedgwick",-23.61,NA,1980-10-01,375329097284503,173,0,c(-97.4810347, 37.8914372),"1980","71-0",-97.4810347,37.8914372,160.7912445,"132-197"
"4087","Sedgwick",-22.52,NA,1980-12-01,375329097284503,173,0,c(-97.4810347, 37.8914372),"1980","71-0",-97.4810347,37.8914372,160.7912445,"132-197"
"4088","Pawnee",-16.59,"Larned",1980-01-23,381108099005301,145,0,c(-99.013668, 38.186771),"1980","71-0",-99.013668,38.186771,106.0014038,"66-131"
"4089","Ford",-113,"KINGSDOWN",1980-06-24,373408099504601,57,0,c(-99.8466734, 37.5687789),"1980","143-72",-99.8466734,37.5687789,106.3313904,"66-131"
"4090","Ness",-31.63,"Bazine",1980-03-20,382632099411501,135,0,c(-99.688276, 38.442795),"1980","71-0",-99.688276,38.442795,NA,NA
"4091","Ness",-33.82,"Bazine",1980-07-02,382632099411501,135,0,c(-99.688276, 38.442795),"1980","71-0",-99.688276,38.442795,NA,NA
"4092","Ness",-33.39,"Bazine",1980-09-18,382632099411501,135,0,c(-99.688276, 38.442795),"1980","71-0",-99.688276,38.442795,NA,NA
"4093","Hodgeman",-28.08,"Hanston NW",1980-03-20,380752099414101,83,0,c(-99.696871, 38.131537),"1980","71-0",-99.696871,38.131537,56.2321854,"0-65"
"4094","Hodgeman",-27.24,"Hanston NW",1980-07-02,380752099414101,83,0,c(-99.696871, 38.131537),"1980","71-0",-99.696871,38.131537,56.2321854,"0-65"
"4095","Hodgeman",-31.79,"Hanston NW",1980-09-01,380752099414101,83,0,c(-99.696871, 38.131537),"1980","71-0",-99.696871,38.131537,56.2321854,"0-65"
"4096","Smith",-7.15,"GAYLORD",1980-05-30,393847098503501,183,0,c(-98.841664, 39.642841),"1980","71-0",-98.841664,39.642841,NA,NA
"4097","Hodgeman",-40.25,NA,1980-01-10,381536099434501,83,0,c(-99.731723, 38.261625),"1980","71-0",-99.731723,38.261625,11.9946423,"0-65"
"4098","Hodgeman",-41.2,"Hanston NW",1980-01-01,380921099380501,83,0,c(-99.635546, 38.159345),"1980","71-0",-99.635546,38.159345,25,"0-65"
"4099","Scott",-99,"Scott City",1980-01-14,382401100565301,171,0,c(-100.950431, 38.400321),"1980","143-72",-100.950431,38.400321,32.0392265,"0-65"
"4100","Scott",-104.91,"Scott City",1980-04-22,382401100565301,171,0,c(-100.950431, 38.400321),"1980","143-72",-100.950431,38.400321,32.0392265,"0-65"
"4101","Scott",-35.13,"SCOTT CITY",1980-10-02,382552100512901,171,0,c(-100.8617644, 38.4327195),"1980","71-0",-100.8617644,38.4327195,81.6102905,"66-131"
"4102","Sheridan",-7.69,NA,1980-01-18,391742100294701,179,0,c(-100.4953606, 39.2951371),"1980","71-0",-100.4953606,39.2951371,58.1656036,"0-65"
"4103","Ford",-29.47,NA,1980-01-04,374409099581702,57,0,c(-99.973078, 37.7423753),"1980","71-0",-99.973078,37.7423753,123.0897217,"66-131"
"4104","Hodgeman",-31,NA,1980-01-10,380937099395801,83,0,c(-99.670703, 38.160448),"1980","71-0",-99.670703,38.160448,0.7038784,"0-65"
"4105","Graham",-102.16,NA,1980-12-18,393039099423701,65,0,c(-99.7075281, 39.5108885),"1980","143-72",-99.7075281,39.5108885,53.8889999,"0-65"
"4106","Ford",-45.27,"BELLEFONT",1980-01-04,374535099433401,57,0,c(-99.7294716, 37.7660526),"1980","71-0",-99.7294716,37.7660526,24.836092,"0-65"
"4107","Ford",-126,"SOUTH DODGE",1980-03-06,374029100032801,57,0,c(-100.0564031, 37.674592),"1980","143-72",-100.0564031,37.674592,29.23703,"0-65"
"4108","Ford",-131.95,"FORT DODGE SW",1980-01-04,373705099572601,57,0,c(-99.9587043, 37.6224416),"1980","143-72",-99.9587043,37.6224416,94.9879913,"66-131"
"4109","Ford",-143,"FORT DODGE SW",1980-06-20,373705099572601,57,0,c(-99.9587043, 37.6224416),"1980","143-72",-99.9587043,37.6224416,94.9879913,"66-131"
"4110","Ford",-79.1,"BUCKLIN",1980-06-02,373218099381101,57,0,c(-99.637069, 37.5384291),"1980","143-72",-99.637069,37.5384291,76.9619446,"66-131"
"4111","Hodgeman",-170.73,"Jetmore",1980-01-02,380352099550501,83,0,c(-99.9183277, 38.0655237),"1980","215-144",-99.9183277,38.0655237,NA,NA
"4112","Hodgeman",-156.12,"Jetmore",1980-04-09,380352099550501,83,0,c(-99.9183277, 38.0655237),"1980","215-144",-99.9183277,38.0655237,NA,NA
"4113","Hodgeman",-147.77,"Jetmore",1980-06-25,380352099550501,83,0,c(-99.9183277, 38.0655237),"1980","215-144",-99.9183277,38.0655237,NA,NA
"4114","Hodgeman",-185.8,"Jetmore",1980-09-24,380352099550501,83,0,c(-99.9183277, 38.0655237),"1980","215-144",-99.9183277,38.0655237,NA,NA
"4115","Lane",-100.28,"Shields",1980-01-14,383314100225601,101,0,c(-100.384644, 38.553546),"1980","143-72",-100.384644,38.553546,31.3948154,"0-65"
"4116","Lane",-100.29,"Shields",1980-04-15,383314100225601,101,0,c(-100.384644, 38.553546),"1980","143-72",-100.384644,38.553546,31.3948154,"0-65"
"4117","Lane",-103.76,"Shields",1980-10-02,383314100225601,101,0,c(-100.384644, 38.553546),"1980","143-72",-100.384644,38.553546,31.3948154,"0-65"
"4118","Hodgeman",-94.05,"Jetmore SE",1980-01-02,380351099461501,83,0,c(-99.771203, 38.063998),"1980","143-72",-99.771203,38.063998,NA,NA
"4119","Hodgeman",-81.15,"Jetmore SE",1980-04-09,380351099461501,83,0,c(-99.771203, 38.063998),"1980","143-72",-99.771203,38.063998,NA,NA
"4120","Hodgeman",-86.67,"Jetmore SE",1980-09-24,380351099461501,83,0,c(-99.771203, 38.063998),"1980","143-72",-99.771203,38.063998,NA,NA
"4121","Graham",-93.92,"HILL CITY 2 SW",1980-12-18,391545099590901,65,0,c(-99.9898679, 39.2622933),"1980","143-72",-99.9898679,39.2622933,17.8468246,"0-65"
"4122","Ford",-16.83,NA,1980-01-04,374409099590601,57,0,c(-99.9865472, 37.7425502),"1980","71-0",-99.9865472,37.7425502,128.4711609,"66-131"
"4123","Ford",-135.39,"FORT DODGE SW",1980-01-04,373652099575901,57,0,c(-99.9700108, 37.6190515),"1980","143-72",-99.9700108,37.6190515,88.3333054,"66-131"
"4124","Ford",-143.71,"FORT DODGE SW",1980-04-09,373652099575901,57,0,c(-99.9700108, 37.6190515),"1980","143-72",-99.9700108,37.6190515,88.3333054,"66-131"
"4125","Ford",-146.72,"FORT DODGE SW",1980-06-24,373652099575901,57,0,c(-99.9700108, 37.6190515),"1980","215-144",-99.9700108,37.6190515,88.3333054,"66-131"
"4126","Ford",-138.66,"FORT DODGE SW",1980-09-23,373652099575901,57,0,c(-99.9700108, 37.6190515),"1980","143-72",-99.9700108,37.6190515,88.3333054,"66-131"
"4127","Smith",-33.9,"KIRWIN",1980-05-30,393937099002701,183,0,c(-99.010181, 39.66167),"1980","71-0",-99.010181,39.66167,NA,NA
"4128","Smith",-20.6,"CEDAR",1980-05-30,393920098553701,183,0,c(-98.925888, 39.654953),"1980","71-0",-98.925888,39.654953,NA,NA
"4129","Hodgeman",-41.8,NA,1980-01-07,380950099381701,83,0,c(-99.64317, 38.16251),"1980","71-0",-99.64317,38.16251,25,"0-65"
"4130","Hodgeman",-36.48,"Jetmore SE",1980-01-01,380504099504001,83,0,c(-99.845035, 38.085218),"1980","71-0",-99.845035,38.085218,NA,NA
"4131","Hodgeman",-32.89,"Jetmore SE",1980-04-09,380504099504001,83,0,c(-99.845035, 38.085218),"1980","71-0",-99.845035,38.085218,NA,NA
"4132","Hodgeman",-33.04,"Jetmore SE",1980-06-25,380504099504001,83,0,c(-99.845035, 38.085218),"1980","71-0",-99.845035,38.085218,NA,NA
"4133","Hodgeman",-54.56,"Jetmore SE",1980-09-24,380504099504001,83,0,c(-99.845035, 38.085218),"1980","71-0",-99.845035,38.085218,NA,NA
"4134","Graham",-108.52,"Edmond SE",1980-12-18,393039099493101,65,0,c(-99.826056, 39.510773),"1980","143-72",-99.826056,39.510773,153.6979065,"132-197"
"4135","Graham",-123.06,"HOXIE 1 NE",1980-12-17,393032100012601,65,0,c(-100.0252997, 39.5088629),"1980","143-72",-100.0252997,39.5088629,136.5594482,"132-197"
"4136","Ford",-27.8,"BUCKLIN NW",1980-07-28,373716099423101,57,0,c(-99.7095336, 37.6245885),"1980","71-0",-99.7095336,37.6245885,34.4973373,"0-65"
"4137","Lane",-95.55,"Shields",1980-01-14,383551100275501,101,0,c(-100.468566, 38.597532),"1980","143-72",-100.468566,38.597532,29.8382416,"0-65"
"4138","Ford",-136,"ENSIGN SE",1980-06-18,373433100010801,57,0,c(-100.018964, 37.5761263),"1980","143-72",-100.018964,37.5761263,65.4412918,"0-65"
"4139","Ford",-139.68,"ENSIGN SE",1980-09-12,373433100010801,57,0,c(-100.018964, 37.5761263),"1980","143-72",-100.018964,37.5761263,65.4412918,"0-65"
"4140","Ford",-111,"FORT DODGE",1980-07-02,373753099534101,57,0,c(-99.895043, 37.6315403),"1980","143-72",-99.895043,37.6315403,119.4417191,"66-131"
"4141","McPherson",-50.7,NA,1980-02-01,382653097315101,113,0,c(-97.5306055, 38.4477403),"1980","71-0",-97.5306055,38.4477403,NA,NA
"4142","Harvey",-32.5,NA,1980-01-01,375810097334001,79,0,c(-97.5638319, 37.9699158),"1980","71-0",-97.5638319,37.9699158,198.0464478,"198-262"
"4143","Harvey",-32,NA,1980-03-01,375810097334001,79,0,c(-97.5638319, 37.9699158),"1980","71-0",-97.5638319,37.9699158,198.0464478,"198-262"
"4144","Harvey",-33.22,NA,1980-04-01,375810097334001,79,0,c(-97.5638319, 37.9699158),"1980","71-0",-97.5638319,37.9699158,198.0464478,"198-262"
"4145","Harvey",-34.38,NA,1980-05-01,375810097334001,79,0,c(-97.5638319, 37.9699158),"1980","71-0",-97.5638319,37.9699158,198.0464478,"198-262"
"4146","Harvey",-32.57,NA,1980-08-01,375810097334001,79,0,c(-97.5638319, 37.9699158),"1980","71-0",-97.5638319,37.9699158,198.0464478,"198-262"
"4147","Harvey",-73.19,NA,1980-09-01,375810097334001,79,0,c(-97.5638319, 37.9699158),"1980","143-72",-97.5638319,37.9699158,198.0464478,"198-262"
"4148","Harvey",-34.78,NA,1980-10-01,375810097334001,79,0,c(-97.5638319, 37.9699158),"1980","71-0",-97.5638319,37.9699158,198.0464478,"198-262"
"4149","Harvey",-34.54,NA,1980-11-01,375810097334001,79,0,c(-97.5638319, 37.9699158),"1980","71-0",-97.5638319,37.9699158,198.0464478,"198-262"
"4150","Harvey",-71.63,NA,1980-12-01,375810097334001,79,0,c(-97.5638319, 37.9699158),"1980","71-0",-97.5638319,37.9699158,198.0464478,"198-262"
"4151","Harvey",-31.52,NA,1980-01-01,375810097334002,79,0,c(-97.5635143, 37.9696963),"1980","71-0",-97.5635143,37.9696963,198.0464478,"198-262"
"4152","Harvey",-31.2,NA,1980-03-01,375810097334002,79,0,c(-97.5635143, 37.9696963),"1980","71-0",-97.5635143,37.9696963,198.0464478,"198-262"
"4153","Harvey",-30.93,NA,1980-04-01,375810097334002,79,0,c(-97.5635143, 37.9696963),"1980","71-0",-97.5635143,37.9696963,198.0464478,"198-262"
"4154","Harvey",-31.28,NA,1980-05-01,375810097334002,79,0,c(-97.5635143, 37.9696963),"1980","71-0",-97.5635143,37.9696963,198.0464478,"198-262"
"4155","Harvey",-30.92,NA,1980-08-01,375810097334002,79,0,c(-97.5635143, 37.9696963),"1980","71-0",-97.5635143,37.9696963,198.0464478,"198-262"
"4156","Harvey",-32.22,NA,1980-09-01,375810097334002,79,0,c(-97.5635143, 37.9696963),"1980","71-0",-97.5635143,37.9696963,198.0464478,"198-262"
"4157","Harvey",-33.25,NA,1980-10-01,375810097334002,79,0,c(-97.5635143, 37.9696963),"1980","71-0",-97.5635143,37.9696963,198.0464478,"198-262"
"4158","Harvey",-33.06,NA,1980-11-01,375810097334002,79,0,c(-97.5635143, 37.9696963),"1980","71-0",-97.5635143,37.9696963,198.0464478,"198-262"
"4159","Harvey",-33.41,NA,1980-12-01,375810097334002,79,0,c(-97.5635143, 37.9696963),"1980","71-0",-97.5635143,37.9696963,198.0464478,"198-262"
"4160","Pratt",-9.05,"Pratt",1980-01-23,373756098422001,151,0,c(-98.707103, 37.631162),"1980","71-0",-98.707103,37.631162,154.9150696,"132-197"
"4161","Harvey",-29,NA,1980-01-01,375625097310401,79,0,c(-97.519578, 37.9409508),"1980","71-0",-97.519578,37.9409508,170.227356,"132-197"
"4162","Harvey",-29.5,NA,1980-03-01,375625097310401,79,0,c(-97.519578, 37.9409508),"1980","71-0",-97.519578,37.9409508,170.227356,"132-197"
"4163","Harvey",-29,NA,1980-04-01,375625097310401,79,0,c(-97.519578, 37.9409508),"1980","71-0",-97.519578,37.9409508,170.227356,"132-197"
"4164","Harvey",-28.5,NA,1980-05-01,375625097310401,79,0,c(-97.519578, 37.9409508),"1980","71-0",-97.519578,37.9409508,170.227356,"132-197"
"4165","Harvey",-65,NA,1980-08-01,375625097310401,79,0,c(-97.519578, 37.9409508),"1980","71-0",-97.519578,37.9409508,170.227356,"132-197"
"4166","Harvey",-32,NA,1980-09-01,375625097310401,79,0,c(-97.519578, 37.9409508),"1980","71-0",-97.519578,37.9409508,170.227356,"132-197"
"4167","Harvey",-32,NA,1980-10-01,375625097310401,79,0,c(-97.519578, 37.9409508),"1980","71-0",-97.519578,37.9409508,170.227356,"132-197"
"4168","Harvey",-31.67,NA,1980-11-01,375625097310401,79,0,c(-97.519578, 37.9409508),"1980","71-0",-97.519578,37.9409508,170.227356,"132-197"
"4169","Harvey",-64.43,NA,1980-12-01,375625097310401,79,0,c(-97.519578, 37.9409508),"1980","71-0",-97.519578,37.9409508,170.227356,"132-197"
"4170","Pratt",-55.8,"CAIRO",1980-11-21,374238098343001,151,0,c(-98.5753689, 37.7099473),"1980","71-0",-98.5753689,37.7099473,147.2650146,"132-197"
"4171","Pratt",-44.2,"Cairo",1980-01-22,374403098372301,151,0,c(-98.6216755, 37.7336273),"1980","71-0",-98.6216755,37.7336273,175.0185394,"132-197"
"4172","Pratt",-45.54,"Cairo",1980-03-21,374403098372301,151,0,c(-98.6216755, 37.7336273),"1980","71-0",-98.6216755,37.7336273,175.0185394,"132-197"
"4173","Pratt",-43.9,"Cairo",1980-06-23,374403098372301,151,0,c(-98.6216755, 37.7336273),"1980","71-0",-98.6216755,37.7336273,175.0185394,"132-197"
"4174","Pratt",-45.82,"Cairo",1980-09-15,374403098372301,151,0,c(-98.6216755, 37.7336273),"1980","71-0",-98.6216755,37.7336273,175.0185394,"132-197"
"4175","Harvey",-13.38,NA,1980-01-01,375811097373001,79,0,c(-97.6275955, 37.9696979),"1980","71-0",-97.6275955,37.9696979,174.06604,"132-197"
"4176","Harvey",-14.05,NA,1980-04-01,375811097373001,79,0,c(-97.6275955, 37.9696979),"1980","71-0",-97.6275955,37.9696979,174.06604,"132-197"
"4177","Harvey",-12.41,NA,1980-07-01,375811097373001,79,0,c(-97.6275955, 37.9696979),"1980","71-0",-97.6275955,37.9696979,174.06604,"132-197"
"4178","Harvey",-13.61,NA,1980-10-01,375811097373001,79,0,c(-97.6275955, 37.9696979),"1980","71-0",-97.6275955,37.9696979,174.06604,"132-197"
"4179","Pratt",-10.4,"Saint Leo",1980-01-01,373530098290801,151,0,c(-98.486715, 37.5916104),"1980","71-0",-98.486715,37.5916104,131.8886414,"66-131"
"4180","Pratt",-10.4,"Saint Leo",1980-01-23,373530098290801,151,0,c(-98.486715, 37.5916104),"1980","71-0",-98.486715,37.5916104,131.8886414,"66-131"
"4181","Harvey",-2.04,NA,1980-01-01,375448097405502,79,0,c(-97.6848862, 37.9133715),"1980","71-0",-97.6848862,37.9133715,234.268692,"198-262"
"4182","Harvey",-0.95,NA,1980-04-01,375448097405502,79,0,c(-97.6848862, 37.9133715),"1980","71-0",-97.6848862,37.9133715,234.268692,"198-262"
"4183","Harvey",-2.85,NA,1980-07-01,375448097405502,79,0,c(-97.6848862, 37.9133715),"1980","71-0",-97.6848862,37.9133715,234.268692,"198-262"
"4184","Harvey",-4.44,NA,1980-10-01,375448097405502,79,0,c(-97.6848862, 37.9133715),"1980","71-0",-97.6848862,37.9133715,234.268692,"198-262"
"4185","Harvey",-29.48,NA,1980-01-01,375910097352702,79,0,c(-97.5931594, 37.9858807),"1980","71-0",-97.5931594,37.9858807,211.9548645,"198-262"
"4186","Harvey",-40.32,NA,1980-04-01,375910097352702,79,0,c(-97.5931594, 37.9858807),"1980","71-0",-97.5931594,37.9858807,211.9548645,"198-262"
"4187","Harvey",-41.42,NA,1980-07-01,375910097352702,79,0,c(-97.5931594, 37.9858807),"1980","71-0",-97.5931594,37.9858807,211.9548645,"198-262"
"4188","Harvey",-42.81,NA,1980-10-01,375910097352702,79,0,c(-97.5931594, 37.9858807),"1980","71-0",-97.5931594,37.9858807,211.9548645,"198-262"
"4189","Harvey",-14.3,NA,1980-06-25,375817097384604,79,0,c(-97.6460594, 37.9715332),"1980","71-0",-97.6460594,37.9715332,120.7109451,"66-131"
"4190","Harvey",-14.49,NA,1980-09-29,375817097384604,79,0,c(-97.6460594, 37.9715332),"1980","71-0",-97.6460594,37.9715332,120.7109451,"66-131"
"4191","Harvey",-15.13,NA,1980-01-01,375817097365701,79,0,c(-97.618787, 37.9708989),"1980","71-0",-97.618787,37.9708989,197.353302,"132-197"
"4192","Harvey",-15.4,NA,1980-03-01,375817097365701,79,0,c(-97.618787, 37.9708989),"1980","71-0",-97.618787,37.9708989,197.353302,"132-197"
"4193","Harvey",-15.9,NA,1980-04-01,375817097365701,79,0,c(-97.618787, 37.9708989),"1980","71-0",-97.618787,37.9708989,197.353302,"132-197"
"4194","Harvey",-15.11,NA,1980-05-01,375817097365701,79,0,c(-97.618787, 37.9708989),"1980","71-0",-97.618787,37.9708989,197.353302,"132-197"
"4195","Harvey",-14.86,NA,1980-08-01,375817097365701,79,0,c(-97.618787, 37.9708989),"1980","71-0",-97.618787,37.9708989,197.353302,"132-197"
"4196","Harvey",-55.68,NA,1980-09-01,375817097365701,79,0,c(-97.618787, 37.9708989),"1980","71-0",-97.618787,37.9708989,197.353302,"132-197"
"4197","Harvey",-16.43,NA,1980-10-01,375817097365701,79,0,c(-97.618787, 37.9708989),"1980","71-0",-97.618787,37.9708989,197.353302,"132-197"
"4198","Harvey",-16.31,NA,1980-11-01,375817097365701,79,0,c(-97.618787, 37.9708989),"1980","71-0",-97.618787,37.9708989,197.353302,"132-197"
"4199","Harvey",-58.32,NA,1980-12-01,375817097365701,79,0,c(-97.618787, 37.9708989),"1980","71-0",-97.618787,37.9708989,197.353302,"132-197"
"4200","Harvey",-4.06,NA,1980-01-01,375955097295201,79,0,c(-97.4991226, 37.9985318),"1980","71-0",-97.4991226,37.9985318,131.2831573,"66-131"
"4201","Harvey",-10.15,NA,1980-04-01,375955097295201,79,0,c(-97.4991226, 37.9985318),"1980","71-0",-97.4991226,37.9985318,131.2831573,"66-131"
"4202","Harvey",-11.79,NA,1980-07-01,375955097295201,79,0,c(-97.4991226, 37.9985318),"1980","71-0",-97.4991226,37.9985318,131.2831573,"66-131"
"4203","Harvey",-15.86,NA,1980-10-01,375955097295201,79,0,c(-97.4991226, 37.9985318),"1980","71-0",-97.4991226,37.9985318,131.2831573,"66-131"
"4204","Harvey",-6.64,NA,1980-01-01,375447097351601,79,0,c(-97.5909267, 37.9132903),"1980","71-0",-97.5909267,37.9132903,152.4829407,"132-197"
"4205","Harvey",-6.4,NA,1980-04-01,375447097351601,79,0,c(-97.5909267, 37.9132903),"1980","71-0",-97.5909267,37.9132903,152.4829407,"132-197"
"4206","Harvey",-6.29,NA,1980-07-01,375447097351601,79,0,c(-97.5909267, 37.9132903),"1980","71-0",-97.5909267,37.9132903,152.4829407,"132-197"
"4207","Harvey",-8.33,NA,1980-10-01,375447097351601,79,0,c(-97.5909267, 37.9132903),"1980","71-0",-97.5909267,37.9132903,152.4829407,"132-197"
"4208","Harvey",-29.74,NA,1980-01-01,375540097323403,79,0,c(-97.5451578, 37.927743),"1980","71-0",-97.5451578,37.927743,191.8880157,"132-197"
"4209","Harvey",-34.38,NA,1980-03-01,375540097323403,79,0,c(-97.5451578, 37.927743),"1980","71-0",-97.5451578,37.927743,191.8880157,"132-197"
"4210","Harvey",-34.09,NA,1980-04-01,375540097323403,79,0,c(-97.5451578, 37.927743),"1980","71-0",-97.5451578,37.927743,191.8880157,"132-197"
"4211","Harvey",-30.44,NA,1980-05-01,375540097323403,79,0,c(-97.5451578, 37.927743),"1980","71-0",-97.5451578,37.927743,191.8880157,"132-197"
"4212","Harvey",-37.36,NA,1980-08-01,375540097323403,79,0,c(-97.5451578, 37.927743),"1980","71-0",-97.5451578,37.927743,191.8880157,"132-197"
"4213","Harvey",-36.71,NA,1980-09-01,375540097323403,79,0,c(-97.5451578, 37.927743),"1980","71-0",-97.5451578,37.927743,191.8880157,"132-197"
"4214","Harvey",-33.13,NA,1980-10-01,375540097323403,79,0,c(-97.5451578, 37.927743),"1980","71-0",-97.5451578,37.927743,191.8880157,"132-197"
"4215","Harvey",-34.95,NA,1980-11-01,375540097323403,79,0,c(-97.5451578, 37.927743),"1980","71-0",-97.5451578,37.927743,191.8880157,"132-197"
"4216","Harvey",-31.88,NA,1980-12-01,375540097323403,79,0,c(-97.5451578, 37.927743),"1980","71-0",-97.5451578,37.927743,191.8880157,"132-197"
"4217","Harvey",-6.16,"PATTERSON",1980-01-01,375910097405802,79,0,c(-97.6849613, 37.9861334),"1980","71-0",-97.6849613,37.9861334,117.7985229,"66-131"
"4218","Harvey",-4.46,"PATTERSON",1980-04-01,375910097405802,79,0,c(-97.6849613, 37.9861334),"1980","71-0",-97.6849613,37.9861334,117.7985229,"66-131"
"4219","Harvey",-6.05,"PATTERSON",1980-06-26,375910097405802,79,0,c(-97.6849613, 37.9861334),"1980","71-0",-97.6849613,37.9861334,117.7985229,"66-131"
"4220","Harvey",-5.78,"PATTERSON",1980-07-01,375910097405802,79,0,c(-97.6849613, 37.9861334),"1980","71-0",-97.6849613,37.9861334,117.7985229,"66-131"
"4221","Harvey",-8.06,"PATTERSON",1980-09-30,375910097405802,79,0,c(-97.6849613, 37.9861334),"1980","71-0",-97.6849613,37.9861334,117.7985229,"66-131"
"4222","Harvey",-7.94,"PATTERSON",1980-10-01,375910097405802,79,0,c(-97.6849613, 37.9861334),"1980","71-0",-97.6849613,37.9861334,117.7985229,"66-131"
"4223","Harvey",-2.89,NA,1980-01-01,375448097405501,79,0,c(-97.6848862, 37.9133715),"1980","71-0",-97.6848862,37.9133715,234.268692,"198-262"
"4224","Harvey",-1.75,NA,1980-04-01,375448097405501,79,0,c(-97.6848862, 37.9133715),"1980","71-0",-97.6848862,37.9133715,234.268692,"198-262"
"4225","Harvey",-3.73,NA,1980-07-01,375448097405501,79,0,c(-97.6848862, 37.9133715),"1980","71-0",-97.6848862,37.9133715,234.268692,"198-262"
"4226","Harvey",-5.59,NA,1980-10-01,375448097405501,79,0,c(-97.6848862, 37.9133715),"1980","71-0",-97.6848862,37.9133715,234.268692,"198-262"
"4227","Harvey",-18.9,NA,1980-01-01,375843097363302,79,0,c(-97.6115017, 37.9787363),"1980","71-0",-97.6115017,37.9787363,203.6569672,"198-262"
"4228","Harvey",-19.5,NA,1980-03-01,375843097363302,79,0,c(-97.6115017, 37.9787363),"1980","71-0",-97.6115017,37.9787363,203.6569672,"198-262"
"4229","Harvey",-19.36,NA,1980-04-01,375843097363302,79,0,c(-97.6115017, 37.9787363),"1980","71-0",-97.6115017,37.9787363,203.6569672,"198-262"
"4230","Harvey",-18.85,NA,1980-05-01,375843097363302,79,0,c(-97.6115017, 37.9787363),"1980","71-0",-97.6115017,37.9787363,203.6569672,"198-262"
"4231","Harvey",-18.76,NA,1980-08-01,375843097363302,79,0,c(-97.6115017, 37.9787363),"1980","71-0",-97.6115017,37.9787363,203.6569672,"198-262"
"4232","Harvey",-19.85,NA,1980-09-01,375843097363302,79,0,c(-97.6115017, 37.9787363),"1980","71-0",-97.6115017,37.9787363,203.6569672,"198-262"
"4233","Harvey",-19.47,NA,1980-10-01,375843097363302,79,0,c(-97.6115017, 37.9787363),"1980","71-0",-97.6115017,37.9787363,203.6569672,"198-262"
"4234","Harvey",-19.91,NA,1980-11-01,375843097363302,79,0,c(-97.6115017, 37.9787363),"1980","71-0",-97.6115017,37.9787363,203.6569672,"198-262"
"4235","Harvey",-20.48,NA,1980-12-01,375843097363302,79,0,c(-97.6115017, 37.9787363),"1980","71-0",-97.6115017,37.9787363,203.6569672,"198-262"
"4236","Harvey",-34.91,NA,1980-01-01,375836097334001,79,0,c(-97.5647787, 37.9775591),"1980","71-0",-97.5647787,37.9775591,200.9033356,"198-262"
"4237","Harvey",-36.96,NA,1980-03-01,375836097334001,79,0,c(-97.5647787, 37.9775591),"1980","71-0",-97.5647787,37.9775591,200.9033356,"198-262"
"4238","Harvey",-36,NA,1980-04-01,375836097334001,79,0,c(-97.5647787, 37.9775591),"1980","71-0",-97.5647787,37.9775591,200.9033356,"198-262"
"4239","Harvey",-36.6,NA,1980-05-01,375836097334001,79,0,c(-97.5647787, 37.9775591),"1980","71-0",-97.5647787,37.9775591,200.9033356,"198-262"
"4240","Harvey",-38.22,NA,1980-08-01,375836097334001,79,0,c(-97.5647787, 37.9775591),"1980","71-0",-97.5647787,37.9775591,200.9033356,"198-262"
"4241","Harvey",-41.23,NA,1980-09-01,375836097334001,79,0,c(-97.5647787, 37.9775591),"1980","71-0",-97.5647787,37.9775591,200.9033356,"198-262"
"4242","Harvey",-40.17,NA,1980-10-01,375836097334001,79,0,c(-97.5647787, 37.9775591),"1980","71-0",-97.5647787,37.9775591,200.9033356,"198-262"
"4243","Harvey",-38.76,NA,1980-11-01,375836097334001,79,0,c(-97.5647787, 37.9775591),"1980","71-0",-97.5647787,37.9775591,200.9033356,"198-262"
"4244","Harvey",-38.58,NA,1980-12-01,375836097334001,79,0,c(-97.5647787, 37.9775591),"1980","71-0",-97.5647787,37.9775591,200.9033356,"198-262"
"4245","Harvey",-35.24,NA,1980-01-01,375903097363303,79,0,c(-97.6115108, 37.9841361),"1980","71-0",-97.6115108,37.9841361,206.9248047,"198-262"
"4246","Harvey",-14.19,NA,1980-03-01,375903097363303,79,0,c(-97.6115108, 37.9841361),"1980","71-0",-97.6115108,37.9841361,206.9248047,"198-262"
"4247","Harvey",-39.43,NA,1980-04-01,375903097363303,79,0,c(-97.6115108, 37.9841361),"1980","71-0",-97.6115108,37.9841361,206.9248047,"198-262"
"4248","Harvey",-66.79,NA,1980-05-01,375903097363303,79,0,c(-97.6115108, 37.9841361),"1980","71-0",-97.6115108,37.9841361,206.9248047,"198-262"
"4249","Harvey",-34.89,NA,1980-08-01,375903097363303,79,0,c(-97.6115108, 37.9841361),"1980","71-0",-97.6115108,37.9841361,206.9248047,"198-262"
"4250","Harvey",-74.18,NA,1980-09-01,375903097363303,79,0,c(-97.6115108, 37.9841361),"1980","143-72",-97.6115108,37.9841361,206.9248047,"198-262"
"4251","Harvey",-38.67,NA,1980-10-01,375903097363303,79,0,c(-97.6115108, 37.9841361),"1980","71-0",-97.6115108,37.9841361,206.9248047,"198-262"
"4252","Harvey",-67.01,NA,1980-11-01,375903097363303,79,0,c(-97.6115108, 37.9841361),"1980","71-0",-97.6115108,37.9841361,206.9248047,"198-262"
"4253","Harvey",-66.18,NA,1980-12-01,375903097363303,79,0,c(-97.6115108, 37.9841361),"1980","71-0",-97.6115108,37.9841361,206.9248047,"198-262"
"4254","Harvey",-17.83,NA,1980-01-01,375540097285401,79,0,c(-97.4832383, 37.9277276),"1980","71-0",-97.4832383,37.9277276,151.5662231,"132-197"
"4255","Harvey",-16.69,NA,1980-04-01,375540097285401,79,0,c(-97.4832383, 37.9277276),"1980","71-0",-97.4832383,37.9277276,151.5662231,"132-197"
"4256","Harvey",-16.78,NA,1980-07-01,375540097285401,79,0,c(-97.4832383, 37.9277276),"1980","71-0",-97.4832383,37.9277276,151.5662231,"132-197"
"4257","Harvey",-20.05,NA,1980-10-01,375540097285401,79,0,c(-97.4832383, 37.9277276),"1980","71-0",-97.4832383,37.9277276,151.5662231,"132-197"
"4258","Cloud",-44.7,"Agenda",1980-03-11,393907097293701,29,0,c(-97.4937898, 39.6506998),"1980","71-0",-97.4937898,39.6506998,NA,NA
"4259","Cloud",-44.1,"Agenda",1980-06-05,393907097293701,29,0,c(-97.4937898, 39.6506998),"1980","71-0",-97.4937898,39.6506998,NA,NA
"4260","Cloud",-53.74,"Agenda",1980-09-11,393907097293701,29,0,c(-97.4937898, 39.6506998),"1980","71-0",-97.4937898,39.6506998,NA,NA
"4261","Cloud",-46.05,"Agenda",1980-12-19,393907097293701,29,0,c(-97.4937898, 39.6506998),"1980","71-0",-97.4937898,39.6506998,NA,NA
"4262","Harvey",-8.23,NA,1980-01-01,375447097332201,79,0,c(-97.5588099, 37.9132933),"1980","71-0",-97.5588099,37.9132933,171.2937012,"132-197"
"4263","Harvey",-9.2,NA,1980-04-01,375447097332201,79,0,c(-97.5588099, 37.9132933),"1980","71-0",-97.5588099,37.9132933,171.2937012,"132-197"
"4264","Harvey",-8.06,NA,1980-07-01,375447097332201,79,0,c(-97.5588099, 37.9132933),"1980","71-0",-97.5588099,37.9132933,171.2937012,"132-197"
"4265","Harvey",-10.04,NA,1980-10-01,375447097332201,79,0,c(-97.5588099, 37.9132933),"1980","71-0",-97.5588099,37.9132933,171.2937012,"132-197"
"4266","Harvey",-7.88,"PATTERSON",1980-01-01,375811097415502,79,0,c(-97.7008539, 37.969708),"1980","71-0",-97.7008539,37.969708,177.3470459,"132-197"
"4267","Harvey",-6.2,"PATTERSON",1980-04-01,375811097415502,79,0,c(-97.7008539, 37.969708),"1980","71-0",-97.7008539,37.969708,177.3470459,"132-197"
"4268","Harvey",-7.98,"PATTERSON",1980-06-26,375811097415502,79,0,c(-97.7008539, 37.969708),"1980","71-0",-97.7008539,37.969708,177.3470459,"132-197"
"4269","Harvey",-7.58,"PATTERSON",1980-07-01,375811097415502,79,0,c(-97.7008539, 37.969708),"1980","71-0",-97.7008539,37.969708,177.3470459,"132-197"
"4270","Harvey",-9.94,"PATTERSON",1980-10-01,375811097415502,79,0,c(-97.7008539, 37.969708),"1980","71-0",-97.7008539,37.969708,177.3470459,"132-197"
"4271","Harvey",-10.39,"PATTERSON",1980-10-06,375811097415502,79,0,c(-97.7008539, 37.969708),"1980","71-0",-97.7008539,37.969708,177.3470459,"132-197"
"4272","Harvey",-2.69,NA,1980-01-01,375448097405503,79,0,c(-97.6848862, 37.9133715),"1980","71-0",-97.6848862,37.9133715,234.268692,"198-262"
"4273","Harvey",-1.58,NA,1980-04-01,375448097405503,79,0,c(-97.6848862, 37.9133715),"1980","71-0",-97.6848862,37.9133715,234.268692,"198-262"
"4274","Harvey",-3.57,NA,1980-07-01,375448097405503,79,0,c(-97.6848862, 37.9133715),"1980","71-0",-97.6848862,37.9133715,234.268692,"198-262"
"4275","Harvey",-4.46,NA,1980-10-01,375448097405503,79,0,c(-97.6848862, 37.9133715),"1980","71-0",-97.6848862,37.9133715,234.268692,"198-262"
"4276","Harvey",-8.95,NA,1980-01-01,375903097383701,79,0,c(-97.6459935, 37.9842828),"1980","71-0",-97.6459935,37.9842828,144.5638428,"132-197"
"4277","Harvey",-7.77,NA,1980-04-01,375903097383701,79,0,c(-97.6459935, 37.9842828),"1980","71-0",-97.6459935,37.9842828,144.5638428,"132-197"
"4278","Harvey",-8.59,NA,1980-07-01,375903097383701,79,0,c(-97.6459935, 37.9842828),"1980","71-0",-97.6459935,37.9842828,144.5638428,"132-197"
"4279","Harvey",-10.51,NA,1980-10-01,375903097383701,79,0,c(-97.6459935, 37.9842828),"1980","71-0",-97.6459935,37.9842828,144.5638428,"132-197"
"4280","Harvey",-18.03,NA,1980-01-01,375633097355002,79,0,c(-97.600138, 37.9422662),"1980","71-0",-97.600138,37.9422662,184.8429565,"132-197"
"4281","Harvey",-18.06,NA,1980-03-01,375633097355002,79,0,c(-97.600138, 37.9422662),"1980","71-0",-97.600138,37.9422662,184.8429565,"132-197"
"4282","Harvey",-17.68,NA,1980-04-01,375633097355002,79,0,c(-97.600138, 37.9422662),"1980","71-0",-97.600138,37.9422662,184.8429565,"132-197"
"4283","Harvey",-17.22,NA,1980-05-01,375633097355002,79,0,c(-97.600138, 37.9422662),"1980","71-0",-97.600138,37.9422662,184.8429565,"132-197"
"4284","Harvey",-17.18,NA,1980-08-01,375633097355002,79,0,c(-97.600138, 37.9422662),"1980","71-0",-97.600138,37.9422662,184.8429565,"132-197"
"4285","Harvey",-19.39,NA,1980-09-01,375633097355002,79,0,c(-97.600138, 37.9422662),"1980","71-0",-97.600138,37.9422662,184.8429565,"132-197"
"4286","Harvey",-19.85,NA,1980-10-01,375633097355002,79,0,c(-97.600138, 37.9422662),"1980","71-0",-97.600138,37.9422662,184.8429565,"132-197"
"4287","Harvey",-20.67,NA,1980-11-01,375633097355002,79,0,c(-97.600138, 37.9422662),"1980","71-0",-97.600138,37.9422662,184.8429565,"132-197"
"4288","Harvey",-20.6,NA,1980-12-01,375633097355002,79,0,c(-97.600138, 37.9422662),"1980","71-0",-97.600138,37.9422662,184.8429565,"132-197"
"4289","Harvey",-34,NA,1980-01-01,375807097330301,79,0,c(-97.5530782, 37.9687539),"1980","71-0",-97.5530782,37.9687539,184.97612,"132-197"
"4290","Harvey",-35,NA,1980-03-01,375807097330301,79,0,c(-97.5530782, 37.9687539),"1980","71-0",-97.5530782,37.9687539,184.97612,"132-197"
"4291","Harvey",-34.5,NA,1980-04-01,375807097330301,79,0,c(-97.5530782, 37.9687539),"1980","71-0",-97.5530782,37.9687539,184.97612,"132-197"
"4292","Harvey",-35,NA,1980-05-01,375807097330301,79,0,c(-97.5530782, 37.9687539),"1980","71-0",-97.5530782,37.9687539,184.97612,"132-197"
"4293","Harvey",-36,NA,1980-08-01,375807097330301,79,0,c(-97.5530782, 37.9687539),"1980","71-0",-97.5530782,37.9687539,184.97612,"132-197"
"4294","Harvey",-38.86,NA,1980-09-01,375807097330301,79,0,c(-97.5530782, 37.9687539),"1980","71-0",-97.5530782,37.9687539,184.97612,"132-197"
"4295","Harvey",-38.38,NA,1980-10-01,375807097330301,79,0,c(-97.5530782, 37.9687539),"1980","71-0",-97.5530782,37.9687539,184.97612,"132-197"
"4296","Harvey",-38.02,NA,1980-11-01,375807097330301,79,0,c(-97.5530782, 37.9687539),"1980","71-0",-97.5530782,37.9687539,184.97612,"132-197"
"4297","Harvey",-38.77,NA,1980-12-01,375807097330301,79,0,c(-97.5530782, 37.9687539),"1980","71-0",-97.5530782,37.9687539,184.97612,"132-197"
"4298","Harvey",-42.99,NA,1980-01-01,375843097363303,79,0,c(-97.6115017, 37.9787363),"1980","71-0",-97.6115017,37.9787363,203.6569672,"198-262"
"4299","Harvey",-48.33,NA,1980-03-01,375843097363303,79,0,c(-97.6115017, 37.9787363),"1980","71-0",-97.6115017,37.9787363,203.6569672,"198-262"
"4300","Harvey",-43.14,NA,1980-04-01,375843097363303,79,0,c(-97.6115017, 37.9787363),"1980","71-0",-97.6115017,37.9787363,203.6569672,"198-262"
"4301","Harvey",-47.43,NA,1980-05-01,375843097363303,79,0,c(-97.6115017, 37.9787363),"1980","71-0",-97.6115017,37.9787363,203.6569672,"198-262"
"4302","Harvey",-45.72,NA,1980-08-01,375843097363303,79,0,c(-97.6115017, 37.9787363),"1980","71-0",-97.6115017,37.9787363,203.6569672,"198-262"
"4303","Harvey",-44.67,NA,1980-09-01,375843097363303,79,0,c(-97.6115017, 37.9787363),"1980","71-0",-97.6115017,37.9787363,203.6569672,"198-262"
"4304","Harvey",-51.78,NA,1980-10-01,375843097363303,79,0,c(-97.6115017, 37.9787363),"1980","71-0",-97.6115017,37.9787363,203.6569672,"198-262"
"4305","Harvey",-46.77,NA,1980-11-01,375843097363303,79,0,c(-97.6115017, 37.9787363),"1980","71-0",-97.6115017,37.9787363,203.6569672,"198-262"
"4306","Harvey",-46.78,NA,1980-12-01,375843097363303,79,0,c(-97.6115017, 37.9787363),"1980","71-0",-97.6115017,37.9787363,203.6569672,"198-262"
"4307","Harvey",-17.18,NA,1980-01-01,375724097295101,79,0,c(-97.4995295, 37.9568695),"1980","71-0",-97.4995295,37.9568695,156.0033722,"132-197"
"4308","Harvey",-16.75,NA,1980-04-01,375724097295101,79,0,c(-97.4995295, 37.9568695),"1980","71-0",-97.4995295,37.9568695,156.0033722,"132-197"
"4309","Harvey",-16.31,NA,1980-07-01,375724097295101,79,0,c(-97.4995295, 37.9568695),"1980","71-0",-97.4995295,37.9568695,156.0033722,"132-197"
"4310","Harvey",-19.53,NA,1980-10-01,375724097295101,79,0,c(-97.4995295, 37.9568695),"1980","71-0",-97.4995295,37.9568695,156.0033722,"132-197"
"4311","Harvey",-26.5,NA,1980-01-01,375540097305601,79,0,c(-97.5181285, 37.9274144),"1980","71-0",-97.5181285,37.9274144,168.6437225,"132-197"
"4312","Harvey",-25.5,NA,1980-03-01,375540097305601,79,0,c(-97.5181285, 37.9274144),"1980","71-0",-97.5181285,37.9274144,168.6437225,"132-197"
"4313","Harvey",-26.76,NA,1980-04-01,375540097305601,79,0,c(-97.5181285, 37.9274144),"1980","71-0",-97.5181285,37.9274144,168.6437225,"132-197"
"4314","Harvey",-35.14,NA,1980-05-01,375540097305601,79,0,c(-97.5181285, 37.9274144),"1980","71-0",-97.5181285,37.9274144,168.6437225,"132-197"
"4315","Harvey",-27.85,NA,1980-08-01,375540097305601,79,0,c(-97.5181285, 37.9274144),"1980","71-0",-97.5181285,37.9274144,168.6437225,"132-197"
"4316","Harvey",-28.8,NA,1980-09-01,375540097305601,79,0,c(-97.5181285, 37.9274144),"1980","71-0",-97.5181285,37.9274144,168.6437225,"132-197"
"4317","Harvey",-27.07,NA,1980-10-01,375540097305601,79,0,c(-97.5181285, 37.9274144),"1980","71-0",-97.5181285,37.9274144,168.6437225,"132-197"
"4318","Harvey",-27.73,NA,1980-11-01,375540097305601,79,0,c(-97.5181285, 37.9274144),"1980","71-0",-97.5181285,37.9274144,168.6437225,"132-197"
"4319","Harvey",-47.41,NA,1980-12-01,375540097305601,79,0,c(-97.5181285, 37.9274144),"1980","71-0",-97.5181285,37.9274144,168.6437225,"132-197"
"4320","Harvey",-9.15,"PATTERSON",1980-01-01,375811097415501,79,0,c(-97.7008539, 37.969708),"1980","71-0",-97.7008539,37.969708,177.3470459,"132-197"
"4321","Harvey",-7.14,"PATTERSON",1980-04-01,375811097415501,79,0,c(-97.7008539, 37.969708),"1980","71-0",-97.7008539,37.969708,177.3470459,"132-197"
"4322","Harvey",-8.76,"PATTERSON",1980-06-26,375811097415501,79,0,c(-97.7008539, 37.969708),"1980","71-0",-97.7008539,37.969708,177.3470459,"132-197"
"4323","Harvey",-8.35,"PATTERSON",1980-07-01,375811097415501,79,0,c(-97.7008539, 37.969708),"1980","71-0",-97.7008539,37.969708,177.3470459,"132-197"
"4324","Harvey",-10.54,"PATTERSON",1980-10-01,375811097415501,79,0,c(-97.7008539, 37.969708),"1980","71-0",-97.7008539,37.969708,177.3470459,"132-197"
"4325","Harvey",-11.51,"PATTERSON",1980-10-06,375811097415501,79,0,c(-97.7008539, 37.969708),"1980","71-0",-97.7008539,37.969708,177.3470459,"132-197"
"4326","Harvey",-22.12,NA,1980-01-01,375633097355001,79,0,c(-97.600138, 37.9422662),"1980","71-0",-97.600138,37.9422662,184.8429565,"132-197"
"4327","Harvey",-23.6,NA,1980-03-01,375633097355001,79,0,c(-97.600138, 37.9422662),"1980","71-0",-97.600138,37.9422662,184.8429565,"132-197"
"4328","Harvey",-22.35,NA,1980-04-01,375633097355001,79,0,c(-97.600138, 37.9422662),"1980","71-0",-97.600138,37.9422662,184.8429565,"132-197"
"4329","Harvey",-24.57,NA,1980-05-01,375633097355001,79,0,c(-97.600138, 37.9422662),"1980","71-0",-97.600138,37.9422662,184.8429565,"132-197"
"4330","Harvey",-25.33,NA,1980-08-01,375633097355001,79,0,c(-97.600138, 37.9422662),"1980","71-0",-97.600138,37.9422662,184.8429565,"132-197"
"4331","Harvey",-22.85,NA,1980-09-01,375633097355001,79,0,c(-97.600138, 37.9422662),"1980","71-0",-97.600138,37.9422662,184.8429565,"132-197"
"4332","Harvey",-23.08,NA,1980-10-01,375633097355001,79,0,c(-97.600138, 37.9422662),"1980","71-0",-97.600138,37.9422662,184.8429565,"132-197"
"4333","Harvey",-23.36,NA,1980-11-01,375633097355001,79,0,c(-97.600138, 37.9422662),"1980","71-0",-97.600138,37.9422662,184.8429565,"132-197"
"4334","Harvey",-35.76,NA,1980-12-01,375633097355001,79,0,c(-97.600138, 37.9422662),"1980","71-0",-97.600138,37.9422662,184.8429565,"132-197"
"4335","Harvey",-28.31,NA,1980-01-01,375540097320902,79,0,c(-97.5382372, 37.9277047),"1980","71-0",-97.5382372,37.9277047,187.8276367,"132-197"
"4336","Harvey",-28.17,NA,1980-03-01,375540097320902,79,0,c(-97.5382372, 37.9277047),"1980","71-0",-97.5382372,37.9277047,187.8276367,"132-197"
"4337","Harvey",-28.23,NA,1980-04-01,375540097320902,79,0,c(-97.5382372, 37.9277047),"1980","71-0",-97.5382372,37.9277047,187.8276367,"132-197"
"4338","Harvey",-28.68,NA,1980-05-01,375540097320902,79,0,c(-97.5382372, 37.9277047),"1980","71-0",-97.5382372,37.9277047,187.8276367,"132-197"
"4339","Harvey",-27.29,NA,1980-08-01,375540097320902,79,0,c(-97.5382372, 37.9277047),"1980","71-0",-97.5382372,37.9277047,187.8276367,"132-197"
"4340","Harvey",-30.31,NA,1980-09-01,375540097320902,79,0,c(-97.5382372, 37.9277047),"1980","71-0",-97.5382372,37.9277047,187.8276367,"132-197"
"4341","Harvey",-27.72,NA,1980-10-02,375540097320902,79,0,c(-97.5382372, 37.9277047),"1980","71-0",-97.5382372,37.9277047,187.8276367,"132-197"
"4342","Harvey",-29.77,NA,1980-11-02,375540097320902,79,0,c(-97.5382372, 37.9277047),"1980","71-0",-97.5382372,37.9277047,187.8276367,"132-197"
"4343","Harvey",-29.72,NA,1980-12-02,375540097320902,79,0,c(-97.5382372, 37.9277047),"1980","71-0",-97.5382372,37.9277047,187.8276367,"132-197"
"4344","Harvey",-31.75,NA,1980-01-01,375540097320903,79,0,c(-97.5382372, 37.9277047),"1980","71-0",-97.5382372,37.9277047,187.8276367,"132-197"
"4345","Harvey",-34.17,NA,1980-03-01,375540097320903,79,0,c(-97.5382372, 37.9277047),"1980","71-0",-97.5382372,37.9277047,187.8276367,"132-197"
"4346","Harvey",-34.48,NA,1980-04-01,375540097320903,79,0,c(-97.5382372, 37.9277047),"1980","71-0",-97.5382372,37.9277047,187.8276367,"132-197"
"4347","Harvey",-33.66,NA,1980-05-01,375540097320903,79,0,c(-97.5382372, 37.9277047),"1980","71-0",-97.5382372,37.9277047,187.8276367,"132-197"
"4348","Harvey",-32.98,NA,1980-08-01,375540097320903,79,0,c(-97.5382372, 37.9277047),"1980","71-0",-97.5382372,37.9277047,187.8276367,"132-197"
"4349","Harvey",-37.57,NA,1980-09-01,375540097320903,79,0,c(-97.5382372, 37.9277047),"1980","71-0",-97.5382372,37.9277047,187.8276367,"132-197"
"4350","Harvey",-36.38,NA,1980-10-01,375540097320903,79,0,c(-97.5382372, 37.9277047),"1980","71-0",-97.5382372,37.9277047,187.8276367,"132-197"
"4351","Harvey",-36.48,NA,1980-11-01,375540097320903,79,0,c(-97.5382372, 37.9277047),"1980","71-0",-97.5382372,37.9277047,187.8276367,"132-197"
"4352","Harvey",-32.39,NA,1980-12-01,375540097320903,79,0,c(-97.5382372, 37.9277047),"1980","71-0",-97.5382372,37.9277047,187.8276367,"132-197"
"4353","Harvey",-30.52,NA,1980-01-01,375559097320902,79,0,c(-97.5382623, 37.9331846),"1980","71-0",-97.5382623,37.9331846,185.735611,"132-197"
"4354","Harvey",-50.54,NA,1980-03-01,375559097320902,79,0,c(-97.5382623, 37.9331846),"1980","71-0",-97.5382623,37.9331846,185.735611,"132-197"
"4355","Harvey",-30.53,NA,1980-04-01,375559097320902,79,0,c(-97.5382623, 37.9331846),"1980","71-0",-97.5382623,37.9331846,185.735611,"132-197"
"4356","Harvey",-30.57,NA,1980-05-01,375559097320902,79,0,c(-97.5382623, 37.9331846),"1980","71-0",-97.5382623,37.9331846,185.735611,"132-197"
"4357","Harvey",-30.53,NA,1980-08-01,375559097320902,79,0,c(-97.5382623, 37.9331846),"1980","71-0",-97.5382623,37.9331846,185.735611,"132-197"
"4358","Harvey",-33.04,NA,1980-09-01,375559097320902,79,0,c(-97.5382623, 37.9331846),"1980","71-0",-97.5382623,37.9331846,185.735611,"132-197"
"4359","Harvey",-33.29,NA,1980-10-01,375559097320902,79,0,c(-97.5382623, 37.9331846),"1980","71-0",-97.5382623,37.9331846,185.735611,"132-197"
"4360","Harvey",-33.54,NA,1980-11-01,375559097320902,79,0,c(-97.5382623, 37.9331846),"1980","71-0",-97.5382623,37.9331846,185.735611,"132-197"
"4361","Harvey",-33.49,NA,1980-12-01,375559097320902,79,0,c(-97.5382623, 37.9331846),"1980","71-0",-97.5382623,37.9331846,185.735611,"132-197"
"4362","Pratt",-105.85,"Croft",1980-01-23,373514098560801,151,0,c(-98.938393, 37.5865264),"1980","143-72",-98.938393,37.5865264,102.6534805,"66-131"
"4363","Kingman",-50,"Cunningham",1980-01-24,374309098232301,95,0,c(-98.392286, 37.71805),"1980","71-0",-98.392286,37.71805,93.6089401,"66-131"
"4364","Kingman",-49.71,"Cunningham",1980-03-27,374309098232301,95,0,c(-98.392286, 37.71805),"1980","71-0",-98.392286,37.71805,93.6089401,"66-131"
"4365","Kingman",-48.8,"Cunningham",1980-07-01,374309098232301,95,0,c(-98.392286, 37.71805),"1980","71-0",-98.392286,37.71805,93.6089401,"66-131"
"4366","Kingman",-53.09,"Cunningham",1980-09-17,374309098232301,95,0,c(-98.392286, 37.71805),"1980","71-0",-98.392286,37.71805,93.6089401,"66-131"
"4367","Kingman",-49.39,"Cunningham",1980-12-23,374309098232301,95,0,c(-98.392286, 37.71805),"1980","71-0",-98.392286,37.71805,93.6089401,"66-131"
"4368","Harvey",-32.08,NA,1980-01-01,375633097355003,79,0,c(-97.600138, 37.9422662),"1980","71-0",-97.600138,37.9422662,184.8429565,"132-197"
"4369","Harvey",-31.38,NA,1980-03-01,375633097355003,79,0,c(-97.600138, 37.9422662),"1980","71-0",-97.600138,37.9422662,184.8429565,"132-197"
"4370","Harvey",-31.83,NA,1980-04-01,375633097355003,79,0,c(-97.600138, 37.9422662),"1980","71-0",-97.600138,37.9422662,184.8429565,"132-197"
"4371","Harvey",-31.14,NA,1980-05-01,375633097355003,79,0,c(-97.600138, 37.9422662),"1980","71-0",-97.600138,37.9422662,184.8429565,"132-197"
"4372","Harvey",-29.5,NA,1980-08-01,375633097355003,79,0,c(-97.600138, 37.9422662),"1980","71-0",-97.600138,37.9422662,184.8429565,"132-197"
"4373","Harvey",-28.62,NA,1980-09-01,375633097355003,79,0,c(-97.600138, 37.9422662),"1980","71-0",-97.600138,37.9422662,184.8429565,"132-197"
"4374","Harvey",-26.43,NA,1980-10-01,375633097355003,79,0,c(-97.600138, 37.9422662),"1980","71-0",-97.600138,37.9422662,184.8429565,"132-197"
"4375","Harvey",-27.36,NA,1980-11-01,375633097355003,79,0,c(-97.600138, 37.9422662),"1980","71-0",-97.600138,37.9422662,184.8429565,"132-197"
"4376","Harvey",-30.53,NA,1980-12-01,375633097355003,79,0,c(-97.600138, 37.9422662),"1980","71-0",-97.600138,37.9422662,184.8429565,"132-197"
"4377","Harvey",-14.27,NA,1980-01-01,375718097373801,79,0,c(-97.6299748, 37.9551313),"1980","71-0",-97.6299748,37.9551313,136.7654266,"132-197"
"4378","Harvey",-13.55,NA,1980-04-01,375718097373801,79,0,c(-97.6299748, 37.9551313),"1980","71-0",-97.6299748,37.9551313,136.7654266,"132-197"
"4379","Harvey",-13.35,NA,1980-07-01,375718097373801,79,0,c(-97.6299748, 37.9551313),"1980","71-0",-97.6299748,37.9551313,136.7654266,"132-197"
"4380","Harvey",-15.47,NA,1980-10-01,375718097373801,79,0,c(-97.6299748, 37.9551313),"1980","71-0",-97.6299748,37.9551313,136.7654266,"132-197"
"4381","Harvey",-6.68,"PATTERSON",1980-01-01,375910097405801,79,0,c(-97.6849613, 37.9861334),"1980","71-0",-97.6849613,37.9861334,117.7985229,"66-131"
"4382","Harvey",-4.82,"PATTERSON",1980-04-01,375910097405801,79,0,c(-97.6849613, 37.9861334),"1980","71-0",-97.6849613,37.9861334,117.7985229,"66-131"
"4383","Harvey",-5.94,"PATTERSON",1980-06-26,375910097405801,79,0,c(-97.6849613, 37.9861334),"1980","71-0",-97.6849613,37.9861334,117.7985229,"66-131"
"4384","Harvey",-6.26,"PATTERSON",1980-07-01,375910097405801,79,0,c(-97.6849613, 37.9861334),"1980","71-0",-97.6849613,37.9861334,117.7985229,"66-131"
"4385","Harvey",-8.02,"PATTERSON",1980-09-30,375910097405801,79,0,c(-97.6849613, 37.9861334),"1980","71-0",-97.6849613,37.9861334,117.7985229,"66-131"
"4386","Harvey",-8.25,"PATTERSON",1980-10-01,375910097405801,79,0,c(-97.6849613, 37.9861334),"1980","71-0",-97.6849613,37.9861334,117.7985229,"66-131"
"4387","Pratt",-50.7,"Pratt",1980-01-21,374438098441601,151,0,c(-98.738536, 37.74335),"1980","71-0",-98.738536,37.74335,180.9084473,"132-197"
"4388","Pratt",-50.15,"Pratt",1980-03-21,374438098441601,151,0,c(-98.738536, 37.74335),"1980","71-0",-98.738536,37.74335,180.9084473,"132-197"
"4389","Pratt",-50.95,"Pratt",1980-06-24,374438098441601,151,0,c(-98.738536, 37.74335),"1980","71-0",-98.738536,37.74335,180.9084473,"132-197"
"4390","Pratt",-52.08,"Pratt",1980-09-15,374438098441601,151,0,c(-98.738536, 37.74335),"1980","71-0",-98.738536,37.74335,180.9084473,"132-197"
"4391","Pratt",-34,"Saint Leo",1980-01-23,373728098281801,151,0,c(-98.474024, 37.623518),"1980","71-0",-98.474024,37.623518,120.1827621,"66-131"
"4392","Harvey",-6.08,"PATTERSON",1980-06-25,375639097385301,79,0,c(-97.6483524, 37.9442631),"1980","71-0",-97.6483524,37.9442631,123.7049713,"66-131"
"4393","Harvey",-10.09,"PATTERSON",1980-09-29,375639097385301,79,0,c(-97.6483524, 37.9442631),"1980","71-0",-97.6483524,37.9442631,123.7049713,"66-131"
"4394","Harvey",-28.16,NA,1980-01-01,375633097364003,79,0,c(-97.6139566, 37.942287),"1980","71-0",-97.6139566,37.942287,166.6586304,"132-197"
"4395","Harvey",-27.34,NA,1980-03-01,375633097364003,79,0,c(-97.6139566, 37.942287),"1980","71-0",-97.6139566,37.942287,166.6586304,"132-197"
"4396","Harvey",-28.21,NA,1980-04-01,375633097364003,79,0,c(-97.6139566, 37.942287),"1980","71-0",-97.6139566,37.942287,166.6586304,"132-197"
"4397","Harvey",-26.74,NA,1980-05-01,375633097364003,79,0,c(-97.6139566, 37.942287),"1980","71-0",-97.6139566,37.942287,166.6586304,"132-197"
"4398","Harvey",-26.37,NA,1980-08-01,375633097364003,79,0,c(-97.6139566, 37.942287),"1980","71-0",-97.6139566,37.942287,166.6586304,"132-197"
"4399","Harvey",-21.17,NA,1980-09-01,375633097364003,79,0,c(-97.6139566, 37.942287),"1980","71-0",-97.6139566,37.942287,166.6586304,"132-197"
"4400","Harvey",-27.96,NA,1980-10-01,375633097364003,79,0,c(-97.6139566, 37.942287),"1980","71-0",-97.6139566,37.942287,166.6586304,"132-197"
"4401","Harvey",-29.26,NA,1980-11-01,375633097364003,79,0,c(-97.6139566, 37.942287),"1980","71-0",-97.6139566,37.942287,166.6586304,"132-197"
"4402","Harvey",-32.47,NA,1980-12-01,375633097364003,79,0,c(-97.6139566, 37.942287),"1980","71-0",-97.6139566,37.942287,166.6586304,"132-197"
"4403","Pratt",-2.65,"Pratt",1980-01-23,373907098383801,151,0,c(-98.6422226, 37.6546644),"1980","71-0",-98.6422226,37.6546644,143.4637299,"132-197"
"4404","Stafford",-13.69,"Saint John South",1980-01-22,375428098513101,185,0,c(-98.859397, 37.909058),"1980","71-0",-98.859397,37.909058,133.7401428,"132-197"
"4405","Stafford",-19.4,"Stafford NW",1980-01-01,375433098444601,185,0,c(-98.7459129, 37.9113292),"1980","71-0",-98.7459129,37.9113292,153.1450806,"132-197"
"4406","Stafford",-19.43,"Stafford NW",1980-01-22,375433098444601,185,0,c(-98.7459129, 37.9113292),"1980","71-0",-98.7459129,37.9113292,153.1450806,"132-197"
"4407","Stafford",-17.93,"Stafford NW",1980-04-10,375433098444601,185,0,c(-98.7459129, 37.9113292),"1980","71-0",-98.7459129,37.9113292,153.1450806,"132-197"
"4408","Stafford",-17.71,"Stafford NW",1980-06-23,375433098444601,185,0,c(-98.7459129, 37.9113292),"1980","71-0",-98.7459129,37.9113292,153.1450806,"132-197"
"4409","Stafford",-21.1,"Stafford NW",1980-09-18,375433098444601,185,0,c(-98.7459129, 37.9113292),"1980","71-0",-98.7459129,37.9113292,153.1450806,"132-197"
"4410","Stafford",-14.76,"TTuron",1980-01-24,375112098293101,185,0,c(-98.490947, 37.853626),"1980","71-0",-98.490947,37.853626,131.0072021,"66-131"
"4411","Stafford",-13.9,"TTuron",1980-03-27,375112098293101,185,0,c(-98.490947, 37.853626),"1980","71-0",-98.490947,37.853626,131.0072021,"66-131"
"4412","Stafford",-11.98,"TTuron",1980-06-26,375112098293101,185,0,c(-98.490947, 37.853626),"1980","71-0",-98.490947,37.853626,131.0072021,"66-131"
"4413","Stafford",-13.92,"TTuron",1980-09-17,375112098293101,185,0,c(-98.490947, 37.853626),"1980","71-0",-98.490947,37.853626,131.0072021,"66-131"
"4414","Harvey",-32,NA,1980-01-01,375817097321001,79,0,c(-97.5383784, 37.9708603),"1980","71-0",-97.5383784,37.9708603,179.8847504,"132-197"
"4415","Harvey",-34,NA,1980-03-01,375817097321001,79,0,c(-97.5383784, 37.9708603),"1980","71-0",-97.5383784,37.9708603,179.8847504,"132-197"
"4416","Harvey",-29,NA,1980-04-01,375817097321001,79,0,c(-97.5383784, 37.9708603),"1980","71-0",-97.5383784,37.9708603,179.8847504,"132-197"
"4417","Harvey",-28.5,NA,1980-05-01,375817097321001,79,0,c(-97.5383784, 37.9708603),"1980","71-0",-97.5383784,37.9708603,179.8847504,"132-197"
"4418","Harvey",-30,NA,1980-08-01,375817097321001,79,0,c(-97.5383784, 37.9708603),"1980","71-0",-97.5383784,37.9708603,179.8847504,"132-197"
"4419","Harvey",-38.39,NA,1980-09-01,375817097321001,79,0,c(-97.5383784, 37.9708603),"1980","71-0",-97.5383784,37.9708603,179.8847504,"132-197"
"4420","Harvey",-36.79,NA,1980-10-01,375817097321001,79,0,c(-97.5383784, 37.9708603),"1980","71-0",-97.5383784,37.9708603,179.8847504,"132-197"
"4421","Harvey",-35.06,NA,1980-11-01,375817097321001,79,0,c(-97.5383784, 37.9708603),"1980","71-0",-97.5383784,37.9708603,179.8847504,"132-197"
"4422","Harvey",-69.26,NA,1980-12-01,375817097321001,79,0,c(-97.5383784, 37.9708603),"1980","71-0",-97.5383784,37.9708603,179.8847504,"132-197"
"4423","Rice",-12.86,"Lyons SE",1980-01-21,381530098053501,159,0,c(-98.0921773, 38.2575325),"1980","71-0",-98.0921773,38.2575325,56.6555443,"0-65"
"4424","Reno",-3.85,"PATTERSON",1980-01-01,375728097425701,155,0,c(-97.7191949, 37.9570783),"1980","71-0",-97.7191949,37.9570783,225.924469,"198-262"
"4425","Reno",-1.75,"PATTERSON",1980-04-01,375728097425701,155,0,c(-97.7191949, 37.9570783),"1980","71-0",-97.7191949,37.9570783,225.924469,"198-262"
"4426","Reno",-1.85,"PATTERSON",1980-06-26,375728097425701,155,0,c(-97.7191949, 37.9570783),"1980","71-0",-97.7191949,37.9570783,225.924469,"198-262"
"4427","Reno",-3.75,"PATTERSON",1980-07-01,375728097425701,155,0,c(-97.7191949, 37.9570783),"1980","71-0",-97.7191949,37.9570783,225.924469,"198-262"
"4428","Reno",-5.91,"PATTERSON",1980-10-01,375728097425701,155,0,c(-97.7191949, 37.9570783),"1980","71-0",-97.7191949,37.9570783,225.924469,"198-262"
"4429","Reno",-4.16,"PATTERSON",1980-10-06,375728097425701,155,0,c(-97.7191949, 37.9570783),"1980","71-0",-97.7191949,37.9570783,225.924469,"198-262"
"4430","Pratt",-12.9,NA,1980-01-21,374657098595101,151,0,c(-99.0000911, 37.7814314),"1980","71-0",-99.0000911,37.7814314,227.2196045,"198-262"
"4431","Pratt",-99.7,"COATS",1980-01-22,373107098521801,151,0,c(-98.8707687, 37.5178214),"1980","143-72",-98.8707687,37.5178214,108.0994644,"66-131"
"4432","Harvey",-8.79,NA,1980-01-01,375540097344401,79,0,c(-97.5818338, 37.9278297),"1980","71-0",-97.5818338,37.9278297,189.5430756,"132-197"
"4433","Harvey",-8.13,NA,1980-04-01,375540097344401,79,0,c(-97.5818338, 37.9278297),"1980","71-0",-97.5818338,37.9278297,189.5430756,"132-197"
"4434","Harvey",-7.42,NA,1980-07-01,375540097344401,79,0,c(-97.5818338, 37.9278297),"1980","71-0",-97.5818338,37.9278297,189.5430756,"132-197"
"4435","Harvey",-8.39,NA,1980-10-01,375540097344401,79,0,c(-97.5818338, 37.9278297),"1980","71-0",-97.5818338,37.9278297,189.5430756,"132-197"
"4436","Harvey",-29.11,NA,1980-01-01,375625097310402,79,0,c(-97.5198907, 37.9405778),"1980","71-0",-97.5198907,37.9405778,170.342453,"132-197"
"4437","Harvey",-29.13,NA,1980-03-01,375625097310402,79,0,c(-97.5198907, 37.9405778),"1980","71-0",-97.5198907,37.9405778,170.342453,"132-197"
"4438","Harvey",-28.89,NA,1980-04-01,375625097310402,79,0,c(-97.5198907, 37.9405778),"1980","71-0",-97.5198907,37.9405778,170.342453,"132-197"
"4439","Harvey",-28.49,NA,1980-05-01,375625097310402,79,0,c(-97.5198907, 37.9405778),"1980","71-0",-97.5198907,37.9405778,170.342453,"132-197"
"4440","Harvey",-32.26,NA,1980-08-01,375625097310402,79,0,c(-97.5198907, 37.9405778),"1980","71-0",-97.5198907,37.9405778,170.342453,"132-197"
"4441","Harvey",-32.2,NA,1980-09-01,375625097310402,79,0,c(-97.5198907, 37.9405778),"1980","71-0",-97.5198907,37.9405778,170.342453,"132-197"
"4442","Harvey",-33.1,NA,1980-10-01,375625097310402,79,0,c(-97.5198907, 37.9405778),"1980","71-0",-97.5198907,37.9405778,170.342453,"132-197"
"4443","Harvey",-32.42,NA,1980-11-01,375625097310402,79,0,c(-97.5198907, 37.9405778),"1980","71-0",-97.5198907,37.9405778,170.342453,"132-197"
"4444","Harvey",-32.39,NA,1980-12-01,375625097310402,79,0,c(-97.5198907, 37.9405778),"1980","71-0",-97.5198907,37.9405778,170.342453,"132-197"
"4445","Harvey",-33.06,NA,1980-01-01,375625097305602,79,0,c(-97.5175977, 37.9405818),"1980","71-0",-97.5175977,37.9405818,167.4921112,"132-197"
"4446","Harvey",-32.53,NA,1980-04-01,375625097305602,79,0,c(-97.5175977, 37.9405818),"1980","71-0",-97.5175977,37.9405818,167.4921112,"132-197"
"4447","Harvey",-33.22,NA,1980-07-01,375625097305602,79,0,c(-97.5175977, 37.9405818),"1980","71-0",-97.5175977,37.9405818,167.4921112,"132-197"
"4448","Harvey",-33.22,NA,1980-07-10,375625097305602,79,0,c(-97.5175977, 37.9405818),"1980","71-0",-97.5175977,37.9405818,167.4921112,"132-197"
"4449","Harvey",-36.01,NA,1980-10-01,375625097305602,79,0,c(-97.5175977, 37.9405818),"1980","71-0",-97.5175977,37.9405818,167.4921112,"132-197"
"4450","Harvey",-23.58,NA,1980-01-01,375513097295902,79,0,c(-97.5016194, 37.9204964),"1980","71-0",-97.5016194,37.9204964,165.5948944,"132-197"
"4451","Harvey",-22.88,NA,1980-03-01,375513097295902,79,0,c(-97.5016194, 37.9204964),"1980","71-0",-97.5016194,37.9204964,165.5948944,"132-197"
"4452","Harvey",-22.54,NA,1980-04-01,375513097295902,79,0,c(-97.5016194, 37.9204964),"1980","71-0",-97.5016194,37.9204964,165.5948944,"132-197"
"4453","Harvey",-21.58,NA,1980-05-01,375513097295902,79,0,c(-97.5016194, 37.9204964),"1980","71-0",-97.5016194,37.9204964,165.5948944,"132-197"
"4454","Harvey",-21.39,NA,1980-08-01,375513097295902,79,0,c(-97.5016194, 37.9204964),"1980","71-0",-97.5016194,37.9204964,165.5948944,"132-197"
"4455","Harvey",-23.73,NA,1980-09-01,375513097295902,79,0,c(-97.5016194, 37.9204964),"1980","71-0",-97.5016194,37.9204964,165.5948944,"132-197"
"4456","Harvey",-24.25,NA,1980-10-01,375513097295902,79,0,c(-97.5016194, 37.9204964),"1980","71-0",-97.5016194,37.9204964,165.5948944,"132-197"
"4457","Harvey",-25.01,NA,1980-12-01,375513097295902,79,0,c(-97.5016194, 37.9204964),"1980","71-0",-97.5016194,37.9204964,165.5948944,"132-197"
"4458","Harvey",-25.13,NA,1980-01-01,375533097295901,79,0,c(-97.5016667, 37.9259677),"1980","71-0",-97.5016667,37.9259677,165.1775055,"132-197"
"4459","Harvey",-24.26,NA,1980-04-01,375533097295901,79,0,c(-97.5016667, 37.9259677),"1980","71-0",-97.5016667,37.9259677,165.1775055,"132-197"
"4460","Harvey",-23.58,NA,1980-07-01,375533097295901,79,0,c(-97.5016667, 37.9259677),"1980","71-0",-97.5016667,37.9259677,165.1775055,"132-197"
"4461","Harvey",-26.05,NA,1980-10-01,375533097295901,79,0,c(-97.5016667, 37.9259677),"1980","71-0",-97.5016667,37.9259677,165.1775055,"132-197"
"4462","Harvey",-32.51,NA,1980-01-01,375559097320901,79,0,c(-97.5379216, 37.9334006),"1980","71-0",-97.5379216,37.9334006,185.735611,"132-197"
"4463","Harvey",-33.62,NA,1980-03-01,375559097320901,79,0,c(-97.5379216, 37.9334006),"1980","71-0",-97.5379216,37.9334006,185.735611,"132-197"
"4464","Harvey",-33.52,NA,1980-04-01,375559097320901,79,0,c(-97.5379216, 37.9334006),"1980","71-0",-97.5379216,37.9334006,185.735611,"132-197"
"4465","Harvey",-90.88,NA,1980-05-01,375559097320901,79,0,c(-97.5379216, 37.9334006),"1980","143-72",-97.5379216,37.9334006,185.735611,"132-197"
"4466","Harvey",-40.5,NA,1980-08-01,375559097320901,79,0,c(-97.5379216, 37.9334006),"1980","71-0",-97.5379216,37.9334006,185.735611,"132-197"
"4467","Harvey",-91.95,NA,1980-09-01,375559097320901,79,0,c(-97.5379216, 37.9334006),"1980","143-72",-97.5379216,37.9334006,185.735611,"132-197"
"4468","Harvey",-41.69,NA,1980-10-01,375559097320901,79,0,c(-97.5379216, 37.9334006),"1980","71-0",-97.5379216,37.9334006,185.735611,"132-197"
"4469","Harvey",-92.73,NA,1980-11-01,375559097320901,79,0,c(-97.5379216, 37.9334006),"1980","143-72",-97.5379216,37.9334006,185.735611,"132-197"
"4470","Harvey",-88.53,NA,1980-12-01,375559097320901,79,0,c(-97.5379216, 37.9334006),"1980","143-72",-97.5379216,37.9334006,185.735611,"132-197"
"4471","Harvey",-31.88,NA,1980-01-01,375843097341301,79,0,c(-97.5735468, 37.9785086),"1980","71-0",-97.5735468,37.9785086,209.1830292,"198-262"
"4472","Harvey",-31.88,NA,1980-03-01,375843097341301,79,0,c(-97.5735468, 37.9785086),"1980","71-0",-97.5735468,37.9785086,209.1830292,"198-262"
"4473","Harvey",-31.88,NA,1980-04-01,375843097341301,79,0,c(-97.5735468, 37.9785086),"1980","71-0",-97.5735468,37.9785086,209.1830292,"198-262"
"4474","Harvey",-31.88,NA,1980-05-01,375843097341301,79,0,c(-97.5735468, 37.9785086),"1980","71-0",-97.5735468,37.9785086,209.1830292,"198-262"
"4475","Harvey",-34.38,NA,1980-08-01,375843097341301,79,0,c(-97.5735468, 37.9785086),"1980","71-0",-97.5735468,37.9785086,209.1830292,"198-262"
"4476","Harvey",-60.8,NA,1980-09-01,375843097341301,79,0,c(-97.5735468, 37.9785086),"1980","71-0",-97.5735468,37.9785086,209.1830292,"198-262"
"4477","Harvey",-35.54,NA,1980-10-01,375843097341301,79,0,c(-97.5735468, 37.9785086),"1980","71-0",-97.5735468,37.9785086,209.1830292,"198-262"
"4478","Harvey",-34.36,NA,1980-11-01,375843097341301,79,0,c(-97.5735468, 37.9785086),"1980","71-0",-97.5735468,37.9785086,209.1830292,"198-262"
"4479","Harvey",-33.98,NA,1980-12-01,375843097341301,79,0,c(-97.5735468, 37.9785086),"1980","71-0",-97.5735468,37.9785086,209.1830292,"198-262"
"4480","Pratt",-89.6,NA,1980-01-23,373140098410701,151,0,c(-98.6851471, 37.5281314),"1980","143-72",-98.6851471,37.5281314,133.6733093,"132-197"
"4481","Pratt",-89.83,NA,1980-03-21,373140098410701,151,0,c(-98.6851471, 37.5281314),"1980","143-72",-98.6851471,37.5281314,133.6733093,"132-197"
"4482","Pratt",-89.84,NA,1980-06-23,373140098410701,151,0,c(-98.6851471, 37.5281314),"1980","143-72",-98.6851471,37.5281314,133.6733093,"132-197"
"4483","Harvey",-33.27,NA,1980-01-01,375836097334002,79,0,c(-97.5635115, 37.9769414),"1980","71-0",-97.5635115,37.9769414,200.9033356,"198-262"
"4484","Harvey",-32.97,NA,1980-03-01,375836097334002,79,0,c(-97.5635115, 37.9769414),"1980","71-0",-97.5635115,37.9769414,200.9033356,"198-262"
"4485","Harvey",-32.94,NA,1980-04-01,375836097334002,79,0,c(-97.5635115, 37.9769414),"1980","71-0",-97.5635115,37.9769414,200.9033356,"198-262"
"4486","Harvey",-33.03,NA,1980-05-01,375836097334002,79,0,c(-97.5635115, 37.9769414),"1980","71-0",-97.5635115,37.9769414,200.9033356,"198-262"
"4487","Harvey",-33.08,NA,1980-08-01,375836097334002,79,0,c(-97.5635115, 37.9769414),"1980","71-0",-97.5635115,37.9769414,200.9033356,"198-262"
"4488","Harvey",-35.81,NA,1980-09-01,375836097334002,79,0,c(-97.5635115, 37.9769414),"1980","71-0",-97.5635115,37.9769414,200.9033356,"198-262"
"4489","Harvey",-35.5,NA,1980-10-01,375836097334002,79,0,c(-97.5635115, 37.9769414),"1980","71-0",-97.5635115,37.9769414,200.9033356,"198-262"
"4490","Harvey",-34.83,NA,1980-11-01,375836097334002,79,0,c(-97.5635115, 37.9769414),"1980","71-0",-97.5635115,37.9769414,200.9033356,"198-262"
"4491","Harvey",-34.34,NA,1980-12-01,375836097334002,79,0,c(-97.5635115, 37.9769414),"1980","71-0",-97.5635115,37.9769414,200.9033356,"198-262"
"4492","Pratt",-45.75,"Cunningham",1980-01-22,374230098285101,151,0,c(-98.4818714, 37.7079766),"1980","71-0",-98.4818714,37.7079766,128.8691101,"66-131"
"4493","Harvey",-4.11,NA,1980-01-01,380146097305701,79,0,c(-97.5173869, 38.0294556),"1980","71-0",-97.5173869,38.0294556,146.4526367,"132-197"
"4494","Harvey",-8.29,NA,1980-04-01,380146097305701,79,0,c(-97.5173869, 38.0294556),"1980","71-0",-97.5173869,38.0294556,146.4526367,"132-197"
"4495","Harvey",-5.77,NA,1980-07-01,380146097305701,79,0,c(-97.5173869, 38.0294556),"1980","71-0",-97.5173869,38.0294556,146.4526367,"132-197"
"4496","Harvey",-8.96,NA,1980-10-01,380146097305701,79,0,c(-97.5173869, 38.0294556),"1980","71-0",-97.5173869,38.0294556,146.4526367,"132-197"
"4497","Harvey",-27.72,NA,1980-01-01,380146097352001,79,0,c(-97.590798, 38.0295866),"1980","71-0",-97.590798,38.0295866,212.8976746,"198-262"
"4498","Harvey",-25.74,NA,1980-04-01,380146097352001,79,0,c(-97.590798, 38.0295866),"1980","71-0",-97.590798,38.0295866,212.8976746,"198-262"
"4499","Harvey",-29.87,NA,1980-07-01,380146097352001,79,0,c(-97.590798, 38.0295866),"1980","71-0",-97.590798,38.0295866,212.8976746,"198-262"
"4500","Harvey",-34.17,NA,1980-10-01,380146097352001,79,0,c(-97.590798, 38.0295866),"1980","71-0",-97.590798,38.0295866,212.8976746,"198-262"
"4501","Harvey",-46.99,NA,1980-01-01,380001097342102,79,0,c(-97.5748567, 38.0004401),"1980","71-0",-97.5748567,38.0004401,206.3803253,"198-262"
"4502","Harvey",-45.75,NA,1980-04-01,380001097342102,79,0,c(-97.5748567, 38.0004401),"1980","71-0",-97.5748567,38.0004401,206.3803253,"198-262"
"4503","Harvey",-51.63,NA,1980-07-01,380001097342102,79,0,c(-97.5748567, 38.0004401),"1980","71-0",-97.5748567,38.0004401,206.3803253,"198-262"
"4504","Harvey",-53.89,NA,1980-10-01,380001097342102,79,0,c(-97.5748567, 38.0004401),"1980","71-0",-97.5748567,38.0004401,206.3803253,"198-262"
"4505","Pratt",-43.83,"Cairo",1980-03-21,374403098372302,151,0,c(-98.6216755, 37.7336273),"1980","71-0",-98.6216755,37.7336273,175.0185394,"132-197"
"4506","Pratt",-41.95,"Cairo",1980-06-23,374403098372302,151,0,c(-98.6216755, 37.7336273),"1980","71-0",-98.6216755,37.7336273,175.0185394,"132-197"
"4507","Pratt",-43.92,"Cairo",1980-09-15,374403098372302,151,0,c(-98.6216755, 37.7336273),"1980","71-0",-98.6216755,37.7336273,175.0185394,"132-197"
"4508","Pratt",-21.95,"Stafford SW",1980-01-21,374703098442401,151,0,c(-98.739751, 37.784317),"1980","71-0",-98.739751,37.784317,141.9378357,"132-197"
"4509","Harvey",-23.96,NA,1980-01-01,375744097321001,79,0,c(-97.5378475, 37.9625737),"1980","71-0",-97.5378475,37.9625737,179.4243927,"132-197"
"4510","Harvey",-26.46,NA,1980-03-01,375744097321001,79,0,c(-97.5378475, 37.9625737),"1980","71-0",-97.5378475,37.9625737,179.4243927,"132-197"
"4511","Harvey",-25.46,NA,1980-04-01,375744097321001,79,0,c(-97.5378475, 37.9625737),"1980","71-0",-97.5378475,37.9625737,179.4243927,"132-197"
"4512","Harvey",-23.46,NA,1980-05-01,375744097321001,79,0,c(-97.5378475, 37.9625737),"1980","71-0",-97.5378475,37.9625737,179.4243927,"132-197"
"4513","Harvey",-33.96,NA,1980-08-01,375744097321001,79,0,c(-97.5378475, 37.9625737),"1980","71-0",-97.5378475,37.9625737,179.4243927,"132-197"
"4514","Harvey",-65.84,NA,1980-09-01,375744097321001,79,0,c(-97.5378475, 37.9625737),"1980","71-0",-97.5378475,37.9625737,179.4243927,"132-197"
"4515","Harvey",-24.93,NA,1980-10-01,375744097321001,79,0,c(-97.5378475, 37.9625737),"1980","71-0",-97.5378475,37.9625737,179.4243927,"132-197"
"4516","Harvey",-28.58,NA,1980-11-01,375744097321001,79,0,c(-97.5378475, 37.9625737),"1980","71-0",-97.5378475,37.9625737,179.4243927,"132-197"
"4517","Harvey",-27.82,NA,1980-12-01,375744097321001,79,0,c(-97.5378475, 37.9625737),"1980","71-0",-97.5378475,37.9625737,179.4243927,"132-197"
"4518","Harvey",-31.49,NA,1980-01-01,375750097330701,79,0,c(-97.5542404, 37.9641788),"1980","71-0",-97.5542404,37.9641788,190.7983246,"132-197"
"4519","Harvey",-33.02,NA,1980-03-01,375750097330701,79,0,c(-97.5542404, 37.9641788),"1980","71-0",-97.5542404,37.9641788,190.7983246,"132-197"
"4520","Harvey",-33.45,NA,1980-04-01,375750097330701,79,0,c(-97.5542404, 37.9641788),"1980","71-0",-97.5542404,37.9641788,190.7983246,"132-197"
"4521","Harvey",-31.75,NA,1980-05-01,375750097330701,79,0,c(-97.5542404, 37.9641788),"1980","71-0",-97.5542404,37.9641788,190.7983246,"132-197"
"4522","Harvey",-31.19,NA,1980-08-01,375750097330701,79,0,c(-97.5542404, 37.9641788),"1980","71-0",-97.5542404,37.9641788,190.7983246,"132-197"
"4523","Harvey",-39.25,NA,1980-09-01,375750097330701,79,0,c(-97.5542404, 37.9641788),"1980","71-0",-97.5542404,37.9641788,190.7983246,"132-197"
"4524","Harvey",-35.31,NA,1980-10-01,375750097330701,79,0,c(-97.5542404, 37.9641788),"1980","71-0",-97.5542404,37.9641788,190.7983246,"132-197"
"4525","Harvey",-35.88,NA,1980-11-01,375750097330701,79,0,c(-97.5542404, 37.9641788),"1980","71-0",-97.5542404,37.9641788,190.7983246,"132-197"
"4526","Harvey",-36.32,NA,1980-12-01,375750097330701,79,0,c(-97.5542404, 37.9641788),"1980","71-0",-97.5542404,37.9641788,190.7983246,"132-197"
"4527","Harvey",-25.5,NA,1980-01-01,375513097295901,79,0,c(-97.5010599, 37.9201444),"1980","71-0",-97.5010599,37.9201444,164.0873108,"132-197"
"4528","Harvey",-24,NA,1980-03-01,375513097295901,79,0,c(-97.5010599, 37.9201444),"1980","71-0",-97.5010599,37.9201444,164.0873108,"132-197"
"4529","Harvey",-23.9,NA,1980-04-01,375513097295901,79,0,c(-97.5010599, 37.9201444),"1980","71-0",-97.5010599,37.9201444,164.0873108,"132-197"
"4530","Harvey",-22.01,NA,1980-05-01,375513097295901,79,0,c(-97.5010599, 37.9201444),"1980","71-0",-97.5010599,37.9201444,164.0873108,"132-197"
"4531","Harvey",-23.81,NA,1980-08-01,375513097295901,79,0,c(-97.5010599, 37.9201444),"1980","71-0",-97.5010599,37.9201444,164.0873108,"132-197"
"4532","Harvey",-26.56,NA,1980-09-01,375513097295901,79,0,c(-97.5010599, 37.9201444),"1980","71-0",-97.5010599,37.9201444,164.0873108,"132-197"
"4533","Harvey",-26.31,NA,1980-10-01,375513097295901,79,0,c(-97.5010599, 37.9201444),"1980","71-0",-97.5010599,37.9201444,164.0873108,"132-197"
"4534","Harvey",-70.46,NA,1980-12-01,375513097295901,79,0,c(-97.5010599, 37.9201444),"1980","71-0",-97.5010599,37.9201444,164.0873108,"132-197"
"4535","Harvey",-46.44,NA,1980-01-01,375559097320903,79,0,c(-97.5382623, 37.9331846),"1980","71-0",-97.5382623,37.9331846,185.735611,"132-197"
"4536","Harvey",-30.59,NA,1980-03-01,375559097320903,79,0,c(-97.5382623, 37.9331846),"1980","71-0",-97.5382623,37.9331846,185.735611,"132-197"
"4537","Harvey",-47.67,NA,1980-04-01,375559097320903,79,0,c(-97.5382623, 37.9331846),"1980","71-0",-97.5382623,37.9331846,185.735611,"132-197"
"4538","Harvey",-56.07,NA,1980-05-01,375559097320903,79,0,c(-97.5382623, 37.9331846),"1980","71-0",-97.5382623,37.9331846,185.735611,"132-197"
"4539","Harvey",-57.2,NA,1980-08-01,375559097320903,79,0,c(-97.5382623, 37.9331846),"1980","71-0",-97.5382623,37.9331846,185.735611,"132-197"
"4540","Harvey",-62.52,NA,1980-09-01,375559097320903,79,0,c(-97.5382623, 37.9331846),"1980","71-0",-97.5382623,37.9331846,185.735611,"132-197"
"4541","Harvey",-53.66,NA,1980-10-01,375559097320903,79,0,c(-97.5382623, 37.9331846),"1980","71-0",-97.5382623,37.9331846,185.735611,"132-197"
"4542","Harvey",-57.36,NA,1980-11-01,375559097320903,79,0,c(-97.5382623, 37.9331846),"1980","71-0",-97.5382623,37.9331846,185.735611,"132-197"
"4543","Harvey",-49.06,NA,1980-12-01,375559097320903,79,0,c(-97.5382623, 37.9331846),"1980","71-0",-97.5382623,37.9331846,185.735611,"132-197"
"4544","Pratt",-66.6,"Pratt SE",1980-01-01,373041098372501,151,0,c(-98.624282, 37.512113),"1980","71-0",-98.624282,37.512113,150.9859772,"132-197"
"4545","Pratt",-66.64,"Pratt SE",1980-01-23,373041098372501,151,0,c(-98.624282, 37.512113),"1980","71-0",-98.624282,37.512113,150.9859772,"132-197"
"4546","Pratt",-54.2,"Pratt SE",1980-01-23,373213098311301,151,0,c(-98.5221293, 37.5361573),"1980","71-0",-98.5221293,37.5361573,123.8476105,"66-131"
"4547","Pratt",-27.75,NA,1980-01-22,374841098355201,151,0,c(-98.5976442, 37.8104679),"1980","71-0",-98.5976442,37.8104679,164.769516,"132-197"
"4548","Harvey",-34.59,NA,1980-01-01,375935097342102,79,0,c(-97.5749535, 37.9932177),"1980","71-0",-97.5749535,37.9932177,208.1937408,"198-262"
"4549","Harvey",-34.06,NA,1980-03-01,375935097342102,79,0,c(-97.5749535, 37.9932177),"1980","71-0",-97.5749535,37.9932177,208.1937408,"198-262"
"4550","Harvey",-34,NA,1980-04-01,375935097342102,79,0,c(-97.5749535, 37.9932177),"1980","71-0",-97.5749535,37.9932177,208.1937408,"198-262"
"4551","Harvey",-34.34,NA,1980-05-01,375935097342102,79,0,c(-97.5749535, 37.9932177),"1980","71-0",-97.5749535,37.9932177,208.1937408,"198-262"
"4552","Harvey",-34.2,NA,1980-08-01,375935097342102,79,0,c(-97.5749535, 37.9932177),"1980","71-0",-97.5749535,37.9932177,208.1937408,"198-262"
"4553","Harvey",-37.11,NA,1980-09-01,375935097342102,79,0,c(-97.5749535, 37.9932177),"1980","71-0",-97.5749535,37.9932177,208.1937408,"198-262"
"4554","Harvey",-27.29,NA,1980-10-01,375935097342102,79,0,c(-97.5749535, 37.9932177),"1980","71-0",-97.5749535,37.9932177,208.1937408,"198-262"
"4555","Harvey",-37.44,NA,1980-11-01,375935097342102,79,0,c(-97.5749535, 37.9932177),"1980","71-0",-97.5749535,37.9932177,208.1937408,"198-262"
"4556","Harvey",-37.11,NA,1980-12-01,375935097342102,79,0,c(-97.5749535, 37.9932177),"1980","71-0",-97.5749535,37.9932177,208.1937408,"198-262"
"4557","Harvey",-46.75,NA,1980-01-01,375935097342103,79,0,c(-97.5749535, 37.9932177),"1980","71-0",-97.5749535,37.9932177,208.1937408,"198-262"
"4558","Harvey",-46.89,NA,1980-03-01,375935097342103,79,0,c(-97.5749535, 37.9932177),"1980","71-0",-97.5749535,37.9932177,208.1937408,"198-262"
"4559","Harvey",-45.55,NA,1980-04-01,375935097342103,79,0,c(-97.5749535, 37.9932177),"1980","71-0",-97.5749535,37.9932177,208.1937408,"198-262"
"4560","Harvey",-46.77,NA,1980-05-01,375935097342103,79,0,c(-97.5749535, 37.9932177),"1980","71-0",-97.5749535,37.9932177,208.1937408,"198-262"
"4561","Harvey",-42.76,NA,1980-08-01,375935097342103,79,0,c(-97.5749535, 37.9932177),"1980","71-0",-97.5749535,37.9932177,208.1937408,"198-262"
"4562","Harvey",-52.34,NA,1980-09-01,375935097342103,79,0,c(-97.5749535, 37.9932177),"1980","71-0",-97.5749535,37.9932177,208.1937408,"198-262"
"4563","Harvey",-39.57,NA,1980-10-01,375935097342103,79,0,c(-97.5749535, 37.9932177),"1980","71-0",-97.5749535,37.9932177,208.1937408,"198-262"
"4564","Harvey",-45.92,NA,1980-11-01,375935097342103,79,0,c(-97.5749535, 37.9932177),"1980","71-0",-97.5749535,37.9932177,208.1937408,"198-262"
"4565","Harvey",-47.88,NA,1980-12-01,375935097342103,79,0,c(-97.5749535, 37.9932177),"1980","71-0",-97.5749535,37.9932177,208.1937408,"198-262"
"4566","Harvey",-7.83,NA,1980-01-01,375639097384402,79,0,c(-97.6483524, 37.9442631),"1980","71-0",-97.6483524,37.9442631,123.7049713,"66-131"
"4567","Harvey",-5.21,NA,1980-04-01,375639097384402,79,0,c(-97.6483524, 37.9442631),"1980","71-0",-97.6483524,37.9442631,123.7049713,"66-131"
"4568","Harvey",-6.51,NA,1980-07-01,375639097384402,79,0,c(-97.6483524, 37.9442631),"1980","71-0",-97.6483524,37.9442631,123.7049713,"66-131"
"4569","Harvey",-10.48,NA,1980-10-01,375639097384402,79,0,c(-97.6483524, 37.9442631),"1980","71-0",-97.6483524,37.9442631,123.7049713,"66-131"
"4570","Harvey",-15.68,NA,1980-01-01,375903097363302,79,0,c(-97.6115108, 37.9841361),"1980","71-0",-97.6115108,37.9841361,206.9248047,"198-262"
"4571","Harvey",-37.3,NA,1980-03-01,375903097363302,79,0,c(-97.6115108, 37.9841361),"1980","71-0",-97.6115108,37.9841361,206.9248047,"198-262"
"4572","Harvey",-15.55,NA,1980-04-01,375903097363302,79,0,c(-97.6115108, 37.9841361),"1980","71-0",-97.6115108,37.9841361,206.9248047,"198-262"
"4573","Harvey",-15.19,NA,1980-05-01,375903097363302,79,0,c(-97.6115108, 37.9841361),"1980","71-0",-97.6115108,37.9841361,206.9248047,"198-262"
"4574","Harvey",-15.14,NA,1980-08-01,375903097363302,79,0,c(-97.6115108, 37.9841361),"1980","71-0",-97.6115108,37.9841361,206.9248047,"198-262"
"4575","Harvey",-16.49,NA,1980-09-01,375903097363302,79,0,c(-97.6115108, 37.9841361),"1980","71-0",-97.6115108,37.9841361,206.9248047,"198-262"
"4576","Harvey",-16.9,NA,1980-10-01,375903097363302,79,0,c(-97.6115108, 37.9841361),"1980","71-0",-97.6115108,37.9841361,206.9248047,"198-262"
"4577","Harvey",-16.52,NA,1980-11-01,375903097363302,79,0,c(-97.6115108, 37.9841361),"1980","71-0",-97.6115108,37.9841361,206.9248047,"198-262"
"4578","Harvey",-16.71,NA,1980-12-01,375903097363302,79,0,c(-97.6115108, 37.9841361),"1980","71-0",-97.6115108,37.9841361,206.9248047,"198-262"
"4579","Harvey",-28.27,NA,1980-01-01,375955097351901,79,0,c(-97.5908817, 37.9986275),"1980","71-0",-97.5908817,37.9986275,218.9234009,"198-262"
"4580","Harvey",-28.02,NA,1980-04-01,375955097351901,79,0,c(-97.5908817, 37.9986275),"1980","71-0",-97.5908817,37.9986275,218.9234009,"198-262"
"4581","Harvey",-28.24,NA,1980-07-01,375955097351901,79,0,c(-97.5908817, 37.9986275),"1980","71-0",-97.5908817,37.9986275,218.9234009,"198-262"
"4582","Harvey",-31.58,NA,1980-10-01,375955097351901,79,0,c(-97.5908817, 37.9986275),"1980","71-0",-97.5908817,37.9986275,218.9234009,"198-262"
"4583","Pratt",-70.42,"Coats",1980-01-23,373658098452901,151,0,c(-98.7600609, 37.6153107),"1980","71-0",-98.7600609,37.6153107,132.0588074,"132-197"
"4584","Pratt",-90.95,"Pratt SW",1980-01-22,373432098423701,151,0,c(-98.711877, 37.576369),"1980","143-72",-98.711877,37.576369,154.2216949,"132-197"
"4585","Reno",-11.46,"Partridge",1980-01-23,375625098051701,155,0,c(-98.087303, 37.941163),"1980","71-0",-98.087303,37.941163,51.9545174,"0-65"
"4586","Harvey",-38.5,NA,1980-01-01,375903097363301,79,0,c(-97.6109913, 37.9845491),"1980","71-0",-97.6109913,37.9845491,211.0916138,"198-262"
"4587","Harvey",-38.5,NA,1980-03-01,375903097363301,79,0,c(-97.6109913, 37.9845491),"1980","71-0",-97.6109913,37.9845491,211.0916138,"198-262"
"4588","Harvey",-41.5,NA,1980-04-01,375903097363301,79,0,c(-97.6109913, 37.9845491),"1980","71-0",-97.6109913,37.9845491,211.0916138,"198-262"
"4589","Harvey",-132.5,NA,1980-05-01,375903097363301,79,0,c(-97.6109913, 37.9845491),"1980","143-72",-97.6109913,37.9845491,211.0916138,"198-262"
"4590","Harvey",-36.5,NA,1980-08-01,375903097363301,79,0,c(-97.6109913, 37.9845491),"1980","71-0",-97.6109913,37.9845491,211.0916138,"198-262"
"4591","Harvey",-135.5,NA,1980-09-01,375903097363301,79,0,c(-97.6109913, 37.9845491),"1980","143-72",-97.6109913,37.9845491,211.0916138,"198-262"
"4592","Harvey",-41,NA,1980-10-01,375903097363301,79,0,c(-97.6109913, 37.9845491),"1980","71-0",-97.6109913,37.9845491,211.0916138,"198-262"
"4593","Harvey",-134.5,NA,1980-11-01,375903097363301,79,0,c(-97.6109913, 37.9845491),"1980","143-72",-97.6109913,37.9845491,211.0916138,"198-262"
"4594","Harvey",-125.9,NA,1980-12-01,375903097363301,79,0,c(-97.6109913, 37.9845491),"1980","143-72",-97.6109913,37.9845491,211.0916138,"198-262"
"4595","Harvey",-14.71,NA,1980-01-01,375817097365702,79,0,c(-97.6183884, 37.9715288),"1980","71-0",-97.6183884,37.9715288,197.353302,"132-197"
"4596","Harvey",-15.17,NA,1980-03-01,375817097365702,79,0,c(-97.6183884, 37.9715288),"1980","71-0",-97.6183884,37.9715288,197.353302,"132-197"
"4597","Harvey",-16.08,NA,1980-04-01,375817097365702,79,0,c(-97.6183884, 37.9715288),"1980","71-0",-97.6183884,37.9715288,197.353302,"132-197"
"4598","Harvey",-14.34,NA,1980-05-01,375817097365702,79,0,c(-97.6183884, 37.9715288),"1980","71-0",-97.6183884,37.9715288,197.353302,"132-197"
"4599","Harvey",-14.13,NA,1980-08-01,375817097365702,79,0,c(-97.6183884, 37.9715288),"1980","71-0",-97.6183884,37.9715288,197.353302,"132-197"
"4600","Harvey",-15.79,NA,1980-09-01,375817097365702,79,0,c(-97.6183884, 37.9715288),"1980","71-0",-97.6183884,37.9715288,197.353302,"132-197"
"4601","Harvey",-15.14,NA,1980-10-01,375817097365702,79,0,c(-97.6183884, 37.9715288),"1980","71-0",-97.6183884,37.9715288,197.353302,"132-197"
"4602","Harvey",-15.99,NA,1980-11-01,375817097365702,79,0,c(-97.6183884, 37.9715288),"1980","71-0",-97.6183884,37.9715288,197.353302,"132-197"
"4603","Harvey",-20.24,NA,1980-12-01,375817097365702,79,0,c(-97.6183884, 37.9715288),"1980","71-0",-97.6183884,37.9715288,197.353302,"132-197"
"4604","Harvey",-11.56,NA,1980-01-01,380139097322701,79,0,c(-97.5426133, 38.0277309),"1980","71-0",-97.5426133,38.0277309,173.2327576,"132-197"
"4605","Harvey",-11.6,NA,1980-04-01,380139097322701,79,0,c(-97.5426133, 38.0277309),"1980","71-0",-97.5426133,38.0277309,173.2327576,"132-197"
"4606","Harvey",-17.73,NA,1980-07-01,380139097322701,79,0,c(-97.5426133, 38.0277309),"1980","71-0",-97.5426133,38.0277309,173.2327576,"132-197"
"4607","Harvey",-19.23,NA,1980-10-01,380139097322701,79,0,c(-97.5426133, 38.0277309),"1980","71-0",-97.5426133,38.0277309,173.2327576,"132-197"
"4608","Harvey",-33.58,NA,1980-01-01,375843097321002,79,0,c(-97.5382307, 37.9786426),"1980","71-0",-97.5382307,37.9786426,180.1253052,"132-197"
"4609","Harvey",-34.43,NA,1980-03-01,375843097321002,79,0,c(-97.5382307, 37.9786426),"1980","71-0",-97.5382307,37.9786426,180.1253052,"132-197"
"4610","Harvey",-31.97,NA,1980-04-01,375843097321002,79,0,c(-97.5382307, 37.9786426),"1980","71-0",-97.5382307,37.9786426,180.1253052,"132-197"
"4611","Harvey",-30.95,NA,1980-05-01,375843097321002,79,0,c(-97.5382307, 37.9786426),"1980","71-0",-97.5382307,37.9786426,180.1253052,"132-197"
"4612","Harvey",-32.59,NA,1980-08-01,375843097321002,79,0,c(-97.5382307, 37.9786426),"1980","71-0",-97.5382307,37.9786426,180.1253052,"132-197"
"4613","Harvey",-39.09,NA,1980-09-01,375843097321002,79,0,c(-97.5382307, 37.9786426),"1980","71-0",-97.5382307,37.9786426,180.1253052,"132-197"
"4614","Harvey",-36.79,NA,1980-10-01,375843097321002,79,0,c(-97.5382307, 37.9786426),"1980","71-0",-97.5382307,37.9786426,180.1253052,"132-197"
"4615","Harvey",-37.01,NA,1980-11-01,375843097321002,79,0,c(-97.5382307, 37.9786426),"1980","71-0",-97.5382307,37.9786426,180.1253052,"132-197"
"4616","Harvey",-36.91,NA,1980-12-01,375843097321002,79,0,c(-97.5382307, 37.9786426),"1980","71-0",-97.5382307,37.9786426,180.1253052,"132-197"
"4617","Harvey",-29,"BENTLY",1980-01-01,375540097302301,79,0,c(-97.5089226, 37.9273917),"1980","71-0",-97.5089226,37.9273917,167.0962677,"132-197"
"4618","Harvey",-28,"BENTLY",1980-03-01,375540097302301,79,0,c(-97.5089226, 37.9273917),"1980","71-0",-97.5089226,37.9273917,167.0962677,"132-197"
"4619","Harvey",-26,"BENTLY",1980-04-01,375540097302301,79,0,c(-97.5089226, 37.9273917),"1980","71-0",-97.5089226,37.9273917,167.0962677,"132-197"
"4620","Harvey",-25.16,"BENTLY",1980-05-01,375540097302301,79,0,c(-97.5089226, 37.9273917),"1980","71-0",-97.5089226,37.9273917,167.0962677,"132-197"
"4621","Harvey",-25.87,"BENTLY",1980-08-01,375540097302301,79,0,c(-97.5089226, 37.9273917),"1980","71-0",-97.5089226,37.9273917,167.0962677,"132-197"
"4622","Harvey",-28.38,"BENTLY",1980-09-01,375540097302301,79,0,c(-97.5089226, 37.9273917),"1980","71-0",-97.5089226,37.9273917,167.0962677,"132-197"
"4623","Harvey",-29.78,"BENTLY",1980-10-01,375540097302301,79,0,c(-97.5089226, 37.9273917),"1980","71-0",-97.5089226,37.9273917,167.0962677,"132-197"
"4624","Harvey",-77.96,"BENTLY",1980-12-01,375540097302301,79,0,c(-97.5089226, 37.9273917),"1980","143-72",-97.5089226,37.9273917,167.0962677,"132-197"
"4625","Harvey",-30.79,NA,1980-01-01,375540097323401,79,0,c(-97.5457079, 37.9271395),"1980","71-0",-97.5457079,37.9271395,192.9073486,"132-197"
"4626","Harvey",-34.07,NA,1980-03-01,375540097323401,79,0,c(-97.5457079, 37.9271395),"1980","71-0",-97.5457079,37.9271395,192.9073486,"132-197"
"4627","Harvey",-33.75,NA,1980-04-01,375540097323401,79,0,c(-97.5457079, 37.9271395),"1980","71-0",-97.5457079,37.9271395,192.9073486,"132-197"
"4628","Harvey",-31.77,NA,1980-05-01,375540097323401,79,0,c(-97.5457079, 37.9271395),"1980","71-0",-97.5457079,37.9271395,192.9073486,"132-197"
"4629","Harvey",-38.09,NA,1980-08-01,375540097323401,79,0,c(-97.5457079, 37.9271395),"1980","71-0",-97.5457079,37.9271395,192.9073486,"132-197"
"4630","Harvey",-36.57,NA,1980-09-01,375540097323401,79,0,c(-97.5457079, 37.9271395),"1980","71-0",-97.5457079,37.9271395,192.9073486,"132-197"
"4631","Harvey",-36.11,NA,1980-10-01,375540097323401,79,0,c(-97.5457079, 37.9271395),"1980","71-0",-97.5457079,37.9271395,192.9073486,"132-197"
"4632","Harvey",-35.02,NA,1980-11-01,375540097323401,79,0,c(-97.5457079, 37.9271395),"1980","71-0",-97.5457079,37.9271395,192.9073486,"132-197"
"4633","Harvey",-33.16,NA,1980-12-01,375540097323401,79,0,c(-97.5457079, 37.9271395),"1980","71-0",-97.5457079,37.9271395,192.9073486,"132-197"
"4634","Harvey",-39,NA,1980-01-01,375902097334801,79,0,c(-97.565432, 37.984657),"1980","71-0",-97.565432,37.984657,200.7388611,"198-262"
"4635","Harvey",-40,NA,1980-03-01,375902097334801,79,0,c(-97.565432, 37.984657),"1980","71-0",-97.565432,37.984657,200.7388611,"198-262"
"4636","Harvey",-40,NA,1980-04-01,375902097334801,79,0,c(-97.565432, 37.984657),"1980","71-0",-97.565432,37.984657,200.7388611,"198-262"
"4637","Harvey",-43.2,NA,1980-05-01,375902097334801,79,0,c(-97.565432, 37.984657),"1980","71-0",-97.565432,37.984657,200.7388611,"198-262"
"4638","Harvey",-40.44,NA,1980-08-01,375902097334801,79,0,c(-97.565432, 37.984657),"1980","71-0",-97.565432,37.984657,200.7388611,"198-262"
"4639","Harvey",-96.5,NA,1980-09-01,375902097334801,79,0,c(-97.565432, 37.984657),"1980","143-72",-97.565432,37.984657,200.7388611,"198-262"
"4640","Harvey",-43.66,NA,1980-10-01,375902097334801,79,0,c(-97.565432, 37.984657),"1980","71-0",-97.565432,37.984657,200.7388611,"198-262"
"4641","Harvey",-43.47,NA,1980-11-01,375902097334801,79,0,c(-97.565432, 37.984657),"1980","71-0",-97.565432,37.984657,200.7388611,"198-262"
"4642","Harvey",-97.5,NA,1980-12-01,375902097334801,79,0,c(-97.565432, 37.984657),"1980","143-72",-97.565432,37.984657,200.7388611,"198-262"
"4643","Harvey",-18.13,NA,1980-01-30,380041097253501,79,0,c(-97.4281174, 38.0112129),"1980","71-0",-97.4281174,38.0112129,62.6497116,"0-65"
"4644","Harvey",-5.21,NA,1980-01-01,375540097373701,79,0,c(-97.6299777, 37.9278704),"1980","71-0",-97.6299777,37.9278704,155.9155579,"132-197"
"4645","Harvey",-4.1,NA,1980-04-01,375540097373701,79,0,c(-97.6299777, 37.9278704),"1980","71-0",-97.6299777,37.9278704,155.9155579,"132-197"
"4646","Harvey",-4.23,NA,1980-07-01,375540097373701,79,0,c(-97.6299777, 37.9278704),"1980","71-0",-97.6299777,37.9278704,155.9155579,"132-197"
"4647","Harvey",-6.99,NA,1980-10-01,375540097373701,79,0,c(-97.6299777, 37.9278704),"1980","71-0",-97.6299777,37.9278704,155.9155579,"132-197"
"4648","Republic",-176.5,NA,1980-03-10,395820097444301,157,0,c(-97.74576, 39.9718005),"1980","215-144",-97.74576,39.9718005,NA,NA
"4649","Republic",-178,NA,1980-06-04,395820097444301,157,0,c(-97.74576, 39.9718005),"1980","215-144",-97.74576,39.9718005,NA,NA
"4650","Republic",-176.2,NA,1980-09-10,395820097444301,157,0,c(-97.74576, 39.9718005),"1980","215-144",-97.74576,39.9718005,NA,NA
"4651","Republic",-175.5,NA,1980-12-18,395820097444301,157,0,c(-97.74576, 39.9718005),"1980","215-144",-97.74576,39.9718005,NA,NA
"4652","Reno",-8.06,NA,1980-01-30,375955097551401,155,0,c(-97.9208604, 37.99841),"1980","71-0",-97.9208604,37.99841,121.5462418,"66-131"
"4653","Pratt",-4.6,"Byers",1980-01-01,374812098485602,151,0,c(-98.8160431, 37.8038983),"1980","71-0",-98.8160431,37.8038983,152.1268005,"132-197"
"4654","Pratt",-4.6,"Byers",1980-01-21,374812098485602,151,0,c(-98.8160431, 37.8038983),"1980","71-0",-98.8160431,37.8038983,152.1268005,"132-197"
"4655","Harvey",-34.14,NA,1980-01-01,375910097352701,79,0,c(-97.5931594, 37.9858807),"1980","71-0",-97.5931594,37.9858807,211.9548645,"198-262"
"4656","Harvey",-33.99,NA,1980-04-01,375910097352701,79,0,c(-97.5931594, 37.9858807),"1980","71-0",-97.5931594,37.9858807,211.9548645,"198-262"
"4657","Harvey",-33.81,NA,1980-07-01,375910097352701,79,0,c(-97.5931594, 37.9858807),"1980","71-0",-97.5931594,37.9858807,211.9548645,"198-262"
"4658","Harvey",-35.31,NA,1980-10-01,375910097352701,79,0,c(-97.5931594, 37.9858807),"1980","71-0",-97.5931594,37.9858807,211.9548645,"198-262"
"4659","Harvey",-13.04,NA,1980-01-01,375903097373101,79,0,c(-97.6275383, 37.9842467),"1980","71-0",-97.6275383,37.9842467,189.173172,"132-197"
"4660","Harvey",-12.84,NA,1980-04-01,375903097373101,79,0,c(-97.6275383, 37.9842467),"1980","71-0",-97.6275383,37.9842467,189.173172,"132-197"
"4661","Harvey",-12.68,NA,1980-07-01,375903097373101,79,0,c(-97.6275383, 37.9842467),"1980","71-0",-97.6275383,37.9842467,189.173172,"132-197"
"4662","Harvey",-13.17,NA,1980-10-01,375903097373101,79,0,c(-97.6275383, 37.9842467),"1980","71-0",-97.6275383,37.9842467,189.173172,"132-197"
"4663","Harvey",-38.5,NA,1980-01-01,375836097330701,79,0,c(-97.5551067, 37.9772494),"1980","71-0",-97.5551067,37.9772494,191.8093719,"132-197"
"4664","Harvey",-37,NA,1980-03-01,375836097330701,79,0,c(-97.5551067, 37.9772494),"1980","71-0",-97.5551067,37.9772494,191.8093719,"132-197"
"4665","Harvey",-41,NA,1980-04-01,375836097330701,79,0,c(-97.5551067, 37.9772494),"1980","71-0",-97.5551067,37.9772494,191.8093719,"132-197"
"4666","Harvey",-35,NA,1980-05-01,375836097330701,79,0,c(-97.5551067, 37.9772494),"1980","71-0",-97.5551067,37.9772494,191.8093719,"132-197"
"4667","Harvey",-34,NA,1980-08-01,375836097330701,79,0,c(-97.5551067, 37.9772494),"1980","71-0",-97.5551067,37.9772494,191.8093719,"132-197"
"4668","Harvey",-42.79,NA,1980-09-01,375836097330701,79,0,c(-97.5551067, 37.9772494),"1980","71-0",-97.5551067,37.9772494,191.8093719,"132-197"
"4669","Harvey",-40.7,NA,1980-10-01,375836097330701,79,0,c(-97.5551067, 37.9772494),"1980","71-0",-97.5551067,37.9772494,191.8093719,"132-197"
"4670","Harvey",-38.94,NA,1980-11-01,375836097330701,79,0,c(-97.5551067, 37.9772494),"1980","71-0",-97.5551067,37.9772494,191.8093719,"132-197"
"4671","Harvey",-38.72,NA,1980-12-01,375836097330701,79,0,c(-97.5551067, 37.9772494),"1980","71-0",-97.5551067,37.9772494,191.8093719,"132-197"
"4672","Harvey",-37.46,NA,1980-01-01,375836097330702,79,0,c(-97.5542281, 37.9769162),"1980","71-0",-97.5542281,37.9769162,191.8093719,"132-197"
"4673","Harvey",-36.2,NA,1980-03-01,375836097330702,79,0,c(-97.5542281, 37.9769162),"1980","71-0",-97.5542281,37.9769162,191.8093719,"132-197"
"4674","Harvey",-36.57,NA,1980-04-01,375836097330702,79,0,c(-97.5542281, 37.9769162),"1980","71-0",-97.5542281,37.9769162,191.8093719,"132-197"
"4675","Harvey",-35.83,NA,1980-05-01,375836097330702,79,0,c(-97.5542281, 37.9769162),"1980","71-0",-97.5542281,37.9769162,191.8093719,"132-197"
"4676","Harvey",-36.74,NA,1980-08-01,375836097330702,79,0,c(-97.5542281, 37.9769162),"1980","71-0",-97.5542281,37.9769162,191.8093719,"132-197"
"4677","Harvey",-40.81,NA,1980-09-01,375836097330702,79,0,c(-97.5542281, 37.9769162),"1980","71-0",-97.5542281,37.9769162,191.8093719,"132-197"
"4678","Harvey",-37.15,NA,1980-10-01,375836097330702,79,0,c(-97.5542281, 37.9769162),"1980","71-0",-97.5542281,37.9769162,191.8093719,"132-197"
"4679","Harvey",-37.22,NA,1980-11-01,375836097330702,79,0,c(-97.5542281, 37.9769162),"1980","71-0",-97.5542281,37.9769162,191.8093719,"132-197"
"4680","Harvey",-38.72,NA,1980-12-01,375836097330702,79,0,c(-97.5542281, 37.9769162),"1980","71-0",-97.5542281,37.9769162,191.8093719,"132-197"
"4681","Harvey",-28.03,NA,1980-01-01,375540097323402,79,0,c(-97.5451578, 37.927743),"1980","71-0",-97.5451578,37.927743,191.8880157,"132-197"
"4682","Harvey",-29.77,NA,1980-03-01,375540097323402,79,0,c(-97.5451578, 37.927743),"1980","71-0",-97.5451578,37.927743,191.8880157,"132-197"
"4683","Harvey",-29.45,NA,1980-04-01,375540097323402,79,0,c(-97.5451578, 37.927743),"1980","71-0",-97.5451578,37.927743,191.8880157,"132-197"
"4684","Harvey",-28.22,NA,1980-05-01,375540097323402,79,0,c(-97.5451578, 37.927743),"1980","71-0",-97.5451578,37.927743,191.8880157,"132-197"
"4685","Harvey",-28.8,NA,1980-08-01,375540097323402,79,0,c(-97.5451578, 37.927743),"1980","71-0",-97.5451578,37.927743,191.8880157,"132-197"
"4686","Harvey",-32.29,NA,1980-09-01,375540097323402,79,0,c(-97.5451578, 37.927743),"1980","71-0",-97.5451578,37.927743,191.8880157,"132-197"
"4687","Harvey",-28.79,NA,1980-10-01,375540097323402,79,0,c(-97.5451578, 37.927743),"1980","71-0",-97.5451578,37.927743,191.8880157,"132-197"
"4688","Harvey",-31.33,NA,1980-11-01,375540097323402,79,0,c(-97.5451578, 37.927743),"1980","71-0",-97.5451578,37.927743,191.8880157,"132-197"
"4689","Harvey",-30.38,NA,1980-12-01,375540097323402,79,0,c(-97.5451578, 37.927743),"1980","71-0",-97.5451578,37.927743,191.8880157,"132-197"
"4690","Harvey",-30.96,NA,1980-01-01,375843097341302,79,0,c(-97.5728094, 37.9787739),"1980","71-0",-97.5728094,37.9787739,209.1830292,"198-262"
"4691","Harvey",-31.71,NA,1980-03-01,375843097341302,79,0,c(-97.5728094, 37.9787739),"1980","71-0",-97.5728094,37.9787739,209.1830292,"198-262"
"4692","Harvey",-30.79,NA,1980-04-01,375843097341302,79,0,c(-97.5728094, 37.9787739),"1980","71-0",-97.5728094,37.9787739,209.1830292,"198-262"
"4693","Harvey",-30.93,NA,1980-05-01,375843097341302,79,0,c(-97.5728094, 37.9787739),"1980","71-0",-97.5728094,37.9787739,209.1830292,"198-262"
"4694","Harvey",-31.03,NA,1980-08-01,375843097341302,79,0,c(-97.5728094, 37.9787739),"1980","71-0",-97.5728094,37.9787739,209.1830292,"198-262"
"4695","Harvey",-34.65,NA,1980-09-01,375843097341302,79,0,c(-97.5728094, 37.9787739),"1980","71-0",-97.5728094,37.9787739,209.1830292,"198-262"
"4696","Harvey",-33.65,NA,1980-10-01,375843097341302,79,0,c(-97.5728094, 37.9787739),"1980","71-0",-97.5728094,37.9787739,209.1830292,"198-262"
"4697","Harvey",-33.26,NA,1980-11-01,375843097341302,79,0,c(-97.5728094, 37.9787739),"1980","71-0",-97.5728094,37.9787739,209.1830292,"198-262"
"4698","Harvey",-32.89,NA,1980-12-01,375843097341302,79,0,c(-97.5728094, 37.9787739),"1980","71-0",-97.5728094,37.9787739,209.1830292,"198-262"
"4699","Harvey",-31.92,NA,1980-01-01,375902097341302,79,0,c(-97.5727893, 37.9842081),"1980","71-0",-97.5727893,37.9842081,208.4711456,"198-262"
"4700","Harvey",-32.3,NA,1980-03-01,375902097341302,79,0,c(-97.5727893, 37.9842081),"1980","71-0",-97.5727893,37.9842081,208.4711456,"198-262"
"4701","Harvey",-31.76,NA,1980-04-01,375902097341302,79,0,c(-97.5727893, 37.9842081),"1980","71-0",-97.5727893,37.9842081,208.4711456,"198-262"
"4702","Harvey",-32.06,NA,1980-05-01,375902097341302,79,0,c(-97.5727893, 37.9842081),"1980","71-0",-97.5727893,37.9842081,208.4711456,"198-262"
"4703","Harvey",-32.14,NA,1980-08-01,375902097341302,79,0,c(-97.5727893, 37.9842081),"1980","71-0",-97.5727893,37.9842081,208.4711456,"198-262"
"4704","Harvey",-35.07,NA,1980-09-01,375902097341302,79,0,c(-97.5727893, 37.9842081),"1980","71-0",-97.5727893,37.9842081,208.4711456,"198-262"
"4705","Harvey",-34.75,NA,1980-10-01,375902097341302,79,0,c(-97.5727893, 37.9842081),"1980","71-0",-97.5727893,37.9842081,208.4711456,"198-262"
"4706","Harvey",-34.76,NA,1980-11-01,375902097341302,79,0,c(-97.5727893, 37.9842081),"1980","71-0",-97.5727893,37.9842081,208.4711456,"198-262"
"4707","Harvey",-34.22,NA,1980-12-01,375902097341302,79,0,c(-97.5727893, 37.9842081),"1980","71-0",-97.5727893,37.9842081,208.4711456,"198-262"
"4708","Harvey",-34.1,NA,1980-01-01,375902097334802,79,0,c(-97.5658337, 37.984181),"1980","71-0",-97.5658337,37.984181,205.0458984,"198-262"
"4709","Harvey",-33.85,NA,1980-03-01,375902097334802,79,0,c(-97.5658337, 37.984181),"1980","71-0",-97.5658337,37.984181,205.0458984,"198-262"
"4710","Harvey",-34.06,NA,1980-04-01,375902097334802,79,0,c(-97.5658337, 37.984181),"1980","71-0",-97.5658337,37.984181,205.0458984,"198-262"
"4711","Harvey",-34.33,NA,1980-05-01,375902097334802,79,0,c(-97.5658337, 37.984181),"1980","71-0",-97.5658337,37.984181,205.0458984,"198-262"
"4712","Harvey",-34.04,NA,1980-08-01,375902097334802,79,0,c(-97.5658337, 37.984181),"1980","71-0",-97.5658337,37.984181,205.0458984,"198-262"
"4713","Harvey",-36.22,NA,1980-09-01,375902097334802,79,0,c(-97.5658337, 37.984181),"1980","71-0",-97.5658337,37.984181,205.0458984,"198-262"
"4714","Harvey",-36.85,NA,1980-10-01,375902097334802,79,0,c(-97.5658337, 37.984181),"1980","71-0",-97.5658337,37.984181,205.0458984,"198-262"
"4715","Harvey",-36.68,NA,1980-11-01,375902097334802,79,0,c(-97.5658337, 37.984181),"1980","71-0",-97.5658337,37.984181,205.0458984,"198-262"
"4716","Harvey",-36.66,NA,1980-12-01,375902097334802,79,0,c(-97.5658337, 37.984181),"1980","71-0",-97.5658337,37.984181,205.0458984,"198-262"
"4717","Harvey",-38.57,NA,1980-01-01,375902097334803,79,0,c(-97.5658337, 37.984181),"1980","71-0",-97.5658337,37.984181,205.0458984,"198-262"
"4718","Harvey",-46.57,NA,1980-03-01,375902097334803,79,0,c(-97.5658337, 37.984181),"1980","71-0",-97.5658337,37.984181,205.0458984,"198-262"
"4719","Harvey",-42.03,NA,1980-04-01,375902097334803,79,0,c(-97.5658337, 37.984181),"1980","71-0",-97.5658337,37.984181,205.0458984,"198-262"
"4720","Harvey",-49.63,NA,1980-05-01,375902097334803,79,0,c(-97.5658337, 37.984181),"1980","71-0",-97.5658337,37.984181,205.0458984,"198-262"
"4721","Harvey",-41.07,NA,1980-08-01,375902097334803,79,0,c(-97.5658337, 37.984181),"1980","71-0",-97.5658337,37.984181,205.0458984,"198-262"
"4722","Harvey",-62.06,NA,1980-09-01,375902097334803,79,0,c(-97.5658337, 37.984181),"1980","71-0",-97.5658337,37.984181,205.0458984,"198-262"
"4723","Harvey",-43.46,NA,1980-10-01,375902097334803,79,0,c(-97.5658337, 37.984181),"1980","71-0",-97.5658337,37.984181,205.0458984,"198-262"
"4724","Harvey",-43.02,NA,1980-11-01,375902097334803,79,0,c(-97.5658337, 37.984181),"1980","71-0",-97.5658337,37.984181,205.0458984,"198-262"
"4725","Harvey",-58.73,NA,1980-12-01,375902097334803,79,0,c(-97.5658337, 37.984181),"1980","71-0",-97.5658337,37.984181,205.0458984,"198-262"
"4726","Harvey",-13.16,NA,1980-01-01,375810097295101,79,0,c(-97.4992939, 37.9696241),"1980","71-0",-97.4992939,37.9696241,147.5453339,"132-197"
"4727","Harvey",-12.3,NA,1980-04-01,375810097295101,79,0,c(-97.4992939, 37.9696241),"1980","71-0",-97.4992939,37.9696241,147.5453339,"132-197"
"4728","Harvey",-23.23,NA,1980-07-01,375810097295101,79,0,c(-97.4992939, 37.9696241),"1980","71-0",-97.4992939,37.9696241,147.5453339,"132-197"
"4729","Harvey",-16.9,NA,1980-10-01,375810097295101,79,0,c(-97.4992939, 37.9696241),"1980","71-0",-97.4992939,37.9696241,147.5453339,"132-197"
"4730","Harvey",-28.5,NA,1980-01-01,375744097330701,79,0,c(-97.5549663, 37.9625691),"1980","71-0",-97.5549663,37.9625691,193.4259491,"132-197"
"4731","Harvey",-28,NA,1980-03-01,375744097330701,79,0,c(-97.5549663, 37.9625691),"1980","71-0",-97.5549663,37.9625691,193.4259491,"132-197"
"4732","Harvey",-33.6,NA,1980-04-01,375744097330701,79,0,c(-97.5549663, 37.9625691),"1980","71-0",-97.5549663,37.9625691,193.4259491,"132-197"
"4733","Harvey",-19.47,NA,1980-05-01,375744097330701,79,0,c(-97.5549663, 37.9625691),"1980","71-0",-97.5549663,37.9625691,193.4259491,"132-197"
"4734","Harvey",-30.09,NA,1980-08-01,375744097330701,79,0,c(-97.5549663, 37.9625691),"1980","71-0",-97.5549663,37.9625691,193.4259491,"132-197"
"4735","Harvey",-33.02,NA,1980-09-01,375744097330701,79,0,c(-97.5549663, 37.9625691),"1980","71-0",-97.5549663,37.9625691,193.4259491,"132-197"
"4736","Harvey",-35.07,NA,1980-10-01,375744097330701,79,0,c(-97.5549663, 37.9625691),"1980","71-0",-97.5549663,37.9625691,193.4259491,"132-197"
"4737","Harvey",-66.93,NA,1980-11-01,375744097330701,79,0,c(-97.5549663, 37.9625691),"1980","71-0",-97.5549663,37.9625691,193.4259491,"132-197"
"4738","Harvey",-69.13,NA,1980-12-01,375744097330701,79,0,c(-97.5549663, 37.9625691),"1980","71-0",-97.5549663,37.9625691,193.4259491,"132-197"
"4739","Reno",-20.78,NA,1980-01-30,375843097512001,155,0,c(-97.8564757, 37.9782768),"1980","71-0",-97.8564757,37.9782768,141.3408661,"132-197"
"4740","Wichita",-145.37,NA,1980-01-14,384159101324801,203,0,c(-101.5510625, 38.6985216),"1980","215-144",-101.5510625,38.6985216,42.3588638,"0-65"
"4741","Greeley",-142.82,NA,1980-01-15,384159101465501,71,0,c(-101.781326, 38.6968302),"1980","143-72",-101.781326,38.6968302,60.2619171,"0-65"
"4742","Ford",-23.2,"FORD",1980-05-29,374035099500101,57,0,c(-99.833927, 37.67649),"1980","71-0",-99.833927,37.67649,30.5049,"0-65"
"4743","Ford",-21.45,"Ford",1980-01-04,374048099474001,57,0,c(-99.7958874, 37.6863982),"1980","71-0",-99.7958874,37.6863982,10,"0-65"
"4744","Ford",-16.78,"Ford",1980-04-09,374048099474001,57,0,c(-99.7958874, 37.6863982),"1980","71-0",-99.7958874,37.6863982,10,"0-65"
"4745","Ford",-66.51,"Ford",1980-09-23,374048099474001,57,0,c(-99.7958874, 37.6863982),"1980","71-0",-99.7958874,37.6863982,10,"0-65"
"4746","Ford",-111,"SOUTH DODGE",1980-03-06,374134100041901,57,0,c(-100.0726114, 37.692868),"1980","143-72",-100.0726114,37.692868,49.4735413,"0-65"
"4747","Ford",-159.5,"ENSIGN",1980-09-12,373858100095201,57,0,c(-100.164846, 37.6497002),"1980","215-144",-100.164846,37.6497002,65.2327881,"0-65"
"4748","Ford",-96,"BUCKLIN",1980-06-04,373222099400301,57,0,c(-99.6677049, 37.5393089),"1980","143-72",-99.6677049,37.5393089,70.5596085,"66-131"
"4749","Wichita",-131.42,NA,1980-01-14,383228101250901,203,0,c(-101.4231827, 38.5404581),"1980","143-72",-101.4231827,38.5404581,27.0842667,"0-65"
"4750","Wichita",-136.31,NA,1980-04-22,383228101250901,203,0,c(-101.4231827, 38.5404581),"1980","143-72",-101.4231827,38.5404581,27.0842667,"0-65"
"4751","Wichita",-134.92,NA,1980-10-07,383228101250901,203,0,c(-101.4231827, 38.5404581),"1980","143-72",-101.4231827,38.5404581,27.0842667,"0-65"
"4752","Wichita",-156.51,NA,1980-01-15,383223101151601,203,0,c(-101.2570819, 38.5397687),"1980","215-144",-101.2570819,38.5397687,42.4737854,"0-65"
"4753","Wichita",-140.63,NA,1980-01-14,383559101193301,203,0,c(-101.3275472, 38.5980148),"1980","143-72",-101.3275472,38.5980148,39.0928497,"0-65"
"4754","Harvey",-13.49,"BURRTON",1980-06-25,380127097383802,79,0,c(-97.647108, 38.024865),"1980","71-0",-97.647108,38.024865,176.3459625,"132-197"
"4755","Harvey",-16.52,"BURRTON",1980-09-29,380127097383802,79,0,c(-97.647108, 38.024865),"1980","71-0",-97.647108,38.024865,176.3459625,"132-197"
"4756","Grant",-186.6,NA,1980-01-17,373403101305601,67,0,c(-101.5111457, 37.5691281),"1980","215-144",-101.5111457,37.5691281,169.1448364,"132-197"
"4757","Harvey",-11.2,"BURRTON",1980-06-25,380021097384401,79,0,c(-97.646727, 38.004423),"1980","71-0",-97.646727,38.004423,149.5449524,"132-197"
"4758","Harvey",-12.57,"BURRTON",1980-09-29,380021097384401,79,0,c(-97.646727, 38.004423),"1980","71-0",-97.646727,38.004423,149.5449524,"132-197"
"4759","Harvey",-11.22,"BURRTON",1980-06-25,380021097384402,79,0,c(-97.64676, 38.00445),"1980","71-0",-97.64676,38.00445,149.5449524,"132-197"
"4760","Harvey",-13.21,"BURRTON",1980-09-29,380021097384402,79,0,c(-97.64676, 38.00445),"1980","71-0",-97.64676,38.00445,149.5449524,"132-197"
"4761","Harvey",-18.43,"PATTERSON",1980-06-23,380002097374602,79,0,c(-97.628957, 37.999675),"1980","71-0",-97.628957,37.999675,194.9801025,"132-197"
"4762","Harvey",-20.52,"PATTERSON",1980-09-29,380002097374602,79,0,c(-97.628957, 37.999675),"1980","71-0",-97.628957,37.999675,194.9801025,"132-197"
"4763","Ford",-60.1,"SOUTH DODGE",1980-07-16,374331100000101,57,0,c(-100.0011165, 37.7253999),"1980","71-0",-100.0011165,37.7253999,116.3698044,"66-131"
"4764","Haskell",-168.49,"Wild Horse Lake",1980-01-07,374046100520101,81,0,c(-100.8685884, 37.6793699),"1980","215-144",-100.8685884,37.6793699,156.2878418,"132-197"
"4765","Greeley",-184.54,"North of Tribune",1980-01-15,383458101460201,71,0,c(-101.767033, 38.581564),"1980","215-144",-101.767033,38.581564,29.8382835,"0-65"
"4766","Finney",-61.25,"GARDEN CITY WEST",1980-05-06,375442100593001,55,0,c(-100.9916946, 37.9121319),"1980","71-0",-100.9916946,37.9121319,284.5332642,"263-328"
"4767","Finney",-126.41,"GARDEN CITY WEST",1980-10-01,375442100593001,55,0,c(-100.9916946, 37.9121319),"1980","143-72",-100.9916946,37.9121319,284.5332642,"263-328"
"4768","Harvey",-21.8,"BURRTON",1980-06-25,380140097373802,79,0,c(-97.628631, 38.028625),"1980","71-0",-97.628631,38.028625,203.7931213,"198-262"
"4769","Harvey",-25.72,"BURRTON",1980-09-29,380140097373802,79,0,c(-97.628631, 38.028625),"1980","71-0",-97.628631,38.028625,203.7931213,"198-262"
"4770","Harvey",-9.68,"PATTERSON",1980-01-10,375910097381901,79,0,c(-97.63884, 37.98517),"1980","71-0",-97.63884,37.98517,157.5858917,"132-197"
"4771","Harvey",-7.45,"PATTERSON",1980-06-25,375910097381901,79,0,c(-97.63884, 37.98517),"1980","71-0",-97.63884,37.98517,157.5858917,"132-197"
"4772","Harvey",-9.37,"PATTERSON",1980-09-29,375910097381901,79,0,c(-97.63884, 37.98517),"1980","71-0",-97.63884,37.98517,157.5858917,"132-197"
"4773","Harvey",-7.4,"PATTERSON",1980-06-25,375837097395901,79,0,c(-97.665818, 37.977991),"1980","71-0",-97.665818,37.977991,95.5272217,"66-131"
"4774","Harvey",-10.16,"PATTERSON",1980-10-06,375837097395901,79,0,c(-97.665818, 37.977991),"1980","71-0",-97.665818,37.977991,95.5272217,"66-131"
"4775","Harvey",-13.41,"PATTERSON",1980-06-25,375745097374702,79,0,c(-97.628882, 37.963244),"1980","71-0",-97.628882,37.963244,143.5019226,"132-197"
"4776","Harvey",-14.78,"PATTERSON",1980-09-29,375745097374702,79,0,c(-97.628882, 37.963244),"1980","71-0",-97.628882,37.963244,143.5019226,"132-197"
"4777","Harvey",-12.05,"PATTERSON",1980-06-25,375745097374701,79,0,c(-97.628892, 37.963237),"1980","71-0",-97.628892,37.963237,143.5019226,"132-197"
"4778","Harvey",-13.88,"PATTERSON",1980-09-29,375745097374701,79,0,c(-97.628892, 37.963237),"1980","71-0",-97.628892,37.963237,143.5019226,"132-197"
"4779","Harvey",-5.89,"PATTERSON",1980-06-25,375725097400002,79,0,c(-97.6669219, 37.9570267),"1980","71-0",-97.6669219,37.9570267,112.483017,"66-131"
"4780","Harvey",-8.97,"PATTERSON",1980-10-06,375725097400002,79,0,c(-97.6669219, 37.9570267),"1980","71-0",-97.6669219,37.9570267,112.483017,"66-131"
"4781","Ford",-51.2,"FORD",1980-07-14,373930099503401,57,0,c(-99.8429397, 37.6581184),"1980","71-0",-99.8429397,37.6581184,66.5978241,"66-131"
"4782","Ford",-92.04,"ENSIGN SW",1980-06-02,373042100112201,57,0,c(-100.190116, 37.5118371),"1980","143-72",-100.190116,37.5118371,57.2877502,"0-65"
"4783","Gray",-136.33,"Haggard",1980-01-17,374231100154201,69,0,c(-100.26472, 37.710222),"1980","143-72",-100.26472,37.710222,69.3537292,"66-131"
"4784","Ford",-152.98,"ENSIGN SE",1980-01-22,373231100025401,57,0,c(-100.0527117, 37.5452507),"1980","215-144",-100.0527117,37.5452507,28.0431252,"0-65"
"4785","Ford",-151.1,"ENSIGN SE",1980-06-17,373231100025401,57,0,c(-100.0527117, 37.5452507),"1980","215-144",-100.0527117,37.5452507,28.0431252,"0-65"
"4786","Ford",-162.64,"ENSIGN SE",1980-09-17,373231100025401,57,0,c(-100.0527117, 37.5452507),"1980","215-144",-100.0527117,37.5452507,28.0431252,"0-65"
"4787","Ford",-107,"ASHLAND NW",1980-06-05,372825099434501,57,0,c(-99.7296064, 37.4733939),"1980","143-72",-99.7296064,37.4733939,43.7816849,"0-65"
"4788","Ford",-30.4,"FOWLER",1980-06-03,372856100094201,57,0,c(-100.1623709, 37.4825876),"1980","71-0",-100.1623709,37.4825876,129.3478699,"66-131"
"4789","Rawlins",-27.86,"Atwood",1980-12-16,394802101030301,153,0,c(-101.049735, 39.799521),"1980","71-0",-101.049735,39.799521,10,"0-65"
"4790","Haskell",-288.71,"Ryus",1980-01-08,372825101041201,81,0,c(-101.070546, 37.474944),"1980","359-288",-101.070546,37.474944,174.3772736,"132-197"
"4791","Haskell",-289.15,"Ryus",1980-05-08,372825101041201,81,0,c(-101.070546, 37.474944),"1980","359-288",-101.070546,37.474944,174.3772736,"132-197"
"4792","Stafford",-29.07,"Stafford NW",1980-01-01,375446098413201,185,0,c(-98.691811, 37.911995),"1980","71-0",-98.691811,37.911995,137.6725464,"132-197"
"4793","Stafford",-28.89,"Stafford NW",1980-05-08,375446098413201,185,0,c(-98.691811, 37.911995),"1980","71-0",-98.691811,37.911995,137.6725464,"132-197"
"4794","Stafford",-17.63,"Stafford NW",1980-01-01,375446098413202,185,0,c(-98.691886, 37.912012),"1980","71-0",-98.691886,37.912012,137.6725464,"132-197"
"4795","Stafford",-16.79,"Stafford NW",1980-05-08,375446098413202,185,0,c(-98.691886, 37.912012),"1980","71-0",-98.691886,37.912012,137.6725464,"132-197"
"4796","Lane",-119.8,NA,1980-01-14,383605100343101,101,0,c(-100.5771856, 38.6006157),"1980","143-72",-100.5771856,38.6006157,47.7379227,"0-65"
"4797","Seward",-209.73,NA,1980-01-17,371648100520301,175,0,c(-100.8678245, 37.2798342),"1980","215-144",-100.8678245,37.2798342,212.219574,"198-262"
"4798","Reno",-4.94,"Haven",1980-01-30,375915097471301,155,0,c(-97.7880795, 37.987857),"1980","71-0",-97.7880795,37.987857,280.0173645,"263-328"
"4799","Harvey",-22.19,NA,1980-01-01,375724097330701,79,0,c(-97.55428, 37.9568436),"1980","71-0",-97.55428,37.9568436,195.3314819,"132-197"
"4800","Harvey",-23.18,NA,1980-04-01,375724097330701,79,0,c(-97.55428, 37.9568436),"1980","71-0",-97.55428,37.9568436,195.3314819,"132-197"
"4801","Harvey",-22.13,NA,1980-07-01,375724097330701,79,0,c(-97.55428, 37.9568436),"1980","71-0",-97.55428,37.9568436,195.3314819,"132-197"
"4802","Harvey",-24.66,NA,1980-10-01,375724097330701,79,0,c(-97.55428, 37.9568436),"1980","71-0",-97.55428,37.9568436,195.3314819,"132-197"
"4803","Harvey",-14.27,NA,1980-01-01,375633097364002,79,0,c(-97.6139566, 37.942287),"1980","71-0",-97.6139566,37.942287,166.6586304,"132-197"
"4804","Harvey",-14.74,NA,1980-03-01,375633097364002,79,0,c(-97.6139566, 37.942287),"1980","71-0",-97.6139566,37.942287,166.6586304,"132-197"
"4805","Harvey",-15.4,NA,1980-04-01,375633097364002,79,0,c(-97.6139566, 37.942287),"1980","71-0",-97.6139566,37.942287,166.6586304,"132-197"
"4806","Harvey",-13.47,NA,1980-05-01,375633097364002,79,0,c(-97.6139566, 37.942287),"1980","71-0",-97.6139566,37.942287,166.6586304,"132-197"
"4807","Harvey",-14.25,NA,1980-08-01,375633097364002,79,0,c(-97.6139566, 37.942287),"1980","71-0",-97.6139566,37.942287,166.6586304,"132-197"
"4808","Harvey",-17.48,NA,1980-09-01,375633097364002,79,0,c(-97.6139566, 37.942287),"1980","71-0",-97.6139566,37.942287,166.6586304,"132-197"
"4809","Harvey",-15.78,NA,1980-10-01,375633097364002,79,0,c(-97.6139566, 37.942287),"1980","71-0",-97.6139566,37.942287,166.6586304,"132-197"
"4810","Harvey",-16.68,NA,1980-11-01,375633097364002,79,0,c(-97.6139566, 37.942287),"1980","71-0",-97.6139566,37.942287,166.6586304,"132-197"
"4811","Harvey",-20.61,NA,1980-12-01,375633097364002,79,0,c(-97.6139566, 37.942287),"1980","71-0",-97.6139566,37.942287,166.6586304,"132-197"
"4812","Harvey",-36.64,NA,1980-01-01,375929097320201,79,0,c(-97.5358832, 37.9913634),"1980","71-0",-97.5358832,37.9913634,182.1081696,"132-197"
"4813","Harvey",-36.18,NA,1980-04-01,375929097320201,79,0,c(-97.5358832, 37.9913634),"1980","71-0",-97.5358832,37.9913634,182.1081696,"132-197"
"4814","Harvey",-36.07,NA,1980-07-01,375929097320201,79,0,c(-97.5358832, 37.9913634),"1980","71-0",-97.5358832,37.9913634,182.1081696,"132-197"
"4815","Harvey",-42.27,NA,1980-10-01,375929097320201,79,0,c(-97.5358832, 37.9913634),"1980","71-0",-97.5358832,37.9913634,182.1081696,"132-197"
"4816","Harvey",-38.09,NA,1980-01-01,375817097363204,79,0,c(-97.6114896, 37.9715365),"1980","71-0",-97.6114896,37.9715365,195.4933777,"132-197"
"4817","Harvey",-40.93,NA,1980-03-01,375817097363204,79,0,c(-97.6114896, 37.9715365),"1980","71-0",-97.6114896,37.9715365,195.4933777,"132-197"
"4818","Harvey",-35.66,NA,1980-04-01,375817097363204,79,0,c(-97.6114896, 37.9715365),"1980","71-0",-97.6114896,37.9715365,195.4933777,"132-197"
"4819","Harvey",-36.45,NA,1980-05-01,375817097363204,79,0,c(-97.6114896, 37.9715365),"1980","71-0",-97.6114896,37.9715365,195.4933777,"132-197"
"4820","Harvey",-35.64,NA,1980-08-01,375817097363204,79,0,c(-97.6114896, 37.9715365),"1980","71-0",-97.6114896,37.9715365,195.4933777,"132-197"
"4821","Harvey",-41.84,NA,1980-09-01,375817097363204,79,0,c(-97.6114896, 37.9715365),"1980","71-0",-97.6114896,37.9715365,195.4933777,"132-197"
"4822","Harvey",-45.75,NA,1980-10-01,375817097363204,79,0,c(-97.6114896, 37.9715365),"1980","71-0",-97.6114896,37.9715365,195.4933777,"132-197"
"4823","Harvey",-44.04,NA,1980-11-01,375817097363204,79,0,c(-97.6114896, 37.9715365),"1980","71-0",-97.6114896,37.9715365,195.4933777,"132-197"
"4824","Harvey",-44.38,NA,1980-12-01,375817097363204,79,0,c(-97.6114896, 37.9715365),"1980","71-0",-97.6114896,37.9715365,195.4933777,"132-197"
"4825","Ford",-127,"FORT DODGE",1980-06-27,373827099581101,57,0,c(-99.9705577, 37.6409803),"1980","143-72",-99.9705577,37.6409803,70.5877838,"66-131"
"4826","Stafford",-12.89,NA,1980-04-10,375605098480401,185,0,c(-98.8014964, 37.9371513),"1980","71-0",-98.8014964,37.9371513,113.5434341,"66-131"
"4827","Stafford",-13.2,NA,1980-06-26,375605098480401,185,0,c(-98.8014964, 37.9371513),"1980","71-0",-98.8014964,37.9371513,113.5434341,"66-131"
"4828","Stafford",-14.07,NA,1980-09-18,375605098480401,185,0,c(-98.8014964, 37.9371513),"1980","71-0",-98.8014964,37.9371513,113.5434341,"66-131"
"4829","Rice",-56.33,"LORRAINE",1980-03-28,383058098194602,159,0,c(-98.3300258, 38.5155375),"1980","71-0",-98.3300258,38.5155375,10,"0-65"
"4830","Rice",-58.78,"LORRAINE",1980-06-27,383058098194602,159,0,c(-98.3300258, 38.5155375),"1980","71-0",-98.3300258,38.5155375,10,"0-65"
"4831","Rice",-67.42,"LORRAINE",1980-09-16,383058098194602,159,0,c(-98.3300258, 38.5155375),"1980","71-0",-98.3300258,38.5155375,10,"0-65"
"4832","Rice",-60.47,"LORRAINE",1980-12-23,383058098194602,159,0,c(-98.3300258, 38.5155375),"1980","71-0",-98.3300258,38.5155375,10,"0-65"
"4833","Harvey",-51,NA,1980-01-01,380054097342201,79,0,c(-97.5748884, 38.0146606),"1980","71-0",-97.5748884,38.0146606,205.0233459,"198-262"
"4834","Harvey",-48,NA,1980-03-01,380054097342201,79,0,c(-97.5748884, 38.0146606),"1980","71-0",-97.5748884,38.0146606,205.0233459,"198-262"
"4835","Harvey",-52,NA,1980-04-01,380054097342201,79,0,c(-97.5748884, 38.0146606),"1980","71-0",-97.5748884,38.0146606,205.0233459,"198-262"
"4836","Harvey",-48,NA,1980-05-01,380054097342201,79,0,c(-97.5748884, 38.0146606),"1980","71-0",-97.5748884,38.0146606,205.0233459,"198-262"
"4837","Harvey",-44.29,NA,1980-08-01,380054097342201,79,0,c(-97.5748884, 38.0146606),"1980","71-0",-97.5748884,38.0146606,205.0233459,"198-262"
"4838","Harvey",-87.94,NA,1980-09-01,380054097342201,79,0,c(-97.5748884, 38.0146606),"1980","143-72",-97.5748884,38.0146606,205.0233459,"198-262"
"4839","Harvey",-51.38,NA,1980-10-01,380054097342201,79,0,c(-97.5748884, 38.0146606),"1980","71-0",-97.5748884,38.0146606,205.0233459,"198-262"
"4840","Harvey",-49.06,NA,1980-11-01,380054097342201,79,0,c(-97.5748884, 38.0146606),"1980","71-0",-97.5748884,38.0146606,205.0233459,"198-262"
"4841","Harvey",-50.9,NA,1980-12-01,380054097342201,79,0,c(-97.5748884, 38.0146606),"1980","71-0",-97.5748884,38.0146606,205.0233459,"198-262"
"4842","Barton",-16.55,"HEIZER",1980-01-22,382601098550101,9,0,c(-98.9212763, 38.4333768),"1980","71-0",-98.9212763,38.4333768,13.1600971,"0-65"
"4843","Harvey",-13.34,NA,1980-01-01,375652097364002,79,0,c(-97.6139546, 37.947737),"1980","71-0",-97.6139546,37.947737,174.6498566,"132-197"
"4844","Harvey",-24.27,NA,1980-03-01,375652097364002,79,0,c(-97.6139546, 37.947737),"1980","71-0",-97.6139546,37.947737,174.6498566,"132-197"
"4845","Harvey",-13.34,NA,1980-04-01,375652097364002,79,0,c(-97.6139546, 37.947737),"1980","71-0",-97.6139546,37.947737,174.6498566,"132-197"
"4846","Harvey",-11.98,NA,1980-05-01,375652097364002,79,0,c(-97.6139546, 37.947737),"1980","71-0",-97.6139546,37.947737,174.6498566,"132-197"
"4847","Harvey",-11.82,NA,1980-08-01,375652097364002,79,0,c(-97.6139546, 37.947737),"1980","71-0",-97.6139546,37.947737,174.6498566,"132-197"
"4848","Harvey",-13.38,NA,1980-09-01,375652097364002,79,0,c(-97.6139546, 37.947737),"1980","71-0",-97.6139546,37.947737,174.6498566,"132-197"
"4849","Harvey",-15.28,NA,1980-10-01,375652097364002,79,0,c(-97.6139546, 37.947737),"1980","71-0",-97.6139546,37.947737,174.6498566,"132-197"
"4850","Harvey",-15.46,NA,1980-11-01,375652097364002,79,0,c(-97.6139546, 37.947737),"1980","71-0",-97.6139546,37.947737,174.6498566,"132-197"
"4851","Harvey",-15.46,NA,1980-12-01,375652097364002,79,0,c(-97.6139546, 37.947737),"1980","71-0",-97.6139546,37.947737,174.6498566,"132-197"
"4852","Harvey",-26.78,NA,1980-01-01,375652097364003,79,0,c(-97.6139546, 37.947737),"1980","71-0",-97.6139546,37.947737,174.6498566,"132-197"
"4853","Harvey",-13.56,NA,1980-03-01,375652097364003,79,0,c(-97.6139546, 37.947737),"1980","71-0",-97.6139546,37.947737,174.6498566,"132-197"
"4854","Harvey",-29.82,NA,1980-04-01,375652097364003,79,0,c(-97.6139546, 37.947737),"1980","71-0",-97.6139546,37.947737,174.6498566,"132-197"
"4855","Harvey",-25.71,NA,1980-05-01,375652097364003,79,0,c(-97.6139546, 37.947737),"1980","71-0",-97.6139546,37.947737,174.6498566,"132-197"
"4856","Harvey",-28.37,NA,1980-08-01,375652097364003,79,0,c(-97.6139546, 37.947737),"1980","71-0",-97.6139546,37.947737,174.6498566,"132-197"
"4857","Harvey",-23.32,NA,1980-09-01,375652097364003,79,0,c(-97.6139546, 37.947737),"1980","71-0",-97.6139546,37.947737,174.6498566,"132-197"
"4858","Harvey",-23.02,NA,1980-10-01,375652097364003,79,0,c(-97.6139546, 37.947737),"1980","71-0",-97.6139546,37.947737,174.6498566,"132-197"
"4859","Harvey",-30.47,NA,1980-11-01,375652097364003,79,0,c(-97.6139546, 37.947737),"1980","71-0",-97.6139546,37.947737,174.6498566,"132-197"
"4860","Harvey",-32.14,NA,1980-12-01,375652097364003,79,0,c(-97.6139546, 37.947737),"1980","71-0",-97.6139546,37.947737,174.6498566,"132-197"
"4861","Harvey",-23.02,NA,1980-01-01,375724097310501,79,0,c(-97.5201341, 37.9569728),"1980","71-0",-97.5201341,37.9569728,163.5195007,"132-197"
"4862","Harvey",-21.99,NA,1980-04-01,375724097310501,79,0,c(-97.5201341, 37.9569728),"1980","71-0",-97.5201341,37.9569728,163.5195007,"132-197"
"4863","Harvey",-21.6,NA,1980-07-01,375724097310501,79,0,c(-97.5201341, 37.9569728),"1980","71-0",-97.5201341,37.9569728,163.5195007,"132-197"
"4864","Harvey",-23.6,NA,1980-10-01,375724097310501,79,0,c(-97.5201341, 37.9569728),"1980","71-0",-97.5201341,37.9569728,163.5195007,"132-197"
"4865","Reno",-27.45,NA,1980-01-30,375527097481001,155,0,c(-97.8038472, 37.9240073),"1980","71-0",-97.8038472,37.9240073,85.9194794,"66-131"
"4866","Stafford",-17.49,"SEWARD",1980-01-23,380757098500901,185,0,c(-98.834769, 38.134214),"1980","71-0",-98.834769,38.134214,157.2531738,"132-197"
"4867","Harvey",-18.45,NA,1980-01-01,375817097363201,79,0,c(-97.6114896, 37.9715365),"1980","71-0",-97.6114896,37.9715365,195.4933777,"132-197"
"4868","Harvey",-19.4,NA,1980-04-01,375817097363201,79,0,c(-97.6114896, 37.9715365),"1980","71-0",-97.6114896,37.9715365,195.4933777,"132-197"
"4869","Harvey",-19.33,NA,1980-07-01,375817097363201,79,0,c(-97.6114896, 37.9715365),"1980","71-0",-97.6114896,37.9715365,195.4933777,"132-197"
"4870","Harvey",-17.12,NA,1980-10-01,375817097363201,79,0,c(-97.6114896, 37.9715365),"1980","71-0",-97.6114896,37.9715365,195.4933777,"132-197"
"4871","Harvey",-37.3,NA,1980-01-01,380001097341302,79,0,c(-97.5725643, 38.0004361),"1980","71-0",-97.5725643,38.0004361,206.3803253,"198-262"
"4872","Harvey",-36.77,NA,1980-03-01,380001097341302,79,0,c(-97.5725643, 38.0004361),"1980","71-0",-97.5725643,38.0004361,206.3803253,"198-262"
"4873","Harvey",-37.14,NA,1980-04-01,380001097341302,79,0,c(-97.5725643, 38.0004361),"1980","71-0",-97.5725643,38.0004361,206.3803253,"198-262"
"4874","Harvey",-36.94,NA,1980-05-01,380001097341302,79,0,c(-97.5725643, 38.0004361),"1980","71-0",-97.5725643,38.0004361,206.3803253,"198-262"
"4875","Harvey",-36.88,NA,1980-08-01,380001097341302,79,0,c(-97.5725643, 38.0004361),"1980","71-0",-97.5725643,38.0004361,206.3803253,"198-262"
"4876","Harvey",-42.54,NA,1980-09-01,380001097341302,79,0,c(-97.5725643, 38.0004361),"1980","71-0",-97.5725643,38.0004361,206.3803253,"198-262"
"4877","Harvey",-40.37,NA,1980-10-01,380001097341302,79,0,c(-97.5725643, 38.0004361),"1980","71-0",-97.5725643,38.0004361,206.3803253,"198-262"
"4878","Harvey",-40.89,NA,1980-11-01,380001097341302,79,0,c(-97.5725643, 38.0004361),"1980","71-0",-97.5725643,38.0004361,206.3803253,"198-262"
"4879","Harvey",-40.73,NA,1980-12-01,380001097341302,79,0,c(-97.5725643, 38.0004361),"1980","71-0",-97.5725643,38.0004361,206.3803253,"198-262"
"4880","Pratt",-82.65,"Pratt SW",1980-01-23,373556098382201,151,0,c(-98.638882, 37.598267),"1980","143-72",-98.638882,37.598267,189.1485901,"132-197"
"4881","Rice",-12.13,"Alden",1980-01-21,381453098163801,159,0,c(-98.2752203, 38.2479023),"1980","71-0",-98.2752203,38.2479023,55.0500259,"0-65"
"4882","Pratt",-23.25,"TTuron",1980-01-22,374833098280001,151,0,c(-98.4684464, 37.808934),"1980","71-0",-98.4684464,37.808934,124.5245056,"66-131"
"4883","Harvey",-6.1,NA,1980-01-01,375540097394101,79,0,c(-97.6642301, 37.9279232),"1980","71-0",-97.6642301,37.9279232,165.096283,"132-197"
"4884","Harvey",-5.09,NA,1980-04-01,375540097394101,79,0,c(-97.6642301, 37.9279232),"1980","71-0",-97.6642301,37.9279232,165.096283,"132-197"
"4885","Harvey",-5.96,NA,1980-07-01,375540097394101,79,0,c(-97.6642301, 37.9279232),"1980","71-0",-97.6642301,37.9279232,165.096283,"132-197"
"4886","Harvey",-8.32,NA,1980-10-01,375540097394101,79,0,c(-97.6642301, 37.9279232),"1980","71-0",-97.6642301,37.9279232,165.096283,"132-197"
"4887","Mitchell",-27.3,"GLEN ELDER SOUTH",1980-03-14,392853098155301,123,0,c(-98.2655055, 39.4813248),"1980","71-0",-98.2655055,39.4813248,NA,NA
"4888","Stafford",-26.59,"Stafford NW",1980-01-22,375738098400601,185,0,c(-98.668473, 37.962667),"1980","71-0",-98.668473,37.962667,120.3753052,"66-131"
"4889","Harvey",-27.74,NA,1980-01-01,380324097352001,79,0,c(-97.5908691, 38.056886),"1980","71-0",-97.5908691,38.056886,220.0198975,"198-262"
"4890","Harvey",-26.38,NA,1980-04-01,380324097352001,79,0,c(-97.5908691, 38.056886),"1980","71-0",-97.5908691,38.056886,220.0198975,"198-262"
"4891","Harvey",-31.88,NA,1980-07-01,380324097352001,79,0,c(-97.5908691, 38.056886),"1980","71-0",-97.5908691,38.056886,220.0198975,"198-262"
"4892","Harvey",-34.88,NA,1980-10-01,380324097352001,79,0,c(-97.5908691, 38.056886),"1980","71-0",-97.5908691,38.056886,220.0198975,"198-262"
"4893","Harvey",-41.18,NA,1980-01-01,380001097330001,79,0,c(-97.5519011, 38.0003998),"1980","71-0",-97.5519011,38.0003998,195.9741058,"132-197"
"4894","Harvey",-43.05,NA,1980-04-01,380001097330001,79,0,c(-97.5519011, 38.0003998),"1980","71-0",-97.5519011,38.0003998,195.9741058,"132-197"
"4895","Harvey",-43.06,NA,1980-07-01,380001097330001,79,0,c(-97.5519011, 38.0003998),"1980","71-0",-97.5519011,38.0003998,195.9741058,"132-197"
"4896","Harvey",-48.17,NA,1980-10-01,380001097330001,79,0,c(-97.5519011, 38.0003998),"1980","71-0",-97.5519011,38.0003998,195.9741058,"132-197"
"4897","Harvey",-37.05,NA,1980-01-01,380001097342101,79,0,c(-97.5748567, 38.0004401),"1980","71-0",-97.5748567,38.0004401,206.3803253,"198-262"
"4898","Harvey",-36.95,NA,1980-04-01,380001097342101,79,0,c(-97.5748567, 38.0004401),"1980","71-0",-97.5748567,38.0004401,206.3803253,"198-262"
"4899","Harvey",-37.81,NA,1980-07-01,380001097342101,79,0,c(-97.5748567, 38.0004401),"1980","71-0",-97.5748567,38.0004401,206.3803253,"198-262"
"4900","Harvey",-41.26,NA,1980-10-01,380001097342101,79,0,c(-97.5748567, 38.0004401),"1980","71-0",-97.5748567,38.0004401,206.3803253,"198-262"
"4901","Stafford",-1.07,"Hudson SE",1980-01-23,380506098302901,185,0,c(-98.509137, 38.085431),"1980","71-0",-98.509137,38.085431,137.6343231,"132-197"
"4902","Stafford",-13.7,"Macksville",1980-01-22,375330098565101,185,0,c(-98.948709, 37.893176),"1980","71-0",-98.948709,37.893176,160.8024902,"132-197"
"4903","Barton",-8.78,"GREAT BEND",1980-01-22,382104098453301,9,0,c(-98.7602361, 38.3498377),"1980","71-0",-98.7602361,38.3498377,137.3936462,"132-197"
"4904","Stafford",-17.53,"Hudson",1980-01-23,380002098433201,185,0,c(-98.723873, 38.002915),"1980","71-0",-98.723873,38.002915,136.8883667,"132-197"
"4905","Harvey",-11.09,NA,1980-01-01,380054097310501,79,0,c(-97.5196982, 38.014904),"1980","71-0",-97.5196982,38.014904,149.9290161,"132-197"
"4906","Harvey",-11.59,NA,1980-04-01,380054097310501,79,0,c(-97.5196982, 38.014904),"1980","71-0",-97.5196982,38.014904,149.9290161,"132-197"
"4907","Harvey",-11.46,NA,1980-07-01,380054097310501,79,0,c(-97.5196982, 38.014904),"1980","71-0",-97.5196982,38.014904,149.9290161,"132-197"
"4908","Harvey",-12.17,NA,1980-10-01,380054097310501,79,0,c(-97.5196982, 38.014904),"1980","71-0",-97.5196982,38.014904,149.9290161,"132-197"
"4909","Stafford",-19.3,"Saint John SW",1980-01-01,380652098532601,185,0,c(-98.8912287, 38.1154912),"1980","71-0",-98.8912287,38.1154912,92.6099854,"66-131"
"4910","Stafford",-19.27,"Saint John SW",1980-01-23,380652098532601,185,0,c(-98.8912287, 38.1154912),"1980","71-0",-98.8912287,38.1154912,92.6099854,"66-131"
"4911","Stafford",-17.8,"Byers",1980-01-01,375023098475601,185,0,c(-98.797923, 37.843643),"1980","71-0",-98.797923,37.843643,183.5328827,"132-197"
"4912","Stafford",-17.84,"Byers",1980-01-22,375023098475601,185,0,c(-98.797923, 37.843643),"1980","71-0",-98.797923,37.843643,183.5328827,"132-197"
"4913","Rice",-11.82,"Chase",1980-03-28,381918098152601,159,0,c(-98.2581271, 38.3215917),"1980","71-0",-98.2581271,38.3215917,126.5979233,"66-131"
"4914","Rice",-15.02,"Chase",1980-06-27,381918098152601,159,0,c(-98.2581271, 38.3215917),"1980","71-0",-98.2581271,38.3215917,126.5979233,"66-131"
"4915","Rice",-15.27,"Chase",1980-09-16,381918098152601,159,0,c(-98.2581271, 38.3215917),"1980","71-0",-98.2581271,38.3215917,126.5979233,"66-131"
"4916","Rice",-14.25,"Chase",1980-12-23,381918098152601,159,0,c(-98.2581271, 38.3215917),"1980","71-0",-98.2581271,38.3215917,126.5979233,"66-131"
"4917","Harvey",-19.3,NA,1980-01-01,380001097330002,79,0,c(-97.5519011, 38.0003998),"1980","71-0",-97.5519011,38.0003998,195.9741058,"132-197"
"4918","Harvey",-19.27,NA,1980-04-01,380001097330002,79,0,c(-97.5519011, 38.0003998),"1980","71-0",-97.5519011,38.0003998,195.9741058,"132-197"
"4919","Harvey",-19.14,NA,1980-07-01,380001097330002,79,0,c(-97.5519011, 38.0003998),"1980","71-0",-97.5519011,38.0003998,195.9741058,"132-197"
"4920","Harvey",-19.36,NA,1980-10-01,380001097330002,79,0,c(-97.5519011, 38.0003998),"1980","71-0",-97.5519011,38.0003998,195.9741058,"132-197"
"4921","Harvey",-31.21,NA,1980-01-01,375843097321001,79,0,c(-97.5381163, 37.9783588),"1980","71-0",-97.5381163,37.9783588,180.1253052,"132-197"
"4922","Harvey",-30.21,NA,1980-03-01,375843097321001,79,0,c(-97.5381163, 37.9783588),"1980","71-0",-97.5381163,37.9783588,180.1253052,"132-197"
"4923","Harvey",-32,NA,1980-04-01,375843097321001,79,0,c(-97.5381163, 37.9783588),"1980","71-0",-97.5381163,37.9783588,180.1253052,"132-197"
"4924","Harvey",-30.93,NA,1980-05-01,375843097321001,79,0,c(-97.5381163, 37.9783588),"1980","71-0",-97.5381163,37.9783588,180.1253052,"132-197"
"4925","Harvey",-32.56,NA,1980-08-01,375843097321001,79,0,c(-97.5381163, 37.9783588),"1980","71-0",-97.5381163,37.9783588,180.1253052,"132-197"
"4926","Harvey",-66,NA,1980-09-01,375843097321001,79,0,c(-97.5381163, 37.9783588),"1980","71-0",-97.5381163,37.9783588,180.1253052,"132-197"
"4927","Harvey",-37.48,NA,1980-10-01,375843097321001,79,0,c(-97.5381163, 37.9783588),"1980","71-0",-97.5381163,37.9783588,180.1253052,"132-197"
"4928","Harvey",-36.27,NA,1980-11-01,375843097321001,79,0,c(-97.5381163, 37.9783588),"1980","71-0",-97.5381163,37.9783588,180.1253052,"132-197"
"4929","Harvey",-37.35,NA,1980-12-01,375843097321001,79,0,c(-97.5381163, 37.9783588),"1980","71-0",-97.5381163,37.9783588,180.1253052,"132-197"
"4930","Harvey",-24.15,NA,1980-01-01,375810097310501,79,0,c(-97.5198769, 37.9696092),"1980","71-0",-97.5198769,37.9696092,168.8845978,"132-197"
"4931","Harvey",-25.13,NA,1980-04-01,375810097310501,79,0,c(-97.5198769, 37.9696092),"1980","71-0",-97.5198769,37.9696092,168.8845978,"132-197"
"4932","Harvey",-24.74,NA,1980-07-01,375810097310501,79,0,c(-97.5198769, 37.9696092),"1980","71-0",-97.5198769,37.9696092,168.8845978,"132-197"
"4933","Harvey",-27.03,NA,1980-10-01,375810097310501,79,0,c(-97.5198769, 37.9696092),"1980","71-0",-97.5198769,37.9696092,168.8845978,"132-197"
"4934","Pratt",-22.2,NA,1980-01-21,374648098522901,151,0,c(-98.8744205, 37.7806184),"1980","71-0",-98.8744205,37.7806184,180.8121338,"132-197"
"4935","Pratt",-22.18,NA,1980-03-21,374648098522901,151,0,c(-98.8744205, 37.7806184),"1980","71-0",-98.8744205,37.7806184,180.8121338,"132-197"
"4936","Pratt",-21.58,NA,1980-06-24,374648098522901,151,0,c(-98.8744205, 37.7806184),"1980","71-0",-98.8744205,37.7806184,180.8121338,"132-197"
"4937","Pratt",-30.35,NA,1980-09-15,374648098522901,151,0,c(-98.8744205, 37.7806184),"1980","71-0",-98.8744205,37.7806184,180.8121338,"132-197"
"4938","Pratt",-3.5,"Cairo",1980-01-22,373905098332501,151,0,c(-98.557798, 37.6518525),"1980","71-0",-98.557798,37.6518525,121.8390961,"66-131"
"4939","Harvey",-5.76,"Bentley",1980-01-01,380001097313001,79,0,c(-97.5267098, 38.0003815),"1980","71-0",-97.5267098,38.0003815,173.0181885,"132-197"
"4940","Harvey",-7.51,"Bentley",1980-04-01,380001097313001,79,0,c(-97.5267098, 38.0003815),"1980","71-0",-97.5267098,38.0003815,173.0181885,"132-197"
"4941","Harvey",-6.63,"Bentley",1980-07-01,380001097313001,79,0,c(-97.5267098, 38.0003815),"1980","71-0",-97.5267098,38.0003815,173.0181885,"132-197"
"4942","Harvey",-12.95,"Bentley",1980-10-01,380001097313001,79,0,c(-97.5267098, 38.0003815),"1980","71-0",-97.5267098,38.0003815,173.0181885,"132-197"
"4943","Harvey",-31.9,NA,1980-01-01,375817097330701,79,0,c(-97.5542089, 37.9714998),"1980","71-0",-97.5542089,37.9714998,188.5767365,"132-197"
"4944","Harvey",-31.26,NA,1980-03-01,375817097330701,79,0,c(-97.5542089, 37.9714998),"1980","71-0",-97.5542089,37.9714998,188.5767365,"132-197"
"4945","Harvey",-31.46,NA,1980-04-01,375817097330701,79,0,c(-97.5542089, 37.9714998),"1980","71-0",-97.5542089,37.9714998,188.5767365,"132-197"
"4946","Harvey",-31.77,NA,1980-05-01,375817097330701,79,0,c(-97.5542089, 37.9714998),"1980","71-0",-97.5542089,37.9714998,188.5767365,"132-197"
"4947","Harvey",-31.49,NA,1980-08-01,375817097330701,79,0,c(-97.5542089, 37.9714998),"1980","71-0",-97.5542089,37.9714998,188.5767365,"132-197"
"4948","Harvey",-28.09,NA,1980-09-01,375817097330701,79,0,c(-97.5542089, 37.9714998),"1980","71-0",-97.5542089,37.9714998,188.5767365,"132-197"
"4949","Harvey",-33.5,NA,1980-10-01,375817097330701,79,0,c(-97.5542089, 37.9714998),"1980","71-0",-97.5542089,37.9714998,188.5767365,"132-197"
"4950","Harvey",-33.46,NA,1980-11-01,375817097330701,79,0,c(-97.5542089, 37.9714998),"1980","71-0",-97.5542089,37.9714998,188.5767365,"132-197"
"4951","Harvey",-33.08,NA,1980-12-01,375817097330701,79,0,c(-97.5542089, 37.9714998),"1980","71-0",-97.5542089,37.9714998,188.5767365,"132-197"
"4952","Harvey",-26.8,NA,1980-01-01,375447097295902,79,0,c(-97.5015564, 37.9132015),"1980","71-0",-97.5015564,37.9132015,173.1341248,"132-197"
"4953","Harvey",-26.74,NA,1980-03-01,375447097295902,79,0,c(-97.5015564, 37.9132015),"1980","71-0",-97.5015564,37.9132015,173.1341248,"132-197"
"4954","Harvey",-26.74,NA,1980-04-01,375447097295902,79,0,c(-97.5015564, 37.9132015),"1980","71-0",-97.5015564,37.9132015,173.1341248,"132-197"
"4955","Harvey",-26.73,NA,1980-05-01,375447097295902,79,0,c(-97.5015564, 37.9132015),"1980","71-0",-97.5015564,37.9132015,173.1341248,"132-197"
"4956","Harvey",-26.72,NA,1980-08-01,375447097295902,79,0,c(-97.5015564, 37.9132015),"1980","71-0",-97.5015564,37.9132015,173.1341248,"132-197"
"4957","Harvey",-26.64,NA,1980-09-01,375447097295902,79,0,c(-97.5015564, 37.9132015),"1980","71-0",-97.5015564,37.9132015,173.1341248,"132-197"
"4958","Harvey",-26.8,NA,1980-10-01,375447097295902,79,0,c(-97.5015564, 37.9132015),"1980","71-0",-97.5015564,37.9132015,173.1341248,"132-197"
"4959","Harvey",-26.72,NA,1980-12-01,375447097295902,79,0,c(-97.5015564, 37.9132015),"1980","71-0",-97.5015564,37.9132015,173.1341248,"132-197"
"4960","Harvey",-25,NA,1980-01-01,375658097320201,79,0,c(-97.536915, 37.951104),"1980","71-0",-97.536915,37.951104,181.0086823,"132-197"
"4961","Harvey",-26.5,NA,1980-03-01,375658097320201,79,0,c(-97.536915, 37.951104),"1980","71-0",-97.536915,37.951104,181.0086823,"132-197"
"4962","Harvey",-26,NA,1980-04-01,375658097320201,79,0,c(-97.536915, 37.951104),"1980","71-0",-97.536915,37.951104,181.0086823,"132-197"
"4963","Harvey",-24.4,NA,1980-05-01,375658097320201,79,0,c(-97.536915, 37.951104),"1980","71-0",-97.536915,37.951104,181.0086823,"132-197"
"4964","Harvey",-48.6,NA,1980-08-01,375658097320201,79,0,c(-97.536915, 37.951104),"1980","71-0",-97.536915,37.951104,181.0086823,"132-197"
"4965","Harvey",-28.55,NA,1980-09-01,375658097320201,79,0,c(-97.536915, 37.951104),"1980","71-0",-97.536915,37.951104,181.0086823,"132-197"
"4966","Harvey",-29,NA,1980-10-01,375658097320201,79,0,c(-97.536915, 37.951104),"1980","71-0",-97.536915,37.951104,181.0086823,"132-197"
"4967","Harvey",-29.6,NA,1980-12-01,375658097320201,79,0,c(-97.536915, 37.951104),"1980","71-0",-97.536915,37.951104,181.0086823,"132-197"
"4968","Harvey",-29,NA,1980-01-01,375632097313701,79,0,c(-97.5291088, 37.9423513),"1980","71-0",-97.5291088,37.9423513,175.8279266,"132-197"
"4969","Harvey",-29,NA,1980-03-01,375632097313701,79,0,c(-97.5291088, 37.9423513),"1980","71-0",-97.5291088,37.9423513,175.8279266,"132-197"
"4970","Harvey",-29.5,NA,1980-04-01,375632097313701,79,0,c(-97.5291088, 37.9423513),"1980","71-0",-97.5291088,37.9423513,175.8279266,"132-197"
"4971","Harvey",-28.5,NA,1980-05-01,375632097313701,79,0,c(-97.5291088, 37.9423513),"1980","71-0",-97.5291088,37.9423513,175.8279266,"132-197"
"4972","Harvey",-28,NA,1980-08-01,375632097313701,79,0,c(-97.5291088, 37.9423513),"1980","71-0",-97.5291088,37.9423513,175.8279266,"132-197"
"4973","Harvey",-55,NA,1980-09-01,375632097313701,79,0,c(-97.5291088, 37.9423513),"1980","71-0",-97.5291088,37.9423513,175.8279266,"132-197"
"4974","Harvey",-56.5,NA,1980-10-01,375632097313701,79,0,c(-97.5291088, 37.9423513),"1980","71-0",-97.5291088,37.9423513,175.8279266,"132-197"
"4975","Harvey",-32,NA,1980-11-01,375632097313701,79,0,c(-97.5291088, 37.9423513),"1980","71-0",-97.5291088,37.9423513,175.8279266,"132-197"
"4976","Harvey",-34.43,NA,1980-12-01,375632097313701,79,0,c(-97.5291088, 37.9423513),"1980","71-0",-97.5291088,37.9423513,175.8279266,"132-197"
"4977","Stafford",-13.5,"Macksville",1980-01-01,375813098595101,185,0,c(-98.998005, 37.971207),"1980","71-0",-98.998005,37.971207,87.9042206,"66-131"
"4978","Stafford",-13.46,"Macksville",1980-01-23,375813098595101,185,0,c(-98.998005, 37.971207),"1980","71-0",-98.998005,37.971207,87.9042206,"66-131"
"4979","Stafford",-10.63,NA,1980-01-24,375423098295601,185,0,c(-98.4982899, 37.9068634),"1980","71-0",-98.4982899,37.9068634,93.4785919,"66-131"
"4980","Stafford",-9.66,"Hopewell",1980-01-22,375059098595801,185,0,c(-98.999963, 37.850616),"1980","71-0",-98.999963,37.850616,180.3062592,"132-197"
"4981","Pratt",-62.4,"Isabel",1980-01-22,372948098322001,151,0,c(-98.538386, 37.494894),"1980","71-0",-98.538386,37.494894,136.6503143,"132-197"
"4982","Ellsworth",-85.48,NA,1980-03-28,383334098194701,53,0,c(-98.3299753, 38.5590472),"1980","143-72",-98.3299753,38.5590472,10,"0-65"
"4983","Ellsworth",-126.76,NA,1980-06-27,383334098194701,53,0,c(-98.3299753, 38.5590472),"1980","143-72",-98.3299753,38.5590472,10,"0-65"
"4984","Ellsworth",-140.16,NA,1980-09-16,383334098194701,53,0,c(-98.3299753, 38.5590472),"1980","143-72",-98.3299753,38.5590472,10,"0-65"
"4985","Ellsworth",-116.75,NA,1980-12-23,383334098194701,53,0,c(-98.3299753, 38.5590472),"1980","143-72",-98.3299753,38.5590472,10,"0-65"
"4986","Stafford",-8.33,"Byers",1980-01-22,374930098451901,185,0,c(-98.7553922, 37.8277634),"1980","71-0",-98.7553922,37.8277634,142.1044769,"132-197"
"4987","Harvey",-13.76,NA,1980-01-01,375718097352601,79,0,c(-97.5932258, 37.9549763),"1980","71-0",-97.5932258,37.9549763,226.2155457,"198-262"
"4988","Harvey",-18.44,NA,1980-04-01,375718097352601,79,0,c(-97.5932258, 37.9549763),"1980","71-0",-97.5932258,37.9549763,226.2155457,"198-262"
"4989","Harvey",-19.36,NA,1980-07-01,375718097352601,79,0,c(-97.5932258, 37.9549763),"1980","71-0",-97.5932258,37.9549763,226.2155457,"198-262"
"4990","Harvey",-20.24,NA,1980-10-01,375718097352601,79,0,c(-97.5932258, 37.9549763),"1980","71-0",-97.5932258,37.9549763,226.2155457,"198-262"
"4991","Stafford",-36.2,"Saint John SW",1980-01-22,380136098544001,185,0,c(-98.91309, 38.029282),"1980","71-0",-98.91309,38.029282,45.4638672,"0-65"
"4992","Stafford",-35.99,"Saint John SW",1980-03-20,380136098544001,185,0,c(-98.91309, 38.029282),"1980","71-0",-98.91309,38.029282,45.4638672,"0-65"
"4993","Stafford",-38.65,"Saint John SW",1980-06-26,380136098544001,185,0,c(-98.91309, 38.029282),"1980","71-0",-98.91309,38.029282,45.4638672,"0-65"
"4994","Stafford",-44.23,"Saint John SW",1980-09-18,380136098544001,185,0,c(-98.91309, 38.029282),"1980","71-0",-98.91309,38.029282,45.4638672,"0-65"
"4995","Stafford",-25.5,"Radium",1980-01-01,380923098535101,185,0,c(-98.8980143, 38.1571931),"1980","71-0",-98.8980143,38.1571931,177.9954681,"132-197"
"4996","Stafford",-25.46,"Radium",1980-01-23,380923098535101,185,0,c(-98.8980143, 38.1571931),"1980","71-0",-98.8980143,38.1571931,177.9954681,"132-197"
"4997","Harvey",-29.63,NA,1980-06-25,380232097373804,79,0,c(-97.6276458, 38.0423752),"1980","71-0",-97.6276458,38.0423752,214.0228119,"198-262"
"4998","Harvey",-19.76,NA,1980-01-01,380238097342301,79,0,c(-97.5748869, 38.0442818),"1980","71-0",-97.5748869,38.0442818,199.4818268,"198-262"
"4999","Harvey",-19.73,NA,1980-04-01,380238097342301,79,0,c(-97.5748869, 38.0442818),"1980","71-0",-97.5748869,38.0442818,199.4818268,"198-262"
"5000","Harvey",-26.41,NA,1980-07-01,380238097342301,79,0,c(-97.5748869, 38.0442818),"1980","71-0",-97.5748869,38.0442818,199.4818268,"198-262"
"5001","Harvey",-27.61,NA,1980-10-01,380238097342301,79,0,c(-97.5748869, 38.0442818),"1980","71-0",-97.5748869,38.0442818,199.4818268,"198-262"
"5002","Harvey",-8.14,NA,1980-01-01,375540097362301,79,0,c(-97.6093414, 37.9277956),"1980","71-0",-97.6093414,37.9277956,162.2493134,"132-197"
"5003","Harvey",-7.98,NA,1980-04-01,375540097362301,79,0,c(-97.6093414, 37.9277956),"1980","71-0",-97.6093414,37.9277956,162.2493134,"132-197"
"5004","Harvey",-7.64,NA,1980-07-01,375540097362301,79,0,c(-97.6093414, 37.9277956),"1980","71-0",-97.6093414,37.9277956,162.2493134,"132-197"
"5005","Harvey",-10.12,NA,1980-10-01,375540097362301,79,0,c(-97.6093414, 37.9277956),"1980","71-0",-97.6093414,37.9277956,162.2493134,"132-197"
"5006","Kingman",-8.9,NA,1980-01-23,374332098040101,95,0,c(-98.0669127, 37.7269446),"1980","71-0",-98.0669127,37.7269446,19.522625,"0-65"
"5007","Reno",-25.83,NA,1980-01-23,374554098004901,155,0,c(-98.0147456, 37.7634311),"1980","71-0",-98.0147456,37.7634311,42.2458,"0-65"
"5008","Harvey",-9.64,NA,1980-01-01,375718097284601,79,0,c(-97.4810846, 37.9548292),"1980","71-0",-97.4810846,37.9548292,137.5438843,"132-197"
"5009","Harvey",-9.14,NA,1980-04-01,375718097284601,79,0,c(-97.4810846, 37.9548292),"1980","71-0",-97.4810846,37.9548292,137.5438843,"132-197"
"5010","Harvey",-15.27,NA,1980-10-01,375718097284601,79,0,c(-97.4810846, 37.9548292),"1980","71-0",-97.4810846,37.9548292,137.5438843,"132-197"
"5011","Washington",-47.53,NA,1980-03-10,394155097104501,201,0,c(-97.1799848, 39.6980001),"1980","71-0",-97.1799848,39.6980001,NA,NA
"5012","Washington",-47.35,NA,1980-06-05,394155097104501,201,0,c(-97.1799848, 39.6980001),"1980","71-0",-97.1799848,39.6980001,NA,NA
"5013","Washington",-47.12,NA,1980-09-11,394155097104501,201,0,c(-97.1799848, 39.6980001),"1980","71-0",-97.1799848,39.6980001,NA,NA
"5014","Washington",-47.35,NA,1980-12-19,394155097104501,201,0,c(-97.1799848, 39.6980001),"1980","71-0",-97.1799848,39.6980001,NA,NA
"5015","Kingman",-51.93,NA,1980-01-24,374313098201701,95,0,c(-98.3425573, 37.7215644),"1980","71-0",-98.3425573,37.7215644,121.6322937,"66-131"
"5016","Harvey",-9.36,NA,1980-01-01,375817097383701,79,0,c(-97.6460594, 37.9715332),"1980","71-0",-97.6460594,37.9715332,120.7109451,"66-131"
"5017","Harvey",-8.79,NA,1980-04-01,375817097383701,79,0,c(-97.6460594, 37.9715332),"1980","71-0",-97.6460594,37.9715332,120.7109451,"66-131"
"5018","Harvey",-8.46,NA,1980-07-01,375817097383701,79,0,c(-97.6460594, 37.9715332),"1980","71-0",-97.6460594,37.9715332,120.7109451,"66-131"
"5019","Harvey",-8.61,NA,1980-10-01,375817097383701,79,0,c(-97.6460594, 37.9715332),"1980","71-0",-97.6460594,37.9715332,120.7109451,"66-131"
"5020","Reno",-15.59,"Plevna",1980-01-24,380000098171701,155,0,c(-98.288695, 37.999214),"1980","71-0",-98.288695,37.999214,88.6426086,"66-131"
"5021","Reno",-13.5,"Plevna",1980-03-28,380000098171701,155,0,c(-98.288695, 37.999214),"1980","71-0",-98.288695,37.999214,88.6426086,"66-131"
"5022","Reno",-13.94,"Plevna",1980-06-27,380000098171701,155,0,c(-98.288695, 37.999214),"1980","71-0",-98.288695,37.999214,88.6426086,"66-131"
"5023","Reno",-17.56,"Plevna",1980-09-16,380000098171701,155,0,c(-98.288695, 37.999214),"1980","71-0",-98.288695,37.999214,88.6426086,"66-131"
"5024","Reno",-20.35,"Plevna",1980-12-23,380000098171701,155,0,c(-98.288695, 37.999214),"1980","71-0",-98.288695,37.999214,88.6426086,"66-131"
"5025","Reno",-5.87,NA,1980-01-22,380514098124901,155,0,c(-98.2123979, 38.0872238),"1980","71-0",-98.2123979,38.0872238,125.1783905,"66-131"
"5026","Reno",-3.35,"Arlington",1980-01-24,375802098144501,155,0,c(-98.2477185, 37.9673118),"1980","71-0",-98.2477185,37.9673118,47.2749901,"0-65"
"5027","Harvey",-23.34,NA,1980-01-01,375658097320202,79,0,c(-97.5360704, 37.9495655),"1980","71-0",-97.5360704,37.9495655,178.5577087,"132-197"
"5028","Harvey",-25.34,NA,1980-03-01,375658097320202,79,0,c(-97.5360704, 37.9495655),"1980","71-0",-97.5360704,37.9495655,178.5577087,"132-197"
"5029","Harvey",-24.76,NA,1980-04-01,375658097320202,79,0,c(-97.5360704, 37.9495655),"1980","71-0",-97.5360704,37.9495655,178.5577087,"132-197"
"5030","Harvey",-23.52,NA,1980-05-01,375658097320202,79,0,c(-97.5360704, 37.9495655),"1980","71-0",-97.5360704,37.9495655,178.5577087,"132-197"
"5031","Harvey",-26.27,NA,1980-08-01,375658097320202,79,0,c(-97.5360704, 37.9495655),"1980","71-0",-97.5360704,37.9495655,178.5577087,"132-197"
"5032","Harvey",-27.08,NA,1980-09-01,375658097320202,79,0,c(-97.5360704, 37.9495655),"1980","71-0",-97.5360704,37.9495655,178.5577087,"132-197"
"5033","Harvey",-26.98,NA,1980-10-01,375658097320202,79,0,c(-97.5360704, 37.9495655),"1980","71-0",-97.5360704,37.9495655,178.5577087,"132-197"
"5034","Harvey",-27.83,NA,1980-12-01,375658097320202,79,0,c(-97.5360704, 37.9495655),"1980","71-0",-97.5360704,37.9495655,178.5577087,"132-197"
"5035","Kingman",-4.18,"CHENEY",1980-01-23,373951097521902,95,0,c(-97.8707903, 37.6601365),"1980","71-0",-97.8707903,37.6601365,1.3737724,"0-65"
"5036","Kingman",-61.71,"Cunningham",1980-01-24,374123098253201,95,0,c(-98.42929, 37.688843),"1980","71-0",-98.42929,37.688843,106.8290558,"66-131"
"5037","Reno",-14.11,"Alden NW",1980-01-22,380929098272701,155,0,c(-98.454543, 38.158289),"1980","71-0",-98.454543,38.158289,206.0133057,"198-262"
"5038","Reno",-5.4,NA,1980-01-01,375820097452802,155,0,c(-97.7593709, 37.9725394),"1980","71-0",-97.7593709,37.9725394,288.3906555,"263-328"
"5039","Reno",-3.92,NA,1980-04-01,375820097452802,155,0,c(-97.7593709, 37.9725394),"1980","71-0",-97.7593709,37.9725394,288.3906555,"263-328"
"5040","Reno",-5.3,NA,1980-07-01,375820097452802,155,0,c(-97.7593709, 37.9725394),"1980","71-0",-97.7593709,37.9725394,288.3906555,"263-328"
"5041","Reno",-6.69,NA,1980-10-01,375820097452802,155,0,c(-97.7593709, 37.9725394),"1980","71-0",-97.7593709,37.9725394,288.3906555,"263-328"
"5042","Kingman",-34.2,"Willowdale",1980-01-23,373422098200201,95,0,c(-98.336226, 37.572484),"1980","71-0",-98.336226,37.572484,75.8351822,"66-131"
"5043","Harvey",-41.79,NA,1980-01-01,375909097273701,79,0,c(-97.4627522, 37.9859264),"1980","71-0",-97.4627522,37.9859264,123.6722565,"66-131"
"5044","Harvey",-41.35,NA,1980-04-01,375909097273701,79,0,c(-97.4627522, 37.9859264),"1980","71-0",-97.4627522,37.9859264,123.6722565,"66-131"
"5045","Harvey",-44.43,NA,1980-07-01,375909097273701,79,0,c(-97.4627522, 37.9859264),"1980","71-0",-97.4627522,37.9859264,123.6722565,"66-131"
"5046","Harvey",-48.82,NA,1980-10-01,375909097273701,79,0,c(-97.4627522, 37.9859264),"1980","71-0",-97.4627522,37.9859264,123.6722565,"66-131"
"5047","Clay",-10.62,"CLAY CENTER NW",1980-03-11,392256097105701,27,0,c(-97.180469, 39.383106),"1980","71-0",-97.180469,39.383106,NA,NA
"5048","Clay",-10.3,"CLAY CENTER NW",1980-06-05,392256097105701,27,0,c(-97.180469, 39.383106),"1980","71-0",-97.180469,39.383106,NA,NA
"5049","Clay",-10.3,"CLAY CENTER NW",1980-06-06,392256097105701,27,0,c(-97.180469, 39.383106),"1980","71-0",-97.180469,39.383106,NA,NA
"5050","Clay",-12.35,"CLAY CENTER NW",1980-09-11,392256097105701,27,0,c(-97.180469, 39.383106),"1980","71-0",-97.180469,39.383106,NA,NA
"5051","Clay",-12.35,"CLAY CENTER NW",1980-12-19,392256097105701,27,0,c(-97.180469, 39.383106),"1980","71-0",-97.180469,39.383106,NA,NA
"5052","Reno",-14.69,"Sylvia",1980-01-22,375721098263301,155,0,c(-98.4392374, 37.9562172),"1980","71-0",-98.4392374,37.9562172,88.2259903,"66-131"
"5053","Harvey",-9.49,NA,1980-06-25,375817097384603,79,0,c(-97.6460594, 37.9715332),"1980","71-0",-97.6460594,37.9715332,120.7109451,"66-131"
"5054","Harvey",-9.69,NA,1980-09-29,375817097384603,79,0,c(-97.6460594, 37.9715332),"1980","71-0",-97.6460594,37.9715332,120.7109451,"66-131"
"5055","Harvey",-4.71,"PATTERSON",1980-01-01,375725097404801,79,0,c(-97.6828506, 37.9570759),"1980","71-0",-97.6828506,37.9570759,138.9560089,"132-197"
"5056","Harvey",-2.28,"PATTERSON",1980-04-01,375725097404801,79,0,c(-97.6828506, 37.9570759),"1980","71-0",-97.6828506,37.9570759,138.9560089,"132-197"
"5057","Harvey",-5.42,"PATTERSON",1980-06-26,375725097404801,79,0,c(-97.6828506, 37.9570759),"1980","71-0",-97.6828506,37.9570759,138.9560089,"132-197"
"5058","Harvey",-5.14,"PATTERSON",1980-07-01,375725097404801,79,0,c(-97.6828506, 37.9570759),"1980","71-0",-97.6828506,37.9570759,138.9560089,"132-197"
"5059","Harvey",-7.26,"PATTERSON",1980-10-01,375725097404801,79,0,c(-97.6828506, 37.9570759),"1980","71-0",-97.6828506,37.9570759,138.9560089,"132-197"
"5060","Harvey",-7.48,"PATTERSON",1980-10-06,375725097404801,79,0,c(-97.6828506, 37.9570759),"1980","71-0",-97.6828506,37.9570759,138.9560089,"132-197"
"5061","Harvey",-44.33,NA,1980-01-01,375955097333201,79,0,c(-97.5610915, 37.9985903),"1980","71-0",-97.5610915,37.9985903,212.0122681,"198-262"
"5062","Harvey",-46.64,NA,1980-04-01,375955097333201,79,0,c(-97.5610915, 37.9985903),"1980","71-0",-97.5610915,37.9985903,212.0122681,"198-262"
"5063","Harvey",-43.34,NA,1980-07-01,375955097333201,79,0,c(-97.5610915, 37.9985903),"1980","71-0",-97.5610915,37.9985903,212.0122681,"198-262"
"5064","Harvey",-50.38,NA,1980-10-01,375955097333201,79,0,c(-97.5610915, 37.9985903),"1980","71-0",-97.5610915,37.9985903,212.0122681,"198-262"
"5065","Harvey",-14.32,NA,1980-01-01,375909097285401,79,0,c(-97.4832746, 37.9858216),"1980","71-0",-97.4832746,37.9858216,125.7496185,"66-131"
"5066","Harvey",-13.32,NA,1980-04-01,375909097285401,79,0,c(-97.4832746, 37.9858216),"1980","71-0",-97.4832746,37.9858216,125.7496185,"66-131"
"5067","Harvey",-16.82,NA,1980-07-01,375909097285401,79,0,c(-97.4832746, 37.9858216),"1980","71-0",-97.4832746,37.9858216,125.7496185,"66-131"
"5068","Harvey",-19.33,NA,1980-10-01,375909097285401,79,0,c(-97.4832746, 37.9858216),"1980","71-0",-97.4832746,37.9858216,125.7496185,"66-131"
"5069","Barber",-4.25,"GERLANE",1980-03-21,370837098314201,7,0,c(-98.5301321, 37.1445395),"1980","71-0",-98.5301321,37.1445395,NA,NA
"5070","Barber",-2.38,"GERLANE",1980-06-23,370837098314201,7,0,c(-98.5301321, 37.1445395),"1980","71-0",-98.5301321,37.1445395,NA,NA
"5071","Barber",-5.12,"GERLANE",1980-09-15,370837098314201,7,0,c(-98.5301321, 37.1445395),"1980","71-0",-98.5301321,37.1445395,NA,NA
"5072","Harvey",-11.54,NA,1980-01-01,375540097274501,79,0,c(-97.4658582, 37.9331096),"1980","71-0",-97.4658582,37.9331096,121.642807,"66-131"
"5073","Harvey",-11.55,NA,1980-04-01,375540097274501,79,0,c(-97.4658582, 37.9331096),"1980","71-0",-97.4658582,37.9331096,121.642807,"66-131"
"5074","Harvey",-19.52,NA,1980-07-01,375540097274501,79,0,c(-97.4658582, 37.9331096),"1980","71-0",-97.4658582,37.9331096,121.642807,"66-131"
"5075","Harvey",-18.66,NA,1980-10-01,375540097274501,79,0,c(-97.4658582, 37.9331096),"1980","71-0",-97.4658582,37.9331096,121.642807,"66-131"
"5076","Harvey",-25.93,NA,1980-01-01,375540097303201,79,0,c(-97.5107956, 37.9278132),"1980","71-0",-97.5107956,37.9278132,167.0934906,"132-197"
"5077","Harvey",-26,NA,1980-03-01,375540097303201,79,0,c(-97.5107956, 37.9278132),"1980","71-0",-97.5107956,37.9278132,167.0934906,"132-197"
"5078","Harvey",-25.88,NA,1980-04-01,375540097303201,79,0,c(-97.5107956, 37.9278132),"1980","71-0",-97.5107956,37.9278132,167.0934906,"132-197"
"5079","Harvey",-25.32,NA,1980-05-01,375540097303201,79,0,c(-97.5107956, 37.9278132),"1980","71-0",-97.5107956,37.9278132,167.0934906,"132-197"
"5080","Harvey",-25.16,NA,1980-08-01,375540097303201,79,0,c(-97.5107956, 37.9278132),"1980","71-0",-97.5107956,37.9278132,167.0934906,"132-197"
"5081","Harvey",-27.59,NA,1980-09-01,375540097303201,79,0,c(-97.5107956, 37.9278132),"1980","71-0",-97.5107956,37.9278132,167.0934906,"132-197"
"5082","Harvey",-27.91,NA,1980-10-01,375540097303201,79,0,c(-97.5107956, 37.9278132),"1980","71-0",-97.5107956,37.9278132,167.0934906,"132-197"
"5083","Harvey",-28.32,NA,1980-12-01,375540097303201,79,0,c(-97.5107956, 37.9278132),"1980","71-0",-97.5107956,37.9278132,167.0934906,"132-197"
"5084","Harvey",-27.29,NA,1980-01-01,375540097305602,79,0,c(-97.5176399, 37.9278297),"1980","71-0",-97.5176399,37.9278297,167.1837463,"132-197"
"5085","Harvey",-26.05,NA,1980-03-01,375540097305602,79,0,c(-97.5176399, 37.9278297),"1980","71-0",-97.5176399,37.9278297,167.1837463,"132-197"
"5086","Harvey",-25.75,NA,1980-04-01,375540097305602,79,0,c(-97.5176399, 37.9278297),"1980","71-0",-97.5176399,37.9278297,167.1837463,"132-197"
"5087","Harvey",-25.59,NA,1980-05-01,375540097305602,79,0,c(-97.5176399, 37.9278297),"1980","71-0",-97.5176399,37.9278297,167.1837463,"132-197"
"5088","Harvey",-27.93,NA,1980-08-01,375540097305602,79,0,c(-97.5176399, 37.9278297),"1980","71-0",-97.5176399,37.9278297,167.1837463,"132-197"
"5089","Harvey",-28.26,NA,1980-09-01,375540097305602,79,0,c(-97.5176399, 37.9278297),"1980","71-0",-97.5176399,37.9278297,167.1837463,"132-197"
"5090","Harvey",-29.27,NA,1980-10-01,375540097305602,79,0,c(-97.5176399, 37.9278297),"1980","71-0",-97.5176399,37.9278297,167.1837463,"132-197"
"5091","Harvey",-28.83,NA,1980-11-01,375540097305602,79,0,c(-97.5176399, 37.9278297),"1980","71-0",-97.5176399,37.9278297,167.1837463,"132-197"
"5092","Harvey",-28.76,NA,1980-12-01,375540097305602,79,0,c(-97.5176399, 37.9278297),"1980","71-0",-97.5176399,37.9278297,167.1837463,"132-197"
"5093","Harvey",-31.42,NA,1980-01-01,375625097305601,79,0,c(-97.5175977, 37.9405818),"1980","71-0",-97.5175977,37.9405818,167.4921112,"132-197"
"5094","Harvey",-30.87,NA,1980-04-01,375625097305601,79,0,c(-97.5175977, 37.9405818),"1980","71-0",-97.5175977,37.9405818,167.4921112,"132-197"
"5095","Harvey",-31.26,NA,1980-07-01,375625097305601,79,0,c(-97.5175977, 37.9405818),"1980","71-0",-97.5175977,37.9405818,167.4921112,"132-197"
"5096","Harvey",-34.29,NA,1980-10-01,375625097305601,79,0,c(-97.5175977, 37.9405818),"1980","71-0",-97.5175977,37.9405818,167.4921112,"132-197"
"5097","Harvey",-25.49,NA,1980-01-01,375625097331501,79,0,c(-97.5566376, 37.9405258),"1980","71-0",-97.5566376,37.9405258,196.5666351,"132-197"
"5098","Harvey",-24.17,NA,1980-04-01,375625097331501,79,0,c(-97.5566376, 37.9405258),"1980","71-0",-97.5566376,37.9405258,196.5666351,"132-197"
"5099","Harvey",-24.94,NA,1980-07-01,375625097331501,79,0,c(-97.5566376, 37.9405258),"1980","71-0",-97.5566376,37.9405258,196.5666351,"132-197"
"5100","Harvey",-25.81,NA,1980-10-01,375625097331501,79,0,c(-97.5566376, 37.9405258),"1980","71-0",-97.5566376,37.9405258,196.5666351,"132-197"
"5101","Harvey",-16.96,NA,1980-01-01,375718097320201,79,0,c(-97.5361144, 37.9550036),"1980","71-0",-97.5361144,37.9550036,174.2004089,"132-197"
"5102","Harvey",-18.52,NA,1980-04-01,375718097320201,79,0,c(-97.5361144, 37.9550036),"1980","71-0",-97.5361144,37.9550036,174.2004089,"132-197"
"5103","Harvey",-18.06,NA,1980-07-01,375718097320201,79,0,c(-97.5361144, 37.9550036),"1980","71-0",-97.5361144,37.9550036,174.2004089,"132-197"
"5104","Harvey",-21.18,NA,1980-10-01,375718097320201,79,0,c(-97.5361144, 37.9550036),"1980","71-0",-97.5361144,37.9550036,174.2004089,"132-197"
"5105","Harvey",-19.74,NA,1980-01-01,375909097305701,79,0,c(-97.5175708, 37.9860341),"1980","71-0",-97.5175708,37.9860341,166.4452362,"132-197"
"5106","Harvey",-19.04,NA,1980-04-01,375909097305701,79,0,c(-97.5175708, 37.9860341),"1980","71-0",-97.5175708,37.9860341,166.4452362,"132-197"
"5107","Harvey",-21.62,NA,1980-07-01,375909097305701,79,0,c(-97.5175708, 37.9860341),"1980","71-0",-97.5175708,37.9860341,166.4452362,"132-197"
"5108","Harvey",-24.69,NA,1980-10-01,375909097305701,79,0,c(-97.5175708, 37.9860341),"1980","71-0",-97.5175708,37.9860341,166.4452362,"132-197"
"5109","Kingman",-29.88,"Willowdale",1980-01-23,373601098175901,95,0,c(-98.30063, 37.601473),"1980","71-0",-98.30063,37.601473,83.1056061,"66-131"
"5110","Barber",-3.91,"GERLANE",1980-03-21,371414098334701,7,0,c(-98.5652944, 37.2388121),"1980","71-0",-98.5652944,37.2388121,NA,NA
"5111","Barber",-2.5,"GERLANE",1980-06-23,371414098334701,7,0,c(-98.5652944, 37.2388121),"1980","71-0",-98.5652944,37.2388121,NA,NA
"5112","Barber",-4.7,"GERLANE",1980-09-15,371414098334701,7,0,c(-98.5652944, 37.2388121),"1980","71-0",-98.5652944,37.2388121,NA,NA
"5113","Harvey",-10.38,NA,1980-01-01,375625097273701,79,0,c(-97.4627658, 37.9405034),"1980","71-0",-97.4627658,37.9405034,118.9657135,"66-131"
"5114","Harvey",-15.14,NA,1980-04-01,375625097273701,79,0,c(-97.4627658, 37.9405034),"1980","71-0",-97.4627658,37.9405034,118.9657135,"66-131"
"5115","Harvey",-15.93,NA,1980-07-01,375625097273701,79,0,c(-97.4627658, 37.9405034),"1980","71-0",-97.4627658,37.9405034,118.9657135,"66-131"
"5116","Harvey",-21.69,NA,1980-10-01,375625097273701,79,0,c(-97.4627658, 37.9405034),"1980","71-0",-97.4627658,37.9405034,118.9657135,"66-131"
"5117","Harvey",-16.13,NA,1980-01-01,375718097274501,79,0,c(-97.4650837, 37.9549957),"1980","71-0",-97.4650837,37.9549957,118.1418304,"66-131"
"5118","Harvey",-14.85,NA,1980-04-01,375718097274501,79,0,c(-97.4650837, 37.9549957),"1980","71-0",-97.4650837,37.9549957,118.1418304,"66-131"
"5119","Harvey",-17.97,NA,1980-07-01,375718097274501,79,0,c(-97.4650837, 37.9549957),"1980","71-0",-97.4650837,37.9549957,118.1418304,"66-131"
"5120","Harvey",-20.94,NA,1980-10-01,375718097274501,79,0,c(-97.4650837, 37.9549957),"1980","71-0",-97.4650837,37.9549957,118.1418304,"66-131"
"5121","Harvey",-25.51,NA,1980-01-01,375817097274501,79,0,c(-97.4650308, 37.971401),"1980","71-0",-97.4650308,37.971401,127.9868164,"66-131"
"5122","Harvey",-27.13,NA,1980-04-01,375817097274501,79,0,c(-97.4650308, 37.971401),"1980","71-0",-97.4650308,37.971401,127.9868164,"66-131"
"5123","Harvey",-26.99,NA,1980-07-01,375817097274501,79,0,c(-97.4650308, 37.971401),"1980","71-0",-97.4650308,37.971401,127.9868164,"66-131"
"5124","Harvey",-31.63,NA,1980-10-01,375817097274501,79,0,c(-97.4650308, 37.971401),"1980","71-0",-97.4650308,37.971401,127.9868164,"66-131"
"5125","Kingman",-48.55,"PENALOSA",1980-01-24,374208098170901,95,0,c(-98.2884234, 37.7024665),"1980","71-0",-98.2884234,37.7024665,98.4151993,"66-131"
"5126","Pratt",-70.5,"Cullison",1980-01-01,373924098571401,151,0,c(-98.9554141, 37.6551756),"1980","71-0",-98.9554141,37.6551756,147.8235168,"132-197"
"5127","Pratt",-70.5,"Cullison",1980-01-22,373924098571401,151,0,c(-98.9554141, 37.6551756),"1980","71-0",-98.9554141,37.6551756,147.8235168,"132-197"
"5128","Kingman",-21.4,"Kingman NW",1980-01-23,373859098101701,95,0,c(-98.171425, 37.651285),"1980","71-0",-98.171425,37.651285,17.4188232,"0-65"
"5129","Kingman",-18,"PENALOSA",1980-01-24,374045098211401,95,0,c(-98.3563666, 37.6789622),"1980","71-0",-98.3563666,37.6789622,101.4941406,"66-131"
"5130","Kingman",-24.7,"CUNNINGHAM",1980-01-24,373911098273501,95,0,c(-98.4608429, 37.652707),"1980","71-0",-98.4608429,37.652707,115.8647156,"66-131"
"5131","Harvey",-16.47,NA,1980-01-01,375632097284501,79,0,c(-97.4809594, 37.9422453),"1980","71-0",-97.4809594,37.9422453,146.6043854,"132-197"
"5132","Harvey",-16.55,NA,1980-04-01,375632097284501,79,0,c(-97.4809594, 37.9422453),"1980","71-0",-97.4809594,37.9422453,146.6043854,"132-197"
"5133","Harvey",-16.63,NA,1980-07-01,375632097284501,79,0,c(-97.4809594, 37.9422453),"1980","71-0",-97.4809594,37.9422453,146.6043854,"132-197"
"5134","Harvey",-22.27,NA,1980-10-01,375632097284501,79,0,c(-97.4809594, 37.9422453),"1980","71-0",-97.4809594,37.9422453,146.6043854,"132-197"
"5135","Reno",-13.76,"Plevna",1980-01-24,375353098153101,155,0,c(-98.256644, 37.898965),"1980","71-0",-98.256644,37.898965,94.0064392,"66-131"
"5136","Washington",-16.9,NA,1980-03-11,393407097205901,201,0,c(-97.3511645, 39.5678666),"1980","71-0",-97.3511645,39.5678666,NA,NA
"5137","Washington",-15.56,NA,1980-06-05,393407097205901,201,0,c(-97.3511645, 39.5678666),"1980","71-0",-97.3511645,39.5678666,NA,NA
"5138","Washington",-18.85,NA,1980-09-11,393407097205901,201,0,c(-97.3511645, 39.5678666),"1980","71-0",-97.3511645,39.5678666,NA,NA
"5139","Washington",-18.6,NA,1980-12-19,393407097205901,201,0,c(-97.3511645, 39.5678666),"1980","71-0",-97.3511645,39.5678666,NA,NA
"5140","Sedgwick",-27.08,NA,1980-01-01,375020097391401,173,0,c(-97.6572969, 37.838588),"1980","71-0",-97.6572969,37.838588,25.1122398,"0-65"
"5141","Sedgwick",-26.4,NA,1980-04-01,375020097391401,173,0,c(-97.6572969, 37.838588),"1980","71-0",-97.6572969,37.838588,25.1122398,"0-65"
"5142","Sedgwick",-26.33,NA,1980-07-01,375020097391401,173,0,c(-97.6572969, 37.838588),"1980","71-0",-97.6572969,37.838588,25.1122398,"0-65"
"5143","Sedgwick",-29.52,NA,1980-10-01,375020097391401,173,0,c(-97.6572969, 37.838588),"1980","71-0",-97.6572969,37.838588,25.1122398,"0-65"
"5144","Kingman",-7.2,"PENALOSA",1980-01-23,373819098154001,95,0,c(-98.261955, 37.640191),"1980","71-0",-98.261955,37.640191,25.9098396,"0-65"
"5145","Kingman",-6.2,"Waterloo",1980-01-23,374225097555101,95,0,c(-97.933016, 37.704781),"1980","71-0",-97.933016,37.704781,30.9440231,"0-65"
"5146","Kingman",-1.67,"KINGMAN NW",1980-01-23,374123098092701,95,0,c(-98.158527, 37.690176),"1980","71-0",-98.158527,37.690176,34.119957,"0-65"
"5147","Reno",-17.72,NA,1980-01-22,380837098202801,155,0,c(-98.3384724, 38.1435066),"1980","71-0",-98.3384724,38.1435066,177.4331665,"132-197"
"5148","Reno",-6.74,NA,1980-01-23,374815098114801,155,0,c(-98.1982603, 37.804705),"1980","71-0",-98.1982603,37.804705,NA,NA
"5149","Reno",-23.23,"Arlington",1980-01-23,375341098081801,155,0,c(-98.137377, 37.8922274),"1980","71-0",-98.137377,37.8922274,58.9721107,"0-65"
"5150","Harvey",-14.68,NA,1980-01-01,375500097255101,79,0,c(-97.4328582, 37.9168258),"1980","71-0",-97.4328582,37.9168258,80.223465,"66-131"
"5151","Harvey",-14.49,NA,1980-04-01,375500097255101,79,0,c(-97.4328582, 37.9168258),"1980","71-0",-97.4328582,37.9168258,80.223465,"66-131"
"5152","Harvey",-16.01,NA,1980-07-01,375500097255101,79,0,c(-97.4328582, 37.9168258),"1980","71-0",-97.4328582,37.9168258,80.223465,"66-131"
"5153","Harvey",-17.13,NA,1980-10-01,375500097255101,79,0,c(-97.4328582, 37.9168258),"1980","71-0",-97.4328582,37.9168258,80.223465,"66-131"
"5154","Harvey",-15.96,NA,1980-01-01,375447097273701,79,0,c(-97.4626312, 37.9131863),"1980","71-0",-97.4626312,37.9131863,145.8815308,"132-197"
"5155","Harvey",-15.5,NA,1980-04-01,375447097273701,79,0,c(-97.4626312, 37.9131863),"1980","71-0",-97.4626312,37.9131863,145.8815308,"132-197"
"5156","Harvey",-15.01,NA,1980-07-01,375447097273701,79,0,c(-97.4626312, 37.9131863),"1980","71-0",-97.4626312,37.9131863,145.8815308,"132-197"
"5157","Harvey",-15.2,NA,1980-10-01,375447097273701,79,0,c(-97.4626312, 37.9131863),"1980","71-0",-97.4626312,37.9131863,145.8815308,"132-197"
"5158","Stanton",-225.89,"Manter",1980-01-16,373433101563101,187,0,c(-101.940854, 37.578236),"1980","287-216",-101.940854,37.578236,23.392725,"0-65"
"5159","Stanton",-246.17,NA,1980-01-18,373136101450601,187,0,c(-101.7516531, 37.5274669),"1980","287-216",-101.7516531,37.5274669,57.3763084,"0-65"
"5160","Stanton",-253.34,NA,1980-10-13,373136101450601,187,0,c(-101.7516531, 37.5274669),"1980","287-216",-101.7516531,37.5274669,57.3763084,"0-65"
"5161","Seward",-206.61,NA,1980-01-17,372239100464501,175,0,c(-100.779537, 37.377932),"1980","215-144",-100.779537,37.377932,217.3798523,"198-262"
"5162","Stafford",-3.29,"Hudson",1980-01-01,380508098412703,185,0,c(-98.690929, 38.086432),"1980","71-0",-98.690929,38.086432,158.896759,"132-197"
"5163","Stafford",-2.39,"Hudson",1980-05-08,380508098412703,185,0,c(-98.690929, 38.086432),"1980","71-0",-98.690929,38.086432,158.896759,"132-197"
"5164","Stanton",-236.63,NA,1980-01-18,372846101505801,187,0,c(-101.8492515, 37.4813564),"1980","287-216",-101.8492515,37.4813564,10,"0-65"
"5165","Stafford",-4.85,"Hudson",1980-01-01,380508098412702,185,0,c(-98.690942, 38.086438),"1980","71-0",-98.690942,38.086438,158.896759,"132-197"
"5166","Stafford",-3.95,"Hudson",1980-05-08,380508098412702,185,0,c(-98.690942, 38.086438),"1980","71-0",-98.690942,38.086438,158.896759,"132-197"
"5167","Reno",-19.48,"Hutchinson SE",1980-01-30,380324097462401,155,0,c(-97.7741772, 38.0564317),"1980","71-0",-97.7741772,38.0564317,105.7238235,"66-131"
"5168","Barton",-18.03,"HEIZER",1980-03-20,382704098593803,9,0,c(-98.9949705, 38.4502484),"1980","71-0",-98.9949705,38.4502484,31.6355572,"0-65"
"5169","Barton",-18.88,"HEIZER",1980-07-02,382704098593803,9,0,c(-98.9949705, 38.4502484),"1980","71-0",-98.9949705,38.4502484,31.6355572,"0-65"
"5170","Barton",-23.13,"HEIZER",1980-09-18,382704098593803,9,0,c(-98.9949705, 38.4502484),"1980","71-0",-98.9949705,38.4502484,31.6355572,"0-65"
"5171","Barton",-23.78,"HEIZER",1980-12-30,382704098593803,9,0,c(-98.9949705, 38.4502484),"1980","71-0",-98.9949705,38.4502484,31.6355572,"0-65"
"5172","Finney",-84.41,"SCOTT CITY 4 SW",1980-01-04,380202100394701,55,0,c(-100.6630069, 38.0342108),"1980","143-72",-100.6630069,38.0342108,50.2462807,"0-65"
"5173","Stanton",-147.98,"Shore Airport NE",1980-01-18,372550101333801,187,0,c(-101.561944, 37.431791),"1980","215-144",-101.561944,37.431791,118.6620026,"66-131"
"5174","Wallace",-125.05,"Spring Valley Ranch",1980-01-16,384539101461101,199,0,c(-101.7701454, 38.75981),"1980","143-72",-101.7701454,38.75981,77.5230484,"66-131"
"5175","Reno",-33.42,"Alden",1980-01-22,381015098182501,155,0,c(-98.302936, 38.169862),"1980","71-0",-98.302936,38.169862,80.9600983,"66-131"
"5176","Kiowa",-42.2,"GREENSBURG NW",1980-01-22,374001099282201,97,0,c(-99.473253, 37.6723147),"1980","71-0",-99.473253,37.6723147,97.9053268,"66-131"
"5177","Kiowa",-40.95,"GREENSBURG NW",1980-03-21,374001099282201,97,0,c(-99.473253, 37.6723147),"1980","71-0",-99.473253,37.6723147,97.9053268,"66-131"
"5178","Kiowa",-41.8,"GREENSBURG NW",1980-06-23,374001099282201,97,0,c(-99.473253, 37.6723147),"1980","71-0",-99.473253,37.6723147,97.9053268,"66-131"
"5179","Kiowa",-43.89,"GREENSBURG NW",1980-09-15,374001099282201,97,0,c(-99.473253, 37.6723147),"1980","71-0",-99.473253,37.6723147,97.9053268,"66-131"
"5180","Kiowa",-57.9,"Bucklin SE",1980-01-01,373626099303901,97,0,c(-99.5104541, 37.6117131),"1980","71-0",-99.5104541,37.6117131,56.4776459,"0-65"
"5181","Kiowa",-57.94,"Bucklin SE",1980-01-22,373626099303901,97,0,c(-99.5104541, 37.6117131),"1980","71-0",-99.5104541,37.6117131,56.4776459,"0-65"
"5182","Kiowa",-61.95,"GREENSBURG NE",1980-01-22,373734099175001,97,0,c(-99.2995451, 37.6271558),"1980","71-0",-99.2995451,37.6271558,75.9380798,"66-131"
"5183","Harvey",-14.54,NA,1980-01-01,375633097364001,79,0,c(-97.6109824, 37.9421212),"1980","71-0",-97.6109824,37.9421212,166.6586304,"132-197"
"5184","Harvey",-15.32,NA,1980-03-03,375633097364001,79,0,c(-97.6109824, 37.9421212),"1980","71-0",-97.6109824,37.9421212,166.6586304,"132-197"
"5185","Harvey",-13.8,NA,1980-04-01,375633097364001,79,0,c(-97.6109824, 37.9421212),"1980","71-0",-97.6109824,37.9421212,166.6586304,"132-197"
"5186","Harvey",-13.6,NA,1980-05-01,375633097364001,79,0,c(-97.6109824, 37.9421212),"1980","71-0",-97.6109824,37.9421212,166.6586304,"132-197"
"5187","Harvey",-13.79,NA,1980-08-01,375633097364001,79,0,c(-97.6109824, 37.9421212),"1980","71-0",-97.6109824,37.9421212,166.6586304,"132-197"
"5188","Harvey",-17.34,NA,1980-09-01,375633097364001,79,0,c(-97.6109824, 37.9421212),"1980","71-0",-97.6109824,37.9421212,166.6586304,"132-197"
"5189","Harvey",-17.51,NA,1980-10-01,375633097364001,79,0,c(-97.6109824, 37.9421212),"1980","71-0",-97.6109824,37.9421212,166.6586304,"132-197"
"5190","Harvey",-15.43,NA,1980-11-01,375633097364001,79,0,c(-97.6109824, 37.9421212),"1980","71-0",-97.6109824,37.9421212,166.6586304,"132-197"
"5191","Harvey",-45.63,NA,1980-12-01,375633097364001,79,0,c(-97.6109824, 37.9421212),"1980","71-0",-97.6109824,37.9421212,166.6586304,"132-197"
"5192","Harvey",-22.33,NA,1980-01-01,375451097291401,79,0,c(-97.4907286, 37.912779),"1980","71-0",-97.4907286,37.912779,164.5970612,"132-197"
"5193","Harvey",-18.83,NA,1980-03-01,375451097291401,79,0,c(-97.4907286, 37.912779),"1980","71-0",-97.4907286,37.912779,164.5970612,"132-197"
"5194","Harvey",-20.39,NA,1980-04-01,375451097291401,79,0,c(-97.4907286, 37.912779),"1980","71-0",-97.4907286,37.912779,164.5970612,"132-197"
"5195","Harvey",-17.89,NA,1980-05-01,375451097291401,79,0,c(-97.4907286, 37.912779),"1980","71-0",-97.4907286,37.912779,164.5970612,"132-197"
"5196","Harvey",-18.35,NA,1980-08-01,375451097291401,79,0,c(-97.4907286, 37.912779),"1980","71-0",-97.4907286,37.912779,164.5970612,"132-197"
"5197","Harvey",-22.22,NA,1980-09-01,375451097291401,79,0,c(-97.4907286, 37.912779),"1980","71-0",-97.4907286,37.912779,164.5970612,"132-197"
"5198","Harvey",-23.92,NA,1980-10-01,375451097291401,79,0,c(-97.4907286, 37.912779),"1980","71-0",-97.4907286,37.912779,164.5970612,"132-197"
"5199","Harvey",-23.94,NA,1980-12-01,375451097291401,79,0,c(-97.4907286, 37.912779),"1980","71-0",-97.4907286,37.912779,164.5970612,"132-197"
"5200","Reno",-22.2,"Plevna",1980-01-24,375637098205201,155,0,c(-98.34834, 37.944565),"1980","71-0",-98.34834,37.944565,81.8501434,"66-131"
"5201","Reno",-16.55,"Alden SE",1980-01-24,380435098203301,155,0,c(-98.339821, 38.075372),"1980","71-0",-98.339821,38.075372,138.6734619,"132-197"
"5202","Osborne",-16.94,"ALTON",1980-03-06,392710098591901,141,0,c(-98.989788, 39.451685),"1980","71-0",-98.989788,39.451685,NA,NA
"5203","Osborne",-16.45,"ALTON",1980-05-21,392710098591901,141,0,c(-98.989788, 39.451685),"1980","71-0",-98.989788,39.451685,NA,NA
"5204","Osborne",-16.77,"ALTON",1980-09-03,392710098591901,141,0,c(-98.989788, 39.451685),"1980","71-0",-98.989788,39.451685,NA,NA
"5205","Osborne",-17.29,"ALTON",1980-12-11,392710098591901,141,0,c(-98.989788, 39.451685),"1980","71-0",-98.989788,39.451685,NA,NA
"5206","Kiowa",-48.5,"Greensburg NW",1980-01-01,374124099240001,97,0,c(-99.3997879, 37.6945299),"1980","71-0",-99.3997879,37.6945299,121.3539886,"66-131"
"5207","Kiowa",-48.47,"Greensburg NW",1980-01-21,374124099240001,97,0,c(-99.3997879, 37.6945299),"1980","71-0",-99.3997879,37.6945299,121.3539886,"66-131"
"5208","Barton",-9.97,"ELLINWOOD",1980-01-22,381714098300701,9,0,c(-98.502661, 38.285827),"1980","71-0",-98.502661,38.285827,110.2986298,"66-131"
"5209","Reno",-23.45,NA,1980-01-23,374543098050601,155,0,c(-98.0858356, 37.7630249),"1980","71-0",-98.0858356,37.7630249,37.1138,"0-65"
"5210","McPherson",-7.88,NA,1980-01-31,381919097334301,113,0,c(-97.5617429, 38.3210303),"1980","71-0",-97.5617429,38.3210303,43.3841934,"0-65"
"5211","Pawnee",-31.9,"Larned",1980-01-23,380744099023201,145,0,c(-99.042227, 38.130774),"1980","71-0",-99.042227,38.130774,61.5164337,"0-65"
"5212","Pawnee",-32,"Larned",1980-03-20,380744099023201,145,0,c(-99.042227, 38.130774),"1980","71-0",-99.042227,38.130774,61.5164337,"0-65"
"5213","Pawnee",-31.73,"Larned",1980-07-02,380744099023201,145,0,c(-99.042227, 38.130774),"1980","71-0",-99.042227,38.130774,61.5164337,"0-65"
"5214","Pawnee",-32.24,"Larned",1980-09-18,380744099023201,145,0,c(-99.042227, 38.130774),"1980","71-0",-99.042227,38.130774,61.5164337,"0-65"
"5215","Pawnee",-32.82,"Larned",1980-12-30,380744099023201,145,0,c(-99.042227, 38.130774),"1980","71-0",-99.042227,38.130774,61.5164337,"0-65"
"5216","Haskell",-225.13,NA,1980-01-07,373432100474001,81,0,c(-100.7960227, 37.5766026),"1980","287-216",-100.7960227,37.5766026,197.9457703,"132-197"
"5217","Haskell",-309.26,"North of Satanta",1980-01-09,373340100522701,81,0,c(-100.875942, 37.561975),"1980","359-288",-100.875942,37.561975,213.6642151,"198-262"
"5218","Stafford",-8.35,"Hudson",1980-01-23,380340098404601,185,0,c(-98.678807, 38.063674),"1980","71-0",-98.678807,38.063674,155.2784576,"132-197"
"5219","Stafford",-14.65,"Hudson",1980-01-23,380208098381001,185,0,c(-98.637078, 38.036181),"1980","71-0",-98.637078,38.036181,144.2897644,"132-197"
"5220","Reno",-18.09,"Waterloo",1980-01-23,374449097581101,155,0,c(-97.97049, 37.744473),"1980","71-0",-97.97049,37.744473,61.2118073,"0-65"
"5221","Sherman",-114.7,"Goodland NW",1980-01-09,392758101411201,181,0,c(-101.6888474, 39.4669673),"1980","143-72",-101.6888474,39.4669673,162.5798035,"132-197"
"5222","Kingman",-20,"ALAMEDA",1980-01-23,373331098033301,95,0,c(-98.057995, 37.56096),"1980","71-0",-98.057995,37.56096,31.6152229,"0-65"
"5223","McPherson",-104.37,"MCPHERSON NORTH",1980-01-28,382518097430501,113,0,c(-97.718953, 38.420487),"1980","143-72",-97.718953,38.420487,87.9265137,"66-131"
"5224","McPherson",-104.36,"MCPHERSON NORTH",1980-06-09,382518097430501,113,0,c(-97.718953, 38.420487),"1980","143-72",-97.718953,38.420487,87.9265137,"66-131"
"5225","McPherson",-107.07,"MCPHERSON NORTH",1980-10-01,382518097430501,113,0,c(-97.718953, 38.420487),"1980","143-72",-97.718953,38.420487,87.9265137,"66-131"
"5226","McPherson",-83.25,"MCPHERSON NORTH",1980-01-28,382413097443601,113,0,c(-97.743185, 38.402427),"1980","143-72",-97.743185,38.402427,10,"0-65"
"5227","McPherson",-83.09,"MCPHERSON NORTH",1980-06-09,382413097443601,113,0,c(-97.743185, 38.402427),"1980","143-72",-97.743185,38.402427,10,"0-65"
"5228","McPherson",-85.37,"MCPHERSON NORTH",1980-10-01,382413097443601,113,0,c(-97.743185, 38.402427),"1980","143-72",-97.743185,38.402427,10,"0-65"
"5229","Sherman",-187.99,"S of Crosby Creek",1980-01-09,393053101560401,181,0,c(-101.9351541, 39.5136844),"1980","215-144",-101.9351541,39.5136844,118.5501633,"66-131"
"5230","Sherman",-140.49,NA,1980-01-10,392442101432701,181,0,c(-101.7256776, 39.4118377),"1980","143-72",-101.7256776,39.4118377,163.0353699,"132-197"
"5231","Scott",-87.42,NA,1980-01-15,382829100531001,171,0,c(-100.8864551, 38.4708351),"1980","143-72",-100.8864551,38.4708351,93.477005,"66-131"
"5232","Ness",-24.62,"Beeler SW",1980-01-14,381946100141801,135,0,c(-100.2388169, 38.3284214),"1980","71-0",-100.2388169,38.3284214,NA,NA
"5233","Scott",-81.08,"Shallow Water",1980-01-14,381716100540601,171,0,c(-100.901734, 38.286882),"1980","143-72",-100.901734,38.286882,50.7010574,"0-65"
"5234","Reno",-15.04,"Alden NW",1980-01-01,380952098281702,155,0,c(-98.472791, 38.163696),"1980","71-0",-98.472791,38.163696,180.716156,"132-197"
"5235","Reno",-10.62,"Alden NW",1980-05-08,380952098281702,155,0,c(-98.472791, 38.163696),"1980","71-0",-98.472791,38.163696,180.716156,"132-197"
"5236","Reno",-11.88,"BURRTON",1980-06-26,380232097420602,155,0,c(-97.702214, 38.043094),"1980","71-0",-97.702214,38.043094,226.6472321,"198-262"
"5237","Reno",-13.63,"BURRTON",1980-10-07,380232097420602,155,0,c(-97.702214, 38.043094),"1980","71-0",-97.702214,38.043094,226.6472321,"198-262"
"5238","Cheyenne",-133.95,NA,1980-01-09,394744101552701,23,0,c(-101.9216994, 39.797275),"1980","143-72",-101.9216994,39.797275,21.3170071,"0-65"
"5239","Seward",-243.91,NA,1980-01-17,371529101022001,175,0,c(-101.0398137, 37.2579947),"1980","287-216",-101.0398137,37.2579947,213.2106018,"198-262"
"5240","Scott",-115.8,NA,1980-01-30,381921100592801,171,0,c(-100.991835, 38.322422),"1980","143-72",-100.991835,38.322422,16.2288456,"0-65"
"5241","Thomas",-141.02,"CHARDON SE",1980-06-04,393315101031501,193,0,c(-101.05417, 39.55434),"1980","143-72",-101.05417,39.55434,84.8619995,"66-131"
"5242","Thomas",-146.67,"CHARDON SE",1980-09-11,393315101031501,193,0,c(-101.05417, 39.55434),"1980","215-144",-101.05417,39.55434,84.8619995,"66-131"
"5243","Decatur",-29.35,"Jennings",1980-03-10,394248100150801,39,0,c(-100.255216, 39.712174),"1980","71-0",-100.255216,39.712174,27.991581,"0-65"
"5244","Decatur",-29.31,"Jennings",1980-06-02,394248100150801,39,0,c(-100.255216, 39.712174),"1980","71-0",-100.255216,39.712174,27.991581,"0-65"
"5245","Decatur",-35.52,"Jennings",1980-09-08,394248100150801,39,0,c(-100.255216, 39.712174),"1980","71-0",-100.255216,39.712174,27.991581,"0-65"
"5246","Decatur",-31.94,"Jennings",1980-12-15,394248100150801,39,0,c(-100.255216, 39.712174),"1980","71-0",-100.255216,39.712174,27.991581,"0-65"
"5247","Cheyenne",-15.99,"Crosby Creek",1980-01-08,394218101551201,23,0,c(-101.919557, 39.704864),"1980","71-0",-101.919557,39.704864,35.6788445,"0-65"
"5248","Seward",-96.9,"WOODS SE",1980-01-17,370147101004001,175,0,c(-101.0076034, 37.0282148),"1980","143-72",-101.0076034,37.0282148,524.6428223,"459-525"
"5249","Cheyenne",-183.22,"Bird City South",1980-01-10,394132101351201,23,0,c(-101.584046, 39.692765),"1980","215-144",-101.584046,39.692765,125.0685883,"66-131"
"5250","Cheyenne",-195.3,"Dewey Ranch NW",1980-01-10,394237101292901,23,0,c(-101.490843, 39.710476),"1980","215-144",-101.490843,39.710476,110.062088,"66-131"
"5251","Cheyenne",-151.06,"Dewey Ranch SW",1980-01-10,393704101273301,23,0,c(-101.459742, 39.619248),"1980","215-144",-101.459742,39.619248,142.7550812,"132-197"
"5252","Decatur",-15.76,"Selden",1980-12-18,393610100341701,39,0,c(-100.572922, 39.603154),"1980","71-0",-100.572922,39.603154,70.5248489,"66-131"
"5253","Meade",-164.43,NA,1980-01-15,372513100274101,119,0,c(-100.461627, 37.419623),"1980","215-144",-100.461627,37.419623,293.5829468,"263-328"
"5254","Cheyenne",-77.71,"Bird City South SE",1980-01-10,393724101321401,23,0,c(-101.536444, 39.624217),"1980","143-72",-101.536444,39.624217,141.7703247,"132-197"
"5255","Morton",-20.74,"Richfield",1980-01-16,371531101460301,129,0,c(-101.766344, 37.258253),"1980","71-0",-101.766344,37.258253,34.0303574,"0-65"
"5256","Ellsworth",-24.09,"LORRAINE",1980-03-28,383335098204601,53,0,c(-98.3463336, 38.5588966),"1980","71-0",-98.3463336,38.5588966,10,"0-65"
"5257","Ellsworth",-22.95,"LORRAINE",1980-06-27,383335098204601,53,0,c(-98.3463336, 38.5588966),"1980","71-0",-98.3463336,38.5588966,10,"0-65"
"5258","Ellsworth",-25.27,"LORRAINE",1980-09-16,383335098204601,53,0,c(-98.3463336, 38.5588966),"1980","71-0",-98.3463336,38.5588966,10,"0-65"
"5259","Ellsworth",-25.77,"LORRAINE",1980-12-23,383335098204601,53,0,c(-98.3463336, 38.5588966),"1980","71-0",-98.3463336,38.5588966,10,"0-65"
"5260","Ford",-113.9,"BUCKLIN",1980-06-04,373318099421801,57,0,c(-99.7063808, 37.5555195),"1980","143-72",-99.7063808,37.5555195,60.7425156,"0-65"
"5261","Finney",-94.15,"GARDEN CITY SW",1980-01-17,374757100524901,55,0,c(-100.8809694, 37.7996138),"1980","143-72",-100.8809694,37.7996138,310.637207,"263-328"
"5262","Ford",-72.53,"Fort Dodge",1980-01-22,374146099571101,57,0,c(-99.95548, 37.70264),"1980","143-72",-99.95548,37.70264,24.0724449,"0-65"
"5263","Ford",-75.53,"Fort Dodge",1980-04-09,374146099571101,57,0,c(-99.95548, 37.70264),"1980","143-72",-99.95548,37.70264,24.0724449,"0-65"
"5264","Ford",-78.45,"Fort Dodge",1980-06-25,374146099571101,57,0,c(-99.95548, 37.70264),"1980","143-72",-99.95548,37.70264,24.0724449,"0-65"
"5265","Ford",-23.91,NA,1980-01-04,374356099575201,57,0,c(-99.9654351, 37.7395192),"1980","71-0",-99.9654351,37.7395192,118.6846771,"66-131"
"5266","Stanton",-77.87,"Richfield NW",1980-01-18,372402101584001,187,0,c(-101.980452, 37.403529),"1980","143-72",-101.980452,37.403529,10,"0-65"
"5267","Ford",-159.1,"FORT DODGE SW",1980-06-11,373150099591701,57,0,c(-99.9896288, 37.5301198),"1980","215-144",-99.9896288,37.5301198,48.4045258,"0-65"
"5268","Finney",-109.97,"SCOTT CITY 4 SW",1980-01-04,380013100415901,55,0,c(-100.699744, 38.003742),"1980","143-72",-100.699744,38.003742,76.584877,"66-131"
"5269","Grant",-155.56,NA,1980-01-16,374100101270501,67,0,c(-101.453548, 37.683867),"1980","215-144",-101.453548,37.683867,88.089447,"66-131"
"5270","Grant",-154.63,NA,1980-04-09,374100101270501,67,0,c(-101.453548, 37.683867),"1980","215-144",-101.453548,37.683867,88.089447,"66-131"
"5271","Grant",-152.01,NA,1980-08-06,374100101270501,67,0,c(-101.453548, 37.683867),"1980","215-144",-101.453548,37.683867,88.089447,"66-131"
"5272","Grant",-155.63,NA,1980-10-14,374100101270501,67,0,c(-101.453548, 37.683867),"1980","215-144",-101.453548,37.683867,88.089447,"66-131"
"5273","Wallace",-112.36,NA,1980-01-15,384224101300601,199,0,c(-101.502473, 38.707183),"1980","143-72",-101.502473,38.707183,30.6302414,"0-65"
"5274","Stanton",-181.15,"Big Bow NW",1980-01-17,373808101422201,187,0,c(-101.7070324, 37.6380476),"1980","215-144",-101.7070324,37.6380476,78.2239227,"66-131"
"5275","Reno",-5.16,"BURRTON",1980-06-26,380054097420502,155,0,c(-97.702112, 38.014243),"1980","71-0",-97.702112,38.014243,238.3580933,"198-262"
"5276","Reno",-6.62,"BURRTON",1980-10-06,380054097420502,155,0,c(-97.702112, 38.014243),"1980","71-0",-97.702112,38.014243,238.3580933,"198-262"
"5277","Seward",-114.46,"Liberal",1980-01-17,370023100550801,175,0,c(-100.917644, 37.005856),"1980","143-72",-100.917644,37.005856,488.0591736,"459-525"
"5278","Kingman",-22.71,"Norwich",1980-07-01,372659097491801,95,0,c(-97.821696, 37.447864),"1980","71-0",-97.821696,37.447864,41.6606598,"0-65"
"5279","Kingman",-23.86,"Norwich",1980-12-24,372659097491801,95,0,c(-97.821696, 37.447864),"1980","71-0",-97.821696,37.447864,41.6606598,"0-65"
"5280","Decatur",-128.82,"Selden SW",1980-12-18,393440100395501,39,0,c(-100.665924, 39.578714),"1980","143-72",-100.665924,39.578714,99.0544586,"66-131"
"5281","Kingman",-61.94,"CLEVELAND",1980-01-23,373503098094301,95,0,c(-98.162318, 37.586307),"1980","71-0",-98.162318,37.586307,90.651947,"66-131"
"5282","Meade",-169.87,NA,1980-01-16,372117100354701,119,0,c(-100.597331, 37.355603),"1980","215-144",-100.597331,37.355603,251.1871033,"198-262"
"5283","Decatur",-127.59,"Jennings",1980-12-15,393853100150901,39,0,c(-100.255116, 39.648034),"1980","143-72",-100.255116,39.648034,57.7825089,"0-65"
"5284","Clark",-142.79,"Simmons Creek",1980-03-21,372758099520401,25,0,c(-99.8701811, 37.4688294),"1980","143-72",-99.8701811,37.4688294,26.1001816,"0-65"
"5285","Clark",-141.79,"Simmons Creek",1980-06-23,372758099520401,25,0,c(-99.8701811, 37.4688294),"1980","143-72",-99.8701811,37.4688294,26.1001816,"0-65"
"5286","Clark",-142.43,"Simmons Creek",1980-09-15,372758099520401,25,0,c(-99.8701811, 37.4688294),"1980","143-72",-99.8701811,37.4688294,26.1001816,"0-65"
"5287","Kingman",-35.44,"Kingman NW",1980-01-23,374143098124601,95,0,c(-98.213178, 37.694932),"1980","71-0",-98.213178,37.694932,65.7264786,"0-65"
"5288","Seward",-122.18,"Woods SE",1980-01-17,370523101004901,175,0,c(-101.013045, 37.089696),"1980","143-72",-101.013045,37.089696,461.9683533,"459-525"
"5289","Decatur",-105.17,"Jennings",1980-12-15,394208100221101,39,0,c(-100.371316, 39.7021618),"1980","143-72",-100.371316,39.7021618,58.5599022,"0-65"
"5290","Morton",-103.51,"Richfield SW",1980-01-16,371945101541201,129,0,c(-101.9030479, 37.3302597),"1980","143-72",-101.9030479,37.3302597,10,"0-65"
"5291","Meade",-157.67,NA,1980-01-17,371711100301701,119,0,c(-100.5072845, 37.2872571),"1980","215-144",-100.5072845,37.2872571,272.62146,"263-328"
"5292","Meade",-157.67,NA,1980-01-18,371711100301701,119,0,c(-100.5072845, 37.2872571),"1980","215-144",-100.5072845,37.2872571,272.62146,"263-328"
"5293","Wallace",-145.3,NA,1980-01-15,384315101325301,199,0,c(-101.5489415, 38.7207117),"1980","215-144",-101.5489415,38.7207117,26.4859848,"0-65"
"5294","Wallace",-145.63,NA,1980-04-21,384315101325301,199,0,c(-101.5489415, 38.7207117),"1980","215-144",-101.5489415,38.7207117,26.4859848,"0-65"
"5295","Wallace",-145.83,NA,1980-07-21,384315101325301,199,0,c(-101.5489415, 38.7207117),"1980","215-144",-101.5489415,38.7207117,26.4859848,"0-65"
"5296","Decatur",-13.14,"SELDEN NE",1980-12-18,393820100324401,39,0,c(-100.5458614, 39.6380469),"1980","71-0",-100.5458614,39.6380469,73.9213104,"66-131"
"5297","Seward",-7.57,"Liberal NE",1980-01-17,371148100510701,175,0,c(-100.850838, 37.196222),"1980","71-0",-100.850838,37.196222,284.4411621,"263-328"
"5298","Sheridan",-20.13,"Midway Draw East",1980-01-14,390959100220001,179,0,c(-100.366415, 39.166686),"1980","71-0",-100.366415,39.166686,37.7665405,"0-65"
"5299","Decatur",-91.2,"Dresden North",1980-12-15,394011100295401,39,0,c(-100.499421, 39.669455),"1980","143-72",-100.499421,39.669455,53.9521255,"0-65"
"5300","Decatur",-85.23,"LYLE",1980-12-16,395358100124001,39,0,c(-100.214015, 39.899435),"1980","143-72",-100.214015,39.899435,35.6895523,"0-65"
"5301","Decatur",-17.18,"Jennings",1980-12-15,394110100163301,39,0,c(-100.280217, 39.685494),"1980","71-0",-100.280217,39.685494,46.2840614,"0-65"
"5302","Meade",-67.56,NA,1980-01-18,372743100162501,119,0,c(-100.2765194, 37.4643303),"1980","71-0",-100.2765194,37.4643303,190.1746521,"132-197"
"5303","Meade",-8.19,NA,1980-01-18,372452100153801,119,0,c(-100.2627902, 37.4174169),"1980","71-0",-100.2627902,37.4174169,244.6885071,"198-262"
"5304","Meade",-6.13,NA,1980-05-06,372452100153801,119,0,c(-100.2627902, 37.4174169),"1980","71-0",-100.2627902,37.4174169,244.6885071,"198-262"
"5305","Meade",-7.89,NA,1980-07-08,372452100153801,119,0,c(-100.2627902, 37.4174169),"1980","71-0",-100.2627902,37.4174169,244.6885071,"198-262"
"5306","Meade",-6.48,NA,1980-10-09,372452100153801,119,0,c(-100.2627902, 37.4174169),"1980","71-0",-100.2627902,37.4174169,244.6885071,"198-262"
"5307","Decatur",-134.48,"Dresden South",1980-12-15,393709100252601,39,0,c(-100.424519, 39.620194),"1980","143-72",-100.424519,39.620194,40.9519348,"0-65"
"5308","Crawford",-215,NA,1980-05-16,372442094405801,37,0,c(-94.6833055, 37.4119318),"1980","215-144",-94.6833055,37.4119318,NA,NA
"5309","Decatur",-26.92,"SELDEN NE",1980-12-17,394432100370401,39,0,c(-100.615924, 39.741794),"1980","71-0",-100.615924,39.741794,4.1563845,"0-65"
"5310","Scott",-116,NA,1980-01-30,381822100575701,171,0,c(-100.9663157, 38.30542),"1980","143-72",-100.9663157,38.30542,14.2490473,"0-65"
"5311","Scott",-120.27,NA,1980-04-22,381822100575701,171,0,c(-100.9663157, 38.30542),"1980","143-72",-100.9663157,38.30542,14.2490473,"0-65"
"5312","Ford",-124.8,"KINGSDOWN",1980-06-24,373342099522101,57,0,c(-99.8739936, 37.5619079),"1980","143-72",-99.8739936,37.5619079,108.5391235,"66-131"
"5313","Ford",-153.2,"FORT DODGE",1980-06-27,373828099585701,57,0,c(-99.9824894, 37.6403093),"1980","215-144",-99.9824894,37.6403093,63.5305939,"0-65"
"5314","Lane",-104.61,"Shields",1980-01-14,383452100243601,101,0,c(-100.413515, 38.579233),"1980","143-72",-100.413515,38.579233,22.8673077,"0-65"
"5315","Meade",-174.77,"Missler",1980-01-18,371938100250102,119,0,c(-100.417226, 37.328853),"1980","215-144",-100.417226,37.328853,230.0929871,"198-262"
"5316","Gove",-13.05,"Castle Rock NW",1980-01-14,385423100142501,63,0,c(-100.243744, 38.906261),"1980","71-0",-100.243744,38.906261,NA,NA
"5317","Rawlins",-167.58,NA,1980-12-17,393736101141301,153,0,c(-101.2364711, 39.6272764),"1980","215-144",-101.2364711,39.6272764,103.9246826,"66-131"
"5318","Reno",-13.27,"ARLINGTON",1980-01-24,375950098121501,155,0,c(-98.2042793, 37.9974197),"1980","71-0",-98.2042793,37.9974197,64.2959442,"0-65"
"5319","Harvey",-25.85,"HALSTEAD",1980-06-25,380048097363201,79,0,c(-97.609134, 38.0132577),"1980","71-0",-97.609134,38.0132577,216.2524719,"198-262"
"5320","Harvey",-29.85,"HALSTEAD",1980-09-29,380048097363201,79,0,c(-97.609134, 38.0132577),"1980","71-0",-97.609134,38.0132577,216.2524719,"198-262"
"5321","Harvey",-29.18,"HALSTEAD",1980-10-10,380048097363201,79,0,c(-97.609134, 38.0132577),"1980","71-0",-97.609134,38.0132577,216.2524719,"198-262"
"5322","Harvey",-26.04,"HALSTEAD",1980-06-25,380048097363202,79,0,c(-97.609134, 38.0132577),"1980","71-0",-97.609134,38.0132577,216.2524719,"198-262"
"5323","Harvey",-27.25,"HALSTEAD",1980-09-29,380048097363202,79,0,c(-97.609134, 38.0132577),"1980","71-0",-97.609134,38.0132577,216.2524719,"198-262"
"5324","Harvey",-27.28,"HALSTEAD",1980-10-10,380048097363202,79,0,c(-97.609134, 38.0132577),"1980","71-0",-97.609134,38.0132577,216.2524719,"198-262"
"5325","Meade",-152.21,"Plains",1980-01-17,371938100302901,119,0,c(-100.5092367, 37.3293024),"1980","215-144",-100.5092367,37.3293024,272.947876,"263-328"
"5326","Decatur",-29.94,"KANONA NE",1980-12-16,395307100243001,39,0,c(-100.408921, 39.885965),"1980","71-0",-100.408921,39.885965,15.388629,"0-65"
"5327","Decatur",-18.87,"Clayton SW",1980-12-15,393407100143101,39,0,c(-100.245815, 39.568914),"1980","71-0",-100.245815,39.568914,58.3971481,"0-65"
"5328","Meade",-27.86,"Meade",1980-01-18,372026100162402,119,0,c(-100.2735206, 37.3425823),"1980","71-0",-100.2735206,37.3425823,171.8290863,"132-197"
"5329","Wichita",-80.75,NA,1980-01-16,382620101272901,203,0,c(-101.4587065, 38.4385052),"1980","143-72",-101.4587065,38.4385052,41.5479813,"0-65"
"5330","Wichita",-78.2,NA,1980-02-01,382622101151501,203,0,c(-101.2555386, 38.4392492),"1980","143-72",-101.2555386,38.4392492,21.675518,"0-65"
"5331","Reno",-33.09,NA,1980-01-23,375804097543001,155,0,c(-97.9092686, 37.9673883),"1980","71-0",-97.9092686,37.9673883,71.0215836,"66-131"
"5332","Republic",-138.9,"MUNDEN",1980-03-10,395926097363101,157,0,c(-97.6107781, 39.9900049),"1980","143-72",-97.6107781,39.9900049,NA,NA
"5333","Republic",-138.4,"MUNDEN",1980-06-04,395926097363101,157,0,c(-97.6107781, 39.9900049),"1980","143-72",-97.6107781,39.9900049,NA,NA
"5334","Republic",-152.25,"MUNDEN",1980-09-10,395926097363101,157,0,c(-97.6107781, 39.9900049),"1980","215-144",-97.6107781,39.9900049,NA,NA
"5335","Republic",-142.3,"MUNDEN",1980-12-18,395926097363101,157,0,c(-97.6107781, 39.9900049),"1980","143-72",-97.6107781,39.9900049,NA,NA
"5336","Pottawatomie",-22.4,NA,1980-03-11,391050096295201,149,0,c(-96.4977768, 39.1813817),"1980","71-0",-96.4977768,39.1813817,NA,NA
"5337","Pottawatomie",-21.18,NA,1980-06-05,391050096295201,149,0,c(-96.4977768, 39.1813817),"1980","71-0",-96.4977768,39.1813817,NA,NA
"5338","Pottawatomie",-23.5,NA,1980-09-11,391050096295201,149,0,c(-96.4977768, 39.1813817),"1980","71-0",-96.4977768,39.1813817,NA,NA
"5339","Pottawatomie",-24.55,NA,1980-12-19,391050096295201,149,0,c(-96.4977768, 39.1813817),"1980","71-0",-96.4977768,39.1813817,NA,NA
"5340","Edwards",-22,"Belpre NW",1980-01-01,375847099081601,47,0,c(-99.136984, 37.981515),"1980","71-0",-99.136984,37.981515,117.4682007,"66-131"
"5341","Edwards",-21.97,"Belpre NW",1980-01-21,375847099081601,47,0,c(-99.136984, 37.981515),"1980","71-0",-99.136984,37.981515,117.4682007,"66-131"
"5342","Ness",-27.5,"Laird",1980-01-14,382656100055901,135,0,c(-100.100508, 38.448516),"1980","71-0",-100.100508,38.448516,NA,NA
"5343","Riley",-28.93,NA,1980-03-11,390938096294301,161,0,c(-96.4963888, 39.1613424),"1980","71-0",-96.4963888,39.1613424,NA,NA
"5344","Riley",-26.3,NA,1980-06-05,390938096294301,161,0,c(-96.4963888, 39.1613424),"1980","71-0",-96.4963888,39.1613424,NA,NA
"5345","Riley",-30.6,NA,1980-09-11,390938096294301,161,0,c(-96.4963888, 39.1613424),"1980","71-0",-96.4963888,39.1613424,NA,NA
"5346","Riley",-31,NA,1980-12-19,390938096294301,161,0,c(-96.4963888, 39.1613424),"1980","71-0",-96.4963888,39.1613424,NA,NA
"5347","Scott",-74.75,"GRIGSTON",1980-01-15,382841100420601,171,0,c(-100.704725, 38.478728),"1980","143-72",-100.704725,38.478728,44.472702,"0-65"
"5348","Edwards",-28.35,"LEWIS",1980-01-21,375550099175601,47,0,c(-99.300307, 37.931799),"1980","71-0",-99.300307,37.931799,38.0177383,"0-65"
"5349","Gray",-5.08,"Cimarron",1980-01-12,374714100182601,69,0,c(-100.309471, 37.788222),"1980","71-0",-100.309471,37.788222,112.4105606,"66-131"
"5350","Gray",-5.15,"Cimarron",1980-01-17,374714100182601,69,0,c(-100.309471, 37.788222),"1980","71-0",-100.309471,37.788222,112.4105606,"66-131"
"5351","Sheridan",-145.81,NA,1980-01-16,392255100301801,179,0,c(-100.5053812, 39.3821651),"1980","215-144",-100.5053812,39.3821651,65.1539001,"0-65"
"5352","Ness",-29.45,"Alexander",1980-01-14,382749099352001,135,0,c(-99.589023, 38.465245),"1980","71-0",-99.589023,38.465245,NA,NA
"5353","Grant",-168.5,NA,1980-01-17,372739101274001,67,0,c(-101.460344, 37.46181),"1980","215-144",-101.460344,37.46181,187.4926758,"132-197"
"5354","Sherman",-210.49,NA,1980-01-09,393244102021801,181,0,c(-102.040861, 39.546295),"1980","215-144",-102.040861,39.546295,82.0081482,"66-131"
"5355","Hodgeman",-58.58,"Spearville NE",1980-01-16,375912099503201,83,0,c(-99.844656, 37.986669),"1980","71-0",-99.844656,37.986669,10,"0-65"
"5356","Kiowa",-98.45,"HAVILAND",1980-01-21,373732099013501,97,0,c(-99.028838, 37.624695),"1980","143-72",-99.028838,37.624695,111.7427063,"66-131"
"5357","Stafford",-18.82,"ST. JOHN S",1980-01-23,375330098475201,185,0,c(-98.7979049, 37.8943749),"1980","71-0",-98.7979049,37.8943749,147.5166321,"132-197"
"5358","Gray",-142.03,"Cimarron",1980-01-12,375018100171901,69,0,c(-100.29152, 37.839321),"1980","143-72",-100.29152,37.839321,120.7385864,"66-131"
"5359","Scott",-163.79,NA,1980-01-15,383712101041601,171,0,c(-101.0721792, 38.6188383),"1980","215-144",-101.0721792,38.6188383,27.5501041,"0-65"
"5360","Edwards",-23.78,"BELPRE NW",1980-01-22,375245099123501,47,0,c(-99.210355, 37.879783),"1980","71-0",-99.210355,37.879783,32.5406952,"0-65"
"5361","Wallace",-127.91,NA,1980-01-14,384316101441601,199,0,c(-101.7395463, 38.7202104),"1980","143-72",-101.7395463,38.7202104,58.4253082,"0-65"
"5362","Wallace",-126.48,NA,1980-04-21,384316101441601,199,0,c(-101.7395463, 38.7202104),"1980","143-72",-101.7395463,38.7202104,58.4253082,"0-65"
"5363","Wallace",-133.83,NA,1980-07-21,384316101441601,199,0,c(-101.7395463, 38.7202104),"1980","143-72",-101.7395463,38.7202104,58.4253082,"0-65"
"5364","Wallace",-137.31,NA,1980-10-06,384316101441601,199,0,c(-101.7395463, 38.7202104),"1980","143-72",-101.7395463,38.7202104,58.4253082,"0-65"
"5365","Scott",-123.22,"Pence SE",1980-01-15,383448101044801,171,0,c(-101.082431, 38.578808),"1980","143-72",-101.082431,38.578808,50.0852623,"0-65"
"5366","Sheridan",-124.46,NA,1980-01-17,392000100424001,179,0,c(-100.710324, 39.332725),"1980","143-72",-100.710324,39.332725,68.8952332,"66-131"
"5367","Kiowa",-95.25,"BRENGAM",1980-01-22,373612099093801,97,0,c(-99.163669, 37.602918),"1980","143-72",-99.163669,37.602918,112.3295593,"66-131"
"5368","Stafford",-19.64,"Macksville",1980-01-22,375521098543201,185,0,c(-98.908232, 37.9235),"1980","71-0",-98.908232,37.9235,133.8270569,"132-197"
"5369","Stafford",-23.44,"Macksville",1980-01-23,375859098574001,185,0,c(-98.962126, 37.985815),"1980","71-0",-98.962126,37.985815,47.9804802,"0-65"
"5370","Pratt",-58.65,"Pratt",1980-01-23,374126098411501,151,0,c(-98.686792, 37.689593),"1980","71-0",-98.686792,37.689593,94.2179565,"66-131"
"5371","Reno",-8.88,"BURRTON",1980-06-26,380232097420601,155,0,c(-97.702183, 38.043086),"1980","71-0",-97.702183,38.043086,226.6472321,"198-262"
"5372","Reno",-11.23,"BURRTON",1980-10-07,380232097420601,155,0,c(-97.702183, 38.043086),"1980","71-0",-97.702183,38.043086,226.6472321,"198-262"
"5373","Sedgwick",-23.49,NA,1980-12-24,373532097320601,173,0,c(-97.5353994, 37.5907681),"1980","71-0",-97.5353994,37.5907681,NA,NA
"5374","Sedgwick",-20.68,NA,1980-01-03,374744097303001,173,0,c(-97.5112715, 37.792583),"1980","71-0",-97.5112715,37.792583,169.1432648,"132-197"
"5375","Sedgwick",-20.25,NA,1980-03-27,374744097303001,173,0,c(-97.5112715, 37.792583),"1980","71-0",-97.5112715,37.792583,169.1432648,"132-197"
"5376","Sedgwick",-21.61,NA,1980-07-01,374744097303001,173,0,c(-97.5112715, 37.792583),"1980","71-0",-97.5112715,37.792583,169.1432648,"132-197"
"5377","Sedgwick",-22.74,NA,1980-09-17,374744097303001,173,0,c(-97.5112715, 37.792583),"1980","71-0",-97.5112715,37.792583,169.1432648,"132-197"
"5378","Sedgwick",-21.87,NA,1980-12-24,374744097303001,173,0,c(-97.5112715, 37.792583),"1980","71-0",-97.5112715,37.792583,169.1432648,"132-197"
"5379","Sedgwick",-13.5,NA,1980-01-01,375118097273701,173,0,c(-97.4626283, 37.8550476),"1980","71-0",-97.4626283,37.8550476,156.890152,"132-197"
"5380","Sedgwick",-12.8,NA,1980-04-01,375118097273701,173,0,c(-97.4626283, 37.8550476),"1980","71-0",-97.4626283,37.8550476,156.890152,"132-197"
"5381","Sedgwick",-12.08,NA,1980-07-01,375118097273701,173,0,c(-97.4626283, 37.8550476),"1980","71-0",-97.4626283,37.8550476,156.890152,"132-197"
"5382","Sedgwick",-14.96,NA,1980-10-01,375118097273701,173,0,c(-97.4626283, 37.8550476),"1980","71-0",-97.4626283,37.8550476,156.890152,"132-197"
"5383","Ford",-127.2,"BUCKLIN",1980-03-04,373253099442201,57,0,c(-99.7400524, 37.5482205),"1980","143-72",-99.7400524,37.5482205,75.1391907,"66-131"
"5384","Ford",-126.7,"BUCKLIN",1980-06-04,373253099442201,57,0,c(-99.7400524, 37.5482205),"1980","143-72",-99.7400524,37.5482205,75.1391907,"66-131"
"5385","Reno",-9.31,"Sylvia",1980-01-01,375458098281402,155,0,c(-98.471992, 37.916153),"1980","71-0",-98.471992,37.916153,86.2087708,"66-131"
"5386","Reno",-7.78,"Sylvia",1980-05-08,375458098281402,155,0,c(-98.471992, 37.916153),"1980","71-0",-98.471992,37.916153,86.2087708,"66-131"
"5387","Reno",-8.4,"Sylvia",1980-01-01,375458098281401,155,0,c(-98.471992, 37.916136),"1980","71-0",-98.471992,37.916136,86.2087708,"66-131"
"5388","Reno",-7.64,"Sylvia",1980-05-08,375458098281401,155,0,c(-98.471992, 37.916136),"1980","71-0",-98.471992,37.916136,86.2087708,"66-131"
"5389","Ford",-128,"ENSIGN SE",1980-06-17,373306100041401,57,0,c(-100.0709535, 37.5516951),"1980","143-72",-100.0709535,37.5516951,40.1195755,"0-65"
"5390","Ford",-128.84,"ENSIGN SE",1980-09-17,373306100041401,57,0,c(-100.0709535, 37.5516951),"1980","143-72",-100.0709535,37.5516951,40.1195755,"0-65"
"5391","Stafford",-14.18,"Stafford",1980-01-01,375342098360701,185,0,c(-98.6012206, 37.8958256),"1980","71-0",-98.6012206,37.8958256,131.5118866,"66-131"
"5392","Stafford",-8.34,"Stafford",1980-05-08,375342098360701,185,0,c(-98.6012206, 37.8958256),"1980","71-0",-98.6012206,37.8958256,131.5118866,"66-131"
"5393","Ford",-53.6,"ENSIGN SW",1980-03-05,373034100084701,57,0,c(-100.1471858, 37.50931),"1980","71-0",-100.1471858,37.50931,121.4645538,"66-131"
"5394","Pawnee",-9.82,"Garfield",1980-01-23,380712099090001,145,0,c(-99.1492345, 38.1202848),"1980","71-0",-99.1492345,38.1202848,34.1166191,"0-65"
"5395","Ford",-18.4,"BUCKLIN NW",1980-10-08,373800099431601,57,0,c(-99.7220019, 37.6334289),"1980","71-0",-99.7220019,37.6334289,38.0681877,"0-65"
"5396","Ford",-63.9,"BUCKLIN",1980-06-12,373657099440701,57,0,c(-99.7359821, 37.6156752),"1980","71-0",-99.7359821,37.6156752,46.3556175,"0-65"
"5397","Ford",-110.8,"BUCKLIN",1980-06-18,373431099412001,57,0,c(-99.6897493, 37.5753494),"1980","143-72",-99.6897493,37.5753494,42.7935143,"0-65"
"5398","Ford",-133.3,"FORT DODGE SW",1980-03-07,373611099532101,57,0,c(-99.8894634, 37.6030792),"1980","143-72",-99.8894634,37.6030792,128.4322968,"66-131"
"5399","Stevens",-172.63,NA,1980-01-16,372201101211701,189,0,c(-101.356535, 37.3671252),"1980","215-144",-101.356535,37.3671252,116.1792831,"66-131"
"5400","Reno",-8.79,"Alden NW",1980-01-22,380935098233201,155,0,c(-98.389548, 38.15903),"1980","71-0",-98.389548,38.15903,210.3695679,"198-262"
"5401","McPherson",-48.73,"McPherson South",1980-02-14,381721097415901,113,0,c(-97.699242, 38.287523),"1980","71-0",-97.699242,38.287523,81.646637,"66-131"
"5402","McPherson",-48.2,"McPherson South",1980-06-09,381721097415901,113,0,c(-97.699242, 38.287523),"1980","71-0",-97.699242,38.287523,81.646637,"66-131"
"5403","McPherson",-50.07,"McPherson South",1980-10-01,381721097415901,113,0,c(-97.699242, 38.287523),"1980","71-0",-97.699242,38.287523,81.646637,"66-131"
"5404","Sedgwick",-23.5,NA,1980-01-03,374606097285101,173,0,c(-97.4819966, 37.7665961),"1980","71-0",-97.4819966,37.7665961,96.2616272,"66-131"
"5405","Sedgwick",-23.16,NA,1980-03-27,374606097285101,173,0,c(-97.4819966, 37.7665961),"1980","71-0",-97.4819966,37.7665961,96.2616272,"66-131"
"5406","Sedgwick",-23.07,NA,1980-07-01,374606097285101,173,0,c(-97.4819966, 37.7665961),"1980","71-0",-97.4819966,37.7665961,96.2616272,"66-131"
"5407","Sedgwick",-24.6,NA,1980-09-17,374606097285101,173,0,c(-97.4819966, 37.7665961),"1980","71-0",-97.4819966,37.7665961,96.2616272,"66-131"
"5408","Sedgwick",-24.62,NA,1980-12-24,374606097285101,173,0,c(-97.4819966, 37.7665961),"1980","71-0",-97.4819966,37.7665961,96.2616272,"66-131"
"5409","Sedgwick",-7.65,NA,1980-01-01,375441097243001,173,0,c(-97.4098977, 37.9112881),"1980","71-0",-97.4098977,37.9112881,76.2381973,"66-131"
"5410","Sedgwick",-6.39,NA,1980-04-01,375441097243001,173,0,c(-97.4098977, 37.9112881),"1980","71-0",-97.4098977,37.9112881,76.2381973,"66-131"
"5411","Sedgwick",-6.64,NA,1980-07-01,375441097243001,173,0,c(-97.4098977, 37.9112881),"1980","71-0",-97.4098977,37.9112881,76.2381973,"66-131"
"5412","Sedgwick",-8.15,NA,1980-10-01,375441097243001,173,0,c(-97.4098977, 37.9112881),"1980","71-0",-97.4098977,37.9112881,76.2381973,"66-131"
"5413","McPherson",-5.07,NA,1980-02-01,382906097371801,113,0,c(-97.6216791, 38.4845511),"1980","71-0",-97.6216791,38.4845511,11.1173592,"0-65"
"5414","McPherson",-35.82,"McPherson South",1980-01-29,381649097443601,113,0,c(-97.744524, 38.278792),"1980","71-0",-97.744524,38.278792,73.7562103,"66-131"
"5415","McPherson",-34.83,"McPherson South",1980-06-09,381649097443601,113,0,c(-97.744524, 38.278792),"1980","71-0",-97.744524,38.278792,73.7562103,"66-131"
"5416","McPherson",-40.81,"McPherson South",1980-10-01,381649097443601,113,0,c(-97.744524, 38.278792),"1980","71-0",-97.744524,38.278792,73.7562103,"66-131"
"5417","Sedgwick",-18.03,NA,1980-01-01,375256097281103,173,0,c(-97.4718908, 37.8823584),"1980","71-0",-97.4718908,37.8823584,158.9359589,"132-197"
"5418","Sedgwick",-15.9,NA,1980-03-01,375256097281103,173,0,c(-97.4718908, 37.8823584),"1980","71-0",-97.4718908,37.8823584,158.9359589,"132-197"
"5419","Sedgwick",-15.14,NA,1980-04-01,375256097281103,173,0,c(-97.4718908, 37.8823584),"1980","71-0",-97.4718908,37.8823584,158.9359589,"132-197"
"5420","Sedgwick",-13.13,NA,1980-05-01,375256097281103,173,0,c(-97.4718908, 37.8823584),"1980","71-0",-97.4718908,37.8823584,158.9359589,"132-197"
"5421","Sedgwick",-14.43,NA,1980-08-01,375256097281103,173,0,c(-97.4718908, 37.8823584),"1980","71-0",-97.4718908,37.8823584,158.9359589,"132-197"
"5422","Sedgwick",-19.52,NA,1980-09-01,375256097281103,173,0,c(-97.4718908, 37.8823584),"1980","71-0",-97.4718908,37.8823584,158.9359589,"132-197"
"5423","Sedgwick",-31.34,NA,1980-10-01,375256097281103,173,0,c(-97.4718908, 37.8823584),"1980","71-0",-97.4718908,37.8823584,158.9359589,"132-197"
"5424","Sedgwick",-30.56,NA,1980-12-01,375256097281103,173,0,c(-97.4718908, 37.8823584),"1980","71-0",-97.4718908,37.8823584,158.9359589,"132-197"
"5425","Harvey",-11.46,"BURRTON",1980-01-01,380146097394501,79,0,c(-97.665615, 38.029287),"1980","71-0",-97.665615,38.029287,183.6156006,"132-197"
"5426","Harvey",-12,"BURRTON",1980-04-01,380146097394501,79,0,c(-97.665615, 38.029287),"1980","71-0",-97.665615,38.029287,183.6156006,"132-197"
"5427","Harvey",-12.46,"BURRTON",1980-06-25,380146097394501,79,0,c(-97.665615, 38.029287),"1980","71-0",-97.665615,38.029287,183.6156006,"132-197"
"5428","Harvey",-11.53,"BURRTON",1980-07-01,380146097394501,79,0,c(-97.665615, 38.029287),"1980","71-0",-97.665615,38.029287,183.6156006,"132-197"
"5429","Harvey",-13.91,"BURRTON",1980-09-30,380146097394501,79,0,c(-97.665615, 38.029287),"1980","71-0",-97.665615,38.029287,183.6156006,"132-197"
"5430","Harvey",-13.11,"BURRTON",1980-10-01,380146097394501,79,0,c(-97.665615, 38.029287),"1980","71-0",-97.665615,38.029287,183.6156006,"132-197"
"5431","Harvey",-26.55,NA,1980-01-01,380140097365901,79,0,c(-97.6183814, 38.027797),"1980","71-0",-97.6183814,38.027797,208.1074982,"198-262"
"5432","Harvey",-25.83,NA,1980-04-01,380140097365901,79,0,c(-97.6183814, 38.027797),"1980","71-0",-97.6183814,38.027797,208.1074982,"198-262"
"5433","Harvey",-28.17,NA,1980-07-01,380140097365901,79,0,c(-97.6183814, 38.027797),"1980","71-0",-97.6183814,38.027797,208.1074982,"198-262"
"5434","Harvey",-30.67,NA,1980-10-01,380140097365901,79,0,c(-97.6183814, 38.027797),"1980","71-0",-97.6183814,38.027797,208.1074982,"198-262"
"5435","Hamilton",-183.69,NA,1980-01-14,381027101355301,75,0,c(-101.5960139, 38.1750401),"1980","215-144",-101.5960139,38.1750401,10,"0-65"
"5436","Finney",-22.4,NA,1980-01-04,381043100274201,55,0,c(-100.462733, 38.1780963),"1980","71-0",-100.462733,38.1780963,NA,NA
"5437","Sheridan",-129.19,"Hoxie NE",1980-01-15,392847100152601,179,0,c(-100.259115, 39.479903),"1980","143-72",-100.259115,39.479903,75.5564728,"66-131"
"5438","Pawnee",-9.45,"ROZEL SE",1980-01-23,380105099174801,145,0,c(-99.295807, 38.019566),"1980","71-0",-99.295807,38.019566,41.1616287,"0-65"
"5439","Pawnee",-8.65,"ROZEL SE",1980-03-20,380105099174801,145,0,c(-99.295807, 38.019566),"1980","71-0",-99.295807,38.019566,41.1616287,"0-65"
"5440","Pawnee",-8.78,"ROZEL SE",1980-06-24,380105099174801,145,0,c(-99.295807, 38.019566),"1980","71-0",-99.295807,38.019566,41.1616287,"0-65"
"5441","Pawnee",-9.85,"ROZEL SE",1980-09-22,380105099174801,145,0,c(-99.295807, 38.019566),"1980","71-0",-99.295807,38.019566,41.1616287,"0-65"
"5442","Pawnee",-33.34,NA,1980-01-23,380335099105601,145,0,c(-99.1818879, 38.0616218),"1980","71-0",-99.1818879,38.0616218,43.4086533,"0-65"
"5443","Barton",-19.84,"GREAT BEND NE",1980-01-22,382506098470501,9,0,c(-98.7852029, 38.4170761),"1980","71-0",-98.7852029,38.4170761,33.2602386,"0-65"
"5444","McPherson",-14.93,NA,1980-01-31,381543097231001,113,0,c(-97.3866165, 38.261728),"1980","71-0",-97.3866165,38.261728,21.0444317,"0-65"
"5445","Meade",-85.64,"Lake Meade",1980-01-17,370819100250601,119,0,c(-100.4206651, 37.1393845),"1980","143-72",-100.4206651,37.1393845,156.3274536,"132-197"
"5446","Stevens",-121.48,NA,1980-01-16,371654101244001,189,0,c(-101.413036, 37.282584),"1980","143-72",-101.413036,37.282584,318.8713379,"263-328"
"5447","Stevens",-176.16,"Wagon Bed Spring SE",1980-01-16,372016101201201,189,0,c(-101.338938, 37.337053),"1980","215-144",-101.338938,37.337053,141.4273682,"132-197"
"5448","Stevens",-173.86,"Wagon Bed Spring SE",1980-04-08,372016101201201,189,0,c(-101.338938, 37.337053),"1980","215-144",-101.338938,37.337053,141.4273682,"132-197"
"5449","Rush",-32.89,NA,1980-03-20,382908099105401,165,0,c(-99.1809905, 38.4856104),"1980","71-0",-99.1809905,38.4856104,25,"0-65"
"5450","Rush",-32.82,NA,1980-07-02,382908099105401,165,0,c(-99.1809905, 38.4856104),"1980","71-0",-99.1809905,38.4856104,25,"0-65"
"5451","Rush",-33.11,NA,1980-09-18,382908099105401,165,0,c(-99.1809905, 38.4856104),"1980","71-0",-99.1809905,38.4856104,25,"0-65"
"5452","Rush",-33.48,NA,1980-12-30,382908099105401,165,0,c(-99.1809905, 38.4856104),"1980","71-0",-99.1809905,38.4856104,25,"0-65"
"5453","Stanton",-193.73,"Shore Airport",1980-01-18,372326101422301,187,0,c(-101.707645, 37.391761),"1980","215-144",-101.707645,37.391761,10,"0-65"
"5454","Stanton",-151.23,NA,1980-01-17,373755101453801,187,0,c(-101.7606344, 37.6330075),"1980","215-144",-101.7606344,37.6330075,97.5293121,"66-131"
"5455","Morton",-99.69,"Elkhart NW",1980-01-17,371000101535601,129,0,c(-101.899846, 37.164973),"1980","143-72",-101.899846,37.164973,66.9166336,"66-131"
"5456","Stevens",-174.9,"Moscow",1980-01-16,372227101121501,189,0,c(-101.205041, 37.373424),"1980","215-144",-101.205041,37.373424,149.1322021,"132-197"
"5457","Stevens",-169.63,"Moscow",1980-04-08,372227101121501,189,0,c(-101.205041, 37.373424),"1980","215-144",-101.205041,37.373424,149.1322021,"132-197"
"5458","Edwards",-32,"Lewis",1980-01-01,375339099201601,47,0,c(-99.336692, 37.894616),"1980","71-0",-99.336692,37.894616,80.2991333,"66-131"
"5459","Edwards",-32.01,"Lewis",1980-01-21,375339099201601,47,0,c(-99.336692, 37.894616),"1980","71-0",-99.336692,37.894616,80.2991333,"66-131"
"5460","Edwards",-28.6,"HAVILAND NE",1980-01-22,374408099070401,47,0,c(-99.118718, 37.7371),"1980","71-0",-99.118718,37.7371,179.718338,"132-197"
"5461","Osborne",-32.19,"OSBORNE",1980-05-21,392518098393601,141,0,c(-98.664309, 39.42298),"1980","71-0",-98.664309,39.42298,NA,NA
"5462","Osborne",-34.69,"OSBORNE",1980-09-30,392518098393601,141,0,c(-98.664309, 39.42298),"1980","71-0",-98.664309,39.42298,NA,NA
"5463","Osborne",-31.37,"OSBORNE",1980-12-11,392518098393601,141,0,c(-98.664309, 39.42298),"1980","71-0",-98.664309,39.42298,NA,NA
"5464","Stanton",-149.6,NA,1980-01-18,372345101320801,187,0,c(-101.5364388, 37.3957612),"1980","215-144",-101.5364388,37.3957612,113.9638977,"66-131"
"5465","Harvey",-2.91,NA,1980-06-25,380232097383901,79,0,c(-97.6461605, 38.0424128),"1980","71-0",-97.6461605,38.0424128,205.7189331,"198-262"
"5466","Harvey",-6.13,NA,1980-09-30,380232097383901,79,0,c(-97.6461605, 38.0424128),"1980","71-0",-97.6461605,38.0424128,205.7189331,"198-262"
"5467","Harvey",-18.32,NA,1980-06-25,380232097383902,79,0,c(-97.6461605, 38.0424128),"1980","71-0",-97.6461605,38.0424128,205.7189331,"198-262"
"5468","Harvey",-21.15,NA,1980-09-30,380232097383902,79,0,c(-97.6461605, 38.0424128),"1980","71-0",-97.6461605,38.0424128,205.7189331,"198-262"
"5469","Harvey",-20.4,NA,1980-10-20,380232097383902,79,0,c(-97.6461605, 38.0424128),"1980","71-0",-97.6461605,38.0424128,205.7189331,"198-262"
"5470","Morton",-67.98,NA,1980-01-17,370743101462601,129,0,c(-101.7753111, 37.1288138),"1980","71-0",-101.7753111,37.1288138,57.7551498,"0-65"
"5471","Pawnee",-24.57,NA,1980-01-23,380005099121101,145,0,c(-99.2009531, 38.0033427),"1980","71-0",-99.2009531,38.0033427,45.2790833,"0-65"
"5472","Harvey",-27.65,NA,1980-01-01,380232097352801,79,0,c(-97.5931383, 38.0424138),"1980","71-0",-97.5931383,38.0424138,229.2324066,"198-262"
"5473","Harvey",-26.36,NA,1980-04-01,380232097352801,79,0,c(-97.5931383, 38.0424138),"1980","71-0",-97.5931383,38.0424138,229.2324066,"198-262"
"5474","Harvey",-35.76,NA,1980-07-01,380232097352801,79,0,c(-97.5931383, 38.0424138),"1980","71-0",-97.5931383,38.0424138,229.2324066,"198-262"
"5475","Harvey",-34.19,NA,1980-10-01,380232097352801,79,0,c(-97.5931383, 38.0424138),"1980","71-0",-97.5931383,38.0424138,229.2324066,"198-262"
"5476","Thomas",-191.44,NA,1980-01-09,393342101230701,193,0,c(-101.3858919, 39.562445),"1980","215-144",-101.3858919,39.562445,132.2159119,"132-197"
"5477","Thomas",-190.92,NA,1980-12-24,393342101230701,193,0,c(-101.3858919, 39.562445),"1980","215-144",-101.3858919,39.562445,132.2159119,"132-197"
"5478","Harvey",-4.81,NA,1980-01-01,380226097352801,79,0,c(-97.5931308, 38.0405813),"1980","71-0",-97.5931308,38.0405813,229.2324066,"198-262"
"5479","Harvey",-1.69,NA,1980-04-01,380226097352801,79,0,c(-97.5931308, 38.0405813),"1980","71-0",-97.5931308,38.0405813,229.2324066,"198-262"
"5480","Harvey",-3.91,NA,1980-07-01,380226097352801,79,0,c(-97.5931308, 38.0405813),"1980","71-0",-97.5931308,38.0405813,229.2324066,"198-262"
"5481","Harvey",-6.52,NA,1980-10-01,380226097352801,79,0,c(-97.5931308, 38.0405813),"1980","71-0",-97.5931308,38.0405813,229.2324066,"198-262"
"5482","Pawnee",-22.88,NA,1980-01-22,381015099132701,145,0,c(-99.2222709, 38.1715271),"1980","71-0",-99.2222709,38.1715271,69.2861023,"66-131"
"5483","Stevens",-157.28,NA,1980-01-17,372036101320601,189,0,c(-101.53684, 37.343473),"1980","215-144",-101.53684,37.343473,104.7960129,"66-131"
"5484","Stanton",-159.54,NA,1980-01-16,374243101523301,187,0,c(-101.8762054, 37.7136454),"1980","215-144",-101.8762054,37.7136454,35.4512482,"0-65"
"5485","Morton",-178.46,"Shore Airport SW",1980-01-17,371511101400401,129,0,c(-101.6734693, 37.250983),"1980","215-144",-101.6734693,37.250983,57.0394669,"0-65"
"5486","Harvey",-4.43,NA,1980-01-01,380331097354501,79,0,c(-97.5977785, 38.0586898),"1980","71-0",-97.5977785,38.0586898,233.5282593,"198-262"
"5487","Harvey",-2.21,NA,1980-04-01,380331097354501,79,0,c(-97.5977785, 38.0586898),"1980","71-0",-97.5977785,38.0586898,233.5282593,"198-262"
"5488","Harvey",-3.77,NA,1980-07-01,380331097354501,79,0,c(-97.5977785, 38.0586898),"1980","71-0",-97.5977785,38.0586898,233.5282593,"198-262"
"5489","Harvey",-6.96,NA,1980-10-01,380331097354501,79,0,c(-97.5977785, 38.0586898),"1980","71-0",-97.5977785,38.0586898,233.5282593,"198-262"
"5490","Edwards",-19.61,"HAVILAND NW",1980-01-22,374404099104601,47,0,c(-99.18352, 37.737784),"1980","71-0",-99.18352,37.737784,195.3985443,"132-197"
"5491","Finney",-83.75,"GARDEN CITY WEST",1980-05-06,375331100585701,55,0,c(-100.983786, 37.890044),"1980","143-72",-100.983786,37.890044,326.7554016,"263-328"
"5492","Finney",-111.59,"GARDEN CITY WEST",1980-10-01,375331100585701,55,0,c(-100.983786, 37.890044),"1980","143-72",-100.983786,37.890044,326.7554016,"263-328"
"5493","Finney",-46.54,"GARDEN CITY WEST",1980-06-03,375832100571003,55,0,c(-100.954163, 37.974584),"1980","71-0",-100.954163,37.974584,250.3898163,"198-262"
"5494","Finney",-46.95,"GARDEN CITY WEST",1980-06-10,375832100571003,55,0,c(-100.954163, 37.974584),"1980","71-0",-100.954163,37.974584,250.3898163,"198-262"
"5495","Finney",-47.64,"GARDEN CITY WEST",1980-06-15,375832100571003,55,0,c(-100.954163, 37.974584),"1980","71-0",-100.954163,37.974584,250.3898163,"198-262"
"5496","Finney",-51.02,"GARDEN CITY WEST",1980-06-20,375832100571003,55,0,c(-100.954163, 37.974584),"1980","71-0",-100.954163,37.974584,250.3898163,"198-262"
"5497","Finney",-52.31,"GARDEN CITY WEST",1980-06-25,375832100571003,55,0,c(-100.954163, 37.974584),"1980","71-0",-100.954163,37.974584,250.3898163,"198-262"
"5498","Finney",-53.32,"GARDEN CITY WEST",1980-06-30,375832100571003,55,0,c(-100.954163, 37.974584),"1980","71-0",-100.954163,37.974584,250.3898163,"198-262"
"5499","Finney",-56.7,"GARDEN CITY WEST",1980-07-05,375832100571003,55,0,c(-100.954163, 37.974584),"1980","71-0",-100.954163,37.974584,250.3898163,"198-262"
"5500","Finney",-60.5,"GARDEN CITY WEST",1980-07-10,375832100571003,55,0,c(-100.954163, 37.974584),"1980","71-0",-100.954163,37.974584,250.3898163,"198-262"
"5501","Finney",-64.36,"GARDEN CITY WEST",1980-07-15,375832100571003,55,0,c(-100.954163, 37.974584),"1980","71-0",-100.954163,37.974584,250.3898163,"198-262"
"5502","Finney",-67.84,"GARDEN CITY WEST",1980-07-20,375832100571003,55,0,c(-100.954163, 37.974584),"1980","71-0",-100.954163,37.974584,250.3898163,"198-262"
"5503","Finney",-70.61,"GARDEN CITY WEST",1980-07-24,375832100571003,55,0,c(-100.954163, 37.974584),"1980","71-0",-100.954163,37.974584,250.3898163,"198-262"
"5504","Finney",-71.22,"GARDEN CITY WEST",1980-07-25,375832100571003,55,0,c(-100.954163, 37.974584),"1980","71-0",-100.954163,37.974584,250.3898163,"198-262"
"5505","Finney",-81.98,"GARDEN CITY WEST",1980-08-15,375832100571003,55,0,c(-100.954163, 37.974584),"1980","143-72",-100.954163,37.974584,250.3898163,"198-262"
"5506","Finney",-82.46,"GARDEN CITY WEST",1980-08-20,375832100571003,55,0,c(-100.954163, 37.974584),"1980","143-72",-100.954163,37.974584,250.3898163,"198-262"
"5507","Finney",-82.52,"GARDEN CITY WEST",1980-08-25,375832100571003,55,0,c(-100.954163, 37.974584),"1980","143-72",-100.954163,37.974584,250.3898163,"198-262"
"5508","Finney",-83.13,"GARDEN CITY WEST",1980-08-31,375832100571003,55,0,c(-100.954163, 37.974584),"1980","143-72",-100.954163,37.974584,250.3898163,"198-262"
"5509","Finney",-83.92,"GARDEN CITY WEST",1980-09-05,375832100571003,55,0,c(-100.954163, 37.974584),"1980","143-72",-100.954163,37.974584,250.3898163,"198-262"
"5510","Finney",-84.41,"GARDEN CITY WEST",1980-09-10,375832100571003,55,0,c(-100.954163, 37.974584),"1980","143-72",-100.954163,37.974584,250.3898163,"198-262"
"5511","Finney",-85.2,"GARDEN CITY WEST",1980-09-15,375832100571003,55,0,c(-100.954163, 37.974584),"1980","143-72",-100.954163,37.974584,250.3898163,"198-262"
"5512","Finney",-85.54,"GARDEN CITY WEST",1980-09-20,375832100571003,55,0,c(-100.954163, 37.974584),"1980","143-72",-100.954163,37.974584,250.3898163,"198-262"
"5513","Finney",-85.94,"GARDEN CITY WEST",1980-09-25,375832100571003,55,0,c(-100.954163, 37.974584),"1980","143-72",-100.954163,37.974584,250.3898163,"198-262"
"5514","Finney",-86.47,"GARDEN CITY WEST",1980-09-30,375832100571003,55,0,c(-100.954163, 37.974584),"1980","143-72",-100.954163,37.974584,250.3898163,"198-262"
"5515","Finney",-86.47,"GARDEN CITY WEST",1980-10-01,375832100571003,55,0,c(-100.954163, 37.974584),"1980","143-72",-100.954163,37.974584,250.3898163,"198-262"
"5516","Finney",-83.69,"GARDEN CITY WEST",1980-10-15,375832100571003,55,0,c(-100.954163, 37.974584),"1980","143-72",-100.954163,37.974584,250.3898163,"198-262"
"5517","Finney",-79.5,"GARDEN CITY WEST",1980-11-01,375832100571003,55,0,c(-100.954163, 37.974584),"1980","143-72",-100.954163,37.974584,250.3898163,"198-262"
"5518","Finney",-72.35,"GARDEN CITY WEST",1980-12-01,375832100571003,55,0,c(-100.954163, 37.974584),"1980","143-72",-100.954163,37.974584,250.3898163,"198-262"
"5519","Ford",-101,"FORT DODGE SW",1980-07-02,373528099553501,57,0,c(-99.93493, 37.591441),"1980","143-72",-99.93493,37.591441,111.0300522,"66-131"
"5520","Harvey",-36,NA,1980-01-01,375902097341301,79,0,c(-97.573317, 37.984533),"1980","71-0",-97.573317,37.984533,208.4711456,"198-262"
"5521","Harvey",-36,NA,1980-03-01,375902097341301,79,0,c(-97.573317, 37.984533),"1980","71-0",-97.573317,37.984533,208.4711456,"198-262"
"5522","Harvey",-36,NA,1980-04-01,375902097341301,79,0,c(-97.573317, 37.984533),"1980","71-0",-97.573317,37.984533,208.4711456,"198-262"
"5523","Harvey",-35,NA,1980-05-01,375902097341301,79,0,c(-97.573317, 37.984533),"1980","71-0",-97.573317,37.984533,208.4711456,"198-262"
"5524","Harvey",-35,NA,1980-08-01,375902097341301,79,0,c(-97.573317, 37.984533),"1980","71-0",-97.573317,37.984533,208.4711456,"198-262"
"5525","Harvey",-39.11,NA,1980-09-01,375902097341301,79,0,c(-97.573317, 37.984533),"1980","71-0",-97.573317,37.984533,208.4711456,"198-262"
"5526","Harvey",-37.34,NA,1980-10-01,375902097341301,79,0,c(-97.573317, 37.984533),"1980","71-0",-97.573317,37.984533,208.4711456,"198-262"
"5527","Harvey",-84.11,NA,1980-11-01,375902097341301,79,0,c(-97.573317, 37.984533),"1980","143-72",-97.573317,37.984533,208.4711456,"198-262"
"5528","Harvey",-37.35,NA,1980-12-01,375902097341301,79,0,c(-97.573317, 37.984533),"1980","71-0",-97.573317,37.984533,208.4711456,"198-262"
"5529","McPherson",-20.5,"LINDSBORG",1980-03-10,383210097442801,113,0,c(-97.7413954, 38.5355056),"1980","71-0",-97.7413954,38.5355056,NA,NA
"5530","McPherson",-18.8,"LINDSBORG",1980-06-04,383210097442801,113,0,c(-97.7413954, 38.5355056),"1980","71-0",-97.7413954,38.5355056,NA,NA
"5531","McPherson",-25.2,"LINDSBORG",1980-09-10,383210097442801,113,0,c(-97.7413954, 38.5355056),"1980","71-0",-97.7413954,38.5355056,NA,NA
"5532","McPherson",-23.88,"LINDSBORG",1980-12-18,383210097442801,113,0,c(-97.7413954, 38.5355056),"1980","71-0",-97.7413954,38.5355056,NA,NA
"5533","McPherson",-107.68,"McPherson North",1980-02-14,382702097420701,113,0,c(-97.702353, 38.450625),"1980","143-72",-97.702353,38.450625,92.5012894,"66-131"
"5534","McPherson",-108.33,"McPherson North",1980-06-09,382702097420701,113,0,c(-97.702353, 38.450625),"1980","143-72",-97.702353,38.450625,92.5012894,"66-131"
"5535","McPherson",-113.21,"McPherson North",1980-10-01,382702097420701,113,0,c(-97.702353, 38.450625),"1980","143-72",-97.702353,38.450625,92.5012894,"66-131"
"5536","Sedgwick",-78.07,NA,1980-01-01,375441097341101,173,0,c(-97.5728645, 37.9121423),"1980","143-72",-97.5728645,37.9121423,153.8759918,"132-197"
"5537","Sedgwick",-24.73,NA,1980-03-01,375441097341101,173,0,c(-97.5728645, 37.9121423),"1980","71-0",-97.5728645,37.9121423,153.8759918,"132-197"
"5538","Sedgwick",-27.69,NA,1980-04-01,375441097341101,173,0,c(-97.5728645, 37.9121423),"1980","71-0",-97.5728645,37.9121423,153.8759918,"132-197"
"5539","Sedgwick",-77.07,NA,1980-05-01,375441097341101,173,0,c(-97.5728645, 37.9121423),"1980","143-72",-97.5728645,37.9121423,153.8759918,"132-197"
"5540","Sedgwick",-31.9,NA,1980-08-01,375441097341101,173,0,c(-97.5728645, 37.9121423),"1980","71-0",-97.5728645,37.9121423,153.8759918,"132-197"
"5541","Sedgwick",-75.77,NA,1980-09-01,375441097341101,173,0,c(-97.5728645, 37.9121423),"1980","143-72",-97.5728645,37.9121423,153.8759918,"132-197"
"5542","Sedgwick",-74.05,NA,1980-10-01,375441097341101,173,0,c(-97.5728645, 37.9121423),"1980","143-72",-97.5728645,37.9121423,153.8759918,"132-197"
"5543","Sedgwick",-29.43,NA,1980-11-01,375441097341101,173,0,c(-97.5728645, 37.9121423),"1980","71-0",-97.5728645,37.9121423,153.8759918,"132-197"
"5544","Sedgwick",-76.51,NA,1980-12-01,375441097341101,173,0,c(-97.5728645, 37.9121423),"1980","143-72",-97.5728645,37.9121423,153.8759918,"132-197"
"5545","Sedgwick",-31.52,NA,1980-01-01,375355097333001,173,0,c(-97.55998, 37.89788),"1980","71-0",-97.55998,37.89788,149.0459137,"132-197"
"5546","Sedgwick",-16,NA,1980-03-01,375355097333001,173,0,c(-97.55998, 37.89788),"1980","71-0",-97.55998,37.89788,149.0459137,"132-197"
"5547","Sedgwick",-14.66,NA,1980-04-01,375355097333001,173,0,c(-97.55998, 37.89788),"1980","71-0",-97.55998,37.89788,149.0459137,"132-197"
"5548","Sedgwick",-14.36,NA,1980-05-01,375355097333001,173,0,c(-97.55998, 37.89788),"1980","71-0",-97.55998,37.89788,149.0459137,"132-197"
"5549","Sedgwick",-15.6,NA,1980-08-01,375355097333001,173,0,c(-97.55998, 37.89788),"1980","71-0",-97.55998,37.89788,149.0459137,"132-197"
"5550","Sedgwick",-31.89,NA,1980-09-01,375355097333001,173,0,c(-97.55998, 37.89788),"1980","71-0",-97.55998,37.89788,149.0459137,"132-197"
"5551","Sedgwick",-19.11,NA,1980-10-01,375355097333001,173,0,c(-97.55998, 37.89788),"1980","71-0",-97.55998,37.89788,149.0459137,"132-197"
"5552","Sedgwick",-17.13,NA,1980-11-01,375355097333001,173,0,c(-97.55998, 37.89788),"1980","71-0",-97.55998,37.89788,149.0459137,"132-197"
"5553","Sedgwick",-17.97,NA,1980-12-01,375355097333001,173,0,c(-97.55998, 37.89788),"1980","71-0",-97.55998,37.89788,149.0459137,"132-197"
"5554","Sedgwick",-4.15,NA,1980-01-01,375441097264001,173,0,c(-97.446594, 37.9113846),"1980","71-0",-97.446594,37.9113846,109.2266388,"66-131"
"5555","Sedgwick",-9.21,NA,1980-04-01,375441097264001,173,0,c(-97.446594, 37.9113846),"1980","71-0",-97.446594,37.9113846,109.2266388,"66-131"
"5556","Sedgwick",-7.97,NA,1980-07-01,375441097264001,173,0,c(-97.446594, 37.9113846),"1980","71-0",-97.446594,37.9113846,109.2266388,"66-131"
"5557","Sedgwick",-13.48,NA,1980-10-01,375441097264001,173,0,c(-97.446594, 37.9113846),"1980","71-0",-97.446594,37.9113846,109.2266388,"66-131"
"5558","McPherson",-80.57,NA,1980-01-28,382142097415901,113,0,c(-97.7001939, 38.3613066),"1980","143-72",-97.7001939,38.3613066,77.6672821,"66-131"
"5559","McPherson",-80.43,NA,1980-06-09,382142097415901,113,0,c(-97.7001939, 38.3613066),"1980","143-72",-97.7001939,38.3613066,77.6672821,"66-131"
"5560","McPherson",-82.89,NA,1980-10-01,382142097415901,113,0,c(-97.7001939, 38.3613066),"1980","143-72",-97.7001939,38.3613066,77.6672821,"66-131"
"5561","Harvey",-8.77,"PATTERSON",1980-06-25,375910097381902,79,0,c(-97.638836, 37.985169),"1980","71-0",-97.638836,37.985169,157.5858917,"132-197"
"5562","Harvey",-10.66,"PATTERSON",1980-09-29,375910097381902,79,0,c(-97.638836, 37.985169),"1980","71-0",-97.638836,37.985169,157.5858917,"132-197"
"5563","Harvey",-9.75,"PATTERSON",1980-06-25,375817097384601,79,0,c(-97.647157, 37.970695),"1980","71-0",-97.647157,37.970695,120.7109451,"66-131"
"5564","Harvey",-12.39,"PATTERSON",1980-09-29,375817097384601,79,0,c(-97.647157, 37.970695),"1980","71-0",-97.647157,37.970695,120.7109451,"66-131"
"5565","Stanton",-78.88,NA,1980-01-18,372405102005301,187,0,c(-102.0159428, 37.4030362),"1980","143-72",-102.0159428,37.4030362,10,"0-65"
"5566","Stanton",-83.46,NA,1980-04-08,372405102005301,187,0,c(-102.0159428, 37.4030362),"1980","143-72",-102.0159428,37.4030362,10,"0-65"
"5567","Stanton",-86.18,NA,1980-08-05,372405102005301,187,0,c(-102.0159428, 37.4030362),"1980","143-72",-102.0159428,37.4030362,10,"0-65"
"5568","Stanton",-92.56,NA,1980-10-13,372405102005301,187,0,c(-102.0159428, 37.4030362),"1980","143-72",-102.0159428,37.4030362,10,"0-65"
"5569","Grant",-168.5,NA,1980-01-16,374221101281501,67,0,c(-101.472549, 37.707236),"1980","215-144",-101.472549,37.707236,25.8945389,"0-65"
"5570","Grant",-166.88,NA,1980-04-09,374221101281501,67,0,c(-101.472549, 37.707236),"1980","215-144",-101.472549,37.707236,25.8945389,"0-65"
"5571","Grant",-175.12,NA,1980-08-06,374221101281501,67,0,c(-101.472549, 37.707236),"1980","215-144",-101.472549,37.707236,25.8945389,"0-65"
"5572","Grant",-177.58,NA,1980-10-14,374221101281501,67,0,c(-101.472549, 37.707236),"1980","215-144",-101.472549,37.707236,25.8945389,"0-65"
"5573","Ford",-47.6,NA,1980-01-03,373644099370101,57,0,c(-99.617457, 37.6122783),"1980","71-0",-99.617457,37.6122783,16.6757965,"0-65"
"5574","Ford",-47.28,NA,1980-02-28,373644099370101,57,0,c(-99.617457, 37.6122783),"1980","71-0",-99.617457,37.6122783,16.6757965,"0-65"
"5575","Ford",-17,"BUCKLIN SW",1980-03-04,373753099425801,57,0,c(-99.7171006, 37.631488),"1980","71-0",-99.7171006,37.631488,35.56884,"0-65"
"5576","Haskell",-264.77,"West of Copeland",1980-01-09,373018100521101,81,0,c(-100.8705318, 37.5043874),"1980","287-216",-100.8705318,37.5043874,220.8812866,"198-262"
"5577","Johnson",-17.15,NA,1980-03-06,385853094594901,91,0,c(-94.9982299, 38.9831085),"1980","71-0",-94.9982299,38.9831085,NA,NA
"5578","Johnson",-16.3,NA,1980-06-03,385853094594901,91,0,c(-94.9982299, 38.9831085),"1980","71-0",-94.9982299,38.9831085,NA,NA
"5579","Johnson",-16.6,NA,1980-09-09,385853094594901,91,0,c(-94.9982299, 38.9831085),"1980","71-0",-94.9982299,38.9831085,NA,NA
"5580","Johnson",-18.2,NA,1980-12-17,385853094594901,91,0,c(-94.9982299, 38.9831085),"1980","71-0",-94.9982299,38.9831085,NA,NA
"5581","Cherokee",-182.8,"Neutral",1980-05-13,370437094481001,21,0,c(-94.80408, 37.075431),"1980","215-144",-94.80408,37.075431,NA,NA
"5582","Haskell",-205.11,NA,1980-01-09,372904100421101,81,0,c(-100.7073342, 37.4790218),"1980","215-144",-100.7073342,37.4790218,203.6834564,"198-262"
"5583","Haskell",-201.67,NA,1980-01-09,373218100432101,81,0,c(-100.725136, 37.539874),"1980","215-144",-100.725136,37.539874,177.1646271,"132-197"
"5584","Haskell",-203.49,NA,1980-01-09,373154100411301,81,0,c(-100.6855032, 37.5321164),"1980","215-144",-100.6855032,37.5321164,187.8896332,"132-197"
"5585","Johnson",-15.72,NA,1980-03-06,385906094585101,91,0,c(-94.9821418, 38.9864786),"1980","71-0",-94.9821418,38.9864786,NA,NA
"5586","Johnson",-14.54,NA,1980-06-03,385906094585101,91,0,c(-94.9821418, 38.9864786),"1980","71-0",-94.9821418,38.9864786,NA,NA
"5587","Johnson",-16.07,NA,1980-09-09,385906094585101,91,0,c(-94.9821418, 38.9864786),"1980","71-0",-94.9821418,38.9864786,NA,NA
"5588","Johnson",-17.3,NA,1980-12-17,385906094585101,91,0,c(-94.9821418, 38.9864786),"1980","71-0",-94.9821418,38.9864786,NA,NA
"5589","Haskell",-230.18,NA,1980-01-09,373320100500001,81,0,c(-100.8336285, 37.5567496),"1980","287-216",-100.8336285,37.5567496,207.4917755,"198-262"
"5590","Shawnee",-15.65,NA,1980-03-12,390507095485301,177,0,c(-95.8154868, 39.0857622),"1980","71-0",-95.8154868,39.0857622,NA,NA
"5591","Shawnee",-14.4,NA,1980-06-06,390507095485301,177,0,c(-95.8154868, 39.0857622),"1980","71-0",-95.8154868,39.0857622,NA,NA
"5592","Shawnee",-17.25,NA,1980-09-12,390507095485301,177,0,c(-95.8154868, 39.0857622),"1980","71-0",-95.8154868,39.0857622,NA,NA
"5593","Shawnee",-17,NA,1980-12-09,390507095485301,177,0,c(-95.8154868, 39.0857622),"1980","71-0",-95.8154868,39.0857622,NA,NA
"5594","Wyandotte",-27.81,NA,1980-03-06,390253094470501,209,0,c(-94.7829067, 39.0501817),"1980","71-0",-94.7829067,39.0501817,NA,NA
"5595","Wyandotte",-27.7,NA,1980-06-03,390253094470501,209,0,c(-94.7829067, 39.0501817),"1980","71-0",-94.7829067,39.0501817,NA,NA
"5596","Wyandotte",-38.4,NA,1980-09-09,390253094470501,209,0,c(-94.7829067, 39.0501817),"1980","71-0",-94.7829067,39.0501817,NA,NA
"5597","Cherokee",-143.8,"Crestline",1980-05-13,371016094423102,21,0,c(-94.705664, 37.170343),"1980","143-72",-94.705664,37.170343,NA,NA
"5598","Bourbon",-198.2,"FORT SCOTT",1980-03-06,374953094425901,11,0,c(-94.7169113, 37.8314295),"1980","215-144",-94.7169113,37.8314295,NA,NA
"5599","Bourbon",-196.8,"FORT SCOTT",1980-12-16,374953094425901,11,0,c(-94.7169113, 37.8314295),"1980","215-144",-94.7169113,37.8314295,NA,NA
"5600","Crawford",-216.65,NA,1980-05-14,373516095004401,37,0,c(-95.0120241, 37.5881864),"1980","287-216",-95.0120241,37.5881864,NA,NA
"5601","Wyandotte",-32.1,NA,1980-01-02,390418094444502,209,0,c(-94.7438283, 39.0740144),"1980","71-0",-94.7438283,39.0740144,NA,NA
"5602","Wyandotte",-30.78,NA,1980-04-01,390418094444502,209,0,c(-94.7438283, 39.0740144),"1980","71-0",-94.7438283,39.0740144,NA,NA
"5603","Wyandotte",-30.77,NA,1980-06-04,390418094444502,209,0,c(-94.7438283, 39.0740144),"1980","71-0",-94.7438283,39.0740144,NA,NA
"5604","Wyandotte",-38.85,NA,1980-08-01,390418094444502,209,0,c(-94.7438283, 39.0740144),"1980","71-0",-94.7438283,39.0740144,NA,NA
"5605","Wyandotte",-33.6,NA,1980-10-01,390418094444502,209,0,c(-94.7438283, 39.0740144),"1980","71-0",-94.7438283,39.0740144,NA,NA
"5606","Wyandotte",-34.35,NA,1980-12-01,390418094444502,209,0,c(-94.7438283, 39.0740144),"1980","71-0",-94.7438283,39.0740144,NA,NA
"5607","Harvey",-16,"HALSTEAD",1980-01-01,380143097365901,79,0,c(-97.6166482, 38.0282534),"1980","71-0",-97.6166482,38.0282534,212.7539825,"198-262"
"5608","Harvey",-17.57,"HALSTEAD",1980-04-01,380143097365901,79,0,c(-97.6166482, 38.0282534),"1980","71-0",-97.6166482,38.0282534,212.7539825,"198-262"
"5609","Harvey",-14.39,"HALSTEAD",1980-07-01,380143097365901,79,0,c(-97.6166482, 38.0282534),"1980","71-0",-97.6166482,38.0282534,212.7539825,"198-262"
"5610","Harvey",-16.2,"HALSTEAD",1980-10-01,380143097365901,79,0,c(-97.6166482, 38.0282534),"1980","71-0",-97.6166482,38.0282534,212.7539825,"198-262"
"5611","Leavenworth",-25.38,NA,1980-03-06,385932094584301,103,0,c(-94.9797725, 38.9937564),"1980","71-0",-94.9797725,38.9937564,NA,NA
"5612","Leavenworth",-24.84,NA,1980-06-03,385932094584301,103,0,c(-94.9797725, 38.9937564),"1980","71-0",-94.9797725,38.9937564,NA,NA
"5613","Leavenworth",-27.55,NA,1980-09-09,385932094584301,103,0,c(-94.9797725, 38.9937564),"1980","71-0",-94.9797725,38.9937564,NA,NA
"5614","Leavenworth",-28.23,NA,1980-12-17,385932094584301,103,0,c(-94.9797725, 38.9937564),"1980","71-0",-94.9797725,38.9937564,NA,NA
"5615","Wabaunsee",-14.2,NA,1980-03-11,391029096171301,197,0,c(-96.2855634, 39.1746336),"1980","71-0",-96.2855634,39.1746336,NA,NA
"5616","Wabaunsee",-11.2,NA,1980-06-05,391029096171301,197,0,c(-96.2855634, 39.1746336),"1980","71-0",-96.2855634,39.1746336,NA,NA
"5617","Wabaunsee",-14.43,NA,1980-09-12,391029096171301,197,0,c(-96.2855634, 39.1746336),"1980","71-0",-96.2855634,39.1746336,NA,NA
"5618","Wabaunsee",-15.58,NA,1980-12-19,391029096171301,197,0,c(-96.2855634, 39.1746336),"1980","71-0",-96.2855634,39.1746336,NA,NA
"5619","Douglas",-31.46,"LAWRENCE EAST",1980-03-20,385624095093701,45,0,c(-95.1593179, 38.9416863),"1980","71-0",-95.1593179,38.9416863,NA,NA
"5620","Douglas",-32.5,"LAWRENCE EAST",1980-06-20,385624095093701,45,0,c(-95.1593179, 38.9416863),"1980","71-0",-95.1593179,38.9416863,NA,NA
"5621","Douglas",-32.43,"LAWRENCE EAST",1980-12-19,385624095093701,45,0,c(-95.1593179, 38.9416863),"1980","71-0",-95.1593179,38.9416863,NA,NA
"5622","Jefferson",-24.93,NA,1980-03-06,390347095352701,87,0,c(-95.5909864, 39.0652344),"1980","71-0",-95.5909864,39.0652344,NA,NA
"5623","Jefferson",-24.1,NA,1980-06-03,390347095352701,87,0,c(-95.5909864, 39.0652344),"1980","71-0",-95.5909864,39.0652344,NA,NA
"5624","Jefferson",-26.13,NA,1980-09-09,390347095352701,87,0,c(-95.5909864, 39.0652344),"1980","71-0",-95.5909864,39.0652344,NA,NA
"5625","Jefferson",-26.45,NA,1980-12-17,390347095352701,87,0,c(-95.5909864, 39.0652344),"1980","71-0",-95.5909864,39.0652344,NA,NA
"5626","Shawnee",-23.2,NA,1980-03-06,390400095392101,177,0,c(-95.6563405, 39.0689905),"1980","71-0",-95.6563405,39.0689905,NA,NA
"5627","Shawnee",-21.74,NA,1980-06-06,390400095392101,177,0,c(-95.6563405, 39.0689905),"1980","71-0",-95.6563405,39.0689905,NA,NA
"5628","Shawnee",-24.05,NA,1980-09-12,390400095392101,177,0,c(-95.6563405, 39.0689905),"1980","71-0",-95.6563405,39.0689905,NA,NA
"5629","Shawnee",-24.92,NA,1980-12-09,390400095392101,177,0,c(-95.6563405, 39.0689905),"1980","71-0",-95.6563405,39.0689905,NA,NA
"5630","Douglas",-29.73,"LAWRENCE EAST",1980-03-20,385657095093702,45,0,c(-95.1592776, 38.9506421),"1980","71-0",-95.1592776,38.9506421,NA,NA
"5631","Douglas",-30.08,"LAWRENCE EAST",1980-06-20,385657095093702,45,0,c(-95.1592776, 38.9506421),"1980","71-0",-95.1592776,38.9506421,NA,NA
"5632","Douglas",-30.74,"LAWRENCE EAST",1980-12-19,385657095093702,45,0,c(-95.1592776, 38.9506421),"1980","71-0",-95.1592776,38.9506421,NA,NA
"5633","Wyandotte",-43.25,NA,1980-03-06,390503094395902,209,0,c(-94.6622088, 39.0868606),"1980","71-0",-94.6622088,39.0868606,NA,NA
"5634","Wyandotte",-40.58,NA,1980-06-03,390503094395902,209,0,c(-94.6622088, 39.0868606),"1980","71-0",-94.6622088,39.0868606,NA,NA
"5635","Wyandotte",-44,NA,1980-09-09,390503094395902,209,0,c(-94.6622088, 39.0868606),"1980","71-0",-94.6622088,39.0868606,NA,NA
"5636","Wyandotte",-45.4,NA,1980-12-17,390503094395902,209,0,c(-94.6622088, 39.0868606),"1980","71-0",-94.6622088,39.0868606,NA,NA
"5637","Johnson",-26,NA,1980-03-06,385841094553401,91,0,c(-94.9267623, 38.9795509),"1980","71-0",-94.9267623,38.9795509,NA,NA
"5638","Johnson",-24.25,NA,1980-06-03,385841094553401,91,0,c(-94.9267623, 38.9795509),"1980","71-0",-94.9267623,38.9795509,NA,NA
"5639","Johnson",-27,NA,1980-09-09,385841094553401,91,0,c(-94.9267623, 38.9795509),"1980","71-0",-94.9267623,38.9795509,NA,NA
"5640","Johnson",-27.53,NA,1980-12-17,385841094553401,91,0,c(-94.9267623, 38.9795509),"1980","71-0",-94.9267623,38.9795509,NA,NA
"5641","Wabaunsee",-19.5,NA,1980-03-11,390909096053101,197,0,c(-96.0931812, 39.1525057),"1980","71-0",-96.0931812,39.1525057,NA,NA
"5642","Wabaunsee",-16,NA,1980-06-05,390909096053101,197,0,c(-96.0931812, 39.1525057),"1980","71-0",-96.0931812,39.1525057,NA,NA
"5643","Wabaunsee",-20.8,NA,1980-09-12,390909096053101,197,0,c(-96.0931812, 39.1525057),"1980","71-0",-96.0931812,39.1525057,NA,NA
"5644","Wabaunsee",-19.74,NA,1980-12-09,390909096053101,197,0,c(-96.0931812, 39.1525057),"1980","71-0",-96.0931812,39.1525057,NA,NA
"5645","Jackson",-81.86,NA,1980-03-06,393024095435701,85,0,c(-95.7328358, 39.5057041),"1980","143-72",-95.7328358,39.5057041,NA,NA
"5646","Jackson",-82.17,NA,1980-06-03,393024095435701,85,0,c(-95.7328358, 39.5057041),"1980","143-72",-95.7328358,39.5057041,NA,NA
"5647","Jackson",-83.4,NA,1980-09-09,393024095435701,85,0,c(-95.7328358, 39.5057041),"1980","143-72",-95.7328358,39.5057041,NA,NA
"5648","Jackson",-82.9,NA,1980-12-17,393024095435701,85,0,c(-95.7328358, 39.5057041),"1980","143-72",-95.7328358,39.5057041,NA,NA
"5649","Jefferson",-21.28,NA,1980-03-06,390453095311701,87,0,c(-95.5213403, 39.0831359),"1980","71-0",-95.5213403,39.0831359,NA,NA
"5650","Jefferson",-19.73,NA,1980-06-03,390453095311701,87,0,c(-95.5213403, 39.0831359),"1980","71-0",-95.5213403,39.0831359,NA,NA
"5651","Jefferson",-21.74,NA,1980-09-09,390453095311701,87,0,c(-95.5213403, 39.0831359),"1980","71-0",-95.5213403,39.0831359,NA,NA
"5652","Jefferson",-22,NA,1980-12-17,390453095311701,87,0,c(-95.5213403, 39.0831359),"1980","71-0",-95.5213403,39.0831359,NA,NA
"5653","Jefferson",-17.96,NA,1980-03-06,390407095310901,87,0,c(-95.5188132, 39.0707967),"1980","71-0",-95.5188132,39.0707967,NA,NA
"5654","Jefferson",-17.12,NA,1980-06-03,390407095310901,87,0,c(-95.5188132, 39.0707967),"1980","71-0",-95.5188132,39.0707967,NA,NA
"5655","Jefferson",-19.18,NA,1980-09-09,390407095310901,87,0,c(-95.5188132, 39.0707967),"1980","71-0",-95.5188132,39.0707967,NA,NA
"5656","Jefferson",-19.53,NA,1980-12-17,390407095310901,87,0,c(-95.5188132, 39.0707967),"1980","71-0",-95.5188132,39.0707967,NA,NA
"5657","Leavenworth",-21.45,NA,1980-03-06,385926094572001,103,0,c(-94.9564979, 38.9919038),"1980","71-0",-94.9564979,38.9919038,NA,NA
"5658","Leavenworth",-19.75,NA,1980-06-03,385926094572001,103,0,c(-94.9564979, 38.9919038),"1980","71-0",-94.9564979,38.9919038,NA,NA
"5659","Leavenworth",-20.8,NA,1980-09-09,385926094572001,103,0,c(-94.9564979, 38.9919038),"1980","71-0",-94.9564979,38.9919038,NA,NA
"5660","Leavenworth",-22.55,NA,1980-12-17,385926094572001,103,0,c(-94.9564979, 38.9919038),"1980","71-0",-94.9564979,38.9919038,NA,NA
"5661","Jefferson",-21.5,NA,1980-03-06,390446095260901,87,0,c(-95.4366014, 39.0808055),"1980","71-0",-95.4366014,39.0808055,NA,NA
"5662","Jefferson",-20.45,NA,1980-06-03,390446095260901,87,0,c(-95.4366014, 39.0808055),"1980","71-0",-95.4366014,39.0808055,NA,NA
"5663","Jefferson",-22.5,NA,1980-09-09,390446095260901,87,0,c(-95.4366014, 39.0808055),"1980","71-0",-95.4366014,39.0808055,NA,NA
"5664","Jefferson",-22.48,NA,1980-12-17,390446095260901,87,0,c(-95.4366014, 39.0808055),"1980","71-0",-95.4366014,39.0808055,NA,NA
"5665","Nemaha",-59.2,"CENTRALIA",1980-05-21,393803096100101,131,0,c(-96.1672711, 39.6341014),"1980","71-0",-96.1672711,39.6341014,NA,NA
"5666","Ford",-120,"ENSIGN SE",1980-06-24,373713100062301,57,0,c(-100.1074022, 37.6203599),"1980","143-72",-100.1074022,37.6203599,83.3698883,"66-131"
"5667","Ford",-112.5,"ENSIGN SE",1980-09-12,373713100062301,57,0,c(-100.1074022, 37.6203599),"1980","143-72",-100.1074022,37.6203599,83.3698883,"66-131"
"5668","Decatur",-101.65,"Dresden South",1980-12-15,393656100285601,39,0,c(-100.4831658, 39.6154505),"1980","143-72",-100.4831658,39.6154505,38.4549408,"0-65"
"5669","Decatur",-98.67,"Allison",1980-12-15,393557100214701,39,0,c(-100.364918, 39.598674),"1980","143-72",-100.364918,39.598674,15.9692917,"0-65"
"5670","Rawlins",-12.99,"Achilles",1980-12-17,394236100480601,153,0,c(-100.8028326, 39.7097065),"1980","71-0",-100.8028326,39.7097065,7.9434347,"0-65"
"5671","Scott",-111.84,"Pence SE",1980-01-14,383106101062701,171,0,c(-101.1085677, 38.5174509),"1980","143-72",-101.1085677,38.5174509,39.8313904,"0-65"
"5672","Scott",-119.3,"MODOC SE",1980-01-14,382157101041101,171,0,c(-101.069582, 38.3652301),"1980","143-72",-101.069582,38.3652301,29.2683697,"0-65"
"5673","Scott",-78.3,NA,1980-01-16,381946100540601,171,0,c(-100.9020838, 38.3295063),"1980","143-72",-100.9020838,38.3295063,61.4982986,"0-65"
"5674","Scott",-78.23,NA,1980-04-15,381946100540601,171,0,c(-100.9020838, 38.3295063),"1980","143-72",-100.9020838,38.3295063,61.4982986,"0-65"
"5675","Scott",-79.37,NA,1980-07-14,381946100540601,171,0,c(-100.9020838, 38.3295063),"1980","143-72",-100.9020838,38.3295063,61.4982986,"0-65"
"5676","Meade",-38.43,"Fowler",1980-01-18,372539100142501,119,0,c(-100.2424207, 37.4301565),"1980","71-0",-100.2424207,37.4301565,217.2330933,"198-262"
"5677","Decatur",-21.89,"Oberlin NE",1980-03-10,395708100370701,39,0,c(-100.618627, 39.951595),"1980","71-0",-100.618627,39.951595,2.2764635,"0-65"
"5678","Decatur",-21.44,"Oberlin NE",1980-06-02,395708100370701,39,0,c(-100.618627, 39.951595),"1980","71-0",-100.618627,39.951595,2.2764635,"0-65"
"5679","Decatur",-26.76,"Oberlin NE",1980-09-08,395708100370701,39,0,c(-100.618627, 39.951595),"1980","71-0",-100.618627,39.951595,2.2764635,"0-65"
"5680","Decatur",-24.05,"Oberlin NE",1980-12-16,395708100370701,39,0,c(-100.618627, 39.951595),"1980","71-0",-100.618627,39.951595,2.2764635,"0-65"
"5681","Meade",-114.31,NA,1980-01-18,372821100210901,119,0,c(-100.3526637, 37.4744945),"1980","143-72",-100.3526637,37.4744945,185.7293701,"132-197"
"5682","Rawlins",-117.91,"CHARDON",1980-12-17,393657101020001,153,0,c(-101.0341719, 39.6146712),"1980","143-72",-101.0341719,39.6146712,99.4887848,"66-131"
"5683","Meade",-8.81,NA,1980-01-17,371534100203501,119,0,c(-100.3433055, 37.2610651),"1980","71-0",-100.3433055,37.2610651,173.9315796,"132-197"
"5684","Edwards",-25.45,"CENTERVIEW",1980-01-21,374931099182901,47,0,c(-99.309324, 37.825533),"1980","71-0",-99.309324,37.825533,111.8502808,"66-131"
"5685","Edwards",-25.28,"CENTERVIEW",1980-04-10,374931099182901,47,0,c(-99.309324, 37.825533),"1980","71-0",-99.309324,37.825533,111.8502808,"66-131"
"5686","Edwards",-26.04,"CENTERVIEW",1980-06-24,374931099182901,47,0,c(-99.309324, 37.825533),"1980","71-0",-99.309324,37.825533,111.8502808,"66-131"
"5687","Edwards",-26.83,"CENTERVIEW",1980-09-22,374931099182901,47,0,c(-99.309324, 37.825533),"1980","71-0",-99.309324,37.825533,111.8502808,"66-131"
"5688","Barton",-19.14,"ELLINWOOD SW",1980-01-22,381734098423001,9,0,c(-98.710043, 38.293588),"1980","71-0",-98.710043,38.293588,110.4823685,"66-131"
"5689","Rawlins",-85.63,NA,1980-12-17,394204101033001,153,0,c(-101.0575757, 39.7009525),"1980","143-72",-101.0575757,39.7009525,78.242691,"66-131"
"5690","Rawlins",-154.75,NA,1980-12-16,394342101171501,153,0,c(-101.2852257, 39.7285815),"1980","215-144",-101.2852257,39.7285815,64.4336472,"0-65"
"5691","Grant",-258.71,NA,1980-01-15,373530101154601,67,0,c(-101.2643307, 37.5918768),"1980","287-216",-101.2643307,37.5918768,171.8151093,"132-197"
"5692","Grant",-262.78,NA,1980-04-09,373530101154601,67,0,c(-101.2643307, 37.5918768),"1980","287-216",-101.2643307,37.5918768,171.8151093,"132-197"
"5693","Meade",-37.21,NA,1980-01-18,372620100114301,119,0,c(-100.1981308, 37.4382075),"1980","71-0",-100.1981308,37.4382075,160.2987976,"132-197"
"5694","Meade",-160.34,NA,1980-01-16,372403100312301,119,0,c(-100.5254289, 37.4017807),"1980","215-144",-100.5254289,37.4017807,301.5898438,"263-328"
"5695","Edwards",-13.63,"TROUSDALE",1980-01-22,375059099034201,47,0,c(-99.0628419, 37.8516073),"1980","71-0",-99.0628419,37.8516073,183.0851288,"132-197"
"5696","Harvey",-43,NA,1980-01-01,375843097363301,79,0,c(-97.6107014, 37.9786031),"1980","71-0",-97.6107014,37.9786031,203.6569672,"198-262"
"5697","Harvey",-48.5,NA,1980-03-01,375843097363301,79,0,c(-97.6107014, 37.9786031),"1980","71-0",-97.6107014,37.9786031,203.6569672,"198-262"
"5698","Harvey",-43,NA,1980-04-01,375843097363301,79,0,c(-97.6107014, 37.9786031),"1980","71-0",-97.6107014,37.9786031,203.6569672,"198-262"
"5699","Harvey",-48,NA,1980-05-01,375843097363301,79,0,c(-97.6107014, 37.9786031),"1980","71-0",-97.6107014,37.9786031,203.6569672,"198-262"
"5700","Harvey",-45,NA,1980-08-01,375843097363301,79,0,c(-97.6107014, 37.9786031),"1980","71-0",-97.6107014,37.9786031,203.6569672,"198-262"
"5701","Harvey",-45.5,NA,1980-09-01,375843097363301,79,0,c(-97.6107014, 37.9786031),"1980","71-0",-97.6107014,37.9786031,203.6569672,"198-262"
"5702","Harvey",-49,NA,1980-10-01,375843097363301,79,0,c(-97.6107014, 37.9786031),"1980","71-0",-97.6107014,37.9786031,203.6569672,"198-262"
"5703","Harvey",-47,NA,1980-11-01,375843097363301,79,0,c(-97.6107014, 37.9786031),"1980","71-0",-97.6107014,37.9786031,203.6569672,"198-262"
"5704","Harvey",-47,NA,1980-12-01,375843097363301,79,0,c(-97.6107014, 37.9786031),"1980","71-0",-97.6107014,37.9786031,203.6569672,"198-262"
"5705","Harvey",-19.64,NA,1980-01-01,375817097363203,79,0,c(-97.6107384, 37.9713244),"1980","71-0",-97.6107384,37.9713244,202.473877,"198-262"
"5706","Harvey",-20.49,NA,1980-03-01,375817097363203,79,0,c(-97.6107384, 37.9713244),"1980","71-0",-97.6107384,37.9713244,202.473877,"198-262"
"5707","Harvey",-20,NA,1980-04-01,375817097363203,79,0,c(-97.6107384, 37.9713244),"1980","71-0",-97.6107384,37.9713244,202.473877,"198-262"
"5708","Harvey",-19.36,NA,1980-05-01,375817097363203,79,0,c(-97.6107384, 37.9713244),"1980","71-0",-97.6107384,37.9713244,202.473877,"198-262"
"5709","Harvey",-19.18,NA,1980-08-01,375817097363203,79,0,c(-97.6107384, 37.9713244),"1980","71-0",-97.6107384,37.9713244,202.473877,"198-262"
"5710","Harvey",-21.97,NA,1980-09-01,375817097363203,79,0,c(-97.6107384, 37.9713244),"1980","71-0",-97.6107384,37.9713244,202.473877,"198-262"
"5711","Harvey",-22.55,NA,1980-10-01,375817097363203,79,0,c(-97.6107384, 37.9713244),"1980","71-0",-97.6107384,37.9713244,202.473877,"198-262"
"5712","Harvey",-74.26,NA,1980-11-01,375817097363203,79,0,c(-97.6107384, 37.9713244),"1980","143-72",-97.6107384,37.9713244,202.473877,"198-262"
"5713","Harvey",-76.37,NA,1980-12-01,375817097363203,79,0,c(-97.6107384, 37.9713244),"1980","143-72",-97.6107384,37.9713244,202.473877,"198-262"
"5714","Morton",-68.02,"Richfield SW",1980-01-16,372043101572701,129,0,c(-101.95925, 37.34599),"1980","71-0",-101.95925,37.34599,10,"0-65"
"5715","Morton",-68.21,"Richfield SW",1980-04-08,372043101572701,129,0,c(-101.95925, 37.34599),"1980","71-0",-101.95925,37.34599,10,"0-65"
"5716","Morton",-68.16,"Richfield SW",1980-08-05,372043101572701,129,0,c(-101.95925, 37.34599),"1980","71-0",-101.95925,37.34599,10,"0-65"
"5717","Morton",-68.96,"Richfield SW",1980-10-13,372043101572701,129,0,c(-101.95925, 37.34599),"1980","71-0",-101.95925,37.34599,10,"0-65"
"5718","Meade",-69.8,"Meade",1980-01-18,371732100214701,119,0,c(-100.363724, 37.292754),"1980","71-0",-100.363724,37.292754,268.5789185,"263-328"
"5719","Meade",-69.22,"Meade",1980-07-08,371732100214701,119,0,c(-100.363724, 37.292754),"1980","71-0",-100.363724,37.292754,268.5789185,"263-328"
"5720","Stafford",-17.55,"Seward",1980-01-23,381253098503401,185,0,c(-98.844235, 38.21438),"1980","71-0",-98.844235,38.21438,156.8117065,"132-197"
"5721","Reno",-8.57,"BURRTON",1980-06-26,380139097420601,155,0,c(-97.702082, 38.028524),"1980","71-0",-97.702082,38.028524,236.8456116,"198-262"
"5722","Reno",-9.96,"BURRTON",1980-10-06,380139097420601,155,0,c(-97.702082, 38.028524),"1980","71-0",-97.702082,38.028524,236.8456116,"198-262"
"5723","Finney",-169.52,"WOLF",1980-01-15,380603101045501,55,0,c(-101.0835176, 38.1004044),"1980","215-144",-101.0835176,38.1004044,102.8574219,"66-131"
"5724","Sherman",-78.2,"Edson",1980-01-08,391622101311101,181,0,c(-101.521344, 39.272803),"1980","143-72",-101.521344,39.272803,18.17976,"0-65"
"5725","Ford",-115,"DODGE CITY SW",1980-07-02,374835100083001,57,0,c(-100.1427724, 37.8097204),"1980","143-72",-100.1427724,37.8097204,105.5889893,"66-131"
"5726","Ford",-117.1,"DODGE CITY SW",1980-09-11,374835100083001,57,0,c(-100.1427724, 37.8097204),"1980","143-72",-100.1427724,37.8097204,105.5889893,"66-131"
"5727","Stanton",-171.89,NA,1980-01-17,373413101351701,187,0,c(-101.5877424, 37.5706393),"1980","215-144",-101.5877424,37.5706393,163.3729858,"132-197"
"5728","Edwards",-17.75,"BELPRE",1980-01-22,375436099032701,47,0,c(-99.058981, 37.912749),"1980","71-0",-99.058981,37.912749,146.4877167,"132-197"
"5729","Reno",-10.24,NA,1980-01-30,380232097510501,155,0,c(-97.8519662, 38.0420481),"1980","71-0",-97.8519662,38.0420481,40.8395271,"0-65"
"5730","Edwards",-8.36,"KINSLEY",1980-04-10,375513099231701,47,0,c(-99.386926, 37.920817),"1980","71-0",-99.386926,37.920817,43.1457672,"0-65"
"5731","Edwards",-8.47,"KINSLEY",1980-06-24,375513099231701,47,0,c(-99.386926, 37.920817),"1980","71-0",-99.386926,37.920817,43.1457672,"0-65"
"5732","Edwards",-9.34,"KINSLEY",1980-09-22,375513099231701,47,0,c(-99.386926, 37.920817),"1980","71-0",-99.386926,37.920817,43.1457672,"0-65"
"5733","Osborne",-26.64,"Portis",1980-03-06,393038098374501,141,0,c(-98.6312606, 39.5106542),"1980","71-0",-98.6312606,39.5106542,NA,NA
"5734","Osborne",-27.28,"Portis",1980-05-21,393038098374501,141,0,c(-98.6312606, 39.5106542),"1980","71-0",-98.6312606,39.5106542,NA,NA
"5735","Osborne",-29.14,"Portis",1980-09-03,393038098374501,141,0,c(-98.6312606, 39.5106542),"1980","71-0",-98.6312606,39.5106542,NA,NA
"5736","Osborne",-29.18,"Portis",1980-12-11,393038098374501,141,0,c(-98.6312606, 39.5106542),"1980","71-0",-98.6312606,39.5106542,NA,NA
"5737","Rush",-36.96,"RUSH CENTER",1980-12-30,382755099173201,165,0,c(-99.2915827, 38.4664505),"1980","71-0",-99.2915827,38.4664505,0.0000199,"0-65"
"5738","Cheyenne",-217.5,"MCDONALD SW",1980-01-10,394619101281101,23,0,c(-101.4675394, 39.7718954),"1980","287-216",-101.4675394,39.7718954,93.4184265,"66-131"
"5739","Kiowa",-151.03,"GREENSBURG",1980-01-21,373232099161901,97,0,c(-99.2714569, 37.5428265),"1980","215-144",-99.2714569,37.5428265,43.7111702,"0-65"
"5740","Pawnee",-24.12,"Radium",1980-03-20,381022098570001,145,0,c(-98.949342, 38.174165),"1980","71-0",-98.949342,38.174165,183.0338135,"132-197"
"5741","Pawnee",-24.12,"Radium",1980-07-02,381022098570001,145,0,c(-98.949342, 38.174165),"1980","71-0",-98.949342,38.174165,183.0338135,"132-197"
"5742","Pawnee",-24.49,"Radium",1980-09-18,381022098570001,145,0,c(-98.949342, 38.174165),"1980","71-0",-98.949342,38.174165,183.0338135,"132-197"
"5743","Pawnee",-25.01,"Radium",1980-12-30,381022098570001,145,0,c(-98.949342, 38.174165),"1980","71-0",-98.949342,38.174165,183.0338135,"132-197"
"5744","Edwards",-23.93,"LEWIS",1980-01-21,375346099174801,47,0,c(-99.296108, 37.898066),"1980","71-0",-99.296108,37.898066,84.4408798,"66-131"
"5745","Edwards",-23.66,"LEWIS",1980-04-10,375346099174801,47,0,c(-99.296108, 37.898066),"1980","71-0",-99.296108,37.898066,84.4408798,"66-131"
"5746","Edwards",-23.5,"LEWIS",1980-06-24,375346099174801,47,0,c(-99.296108, 37.898066),"1980","71-0",-99.296108,37.898066,84.4408798,"66-131"
"5747","Edwards",-25.28,"LEWIS",1980-09-22,375346099174801,47,0,c(-99.296108, 37.898066),"1980","71-0",-99.296108,37.898066,84.4408798,"66-131"
"5748","Osborne",-20.38,"Portis",1980-02-27,393223098412801,141,0,c(-98.6914239, 39.5397948),"1980","71-0",-98.6914239,39.5397948,NA,NA
"5749","Osborne",-19.06,"Portis",1980-05-21,393223098412801,141,0,c(-98.6914239, 39.5397948),"1980","71-0",-98.6914239,39.5397948,NA,NA
"5750","Osborne",-31.96,"Portis",1980-07-30,393223098412801,141,0,c(-98.6914239, 39.5397948),"1980","71-0",-98.6914239,39.5397948,NA,NA
"5751","Osborne",-32.76,"Portis",1980-08-13,393223098412801,141,0,c(-98.6914239, 39.5397948),"1980","71-0",-98.6914239,39.5397948,NA,NA
"5752","Osborne",-30.92,"Portis",1980-08-27,393223098412801,141,0,c(-98.6914239, 39.5397948),"1980","71-0",-98.6914239,39.5397948,NA,NA
"5753","Osborne",-30.65,"Portis",1980-08-29,393223098412801,141,0,c(-98.6914239, 39.5397948),"1980","71-0",-98.6914239,39.5397948,NA,NA
"5754","Osborne",-24.4,"Portis",1980-09-30,393223098412801,141,0,c(-98.6914239, 39.5397948),"1980","71-0",-98.6914239,39.5397948,NA,NA
"5755","Osborne",-22.6,"Portis",1980-12-11,393223098412801,141,0,c(-98.6914239, 39.5397948),"1980","71-0",-98.6914239,39.5397948,NA,NA
"5756","Kiowa",-86.94,"GREENSBUTG",1980-01-21,373517099201701,97,0,c(-99.3399697, 37.5903264),"1980","143-72",-99.3399697,37.5903264,54.0814972,"0-65"
"5757","Harvey",-18.01,"BURRTON",1980-06-25,380054097373802,79,0,c(-97.628599, 38.014205),"1980","71-0",-97.628599,38.014205,204.7576447,"198-262"
"5758","Harvey",-21.37,"BURRTON",1980-09-29,380054097373802,79,0,c(-97.628599, 38.014205),"1980","71-0",-97.628599,38.014205,204.7576447,"198-262"
"5759","Edwards",-38.96,"GREENSBURG NE",1980-01-21,374354099202001,47,0,c(-99.340863, 37.733747),"1980","71-0",-99.340863,37.733747,134.7600098,"132-197"
"5760","Osborne",-16.23,"Portis",1980-05-30,393221098413201,141,0,c(-98.692488, 39.539302),"1980","71-0",-98.692488,39.539302,NA,NA
"5761","Osborne",-17.37,"Portis",1980-02-27,393226098413101,141,0,c(-98.6913636, 39.5416233),"1980","71-0",-98.6913636,39.5416233,NA,NA
"5762","Osborne",-15.92,"Portis",1980-05-21,393226098413101,141,0,c(-98.6913636, 39.5416233),"1980","71-0",-98.6913636,39.5416233,NA,NA
"5763","Osborne",-28.29,"Portis",1980-08-29,393226098413101,141,0,c(-98.6913636, 39.5416233),"1980","71-0",-98.6913636,39.5416233,NA,NA
"5764","Osborne",-21.33,"Portis",1980-09-30,393226098413101,141,0,c(-98.6913636, 39.5416233),"1980","71-0",-98.6913636,39.5416233,NA,NA
"5765","Osborne",-14.59,"Portis",1980-12-11,393226098413101,141,0,c(-98.6913636, 39.5416233),"1980","71-0",-98.6913636,39.5416233,NA,NA
"5766","Ellis",-24.2,"HAYS SOUTH",1980-02-29,385122099161801,51,0,c(-99.2704734, 38.8555265),"1980","71-0",-99.2704734,38.8555265,NA,NA
"5767","Ellis",-23.66,"HAYS SOUTH",1980-06-05,385122099161801,51,0,c(-99.2704734, 38.8555265),"1980","71-0",-99.2704734,38.8555265,NA,NA
"5768","Ellis",-23.93,"HAYS SOUTH",1980-09-11,385122099161801,51,0,c(-99.2704734, 38.8555265),"1980","71-0",-99.2704734,38.8555265,NA,NA
"5769","Ellis",-24.14,"HAYS SOUTH",1980-12-19,385122099161801,51,0,c(-99.2704734, 38.8555265),"1980","71-0",-99.2704734,38.8555265,NA,NA
"5770","Osborne",-18.87,"WOODSTON",1980-03-06,392710099013302,141,0,c(-99.0260459, 39.4525503),"1980","71-0",-99.0260459,39.4525503,NA,NA
"5771","Osborne",-18.2,"WOODSTON",1980-05-21,392710099013302,141,0,c(-99.0260459, 39.4525503),"1980","71-0",-99.0260459,39.4525503,NA,NA
"5772","Osborne",-18.1,"WOODSTON",1980-09-03,392710099013302,141,0,c(-99.0260459, 39.4525503),"1980","71-0",-99.0260459,39.4525503,NA,NA
"5773","Osborne",-19.74,"WOODSTON",1980-12-11,392710099013302,141,0,c(-99.0260459, 39.4525503),"1980","71-0",-99.0260459,39.4525503,NA,NA
"5774","Kiowa",-156.5,"Mullinville",1980-01-21,373038099230801,97,0,c(-99.384835, 37.512637),"1980","215-144",-99.384835,37.512637,32.6074753,"0-65"
"5775","Edwards",-32.74,"BELPRE NW",1980-01-21,375445099143901,47,0,c(-99.2456611, 37.9145387),"1980","71-0",-99.2456611,37.9145387,67.5668182,"66-131"
"5776","Edwards",-32.62,"BELPRE NW",1980-04-10,375445099143901,47,0,c(-99.2456611, 37.9145387),"1980","71-0",-99.2456611,37.9145387,67.5668182,"66-131"
"5777","Edwards",-32.39,"BELPRE NW",1980-06-24,375445099143901,47,0,c(-99.2456611, 37.9145387),"1980","71-0",-99.2456611,37.9145387,67.5668182,"66-131"
"5778","Edwards",-34.42,"BELPRE NW",1980-09-22,375445099143901,47,0,c(-99.2456611, 37.9145387),"1980","71-0",-99.2456611,37.9145387,67.5668182,"66-131"
"5779","Edwards",-13.92,"BELPRE",1980-01-21,375733099034401,47,0,c(-99.0638071, 37.9600943),"1980","71-0",-99.0638071,37.9600943,109.2988586,"66-131"
"5780","Harvey",-7.59,"BURRTON",1980-01-01,380048097395202,79,0,c(-97.6667026, 38.0132062),"1980","71-0",-97.6667026,38.0132062,142.5135498,"132-197"
"5781","Harvey",-7.68,"BURRTON",1980-04-01,380048097395202,79,0,c(-97.6667026, 38.0132062),"1980","71-0",-97.6667026,38.0132062,142.5135498,"132-197"
"5782","Harvey",-7.72,"BURRTON",1980-06-25,380048097395202,79,0,c(-97.6667026, 38.0132062),"1980","71-0",-97.6667026,38.0132062,142.5135498,"132-197"
"5783","Harvey",-7.53,"BURRTON",1980-07-01,380048097395202,79,0,c(-97.6667026, 38.0132062),"1980","71-0",-97.6667026,38.0132062,142.5135498,"132-197"
"5784","Harvey",-9.55,"BURRTON",1980-09-30,380048097395202,79,0,c(-97.6667026, 38.0132062),"1980","71-0",-97.6667026,38.0132062,142.5135498,"132-197"
"5785","Harvey",-9.24,"BURRTON",1980-10-01,380048097395202,79,0,c(-97.6667026, 38.0132062),"1980","71-0",-97.6667026,38.0132062,142.5135498,"132-197"
"5786","Edwards",-18.87,"FELLSBURG",1980-01-21,375008099141501,47,0,c(-99.237529, 37.83677),"1980","71-0",-99.237529,37.83677,122.4408798,"66-131"
"5787","Rush",-24.43,"ALEXANDER",1980-03-20,382848099304201,165,0,c(-99.5105313, 38.4812316),"1980","71-0",-99.5105313,38.4812316,NA,NA
"5788","Rush",-23.79,"ALEXANDER",1980-07-02,382848099304201,165,0,c(-99.5105313, 38.4812316),"1980","71-0",-99.5105313,38.4812316,NA,NA
"5789","Rush",-24.89,"ALEXANDER",1980-09-18,382848099304201,165,0,c(-99.5105313, 38.4812316),"1980","71-0",-99.5105313,38.4812316,NA,NA
"5790","Rush",-25.19,"ALEXANDER",1980-12-30,382848099304201,165,0,c(-99.5105313, 38.4812316),"1980","71-0",-99.5105313,38.4812316,NA,NA
"5791","Kiowa",-117.96,NA,1980-01-22,373423099151401,97,0,c(-99.2536472, 37.5758586),"1980","143-72",-99.2536472,37.5758586,62.1371918,"0-65"
"5792","McPherson",-65.45,NA,1980-01-31,382126097384501,113,0,c(-97.6461113, 38.356809),"1980","71-0",-97.6461113,38.356809,58.205658,"0-65"
"5793","Sedgwick",-14.14,NA,1980-01-01,374953097232601,173,0,c(-97.3914781, 37.8313047),"1980","71-0",-97.3914781,37.8313047,65.6357269,"0-65"
"5794","Sedgwick",-13.55,NA,1980-04-01,374953097232601,173,0,c(-97.3914781, 37.8313047),"1980","71-0",-97.3914781,37.8313047,65.6357269,"0-65"
"5795","Sedgwick",-14.83,NA,1980-07-01,374953097232601,173,0,c(-97.3914781, 37.8313047),"1980","71-0",-97.3914781,37.8313047,65.6357269,"0-65"
"5796","Sedgwick",-15.85,NA,1980-10-01,374953097232601,173,0,c(-97.3914781, 37.8313047),"1980","71-0",-97.3914781,37.8313047,65.6357269,"0-65"
"5797","Sedgwick",-18.18,NA,1980-01-01,375230097273701,173,0,c(-97.4638592, 37.8751794),"1980","71-0",-97.4638592,37.8751794,149.999176,"132-197"
"5798","Sedgwick",-15.68,NA,1980-03-01,375230097273701,173,0,c(-97.4638592, 37.8751794),"1980","71-0",-97.4638592,37.8751794,149.999176,"132-197"
"5799","Sedgwick",-15.24,NA,1980-04-01,375230097273701,173,0,c(-97.4638592, 37.8751794),"1980","71-0",-97.4638592,37.8751794,149.999176,"132-197"
"5800","Sedgwick",-13.38,NA,1980-05-01,375230097273701,173,0,c(-97.4638592, 37.8751794),"1980","71-0",-97.4638592,37.8751794,149.999176,"132-197"
"5801","Sedgwick",-14.81,NA,1980-08-01,375230097273701,173,0,c(-97.4638592, 37.8751794),"1980","71-0",-97.4638592,37.8751794,149.999176,"132-197"
"5802","Sedgwick",-19.2,NA,1980-09-01,375230097273701,173,0,c(-97.4638592, 37.8751794),"1980","71-0",-97.4638592,37.8751794,149.999176,"132-197"
"5803","Sedgwick",-19.64,NA,1980-10-01,375230097273701,173,0,c(-97.4638592, 37.8751794),"1980","71-0",-97.4638592,37.8751794,149.999176,"132-197"
"5804","Sedgwick",-19.81,NA,1980-12-01,375230097273701,173,0,c(-97.4638592, 37.8751794),"1980","71-0",-97.4638592,37.8751794,149.999176,"132-197"
"5805","Sedgwick",-20.45,NA,1980-01-01,375256097274503,173,0,c(-97.4649984, 37.882358),"1980","71-0",-97.4649984,37.882358,149.6324463,"132-197"
"5806","Sedgwick",-18.12,NA,1980-03-01,375256097274503,173,0,c(-97.4649984, 37.882358),"1980","71-0",-97.4649984,37.882358,149.6324463,"132-197"
"5807","Sedgwick",-17.02,NA,1980-04-01,375256097274503,173,0,c(-97.4649984, 37.882358),"1980","71-0",-97.4649984,37.882358,149.6324463,"132-197"
"5808","Sedgwick",-15.57,NA,1980-05-01,375256097274503,173,0,c(-97.4649984, 37.882358),"1980","71-0",-97.4649984,37.882358,149.6324463,"132-197"
"5809","Sedgwick",-16.44,NA,1980-08-01,375256097274503,173,0,c(-97.4649984, 37.882358),"1980","71-0",-97.4649984,37.882358,149.6324463,"132-197"
"5810","Sedgwick",-27.1,NA,1980-09-01,375256097274503,173,0,c(-97.4649984, 37.882358),"1980","71-0",-97.4649984,37.882358,149.6324463,"132-197"
"5811","Sedgwick",-22.15,NA,1980-10-01,375256097274503,173,0,c(-97.4649984, 37.882358),"1980","71-0",-97.4649984,37.882358,149.6324463,"132-197"
"5812","Sedgwick",-21.99,NA,1980-12-01,375256097274503,173,0,c(-97.4649984, 37.882358),"1980","71-0",-97.4649984,37.882358,149.6324463,"132-197"
"5813","Harvey",-29.17,NA,1980-01-01,375955097284601,79,0,c(-97.4809067, 37.9985469),"1980","71-0",-97.4809067,37.9985469,118.1095352,"66-131"
"5814","Harvey",-27.4,NA,1980-04-01,375955097284601,79,0,c(-97.4809067, 37.9985469),"1980","71-0",-97.4809067,37.9985469,118.1095352,"66-131"
"5815","Harvey",-30.74,NA,1980-07-01,375955097284601,79,0,c(-97.4809067, 37.9985469),"1980","71-0",-97.4809067,37.9985469,118.1095352,"66-131"
"5816","Harvey",-33.32,NA,1980-10-01,375955097284601,79,0,c(-97.4809067, 37.9985469),"1980","71-0",-97.4809067,37.9985469,118.1095352,"66-131"
"5817","Reno",-25.97,"Pretty Prairie",1980-01-23,374933098025301,155,0,c(-98.049286, 37.825556),"1980","71-0",-98.049286,37.825556,36.6810837,"0-65"
"5818","Barber",-15.57,"MEDICINE LODGE SW",1980-03-21,371710098374501,7,0,c(-98.6307574, 37.2875058),"1980","71-0",-98.6307574,37.2875058,NA,NA
"5819","Barber",-14.17,"MEDICINE LODGE SW",1980-06-23,371710098374501,7,0,c(-98.6307574, 37.2875058),"1980","71-0",-98.6307574,37.2875058,NA,NA
"5820","Barber",-16.73,"MEDICINE LODGE SW",1980-09-15,371710098374501,7,0,c(-98.6307574, 37.2875058),"1980","71-0",-98.6307574,37.2875058,NA,NA
"5821","Harvey",-1.66,NA,1980-01-01,375810097284601,79,0,c(-97.4811169, 37.9694569),"1980","71-0",-97.4811169,37.9694569,128.6896973,"66-131"
"5822","Harvey",-7.13,NA,1980-04-01,375810097284601,79,0,c(-97.4811169, 37.9694569),"1980","71-0",-97.4811169,37.9694569,128.6896973,"66-131"
"5823","Harvey",-10.09,NA,1980-07-01,375810097284601,79,0,c(-97.4811169, 37.9694569),"1980","71-0",-97.4811169,37.9694569,128.6896973,"66-131"
"5824","Harvey",-14.91,NA,1980-10-01,375810097284601,79,0,c(-97.4811169, 37.9694569),"1980","71-0",-97.4811169,37.9694569,128.6896973,"66-131"
"5825","Harvey",-25.08,"HALSTEAD NW",1980-06-26,380812097400002,79,0,c(-97.66671, 38.13663),"1980","71-0",-97.66671,38.13663,167.7371521,"132-197"
"5826","Harvey",-28.92,"HALSTEAD NW",1980-10-20,380812097400002,79,0,c(-97.66671, 38.13663),"1980","71-0",-97.66671,38.13663,167.7371521,"132-197"
"5827","Reno",-20.46,"Alden SE",1980-01-22,380652098160901,155,0,c(-98.265976, 38.113845),"1980","71-0",-98.265976,38.113845,184.2745972,"132-197"
"5828","Wallace",-141.58,NA,1980-01-14,384959101545901,199,0,c(-101.9183016, 38.8305273),"1980","143-72",-101.9183016,38.8305273,24.9927197,"0-65"
"5829","Haskell",-226.87,NA,1980-01-09,372640100414601,81,0,c(-100.6970336, 37.4446963),"1980","287-216",-100.6970336,37.4446963,223.7388611,"198-262"
"5830","Haskell",-224.67,NA,1980-05-06,372640100414601,81,0,c(-100.6970336, 37.4446963),"1980","287-216",-100.6970336,37.4446963,223.7388611,"198-262"
"5831","Haskell",-232.39,NA,1980-07-08,372640100414601,81,0,c(-100.6970336, 37.4446963),"1980","287-216",-100.6970336,37.4446963,223.7388611,"198-262"
"5832","Haskell",-236.71,NA,1980-10-09,372640100414601,81,0,c(-100.6970336, 37.4446963),"1980","287-216",-100.6970336,37.4446963,223.7388611,"198-262"
"5833","Gray",-14.28,"Pierceville SW",1980-01-12,375159100384101,69,0,c(-100.646632, 37.871892),"1980","71-0",-100.646632,37.871892,108.7635345,"66-131"
"5834","Cherokee",-98.17,"BAXTER SPRINGS",1980-02-05,370514094373901,21,0,c(-94.6289863, 37.0866631),"1980","143-72",-94.6289863,37.0866631,NA,NA
"5835","Cherokee",-98.38,"BAXTER SPRINGS",1980-02-10,370514094373901,21,0,c(-94.6289863, 37.0866631),"1980","143-72",-94.6289863,37.0866631,NA,NA
"5836","Cherokee",-99.2,"BAXTER SPRINGS",1980-02-15,370514094373901,21,0,c(-94.6289863, 37.0866631),"1980","143-72",-94.6289863,37.0866631,NA,NA
"5837","Cherokee",-98.37,"BAXTER SPRINGS",1980-02-20,370514094373901,21,0,c(-94.6289863, 37.0866631),"1980","143-72",-94.6289863,37.0866631,NA,NA
"5838","Cherokee",-98.98,"BAXTER SPRINGS",1980-02-25,370514094373901,21,0,c(-94.6289863, 37.0866631),"1980","143-72",-94.6289863,37.0866631,NA,NA
"5839","Cherokee",-98.98,"BAXTER SPRINGS",1980-03-05,370514094373901,21,0,c(-94.6289863, 37.0866631),"1980","143-72",-94.6289863,37.0866631,NA,NA
"5840","Cherokee",-98.67,"BAXTER SPRINGS",1980-03-10,370514094373901,21,0,c(-94.6289863, 37.0866631),"1980","143-72",-94.6289863,37.0866631,NA,NA
"5841","Cherokee",-101,"BAXTER SPRINGS",1980-03-15,370514094373901,21,0,c(-94.6289863, 37.0866631),"1980","143-72",-94.6289863,37.0866631,NA,NA
"5842","Cherokee",-98.8,"BAXTER SPRINGS",1980-03-20,370514094373901,21,0,c(-94.6289863, 37.0866631),"1980","143-72",-94.6289863,37.0866631,NA,NA
"5843","Cherokee",-97.7,"BAXTER SPRINGS",1980-03-25,370514094373901,21,0,c(-94.6289863, 37.0866631),"1980","143-72",-94.6289863,37.0866631,NA,NA
"5844","Cherokee",-97.62,"BAXTER SPRINGS",1980-03-31,370514094373901,21,0,c(-94.6289863, 37.0866631),"1980","143-72",-94.6289863,37.0866631,NA,NA
"5845","Cherokee",-98.2,"BAXTER SPRINGS",1980-04-05,370514094373901,21,0,c(-94.6289863, 37.0866631),"1980","143-72",-94.6289863,37.0866631,NA,NA
"5846","Cherokee",-97.05,"BAXTER SPRINGS",1980-04-10,370514094373901,21,0,c(-94.6289863, 37.0866631),"1980","143-72",-94.6289863,37.0866631,NA,NA
"5847","Cherokee",-95.86,"BAXTER SPRINGS",1980-04-15,370514094373901,21,0,c(-94.6289863, 37.0866631),"1980","143-72",-94.6289863,37.0866631,NA,NA
"5848","Cherokee",-97.02,"BAXTER SPRINGS",1980-04-25,370514094373901,21,0,c(-94.6289863, 37.0866631),"1980","143-72",-94.6289863,37.0866631,NA,NA
"5849","Cherokee",-95.15,"BAXTER SPRINGS",1980-04-30,370514094373901,21,0,c(-94.6289863, 37.0866631),"1980","143-72",-94.6289863,37.0866631,NA,NA
"5850","Cherokee",-94.9,"BAXTER SPRINGS",1980-05-05,370514094373901,21,0,c(-94.6289863, 37.0866631),"1980","143-72",-94.6289863,37.0866631,NA,NA
"5851","Cherokee",-94.7,"BAXTER SPRINGS",1980-06-02,370514094373901,21,0,c(-94.6289863, 37.0866631),"1980","143-72",-94.6289863,37.0866631,NA,NA
"5852","Cherokee",-95.8,"BAXTER SPRINGS",1980-06-05,370514094373901,21,0,c(-94.6289863, 37.0866631),"1980","143-72",-94.6289863,37.0866631,NA,NA
"5853","Cherokee",-99.28,"BAXTER SPRINGS",1980-06-10,370514094373901,21,0,c(-94.6289863, 37.0866631),"1980","143-72",-94.6289863,37.0866631,NA,NA
"5854","Cherokee",-93.17,"BAXTER SPRINGS",1980-06-15,370514094373901,21,0,c(-94.6289863, 37.0866631),"1980","143-72",-94.6289863,37.0866631,NA,NA
"5855","Cherokee",-86.72,"BAXTER SPRINGS",1980-06-20,370514094373901,21,0,c(-94.6289863, 37.0866631),"1980","143-72",-94.6289863,37.0866631,NA,NA
"5856","Cherokee",-82.62,"BAXTER SPRINGS",1980-06-25,370514094373901,21,0,c(-94.6289863, 37.0866631),"1980","143-72",-94.6289863,37.0866631,NA,NA
"5857","Cherokee",-80.66,"BAXTER SPRINGS",1980-06-30,370514094373901,21,0,c(-94.6289863, 37.0866631),"1980","143-72",-94.6289863,37.0866631,NA,NA
"5858","Cherokee",-80.01,"BAXTER SPRINGS",1980-07-05,370514094373901,21,0,c(-94.6289863, 37.0866631),"1980","143-72",-94.6289863,37.0866631,NA,NA
"5859","Cherokee",-79.91,"BAXTER SPRINGS",1980-07-10,370514094373901,21,0,c(-94.6289863, 37.0866631),"1980","143-72",-94.6289863,37.0866631,NA,NA
"5860","Cherokee",-80.22,"BAXTER SPRINGS",1980-07-15,370514094373901,21,0,c(-94.6289863, 37.0866631),"1980","143-72",-94.6289863,37.0866631,NA,NA
"5861","Cherokee",-82.47,"BAXTER SPRINGS",1980-07-31,370514094373901,21,0,c(-94.6289863, 37.0866631),"1980","143-72",-94.6289863,37.0866631,NA,NA
"5862","Cherokee",-82.9,"BAXTER SPRINGS",1980-08-05,370514094373901,21,0,c(-94.6289863, 37.0866631),"1980","143-72",-94.6289863,37.0866631,NA,NA
"5863","Cherokee",-83.41,"BAXTER SPRINGS",1980-08-10,370514094373901,21,0,c(-94.6289863, 37.0866631),"1980","143-72",-94.6289863,37.0866631,NA,NA
"5864","Cherokee",-83.55,"BAXTER SPRINGS",1980-08-15,370514094373901,21,0,c(-94.6289863, 37.0866631),"1980","143-72",-94.6289863,37.0866631,NA,NA
"5865","Cherokee",-81.8,"BAXTER SPRINGS",1980-09-08,370514094373901,21,0,c(-94.6289863, 37.0866631),"1980","143-72",-94.6289863,37.0866631,NA,NA
"5866","Cherokee",-81.95,"BAXTER SPRINGS",1980-09-10,370514094373901,21,0,c(-94.6289863, 37.0866631),"1980","143-72",-94.6289863,37.0866631,NA,NA
"5867","Cherokee",-81.87,"BAXTER SPRINGS",1980-09-15,370514094373901,21,0,c(-94.6289863, 37.0866631),"1980","143-72",-94.6289863,37.0866631,NA,NA
"5868","Cherokee",-82.29,"BAXTER SPRINGS",1980-09-20,370514094373901,21,0,c(-94.6289863, 37.0866631),"1980","143-72",-94.6289863,37.0866631,NA,NA
"5869","Cherokee",-83.04,"BAXTER SPRINGS",1980-09-25,370514094373901,21,0,c(-94.6289863, 37.0866631),"1980","143-72",-94.6289863,37.0866631,NA,NA
"5870","Cherokee",-82.93,"BAXTER SPRINGS",1980-09-30,370514094373901,21,0,c(-94.6289863, 37.0866631),"1980","143-72",-94.6289863,37.0866631,NA,NA
"5871","Cherokee",-82.65,"BAXTER SPRINGS",1980-10-01,370514094373901,21,0,c(-94.6289863, 37.0866631),"1980","143-72",-94.6289863,37.0866631,NA,NA
"5872","Cherokee",-81.22,"BAXTER SPRINGS",1980-11-01,370514094373901,21,0,c(-94.6289863, 37.0866631),"1980","143-72",-94.6289863,37.0866631,NA,NA
"5873","Cherokee",-80.24,"BAXTER SPRINGS",1980-12-16,370514094373901,21,0,c(-94.6289863, 37.0866631),"1980","143-72",-94.6289863,37.0866631,NA,NA
"5874","Thomas",-93,"Spica",1980-01-07,390901100545201,193,0,c(-100.9171262, 39.1511664),"1980","143-72",-100.9171262,39.1511664,92.1520996,"66-131"
"5875","Hamilton",-8.76,"Holly East",1980-01-14,380124102010201,75,0,c(-102.018013, 38.022897),"1980","71-0",-102.018013,38.022897,NA,NA
"5876","Gray",-68.62,"Cimarron NE",1980-01-12,375811100145901,69,0,c(-100.2532577, 37.9711173),"1980","71-0",-100.2532577,37.9711173,40.4657745,"0-65"
"5877","Haskell",-214.02,NA,1980-01-09,372404100432601,81,0,c(-100.7241658, 37.4011462),"1980","215-144",-100.7241658,37.4011462,237.7102203,"198-262"
"5878","Thomas",-180.66,"Winona NE",1980-03-12,391303101031701,193,0,c(-101.054432, 39.217206),"1980","215-144",-101.054432,39.217206,85.8039856,"66-131"
"5879","Thomas",-170.99,"Winona NE",1980-06-02,391303101031701,193,0,c(-101.054432, 39.217206),"1980","215-144",-101.054432,39.217206,85.8039856,"66-131"
"5880","Thomas",-186.92,"Winona NE",1980-09-10,391303101031701,193,0,c(-101.054432, 39.217206),"1980","215-144",-101.054432,39.217206,85.8039856,"66-131"
"5881","Wallace",-146.03,NA,1980-01-31,384526101425901,199,0,c(-101.717025, 38.7554706),"1980","215-144",-101.717025,38.7554706,55.3382454,"0-65"
"5882","Wallace",-108.17,"Mount Sunflower",1980-01-08,390618102000301,199,0,c(-102.001656, 39.104033),"1980","143-72",-102.001656,39.104033,26.3282413,"0-65"
"5883","Wallace",-106.92,"Mount Sunflower",1980-03-11,390618102000301,199,0,c(-102.001656, 39.104033),"1980","143-72",-102.001656,39.104033,26.3282413,"0-65"
"5884","Wallace",-106.41,"Mount Sunflower",1980-06-03,390618102000301,199,0,c(-102.001656, 39.104033),"1980","143-72",-102.001656,39.104033,26.3282413,"0-65"
"5885","Wallace",-107.23,"Mount Sunflower",1980-09-10,390618102000301,199,0,c(-102.001656, 39.104033),"1980","143-72",-102.001656,39.104033,26.3282413,"0-65"
"5886","Wallace",-141.56,NA,1980-01-14,385006101570301,199,0,c(-101.9508417, 38.8330262),"1980","143-72",-101.9508417,38.8330262,25.6004524,"0-65"
"5887","Wallace",-139.16,NA,1980-04-21,385006101570301,199,0,c(-101.9508417, 38.8330262),"1980","143-72",-101.9508417,38.8330262,25.6004524,"0-65"
"5888","Wallace",-109.45,NA,1980-01-15,384336101395801,199,0,c(-101.6664417, 38.7254112),"1980","143-72",-101.6664417,38.7254112,38.1971436,"0-65"
"5889","Wallace",-139.55,"M Ladder Creek West",1980-01-16,384212101491702,199,0,c(-101.8225401, 38.7016007),"1980","143-72",-101.8225401,38.7016007,72.6231079,"66-131"
"5890","Wallace",-138.32,"M Ladder Creek West",1980-04-21,384212101491702,199,0,c(-101.8225401, 38.7016007),"1980","143-72",-101.8225401,38.7016007,72.6231079,"66-131"
"5891","Wallace",-142.03,"M Ladder Creek West",1980-10-06,384212101491702,199,0,c(-101.8225401, 38.7016007),"1980","143-72",-101.8225401,38.7016007,72.6231079,"66-131"
"5892","Wallace",-149.95,NA,1980-01-15,384815101523901,199,0,c(-101.877571, 38.8034293),"1980","215-144",-101.877571,38.8034293,54.309391,"0-65"
"5893","Finney",-93.03,"WOLF NE",1980-01-14,381400101025302,55,0,c(-101.0501047, 38.2340105),"1980","143-72",-101.0501047,38.2340105,26.0738602,"0-65"
"5894","Kearny",-22.59,"Deerfield NE",1980-01-10,375738101071302,93,0,c(-101.120037, 37.9604463),"1980","71-0",-101.120037,37.9604463,299.2305908,"263-328"
"5895","Kearny",-23.67,"Deerfield NE",1980-04-23,375738101071302,93,0,c(-101.120037, 37.9604463),"1980","71-0",-101.120037,37.9604463,299.2305908,"263-328"
"5896","Kearny",-22.71,"Deerfield NE",1980-07-09,375738101071302,93,0,c(-101.120037, 37.9604463),"1980","71-0",-101.120037,37.9604463,299.2305908,"263-328"
"5897","Kearny",-21.33,"Deerfield NE",1980-10-03,375738101071302,93,0,c(-101.120037, 37.9604463),"1980","71-0",-101.120037,37.9604463,299.2305908,"263-328"
"5898","Sedgwick",-6.88,"Maize",1980-01-01,374659097280201,173,0,c(-97.4688528, 37.7798349),"1980","71-0",-97.4688528,37.7798349,156.964386,"132-197"
"5899","Sedgwick",-6.83,"Maize",1980-01-03,374659097280201,173,0,c(-97.4688528, 37.7798349),"1980","71-0",-97.4688528,37.7798349,156.964386,"132-197"
"5900","Sedgwick",-6.08,"Maize",1980-03-27,374659097280201,173,0,c(-97.4688528, 37.7798349),"1980","71-0",-97.4688528,37.7798349,156.964386,"132-197"
"5901","Sedgwick",-1.57,"Maize",1980-04-01,374659097280201,173,0,c(-97.4688528, 37.7798349),"1980","71-0",-97.4688528,37.7798349,156.964386,"132-197"
"5902","Sedgwick",-7.32,"Maize",1980-07-01,374659097280201,173,0,c(-97.4688528, 37.7798349),"1980","71-0",-97.4688528,37.7798349,156.964386,"132-197"
"5903","Sedgwick",-9.6,"Maize",1980-09-17,374659097280201,173,0,c(-97.4688528, 37.7798349),"1980","71-0",-97.4688528,37.7798349,156.964386,"132-197"
"5904","Sedgwick",-9.53,"Maize",1980-10-01,374659097280201,173,0,c(-97.4688528, 37.7798349),"1980","71-0",-97.4688528,37.7798349,156.964386,"132-197"
"5905","Sedgwick",-9.44,"Maize",1980-12-24,374659097280201,173,0,c(-97.4688528, 37.7798349),"1980","71-0",-97.4688528,37.7798349,156.964386,"132-197"
"5906","Thomas",-142.57,"Brewster NE",1980-01-08,392620101221101,193,0,c(-101.370941, 39.439451),"1980","143-72",-101.370941,39.439451,111.1849747,"66-131"
"5907","Thomas",-141.2,"Brewster NE",1980-03-12,392620101221101,193,0,c(-101.370941, 39.439451),"1980","143-72",-101.370941,39.439451,111.1849747,"66-131"
"5908","Thomas",-141.62,"Brewster NE",1980-06-04,392620101221101,193,0,c(-101.370941, 39.439451),"1980","143-72",-101.370941,39.439451,111.1849747,"66-131"
"5909","Thomas",-142,"Brewster NE",1980-09-10,392620101221101,193,0,c(-101.370941, 39.439451),"1980","143-72",-101.370941,39.439451,111.1849747,"66-131"
"5910","Thomas",-145.17,"Brewster NE",1980-12-24,392620101221101,193,0,c(-101.370941, 39.439451),"1980","215-144",-101.370941,39.439451,111.1849747,"66-131"
"5911","Wallace",-101.59,"Harrison Flats",1980-01-15,384630101343101,199,0,c(-101.575528, 38.775329),"1980","143-72",-101.575528,38.775329,25.186842,"0-65"
"5912","Wallace",-142.92,NA,1980-01-15,384438101354001,199,0,c(-101.5945304, 38.7430566),"1980","143-72",-101.5945304,38.7430566,25.7018585,"0-65"
"5913","Finney",-104.57,"TENNIS",1980-01-08,381155100473701,55,0,c(-100.792632, 38.199241),"1980","143-72",-100.792632,38.199241,49.11866,"0-65"
"5914","Shawnee",-15.04,NA,1980-03-12,390534095542901,177,0,c(-95.9086203, 39.093521),"1980","71-0",-95.9086203,39.093521,NA,NA
"5915","Shawnee",-14,NA,1980-06-06,390534095542901,177,0,c(-95.9086203, 39.093521),"1980","71-0",-95.9086203,39.093521,NA,NA
"5916","Shawnee",-16.36,NA,1980-09-12,390534095542901,177,0,c(-95.9086203, 39.093521),"1980","71-0",-95.9086203,39.093521,NA,NA
"5917","Shawnee",-16.96,NA,1980-12-09,390534095542901,177,0,c(-95.9086203, 39.093521),"1980","71-0",-95.9086203,39.093521,NA,NA
"5918","Greeley",-151.33,NA,1980-01-15,383915101522901,71,0,c(-101.8753528, 38.6517577),"1980","215-144",-101.8753528,38.6517577,26.4447327,"0-65"
"5919","Greeley",-158.81,NA,1980-04-21,383915101522901,71,0,c(-101.8753528, 38.6517577),"1980","215-144",-101.8753528,38.6517577,26.4447327,"0-65"
"5920","Gray",-139.35,"Pierceville NE",1980-01-10,375339100331401,69,0,c(-100.5560285, 37.8961112),"1980","143-72",-100.5560285,37.8961112,100.9354935,"66-131"
"5921","Gray",-139.54,"Pierceville NE",1980-01-12,375339100331401,69,0,c(-100.5560285, 37.8961112),"1980","143-72",-100.5560285,37.8961112,100.9354935,"66-131"
"5922","Gray",-139.52,"Pierceville NE",1980-01-17,375339100331401,69,0,c(-100.5560285, 37.8961112),"1980","143-72",-100.5560285,37.8961112,100.9354935,"66-131"
"5923","Thomas",-128,"GEM NE",1980-01-11,392249100461301,193,0,c(-100.7683243, 39.3800227),"1980","143-72",-100.7683243,39.3800227,122.6320648,"66-131"
"5924","Thomas",-148.03,"Mingo",1980-01-11,391908100595301,193,0,c(-100.999431, 39.318075),"1980","215-144",-100.999431,39.318075,37.0323868,"0-65"
"5925","Thomas",-145.97,"Mingo",1980-03-12,391908100595301,193,0,c(-100.999431, 39.318075),"1980","215-144",-100.999431,39.318075,37.0323868,"0-65"
"5926","Thomas",-145.51,"Mingo",1980-06-04,391908100595301,193,0,c(-100.999431, 39.318075),"1980","215-144",-100.999431,39.318075,37.0323868,"0-65"
"5927","Thomas",-158.56,"Mingo",1980-09-01,391908100595301,193,0,c(-100.999431, 39.318075),"1980","215-144",-100.999431,39.318075,37.0323868,"0-65"
"5928","Thomas",-149.5,"Mingo",1980-12-22,391908100595301,193,0,c(-100.999431, 39.318075),"1980","215-144",-100.999431,39.318075,37.0323868,"0-65"
"5929","Hamilton",-110.63,NA,1980-01-21,374734101441101,75,0,c(-101.7369379, 37.7933558),"1980","143-72",-101.7369379,37.7933558,10,"0-65"
"5930","Hamilton",-141.47,NA,1980-01-15,375209102022601,75,0,c(-102.0376236, 37.8694879),"1980","143-72",-102.0376236,37.8694879,20.5866108,"0-65"
"5931","Thomas",-9.72,"Grinnell North",1980-01-10,390940100443201,193,0,c(-100.73994, 39.162317),"1980","71-0",-100.73994,39.162317,95.7701035,"66-131"
"5932","Wallace",-194.75,NA,1980-01-14,384618101515901,199,0,c(-101.8676643, 38.768809),"1980","215-144",-101.8676643,38.768809,54.754509,"0-65"
"5933","Wallace",-204.47,NA,1980-04-21,384618101515901,199,0,c(-101.8676643, 38.768809),"1980","215-144",-101.8676643,38.768809,54.754509,"0-65"
"5934","Wallace",-211.01,NA,1980-10-06,384618101515901,199,0,c(-101.8676643, 38.768809),"1980","215-144",-101.8676643,38.768809,54.754509,"0-65"
"5935","Thomas",-174.5,"Winona NE",1980-01-07,391200101041601,193,0,c(-101.0711918, 39.1991481),"1980","215-144",-101.0711918,39.1991481,71.0729523,"66-131"
"5936","Thomas",-180.5,"Winona NE",1980-12-22,391200101041601,193,0,c(-101.0711918, 39.1991481),"1980","215-144",-101.0711918,39.1991481,71.0729523,"66-131"
"5937","Thomas",-139.6,NA,1980-01-09,392250100581901,193,0,c(-100.9719523, 39.3807185),"1980","143-72",-100.9719523,39.3807185,109.4347839,"66-131"
"5938","Thomas",-71.65,NA,1980-01-10,391717100535101,193,0,c(-100.8997519, 39.2872637),"1980","71-0",-100.8997519,39.2872637,53.5806503,"0-65"
"5939","Thomas",-154.15,"Chardon SW",1980-01-09,393020101113101,193,0,c(-101.193737, 39.507471),"1980","215-144",-101.193737,39.507471,82.8150787,"66-131"
"5940","Thomas",-152.83,"Chardon SW",1980-06-04,393020101113101,193,0,c(-101.193737, 39.507471),"1980","215-144",-101.193737,39.507471,82.8150787,"66-131"
"5941","Thomas",-155.32,"Chardon SW",1980-09-11,393020101113101,193,0,c(-101.193737, 39.507471),"1980","215-144",-101.193737,39.507471,82.8150787,"66-131"
"5942","Thomas",-154.4,"Chardon SW",1980-12-23,393020101113101,193,0,c(-101.193737, 39.507471),"1980","215-144",-101.193737,39.507471,82.8150787,"66-131"
"5943","Gray",-132.58,NA,1980-01-14,375732100363001,69,0,c(-100.608588, 37.9595227),"1980","143-72",-100.608588,37.9595227,74.2090607,"66-131"
"5944","Gray",-131.31,NA,1980-04-15,375732100363001,69,0,c(-100.608588, 37.9595227),"1980","143-72",-100.608588,37.9595227,74.2090607,"66-131"
"5945","Gray",-134.85,NA,1980-07-14,375732100363001,69,0,c(-100.608588, 37.9595227),"1980","143-72",-100.608588,37.9595227,74.2090607,"66-131"
"5946","Thomas",-196.95,NA,1980-01-10,391428101025101,193,0,c(-101.0493302, 39.2400953),"1980","215-144",-101.0493302,39.2400953,76.9634857,"66-131"
"5947","Thomas",-201.3,NA,1980-12-22,391428101025101,193,0,c(-101.0493302, 39.2400953),"1980","215-144",-101.0493302,39.2400953,76.9634857,"66-131"
"5948","Gray",-21.65,NA,1980-01-12,375151100354901,69,0,c(-100.5978062, 37.865436),"1980","71-0",-100.5978062,37.865436,112.4758301,"66-131"
"5949","Shawnee",-13.7,NA,1980-03-12,390421095510601,177,0,c(-95.8524855, 39.0735132),"1980","71-0",-95.8524855,39.0735132,NA,NA
"5950","Shawnee",-13.2,NA,1980-06-06,390421095510601,177,0,c(-95.8524855, 39.0735132),"1980","71-0",-95.8524855,39.0735132,NA,NA
"5951","Shawnee",-16.3,NA,1980-09-12,390421095510601,177,0,c(-95.8524855, 39.0735132),"1980","71-0",-95.8524855,39.0735132,NA,NA
"5952","Shawnee",-15.85,NA,1980-12-09,390421095510601,177,0,c(-95.8524855, 39.0735132),"1980","71-0",-95.8524855,39.0735132,NA,NA
"5953","Thomas",-147.85,NA,1980-01-10,391421100574901,193,0,c(-100.9638287, 39.2389948),"1980","215-144",-100.9638287,39.2389948,74.0873489,"66-131"
"5954","Thomas",-158.52,NA,1980-03-12,391421100574901,193,0,c(-100.9638287, 39.2389948),"1980","215-144",-100.9638287,39.2389948,74.0873489,"66-131"
"5955","Thomas",-160.29,NA,1980-09-10,391421100574901,193,0,c(-100.9638287, 39.2389948),"1980","215-144",-100.9638287,39.2389948,74.0873489,"66-131"
"5956","Thomas",-150.42,NA,1980-12-22,391421100574901,193,0,c(-100.9638287, 39.2389948),"1980","215-144",-100.9638287,39.2389948,74.0873489,"66-131"
"5957","Hamilton",-30.02,"Syracuse West SE",1980-01-15,374638101495001,75,0,c(-101.829753, 37.775383),"1980","71-0",-101.829753,37.775383,52.2726517,"0-65"
"5958","Wallace",-173.37,"Weskan",1980-01-14,385130101584201,199,0,c(-101.973221, 38.857108),"1980","215-144",-101.973221,38.857108,10,"0-65"
"5959","Kearny",-34.95,"Lakin",1980-01-14,375246101184601,93,0,c(-101.311198, 37.878948),"1980","71-0",-101.311198,37.878948,151.3224335,"132-197"
"5960","Wallace",-119.11,"Spring Valley Ranch",1980-01-14,384710101451901,199,0,c(-101.755216, 38.784878),"1980","143-72",-101.755216,38.784878,69.6200714,"66-131"
"5961","Wallace",-119.75,"Spring Valley Ranch",1980-04-21,384710101451901,199,0,c(-101.755216, 38.784878),"1980","143-72",-101.755216,38.784878,69.6200714,"66-131"
"5962","Wallace",-121.43,"Spring Valley Ranch",1980-10-06,384710101451901,199,0,c(-101.755216, 38.784878),"1980","143-72",-101.755216,38.784878,69.6200714,"66-131"
"5963","Gray",-44.08,"Cimarron",1980-01-17,374502100153401,69,0,c(-100.26082, 37.753572),"1980","71-0",-100.26082,37.753572,108.3918152,"66-131"
"5964","Labette",-13.54,NA,1980-03-05,372026095060702,99,0,c(-95.1028218, 37.3412381),"1980","71-0",-95.1028218,37.3412381,NA,NA
"5965","Labette",-13.45,NA,1980-06-02,372026095060702,99,0,c(-95.1028218, 37.3412381),"1980","71-0",-95.1028218,37.3412381,NA,NA
"5966","Labette",-16.8,NA,1980-09-08,372026095060702,99,0,c(-95.1028218, 37.3412381),"1980","71-0",-95.1028218,37.3412381,NA,NA
"5967","Labette",-17.55,NA,1980-12-16,372026095060702,99,0,c(-95.1028218, 37.3412381),"1980","71-0",-95.1028218,37.3412381,NA,NA
"5968","Gray",-24.38,"Cimarron",1980-01-12,374820100220502,69,0,c(-100.365623, 37.806572),"1980","71-0",-100.365623,37.806572,118.2437592,"66-131"
"5969","Gray",-24.26,"Cimarron",1980-01-17,374820100220502,69,0,c(-100.365623, 37.806572),"1980","71-0",-100.365623,37.806572,118.2437592,"66-131"
"5970","Thomas",-92.35,NA,1980-01-11,392907100530401,193,0,c(-100.8883294, 39.4855132),"1980","143-72",-100.8883294,39.4855132,71.2358398,"66-131"
"5971","Thomas",-91.6,NA,1980-03-12,392907100530401,193,0,c(-100.8883294, 39.4855132),"1980","143-72",-100.8883294,39.4855132,71.2358398,"66-131"
"5972","Thomas",-94.95,NA,1980-06-04,392907100530401,193,0,c(-100.8883294, 39.4855132),"1980","143-72",-100.8883294,39.4855132,71.2358398,"66-131"
"5973","Thomas",-136,"CHARDON SE",1980-01-08,393309101030601,193,0,c(-101.054031, 39.5533097),"1980","143-72",-101.054031,39.5533097,84.8619995,"66-131"
"5974","Thomas",-137.35,"CHARDON SE",1980-12-23,393309101030601,193,0,c(-101.054031, 39.5533097),"1980","143-72",-101.054031,39.5533097,84.8619995,"66-131"
"5975","Gray",-118.92,"Pierceville NE",1980-01-10,375736100331301,69,0,c(-100.553128, 37.960701),"1980","143-72",-100.553128,37.960701,67.1573868,"66-131"
"5976","Thomas",-174.8,NA,1980-01-10,391323101030001,193,0,c(-101.0516296, 39.2229348),"1980","215-144",-101.0516296,39.2229348,86.2717667,"66-131"
"5977","Greeley",-147.32,"M Ladder Creek East",1980-01-31,383954101432401,71,0,c(-101.724415, 38.662996),"1980","215-144",-101.724415,38.662996,27.3333263,"0-65"
"5978","Haskell",-262.53,NA,1980-01-09,372622100510701,81,0,c(-100.8516982, 37.4395103),"1980","287-216",-100.8516982,37.4395103,213.278717,"198-262"
"5979","Greeley",-137.91,NA,1980-01-14,384159101380001,71,0,c(-101.6360423, 38.6981426),"1980","143-72",-101.6360423,38.6981426,41.5224342,"0-65"
"5980","Gray",-134.9,NA,1980-01-17,373957100333201,69,0,c(-100.5601505, 37.6668603),"1980","143-72",-100.5601505,37.6668603,149.6034698,"132-197"
"5981","Cherokee",-229.5,NA,1980-05-12,371713094552101,21,0,c(-94.9239948, 37.2881861),"1980","287-216",-94.9239948,37.2881861,NA,NA
"5982","Thomas",-114.31,NA,1980-01-09,392539101002301,193,0,c(-101.0083283, 39.4271325),"1980","143-72",-101.0083283,39.4271325,111.0899048,"66-131"
"5983","Thomas",-116.7,NA,1980-12-23,392539101002301,193,0,c(-101.0083283, 39.4271325),"1980","143-72",-101.0083283,39.4271325,111.0899048,"66-131"
"5984","Thomas",-110.11,"Colby",1980-01-08,392520101031901,193,0,c(-101.0558321, 39.4230705),"1980","143-72",-101.0558321,39.4230705,116.2258453,"66-131"
"5985","Thomas",-114.76,"Colby",1980-12-23,392520101031901,193,0,c(-101.0558321, 39.4230705),"1980","143-72",-101.0558321,39.4230705,116.2258453,"66-131"
"5986","Thomas",-148.5,NA,1980-12-22,391237100592201,193,0,c(-100.9893285, 39.2100437),"1980","215-144",-100.9893285,39.2100437,76.5648804,"66-131"
"5987","Thomas",-125.71,"CHARDEN SE",1980-12-23,393131101030701,193,0,c(-101.052869, 39.5257423),"1980","143-72",-101.052869,39.5257423,85.7289886,"66-131"
"5988","Shawnee",-21.4,"ROSSVILLE",1980-03-12,390731095575801,177,0,c(-95.9666655, 39.1255231),"1980","71-0",-95.9666655,39.1255231,NA,NA
"5989","Shawnee",-20.44,"ROSSVILLE",1980-06-06,390731095575801,177,0,c(-95.9666655, 39.1255231),"1980","71-0",-95.9666655,39.1255231,NA,NA
"5990","Shawnee",-23.22,"ROSSVILLE",1980-09-12,390731095575801,177,0,c(-95.9666655, 39.1255231),"1980","71-0",-95.9666655,39.1255231,NA,NA
"5991","Shawnee",-23.06,"ROSSVILLE",1980-12-09,390731095575801,177,0,c(-95.9666655, 39.1255231),"1980","71-0",-95.9666655,39.1255231,NA,NA
"5992","Logan",-172.6,NA,1980-01-07,390735101212402,109,0,c(-101.3572202, 39.1277595),"1980","215-144",-101.3572202,39.1277595,10,"0-65"
"5993","Sheridan",-21.61,NA,1980-01-16,393348100383601,179,0,c(-100.6422213, 39.5629912),"1980","71-0",-100.6422213,39.5629912,88.5748596,"66-131"
"5994","Thomas",-77.35,"Gem",1980-01-11,392736100554301,193,0,c(-100.9327986, 39.4612221),"1980","143-72",-100.9327986,39.4612221,65.3791733,"0-65"
"5995","Greeley",-128.99,"West Bethany Church",1980-01-31,384139101354901,71,0,c(-101.5985424, 38.6918528),"1980","143-72",-101.5985424,38.6918528,50.5783997,"0-65"
"5996","Greeley",-132.13,"West Bethany Church",1980-04-21,384139101354901,71,0,c(-101.5985424, 38.6918528),"1980","143-72",-101.5985424,38.6918528,50.5783997,"0-65"
"5997","Greeley",-133.08,"West Bethany Church",1980-07-21,384139101354901,71,0,c(-101.5985424, 38.6918528),"1980","143-72",-101.5985424,38.6918528,50.5783997,"0-65"
"5998","Osborne",-23.24,"PORTIS",1980-05-21,393251098422501,141,0,c(-98.711502, 39.547172),"1980","71-0",-98.711502,39.547172,NA,NA
"5999","Osborne",-24.14,"PORTIS",1980-08-13,393251098422501,141,0,c(-98.711502, 39.547172),"1980","71-0",-98.711502,39.547172,NA,NA
"6000","Osborne",-23.77,"PORTIS",1980-09-30,393251098422501,141,0,c(-98.711502, 39.547172),"1980","71-0",-98.711502,39.547172,NA,NA
"6001","Osborne",-24.12,"PORTIS",1980-12-11,393251098422501,141,0,c(-98.711502, 39.547172),"1980","71-0",-98.711502,39.547172,NA,NA
"6002","Osborne",-31.47,NA,1980-05-21,393225098422501,141,0,c(-98.711403, 39.541431),"1980","71-0",-98.711403,39.541431,NA,NA
"6003","Osborne",-33.45,NA,1980-08-13,393225098422501,141,0,c(-98.711403, 39.541431),"1980","71-0",-98.711403,39.541431,NA,NA
"6004","Osborne",-34.55,NA,1980-09-30,393225098422501,141,0,c(-98.711403, 39.541431),"1980","71-0",-98.711403,39.541431,NA,NA
"6005","Osborne",-33.08,NA,1980-12-11,393225098422501,141,0,c(-98.711403, 39.541431),"1980","71-0",-98.711403,39.541431,NA,NA
"6006","Harvey",-18.56,"PATTERSON",1980-06-23,380002097374601,79,0,c(-97.62896, 37.999681),"1980","71-0",-97.62896,37.999681,194.9801025,"132-197"
"6007","Harvey",-20.65,"PATTERSON",1980-09-29,380002097374601,79,0,c(-97.62896, 37.999681),"1980","71-0",-97.62896,37.999681,194.9801025,"132-197"
"6008","Finney",-89.52,"GARDEN CITY WEST",1980-05-06,375614100593001,55,0,c(-100.9917713, 37.9375543),"1980","143-72",-100.9917713,37.9375543,260.8012695,"198-262"
"6009","Finney",-148.68,"GARDEN CITY WEST",1980-10-01,375614100593001,55,0,c(-100.9917713, 37.9375543),"1980","215-144",-100.9917713,37.9375543,260.8012695,"198-262"
"6010","Finney",-86.95,"GARDEN CITY WEST",1980-01-24,375535100580802,55,0,c(-100.9692995, 37.9268114),"1980","143-72",-100.9692995,37.9268114,271.7211609,"263-328"
"6011","Finney",-85.07,"GARDEN CITY WEST",1980-05-05,375535100580802,55,0,c(-100.9692995, 37.9268114),"1980","143-72",-100.9692995,37.9268114,271.7211609,"263-328"
"6012","Rawlins",-155.89,NA,1980-12-17,394026101014201,153,0,c(-101.025433, 39.672652),"1980","215-144",-101.025433,39.672652,92.7103882,"66-131"
"6013","Jefferson",-22.9,NA,1980-03-06,390354095175201,87,0,c(-95.2970843, 39.0666982),"1980","71-0",-95.2970843,39.0666982,NA,NA
"6014","Jefferson",-20.55,NA,1980-06-03,390354095175201,87,0,c(-95.2970843, 39.0666982),"1980","71-0",-95.2970843,39.0666982,NA,NA
"6015","Jefferson",-23.9,NA,1980-09-09,390354095175201,87,0,c(-95.2970843, 39.0666982),"1980","71-0",-95.2970843,39.0666982,NA,NA
"6016","Jefferson",-22.1,NA,1980-12-17,390354095175201,87,0,c(-95.2970843, 39.0666982),"1980","71-0",-95.2970843,39.0666982,NA,NA
"6017","Meade",-198.46,NA,1980-01-16,371421100354801,119,0,c(-100.5980246, 37.2398994),"1980","215-144",-100.5980246,37.2398994,242.1109009,"198-262"
"6018","Ford",-89.5,"FORT DODGE",1980-07-10,374200099593801,57,0,c(-99.9946533, 37.6998832),"1980","143-72",-99.9946533,37.6998832,66.160965,"66-131"
"6019","Sedgwick",-23.89,NA,1980-01-01,375355097281901,173,0,c(-97.4741323, 37.898689),"1980","71-0",-97.4741323,37.898689,155.2947083,"132-197"
"6020","Sedgwick",-21.68,NA,1980-03-01,375355097281901,173,0,c(-97.4741323, 37.898689),"1980","71-0",-97.4741323,37.898689,155.2947083,"132-197"
"6021","Sedgwick",-20.9,NA,1980-04-01,375355097281901,173,0,c(-97.4741323, 37.898689),"1980","71-0",-97.4741323,37.898689,155.2947083,"132-197"
"6022","Sedgwick",-18.59,NA,1980-05-01,375355097281901,173,0,c(-97.4741323, 37.898689),"1980","71-0",-97.4741323,37.898689,155.2947083,"132-197"
"6023","Sedgwick",-25.95,NA,1980-08-01,375355097281901,173,0,c(-97.4741323, 37.898689),"1980","71-0",-97.4741323,37.898689,155.2947083,"132-197"
"6024","Sedgwick",-26.23,NA,1980-09-01,375355097281901,173,0,c(-97.4741323, 37.898689),"1980","71-0",-97.4741323,37.898689,155.2947083,"132-197"
"6025","Sedgwick",-25.49,NA,1980-10-01,375355097281901,173,0,c(-97.4741323, 37.898689),"1980","71-0",-97.4741323,37.898689,155.2947083,"132-197"
"6026","Sedgwick",-25.24,NA,1980-12-01,375355097281901,173,0,c(-97.4741323, 37.898689),"1980","71-0",-97.4741323,37.898689,155.2947083,"132-197"
"6027","Sedgwick",-20.46,NA,1980-01-01,375355097284502,173,0,c(-97.480999, 37.8986926),"1980","71-0",-97.480999,37.8986926,159.9887848,"132-197"
"6028","Sedgwick",-18.48,NA,1980-03-01,375355097284502,173,0,c(-97.480999, 37.8986926),"1980","71-0",-97.480999,37.8986926,159.9887848,"132-197"
"6029","Sedgwick",-17.57,NA,1980-04-01,375355097284502,173,0,c(-97.480999, 37.8986926),"1980","71-0",-97.480999,37.8986926,159.9887848,"132-197"
"6030","Sedgwick",-15.24,NA,1980-05-01,375355097284502,173,0,c(-97.480999, 37.8986926),"1980","71-0",-97.480999,37.8986926,159.9887848,"132-197"
"6031","Sedgwick",-16.19,NA,1980-08-01,375355097284502,173,0,c(-97.480999, 37.8986926),"1980","71-0",-97.480999,37.8986926,159.9887848,"132-197"
"6032","Sedgwick",-21.23,NA,1980-09-01,375355097284502,173,0,c(-97.480999, 37.8986926),"1980","71-0",-97.480999,37.8986926,159.9887848,"132-197"
"6033","Sedgwick",-21.82,NA,1980-10-01,375355097284502,173,0,c(-97.480999, 37.8986926),"1980","71-0",-97.480999,37.8986926,159.9887848,"132-197"
"6034","Sedgwick",-22,NA,1980-12-01,375355097284502,173,0,c(-97.480999, 37.8986926),"1980","71-0",-97.480999,37.8986926,159.9887848,"132-197"
"6035","McPherson",-46.77,"Canton SW",1980-01-29,382110097265601,113,0,c(-97.4499931, 38.3516979),"1980","71-0",-97.4499931,38.3516979,64.0667572,"0-65"
"6036","McPherson",-24.03,NA,1980-01-31,382149097322001,113,0,c(-97.5386031, 38.3633209),"1980","71-0",-97.5386031,38.3633209,34.2567596,"0-65"
"6037","Sedgwick",-23.5,NA,1980-01-01,375355097284501,173,0,c(-97.4819282, 37.8987594),"1980","71-0",-97.4819282,37.8987594,159.9887848,"132-197"
"6038","Sedgwick",-21,NA,1980-03-01,375355097284501,173,0,c(-97.4819282, 37.8987594),"1980","71-0",-97.4819282,37.8987594,159.9887848,"132-197"
"6039","Sedgwick",-20,NA,1980-04-01,375355097284501,173,0,c(-97.4819282, 37.8987594),"1980","71-0",-97.4819282,37.8987594,159.9887848,"132-197"
"6040","Sedgwick",-18,NA,1980-05-01,375355097284501,173,0,c(-97.4819282, 37.8987594),"1980","71-0",-97.4819282,37.8987594,159.9887848,"132-197"
"6041","Sedgwick",-19,NA,1980-08-01,375355097284501,173,0,c(-97.4819282, 37.8987594),"1980","71-0",-97.4819282,37.8987594,159.9887848,"132-197"
"6042","Sedgwick",-47.5,NA,1980-09-01,375355097284501,173,0,c(-97.4819282, 37.8987594),"1980","71-0",-97.4819282,37.8987594,159.9887848,"132-197"
"6043","Sedgwick",-26.5,NA,1980-10-01,375355097284501,173,0,c(-97.4819282, 37.8987594),"1980","71-0",-97.4819282,37.8987594,159.9887848,"132-197"
"6044","Sedgwick",-24.98,NA,1980-12-01,375355097284501,173,0,c(-97.4819282, 37.8987594),"1980","71-0",-97.4819282,37.8987594,159.9887848,"132-197"
"6045","Sedgwick",-10.59,NA,1980-01-01,375415097333801,173,0,c(-97.5629607, 37.9047397),"1980","71-0",-97.5629607,37.9047397,161.8542786,"132-197"
"6046","Sedgwick",-13.71,NA,1980-03-01,375415097333801,173,0,c(-97.5629607, 37.9047397),"1980","71-0",-97.5629607,37.9047397,161.8542786,"132-197"
"6047","Sedgwick",-12.72,NA,1980-04-01,375415097333801,173,0,c(-97.5629607, 37.9047397),"1980","71-0",-97.5629607,37.9047397,161.8542786,"132-197"
"6048","Sedgwick",-11.64,NA,1980-05-01,375415097333801,173,0,c(-97.5629607, 37.9047397),"1980","71-0",-97.5629607,37.9047397,161.8542786,"132-197"
"6049","Sedgwick",-13.89,NA,1980-08-01,375415097333801,173,0,c(-97.5629607, 37.9047397),"1980","71-0",-97.5629607,37.9047397,161.8542786,"132-197"
"6050","Sedgwick",-27.91,NA,1980-09-01,375415097333801,173,0,c(-97.5629607, 37.9047397),"1980","71-0",-97.5629607,37.9047397,161.8542786,"132-197"
"6051","Sedgwick",-15.18,NA,1980-10-01,375415097333801,173,0,c(-97.5629607, 37.9047397),"1980","71-0",-97.5629607,37.9047397,161.8542786,"132-197"
"6052","Sedgwick",-15.42,NA,1980-11-01,375415097333801,173,0,c(-97.5629607, 37.9047397),"1980","71-0",-97.5629607,37.9047397,161.8542786,"132-197"
"6053","Sedgwick",-17.9,NA,1980-12-01,375415097333801,173,0,c(-97.5629607, 37.9047397),"1980","71-0",-97.5629607,37.9047397,161.8542786,"132-197"
"6054","Pratt",-54.5,"Pratt",1980-01-01,374240098441501,151,0,c(-98.7376301, 37.7102622),"1980","71-0",-98.7376301,37.7102622,161.0775452,"132-197"
"6055","Pratt",-54.5,"Pratt",1980-01-21,374240098441501,151,0,c(-98.7376301, 37.7102622),"1980","71-0",-98.7376301,37.7102622,161.0775452,"132-197"
