"","countyname","depth_to_water","town","date","ID","countycode","township","geometry","year","depth","lon","lat","sat","satcut"
"1","Morton",-179.9,NA,1974-09-09,370224101394601,129,0,c(-101.663037, 37.039058),"1974","215-144",-101.663037,37.039058,196.4751434,"132-197"
"2","Morton",-80.69,"Rolla NW",1974-01-25,370835101394701,129,0,c(-101.66434, 37.143245),"1974","143-72",-101.66434,37.143245,212.7902374,"198-262"
"3","Morton",-83.79,"Rolla NW",1974-06-11,370835101394701,129,0,c(-101.66434, 37.143245),"1974","143-72",-101.66434,37.143245,212.7902374,"198-262"
"4","Stevens",-143.99,"Wagon Bed Spring SE",1974-01-23,371621101194001,189,0,c(-101.329035, 37.271774),"1974","143-72",-101.329035,37.271774,352.4258118,"328-393"
"5","Morton",-161.23,NA,1974-01-25,371625101332301,129,0,c(-101.558467, 37.273858),"1974","215-144",-101.558467,37.273858,134.3925629,"132-197"
"6","Morton",-135.03,"Richfield",1974-01-25,372135101491101,129,0,c(-101.818514, 37.359855),"1974","143-72",-101.818514,37.359855,10,"0-65"
"7","Grant",-176.57,NA,1974-03-04,372515101235101,67,0,c(-101.397232, 37.421715),"1974","215-144",-101.397232,37.421715,147.7200317,"132-197"
"8","Stanton",-70.48,NA,1974-01-23,372405102005301,187,0,c(-102.015956, 37.403018),"1974","71-0",-102.015956,37.403018,10,"0-65"
"9","Grant",-171.2,NA,1974-09-11,373758101313001,67,0,c(-101.525274, 37.633914),"1974","215-144",-101.525274,37.633914,129.3587799,"66-131"
"10","Grant",-218.1,NA,1974-06-12,373530101154601,67,0,c(-101.264349, 37.591879),"1974","287-216",-101.264349,37.591879,174.2478027,"132-197"
"11","Stanton",-205.82,NA,1974-01-24,373353101432801,187,0,c(-101.725104, 37.565462),"1974","215-144",-101.725104,37.565462,78.5898056,"66-131"
"12","Stanton",-174.7,"Richfield NW",1974-01-23,372629101551101,187,0,c(-101.920951, 37.441039),"1974","215-144",-101.920951,37.441039,10,"0-65"
"13","Grant",-201.56,NA,1974-03-04,372832101210801,67,0,c(-101.35213, 37.475685),"1974","215-144",-101.35213,37.475685,171.0813904,"132-197"
"14","Grant",-163.26,NA,1974-01-24,372615101152101,67,0,c(-101.256349, 37.43763),"1974","215-144",-101.256349,37.43763,167.0973816,"132-197"
"15","Grant",-106.02,NA,1974-01-24,373036101281301,67,0,c(-101.470234, 37.510504),"1974","143-72",-101.470234,37.510504,194.185791,"132-197"
"16","Grant",-168.27,NA,1974-09-11,374221101281501,67,0,c(-101.472549, 37.707236),"1974","215-144",-101.472549,37.707236,25.660244,"0-65"
"17","Grant",-165.77,NA,1974-12-05,374221101281501,67,0,c(-101.472549, 37.707236),"1974","215-144",-101.472549,37.707236,25.660244,"0-65"
"18","Grant",-143.44,NA,1974-12-05,373924101302501,67,0,c(-101.507574, 37.657457),"1974","143-72",-101.507574,37.657457,111.8187561,"66-131"
"19","Hamilton",-33.81,NA,1974-01-24,374414101453701,75,0,c(-101.760339, 37.738157),"1974","71-0",-101.760339,37.738157,57.9643402,"0-65"
"20","Morton",-176.84,"Shore Airport SW",1974-01-25,371511101400401,129,0,c(-101.669641, 37.254194),"1974","215-144",-101.669641,37.254194,52.1582222,"0-65"
"21","Grant",-139.71,"Wagon Bed Spring",1974-06-12,372357101171501,67,0,c(-101.287442, 37.399833),"1974","143-72",-101.287442,37.399833,117.8853607,"66-131"
"22","Grant",-142.71,"Wagon Bed Spring NW",1974-01-24,372608101273901,67,0,c(-101.461943, 37.435342),"1974","143-72",-101.461943,37.435342,175.1439056,"132-197"
"23","Grant",-122.6,NA,1974-01-23,373516101245001,67,0,c(-101.413701, 37.588353),"1974","143-72",-101.413701,37.588353,213.5029144,"198-262"
"24","Stanton",-156.83,"Johnson East",1974-12-04,373716101380902,187,0,c(-101.635165, 37.621434),"1974","215-144",-101.635165,37.621434,166.7288513,"132-197"
"25","Grant",-189.5,NA,1974-01-24,372732101173201,67,0,c(-101.292666, 37.459343),"1974","215-144",-101.292666,37.459343,167.9681091,"132-197"
"26","Stanton",-105.21,NA,1974-01-24,373024101313601,187,0,c(-101.527286, 37.507039),"1974","143-72",-101.527286,37.507039,175.2932434,"132-197"
"27","Grant",-134.3,NA,1974-03-06,374337101215501,67,0,c(-101.366294, 37.727068),"1974","143-72",-101.366294,37.727068,98.1652145,"66-131"
"28","Grant",-119.56,NA,1974-01-23,374129101214201,67,0,c(-101.362754, 37.69176),"1974","143-72",-101.362754,37.69176,80.453949,"66-131"
"29","Grant",-147.1,NA,1974-05-01,373924101302501,67,0,c(-101.507574, 37.657457),"1974","215-144",-101.507574,37.657457,111.8187561,"66-131"
"30","Stanton",-216.91,NA,1974-09-10,373901101573501,187,0,c(-101.960111, 37.652068),"1974","287-216",-101.960111,37.652068,31.6132126,"0-65"
"31","Grant",-111.36,NA,1974-01-23,374406101221501,67,0,c(-101.372749, 37.736037),"1974","143-72",-101.372749,37.736037,104.0627441,"66-131"
"32","Stevens",-113.36,NA,1974-01-23,370607101213201,189,0,c(-101.361537, 37.101736),"1974","143-72",-101.361537,37.101736,375.2910767,"328-393"
"33","Morton",-38.11,"Elkhart North",1974-01-24,370717101544501,129,0,c(-101.912846, 37.120923),"1974","71-0",-101.912846,37.120923,28.0392723,"0-65"
"34","Stevens",-72.85,"Hugoton",1974-01-23,371015101222101,189,0,c(-101.375136, 37.170225),"1974","143-72",-101.375136,37.170225,370.7703857,"328-393"
"35","Morton",-178.35,NA,1974-01-25,371833101341501,129,0,c(-101.573316, 37.309319),"1974","215-144",-101.573316,37.309319,70.7459412,"66-131"
"36","Morton",-182.67,NA,1974-03-05,371833101341501,129,0,c(-101.573316, 37.309319),"1974","215-144",-101.573316,37.309319,70.7459412,"66-131"
"37","Stevens",-144.09,"Wagon Bed Spring SE",1974-06-11,372016101201201,189,0,c(-101.338938, 37.337053),"1974","215-144",-101.338938,37.337053,133.0045929,"132-197"
"38","Stevens",-138.6,NA,1974-01-25,372036101320601,189,0,c(-101.53684, 37.343473),"1974","143-72",-101.53684,37.343473,103.3590088,"66-131"
"39","Grant",-206.86,NA,1974-01-15,373339101154602,67,0,c(-101.264242, 37.560996),"1974","215-144",-101.264242,37.560996,188.4725189,"132-197"
"40","Grant",-140,NA,1974-01-23,373707101292701,67,0,c(-101.49117, 37.61922),"1974","143-72",-101.49117,37.61922,132.512558,"132-197"
"41","Grant",-136.3,NA,1974-03-06,373716101250601,67,0,c(-101.418234, 37.621052),"1974","143-72",-101.418234,37.621052,135.455658,"132-197"
"42","Grant",-143.13,NA,1974-06-12,373716101250601,67,0,c(-101.418234, 37.621052),"1974","143-72",-101.418234,37.621052,135.455658,"132-197"
"43","Grant",-146.18,"Wagon Bed Spring NW",1974-09-09,372832101265901,67,0,c(-101.447745, 37.47538),"1974","215-144",-101.447745,37.47538,190.1559143,"132-197"
"44","Stanton",-112.9,"Shore Airport NE",1974-01-24,372550101333801,187,0,c(-101.561944, 37.431791),"1974","143-72",-101.561944,37.431791,119.9884949,"66-131"
"45","Grant",-146.53,NA,1974-01-23,374314101195601,67,0,c(-101.333091, 37.720706),"1974","215-144",-101.333091,37.720706,89.9624176,"66-131"
"46","Grant",-144.18,NA,1974-06-01,373924101302501,67,0,c(-101.507574, 37.657457),"1974","215-144",-101.507574,37.657457,111.8187561,"66-131"
"47","Grant",-225.48,NA,1974-06-12,373853101203603,67,0,c(-101.344488, 37.648243),"1974","287-216",-101.344488,37.648243,92.1982803,"66-131"
"48","Stevens",-103.13,NA,1974-01-23,370356101193901,189,0,c(-101.328441, 37.065746),"1974","143-72",-101.328441,37.065746,383.5964661,"328-393"
"49","Stevens",-101.69,NA,1974-01-24,371503101251201,189,0,c(-101.421562, 37.24727),"1974","143-72",-101.421562,37.24727,319.3722229,"263-328"
"50","Morton",-98.16,NA,1974-01-25,371531101514501,129,0,c(-101.862934, 37.258919),"1974","143-72",-101.862934,37.258919,29.9358292,"0-65"
"51","Stevens",-144.02,NA,1974-01-24,371800101320601,189,0,c(-101.538038, 37.300193),"1974","215-144",-101.538038,37.300193,131.553833,"66-131"
"52","Morton",-105,"Richfield SW",1974-01-25,371945101541201,129,0,c(-101.904449, 37.330671),"1974","143-72",-101.904449,37.330671,10,"0-65"
"53","Grant",-217.7,NA,1974-01-24,373530101154601,67,0,c(-101.264349, 37.591879),"1974","287-216",-101.264349,37.591879,174.2478027,"132-197"
"54","Grant",-223.24,NA,1974-12-03,373530101154601,67,0,c(-101.264349, 37.591879),"1974","287-216",-101.264349,37.591879,174.2478027,"132-197"
"55","Grant",-107.9,NA,1974-01-23,373716101250601,67,0,c(-101.418234, 37.621052),"1974","143-72",-101.418234,37.621052,135.455658,"132-197"
"56","Stanton",-159.25,"Johnson East",1974-06-11,373716101380902,187,0,c(-101.635165, 37.621434),"1974","215-144",-101.635165,37.621434,166.7288513,"132-197"
"57","Stanton",-157.92,"Big Bow",1974-01-24,373143101365501,187,0,c(-101.616983, 37.528742),"1974","215-144",-101.616983,37.528742,149.8904419,"132-197"
"58","Grant",-165.47,NA,1974-01-24,372739101242401,67,0,c(-101.40645, 37.461509),"1974","215-144",-101.40645,37.461509,175.2090912,"132-197"
"59","Grant",-145.3,NA,1974-04-01,373924101302501,67,0,c(-101.507574, 37.657457),"1974","215-144",-101.507574,37.657457,111.8187561,"66-131"
"60","Grant",-152.22,NA,1974-12-05,374100101270501,67,0,c(-101.453548, 37.683867),"1974","215-144",-101.453548,37.683867,89.117569,"66-131"
"61","Grant",-222.4,NA,1974-02-06,373853101203603,67,0,c(-101.344488, 37.648243),"1974","287-216",-101.344488,37.648243,92.1982803,"66-131"
"62","Grant",-226.1,NA,1974-12-05,373853101203603,67,0,c(-101.344488, 37.648243),"1974","287-216",-101.344488,37.648243,92.1982803,"66-131"
"63","Stanton",-116.59,NA,1974-01-23,374111101330802,187,0,c(-101.552741, 37.686494),"1974","143-72",-101.552741,37.686494,107.4688416,"66-131"
"64","Kearny",-67.79,"LAKIN SE",1974-01-18,374557101215101,93,0,c(-101.365013, 37.766161),"1974","71-0",-101.365013,37.766161,28.9432487,"0-65"
"65","Morton",-174.18,NA,1974-12-04,370224101394601,129,0,c(-101.663037, 37.039058),"1974","215-144",-101.663037,37.039058,196.4751434,"132-197"
"66","Morton",-80.81,"Elkhart North",1974-01-24,370422101523401,129,0,c(-101.876744, 37.072273),"1974","143-72",-101.876744,37.072273,15.5130777,"0-65"
"67","Stevens",-148.8,NA,1974-09-09,370654101252001,189,0,c(-101.423594, 37.116527),"1974","215-144",-101.423594,37.116527,321.6393433,"263-328"
"68","Morton",-124.84,NA,1974-03-05,371242101452201,129,0,c(-101.756348, 37.211648),"1974","143-72",-101.756348,37.211648,28.0697765,"0-65"
"69","Stevens",-134.2,NA,1974-03-04,370931101280201,189,0,c(-101.469236, 37.158645),"1974","143-72",-101.469236,37.158645,278.5627747,"263-328"
"70","Stevens",-56.34,NA,1974-01-24,371740101292401,189,0,c(-101.491755, 37.294579),"1974","71-0",-101.491755,37.294579,204.5520172,"198-262"
"71","Stevens",-175.47,NA,1974-01-23,371746101203601,189,0,c(-101.344782, 37.296243),"1974","215-144",-101.344782,37.296243,281.9519958,"263-328"
"72","Morton",-190.28,NA,1974-06-11,371833101341501,129,0,c(-101.573316, 37.309319),"1974","215-144",-101.573316,37.309319,70.7459412,"66-131"
"73","Stanton",-81.01,NA,1974-06-11,372405102005301,187,0,c(-102.015956, 37.403018),"1974","143-72",-102.015956,37.403018,10,"0-65"
"74","Grant",-161.76,"Wagon Bed Spring",1974-09-09,372357101171501,67,0,c(-101.287442, 37.399833),"1974","215-144",-101.287442,37.399833,117.8853607,"66-131"
"75","Grant",-174.8,NA,1974-12-05,373758101313001,67,0,c(-101.525274, 37.633914),"1974","215-144",-101.525274,37.633914,129.3587799,"66-131"
"76","Grant",-224.7,NA,1974-03-04,373530101154601,67,0,c(-101.264349, 37.591879),"1974","287-216",-101.264349,37.591879,174.2478027,"132-197"
"77","Stanton",-218.92,NA,1974-01-24,373136101450601,187,0,c(-101.75167, 37.527469),"1974","287-216",-101.75167,37.527469,54.8648758,"0-65"
"78","Grant",-210.78,NA,1974-06-12,372832101210801,67,0,c(-101.35213, 37.475685),"1974","215-144",-101.35213,37.475685,171.0813904,"132-197"
"79","Stanton",-192.88,"Manter",1974-01-23,373202101561501,187,0,c(-101.938353, 37.535307),"1974","215-144",-101.938353,37.535307,10,"0-65"
"80","Grant",-138.32,NA,1974-03-01,373924101302501,67,0,c(-101.507574, 37.657457),"1974","143-72",-101.507574,37.657457,111.8187561,"66-131"
"81","Hamilton",-25.21,"Syracuse West SE",1974-01-24,374638101495001,75,0,c(-101.829753, 37.775383),"1974","71-0",-101.829753,37.775383,65.1179886,"0-65"
"82","Morton",-83.7,"Elkhart North",1974-12-04,370422101523401,129,0,c(-101.876744, 37.072273),"1974","143-72",-101.876744,37.072273,15.5130777,"0-65"
"83","Stevens",-104.51,"Rolla SE",1974-01-24,370655101315801,189,0,c(-101.533137, 37.115476),"1974","143-72",-101.533137,37.115476,339.9536743,"328-393"
"84","Morton",-175.37,"Shore Airport SW",1974-01-25,371945101412701,129,0,c(-101.690933, 37.329295),"1974","215-144",-101.690933,37.329295,26.6896458,"0-65"
"85","Grant",-186.35,NA,1974-09-09,372515101235101,67,0,c(-101.397232, 37.421715),"1974","215-144",-101.397232,37.421715,147.7200317,"132-197"
"86","Morton",-68.29,"Richfield SW",1974-01-25,372043101572701,129,0,c(-101.95925, 37.34599),"1974","71-0",-101.95925,37.34599,10,"0-65"
"87","Stanton",-169.88,"Shore Airport",1974-01-23,372326101422301,187,0,c(-101.707645, 37.391761),"1974","215-144",-101.707645,37.391761,10,"0-65"
"88","Stanton",-222.96,"Manter",1974-01-24,373433101563101,187,0,c(-101.940854, 37.578236),"1974","287-216",-101.940854,37.578236,15.4435911,"0-65"
"89","Grant",-142.23,NA,1974-01-23,373742101302001,67,0,c(-101.506413, 37.629336),"1974","143-72",-101.506413,37.629336,128.4407959,"66-131"
"90","Stanton",-115.76,"Big Bow",1974-12-04,373703101334001,187,0,c(-101.562498, 37.619252),"1974","143-72",-101.562498,37.619252,157.3961182,"132-197"
"91","Grant",-160.83,NA,1974-09-11,373716101250601,67,0,c(-101.418234, 37.621052),"1974","215-144",-101.418234,37.621052,135.455658,"132-197"
"92","Grant",-169.66,"Wagon Bed Spring NW",1974-01-24,372556101260201,67,0,c(-101.431743, 37.431842),"1974","215-144",-101.431743,37.431842,168.3899536,"132-197"
"93","Grant",-113.02,"Big Bow",1974-01-24,373015101300701,67,0,c(-101.502946, 37.505361),"1974","143-72",-101.502946,37.505361,182.7208252,"132-197"
"94","Stanton",-219.54,NA,1974-03-05,373136101450601,187,0,c(-101.75167, 37.527469),"1974","287-216",-101.75167,37.527469,54.8648758,"0-65"
"95","Stanton",-222.6,NA,1974-06-11,373136101450601,187,0,c(-101.75167, 37.527469),"1974","287-216",-101.75167,37.527469,54.8648758,"0-65"
"96","Grant",-198.66,NA,1974-01-24,372832101210801,67,0,c(-101.35213, 37.475685),"1974","215-144",-101.35213,37.475685,171.0813904,"132-197"
"97","Stanton",-58.02,NA,1974-03-05,374105101412501,187,0,c(-101.691002, 37.685135),"1974","71-0",-101.691002,37.685135,80.2336807,"66-131"
"98","Stanton",-60.11,NA,1974-12-04,374105101412501,187,0,c(-101.691002, 37.685135),"1974","71-0",-101.691002,37.685135,80.2336807,"66-131"
"99","Stevens",-137.63,NA,1974-01-23,370654101252001,189,0,c(-101.423594, 37.116527),"1974","143-72",-101.423594,37.116527,321.6393433,"263-328"
"100","Stevens",-149.55,NA,1974-12-03,370654101252001,189,0,c(-101.423594, 37.116527),"1974","215-144",-101.423594,37.116527,321.6393433,"263-328"
"101","Stevens",-107.51,"Feterita",1974-01-24,371135101260901,189,0,c(-101.434836, 37.192725),"1974","143-72",-101.434836,37.192725,257.8687134,"198-262"
"102","Stevens",-90.98,"Feterita",1974-01-24,371246101290701,189,0,c(-101.487836, 37.212295),"1974","143-72",-101.487836,37.212295,289.6292114,"263-328"
"103","Morton",-126.34,NA,1974-01-25,371242101452201,129,0,c(-101.756348, 37.211648),"1974","143-72",-101.756348,37.211648,28.0697765,"0-65"
"104","Morton",-62.43,NA,1974-01-24,371531102005901,129,0,c(-102.016914, 37.258932),"1974","71-0",-102.016914,37.258932,26.9064827,"0-65"
"105","Morton",-195.6,NA,1974-09-10,371833101341501,129,0,c(-101.573316, 37.309319),"1974","215-144",-101.573316,37.309319,70.7459412,"66-131"
"106","Grant",-195.43,NA,1974-06-12,372515101235101,67,0,c(-101.397232, 37.421715),"1974","215-144",-101.397232,37.421715,147.7200317,"132-197"
"107","Stanton",-140.2,NA,1974-06-11,372504101384901,187,0,c(-101.647545, 37.418831),"1974","143-72",-101.647545,37.418831,47.306221,"0-65"
"108","Stanton",-180.35,NA,1974-01-23,372556101454001,187,0,c(-101.761235, 37.433141),"1974","215-144",-101.761235,37.433141,10,"0-65"
"109","Stanton",-136.92,NA,1974-09-10,373433101320201,187,0,c(-101.534444, 37.576008),"1974","143-72",-101.534444,37.576008,166.212738,"132-197"
"110","Stanton",-111.87,"Big Bow",1974-01-24,373703101334001,187,0,c(-101.562498, 37.619252),"1974","143-72",-101.562498,37.619252,157.3961182,"132-197"
"111","Grant",-154.53,NA,1974-03-06,373707101292701,67,0,c(-101.49117, 37.61922),"1974","215-144",-101.49117,37.61922,132.512558,"132-197"
"112","Grant",-174.96,NA,1974-12-05,373707101292701,67,0,c(-101.49117, 37.61922),"1974","215-144",-101.49117,37.61922,132.512558,"132-197"
"113","Stanton",-142.98,NA,1974-01-24,373413101351701,187,0,c(-101.588887, 37.570636),"1974","143-72",-101.588887,37.570636,163.086731,"132-197"
"114","Grant",-152.5,NA,1974-06-12,374100101270501,67,0,c(-101.453548, 37.683867),"1974","215-144",-101.453548,37.683867,89.117569,"66-131"
"115","Hamilton",-114.63,NA,1974-06-11,374606101540201,75,0,c(-101.90109, 37.770001),"1974","143-72",-101.90109,37.770001,25,"0-65"
"116","Stevens",-113.78,NA,1974-01-23,370832101234201,189,0,c(-101.396417, 37.141932),"1974","143-72",-101.396417,37.141932,333.3103638,"328-393"
"117","Morton",-80.44,"Rolla NW",1974-03-05,370835101394701,129,0,c(-101.66434, 37.143245),"1974","143-72",-101.66434,37.143245,212.7902374,"198-262"
"118","Morton",-90.28,"Rolla NW",1974-12-04,370835101394701,129,0,c(-101.66434, 37.143245),"1974","143-72",-101.66434,37.143245,212.7902374,"198-262"
"119","Morton",-72.26,"Rolla NE",1974-01-25,371103101334301,129,0,c(-101.563638, 37.184785),"1974","143-72",-101.563638,37.184785,273.6730957,"263-328"
"120","Morton",-178.17,"Shore Airport SW",1974-03-05,371945101412701,129,0,c(-101.690933, 37.329295),"1974","215-144",-101.690933,37.329295,26.6896458,"0-65"
"121","Morton",-68.4,"Richfield SW",1974-03-05,372043101572701,129,0,c(-101.95925, 37.34599),"1974","71-0",-101.95925,37.34599,10,"0-65"
"122","Grant",-35.6,NA,1974-01-24,372357101221301,67,0,c(-101.369949, 37.399849),"1974","71-0",-101.369949,37.399849,126.0301743,"66-131"
"123","Grant",-161.47,NA,1974-03-06,373758101313001,67,0,c(-101.525274, 37.633914),"1974","215-144",-101.525274,37.633914,129.3587799,"66-131"
"124","Stanton",-112.58,"Big Bow",1974-03-05,373703101334001,187,0,c(-101.562498, 37.619252),"1974","143-72",-101.562498,37.619252,157.3961182,"132-197"
"125","Grant",-126.28,NA,1974-06-12,373414101285803,67,0,c(-101.483052, 37.571186),"1974","143-72",-101.483052,37.571186,175.4463043,"132-197"
"126","Stanton",-139.07,"Johnson East",1974-03-05,373716101380902,187,0,c(-101.635165, 37.621434),"1974","143-72",-101.635165,37.621434,166.7288513,"132-197"
"127","Stanton",-155.5,NA,1974-01-24,373413101504101,187,0,c(-101.844735, 37.571595),"1974","215-144",-101.844735,37.571595,33.4474335,"0-65"
"128","Grant",-214.4,NA,1974-01-24,372818101182401,67,0,c(-101.306582, 37.472054),"1974","215-144",-101.306582,37.472054,170.6967316,"132-197"
"129","Grant",-133.2,"Ulysses",1974-01-24,373048101182401,67,0,c(-101.307914, 37.512856),"1974","143-72",-101.307914,37.512856,177.1775818,"132-197"
"130","Stanton",-143.43,"Johnson NE",1974-01-23,373901101464301,187,0,c(-101.779666, 37.650665),"1974","143-72",-101.779666,37.650665,92.8995895,"66-131"
"131","Stanton",-204.47,NA,1974-03-05,373901101573501,187,0,c(-101.960111, 37.652068),"1974","215-144",-101.960111,37.652068,31.6132126,"0-65"
"132","Hamilton",-195.53,NA,1974-01-24,374744101450401,75,0,c(-101.750984, 37.796095),"1974","215-144",-101.750984,37.796095,10,"0-65"
"133","Hamilton",-113.14,NA,1974-01-24,374606101540201,75,0,c(-101.90109, 37.770001),"1974","143-72",-101.90109,37.770001,25,"0-65"
"134","Stevens",-185.85,"Rolla SE",1974-01-24,370057101324601,189,0,c(-101.546638, 37.015597),"1974","215-144",-101.546638,37.015597,260.9056396,"198-262"
"135","Stevens",-78.64,NA,1974-01-24,371134101211701,189,0,c(-101.356026, 37.192606),"1974","143-72",-101.356026,37.192606,395.835083,"393-459"
"136","Morton",-95.51,NA,1974-01-24,371143102010701,129,0,c(-102.018623, 37.195182),"1974","143-72",-102.018623,37.195182,30.3369732,"0-65"
"137","Morton",-132.55,NA,1974-01-25,371505101535601,129,0,c(-101.89919, 37.251823),"1974","143-72",-101.89919,37.251823,38.3225212,"0-65"
"138","Stevens",-149.59,NA,1974-01-23,372049101282701,189,0,c(-101.476254, 37.347344),"1974","215-144",-101.476254,37.347344,125.1487045,"66-131"
"139","Grant",-182.8,NA,1974-12-03,372515101235101,67,0,c(-101.397232, 37.421715),"1974","215-144",-101.397232,37.421715,147.7200317,"132-197"
"140","Grant",-131.7,"Wagon Bed Spring",1974-01-24,372357101171501,67,0,c(-101.287442, 37.399833),"1974","143-72",-101.287442,37.399833,117.8853607,"66-131"
"141","Stanton",-155.23,NA,1974-09-10,372504101384901,187,0,c(-101.647545, 37.418831),"1974","215-144",-101.647545,37.418831,47.306221,"0-65"
"142","Stanton",-130.74,NA,1974-01-24,373433101320201,187,0,c(-101.534444, 37.576008),"1974","143-72",-101.534444,37.576008,166.212738,"132-197"
"143","Stanton",-142.52,NA,1974-01-24,372642101380001,187,0,c(-101.634051, 37.445593),"1974","143-72",-101.634051,37.445593,75.305542,"66-131"
"144","Grant",-192.8,NA,1974-01-24,372654101210801,67,0,c(-101.351869, 37.448601),"1974","215-144",-101.351869,37.448601,151.8889771,"132-197"
"145","Grant",-170.28,NA,1974-06-12,374221101281501,67,0,c(-101.472549, 37.707236),"1974","215-144",-101.472549,37.707236,25.660244,"0-65"
"146","Grant",-145.46,NA,1974-01-23,374103101281401,67,0,c(-101.471197, 37.684679),"1974","215-144",-101.471197,37.684679,90.2678604,"66-131"
"147","Stanton",-193.81,NA,1974-01-23,373907101510402,187,0,c(-101.851389, 37.653717),"1974","215-144",-101.851389,37.653717,35.52528,"0-65"
"148","Grant",-139.44,NA,1974-01-23,374100101270501,67,0,c(-101.453548, 37.683867),"1974","143-72",-101.453548,37.683867,89.117569,"66-131"
"149","Hamilton",-114.91,NA,1974-12-04,374606101540201,75,0,c(-101.90109, 37.770001),"1974","143-72",-101.90109,37.770001,25,"0-65"
"150","Stanton",-86.3,NA,1974-01-23,374408101334101,187,0,c(-101.562522, 37.735458),"1974","143-72",-101.562522,37.735458,10,"0-65"
"151","Stevens",-138.35,NA,1974-01-23,370259101262501,189,0,c(-101.441402, 37.049267),"1974","143-72",-101.441402,37.049267,331.4235229,"328-393"
"152","Morton",-180.6,NA,1974-03-05,370224101394601,129,0,c(-101.663037, 37.039058),"1974","215-144",-101.663037,37.039058,196.4751434,"132-197"
"153","Stevens",-159.8,NA,1974-08-08,370504101310901,189,0,c(-101.520823, 37.083858),"1974","215-144",-101.520823,37.083858,345.1714783,"328-393"
"154","Morton",-143.28,NA,1974-06-11,371242101452201,129,0,c(-101.756348, 37.211648),"1974","143-72",-101.756348,37.211648,28.0697765,"0-65"
"155","Stevens",-91.94,NA,1974-01-24,370930101185001,189,0,c(-101.315057, 37.158091),"1974","143-72",-101.315057,37.158091,418.1268311,"393-459"
"156","Grant",-174.65,NA,1974-01-24,372515101235101,67,0,c(-101.397232, 37.421715),"1974","215-144",-101.397232,37.421715,147.7200317,"132-197"
"157","Grant",-161.6,"Wagon Bed Spring",1974-12-03,372357101171501,67,0,c(-101.287442, 37.399833),"1974","215-144",-101.287442,37.399833,117.8853607,"66-131"
"158","Grant",-149.6,NA,1974-01-23,373300101212501,67,0,c(-101.357442, 37.55007),"1974","215-144",-101.357442,37.55007,273.1128845,"263-328"
"159","Grant",-132.89,NA,1974-09-11,373414101285803,67,0,c(-101.483052, 37.571186),"1974","143-72",-101.483052,37.571186,175.4463043,"132-197"
"160","Grant",-238,NA,1974-01-24,372826101201102,67,0,c(-101.336123, 37.473839),"1974","287-216",-101.336123,37.473839,169.6717987,"132-197"
"161","Grant",-215.8,NA,1974-12-03,372832101210801,67,0,c(-101.35213, 37.475685),"1974","215-144",-101.35213,37.475685,171.0813904,"132-197"
"162","Grant",-139,"Wagon Bed Spring NW",1974-12-03,372832101265901,67,0,c(-101.447745, 37.47538),"1974","143-72",-101.447745,37.47538,190.1559143,"132-197"
"163","Grant",-133.4,NA,1974-01-01,373924101302501,67,0,c(-101.507574, 37.657457),"1974","143-72",-101.507574,37.657457,111.8187561,"66-131"
"164","Grant",-147.78,NA,1974-11-01,373924101302501,67,0,c(-101.507574, 37.657457),"1974","215-144",-101.507574,37.657457,111.8187561,"66-131"
"165","Hamilton",-110.8,NA,1974-03-05,374606101540201,75,0,c(-101.90109, 37.770001),"1974","143-72",-101.90109,37.770001,25,"0-65"
"166","Morton",-18.81,"Richfield",1974-01-25,371531101460301,129,0,c(-101.766344, 37.258253),"1974","71-0",-101.766344,37.258253,34.5765686,"0-65"
"167","Stevens",-159.58,NA,1974-01-23,371733101162501,189,0,c(-101.274728, 37.292428),"1974","215-144",-101.274728,37.292428,266.0591125,"263-328"
"168","Morton",-188.06,"Shore Airport SW",1974-09-10,371945101412701,129,0,c(-101.690933, 37.329295),"1974","215-144",-101.690933,37.329295,26.6896458,"0-65"
"169","Morton",-69.86,"Richfield SW",1974-09-10,372043101572701,129,0,c(-101.95925, 37.34599),"1974","71-0",-101.95925,37.34599,10,"0-65"
"170","Stanton",-133.6,NA,1974-01-24,372504101384901,187,0,c(-101.647545, 37.418831),"1974","143-72",-101.647545,37.418831,47.306221,"0-65"
"171","Grant",-146.33,NA,1974-01-23,373535101295101,67,0,c(-101.498006, 37.593937),"1974","215-144",-101.498006,37.593937,155.3394165,"132-197"
"172","Grant",-151.79,NA,1974-12-05,373716101250601,67,0,c(-101.418234, 37.621052),"1974","215-144",-101.418234,37.621052,135.455658,"132-197"
"173","Grant",-140.64,"Wagon Bed Spring NW",1974-06-12,372832101265901,67,0,c(-101.447745, 37.47538),"1974","143-72",-101.447745,37.47538,190.1559143,"132-197"
"174","Grant",-136.89,NA,1974-01-23,373220101234401,67,0,c(-101.395955, 37.539328),"1974","143-72",-101.395955,37.539328,246.8691559,"198-262"
"175","Stanton",-253.18,NA,1974-01-24,372846101505801,187,0,c(-101.849617, 37.48067),"1974","287-216",-101.849617,37.48067,10,"0-65"
"176","Grant",-216.65,"Wagon Bed Spring",1974-01-24,372759101210001,67,0,c(-101.350645, 37.467163),"1974","287-216",-101.350645,37.467163,165.1319885,"132-197"
"177","Grant",-134,NA,1974-01-24,374142101175001,67,0,c(-101.298301, 37.695362),"1974","143-72",-101.298301,37.695362,86.7226868,"66-131"
"178","Grant",-130.88,NA,1974-06-12,374337101215501,67,0,c(-101.366294, 37.727068),"1974","143-72",-101.366294,37.727068,98.1652145,"66-131"
"179","Stanton",-94.73,"Big Bow NW",1974-01-23,374006101390601,187,0,c(-101.653157, 37.669057),"1974","143-72",-101.653157,37.669057,107.028183,"66-131"
"180","Grant",-135.71,NA,1974-01-23,374038101260401,67,0,c(-101.434515, 37.677173),"1974","143-72",-101.434515,37.677173,85.2659302,"66-131"
"181","Stanton",-133.57,"Big Bow NE",1974-03-05,374039101343701,187,0,c(-101.576699, 37.678391),"1974","143-72",-101.576699,37.678391,104.4140015,"66-131"
"182","Stevens",-135.24,NA,1974-12-03,370931101280201,189,0,c(-101.469236, 37.158645),"1974","143-72",-101.469236,37.158645,278.5627747,"263-328"
"183","Morton",-84.69,NA,1974-01-25,371827101493501,129,0,c(-101.826847, 37.308036),"1974","143-72",-101.826847,37.308036,10,"0-65"
"184","Morton",-197.79,NA,1974-12-04,371833101341501,129,0,c(-101.573316, 37.309319),"1974","215-144",-101.573316,37.309319,70.7459412,"66-131"
"185","Stanton",-140.24,NA,1974-01-24,372336101360101,187,0,c(-101.600968, 37.393943),"1974","143-72",-101.600968,37.393943,55.5451927,"0-65"
"186","Grant",-135.4,"Wagon Bed Spring",1974-03-04,372357101171501,67,0,c(-101.287442, 37.399833),"1974","143-72",-101.287442,37.399833,117.8853607,"66-131"
"187","Grant",-167.93,NA,1974-06-12,373707101292701,67,0,c(-101.49117, 37.61922),"1974","215-144",-101.49117,37.61922,132.512558,"132-197"
"188","Grant",-131.1,NA,1974-12-05,373414101285803,67,0,c(-101.483052, 37.571186),"1974","143-72",-101.483052,37.571186,175.4463043,"132-197"
"189","Stanton",-137.67,"Johnson East",1974-01-24,373716101380902,187,0,c(-101.635165, 37.621434),"1974","143-72",-101.635165,37.621434,166.7288513,"132-197"
"190","Grant",-133.59,"Wagon Bed Spring NW",1974-01-24,372832101265901,67,0,c(-101.447745, 37.47538),"1974","143-72",-101.447745,37.47538,190.1559143,"132-197"
"191","Grant",-140.25,NA,1974-01-24,372739101274001,67,0,c(-101.460939, 37.461555),"1974","143-72",-101.460939,37.461555,187.2757721,"132-197"
"192","Stanton",-204.04,NA,1974-01-23,373901101573501,187,0,c(-101.960111, 37.652068),"1974","215-144",-101.960111,37.652068,31.6132126,"0-65"
"193","Grant",-154.35,NA,1974-09-11,374100101270501,67,0,c(-101.453548, 37.683867),"1974","215-144",-101.453548,37.683867,89.117569,"66-131"
"194","Morton",-183.21,NA,1974-06-11,370224101394601,129,0,c(-101.663037, 37.039058),"1974","215-144",-101.663037,37.039058,196.4751434,"132-197"
"195","Morton",-177.54,"Shore Airport SW",1974-12-04,371945101412701,129,0,c(-101.690933, 37.329295),"1974","215-144",-101.690933,37.329295,26.6896458,"0-65"
"196","Stevens",-116.45,"Wagon Bed Spring SE",1974-01-23,372128101163401,189,0,c(-101.27645, 37.358671),"1974","143-72",-101.27645,37.358671,104.541748,"66-131"
"197","Morton",-68.18,"Richfield SW",1974-12-04,372043101572701,129,0,c(-101.95925, 37.34599),"1974","71-0",-101.95925,37.34599,10,"0-65"
"198","Stanton",-78,"Richfield NW",1974-01-23,372402101584001,187,0,c(-101.980452, 37.403529),"1974","143-72",-101.980452,37.403529,10,"0-65"
"199","Stanton",-70.38,NA,1974-03-05,372405102005301,187,0,c(-102.015956, 37.403018),"1974","71-0",-102.015956,37.403018,10,"0-65"
"200","Grant",-117.22,NA,1974-01-23,373741101213302,67,0,c(-101.360357, 37.628255),"1974","143-72",-101.360357,37.628255,119.9352951,"66-131"
"201","Stanton",-150.08,NA,1974-01-24,373755101453801,187,0,c(-101.760582, 37.633011),"1974","215-144",-101.760582,37.633011,94.3073959,"66-131"
"202","Grant",-138.21,NA,1974-01-23,373403101305601,67,0,c(-101.51624, 37.568623),"1974","143-72",-101.51624,37.568623,170.0193481,"132-197"
"203","Stanton",-146.2,NA,1974-01-24,373413101380001,187,0,c(-101.633932, 37.570697),"1974","215-144",-101.633932,37.570697,147.3442535,"132-197"
"204","Grant",-132.82,NA,1974-02-01,373924101302501,67,0,c(-101.507574, 37.657457),"1974","143-72",-101.507574,37.657457,111.8187561,"66-131"
"205","Grant",-148.52,NA,1974-07-01,373924101302501,67,0,c(-101.507574, 37.657457),"1974","215-144",-101.507574,37.657457,111.8187561,"66-131"
"206","Grant",-153.51,NA,1974-10-01,373924101302501,67,0,c(-101.507574, 37.657457),"1974","215-144",-101.507574,37.657457,111.8187561,"66-131"
"207","Stanton",-128.95,"Big Bow NE",1974-01-23,374039101343701,187,0,c(-101.576699, 37.678391),"1974","143-72",-101.576699,37.678391,104.4140015,"66-131"
"208","Hamilton",-118.84,"Syracuse West SW",1974-12-04,374708101562401,75,0,c(-101.941256, 37.787792),"1974","143-72",-101.941256,37.787792,29.5088806,"0-65"
"209","Morton",-169.5,"Elkhart North",1974-01-24,370027101565601,129,0,c(-101.948846, 37.006323),"1974","215-144",-101.948846,37.006323,71.205986,"66-131"
"210","Morton",-81.37,"Elkhart North",1974-06-11,370422101523401,129,0,c(-101.876744, 37.072273),"1974","143-72",-101.876744,37.072273,15.5130777,"0-65"
"211","Morton",-147.17,NA,1974-12-04,371242101452201,129,0,c(-101.756348, 37.211648),"1974","215-144",-101.756348,37.211648,28.0697765,"0-65"
"212","Stevens",-132.22,NA,1974-01-24,370931101280201,189,0,c(-101.469236, 37.158645),"1974","143-72",-101.469236,37.158645,278.5627747,"263-328"
"213","Morton",-126.26,"Elkhart NE",1974-01-25,371347101512101,129,0,c(-101.855346, 37.229323),"1974","143-72",-101.855346,37.229323,36.289959,"0-65"
"214","Stevens",-113.6,NA,1974-01-24,371654101244001,189,0,c(-101.413036, 37.282584),"1974","143-72",-101.413036,37.282584,320.3141785,"263-328"
"215","Stevens",-100.95,NA,1974-01-24,371845101262501,189,0,c(-101.442134, 37.312737),"1974","143-72",-101.442134,37.312737,212.1078491,"198-262"
"216","Stanton",-125.63,NA,1974-01-24,372345101320801,187,0,c(-101.536087, 37.396583),"1974","143-72",-101.536087,37.396583,114.8553696,"66-131"
"217","Stanton",-160.57,NA,1974-12-04,372504101384901,187,0,c(-101.647545, 37.418831),"1974","215-144",-101.647545,37.418831,47.306221,"0-65"
"218","Stanton",-225.37,NA,1974-12-04,373018101521101,187,0,c(-101.869836, 37.506198),"1974","287-216",-101.869836,37.506198,10,"0-65"
"219","Grant",-132.01,"Wagon Bed Spring NW",1974-03-04,372832101265901,67,0,c(-101.447745, 37.47538),"1974","143-72",-101.447745,37.47538,190.1559143,"132-197"
"220","Stanton",-187.52,NA,1974-01-23,372715101513901,187,0,c(-101.86165, 37.454829),"1974","215-144",-101.86165,37.454829,10,"0-65"
"221","Grant",-134.58,NA,1974-12-05,374337101215501,67,0,c(-101.366294, 37.727068),"1974","143-72",-101.366294,37.727068,98.1652145,"66-131"
"222","Kearny",-134.09,NA,1974-01-21,374820101292901,93,0,c(-101.492621, 37.80632),"1974","143-72",-101.492621,37.80632,10,"0-65"
"223","Hamilton",-163.76,"Syracuse West SW",1974-01-24,374507101580601,75,0,c(-101.970457, 37.753112),"1974","215-144",-101.970457,37.753112,41.0058365,"0-65"
"224","Morton",-173.52,NA,1974-01-24,370224101394601,129,0,c(-101.663037, 37.039058),"1974","215-144",-101.663037,37.039058,196.4751434,"132-197"
"225","Stevens",-136.97,"Rolla SE",1974-01-24,370517101324601,189,0,c(-101.545538, 37.086326),"1974","143-72",-101.545538,37.086326,351.2311096,"328-393"
"226","Morton",-67.95,NA,1974-01-25,370743101462601,129,0,c(-101.774185, 37.127908),"1974","71-0",-101.774185,37.127908,58.4939194,"0-65"
"227","Morton",-88.42,"Elkhart NW",1974-01-25,371000101535601,129,0,c(-101.899846, 37.164973),"1974","143-72",-101.899846,37.164973,66.9777756,"66-131"
"228","Morton",-176.35,"Shore Airport SW",1974-06-11,371945101412701,129,0,c(-101.690933, 37.329295),"1974","215-144",-101.690933,37.329295,26.6896458,"0-65"
"229","Stanton",-88.6,NA,1974-12-04,372405102005301,187,0,c(-102.015956, 37.403018),"1974","143-72",-102.015956,37.403018,10,"0-65"
"230","Grant",-176.63,NA,1974-06-12,373758101313001,67,0,c(-101.525274, 37.633914),"1974","215-144",-101.525274,37.633914,129.3587799,"66-131"
"231","Stanton",-138.54,"Big Bow NW",1974-01-24,373808101422201,187,0,c(-101.708057, 37.637291),"1974","143-72",-101.708057,37.637291,77.7591476,"66-131"
"232","Grant",-141.29,NA,1974-01-24,373339101274901,67,0,c(-101.463704, 37.561147),"1974","143-72",-101.463704,37.561147,196.9228668,"132-197"
"233","Stanton",-116.43,"Big Bow",1974-06-11,373703101334001,187,0,c(-101.562498, 37.619252),"1974","143-72",-101.562498,37.619252,157.3961182,"132-197"
"234","Stanton",-172.9,"Johnson East",1974-09-10,373716101380902,187,0,c(-101.635165, 37.621434),"1974","215-144",-101.635165,37.621434,166.7288513,"132-197"
"235","Stanton",-247.85,NA,1974-01-24,373716101563001,187,0,c(-101.941967, 37.623001),"1974","287-216",-101.941967,37.623001,32.4034805,"0-65"
"236","Grant",-217.07,NA,1974-09-09,372832101210801,67,0,c(-101.35213, 37.475685),"1974","287-216",-101.35213,37.475685,171.0813904,"132-197"
"237","Stanton",-219.32,NA,1974-01-23,373202101523501,187,0,c(-101.876551, 37.535387),"1974","287-216",-101.876551,37.535387,10,"0-65"
"238","Grant",-137.42,NA,1974-09-11,374337101215501,67,0,c(-101.366294, 37.727068),"1974","143-72",-101.366294,37.727068,98.1652145,"66-131"
"239","Grant",-169.06,NA,1974-03-06,374221101281501,67,0,c(-101.472549, 37.707236),"1974","215-144",-101.472549,37.707236,25.660244,"0-65"
"240","Stanton",-57.98,NA,1974-01-23,374105101412501,187,0,c(-101.691002, 37.685135),"1974","71-0",-101.691002,37.685135,80.2336807,"66-131"
"241","Stanton",-159.6,NA,1974-01-23,373901101334801,187,0,c(-101.563986, 37.650362),"1974","215-144",-101.563986,37.650362,133.255188,"132-197"
"242","Morton",-135.29,NA,1974-06-11,371505101535601,129,0,c(-101.89919, 37.251823),"1974","143-72",-101.89919,37.251823,38.3225212,"0-65"
"243","Stevens",-143.27,"Wagon Bed Spring SE",1974-03-04,372016101201201,189,0,c(-101.338938, 37.337053),"1974","143-72",-101.338938,37.337053,133.0045929,"132-197"
"244","Morton",-156.1,"Shore Airport SE",1974-01-25,372043101363101,129,0,c(-101.610442, 37.344952),"1974","215-144",-101.610442,37.344952,34.197979,"0-65"
"245","Stevens",-147.71,NA,1974-01-23,372201101211701,189,0,c(-101.356504, 37.367119),"1974","215-144",-101.356504,37.367119,118.4764633,"66-131"
"246","Stanton",-190.4,NA,1974-01-23,372405101493701,187,0,c(-101.827093, 37.402486),"1974","215-144",-101.827093,37.402486,10,"0-65"
"247","Grant",-109.79,NA,1974-01-24,372442101304601,67,0,c(-101.513366, 37.41291),"1974","143-72",-101.513366,37.41291,130.5313568,"66-131"
"248","Grant",-172.81,NA,1974-09-11,373707101292701,67,0,c(-101.49117, 37.61922),"1974","215-144",-101.49117,37.61922,132.512558,"132-197"
"249","Grant",-122.7,NA,1974-03-06,373414101285803,67,0,c(-101.483052, 37.571186),"1974","143-72",-101.483052,37.571186,175.4463043,"132-197"
"250","Grant",-179.98,"Ulysses SW",1974-01-23,373009101234301,67,0,c(-101.394705, 37.503805),"1974","215-144",-101.394705,37.503805,196.4160614,"132-197"
"251","Stanton",-109.68,"Big Bow",1974-01-24,373031101350901,187,0,c(-101.585947, 37.50809),"1974","143-72",-101.585947,37.50809,156.7255402,"132-197"
"252","Grant",-129.94,NA,1974-01-23,373102101205201,67,0,c(-101.347966, 37.517417),"1974","143-72",-101.347966,37.517417,207.9064789,"198-262"
"253","Grant",-154.18,NA,1974-08-01,373924101302501,67,0,c(-101.507574, 37.657457),"1974","215-144",-101.507574,37.657457,111.8187561,"66-131"
"254","Grant",-152.35,NA,1974-09-01,373924101302501,67,0,c(-101.507574, 37.657457),"1974","215-144",-101.507574,37.657457,111.8187561,"66-131"
"255","Stanton",-84.55,NA,1974-01-24,373854101365502,187,0,c(-101.616477, 37.648713),"1974","143-72",-101.616477,37.648713,148.303009,"132-197"
"256","Seward",-49.5,NA,1974-10-10,370833100482401,175,0,c(-100.806453, 37.141869),"1974","71-0",-100.806453,37.141869,346.1172791,"328-393"
"257","Meade",-171.68,NA,1974-01-15,371302100331402,119,0,c(-100.554491, 37.217934),"1974","215-144",-100.554491,37.217934,266.7106934,"263-328"
"258","Seward",-201.48,NA,1974-09-04,371615100463701,175,0,c(-100.779735, 37.27119),"1974","215-144",-100.779735,37.27119,203.0748901,"198-262"
"259","Seward",-236.99,NA,1974-01-14,371529101022001,175,0,c(-101.03981, 37.257989),"1974","287-216",-101.03981,37.257989,213.0959625,"198-262"
"260","Stevens",-257.66,NA,1974-03-04,371733101060901,189,0,c(-101.103025, 37.292276),"1974","287-216",-101.103025,37.292276,171.9958801,"132-197"
"261","Seward",-188.62,NA,1974-01-14,371825100474301,175,0,c(-100.797128, 37.306967),"1974","215-144",-100.797128,37.306967,198.2782898,"198-262"
"262","Stevens",-207.64,NA,1974-09-09,371950101102901,189,0,c(-101.175367, 37.330331),"1974","215-144",-101.175367,37.330331,161.5546265,"132-197"
"263","Seward",-196.02,NA,1974-01-23,372128101035901,175,0,c(-101.067843, 37.357194),"1974","215-144",-101.067843,37.357194,145.9621735,"132-197"
"264","Stevens",-167.65,"Moscow",1974-12-03,372227101121501,189,0,c(-101.205041, 37.373424),"1974","215-144",-101.205041,37.373424,149.3155518,"132-197"
"265","Meade",-148.6,NA,1974-01-15,372513100274101,119,0,c(-100.461627, 37.419623),"1974","215-144",-100.461627,37.419623,292.0207214,"263-328"
"266","Haskell",-73.82,NA,1974-06-05,372436101042001,81,0,c(-101.072267, 37.410516),"1974","143-72",-101.072267,37.410516,157.3567963,"132-197"
"267","Gray",-147.4,NA,1974-01-24,373340100375501,69,0,c(-100.633047, 37.561212),"1974","215-144",-100.633047,37.561212,198.2612915,"198-262"
"268","Gray",-102.56,NA,1974-09-04,373247100291101,69,0,c(-100.487352, 37.546669),"1974","143-72",-100.487352,37.546669,132.755661,"132-197"
"269","Haskell",-239.71,"West of Copeland",1974-01-14,373018100521101,81,0,c(-100.870541, 37.504305),"1974","287-216",-100.870541,37.504305,220.7246094,"198-262"
"270","Haskell",-220.4,NA,1974-01-16,372944100474902,81,0,c(-100.796039, 37.496555),"1974","287-216",-100.796039,37.496555,194.8303223,"132-197"
"271","Haskell",-248.81,NA,1974-01-14,373220101030701,81,0,c(-101.052555, 37.539346),"1974","287-216",-101.052555,37.539346,195.7756042,"132-197"
"272","Meade",-111.7,NA,1974-01-24,372738100283901,119,0,c(-100.478196, 37.461114),"1974","143-72",-100.478196,37.461114,261.150116,"198-262"
"273","Haskell",-245.18,"Satanta",1974-03-06,372958100563301,81,0,c(-100.943744, 37.498955),"1974","287-216",-100.943744,37.498955,196.8143768,"132-197"
"274","Haskell",-250.8,"Ryus",1974-01-14,372825101041201,81,0,c(-101.070546, 37.474944),"1974","287-216",-101.070546,37.474944,174.3389893,"132-197"
"275","Haskell",-202.96,"Sublette",1974-01-16,372549100485501,81,0,c(-100.815539, 37.431094),"1974","215-144",-100.815539,37.431094,200.3407745,"198-262"
"276","Grant",-198.34,"Hickok NW",1974-03-04,374203101095101,67,0,c(-101.163948, 37.700771),"1974","215-144",-101.163948,37.700771,110.7940521,"66-131"
"277","Grant",-216.39,"Hickok NW",1974-12-03,374203101095101,67,0,c(-101.163948, 37.700771),"1974","287-216",-101.163948,37.700771,110.7940521,"66-131"
"278","Haskell",-102.1,NA,1974-01-17,374305100451101,81,0,c(-100.753611, 37.717523),"1974","143-72",-100.753611,37.717523,230.6887512,"198-262"
"279","Finney",-120.48,"PLYMELL",1974-01-16,374645100481901,55,0,c(-100.806839, 37.780424),"1974","143-72",-100.806839,37.780424,287.5690308,"263-328"
"280","Finney",-103.32,"GARDEN CITY 3 NE",1974-01-16,374420100472201,55,0,c(-100.790051, 37.739389),"1974","143-72",-100.790051,37.739389,262.933075,"198-262"
"281","Meade",-180.48,"Plains",1974-01-15,371618100354701,119,0,c(-100.59863, 37.272852),"1974","215-144",-100.59863,37.272852,265.1775818,"263-328"
"282","Meade",-145.48,NA,1974-01-15,371711100301701,119,0,c(-100.505494, 37.287636),"1974","215-144",-100.505494,37.287636,272.6226196,"263-328"
"283","Haskell",-215,NA,1974-03-07,372405100515601,81,0,c(-100.86584, 37.401994),"1974","215-144",-100.86584,37.401994,217.1502838,"198-262"
"284","Grant",-38.17,NA,1974-01-24,372444101125601,67,0,c(-101.215409, 37.412301),"1974","71-0",-101.215409,37.412301,159.3835449,"132-197"
"285","Haskell",-74.48,NA,1974-09-11,372436101042001,81,0,c(-101.072267, 37.410516),"1974","143-72",-101.072267,37.410516,157.3567963,"132-197"
"286","Grant",-212.9,NA,1974-09-09,373339101112801,67,0,c(-101.191411, 37.561058),"1974","215-144",-101.191411,37.561058,178.7110901,"132-197"
"287","Haskell",-197.49,"West of Copeland",1974-12-09,373556100464201,81,0,c(-100.779938, 37.598454),"1974","215-144",-100.779938,37.598454,197.9046936,"132-197"
"288","Haskell",-274.89,NA,1974-09-09,373558100563201,81,0,c(-100.942888, 37.599664),"1974","287-216",-100.942888,37.599664,168.3526306,"132-197"
"289","Haskell",-268.43,NA,1974-12-03,373558100563201,81,0,c(-100.942888, 37.599664),"1974","287-216",-100.942888,37.599664,168.3526306,"132-197"
"290","Haskell",-218.7,NA,1974-01-14,373710100521001,81,0,c(-100.869399, 37.61947),"1974","287-216",-100.869399,37.61947,178.4272003,"132-197"
"291","Haskell",-243.01,NA,1974-01-14,372924101025801,81,0,c(-101.049808, 37.490473),"1974","287-216",-101.049808,37.490473,180.0749054,"132-197"
"292","Haskell",-166.9,"Wild Horse Lake",1974-01-17,373929100453601,81,0,c(-100.761438, 37.658774),"1974","215-144",-100.761438,37.658774,205.4609985,"198-262"
"293","Stevens",-128.35,NA,1974-01-23,370619101102601,189,0,c(-101.174619, 37.105753),"1974","143-72",-101.174619,37.105753,396.3944397,"393-459"
"294","Seward",-168.39,NA,1974-01-14,372112100390201,175,0,c(-100.651602, 37.354087),"1974","215-144",-100.651602,37.354087,252.3449097,"198-262"
"295","Haskell",-216.33,NA,1974-12-09,372405100520501,81,0,c(-100.867689, 37.401376),"1974","287-216",-100.867689,37.401376,217.6304779,"198-262"
"296","Meade",-159.36,"Plains NE",1974-06-05,372454100361701,119,0,c(-100.606332, 37.416523),"1974","215-144",-100.606332,37.416523,260.0029602,"198-262"
"297","Grant",-251.8,NA,1974-01-24,373643101083701,67,0,c(-101.144063, 37.611747),"1974","287-216",-101.144063,37.611747,175.5792999,"132-197"
"298","Haskell",-215.99,NA,1974-01-16,373320100500001,81,0,c(-100.83357, 37.555842),"1974","215-144",-100.83357,37.555842,207.2623444,"198-262"
"299","Haskell",-185.73,NA,1974-01-17,372904100421101,81,0,c(-100.703851, 37.48475),"1974","215-144",-100.703851,37.48475,198.786026,"198-262"
"300","Meade",-176.42,NA,1974-01-15,372703100333301,119,0,c(-100.56023, 37.45202),"1974","215-144",-100.56023,37.45202,258.1271667,"198-262"
"301","Haskell",-227.75,NA,1974-01-16,372622100510701,81,0,c(-100.851682, 37.439508),"1974","287-216",-100.851682,37.439508,212.8227692,"198-262"
"302","Haskell",-219.39,NA,1974-01-16,373043100594901,81,0,c(-100.997623, 37.512217),"1974","287-216",-100.997623,37.512217,185.7785187,"132-197"
"303","Grant",-272.15,NA,1974-01-24,373833101104901,67,0,c(-101.180502, 37.642585),"1974","287-216",-101.180502,37.642585,133.9390869,"132-197"
"304","Seward",-81.55,"Woods SE",1974-06-04,370128101004001,175,0,c(-101.012446, 37.024926),"1974","143-72",-101.012446,37.024926,522.7892456,"459-525"
"305","Stevens",-146,NA,1974-12-03,370831101114001,189,0,c(-101.195038, 37.142175),"1974","215-144",-101.195038,37.142175,401.5915527,"393-459"
"306","Seward",-159.2,"Woods",1974-01-14,371339101025301,175,0,c(-101.049541, 37.227904),"1974","215-144",-101.049541,37.227904,255.6519775,"198-262"
"307","Seward",-20.02,NA,1974-09-04,371444100550101,175,0,c(-100.917478, 37.245293),"1974","71-0",-100.917478,37.245293,243.0976105,"198-262"
"308","Haskell",-214.4,NA,1974-01-16,372405100520501,81,0,c(-100.867689, 37.401376),"1974","215-144",-100.867689,37.401376,217.6304779,"198-262"
"309","Haskell",-75.22,NA,1974-12-09,372436101042001,81,0,c(-101.072267, 37.410516),"1974","143-72",-101.072267,37.410516,157.3567963,"132-197"
"310","Haskell",-183.32,NA,1974-01-17,373814100411301,81,0,c(-100.687752, 37.63746),"1974","215-144",-100.687752,37.63746,222.874588,"198-262"
"311","Haskell",-197.63,"West of Copeland",1974-03-06,373556100464201,81,0,c(-100.779938, 37.598454),"1974","215-144",-100.779938,37.598454,197.9046936,"132-197"
"312","Haskell",-219.61,NA,1974-06-05,373710100521001,81,0,c(-100.869399, 37.61947),"1974","287-216",-100.869399,37.61947,178.4272003,"132-197"
"313","Haskell",-223.77,NA,1974-09-09,373710100521001,81,0,c(-100.869399, 37.61947),"1974","287-216",-100.869399,37.61947,178.4272003,"132-197"
"314","Grant",-175.97,"Moscow NW",1974-09-09,372826101125501,67,0,c(-101.216446, 37.474564),"1974","215-144",-101.216446,37.474564,226.6646118,"198-262"
"315","Haskell",-244.39,"Satanta",1974-06-05,372958100563301,81,0,c(-100.943744, 37.498955),"1974","287-216",-100.943744,37.498955,196.8143768,"132-197"
"316","Kearny",-56.79,NA,1974-01-18,374716101131901,93,0,c(-101.222907, 37.787983),"1974","71-0",-101.222907,37.787983,167.7047882,"132-197"
"317","Finney",-88.94,"COPELAND NW",1974-01-16,374426100395001,55,0,c(-100.664863, 37.742685),"1974","143-72",-100.664863,37.742685,141.34552,"132-197"
"318","Finney",-137.64,NA,1974-01-15,374533101045801,55,0,c(-101.08309, 37.760413),"1974","143-72",-101.08309,37.760413,218.0924988,"198-262"
"319","Seward",-70.83,"Woods SE",1974-12-09,370128101004001,175,0,c(-101.012446, 37.024926),"1974","71-0",-101.012446,37.024926,522.7892456,"459-525"
"320","Seward",-126.94,"Liberal",1974-09-04,370602100572601,175,0,c(-100.957244, 37.099675),"1974","143-72",-100.957244,37.099675,412.2061462,"393-459"
"321","Seward",-186.5,NA,1974-01-14,371319100435401,175,0,c(-100.733512, 37.221318),"1974","215-144",-100.733512,37.221318,234.187149,"198-262"
"322","Stevens",-131.03,"Moscow",1974-01-23,371621101082601,189,0,c(-101.140389, 37.271628),"1974","143-72",-101.140389,37.271628,210.6894226,"198-262"
"323","Seward",-19.26,NA,1974-06-04,371444100550101,175,0,c(-100.917478, 37.245293),"1974","71-0",-100.917478,37.245293,243.0976105,"198-262"
"324","Seward",-206.67,"Sublette SW",1974-01-14,371641100594601,175,0,c(-100.996843, 37.278474),"1974","215-144",-100.996843,37.278474,203.1788635,"198-262"
"325","Meade",-136.49,"Plains",1974-01-15,371938100302901,119,0,c(-100.508828, 37.329303),"1974","143-72",-100.508828,37.329303,272.9985657,"263-328"
"326","Stevens",-202.54,NA,1974-03-04,371950101102901,189,0,c(-101.175367, 37.330331),"1974","215-144",-101.175367,37.330331,161.5546265,"132-197"
"327","Haskell",-229.11,NA,1974-01-14,372425100583501,81,0,c(-100.976747, 37.406869),"1974","287-216",-100.976747,37.406869,199.5914917,"198-262"
"328","Meade",-145.95,"Plains NE",1974-01-15,372455100301701,119,0,c(-100.506629, 37.416173),"1974","215-144",-100.506629,37.416173,310.1979065,"263-328"
"329","Haskell",-73.34,NA,1974-03-06,372436101042001,81,0,c(-101.072267, 37.410516),"1974","143-72",-101.072267,37.410516,157.3567963,"132-197"
"330","Haskell",-288.9,NA,1974-12-03,373642101011201,81,0,c(-101.020771, 37.612024),"1974","359-288",-101.020771,37.612024,183.5013733,"132-197"
"331","Haskell",-232.5,NA,1974-01-14,373339101002201,81,0,c(-101.00716, 37.561212),"1974","287-216",-101.00716,37.561212,186.8876648,"132-197"
"332","Gray",-106.24,NA,1974-12-16,373247100291101,69,0,c(-100.487352, 37.546669),"1974","143-72",-100.487352,37.546669,132.755661,"132-197"
"333","Haskell",-223.88,NA,1974-01-14,372640101030601,81,0,c(-101.052081, 37.445062),"1974","287-216",-101.052081,37.445062,171.1335907,"132-197"
"334","Haskell",-220.36,NA,1974-03-07,372944100474902,81,0,c(-100.796039, 37.496555),"1974","287-216",-100.796039,37.496555,194.8303223,"132-197"
"335","Haskell",-242.34,"Satanta",1974-01-16,372958100563301,81,0,c(-100.943744, 37.498955),"1974","287-216",-100.943744,37.498955,196.8143768,"132-197"
"336","Haskell",-146.35,NA,1974-03-04,374136101020903,81,0,c(-101.036214, 37.693642),"1974","215-144",-101.036214,37.693642,180.0327148,"132-197"
"337","Finney",-127.49,"GARDEN CITY SW",1974-01-15,374553100534701,55,0,c(-100.897233, 37.764993),"1974","143-72",-100.897233,37.764993,262.0273743,"198-262"
"338","Gray",-75.81,"Montezuma NW",1974-12-16,374417100280401,69,0,c(-100.467127, 37.737493),"1974","143-72",-100.467127,37.737493,17.6386471,"0-65"
"339","Meade",-180.72,NA,1974-01-15,371421100354801,119,0,c(-100.597598, 37.239875),"1974","215-144",-100.597598,37.239875,242.5705566,"198-262"
"340","Seward",-195.12,NA,1974-01-14,371648100520301,175,0,c(-100.867871, 37.279807),"1974","215-144",-100.867871,37.279807,212.478241,"198-262"
"341","Stevens",-242.45,NA,1974-01-23,371858101053601,189,0,c(-101.094008, 37.315744),"1974","287-216",-101.094008,37.315744,150.2571106,"132-197"
"342","Stevens",-247.84,"Moscow SE",1974-01-23,372128101065001,189,0,c(-101.113242, 37.358374),"1974","287-216",-101.113242,37.358374,127.4438171,"66-131"
"343","Haskell",-214.4,NA,1974-01-16,372405100515601,81,0,c(-100.86584, 37.401994),"1974","215-144",-100.86584,37.401994,217.1502838,"198-262"
"344","Haskell",-73.08,NA,1974-01-14,372436101042001,81,0,c(-101.072267, 37.410516),"1974","143-72",-101.072267,37.410516,157.3567963,"132-197"
"345","Haskell",-249.25,NA,1974-01-14,373327100565701,81,0,c(-100.949663, 37.557795),"1974","287-216",-100.949663,37.557795,186.0551453,"132-197"
"346","Haskell",-257.49,"North of Satanta",1974-01-14,373340100522701,81,0,c(-100.875942, 37.561975),"1974","287-216",-100.875942,37.561975,212.4693909,"198-262"
"347","Haskell",-263.53,NA,1974-01-14,373411101031501,81,0,c(-101.055057, 37.570184),"1974","287-216",-101.055057,37.570184,206.5475922,"198-262"
"348","Haskell",-194.47,"West of Copeland",1974-01-16,373556100464201,81,0,c(-100.779938, 37.598454),"1974","215-144",-100.779938,37.598454,197.9046936,"132-197"
"349","Haskell",-261.12,NA,1974-01-14,373241100542201,81,0,c(-100.906205, 37.54484),"1974","287-216",-100.906205,37.54484,206.2478638,"198-262"
"350","Gray",-97.2,NA,1974-01-24,373247100291101,69,0,c(-100.487352, 37.546669),"1974","143-72",-100.487352,37.546669,132.755661,"132-197"
"351","Gray",-96.58,NA,1974-03-19,373247100291101,69,0,c(-100.487352, 37.546669),"1974","143-72",-100.487352,37.546669,132.755661,"132-197"
"352","Haskell",-148.39,NA,1974-06-12,374136101020903,81,0,c(-101.036214, 37.693642),"1974","215-144",-101.036214,37.693642,180.0327148,"132-197"
"353","Grant",-204.62,"Hickok NW",1974-06-12,374203101095101,67,0,c(-101.163948, 37.700771),"1974","215-144",-101.163948,37.700771,110.7940521,"66-131"
"354","Gray",-74.1,"Montezuma NW",1974-03-19,374417100280401,69,0,c(-100.467127, 37.737493),"1974","143-72",-100.467127,37.737493,17.6386471,"0-65"
"355","Seward",-108.41,"Liberal",1974-01-15,370023100550801,175,0,c(-100.917644, 37.005856),"1974","143-72",-100.917644,37.005856,483.1242065,"459-525"
"356","Seward",-196,NA,1974-03-07,371615100463701,175,0,c(-100.779735, 37.27119),"1974","215-144",-100.779735,37.27119,203.0748901,"198-262"
"357","Stevens",-149.43,NA,1974-01-23,371931101134301,189,0,c(-101.229732, 37.325067),"1974","215-144",-101.229732,37.325067,197.9849701,"132-197"
"358","Stevens",-205.5,NA,1974-01-23,372220101103001,189,0,c(-101.175551, 37.372247),"1974","215-144",-101.175551,37.372247,140.9782257,"132-197"
"359","Seward",-185.39,NA,1974-06-04,372159100432201,175,0,c(-100.72419, 37.366706),"1974","215-144",-100.72419,37.366706,238.5100098,"198-262"
"360","Gray",-137.8,"Copeland SE",1974-01-24,373614100331601,69,0,c(-100.556631, 37.605694),"1974","143-72",-100.556631,37.605694,221.976532,"198-262"
"361","Grant",-213.42,NA,1974-01-23,373339101112801,67,0,c(-101.191411, 37.561058),"1974","215-144",-101.191411,37.561058,178.7110901,"132-197"
"362","Haskell",-197.11,"West of Copeland",1974-06-05,373556100464201,81,0,c(-100.779938, 37.598454),"1974","215-144",-100.779938,37.598454,197.9046936,"132-197"
"363","Gray",-99.91,NA,1974-06-04,373247100291101,69,0,c(-100.487352, 37.546669),"1974","143-72",-100.487352,37.546669,132.755661,"132-197"
"364","Grant",-157.48,"Moscow NW",1974-01-24,372826101125501,67,0,c(-101.216446, 37.474564),"1974","215-144",-101.216446,37.474564,226.6646118,"198-262"
"365","Grant",-201.89,NA,1974-01-24,372951101091001,67,0,c(-101.152103, 37.497476),"1974","215-144",-101.152103,37.497476,195.112854,"132-197"
"366","Gray",-109.03,NA,1974-01-24,373159100333301,69,0,c(-100.560108, 37.533868),"1974","143-72",-100.560108,37.533868,176.6970673,"132-197"
"367","Haskell",-249.1,NA,1974-01-16,372819101003001,81,0,c(-101.007926, 37.472125),"1974","287-216",-101.007926,37.472125,186.0158844,"132-197"
"368","Gray",-138.7,NA,1974-01-24,373855100385301,69,0,c(-100.648994, 37.648309),"1974","143-72",-100.648994,37.648309,216.4902344,"198-262"
"369","Gray",-88.05,NA,1974-01-24,374806100322201,69,0,c(-100.540102, 37.800681),"1974","143-72",-100.540102,37.800681,105.6357727,"66-131"
"370","Finney",-77.52,"PIERCEVILLE SW",1974-01-16,374840100391301,55,0,c(-100.652633, 37.812643),"1974","143-72",-100.652633,37.812643,142.5426178,"132-197"
"371","Finney",-108.6,NA,1974-01-15,374434100584401,55,0,c(-100.979023, 37.743234),"1974","143-72",-100.979023,37.743234,240.4204102,"198-262"
"372","Stevens",-124.88,NA,1974-03-04,370831101114001,189,0,c(-101.195038, 37.142175),"1974","143-72",-101.195038,37.142175,401.5915527,"393-459"
"373","Seward",-126.59,"Liberal",1974-06-04,370602100572601,175,0,c(-100.957244, 37.099675),"1974","143-72",-100.957244,37.099675,412.2061462,"393-459"
"374","Seward",-50.5,"Liberal NE",1974-10-10,370833100482402,175,0,c(-100.808038, 37.140843),"1974","71-0",-100.808038,37.140843,346.4190979,"328-393"
"375","Stevens",-165.82,"Moscow",1974-03-04,372227101121501,189,0,c(-101.205041, 37.373424),"1974","215-144",-101.205041,37.373424,149.3155518,"132-197"
"376","Meade",-137.41,NA,1974-01-15,372403100312301,119,0,c(-100.524111, 37.400963),"1974","143-72",-100.524111,37.400963,300.493988,"263-328"
"377","Meade",-161.58,"Plains NE",1974-09-04,372454100361701,119,0,c(-100.606332, 37.416523),"1974","215-144",-100.606332,37.416523,260.0029602,"198-262"
"378","Haskell",-203.54,NA,1974-01-17,373433100435801,81,0,c(-100.733332, 37.575677),"1974","215-144",-100.733332,37.575677,192.3994598,"132-197"
"379","Haskell",-284.79,NA,1974-03-04,373642101011201,81,0,c(-101.020771, 37.612024),"1974","287-216",-101.020771,37.612024,183.5013733,"132-197"
"380","Grant",-208.34,NA,1974-06-12,373339101112801,67,0,c(-101.191411, 37.561058),"1974","215-144",-101.191411,37.561058,178.7110901,"132-197"
"381","Haskell",-258.12,NA,1974-01-14,373558100563201,81,0,c(-100.942888, 37.599664),"1974","287-216",-100.942888,37.599664,168.3526306,"132-197"
"382","Grant",-243.44,NA,1974-02-20,373255101062501,67,0,c(-101.106999, 37.548318),"1974","287-216",-101.106999,37.548318,203.776947,"198-262"
"383","Grant",-158.83,"Moscow NW",1974-03-04,372826101125501,67,0,c(-101.216446, 37.474564),"1974","215-144",-101.216446,37.474564,226.6646118,"198-262"
"384","Haskell",-256.49,NA,1974-01-14,372827100533301,81,0,c(-100.892654, 37.47413),"1974","287-216",-100.892654,37.47413,232.365921,"198-262"
"385","Haskell",-221.2,NA,1974-06-05,372944100474902,81,0,c(-100.796039, 37.496555),"1974","287-216",-100.796039,37.496555,194.8303223,"132-197"
"386","Grant",-197.26,"Hickok NW",1974-01-24,374203101095101,67,0,c(-101.163948, 37.700771),"1974","215-144",-101.163948,37.700771,110.7940521,"66-131"
"387","Gray",-79.48,NA,1974-09-04,374126100343401,69,0,c(-100.576176, 37.692131),"1974","143-72",-100.576176,37.692131,116.3140106,"66-131"
"388","Haskell",-204.4,NA,1974-01-14,374013100564001,81,0,c(-100.944887, 37.670358),"1974","215-144",-100.944887,37.670358,160.6222229,"132-197"
"389","Gray",-76.18,"Montezuma NW",1974-06-04,374417100280401,69,0,c(-100.467127, 37.737493),"1974","143-72",-100.467127,37.737493,17.6386471,"0-65"
"390","Seward",-116.4,NA,1974-10-16,370503101015401,175,0,c(-101.031862, 37.08398),"1974","143-72",-101.031862,37.08398,453.8654785,"393-459"
"391","Seward",-187.08,NA,1974-01-14,371410100394301,175,0,c(-100.663747, 37.236136),"1974","215-144",-100.663747,37.236136,179.5287781,"132-197"
"392","Seward",-181.05,NA,1974-01-14,372239100464501,175,0,c(-100.779537, 37.377932),"1974","215-144",-100.779537,37.377932,216.2325134,"198-262"
"393","Seward",-218.34,"Satanta",1974-01-14,372240100572101,175,0,c(-100.956743, 37.378894),"1974","287-216",-100.956743,37.378894,216.3427429,"198-262"
"394","Meade",-146.4,NA,1974-01-15,372117100354701,119,0,c(-100.597331, 37.355603),"1974","215-144",-100.597331,37.355603,251.4928741,"198-262"
"395","Stevens",-165.7,"Moscow",1974-01-23,372227101121501,189,0,c(-101.205041, 37.373424),"1974","215-144",-101.205041,37.373424,149.3155518,"132-197"
"396","Seward",-189.27,NA,1974-12-09,372159100432201,175,0,c(-100.72419, 37.366706),"1974","215-144",-100.72419,37.366706,238.5100098,"198-262"
"397","Haskell",-184.84,NA,1974-01-16,372404100432601,81,0,c(-100.72419, 37.401131),"1974","215-144",-100.72419,37.401131,237.4529266,"198-262"
"398","Haskell",-217.93,NA,1974-06-05,372405100520501,81,0,c(-100.867689, 37.401376),"1974","287-216",-100.867689,37.401376,217.6304779,"198-262"
"399","Meade",-157.74,"Plains NE",1974-03-07,372454100361701,119,0,c(-100.606332, 37.416523),"1974","215-144",-100.606332,37.416523,260.0029602,"198-262"
"400","Grant",-259.49,"Hickok SE",1974-01-24,373426101055101,67,0,c(-101.099347, 37.573993),"1974","287-216",-101.099347,37.573993,220.8503723,"198-262"
"401","Haskell",-218.66,NA,1974-01-16,373129100490301,81,0,c(-100.817579, 37.524851),"1974","287-216",-100.817579,37.524851,201.1425781,"198-262"
"402","Haskell",-218,NA,1974-06-05,372733100474901,81,0,c(-100.797069, 37.459329),"1974","287-216",-100.797069,37.459329,198.2492676,"198-262"
"403","Haskell",-250.08,"Satanta",1974-12-09,372958100563301,81,0,c(-100.943744, 37.498955),"1974","287-216",-100.943744,37.498955,196.8143768,"132-197"
"404","Haskell",-253.46,"Ryus",1974-12-09,372825101041201,81,0,c(-101.070546, 37.474944),"1974","287-216",-101.070546,37.474944,174.3389893,"132-197"
"405","Gray",-75.4,"Copeland NW",1974-01-24,374317100375501,69,0,c(-100.634233, 37.722043),"1974","143-72",-100.634233,37.722043,104.2481308,"66-131"
"406","Haskell",-218.65,NA,1974-01-14,373901100555101,81,0,c(-100.931215, 37.65043),"1974","287-216",-100.931215,37.65043,156.5629883,"132-197"
"407","Gray",-112.76,NA,1974-01-24,373957100333201,69,0,c(-100.560108, 37.666863),"1974","143-72",-100.560108,37.666863,146.461441,"132-197"
"408","Haskell",-231.81,NA,1974-01-14,373832101044601,81,0,c(-101.080098, 37.642723),"1974","287-216",-101.080098,37.642723,174.9512787,"132-197"
"409","Gray",-60.1,"Charleston",1974-01-24,374557100323401,69,0,c(-100.54283, 37.766323),"1974","71-0",-100.54283,37.766323,75.0021744,"66-131"
"410","Seward",-126.72,"Liberal",1974-12-09,370602100572601,175,0,c(-100.957244, 37.099675),"1974","143-72",-100.957244,37.099675,412.2061462,"393-459"
"411","Seward",-202.15,NA,1974-06-04,371615100463701,175,0,c(-100.779735, 37.27119),"1974","215-144",-100.779735,37.27119,203.0748901,"198-262"
"412","Seward",-192.15,NA,1974-01-14,372010100484001,175,0,c(-100.812693, 37.336021),"1974","215-144",-100.812693,37.336021,200.8969879,"198-262"
"413","Stevens",-271.49,NA,1974-09-09,371733101060901,189,0,c(-101.103025, 37.292276),"1974","287-216",-101.103025,37.292276,171.9958801,"132-197"
"414","Seward",-184.79,NA,1974-03-07,372159100432201,175,0,c(-100.72419, 37.366706),"1974","215-144",-100.72419,37.366706,238.5100098,"198-262"
"415","Gray",-139,"Copeland SE",1974-06-04,373614100331601,69,0,c(-100.556631, 37.605694),"1974","143-72",-100.556631,37.605694,221.976532,"198-262"
"416","Grant",-210.96,NA,1974-12-03,373339101112801,67,0,c(-101.191411, 37.561058),"1974","215-144",-101.191411,37.561058,178.7110901,"132-197"
"417","Haskell",-257.68,NA,1974-03-04,373558100563201,81,0,c(-100.942888, 37.599664),"1974","287-216",-100.942888,37.599664,168.3526306,"132-197"
"418","Grant",-167.9,"Moscow NW",1974-12-03,372826101125501,67,0,c(-101.216446, 37.474564),"1974","215-144",-101.216446,37.474564,226.6646118,"198-262"
"419","Haskell",-204.46,NA,1974-01-16,372827100453801,81,0,c(-100.760691, 37.473962),"1974","215-144",-100.760691,37.473962,193.4925995,"132-197"
"420","Haskell",-224.45,NA,1974-12-09,372733100474901,81,0,c(-100.797069, 37.459329),"1974","287-216",-100.797069,37.459329,198.2492676,"198-262"
"421","Gray",-76.82,NA,1974-06-04,374126100343401,69,0,c(-100.576176, 37.692131),"1974","143-72",-100.576176,37.692131,116.3140106,"66-131"
"422","Finney",-126.81,"GARDEN CITY SW",1974-03-06,374553100534701,55,0,c(-100.897233, 37.764993),"1974","143-72",-100.897233,37.764993,262.0273743,"198-262"
"423","Finney",-134.21,"GARDEN CITY SW",1974-12-09,374553100534701,55,0,c(-100.897233, 37.764993),"1974","143-72",-100.897233,37.764993,262.0273743,"198-262"
"424","Gray",-67.23,"Montezuma NW",1974-01-24,374417100280401,69,0,c(-100.467127, 37.737493),"1974","71-0",-100.467127,37.737493,17.6386471,"0-65"
"425","Finney",-100.12,"GARDEN CITY 3 NE",1974-01-16,374417100451901,55,0,c(-100.754937, 37.736654),"1974","143-72",-100.754937,37.736654,241.7100372,"198-262"
"426","Meade",-22.47,"Kismet SE",1974-01-15,370048100342101,119,0,c(-100.570688, 37.017351),"1974","71-0",-100.570688,37.017351,245.5609131,"198-262"
"427","Meade",-162.44,NA,1974-06-04,370754100333501,119,0,c(-100.561038, 37.132684),"1974","215-144",-100.561038,37.132684,344.2521667,"328-393"
"428","Seward",-19.63,NA,1974-12-09,371444100550101,175,0,c(-100.917478, 37.245293),"1974","71-0",-100.917478,37.245293,243.0976105,"198-262"
"429","Seward",-187.44,"Sublette SW",1974-01-14,372010100555101,175,0,c(-100.932142, 37.336054),"1974","215-144",-100.932142,37.336054,245.853714,"198-262"
"430","Stevens",-206.92,NA,1974-12-03,371950101102901,189,0,c(-101.175367, 37.330331),"1974","215-144",-101.175367,37.330331,161.5546265,"132-197"
"431","Haskell",-215,NA,1974-03-07,372405100520501,81,0,c(-100.867689, 37.401376),"1974","215-144",-100.867689,37.401376,217.6304779,"198-262"
"432","Gray",-142.25,"Copeland SE",1974-09-04,373614100331601,69,0,c(-100.556631, 37.605694),"1974","143-72",-100.556631,37.605694,221.976532,"198-262"
"433","Haskell",-290.91,NA,1974-09-09,373642101011201,81,0,c(-101.020771, 37.612024),"1974","359-288",-101.020771,37.612024,183.5013733,"132-197"
"434","Gray",-127.8,"Copeland",1974-03-19,373709100374701,69,0,c(-100.629733, 37.620074),"1974","143-72",-100.629733,37.620074,220.7441406,"198-262"
"435","Gray",-134.87,"Copeland",1974-09-04,373709100374701,69,0,c(-100.629733, 37.620074),"1974","143-72",-100.629733,37.620074,220.7441406,"198-262"
"436","Haskell",-198.81,NA,1974-12-09,372640100414601,81,0,c(-100.697014, 37.444696),"1974","215-144",-100.697014,37.444696,226.8037567,"198-262"
"437","Grant",-256.2,"Ryus",1974-01-24,372754101065801,67,0,c(-101.114245, 37.464854),"1974","287-216",-101.114245,37.464854,168.0185547,"132-197"
"438","Gray",-154.7,"Copeland SE",1974-01-24,373054100354401,69,0,c(-100.597631, 37.515029),"1974","215-144",-100.597631,37.515029,177.2451172,"132-197"
"439","Haskell",-183.84,NA,1974-01-16,372547100400701,81,0,c(-100.669746, 37.43026),"1974","215-144",-100.669746,37.43026,238.8216553,"198-262"
"440","Gray",-66.35,NA,1974-01-24,374249100292201,69,0,c(-100.490586, 37.713463),"1974","71-0",-100.490586,37.713463,34.1528549,"0-65"
"441","Grant",-258.28,NA,1974-01-24,373955101125101,67,0,c(-101.214927, 37.665213),"1974","287-216",-101.214927,37.665213,111.5209351,"66-131"
"442","Seward",-75.41,"Woods SE",1974-09-04,370128101004001,175,0,c(-101.012446, 37.024926),"1974","143-72",-101.012446,37.024926,522.7892456,"459-525"
"443","Meade",-159.3,NA,1974-03-19,370754100333501,119,0,c(-100.561038, 37.132684),"1974","215-144",-100.561038,37.132684,344.2521667,"328-393"
"444","Meade",-159.63,NA,1974-12-16,370754100333501,119,0,c(-100.561038, 37.132684),"1974","215-144",-100.561038,37.132684,344.2521667,"328-393"
"445","Seward",-197.59,NA,1974-01-14,371615100463701,175,0,c(-100.779735, 37.27119),"1974","215-144",-100.779735,37.27119,203.0748901,"198-262"
"446","Seward",-201.15,"Sublette SE",1974-01-14,371524100504201,175,0,c(-100.846338, 37.256891),"1974","215-144",-100.846338,37.256891,214.1485596,"198-262"
"447","Stevens",-167.81,"Moscow",1974-06-11,372227101121501,189,0,c(-101.205041, 37.373424),"1974","215-144",-101.205041,37.373424,149.3155518,"132-197"
"448","Stevens",-167.16,"Moscow",1974-09-09,372227101121501,189,0,c(-101.205041, 37.373424),"1974","215-144",-101.205041,37.373424,149.3155518,"132-197"
"449","Haskell",-217.93,NA,1974-06-05,372405100515601,81,0,c(-100.86584, 37.401994),"1974","287-216",-100.86584,37.401994,217.1502838,"198-262"
"450","Meade",-159.83,"Plains NE",1974-12-09,372454100361701,119,0,c(-100.606332, 37.416523),"1974","215-144",-100.606332,37.416523,260.0029602,"198-262"
"451","Gray",-132.48,"Copeland SE",1974-03-19,373614100331601,69,0,c(-100.556631, 37.605694),"1974","143-72",-100.556631,37.605694,221.976532,"198-262"
"452","Grant",-254.39,NA,1974-01-24,373807101133602,67,0,c(-101.227377, 37.635214),"1974","287-216",-101.227377,37.635214,130.2615814,"66-131"
"453","Gray",-126.5,"Copeland",1974-01-24,373709100374701,69,0,c(-100.629733, 37.620074),"1974","143-72",-100.629733,37.620074,220.7441406,"198-262"
"454","Haskell",-179.08,NA,1974-01-17,373154100411301,81,0,c(-100.687752, 37.532098),"1974","215-144",-100.687752,37.532098,186.9467316,"132-197"
"455","Gray",-107.95,"Meade NW",1974-01-24,372957100291101,69,0,c(-100.488329, 37.499804),"1974","143-72",-100.488329,37.499804,189.0899506,"132-197"
"456","Haskell",-260.03,NA,1974-01-16,372754100580201,81,0,c(-100.967775, 37.465006),"1974","287-216",-100.967775,37.465006,200.9867096,"198-262"
"457","Haskell",-209.34,NA,1974-06-12,374013100564001,81,0,c(-100.944887, 37.670358),"1974","215-144",-100.944887,37.670358,160.6222229,"132-197"
"458","Gray",-78.81,NA,1974-01-24,374722100370201,69,0,c(-100.617543, 37.789421),"1974","143-72",-100.617543,37.789421,121.4990311,"66-131"
"459","Seward",-19.29,NA,1974-03-07,371444100550101,175,0,c(-100.917478, 37.245293),"1974","71-0",-100.917478,37.245293,243.0976105,"198-262"
"460","Seward",-176.94,"Plains SW",1974-01-14,371706100432201,175,0,c(-100.725734, 37.28585),"1974","215-144",-100.725734,37.28585,200.0206451,"198-262"
"461","Haskell",-232.6,NA,1974-12-09,372425100583501,81,0,c(-100.976747, 37.406869),"1974","287-216",-100.976747,37.406869,199.5914917,"198-262"
"462","Gray",-135.51,"Copeland",1974-12-16,373709100374701,69,0,c(-100.629733, 37.620074),"1974","143-72",-100.629733,37.620074,220.7441406,"198-262"
"463","Haskell",-225.08,NA,1974-12-09,373710100521001,81,0,c(-100.869399, 37.61947),"1974","287-216",-100.869399,37.61947,178.4272003,"132-197"
"464","Gray",-134.52,NA,1974-01-24,373714100344601,69,0,c(-100.581632, 37.620704),"1974","143-72",-100.581632,37.620704,218.2081451,"198-262"
"465","Haskell",-224.71,NA,1974-12-09,372944100474902,81,0,c(-100.796039, 37.496555),"1974","287-216",-100.796039,37.496555,194.8303223,"132-197"
"466","Haskell",-252.38,"Ryus",1974-06-05,372825101041201,81,0,c(-101.070546, 37.474944),"1974","287-216",-101.070546,37.474944,174.3389893,"132-197"
"467","Haskell",-151.39,NA,1974-09-09,374136101020903,81,0,c(-101.036214, 37.693642),"1974","215-144",-101.036214,37.693642,180.0327148,"132-197"
"468","Gray",-73.23,NA,1974-03-19,374126100343401,69,0,c(-100.576176, 37.692131),"1974","143-72",-100.576176,37.692131,116.3140106,"66-131"
"469","Haskell",-110.49,"Copeland NW",1974-01-17,374044100395001,81,0,c(-100.664238, 37.678326),"1974","143-72",-100.664238,37.678326,202.2475433,"198-262"
"470","Haskell",-194.84,NA,1974-01-14,374011101020901,81,0,c(-101.036336, 37.670174),"1974","215-144",-101.036336,37.670174,178.0512695,"132-197"
"471","Stevens",-104.59,"Woods SW",1974-01-23,370218101103301,189,0,c(-101.176441, 37.038046),"1974","143-72",-101.176441,37.038046,415.9737244,"393-459"
"472","Stevens",-125.17,NA,1974-01-23,370831101114001,189,0,c(-101.195038, 37.142175),"1974","143-72",-101.195038,37.142175,401.5915527,"393-459"
"473","Seward",-102.92,"Woods SE",1974-01-15,370523101004901,175,0,c(-101.013045, 37.089696),"1974","143-72",-101.013045,37.089696,464.09375,"459-525"
"474","Meade",-159.73,NA,1974-09-04,370754100333501,119,0,c(-100.561038, 37.132684),"1974","215-144",-100.561038,37.132684,344.2521667,"328-393"
"475","Seward",-7.15,"Liberal NE",1974-01-14,371148100510701,175,0,c(-100.850838, 37.196222),"1974","71-0",-100.850838,37.196222,283.0587463,"263-328"
"476","Stevens",-110.83,NA,1974-01-24,371108101114801,189,0,c(-101.197443, 37.185572),"1974","143-72",-101.197443,37.185572,353.9677429,"328-393"
"477","Stevens",-262.74,NA,1974-06-11,371733101060901,189,0,c(-101.103025, 37.292276),"1974","287-216",-101.103025,37.292276,171.9958801,"132-197"
"478","Gray",-140.03,"Copeland SE",1974-12-16,373614100331601,69,0,c(-100.556631, 37.605694),"1974","143-72",-100.556631,37.605694,221.976532,"198-262"
"479","Haskell",-174.21,"Copeland",1974-01-17,373352100411301,81,0,c(-100.688535, 37.564094),"1974","215-144",-100.688535,37.564094,193.5280762,"132-197"
"480","Haskell",-288.35,NA,1974-01-14,373709100594901,81,0,c(-100.997806, 37.619424),"1974","359-288",-100.997806,37.619424,173.8791656,"132-197"
"481","Grant",-165.91,"Moscow NW",1974-06-12,372826101125501,67,0,c(-101.216446, 37.474564),"1974","215-144",-101.216446,37.474564,226.6646118,"198-262"
"482","Gray",-159.6,NA,1974-01-24,372855100335801,69,0,c(-100.565931, 37.482354),"1974","215-144",-100.565931,37.482354,214.1311035,"198-262"
"483","Haskell",-146.52,NA,1974-01-14,374136101020903,81,0,c(-101.036214, 37.693642),"1974","215-144",-101.036214,37.693642,180.0327148,"132-197"
"484","Haskell",-119.85,"Wild Horse Lake",1974-01-14,374343100520801,81,0,c(-100.870742, 37.729794),"1974","143-72",-100.870742,37.729794,200.7275696,"198-262"
"485","Haskell",-96.76,NA,1974-01-14,374222100460901,81,0,c(-100.769359, 37.706628),"1974","143-72",-100.769359,37.706628,226.1196594,"198-262"
"486","Gray",-73.44,NA,1974-01-24,374126100343401,69,0,c(-100.576176, 37.692131),"1974","143-72",-100.576176,37.692131,116.3140106,"66-131"
"487","Finney",-76.92,"GARDEN CITY SW",1974-01-15,374757100524901,55,0,c(-100.880981, 37.7996),"1974","143-72",-100.880981,37.7996,308.1913147,"263-328"
"488","Gray",-77.18,"Montezuma NW",1974-09-04,374417100280401,69,0,c(-100.467127, 37.737493),"1974","143-72",-100.467127,37.737493,17.6386471,"0-65"
"489","Seward",-170.92,NA,1974-01-15,370039100441901,175,0,c(-100.73817, 37.009272),"1974","215-144",-100.73817,37.009272,354.458252,"328-393"
"490","Seward",-70.35,"Woods SE",1974-01-15,370128101004001,175,0,c(-101.012446, 37.024926),"1974","71-0",-101.012446,37.024926,522.7892456,"459-525"
"491","Stevens",-202.36,NA,1974-01-23,371950101102901,189,0,c(-101.175367, 37.330331),"1974","215-144",-101.175367,37.330331,161.5546265,"132-197"
"492","Seward",-182.43,NA,1974-01-14,372159100432201,175,0,c(-100.72419, 37.366706),"1974","215-144",-100.72419,37.366706,238.5100098,"198-262"
"493","Haskell",-216.33,NA,1974-12-09,372405100515601,81,0,c(-100.86584, 37.401994),"1974","287-216",-100.86584,37.401994,217.1502838,"198-262"
"494","Grant",-211.1,NA,1974-03-04,373339101112801,67,0,c(-101.191411, 37.561058),"1974","215-144",-101.191411,37.561058,178.7110901,"132-197"
"495","Haskell",-202.66,"West of Copeland",1974-09-04,373556100464201,81,0,c(-100.779938, 37.598454),"1974","215-144",-100.779938,37.598454,197.9046936,"132-197"
"496","Haskell",-227.57,NA,1974-01-16,373716100495901,81,0,c(-100.833326, 37.621118),"1974","287-216",-100.833326,37.621118,188.9940338,"132-197"
"497","Haskell",-178.1,NA,1974-01-16,373218100432101,81,0,c(-100.725136, 37.539874),"1974","215-144",-100.725136,37.539874,177.8154907,"132-197"
"498","Haskell",-139.2,"Wild Horse Lake",1974-01-14,374046100520101,81,0,c(-100.868562, 37.679444),"1974","143-72",-100.868562,37.679444,155.7746429,"132-197"
"499","Gray",-112.12,"Copeland NE",1974-01-24,373900100354401,69,0,c(-100.597732, 37.649594),"1974","143-72",-100.597732,37.649594,193.51297,"132-197"
"500","Stevens",-163.27,NA,1974-09-09,370831101114001,189,0,c(-101.195038, 37.142175),"1974","215-144",-101.195038,37.142175,401.5915527,"393-459"
"501","Seward",-201.36,NA,1974-10-22,370407100442702,175,0,c(-100.740778, 37.067056),"1974","215-144",-100.740778,37.067056,420.1028748,"393-459"
"502","Seward",-126.95,"Liberal",1974-03-07,370602100572601,175,0,c(-100.957244, 37.099675),"1974","143-72",-100.957244,37.099675,412.2061462,"393-459"
"503","Stevens",-206,NA,1974-06-11,371950101102901,189,0,c(-101.175367, 37.330331),"1974","215-144",-101.175367,37.330331,161.5546265,"132-197"
"504","Seward",-186.47,NA,1974-09-04,372159100432201,175,0,c(-100.72419, 37.366706),"1974","215-144",-100.72419,37.366706,238.5100098,"198-262"
"505","Meade",-158.23,"Plains NE",1974-01-15,372454100361701,119,0,c(-100.606332, 37.416523),"1974","215-144",-100.606332,37.416523,260.0029602,"198-262"
"506","Haskell",-263.34,NA,1974-06-12,373558100563201,81,0,c(-100.942888, 37.599664),"1974","287-216",-100.942888,37.599664,168.3526306,"132-197"
"507","Gray",-127.47,"Copeland",1974-06-04,373709100374701,69,0,c(-100.629733, 37.620074),"1974","143-72",-100.629733,37.620074,220.7441406,"198-262"
"508","Haskell",-217.08,NA,1974-03-04,373710100521001,81,0,c(-100.869399, 37.61947),"1974","287-216",-100.869399,37.61947,178.4272003,"132-197"
"509","Haskell",-199.2,NA,1974-01-17,373432100474001,81,0,c(-100.794751, 37.57583),"1974","215-144",-100.794751,37.57583,197.443573,"132-197"
"510","Haskell",-214.55,NA,1974-01-16,372733100474901,81,0,c(-100.797069, 37.459329),"1974","215-144",-100.797069,37.459329,198.2492676,"198-262"
"511","Grant",-174.1,"Moscow NW",1974-01-24,372528101114301,67,0,c(-101.194743, 37.424744),"1974","215-144",-101.194743,37.424744,171.3916321,"132-197"
"512","Haskell",-148.96,NA,1974-12-03,374136101020903,81,0,c(-101.036214, 37.693642),"1974","215-144",-101.036214,37.693642,180.0327148,"132-197"
"513","Grant",-213.17,"Hickok NW",1974-09-09,374203101095101,67,0,c(-101.163948, 37.700771),"1974","215-144",-101.163948,37.700771,110.7940521,"66-131"
"514","Haskell",-114.02,NA,1974-01-17,374125100432401,81,0,c(-100.724191, 37.690072),"1974","143-72",-100.724191,37.690072,214.3882446,"198-262"
"515","Gray",-75.55,NA,1974-12-16,374126100343401,69,0,c(-100.576176, 37.692131),"1974","143-72",-100.576176,37.692131,116.3140106,"66-131"
"516","Haskell",-202.88,NA,1974-03-04,374013100564001,81,0,c(-100.944887, 37.670358),"1974","215-144",-100.944887,37.670358,160.6222229,"132-197"
"517","Finney",-132.53,"GARDEN CITY SW",1974-06-05,374553100534701,55,0,c(-100.897233, 37.764993),"1974","143-72",-100.897233,37.764993,262.0273743,"198-262"
"518","Clark",-12.09,"ASHLAND",1974-01-09,370822099452801,25,0,c(-99.75901, 37.137063),"1974","71-0",-99.75901,37.137063,NA,NA
"519","Clark",-49.66,"ASHLAND",1974-01-09,371319099464601,25,0,c(-99.780481, 37.222728),"1974","71-0",-99.780481,37.222728,NA,NA
"520","Meade",-65.56,"Meade",1974-12-16,371732100214701,119,0,c(-100.363724, 37.292754),"1974","71-0",-100.363724,37.292754,267.1750183,"263-328"
"521","Meade",-4.68,"Meade NE",1974-06-04,372307100171401,119,0,c(-100.289022, 37.387604),"1974","71-0",-100.289022,37.387604,267.9714966,"263-328"
"522","Meade",-31.95,NA,1974-01-16,372719100124901,119,0,c(-100.215142, 37.459725),"1974","71-0",-100.215142,37.459725,146.1442566,"132-197"
"523","Ford",-13.28,"FT DODGE",1974-03-05,374258099555701,57,0,c(-99.93613, 37.72142),"1974","71-0",-99.93613,37.72142,112.6855316,"66-131"
"524","Ford",-37.42,"FT DODGE",1974-07-15,374258099555701,57,0,c(-99.93613, 37.72142),"1974","71-0",-99.93613,37.72142,112.6855316,"66-131"
"525","Ford",-40,"FT DODGE",1974-07-25,374258099555701,57,0,c(-99.93613, 37.72142),"1974","71-0",-99.93613,37.72142,112.6855316,"66-131"
"526","Ford",-9.04,"FT DODGE",1974-12-10,374258099555701,57,0,c(-99.93613, 37.72142),"1974","71-0",-99.93613,37.72142,112.6855316,"66-131"
"527","Ford",-27.25,NA,1974-02-04,374356099572801,57,0,c(-99.95944, 37.738576),"1974","71-0",-99.95944,37.738576,116.1989212,"66-131"
"528","Gray",-166.7,NA,1974-06-04,373947100134201,69,0,c(-100.229896, 37.665458),"1974","215-144",-100.229896,37.665458,81.9244995,"66-131"
"529","Gray",-168.96,NA,1974-09-04,373947100134201,69,0,c(-100.229896, 37.665458),"1974","215-144",-100.229896,37.665458,81.9244995,"66-131"
"530","Ford",-146.4,"Spearville",1974-03-22,374725099485601,57,0,c(-99.816426, 37.797599),"1974","215-144",-99.816426,37.797599,19.3060474,"0-65"
"531","Ford",-145.36,NA,1974-12-26,374653099485601,57,0,c(-99.815897, 37.788045),"1974","215-144",-99.815897,37.788045,26.8161926,"0-65"
"532","Ford",-37.44,NA,1974-02-04,374416099573601,57,0,c(-99.961775, 37.744039),"1974","71-0",-99.961775,37.744039,118.7692566,"66-131"
"533","Ford",-33.74,NA,1974-02-05,374422099582501,57,0,c(-99.975387, 37.746007),"1974","71-0",-99.975387,37.746007,124.4043732,"66-131"
"534","Ford",-141.01,NA,1974-02-04,374423099562201,57,0,c(-99.941374, 37.745656),"1974","143-72",-99.941374,37.745656,111.1482468,"66-131"
"535","Clark",-20.84,"ASHLAND",1974-03-21,370822099452801,25,0,c(-99.75901, 37.137063),"1974","71-0",-99.75901,37.137063,NA,NA
"536","Gray",-97.56,"Meade NW",1974-03-19,372922100232701,69,0,c(-100.392625, 37.489343),"1974","143-72",-100.392625,37.489343,137.8440857,"132-197"
"537","Ford",-12.98,"FT DODGE",1974-03-15,374258099555701,57,0,c(-99.93613, 37.72142),"1974","71-0",-99.93613,37.72142,112.6855316,"66-131"
"538","Ford",-18.25,"FT DODGE",1974-04-30,374258099555701,57,0,c(-99.93613, 37.72142),"1974","71-0",-99.93613,37.72142,112.6855316,"66-131"
"539","Ford",-10.25,"FT DODGE",1974-09-20,374258099555701,57,0,c(-99.93613, 37.72142),"1974","71-0",-99.93613,37.72142,112.6855316,"66-131"
"540","Ford",-11.27,"FT DODGE",1974-11-15,374258099555701,57,0,c(-99.93613, 37.72142),"1974","71-0",-99.93613,37.72142,112.6855316,"66-131"
"541","Ford",-10.03,"FT DODGE",1974-11-30,374258099555701,57,0,c(-99.93613, 37.72142),"1974","71-0",-99.93613,37.72142,112.6855316,"66-131"
"542","Ford",-9.14,"FT DODGE",1974-12-25,374258099555701,57,0,c(-99.93613, 37.72142),"1974","71-0",-99.93613,37.72142,112.6855316,"66-131"
"543","Ford",-8.65,"FT DODGE",1974-12-31,374258099555701,57,0,c(-99.93613, 37.72142),"1974","71-0",-99.93613,37.72142,112.6855316,"66-131"
"544","Ford",-20.42,"Fort Dodge",1974-09-25,374356099573601,57,0,c(-99.96165, 37.73894),"1974","71-0",-99.96165,37.73894,117.9625092,"66-131"
"545","Gray",-165.69,NA,1974-03-19,373947100134201,69,0,c(-100.229896, 37.665458),"1974","215-144",-100.229896,37.665458,81.9244995,"66-131"
"546","Ford",-24.15,NA,1974-12-13,374409099582501,57,0,c(-99.975326, 37.742406),"1974","71-0",-99.975326,37.742406,126.8115005,"66-131"
"547","Ford",-91.6,NA,1974-02-04,374654099454901,57,0,c(-99.765847, 37.787693),"1974","143-72",-99.765847,37.787693,15.1855268,"0-65"
"548","Ford",-27.41,NA,1974-12-30,374422099580101,57,0,c(-99.968612, 37.745931),"1974","71-0",-99.968612,37.745931,121.3103714,"66-131"
"549","Ford",-147.04,NA,1974-02-04,374515099573001,57,0,c(-99.966459, 37.76035),"1974","215-144",-99.966459,37.76035,107.7739182,"66-131"
"550","Ford",-24.75,NA,1974-02-05,374409099581702,57,0,c(-99.973052, 37.742391),"1974","71-0",-99.973052,37.742391,126.1410141,"66-131"
"551","Clark",-14.42,"ASHLAND",1974-09-18,370822099452801,25,0,c(-99.75901, 37.137063),"1974","71-0",-99.75901,37.137063,NA,NA
"552","Meade",-7.8,NA,1974-09-04,372452100153801,119,0,c(-100.262735, 37.417412),"1974","71-0",-100.262735,37.417412,247.6426849,"198-262"
"553","Ford",-12.73,"FT DODGE",1974-02-20,374258099555701,57,0,c(-99.93613, 37.72142),"1974","71-0",-99.93613,37.72142,112.6855316,"66-131"
"554","Ford",-12.79,"FT DODGE",1974-02-28,374258099555701,57,0,c(-99.93613, 37.72142),"1974","71-0",-99.93613,37.72142,112.6855316,"66-131"
"555","Ford",-33.53,"FT DODGE",1974-07-05,374258099555701,57,0,c(-99.93613, 37.72142),"1974","71-0",-99.93613,37.72142,112.6855316,"66-131"
"556","Ford",-39.75,"FT DODGE",1974-07-20,374258099555701,57,0,c(-99.93613, 37.72142),"1974","71-0",-99.93613,37.72142,112.6855316,"66-131"
"557","Ford",-16.77,"Fort Dodge",1974-03-22,374245099563001,57,0,c(-99.94334, 37.7183),"1974","71-0",-99.94334,37.7183,94.1667099,"66-131"
"558","Gray",-127.54,"Haggard",1974-01-25,374231100154201,69,0,c(-100.26472, 37.710222),"1974","143-72",-100.26472,37.710222,70.1440582,"66-131"
"559","Ford",-12.21,"FORT DODGE",1974-03-22,374325099552401,57,0,c(-99.925748, 37.729146),"1974","71-0",-99.925748,37.729146,113.8497849,"66-131"
"560","Gray",-178.38,"Haggard",1974-01-25,373848100155901,69,0,c(-100.269121, 37.649852),"1974","215-144",-100.269121,37.649852,94.9616776,"66-131"
"561","Ford",-138.95,"SOUTH DODGE",1974-01-09,373838100053901,57,0,c(-100.096215, 37.649391),"1974","143-72",-100.096215,37.649391,19.4875145,"0-65"
"562","Ford",-138.6,"SOUTH DODGE",1974-03-21,373838100053901,57,0,c(-100.096215, 37.649391),"1974","143-72",-100.096215,37.649391,19.4875145,"0-65"
"563","Ford",-112.19,"DODGE CITY",1974-09-25,374741100070001,57,0,c(-100.118457, 37.797705),"1974","143-72",-100.118457,37.797705,104.0406189,"66-131"
"564","Ford",-134.04,"Wright",1974-09-25,374442099573601,57,0,c(-99.96068, 37.7523),"1974","143-72",-99.96068,37.7523,112.5324936,"66-131"
"565","Ford",-132.96,"Wright",1974-12-13,374442099573601,57,0,c(-99.96068, 37.7523),"1974","143-72",-99.96068,37.7523,112.5324936,"66-131"
"566","Meade",-14.99,"Lake Meade",1974-01-15,370857100234601,119,0,c(-100.398925, 37.150525),"1974","71-0",-100.398925,37.150525,122.1531601,"66-131"
"567","Ford",-97.28,"BUCKLIN",1974-01-10,373309099384901,57,0,c(-99.645121, 37.556441),"1974","143-72",-99.645121,37.556441,50.1758919,"0-65"
"568","Gray",-101.06,NA,1974-01-24,373015100245701,69,0,c(-100.416991, 37.504662),"1974","143-72",-100.416991,37.504662,108.1561279,"66-131"
"569","Meade",-95.77,NA,1974-01-16,372821100210901,119,0,c(-100.353314, 37.4739),"1974","143-72",-100.353314,37.4739,177.2412109,"132-197"
"570","Ford",-12.53,"Fort Dodge",1974-09-25,374337099572801,57,0,c(-99.96066, 37.73265),"1974","71-0",-99.96066,37.73265,113.4460983,"66-131"
"571","Ford",-13.22,"FT DODGE",1974-01-20,374258099555701,57,0,c(-99.93613, 37.72142),"1974","71-0",-99.93613,37.72142,112.6855316,"66-131"
"572","Ford",-20.76,"FT DODGE",1974-05-20,374258099555701,57,0,c(-99.93613, 37.72142),"1974","71-0",-99.93613,37.72142,112.6855316,"66-131"
"573","Ford",-19.4,"FT DODGE",1974-06-20,374258099555701,57,0,c(-99.93613, 37.72142),"1974","71-0",-99.93613,37.72142,112.6855316,"66-131"
"574","Ford",-44.64,"Fort Dodge",1974-07-01,374357099570301,57,0,c(-99.95183, 37.7382),"1974","71-0",-99.95183,37.7382,110.3349457,"66-131"
"575","Ford",-16.71,"Fort Dodge",1974-09-23,374245099563001,57,0,c(-99.94334, 37.7183),"1974","71-0",-99.94334,37.7183,94.1667099,"66-131"
"576","Ford",-21.33,"Fort Dodge",1974-09-25,374337099561401,57,0,c(-99.94031, 37.73289),"1974","71-0",-99.94031,37.73289,115.2474976,"66-131"
"577","Ford",-41.96,"Ford",1974-06-24,374048099474001,57,0,c(-99.79676, 37.686928),"1974","71-0",-99.79676,37.686928,10.7802696,"0-65"
"578","Ford",-158.74,"Spearville",1974-07-01,374725099485601,57,0,c(-99.816426, 37.797599),"1974","215-144",-99.816426,37.797599,19.3060474,"0-65"
"579","Ford",-143.8,"Wright",1974-07-01,374442099573601,57,0,c(-99.96068, 37.7523),"1974","143-72",-99.96068,37.7523,112.5324936,"66-131"
"580","Ford",-55.94,NA,1974-09-23,374632099381801,57,0,c(-99.640843, 37.782429),"1974","71-0",-99.640843,37.782429,27.2308025,"0-65"
"581","Ford",-126.11,NA,1974-02-04,374502099565501,57,0,c(-99.950468, 37.756551),"1974","143-72",-99.950468,37.756551,108.4895859,"66-131"
"582","Meade",-7.28,NA,1974-06-04,372452100153801,119,0,c(-100.262735, 37.417412),"1974","71-0",-100.262735,37.417412,247.6426849,"198-262"
"583","Meade",-8.38,NA,1974-12-16,372452100153801,119,0,c(-100.262735, 37.417412),"1974","71-0",-100.262735,37.417412,247.6426849,"198-262"
"584","Gray",-64.71,NA,1974-01-24,372909100131201,69,0,c(-100.221917, 37.488869),"1974","71-0",-100.221917,37.488869,82.0307846,"66-131"
"585","Ford",-30.78,"Fort Dodge",1974-07-01,374337099572801,57,0,c(-99.96066, 37.73265),"1974","71-0",-99.96066,37.73265,113.4460983,"66-131"
"586","Ford",-12.97,"FT DODGE",1974-02-15,374258099555701,57,0,c(-99.93613, 37.72142),"1974","71-0",-99.93613,37.72142,112.6855316,"66-131"
"587","Ford",-18.25,"FT DODGE",1974-05-05,374258099555701,57,0,c(-99.93613, 37.72142),"1974","71-0",-99.93613,37.72142,112.6855316,"66-131"
"588","Ford",-11.26,"FT DODGE",1974-11-10,374258099555701,57,0,c(-99.93613, 37.72142),"1974","71-0",-99.93613,37.72142,112.6855316,"66-131"
"589","Ford",-10.1,"FT DODGE",1974-12-05,374258099555701,57,0,c(-99.93613, 37.72142),"1974","71-0",-99.93613,37.72142,112.6855316,"66-131"
"590","Ford",-75.24,"FORT DODGE",1974-03-22,374146099570301,57,0,c(-99.952925, 37.702138),"1974","143-72",-99.952925,37.702138,25.459568,"0-65"
"591","Ford",-38.8,"Fort Dodge",1974-07-01,374356099573601,57,0,c(-99.96165, 37.73894),"1974","71-0",-99.96165,37.73894,117.9625092,"66-131"
"592","Ford",-11.3,"Ford",1974-09-23,374048099474001,57,0,c(-99.79676, 37.686928),"1974","71-0",-99.79676,37.686928,10.7802696,"0-65"
"593","Gray",-174.81,NA,1974-12-16,373947100134201,69,0,c(-100.229896, 37.665458),"1974","215-144",-100.229896,37.665458,81.9244995,"66-131"
"594","Ford",-117.09,"DODGE CITY",1974-12-30,374741100070001,57,0,c(-100.118457, 37.797705),"1974","143-72",-100.118457,37.797705,104.0406189,"66-131"
"595","Ford",-13.42,NA,1974-12-30,374409099590601,57,0,c(-99.986541, 37.742528),"1974","71-0",-99.986541,37.742528,128.8480835,"66-131"
"596","Ford",-45.11,NA,1974-03-22,374435099585801,57,0,c(-99.984481, 37.749776),"1974","71-0",-99.984481,37.749776,124.2810364,"66-131"
"597","Ford",-134.7,NA,1974-02-04,374449099561401,57,0,c(-99.939131, 37.752843),"1974","143-72",-99.939131,37.752843,107.038765,"66-131"
"598","Ford",-40.27,NA,1974-02-04,374416099573602,57,0,c(-99.961775, 37.744039),"1974","71-0",-99.961775,37.744039,118.7692566,"66-131"
"599","Gray",-30,"Cimarron",1974-01-24,374502100153401,69,0,c(-100.26082, 37.753572),"1974","71-0",-100.26082,37.753572,111.3285828,"66-131"
"600","Ford",-13.24,"FT DODGE",1974-01-31,374258099555701,57,0,c(-99.93613, 37.72142),"1974","71-0",-99.93613,37.72142,112.6855316,"66-131"
"601","Ford",-10.95,"FT DODGE",1974-04-15,374258099555701,57,0,c(-99.93613, 37.72142),"1974","71-0",-99.93613,37.72142,112.6855316,"66-131"
"602","Ford",-31.87,"FT DODGE",1974-06-30,374258099555701,57,0,c(-99.93613, 37.72142),"1974","71-0",-99.93613,37.72142,112.6855316,"66-131"
"603","Ford",-12.8,"FT DODGE",1974-11-05,374258099555701,57,0,c(-99.93613, 37.72142),"1974","71-0",-99.93613,37.72142,112.6855316,"66-131"
"604","Ford",-27.35,"Fort Dodge",1974-12-13,374357099570301,57,0,c(-99.95183, 37.7382),"1974","71-0",-99.95183,37.7382,110.3349457,"66-131"
"605","Ford",-23.64,NA,1974-02-04,374356099575201,57,0,c(-99.966277, 37.738652),"1974","71-0",-99.966277,37.738652,121.3067169,"66-131"
"606","Ford",-23.88,NA,1974-06-24,374107099403501,57,0,c(-99.679174, 37.691594),"1974","71-0",-99.679174,37.691594,22.7234497,"0-65"
"607","Ford",-21.33,"Fort Dodge",1974-01-10,374245099563001,57,0,c(-99.94334, 37.7183),"1974","71-0",-99.94334,37.7183,94.1667099,"66-131"
"608","Ford",-19.4,"Fort Dodge",1974-12-13,374337099561401,57,0,c(-99.94031, 37.73289),"1974","71-0",-99.94031,37.73289,115.2474976,"66-131"
"609","Ford",-141.03,"SOUTH DODGE",1974-09-23,373838100053901,57,0,c(-100.096215, 37.649391),"1974","143-72",-100.096215,37.649391,19.4875145,"0-65"
"610","Ford",-157,NA,1974-02-04,374725099492001,57,0,c(-99.822733, 37.797185),"1974","215-144",-99.822733,37.797185,22.8222675,"0-65"
"611","Ford",-14.01,NA,1974-02-05,374409099590601,57,0,c(-99.986541, 37.742528),"1974","71-0",-99.986541,37.742528,128.8480835,"66-131"
"612","Ford",-7.39,NA,1974-03-22,374445100025501,57,0,c(-100.050218, 37.750143),"1974","71-0",-100.050218,37.750143,124.1207733,"66-131"
"613","Ford",-38.82,NA,1974-12-30,374416099573602,57,0,c(-99.961775, 37.744039),"1974","71-0",-99.961775,37.744039,118.7692566,"66-131"
"614","Meade",-14.01,"Lake Meade",1974-03-19,370857100234601,119,0,c(-100.398925, 37.150525),"1974","71-0",-100.398925,37.150525,122.1531601,"66-131"
"615","Meade",-18.31,"Lake Meade",1974-09-04,370857100234601,119,0,c(-100.398925, 37.150525),"1974","71-0",-100.398925,37.150525,122.1531601,"66-131"
"616","Meade",-66.38,"Meade",1974-09-04,371732100214701,119,0,c(-100.363724, 37.292754),"1974","71-0",-100.363724,37.292754,267.1750183,"263-328"
"617","Meade",-44.2,NA,1974-01-16,372743100162501,119,0,c(-100.276361, 37.464943),"1974","71-0",-100.276361,37.464943,189.6363831,"132-197"
"618","Ford",-11.24,"Fort Dodge",1974-12-13,374337099572801,57,0,c(-99.96066, 37.73265),"1974","71-0",-99.96066,37.73265,113.4460983,"66-131"
"619","Ford",-13.07,"FT DODGE",1974-02-10,374258099555701,57,0,c(-99.93613, 37.72142),"1974","71-0",-99.93613,37.72142,112.6855316,"66-131"
"620","Ford",-12.78,"FT DODGE",1974-02-25,374258099555701,57,0,c(-99.93613, 37.72142),"1974","71-0",-99.93613,37.72142,112.6855316,"66-131"
"621","Ford",-11.36,"FT DODGE",1974-03-31,374258099555701,57,0,c(-99.93613, 37.72142),"1974","71-0",-99.93613,37.72142,112.6855316,"66-131"
"622","Ford",-13.85,"FT DODGE",1974-08-25,374258099555701,57,0,c(-99.93613, 37.72142),"1974","71-0",-99.93613,37.72142,112.6855316,"66-131"
"623","Ford",-9.5,"FT DODGE",1974-09-05,374258099555701,57,0,c(-99.93613, 37.72142),"1974","71-0",-99.93613,37.72142,112.6855316,"66-131"
"624","Ford",-10.73,"FT DODGE",1974-09-10,374258099555701,57,0,c(-99.93613, 37.72142),"1974","71-0",-99.93613,37.72142,112.6855316,"66-131"
"625","Ford",-10.74,"FT DODGE",1974-09-15,374258099555701,57,0,c(-99.93613, 37.72142),"1974","71-0",-99.93613,37.72142,112.6855316,"66-131"
"626","Ford",-10.32,"FT DODGE",1974-09-25,374258099555701,57,0,c(-99.93613, 37.72142),"1974","71-0",-99.93613,37.72142,112.6855316,"66-131"
"627","Gray",-81.68,NA,1974-01-25,374307100165901,69,0,c(-100.285684, 37.720832),"1974","143-72",-100.285684,37.720832,58.2570267,"0-65"
"628","Ford",-19.56,"Fort Dodge",1974-12-13,374356099573601,57,0,c(-99.96165, 37.73894),"1974","71-0",-99.96165,37.73894,117.9625092,"66-131"
"629","Ford",-34.84,"Fort Dodge",1974-07-01,374337099561401,57,0,c(-99.94031, 37.73289),"1974","71-0",-99.94031,37.73289,115.2474976,"66-131"
"630","Ford",-144.72,"SOUTH DODGE",1974-12-30,373838100053901,57,0,c(-100.096215, 37.649391),"1974","215-144",-100.096215,37.649391,19.4875145,"0-65"
"631","Ford",-156.42,"Spearville",1974-12-26,374725099485601,57,0,c(-99.816426, 37.797599),"1974","215-144",-99.816426,37.797599,19.3060474,"0-65"
"632","Ford",-23.96,NA,1974-02-04,374416099575301,57,0,c(-99.966277, 37.7441),"1974","71-0",-99.966277,37.7441,121.7591782,"66-131"
"633","Ford",-32.56,NA,1974-02-04,374409099573601,57,0,c(-99.961714, 37.742223),"1974","71-0",-99.961714,37.742223,118.7092514,"66-131"
"634","Ford",-35.27,"BELLEFONT",1974-02-04,374535099433401,57,0,c(-99.729469, 37.766041),"1974","71-0",-99.729469,37.766041,24.8669586,"0-65"
"635","Meade",-4.95,NA,1974-01-16,372452100153801,119,0,c(-100.262735, 37.417412),"1974","71-0",-100.262735,37.417412,247.6426849,"198-262"
"636","Gray",-101.44,"Meade NW",1974-09-04,372922100232701,69,0,c(-100.392625, 37.489343),"1974","143-72",-100.392625,37.489343,137.8440857,"132-197"
"637","Meade",-20.86,"Fowler",1974-01-16,372746100103701,119,0,c(-100.180021, 37.467837),"1974","71-0",-100.180021,37.467837,131.9551392,"66-131"
"638","Ford",-13.45,"Fort Dodge",1974-03-22,374337099572801,57,0,c(-99.96066, 37.73265),"1974","71-0",-99.96066,37.73265,113.4460983,"66-131"
"639","Ford",-13.05,"FT DODGE",1974-02-05,374258099555701,57,0,c(-99.93613, 37.72142),"1974","71-0",-99.93613,37.72142,112.6855316,"66-131"
"640","Ford",-11.6,"FT DODGE",1974-04-05,374258099555701,57,0,c(-99.93613, 37.72142),"1974","71-0",-99.93613,37.72142,112.6855316,"66-131"
"641","Ford",-10.24,"FT DODGE",1974-10-05,374258099555701,57,0,c(-99.93613, 37.72142),"1974","71-0",-99.93613,37.72142,112.6855316,"66-131"
"642","Ford",-20.07,NA,1974-12-30,374356099575201,57,0,c(-99.966277, 37.738652),"1974","71-0",-99.966277,37.738652,121.3067169,"66-131"
"643","Ford",-31.89,"Fort Dodge",1974-07-01,374245099563001,57,0,c(-99.94334, 37.7183),"1974","71-0",-99.94334,37.7183,94.1667099,"66-131"
"644","Ford",-15.04,NA,1974-02-05,374403099581701,57,0,c(-99.972991, 37.74056),"1974","71-0",-99.972991,37.74056,126.4180679,"66-131"
"645","Ford",-120.24,NA,1974-02-04,374713099443101,57,0,c(-99.745323, 37.793171),"1974","143-72",-99.745323,37.793171,10,"0-65"
"646","Ford",-127.58,NA,1974-12-26,374713099443101,57,0,c(-99.745323, 37.793171),"1974","143-72",-99.745323,37.793171,10,"0-65"
"647","Ford",-11.32,NA,1974-12-30,374445100025501,57,0,c(-100.050218, 37.750143),"1974","71-0",-100.050218,37.750143,124.1207733,"66-131"
"648","Ford",-124,NA,1974-12-30,374502099565501,57,0,c(-99.950468, 37.756551),"1974","143-72",-99.950468,37.756551,108.4895859,"66-131"
"649","Ford",-150.4,NA,1974-12-30,374515099573001,57,0,c(-99.966459, 37.76035),"1974","215-144",-99.966459,37.76035,107.7739182,"66-131"
"650","Ford",-22.08,NA,1974-03-22,374409099575301,57,0,c(-99.966277, 37.742284),"1974","71-0",-99.966277,37.742284,121.8383636,"66-131"
"651","Ford",-25.06,NA,1974-02-05,374409099581701,57,0,c(-99.973052, 37.742391),"1974","71-0",-99.973052,37.742391,126.1410141,"66-131"
"652","Meade",-66.79,"Meade",1974-06-04,371732100214701,119,0,c(-100.363724, 37.292754),"1974","71-0",-100.363724,37.292754,267.1750183,"263-328"
"653","Ford",-96.9,"BUCKLIN",1974-03-21,373309099384901,57,0,c(-99.645121, 37.556441),"1974","143-72",-99.645121,37.556441,50.1758919,"0-65"
"654","Gray",-144.9,NA,1974-01-24,373557100235102,69,0,c(-100.398664, 37.599541),"1974","215-144",-100.398664,37.599541,34.8109207,"0-65"
"655","Ford",-64.85,"ENSIGN SW",1974-09-04,372957100110901,57,0,c(-100.189519, 37.503852),"1974","71-0",-100.189519,37.503852,67.9057083,"66-131"
"656","Clark",-143.54,"Simmons Creek",1974-12-17,372758099520401,25,0,c(-99.870362, 37.469129),"1974","143-72",-99.870362,37.469129,26.752758,"0-65"
"657","Ford",-14.02,"FT DODGE",1974-03-10,374258099555701,57,0,c(-99.93613, 37.72142),"1974","71-0",-99.93613,37.72142,112.6855316,"66-131"
"658","Ford",-20.73,"FT DODGE",1974-04-25,374258099555701,57,0,c(-99.93613, 37.72142),"1974","71-0",-99.93613,37.72142,112.6855316,"66-131"
"659","Ford",-15.34,"FT DODGE",1974-05-25,374258099555701,57,0,c(-99.93613, 37.72142),"1974","71-0",-99.93613,37.72142,112.6855316,"66-131"
"660","Ford",-10.3,"FT DODGE",1974-08-31,374258099555701,57,0,c(-99.93613, 37.72142),"1974","71-0",-99.93613,37.72142,112.6855316,"66-131"
"661","Ford",-14.95,"FT DODGE",1974-10-25,374258099555701,57,0,c(-99.93613, 37.72142),"1974","71-0",-99.93613,37.72142,112.6855316,"66-131"
"662","Ford",-21.43,NA,1974-12-30,374356099572801,57,0,c(-99.95944, 37.738576),"1974","71-0",-99.95944,37.738576,116.1989212,"66-131"
"663","Ford",-29.39,"Fort Dodge",1974-09-25,374357099570301,57,0,c(-99.95183, 37.7382),"1974","71-0",-99.95183,37.7382,110.3349457,"66-131"
"664","Ford",-24.95,NA,1974-02-05,374422099580101,57,0,c(-99.968612, 37.745931),"1974","71-0",-99.968612,37.745931,121.3103714,"66-131"
"665","Ford",-25.46,NA,1974-12-30,374409099581702,57,0,c(-99.973052, 37.742391),"1974","71-0",-99.973052,37.742391,126.1410141,"66-131"
"666","Meade",-64.78,"Meade",1974-03-19,371732100214701,119,0,c(-100.363724, 37.292754),"1974","71-0",-100.363724,37.292754,267.1750183,"263-328"
"667","Meade",-116.12,NA,1974-01-16,372200100214001,119,0,c(-100.363124, 37.368444),"1974","143-72",-100.363124,37.368444,278.7911987,"263-328"
"668","Ford",-9.93,"FT DODGE",1974-03-25,374258099555701,57,0,c(-99.93613, 37.72142),"1974","71-0",-99.93613,37.72142,112.6855316,"66-131"
"669","Ford",-12.92,"FT DODGE",1974-08-15,374258099555701,57,0,c(-99.93613, 37.72142),"1974","71-0",-99.93613,37.72142,112.6855316,"66-131"
"670","Ford",-16.79,NA,1974-03-22,374356099581701,57,0,c(-99.97293, 37.738744),"1974","71-0",-99.97293,37.738744,126.1333771,"66-131"
"671","Gray",-78.49,"Haggard",1974-01-25,374251100182601,69,0,c(-100.310072, 37.716172),"1974","143-72",-100.310072,37.716172,38.9836464,"0-65"
"672","Gray",-165.95,NA,1974-01-25,373947100134201,69,0,c(-100.229896, 37.665458),"1974","215-144",-100.229896,37.665458,81.9244995,"66-131"
"673","Ford",-108.51,"DODGE CITY",1974-03-22,374741100070001,57,0,c(-100.118457, 37.797705),"1974","143-72",-100.118457,37.797705,104.0406189,"66-131"
"674","Ford",-38.42,"BELLEFONT",1974-12-26,374535099433401,57,0,c(-99.729469, 37.766041),"1974","71-0",-99.729469,37.766041,24.8669586,"0-65"
"675","Clark",-14.06,"ASHLAND",1974-12-17,370822099452801,25,0,c(-99.75901, 37.137063),"1974","71-0",-99.75901,37.137063,NA,NA
"676","Meade",-19.99,"Lake Meade",1974-12-16,370857100234601,119,0,c(-100.398925, 37.150525),"1974","71-0",-100.398925,37.150525,122.1531601,"66-131"
"677","Meade",-66.15,"Meade",1974-01-15,371732100214701,119,0,c(-100.363724, 37.292754),"1974","71-0",-100.363724,37.292754,267.1750183,"263-328"
"678","Ford",-98.2,"BUCKLIN",1974-09-18,373309099384901,57,0,c(-99.645121, 37.556441),"1974","143-72",-99.645121,37.556441,50.1758919,"0-65"
"679","Ford",-62.6,"ENSIGN SW",1974-12-16,372957100110901,57,0,c(-100.189519, 37.503852),"1974","71-0",-100.189519,37.503852,67.9057083,"66-131"
"680","Ford",-13.05,"FT DODGE",1974-01-10,374258099555701,57,0,c(-99.93613, 37.72142),"1974","71-0",-99.93613,37.72142,112.6855316,"66-131"
"681","Ford",-11.23,"FT DODGE",1974-04-10,374258099555701,57,0,c(-99.93613, 37.72142),"1974","71-0",-99.93613,37.72142,112.6855316,"66-131"
"682","Ford",-25.84,"FT DODGE",1974-06-25,374258099555701,57,0,c(-99.93613, 37.72142),"1974","71-0",-99.93613,37.72142,112.6855316,"66-131"
"683","Ford",-8.94,"FT DODGE",1974-12-15,374258099555701,57,0,c(-99.93613, 37.72142),"1974","71-0",-99.93613,37.72142,112.6855316,"66-131"
"684","Ford",-21.46,"Fort Dodge",1974-03-22,374356099573601,57,0,c(-99.96165, 37.73894),"1974","71-0",-99.96165,37.73894,117.9625092,"66-131"
"685","Ford",-28.84,"Fort Dodge",1974-07-01,374356099584201,57,0,c(-99.980911, 37.73847),"1974","71-0",-99.980911,37.73847,129.3744202,"66-131"
"686","Ford",-168.67,"Spearville",1974-09-25,374725099485601,57,0,c(-99.816426, 37.797599),"1974","215-144",-99.816426,37.797599,19.3060474,"0-65"
"687","Ford",-11.64,NA,1974-02-05,374415099584201,57,0,c(-99.979888, 37.744283),"1974","71-0",-99.979888,37.744283,126.486824,"66-131"
"688","Ford",-140.12,NA,1974-12-30,374449099561401,57,0,c(-99.939131, 37.752843),"1974","143-72",-99.939131,37.752843,107.038765,"66-131"
"689","Ford",-34.36,NA,1974-12-30,374422099582501,57,0,c(-99.975387, 37.746007),"1974","71-0",-99.975387,37.746007,124.4043732,"66-131"
"690","Meade",-4.9,NA,1974-03-19,372452100153801,119,0,c(-100.262735, 37.417412),"1974","71-0",-100.262735,37.417412,247.6426849,"198-262"
"691","Ford",-13.1,"FT DODGE",1974-01-05,374258099555701,57,0,c(-99.93613, 37.72142),"1974","71-0",-99.93613,37.72142,112.6855316,"66-131"
"692","Ford",-19.83,"FT DODGE",1974-05-10,374258099555701,57,0,c(-99.93613, 37.72142),"1974","71-0",-99.93613,37.72142,112.6855316,"66-131"
"693","Ford",-13.52,"FT DODGE",1974-05-31,374258099555701,57,0,c(-99.93613, 37.72142),"1974","71-0",-99.93613,37.72142,112.6855316,"66-131"
"694","Ford",-11.05,"FT DODGE",1974-11-20,374258099555701,57,0,c(-99.93613, 37.72142),"1974","71-0",-99.93613,37.72142,112.6855316,"66-131"
"695","Ford",-16.39,"Fort Dodge",1974-12-30,374245099563001,57,0,c(-99.94334, 37.7183),"1974","71-0",-99.94334,37.7183,94.1667099,"66-131"
"696","Ford",-22.53,"Fort Dodge",1974-03-22,374337099561401,57,0,c(-99.94031, 37.73289),"1974","71-0",-99.94031,37.73289,115.2474976,"66-131"
"697","Gray",-72,"Montezuma NW",1974-01-25,374001100254501,69,0,c(-100.429154, 37.66772),"1974","143-72",-100.429154,37.66772,64.2111588,"0-65"
"698","Ford",-25.57,NA,1974-03-22,374409099582501,57,0,c(-99.975326, 37.742406),"1974","71-0",-99.975326,37.742406,126.8115005,"66-131"
"699","Ford",-54.9,NA,1974-06-24,374632099381801,57,0,c(-99.640843, 37.782429),"1974","71-0",-99.640843,37.782429,27.2308025,"0-65"
"700","Gray",-89.45,NA,1974-01-24,373108100255401,69,0,c(-100.432617, 37.519341),"1974","143-72",-100.432617,37.519341,79.9924774,"66-131"
"701","Meade",-112.12,"Meade NW",1974-01-16,372638100241701,119,0,c(-100.406626, 37.443653),"1974","143-72",-100.406626,37.443653,303.5758057,"263-328"
"702","Gray",-98.7,"Meade NW",1974-06-04,372922100232701,69,0,c(-100.392625, 37.489343),"1974","143-72",-100.392625,37.489343,137.8440857,"132-197"
"703","Gray",-94.4,"Meade NE",1974-01-24,372942100192201,69,0,c(-100.322623, 37.496793),"1974","143-72",-100.322623,37.496793,149.5657501,"132-197"
"704","Clark",-140.06,"Simmons Creek",1974-01-09,372758099520401,25,0,c(-99.870362, 37.469129),"1974","143-72",-99.870362,37.469129,26.752758,"0-65"
"705","Ford",-10.21,"FT DODGE",1974-06-10,374258099555701,57,0,c(-99.93613, 37.72142),"1974","71-0",-99.93613,37.72142,112.6855316,"66-131"
"706","Ford",-11.9,"FT DODGE",1974-10-20,374258099555701,57,0,c(-99.93613, 37.72142),"1974","71-0",-99.93613,37.72142,112.6855316,"66-131"
"707","Ford",-75.12,"FORT DODGE",1974-12-30,374146099570301,57,0,c(-99.952925, 37.702138),"1974","143-72",-99.952925,37.702138,25.459568,"0-65"
"708","Ford",-13.05,"Fort Dodge",1974-03-22,374356099584201,57,0,c(-99.980911, 37.73847),"1974","71-0",-99.980911,37.73847,129.3744202,"66-131"
"709","Ford",-12.56,"Fort Dodge",1974-12-13,374356099584201,57,0,c(-99.980911, 37.73847),"1974","71-0",-99.980911,37.73847,129.3744202,"66-131"
"710","Ford",-29.9,"Fort Dodge",1974-03-22,374357099570301,57,0,c(-99.95183, 37.7382),"1974","71-0",-99.95183,37.7382,110.3349457,"66-131"
"711","Ford",-22.49,NA,1974-03-21,374107099403501,57,0,c(-99.679174, 37.691594),"1974","71-0",-99.679174,37.691594,22.7234497,"0-65"
"712","Ford",-7,"Ford",1974-12-30,374048099474001,57,0,c(-99.79676, 37.686928),"1974","71-0",-99.79676,37.686928,10.7802696,"0-65"
"713","Gray",-9.55,"Dodge City SW",1974-01-24,374727100134801,69,0,c(-100.232154, 37.792593),"1974","71-0",-100.232154,37.792593,158.4327393,"132-197"
"714","Ford",-29,NA,1974-02-04,374410099571101,57,0,c(-99.955, 37.742177),"1974","71-0",-99.955,37.742177,114.1401596,"66-131"
"715","Ford",-52.87,NA,1974-12-30,374632099381801,57,0,c(-99.640843, 37.782429),"1974","71-0",-99.640843,37.782429,27.2308025,"0-65"
"716","Ford",-25.94,NA,1974-12-30,374416099575301,57,0,c(-99.966277, 37.7441),"1974","71-0",-99.966277,37.7441,121.7591782,"66-131"
"717","Ford",-145.05,NA,1974-12-30,374423099562201,57,0,c(-99.941374, 37.745656),"1974","215-144",-99.941374,37.745656,111.1482468,"66-131"
"718","Ford",-23.63,NA,1974-12-30,374409099581701,57,0,c(-99.973052, 37.742391),"1974","71-0",-99.973052,37.742391,126.1410141,"66-131"
"719","Clark",-16.97,"ASHLAND",1974-06-26,370822099452801,25,0,c(-99.75901, 37.137063),"1974","71-0",-99.75901,37.137063,NA,NA
"720","Meade",-18.83,"Lake Meade",1974-06-04,370857100234601,119,0,c(-100.398925, 37.150525),"1974","71-0",-100.398925,37.150525,122.1531601,"66-131"
"721","Meade",-14.68,NA,1974-01-16,372316100125001,119,0,c(-100.215142, 37.391809),"1974","71-0",-100.215142,37.391809,182.7376556,"132-197"
"722","Meade",-5.26,"Meade NE",1974-03-19,372307100171401,119,0,c(-100.289022, 37.387604),"1974","71-0",-100.289022,37.387604,267.9714966,"263-328"
"723","Meade",-6.59,"Meade NE",1974-09-04,372307100171401,119,0,c(-100.289022, 37.387604),"1974","71-0",-100.289022,37.387604,267.9714966,"263-328"
"724","Ford",-97.31,"BUCKLIN",1974-06-26,373309099384901,57,0,c(-99.645121, 37.556441),"1974","143-72",-99.645121,37.556441,50.1758919,"0-65"
"725","Meade",-20.72,NA,1974-01-16,372620100114301,119,0,c(-100.197425, 37.443184),"1974","71-0",-100.197425,37.443184,153.104126,"132-197"
"726","Ford",-13.07,"FT DODGE",1974-01-15,374258099555701,57,0,c(-99.93613, 37.72142),"1974","71-0",-99.93613,37.72142,112.6855316,"66-131"
"727","Ford",-9.18,"FT DODGE",1974-03-20,374258099555701,57,0,c(-99.93613, 37.72142),"1974","71-0",-99.93613,37.72142,112.6855316,"66-131"
"728","Ford",-28.92,"FT DODGE",1974-05-15,374258099555701,57,0,c(-99.93613, 37.72142),"1974","71-0",-99.93613,37.72142,112.6855316,"66-131"
"729","Ford",-10.58,"FT DODGE",1974-10-10,374258099555701,57,0,c(-99.93613, 37.72142),"1974","71-0",-99.93613,37.72142,112.6855316,"66-131"
"730","Ford",-1.4,"Ford",1974-03-21,374048099474001,57,0,c(-99.79676, 37.686928),"1974","71-0",-99.79676,37.686928,10.7802696,"0-65"
"731","Gray",-21.39,"Cimarron",1974-01-24,374820100220502,69,0,c(-100.365623, 37.806572),"1974","71-0",-100.365623,37.806572,118.4034882,"66-131"
"732","Ford",-138.36,NA,1974-02-04,374653099485601,57,0,c(-99.815897, 37.788045),"1974","143-72",-99.815897,37.788045,26.8161926,"0-65"
"733","Ford",-134.7,"Wright",1974-03-22,374442099573601,57,0,c(-99.96068, 37.7523),"1974","143-72",-99.96068,37.7523,112.5324936,"66-131"
"734","Ford",-25.85,NA,1974-02-05,374416099581701,57,0,c(-99.973113, 37.744176),"1974","71-0",-99.973113,37.744176,125.8509827,"66-131"
"735","Meade",-81.37,"Lake Meade",1974-01-15,370819100250601,119,0,c(-100.420206, 37.139455),"1974","143-72",-100.420206,37.139455,155.6967316,"132-197"
"736","Meade",-154.33,"Missler",1974-01-15,371938100250102,119,0,c(-100.417226, 37.328853),"1974","215-144",-100.417226,37.328853,230.3470001,"198-262"
"737","Meade",-7.01,"Meade NE",1974-12-16,372307100171401,119,0,c(-100.289022, 37.387604),"1974","71-0",-100.289022,37.387604,267.9714966,"263-328"
"738","Gray",-98,"Meade NW",1974-01-24,372922100232701,69,0,c(-100.392625, 37.489343),"1974","143-72",-100.392625,37.489343,137.8440857,"132-197"
"739","Ford",-61.1,"ENSIGN SW",1974-03-19,372957100110901,57,0,c(-100.189519, 37.503852),"1974","71-0",-100.189519,37.503852,67.9057083,"66-131"
"740","Ford",-19.6,"FT DODGE",1974-08-20,374258099555701,57,0,c(-99.93613, 37.72142),"1974","71-0",-99.93613,37.72142,112.6855316,"66-131"
"741","Ford",-10.52,"FT DODGE",1974-09-30,374258099555701,57,0,c(-99.93613, 37.72142),"1974","71-0",-99.93613,37.72142,112.6855316,"66-131"
"742","Ford",-10.4,"FT DODGE",1974-10-15,374258099555701,57,0,c(-99.93613, 37.72142),"1974","71-0",-99.93613,37.72142,112.6855316,"66-131"
"743","Ford",-14.12,"FT DODGE",1974-10-31,374258099555701,57,0,c(-99.93613, 37.72142),"1974","71-0",-99.93613,37.72142,112.6855316,"66-131"
"744","Ford",-11.25,"FT DODGE",1974-11-25,374258099555701,57,0,c(-99.93613, 37.72142),"1974","71-0",-99.93613,37.72142,112.6855316,"66-131"
"745","Ford",-8.92,"FT DODGE",1974-12-20,374258099555701,57,0,c(-99.93613, 37.72142),"1974","71-0",-99.93613,37.72142,112.6855316,"66-131"
"746","Ford",-45.7,NA,1974-07-01,374409099582501,57,0,c(-99.975326, 37.742406),"1974","71-0",-99.975326,37.742406,126.8115005,"66-131"
"747","Ford",-13.06,NA,1974-12-30,374415099584201,57,0,c(-99.979888, 37.744283),"1974","71-0",-99.979888,37.744283,126.486824,"66-131"
"748","Meade",-5.3,NA,1974-01-15,371534100203501,119,0,c(-100.343319, 37.261041),"1974","71-0",-100.343319,37.261041,175.2472382,"132-197"
"749","Ford",-97.41,"BUCKLIN",1974-12-17,373309099384901,57,0,c(-99.645121, 37.556441),"1974","143-72",-99.645121,37.556441,50.1758919,"0-65"
"750","Clark",-140.09,"Simmons Creek",1974-03-21,372758099520401,25,0,c(-99.870362, 37.469129),"1974","143-72",-99.870362,37.469129,26.752758,"0-65"
"751","Ford",-13.27,"FT DODGE",1974-01-25,374258099555701,57,0,c(-99.93613, 37.72142),"1974","71-0",-99.93613,37.72142,112.6855316,"66-131"
"752","Ford",-20.67,"FT DODGE",1974-04-20,374258099555701,57,0,c(-99.93613, 37.72142),"1974","71-0",-99.93613,37.72142,112.6855316,"66-131"
"753","Ford",-19.22,"FT DODGE",1974-06-05,374258099555701,57,0,c(-99.93613, 37.72142),"1974","71-0",-99.93613,37.72142,112.6855316,"66-131"
"754","Ford",-35.6,"FT DODGE",1974-07-10,374258099555701,57,0,c(-99.93613, 37.72142),"1974","71-0",-99.93613,37.72142,112.6855316,"66-131"
"755","Ford",-112.17,"FORT DODGE",1974-07-01,374146099570301,57,0,c(-99.952925, 37.702138),"1974","143-72",-99.952925,37.702138,25.459568,"0-65"
"756","Ford",-76.9,"FORT DODGE",1974-09-23,374146099570301,57,0,c(-99.952925, 37.702138),"1974","143-72",-99.952925,37.702138,25.459568,"0-65"
"757","Ford",-11.76,"Fort Dodge",1974-09-25,374356099584201,57,0,c(-99.980911, 37.73847),"1974","71-0",-99.980911,37.73847,129.3744202,"66-131"
"758","Gray",-4.26,"Cimarron",1974-01-24,374714100182601,69,0,c(-100.309471, 37.788222),"1974","71-0",-100.309471,37.788222,114.0354538,"66-131"
"759","Ford",-19.31,NA,1974-09-25,374409099582501,57,0,c(-99.975326, 37.742406),"1974","71-0",-99.975326,37.742406,126.8115005,"66-131"
"760","Gray",-62.23,"Montezuma NW",1974-01-25,374411100235101,69,0,c(-100.397325, 37.736802),"1974","71-0",-100.397325,37.736802,74.1534042,"66-131"
"761","Kiowa",-18.04,"Haviland NW",1974-09-18,374201099135401,97,0,c(-99.231897, 37.704226),"1974","71-0",-99.231897,37.704226,160.9939423,"132-197"
"762","Edwards",-39.1,"CENTERVIEW",1974-03-21,374803099205401,47,0,c(-99.34866, 37.805803),"1974","71-0",-99.34866,37.805803,125.8967896,"66-131"
"763","Barber",-71.14,"SUN CITY SW",1974-02-01,372003098594401,7,0,c(-98.995933, 37.33419),"1974","71-0",-98.995933,37.33419,NA,NA
"764","Pratt",-15.8,"Cullison",1974-01-01,374443098525301,151,0,c(-98.880747, 37.74581),"1974","71-0",-98.880747,37.74581,184.9398346,"132-197"
"765","Kiowa",-11.37,"Greensburg NE",1974-09-18,374117099193001,97,0,c(-99.327225, 37.689574),"1974","71-0",-99.327225,37.689574,119.6671371,"66-131"
"766","Kiowa",-39.9,"GREENSBURG NW",1974-03-15,374001099282201,97,0,c(-99.472002, 37.67134),"1974","71-0",-99.472002,37.67134,98.6210709,"66-131"
"767","Pratt",-14.01,NA,1974-03-15,374648098522901,151,0,c(-98.875542, 37.779711),"1974","71-0",-98.875542,37.779711,180.2862091,"132-197"
"768","Kiowa",-10.3,"Greensburg NE",1974-03-15,374117099193001,97,0,c(-99.327225, 37.689574),"1974","71-0",-99.327225,37.689574,119.6671371,"66-131"
"769","Edwards",-38.16,"CENTERVIEW",1974-12-18,374803099210201,47,0,c(-99.350979, 37.805849),"1974","71-0",-99.350979,37.805849,125.1034698,"66-131"
"770","Pratt",-14.38,NA,1974-12-18,374648098522901,151,0,c(-98.875542, 37.779711),"1974","71-0",-98.875542,37.779711,180.2862091,"132-197"
"771","Edwards",-18.5,"Fellsburg",1974-01-01,374715099133901,47,0,c(-99.227573, 37.788213),"1974","71-0",-99.227573,37.788213,171.297699,"132-197"
"772","Kiowa",-58.6,"Bucklin SE",1974-01-01,373626099303901,97,0,c(-99.51117, 37.61124),"1974","71-0",-99.51117,37.61124,57.5279121,"0-65"
"773","Barber",-14.67,"AETNA",1974-02-01,370522098575401,7,0,c(-98.966, 37.088621),"1974","71-0",-98.966,37.088621,NA,NA
"774","Barber",-15.89,"AETNA",1974-12-17,370522098575401,7,0,c(-98.966, 37.088621),"1974","71-0",-98.966,37.088621,NA,NA
"775","Barber",-1.52,"AETNA",1974-02-01,370456098590801,7,0,c(-98.986097, 37.081174),"1974","71-0",-98.986097,37.081174,NA,NA
"776","Comanche",-72.68,"COLDWATER",1974-06-26,371958099190101,33,0,c(-99.316574, 37.333281),"1974","143-72",-99.316574,37.333281,25,"0-65"
"777","Kiowa",-11.67,"Greensburg NE",1974-12-18,374117099193001,97,0,c(-99.327225, 37.689574),"1974","71-0",-99.327225,37.689574,119.6671371,"66-131"
"778","Ford",-6.2,NA,1974-06-24,374559099343801,57,0,c(-99.579302, 37.773639),"1974","71-0",-99.579302,37.773639,45.1436691,"0-65"
"779","Edwards",-16.7,"Greensburg NE",1974-01-01,374419099152501,47,0,c(-99.25934, 37.742285),"1974","71-0",-99.25934,37.742285,158.3612213,"132-197"
"780","Comanche",-69.24,"COLDWATER",1974-12-17,371958099190101,33,0,c(-99.316574, 37.333281),"1974","71-0",-99.316574,37.333281,25,"0-65"
"781","Kiowa",-18.44,"Haviland NW",1974-12-18,374201099135401,97,0,c(-99.231897, 37.704226),"1974","71-0",-99.231897,37.704226,160.9939423,"132-197"
"782","Pratt",-14.08,NA,1974-09-18,374648098522901,151,0,c(-98.875542, 37.779711),"1974","71-0",-98.875542,37.779711,180.2862091,"132-197"
"783","Barber",-102.56,"AETNA",1974-02-01,370047098552901,7,0,c(-98.926507, 37.011351),"1974","143-72",-98.926507,37.011351,NA,NA
"784","Kiowa",-40.47,"GREENSBURG NW",1974-09-18,374001099282201,97,0,c(-99.472002, 37.67134),"1974","71-0",-99.472002,37.67134,98.6210709,"66-131"
"785","Ford",-6.59,NA,1974-09-23,374559099343801,57,0,c(-99.579302, 37.773639),"1974","71-0",-99.579302,37.773639,45.1436691,"0-65"
"786","Barber",-102.33,"AETNA",1974-12-17,370047098552901,7,0,c(-98.926507, 37.011351),"1974","143-72",-98.926507,37.011351,NA,NA
"787","Barber",-34.45,"SUN CITY SW",1974-12-17,372003098594401,7,0,c(-98.995933, 37.33419),"1974","71-0",-98.995933,37.33419,NA,NA
"788","Comanche",-72.09,"COLDWATER",1974-03-15,371958099190101,33,0,c(-99.316574, 37.333281),"1974","143-72",-99.316574,37.333281,25,"0-65"
"789","Pratt",-11.9,"Byers",1974-01-01,374812098485602,151,0,c(-98.81604, 37.80389),"1974","71-0",-98.81604,37.80389,150.6448669,"132-197"
"790","Kiowa",-45.2,"Greensburg NW",1974-01-01,374124099240001,97,0,c(-99.40101, 37.69436),"1974","71-0",-99.40101,37.69436,120.8374939,"66-131"
"791","Kiowa",-10.92,"Greensburg NE",1974-06-26,374117099193001,97,0,c(-99.327225, 37.689574),"1974","71-0",-99.327225,37.689574,119.6671371,"66-131"
"792","Edwards",-38.41,"CENTERVIEW",1974-09-23,374803099210201,47,0,c(-99.350979, 37.805849),"1974","71-0",-99.350979,37.805849,125.1034698,"66-131"
"793","Ford",-6.09,NA,1974-12-30,374559099343801,57,0,c(-99.579302, 37.773639),"1974","71-0",-99.579302,37.773639,45.1436691,"0-65"
"794","Edwards",-30.5,"Centerview",1974-01-01,374618099215101,47,0,c(-99.36496, 37.77677),"1974","71-0",-99.36496,37.77677,135.6427155,"132-197"
"795","Kiowa",-40.1,"Greensburg NW",1974-01-01,374225099275001,97,0,c(-99.46451, 37.71297),"1974","71-0",-99.46451,37.71297,115.9586563,"66-131"
"796","Kiowa",-25.63,"Haviland NW",1974-03-15,374054099104501,97,0,c(-99.18199, 37.683232),"1974","71-0",-99.18199,37.683232,133.0139618,"132-197"
"797","Pratt",-14.6,NA,1974-01-14,374648098522901,151,0,c(-98.875542, 37.779711),"1974","71-0",-98.875542,37.779711,180.2862091,"132-197"
"798","Ford",-3.73,NA,1974-03-22,374559099343801,57,0,c(-99.579302, 37.773639),"1974","71-0",-99.579302,37.773639,45.1436691,"0-65"
"799","Kiowa",-28.38,"Haviland NW",1974-06-26,374054099104501,97,0,c(-99.18199, 37.683232),"1974","71-0",-99.18199,37.683232,133.0139618,"132-197"
"800","Pratt",-13.2,"Byers",1974-01-01,374554098500101,151,0,c(-98.8353, 37.7663),"1974","71-0",-98.8353,37.7663,154.0423737,"132-197"
"801","Comanche",-71.68,"COLDWATER",1974-09-18,371958099190101,33,0,c(-99.316574, 37.333281),"1974","71-0",-99.316574,37.333281,25,"0-65"
"802","Kiowa",-15.62,"Haviland NW",1974-05-09,374201099135401,97,0,c(-99.231897, 37.704226),"1974","71-0",-99.231897,37.704226,160.9939423,"132-197"
"803","Kiowa",-39.55,"GREENSBURG NW",1974-12-18,374001099282201,97,0,c(-99.472002, 37.67134),"1974","71-0",-99.472002,37.67134,98.6210709,"66-131"
"804","Edwards",-40.13,"CENTERVIEW",1974-07-02,374803099205401,47,0,c(-99.34866, 37.805803),"1974","71-0",-99.34866,37.805803,125.8967896,"66-131"
"805","Pratt",-65.3,"Cullison",1974-01-01,373924098571401,151,0,c(-98.95667, 37.65626),"1974","71-0",-98.95667,37.65626,150.8916321,"132-197"
"806","Pratt",-94.6,"Croft",1974-01-01,373706098571401,151,0,c(-98.95647, 37.61807),"1974","143-72",-98.95647,37.61807,122.8095551,"66-131"
"807","Kiowa",-26.86,"Haviland NW",1974-09-18,374054099104501,97,0,c(-99.18199, 37.683232),"1974","71-0",-99.18199,37.683232,133.0139618,"132-197"
"808","Pratt",-77.82,NA,1974-01-14,374152098343101,151,0,c(-98.575481, 37.697177),"1974","143-72",-98.575481,37.697177,138.0921478,"132-197"
"809","Pratt",-45.31,"Pratt",1974-06-26,374438098441601,151,0,c(-98.738536, 37.74335),"1974","71-0",-98.738536,37.74335,180.9587097,"132-197"
"810","Kingman",-2.3,"Cleveland",1974-04-01,373602098123001,95,0,c(-98.207679, 37.602919),"1974","71-0",-98.207679,37.602919,38.7618866,"0-65"
"811","Kingman",-28.1,"Willowdale",1974-08-01,373601098175901,95,0,c(-98.30063, 37.601473),"1974","71-0",-98.30063,37.601473,84.8875961,"66-131"
"812","Barber",-4,"GERLANE",1974-09-18,371414098334701,7,0,c(-98.565286, 37.238808),"1974","71-0",-98.565286,37.238808,NA,NA
"813","Kingman",-32.8,"Willowdale",1974-04-24,373422098200201,95,0,c(-98.336226, 37.572484),"1974","71-0",-98.336226,37.572484,73.9987946,"66-131"
"814","Pratt",-88.84,NA,1974-03-15,373140098410701,151,0,c(-98.685166, 37.528126),"1974","143-72",-98.685166,37.528126,131.1222534,"66-131"
"815","Pratt",-46.34,"Cunningham",1974-08-19,374230098285101,151,0,c(-98.48281, 37.707225),"1974","71-0",-98.48281,37.707225,129.8836517,"66-131"
"816","Barber",-14.56,"MEDICINE LODGE SW",1974-03-15,371710098374501,7,0,c(-98.630358, 37.288091),"1974","71-0",-98.630358,37.288091,NA,NA
"817","Barber",-3.02,"GERLANE",1974-03-15,370837098314201,7,0,c(-98.530127, 37.144541),"1974","71-0",-98.530127,37.144541,NA,NA
"818","Barber",-5.73,"GERLANE",1974-01-09,371348098335501,7,0,c(-98.56756, 37.231622),"1974","71-0",-98.56756,37.231622,NA,NA
"819","Reno",-23.48,"TTuron",1974-12-11,374637098272501,155,0,c(-98.460031, 37.776441),"1974","71-0",-98.460031,37.776441,112.0971069,"66-131"
"820","Pratt",-53,"Pratt",1974-01-01,374240098441501,151,0,c(-98.73797, 37.71075),"1974","71-0",-98.73797,37.71075,161.7011108,"132-197"
"821","Barber",-3.23,"GERLANE",1974-01-09,371414098334701,7,0,c(-98.565286, 37.238808),"1974","71-0",-98.565286,37.238808,NA,NA
"822","Pratt",-88.13,NA,1974-12-17,373140098410701,151,0,c(-98.685166, 37.528126),"1974","143-72",-98.685166,37.528126,131.1222534,"66-131"
"823","Reno",-8.31,"Langdon",1974-08-19,374721098200701,155,0,c(-98.337672, 37.788849),"1974","71-0",-98.337672,37.788849,57.5710983,"0-65"
"824","Pratt",-45.98,"Pratt",1974-03-15,374438098441601,151,0,c(-98.738536, 37.74335),"1974","71-0",-98.738536,37.74335,180.9587097,"132-197"
"825","Reno",-23.49,"TTuron",1974-09-16,374637098272501,155,0,c(-98.460031, 37.776441),"1974","71-0",-98.460031,37.776441,112.0971069,"66-131"
"826","Barber",-4.2,"GERLANE",1974-06-26,371414098334701,7,0,c(-98.565286, 37.238808),"1974","71-0",-98.565286,37.238808,NA,NA
"827","Pratt",-45.5,"Pratt",1974-09-18,374438098441601,151,0,c(-98.738536, 37.74335),"1974","71-0",-98.738536,37.74335,180.9587097,"132-197"
"828","Pratt",-8.4,"Stafford SW",1974-01-01,374815098422001,151,0,c(-98.7065, 37.80342),"1974","71-0",-98.7065,37.80342,145.2579651,"132-197"
"829","Barber",-14.57,"MEDICINE LODGE SW",1974-01-09,371710098374501,7,0,c(-98.630358, 37.288091),"1974","71-0",-98.630358,37.288091,NA,NA
"830","Barber",-4.07,"GERLANE",1974-09-18,370837098314201,7,0,c(-98.530127, 37.144541),"1974","71-0",-98.530127,37.144541,NA,NA
"831","Kingman",-26.62,"ALANEDA",1974-06-27,373422098063301,95,0,c(-98.109625, 37.576689),"1974","71-0",-98.109625,37.576689,73.1330643,"66-131"
"832","Pratt",-58.11,"Coats NE",1974-08-19,374217098474101,151,0,c(-98.793528, 37.704818),"1974","71-0",-98.793528,37.704818,169.7922211,"132-197"
"833","Kingman",-50.75,"Cunningham",1974-09-20,374309098232301,95,0,c(-98.392286, 37.71805),"1974","71-0",-98.392286,37.71805,94.8016434,"66-131"
"834","Kingman",-2.34,"Cleveland",1974-04-25,373602098123001,95,0,c(-98.207679, 37.602919),"1974","71-0",-98.207679,37.602919,38.7618866,"0-65"
"835","Pratt",-75.92,NA,1974-06-26,374152098343101,151,0,c(-98.575481, 37.697177),"1974","143-72",-98.575481,37.697177,138.0921478,"132-197"
"836","Pratt",-57.69,"Coats NE",1974-09-18,374217098474101,151,0,c(-98.793528, 37.704818),"1974","71-0",-98.793528,37.704818,169.7922211,"132-197"
"837","Kingman",-51,"Cunningham",1974-12-11,374309098232301,95,0,c(-98.392286, 37.71805),"1974","71-0",-98.392286,37.71805,94.8016434,"66-131"
"838","Pratt",-46.3,"Cunningham",1974-08-01,374230098285101,151,0,c(-98.48281, 37.707225),"1974","71-0",-98.48281,37.707225,129.8836517,"66-131"
"839","Kingman",-49.63,"Cunningham",1974-06-27,374309098232301,95,0,c(-98.392286, 37.71805),"1974","71-0",-98.392286,37.71805,94.8016434,"66-131"
"840","Barber",-15.36,"MEDICINE LODGE SW",1974-09-18,371710098374501,7,0,c(-98.630358, 37.288091),"1974","71-0",-98.630358,37.288091,NA,NA
"841","Barber",-3.77,"GERLANE",1974-12-17,371414098334701,7,0,c(-98.565286, 37.238808),"1974","71-0",-98.565286,37.238808,NA,NA
"842","Barber",-14.99,"MEDICINE LODGE SW",1974-06-26,371710098374501,7,0,c(-98.630358, 37.288091),"1974","71-0",-98.630358,37.288091,NA,NA
"843","Pratt",-88.36,NA,1974-09-18,373140098410701,151,0,c(-98.685166, 37.528126),"1974","143-72",-98.685166,37.528126,131.1222534,"66-131"
"844","Pratt",-57.74,"Coats NE",1974-06-26,374217098474101,151,0,c(-98.793528, 37.704818),"1974","71-0",-98.793528,37.704818,169.7922211,"132-197"
"845","Pratt",-56.88,"Coats NE",1974-12-18,374217098474101,151,0,c(-98.793528, 37.704818),"1974","71-0",-98.793528,37.704818,169.7922211,"132-197"
"846","Pratt",-46.74,"Pratt",1974-01-09,374438098441601,151,0,c(-98.738536, 37.74335),"1974","71-0",-98.738536,37.74335,180.9587097,"132-197"
"847","Pratt",-3.7,"Coats NE",1974-01-01,373857098464301,151,0,c(-98.77925, 37.64822),"1974","71-0",-98.77925,37.64822,134.8307037,"132-197"
"848","Barber",-3.79,"GERLANE",1974-12-17,370837098314201,7,0,c(-98.530127, 37.144541),"1974","71-0",-98.530127,37.144541,NA,NA
"849","Barber",-4.8,"GERLANE",1974-03-15,371348098335501,7,0,c(-98.56756, 37.231622),"1974","71-0",-98.56756,37.231622,NA,NA
"850","Barber",-6.98,"GERLANE",1974-06-26,371348098335501,7,0,c(-98.56756, 37.231622),"1974","71-0",-98.56756,37.231622,NA,NA
"851","Barber",-7.14,"GERLANE",1974-09-18,371348098335501,7,0,c(-98.56756, 37.231622),"1974","71-0",-98.56756,37.231622,NA,NA
"852","Kingman",-28.1,"Willowdale",1974-08-19,373601098175901,95,0,c(-98.30063, 37.601473),"1974","71-0",-98.30063,37.601473,84.8875961,"66-131"
"853","Pratt",-88.43,NA,1974-06-26,373140098410701,151,0,c(-98.685166, 37.528126),"1974","143-72",-98.685166,37.528126,131.1222534,"66-131"
"854","Pratt",-45.12,"Pratt",1974-12-18,374438098441601,151,0,c(-98.738536, 37.74335),"1974","71-0",-98.738536,37.74335,180.9587097,"132-197"
"855","Pratt",-41.36,"Cairo",1974-12-17,374403098372302,151,0,c(-98.622747, 37.732967),"1974","71-0",-98.622747,37.732967,174.9101715,"132-197"
"856","Kingman",-61.94,"Cunningham",1974-08-19,374123098253201,95,0,c(-98.42929, 37.688843),"1974","71-0",-98.42929,37.688843,107.6780167,"66-131"
"857","Barber",-4.3,"GERLANE",1974-06-26,370837098314201,7,0,c(-98.530127, 37.144541),"1974","71-0",-98.530127,37.144541,NA,NA
"858","Barber",-2.83,"GERLANE",1974-03-15,371414098334701,7,0,c(-98.565286, 37.238808),"1974","71-0",-98.565286,37.238808,NA,NA
"859","Kingman",-26.61,"ALANEDA",1974-03-18,373422098063301,95,0,c(-98.109625, 37.576689),"1974","71-0",-98.109625,37.576689,73.1330643,"66-131"
"860","Kingman",-27.19,"ALANEDA",1974-09-20,373422098063301,95,0,c(-98.109625, 37.576689),"1974","71-0",-98.109625,37.576689,73.1330643,"66-131"
"861","Kingman",-32.72,"Willowdale",1974-08-19,373422098200201,95,0,c(-98.336226, 37.572484),"1974","71-0",-98.336226,37.572484,73.9987946,"66-131"
"862","Pratt",-74.74,NA,1974-12-17,374152098343101,151,0,c(-98.575481, 37.697177),"1974","143-72",-98.575481,37.697177,138.0921478,"132-197"
"863","Pratt",-43.41,"Cairo",1974-09-18,374403098372301,151,0,c(-98.622848, 37.732868),"1974","71-0",-98.622848,37.732868,174.8628387,"132-197"
"864","Reno",-23.53,"TTuron",1974-06-27,374637098272501,155,0,c(-98.460031, 37.776441),"1974","71-0",-98.460031,37.776441,112.0971069,"66-131"
"865","Barber",-6.74,"GERLANE",1974-12-17,371348098335501,7,0,c(-98.56756, 37.231622),"1974","71-0",-98.56756,37.231622,NA,NA
"866","Pratt",-43.18,"Cairo",1974-06-26,374403098372301,151,0,c(-98.622848, 37.732868),"1974","71-0",-98.622848,37.732868,174.8628387,"132-197"
"867","Pratt",-43.16,"Cairo",1974-12-17,374403098372301,151,0,c(-98.622848, 37.732868),"1974","71-0",-98.622848,37.732868,174.8628387,"132-197"
"868","Kingman",-61.9,"Cunningham",1974-08-01,374123098253201,95,0,c(-98.42929, 37.688843),"1974","71-0",-98.42929,37.688843,107.6780167,"66-131"
"869","Barber",-15.29,"MEDICINE LODGE SW",1974-12-17,371710098374501,7,0,c(-98.630358, 37.288091),"1974","71-0",-98.630358,37.288091,NA,NA
"870","Kingman",-27,"ALANEDA",1974-12-11,373422098063301,95,0,c(-98.109625, 37.576689),"1974","71-0",-98.109625,37.576689,73.1330643,"66-131"
"871","Kingman",-49.74,"Cunningham",1974-03-18,374309098232301,95,0,c(-98.392286, 37.71805),"1974","71-0",-98.392286,37.71805,94.8016434,"66-131"
"872","Pratt",-41.2,"Cairo",1974-06-26,374403098372302,151,0,c(-98.622747, 37.732967),"1974","71-0",-98.622747,37.732967,174.9101715,"132-197"
"873","Pratt",-41.66,"Cairo",1974-09-18,374403098372302,151,0,c(-98.622747, 37.732967),"1974","71-0",-98.622747,37.732967,174.9101715,"132-197"
"874","Pratt",-89.11,NA,1974-01-14,373140098410701,151,0,c(-98.685166, 37.528126),"1974","143-72",-98.685166,37.528126,131.1222534,"66-131"
"875","Pratt",-76.5,NA,1974-03-15,374152098343101,151,0,c(-98.575481, 37.697177),"1974","143-72",-98.575481,37.697177,138.0921478,"132-197"
"876","Pratt",-75.05,NA,1974-09-18,374152098343101,151,0,c(-98.575481, 37.697177),"1974","143-72",-98.575481,37.697177,138.0921478,"132-197"
"877","Reno",-6.58,"Langdon",1974-04-18,374721098200701,155,0,c(-98.337672, 37.788849),"1974","71-0",-98.337672,37.788849,57.5710983,"0-65"
"878","Reno",-24.42,"TTuron",1974-03-18,374637098272501,155,0,c(-98.460031, 37.776441),"1974","71-0",-98.460031,37.776441,112.0971069,"66-131"
"879","Pratt",-8.5,"Saint Leo",1974-01-01,373530098290801,151,0,c(-98.48672, 37.59161),"1974","71-0",-98.48672,37.59161,131.3560638,"66-131"
"880","Pratt",-65.6,"Pratt SE",1974-01-01,373041098372501,151,0,c(-98.624282, 37.512113),"1974","71-0",-98.624282,37.512113,151.5539093,"132-197"
"881","Kingman",-21.67,"Norwich",1974-09-20,372659097491801,95,0,c(-97.821696, 37.447864),"1974","71-0",-97.821696,37.447864,40.9677963,"0-65"
"882","Sedgwick",-15.09,NA,1974-01-03,374329097213701,173,0,c(-97.360601, 37.724735),"1974","71-0",-97.360601,37.724735,NA,NA
"883","Sedgwick",-8.57,"Wichita West",1974-02-25,374007097232201,173,0,c(-97.39139, 37.668),"1974","71-0",-97.39139,37.668,NA,NA
"884","Sedgwick",-9.23,"Wichita West",1974-07-25,374007097232201,173,0,c(-97.39139, 37.668),"1974","71-0",-97.39139,37.668,NA,NA
"885","Sedgwick",-9.69,"Wichita West",1974-09-10,374007097232201,173,0,c(-97.39139, 37.668),"1974","71-0",-97.39139,37.668,NA,NA
"886","Sedgwick",-4.49,NA,1974-12-30,374705097253601,173,0,c(-97.427083, 37.781528),"1974","71-0",-97.427083,37.781528,111.4389496,"66-131"
"887","Sedgwick",-20.78,"COLWICH",1974-12-11,374718097312801,173,0,c(-97.52679, 37.784748),"1974","71-0",-97.52679,37.784748,146.4712219,"132-197"
"888","Sedgwick",-25.42,NA,1974-10-02,374837097320101,173,0,c(-97.536528, 37.808333),"1974","71-0",-97.536528,37.808333,221.3606415,"198-262"
"889","Sedgwick",-24.9,NA,1974-12-30,374837097320101,173,0,c(-97.536528, 37.808333),"1974","71-0",-97.536528,37.808333,221.3606415,"198-262"
"890","Sedgwick",-18.75,"Colwich",1974-03-18,374811097310301,173,0,c(-97.518721, 37.801457),"1974","71-0",-97.518721,37.801457,192.8445587,"132-197"
"891","Sedgwick",-13.07,NA,1974-10-02,374651097195901,173,0,c(-97.335417, 37.78125),"1974","71-0",-97.335417,37.78125,1.9748536,"0-65"
"892","Sedgwick",-23.87,NA,1974-01-08,374428097284301,173,0,c(-97.480735, 37.737034),"1974","71-0",-97.480735,37.737034,15.441184,"0-65"
"893","Sedgwick",-13.02,"BAYNEVILLE",1974-09-20,373730097235301,173,0,c(-97.403934, 37.62326),"1974","71-0",-97.403934,37.62326,NA,NA
"894","Sedgwick",-27.36,"BAYNEVILLE",1974-01-07,373710097244201,173,0,c(-97.413166, 37.617768),"1974","71-0",-97.413166,37.617768,NA,NA
"895","Sedgwick",-16.76,NA,1974-10-02,374329097213701,173,0,c(-97.360601, 37.724735),"1974","71-0",-97.360601,37.724735,NA,NA
"896","Sedgwick",-8.23,"Wichita West",1974-03-25,374007097232201,173,0,c(-97.39139, 37.668),"1974","71-0",-97.39139,37.668,NA,NA
"897","Sedgwick",-9.51,"Wichita West",1974-08-10,374007097232201,173,0,c(-97.39139, 37.668),"1974","71-0",-97.39139,37.668,NA,NA
"898","Sedgwick",-9.75,"Wichita West",1974-09-15,374007097232201,173,0,c(-97.39139, 37.668),"1974","71-0",-97.39139,37.668,NA,NA
"899","Sedgwick",-9.84,"Wichita West",1974-09-20,374007097232201,173,0,c(-97.39139, 37.668),"1974","71-0",-97.39139,37.668,NA,NA
"900","Sedgwick",-9.55,"Wichita West",1974-11-10,374007097232201,173,0,c(-97.39139, 37.668),"1974","71-0",-97.39139,37.668,NA,NA
"901","Sedgwick",-8.25,"Wichita West",1974-01-10,374007097232201,173,0,c(-97.39139, 37.668),"1974","71-0",-97.39139,37.668,NA,NA
"902","Sedgwick",-2.82,NA,1974-01-03,374705097253601,173,0,c(-97.427083, 37.781528),"1974","71-0",-97.427083,37.781528,111.4389496,"66-131"
"903","Sedgwick",-4.91,NA,1974-10-02,374705097253601,173,0,c(-97.427083, 37.781528),"1974","71-0",-97.427083,37.781528,111.4389496,"66-131"
"904","Sedgwick",-14.12,"COLWICH",1974-06-27,374718097303001,173,0,c(-97.509967, 37.786221),"1974","71-0",-97.509967,37.786221,146.8725281,"132-197"
"905","Sedgwick",-19,NA,1974-06-27,374744097303001,173,0,c(-97.51015, 37.7935),"1974","71-0",-97.51015,37.7935,171.9172058,"132-197"
"906","Sedgwick",-12.36,NA,1974-01-08,374837097342001,173,0,c(-97.574177, 37.807385),"1974","71-0",-97.574177,37.807385,148.9157867,"132-197"
"907","Sedgwick",-12.8,NA,1974-09-20,374837097342001,173,0,c(-97.574177, 37.807385),"1974","71-0",-97.574177,37.807385,148.9157867,"132-197"
"908","Sedgwick",-12.25,NA,1974-12-11,374837097342001,173,0,c(-97.574177, 37.807385),"1974","71-0",-97.574177,37.807385,148.9157867,"132-197"
"909","Sedgwick",-25.7,NA,1974-07-02,374725097351501,173,0,c(-97.589444, 37.786389),"1974","71-0",-97.589444,37.786389,64.5124054,"0-65"
"910","Sedgwick",-12.22,NA,1974-01-03,374651097195901,173,0,c(-97.335417, 37.78125),"1974","71-0",-97.335417,37.78125,1.9748536,"0-65"
"911","Sedgwick",-25.98,NA,1974-09-20,374600097331402,173,0,c(-97.554875, 37.76373),"1974","71-0",-97.554875,37.76373,29.4037132,"0-65"
"912","Sedgwick",-24.5,NA,1974-12-11,374600097331402,173,0,c(-97.554875, 37.76373),"1974","71-0",-97.554875,37.76373,29.4037132,"0-65"
"913","Sedgwick",-24.26,"WICHITA WEST",1974-01-08,374428097284302,173,0,c(-97.480735, 37.737034),"1974","71-0",-97.480735,37.737034,15.441184,"0-65"
"914","Sedgwick",-8.26,"Wichita West",1974-02-05,374007097232201,173,0,c(-97.39139, 37.668),"1974","71-0",-97.39139,37.668,NA,NA
"915","Sedgwick",-8.48,"Wichita West",1974-02-20,374007097232201,173,0,c(-97.39139, 37.668),"1974","71-0",-97.39139,37.668,NA,NA
"916","Sedgwick",-7.59,"Wichita West",1974-06-10,374007097232201,173,0,c(-97.39139, 37.668),"1974","71-0",-97.39139,37.668,NA,NA
"917","Sedgwick",-9.34,"Wichita West",1974-07-31,374007097232201,173,0,c(-97.39139, 37.668),"1974","71-0",-97.39139,37.668,NA,NA
"918","Sedgwick",-9.67,"Wichita West",1974-08-20,374007097232201,173,0,c(-97.39139, 37.668),"1974","71-0",-97.39139,37.668,NA,NA
"919","Sedgwick",-9.62,"Wichita West",1974-09-05,374007097232201,173,0,c(-97.39139, 37.668),"1974","71-0",-97.39139,37.668,NA,NA
"920","Sedgwick",-18.87,"Colwich",1974-09-24,374811097310301,173,0,c(-97.518721, 37.801457),"1974","71-0",-97.518721,37.801457,192.8445587,"132-197"
"921","Sedgwick",-18.94,"Colwich",1974-12-11,374811097310301,173,0,c(-97.518721, 37.801457),"1974","71-0",-97.518721,37.801457,192.8445587,"132-197"
"922","Sedgwick",-13.07,NA,1974-12-30,374651097195901,173,0,c(-97.335417, 37.78125),"1974","71-0",-97.335417,37.78125,1.9748536,"0-65"
"923","Sedgwick",-24.4,NA,1974-06-27,374600097331402,173,0,c(-97.554875, 37.76373),"1974","71-0",-97.554875,37.76373,29.4037132,"0-65"
"924","Sedgwick",-21.25,NA,1974-12-11,374606097285101,173,0,c(-97.481998, 37.766583),"1974","71-0",-97.481998,37.766583,107.8799057,"66-131"
"925","Sedgwick",-14.89,NA,1974-09-20,374606097305501,173,0,c(-97.516056, 37.766141),"1974","71-0",-97.516056,37.766141,61.2833405,"0-65"
"926","Sedgwick",-16.49,"Maize",1974-01-08,374658097295701,173,0,c(-97.499897, 37.780069),"1974","71-0",-97.499897,37.780069,133.7999115,"132-197"
"927","Sedgwick",-25.98,"Colwich",1974-09-20,374600097331401,173,0,c(-97.554113, 37.76451),"1974","71-0",-97.554113,37.76451,33.422905,"0-65"
"928","Sedgwick",-15.49,"WICHITA WEST",1974-12-11,373802097241801,173,0,c(-97.407208, 37.632541),"1974","71-0",-97.407208,37.632541,NA,NA
"929","Sedgwick",-27.13,"BAYNEVILLE",1974-06-27,373710097244201,173,0,c(-97.413166, 37.617768),"1974","71-0",-97.413166,37.617768,NA,NA
"930","Kingman",-21.29,"Norwich",1974-03-18,372659097491801,95,0,c(-97.821696, 37.447864),"1974","71-0",-97.821696,37.447864,40.9677963,"0-65"
"931","Sedgwick",-8.94,"Wichita West",1974-07-15,374007097232201,173,0,c(-97.39139, 37.668),"1974","71-0",-97.39139,37.668,NA,NA
"932","Sedgwick",-9.6,"Wichita West",1974-12-31,374007097232201,173,0,c(-97.39139, 37.668),"1974","71-0",-97.39139,37.668,NA,NA
"933","Sedgwick",-4.22,NA,1974-01-08,374843097295801,173,0,c(-97.499767, 37.811956),"1974","71-0",-97.499767,37.811956,208.5426178,"198-262"
"934","Sedgwick",-18.75,NA,1974-12-11,374744097303001,173,0,c(-97.51015, 37.7935),"1974","71-0",-97.51015,37.7935,171.9172058,"132-197"
"935","Sedgwick",-24.97,NA,1974-01-08,374837097320101,173,0,c(-97.536528, 37.808333),"1974","71-0",-97.536528,37.808333,221.3606415,"198-262"
"936","Sedgwick",-25.53,NA,1974-09-20,374837097320101,173,0,c(-97.536528, 37.808333),"1974","71-0",-97.536528,37.808333,221.3606415,"198-262"
"937","Sedgwick",-4.56,"Maize",1974-03-18,374659097280201,173,0,c(-97.469444, 37.780556),"1974","71-0",-97.469444,37.780556,169.0285187,"132-197"
"938","Sedgwick",-13.46,NA,1974-06-27,374837097342001,173,0,c(-97.574177, 37.807385),"1974","71-0",-97.574177,37.807385,148.9157867,"132-197"
"939","Sedgwick",-20.51,NA,1974-06-27,374606097285101,173,0,c(-97.481998, 37.766583),"1974","71-0",-97.481998,37.766583,107.8799057,"66-131"
"940","Sedgwick",-15.19,NA,1974-01-08,374606097305501,173,0,c(-97.516056, 37.766141),"1974","71-0",-97.516056,37.766141,61.2833405,"0-65"
"941","Sedgwick",-24.4,"Colwich",1974-06-27,374600097331401,173,0,c(-97.554113, 37.76451),"1974","71-0",-97.554113,37.76451,33.422905,"0-65"
"942","Sedgwick",-24.05,"WICHITA WEST",1974-03-18,374428097284302,173,0,c(-97.480735, 37.737034),"1974","71-0",-97.480735,37.737034,15.441184,"0-65"
"943","Sedgwick",-13.9,"WICHITA WEST",1974-03-18,373802097241801,173,0,c(-97.407208, 37.632541),"1974","71-0",-97.407208,37.632541,NA,NA
"944","Sedgwick",-14.14,"WICHITA WEST",1974-06-27,373802097241801,173,0,c(-97.407208, 37.632541),"1974","71-0",-97.407208,37.632541,NA,NA
"945","Sedgwick",-15.25,"WICHITA WEST",1974-09-20,373802097241801,173,0,c(-97.407208, 37.632541),"1974","71-0",-97.407208,37.632541,NA,NA
"946","Sedgwick",-25.68,"BAYNEVILLE",1974-09-20,373710097244201,173,0,c(-97.413166, 37.617768),"1974","71-0",-97.413166,37.617768,NA,NA
"947","Sedgwick",-9.85,"Wichita West",1974-09-25,374007097232201,173,0,c(-97.39139, 37.668),"1974","71-0",-97.39139,37.668,NA,NA
"948","Sedgwick",-9.91,"Wichita West",1974-10-05,374007097232201,173,0,c(-97.39139, 37.668),"1974","71-0",-97.39139,37.668,NA,NA
"949","Sedgwick",-9.95,"Wichita West",1974-10-10,374007097232201,173,0,c(-97.39139, 37.668),"1974","71-0",-97.39139,37.668,NA,NA
"950","Sedgwick",-9.9,"Wichita West",1974-10-31,374007097232201,173,0,c(-97.39139, 37.668),"1974","71-0",-97.39139,37.668,NA,NA
"951","Sedgwick",-8.45,NA,1974-06-27,374843097295801,173,0,c(-97.499767, 37.811956),"1974","71-0",-97.499767,37.811956,208.5426178,"198-262"
"952","Sedgwick",-6.2,"Maize",1974-06-27,374659097280201,173,0,c(-97.469444, 37.780556),"1974","71-0",-97.469444,37.780556,169.0285187,"132-197"
"953","Sedgwick",-6.41,"Maize",1974-10-02,374659097280201,173,0,c(-97.469444, 37.780556),"1974","71-0",-97.469444,37.780556,169.0285187,"132-197"
"954","Sedgwick",-18.32,"Colwich",1974-06-27,374811097310301,173,0,c(-97.518721, 37.801457),"1974","71-0",-97.518721,37.801457,192.8445587,"132-197"
"955","Sedgwick",-9.43,"Maize",1974-09-20,374843097295802,173,0,c(-97.501579, 37.809227),"1974","71-0",-97.501579,37.809227,206.0950012,"198-262"
"956","Sedgwick",-23.02,NA,1974-06-27,374428097284301,173,0,c(-97.480735, 37.737034),"1974","71-0",-97.480735,37.737034,15.441184,"0-65"
"957","Sedgwick",-23.51,NA,1974-12-11,374428097284301,173,0,c(-97.480735, 37.737034),"1974","71-0",-97.480735,37.737034,15.441184,"0-65"
"958","Sedgwick",-16.66,"Maize",1974-09-20,374658097295701,173,0,c(-97.499897, 37.780069),"1974","71-0",-97.499897,37.780069,133.7999115,"132-197"
"959","Sedgwick",-23.42,"WICHITA WEST",1974-06-27,374428097284302,173,0,c(-97.480735, 37.737034),"1974","71-0",-97.480735,37.737034,15.441184,"0-65"
"960","Sedgwick",-8.3,"Wichita West",1974-06-25,374007097232201,173,0,c(-97.39139, 37.668),"1974","71-0",-97.39139,37.668,NA,NA
"961","Sedgwick",-9.55,"Wichita West",1974-12-15,374007097232201,173,0,c(-97.39139, 37.668),"1974","71-0",-97.39139,37.668,NA,NA
"962","Sedgwick",-15.26,"COLWICH",1974-09-20,374718097303001,173,0,c(-97.509967, 37.786221),"1974","71-0",-97.509967,37.786221,146.8725281,"132-197"
"963","Sedgwick",-21.19,"COLWICH",1974-06-27,374718097312801,173,0,c(-97.52679, 37.784748),"1974","71-0",-97.52679,37.784748,146.4712219,"132-197"
"964","Sedgwick",-19.39,NA,1974-01-08,374744097303001,173,0,c(-97.51015, 37.7935),"1974","71-0",-97.51015,37.7935,171.9172058,"132-197"
"965","Sedgwick",-24.28,NA,1974-07-02,374837097320101,173,0,c(-97.536528, 37.808333),"1974","71-0",-97.536528,37.808333,221.3606415,"198-262"
"966","Sedgwick",-4.99,"Maize",1974-04-01,374659097280201,173,0,c(-97.469444, 37.780556),"1974","71-0",-97.469444,37.780556,169.0285187,"132-197"
"967","Sedgwick",-13.07,NA,1974-06-27,374837097342002,173,0,c(-97.574177, 37.807385),"1974","71-0",-97.574177,37.807385,148.9157867,"132-197"
"968","Sedgwick",-8.95,"Maize",1974-12-11,374843097295802,173,0,c(-97.501579, 37.809227),"1974","71-0",-97.501579,37.809227,206.0950012,"198-262"
"969","Sedgwick",-14.14,"WICHITA WEST",1974-01-07,373802097241801,173,0,c(-97.407208, 37.632541),"1974","71-0",-97.407208,37.632541,NA,NA
"970","Sedgwick",-8.13,"Wichita West",1974-03-20,374007097232201,173,0,c(-97.39139, 37.668),"1974","71-0",-97.39139,37.668,NA,NA
"971","Sedgwick",-9.09,"Wichita West",1974-07-20,374007097232201,173,0,c(-97.39139, 37.668),"1974","71-0",-97.39139,37.668,NA,NA
"972","Sedgwick",-5.17,NA,1974-09-20,374843097295801,173,0,c(-97.499767, 37.811956),"1974","71-0",-97.499767,37.811956,208.5426178,"198-262"
"973","Sedgwick",-24.23,NA,1974-06-27,374837097320101,173,0,c(-97.536528, 37.808333),"1974","71-0",-97.536528,37.808333,221.3606415,"198-262"
"974","Sedgwick",-4.97,"Maize",1974-01-08,374659097280201,173,0,c(-97.469444, 37.780556),"1974","71-0",-97.469444,37.780556,169.0285187,"132-197"
"975","Sedgwick",-5.38,"Maize",1974-12-30,374659097280201,173,0,c(-97.469444, 37.780556),"1974","71-0",-97.469444,37.780556,169.0285187,"132-197"
"976","Sedgwick",-12.23,NA,1974-01-08,374837097342002,173,0,c(-97.574177, 37.807385),"1974","71-0",-97.574177,37.807385,148.9157867,"132-197"
"977","Sedgwick",-9.51,"Maize",1974-06-27,374843097295802,173,0,c(-97.501579, 37.809227),"1974","71-0",-97.501579,37.809227,206.0950012,"198-262"
"978","Sedgwick",-25.13,NA,1974-01-08,374600097331402,173,0,c(-97.554875, 37.76373),"1974","71-0",-97.554875,37.76373,29.4037132,"0-65"
"979","Sedgwick",-25.13,"Colwich",1974-01-08,374600097331401,173,0,c(-97.554113, 37.76451),"1974","71-0",-97.554113,37.76451,33.422905,"0-65"
"980","Sedgwick",-16.64,NA,1974-12-30,374329097213701,173,0,c(-97.360601, 37.724735),"1974","71-0",-97.360601,37.724735,NA,NA
"981","Sedgwick",-8.35,"Wichita West",1974-01-31,374007097232201,173,0,c(-97.39139, 37.668),"1974","71-0",-97.39139,37.668,NA,NA
"982","Sedgwick",-8.44,"Wichita West",1974-06-30,374007097232201,173,0,c(-97.39139, 37.668),"1974","71-0",-97.39139,37.668,NA,NA
"983","Sedgwick",-8.62,"Wichita West",1974-07-05,374007097232201,173,0,c(-97.39139, 37.668),"1974","71-0",-97.39139,37.668,NA,NA
"984","Sedgwick",-8.34,"Wichita West",1974-01-15,374007097232201,173,0,c(-97.39139, 37.668),"1974","71-0",-97.39139,37.668,NA,NA
"985","Sedgwick",-8.19,"Wichita West",1974-01-20,374007097232201,173,0,c(-97.39139, 37.668),"1974","71-0",-97.39139,37.668,NA,NA
"986","Sedgwick",-4.15,NA,1974-03-18,374843097295801,173,0,c(-97.499767, 37.811956),"1974","71-0",-97.499767,37.811956,208.5426178,"198-262"
"987","Sedgwick",-4.54,NA,1974-12-11,374843097295801,173,0,c(-97.499767, 37.811956),"1974","71-0",-97.499767,37.811956,208.5426178,"198-262"
"988","Sedgwick",-12.02,NA,1974-03-18,374837097342001,173,0,c(-97.574177, 37.807385),"1974","71-0",-97.574177,37.807385,148.9157867,"132-197"
"989","Sedgwick",-24.86,NA,1974-03-18,374600097331402,173,0,c(-97.554875, 37.76373),"1974","71-0",-97.554875,37.76373,29.4037132,"0-65"
"990","Sedgwick",-15.38,"Maize",1974-06-27,374658097295701,173,0,c(-97.499897, 37.780069),"1974","71-0",-97.499897,37.780069,133.7999115,"132-197"
"991","Sedgwick",-24.11,"WICHITA WEST",1974-12-11,374428097284302,173,0,c(-97.480735, 37.737034),"1974","71-0",-97.480735,37.737034,15.441184,"0-65"
"992","Kingman",-20.94,"Norwich",1974-06-27,372659097491801,95,0,c(-97.821696, 37.447864),"1974","71-0",-97.821696,37.447864,40.9677963,"0-65"
"993","Sedgwick",-15.36,NA,1974-07-02,374329097213701,173,0,c(-97.360601, 37.724735),"1974","71-0",-97.360601,37.724735,NA,NA
"994","Sedgwick",-8.16,"Wichita West",1974-03-10,374007097232201,173,0,c(-97.39139, 37.668),"1974","71-0",-97.39139,37.668,NA,NA
"995","Sedgwick",-8.82,"Wichita West",1974-07-10,374007097232201,173,0,c(-97.39139, 37.668),"1974","71-0",-97.39139,37.668,NA,NA
"996","Sedgwick",-10.03,"Wichita West",1974-10-25,374007097232201,173,0,c(-97.39139, 37.668),"1974","71-0",-97.39139,37.668,NA,NA
"997","Sedgwick",-9.67,"Wichita West",1974-11-30,374007097232201,173,0,c(-97.39139, 37.668),"1974","71-0",-97.39139,37.668,NA,NA
"998","Sedgwick",-19.45,NA,1974-09-20,374744097303001,173,0,c(-97.51015, 37.7935),"1974","71-0",-97.51015,37.7935,171.9172058,"132-197"
"999","Sedgwick",-24.68,NA,1974-04-01,374837097320101,173,0,c(-97.536528, 37.808333),"1974","71-0",-97.536528,37.808333,221.3606415,"198-262"
"1000","Sedgwick",-6.42,"Maize",1974-09-20,374659097280201,173,0,c(-97.469444, 37.780556),"1974","71-0",-97.469444,37.780556,169.0285187,"132-197"
"1001","Sedgwick",-20.94,NA,1974-01-08,374606097285101,173,0,c(-97.481998, 37.766583),"1974","71-0",-97.481998,37.766583,107.8799057,"66-131"
"1002","Sedgwick",-15.97,"Maize",1974-12-11,374658097295701,173,0,c(-97.499897, 37.780069),"1974","71-0",-97.499897,37.780069,133.7999115,"132-197"
"1003","Sedgwick",-24.86,"Colwich",1974-03-18,374600097331401,173,0,c(-97.554113, 37.76451),"1974","71-0",-97.554113,37.76451,33.422905,"0-65"
"1004","Sedgwick",-15.34,"BAYNEVILLE",1974-01-07,373730097235301,173,0,c(-97.403934, 37.62326),"1974","71-0",-97.403934,37.62326,NA,NA
"1005","Sedgwick",-11.79,"BAYNEVILLE",1974-03-18,373730097235301,173,0,c(-97.403934, 37.62326),"1974","71-0",-97.403934,37.62326,NA,NA
"1006","Sedgwick",-27.49,"BAYNEVILLE",1974-12-11,373710097244201,173,0,c(-97.413166, 37.617768),"1974","71-0",-97.413166,37.617768,NA,NA
"1007","Sedgwick",-8.6,"Wichita West",1974-02-28,374007097232201,173,0,c(-97.39139, 37.668),"1974","71-0",-97.39139,37.668,NA,NA
"1008","Sedgwick",-8.09,"Wichita West",1974-06-20,374007097232201,173,0,c(-97.39139, 37.668),"1974","71-0",-97.39139,37.668,NA,NA
"1009","Sedgwick",-9.44,"Wichita West",1974-08-05,374007097232201,173,0,c(-97.39139, 37.668),"1974","71-0",-97.39139,37.668,NA,NA
"1010","Sedgwick",-9.62,"Wichita West",1974-08-15,374007097232201,173,0,c(-97.39139, 37.668),"1974","71-0",-97.39139,37.668,NA,NA
"1011","Sedgwick",-9.71,"Wichita West",1974-12-10,374007097232201,173,0,c(-97.39139, 37.668),"1974","71-0",-97.39139,37.668,NA,NA
"1012","Sedgwick",-8.22,"Wichita West",1974-01-25,374007097232201,173,0,c(-97.39139, 37.668),"1974","71-0",-97.39139,37.668,NA,NA
"1013","Sedgwick",-25.09,NA,1974-12-11,374837097320101,173,0,c(-97.536528, 37.808333),"1974","71-0",-97.536528,37.808333,221.3606415,"198-262"
"1014","Sedgwick",-26.14,NA,1974-04-01,374725097351501,173,0,c(-97.589444, 37.786389),"1974","71-0",-97.589444,37.786389,64.5124054,"0-65"
"1015","Sedgwick",-26.15,NA,1974-10-02,374725097351501,173,0,c(-97.589444, 37.786389),"1974","71-0",-97.589444,37.786389,64.5124054,"0-65"
"1016","Sedgwick",-12.69,NA,1974-09-20,374837097342002,173,0,c(-97.574177, 37.807385),"1974","71-0",-97.574177,37.807385,148.9157867,"132-197"
"1017","Sedgwick",-8.6,"Maize",1974-03-18,374843097295802,173,0,c(-97.501579, 37.809227),"1974","71-0",-97.501579,37.809227,206.0950012,"198-262"
"1018","Sedgwick",-11.85,NA,1974-07-02,374651097195901,173,0,c(-97.335417, 37.78125),"1974","71-0",-97.335417,37.78125,1.9748536,"0-65"
"1019","Sedgwick",-21.17,NA,1974-03-18,374606097285101,173,0,c(-97.481998, 37.766583),"1974","71-0",-97.481998,37.766583,107.8799057,"66-131"
"1020","Sedgwick",-21.36,NA,1974-09-20,374606097285101,173,0,c(-97.481998, 37.766583),"1974","71-0",-97.481998,37.766583,107.8799057,"66-131"
"1021","Sedgwick",-14.82,NA,1974-03-18,374606097305501,173,0,c(-97.516056, 37.766141),"1974","71-0",-97.516056,37.766141,61.2833405,"0-65"
"1022","Sedgwick",-8.46,"Wichita West",1974-02-15,374007097232201,173,0,c(-97.39139, 37.668),"1974","71-0",-97.39139,37.668,NA,NA
"1023","Sedgwick",-8.14,"Wichita West",1974-03-15,374007097232201,173,0,c(-97.39139, 37.668),"1974","71-0",-97.39139,37.668,NA,NA
"1024","Sedgwick",-9.71,"Wichita West",1974-08-25,374007097232201,173,0,c(-97.39139, 37.668),"1974","71-0",-97.39139,37.668,NA,NA
"1025","Sedgwick",-9.71,"Wichita West",1974-12-05,374007097232201,173,0,c(-97.39139, 37.668),"1974","71-0",-97.39139,37.668,NA,NA
"1026","Sedgwick",-9.52,"Wichita West",1974-12-20,374007097232201,173,0,c(-97.39139, 37.668),"1974","71-0",-97.39139,37.668,NA,NA
"1027","Sedgwick",-14.54,"COLWICH",1974-03-18,374718097303001,173,0,c(-97.509967, 37.786221),"1974","71-0",-97.509967,37.786221,146.8725281,"132-197"
"1028","Sedgwick",-5.2,"Maize",1974-12-11,374659097280201,173,0,c(-97.469444, 37.780556),"1974","71-0",-97.469444,37.780556,169.0285187,"132-197"
"1029","Sedgwick",-25.82,NA,1974-12-30,374725097351501,173,0,c(-97.589444, 37.786389),"1974","71-0",-97.589444,37.786389,64.5124054,"0-65"
"1030","Sedgwick",-18.98,"Colwich",1974-01-08,374811097310301,173,0,c(-97.518721, 37.801457),"1974","71-0",-97.518721,37.801457,192.8445587,"132-197"
"1031","Sedgwick",-23.68,NA,1974-03-18,374428097284301,173,0,c(-97.480735, 37.737034),"1974","71-0",-97.480735,37.737034,15.441184,"0-65"
"1032","Sedgwick",-23.55,NA,1974-09-20,374428097284301,173,0,c(-97.480735, 37.737034),"1974","71-0",-97.480735,37.737034,15.441184,"0-65"
"1033","Sedgwick",-24.18,"WICHITA WEST",1974-09-20,374428097284302,173,0,c(-97.480735, 37.737034),"1974","71-0",-97.480735,37.737034,15.441184,"0-65"
"1034","Sedgwick",-8.6,"Wichita West",1974-03-05,374007097232201,173,0,c(-97.39139, 37.668),"1974","71-0",-97.39139,37.668,NA,NA
"1035","Sedgwick",-8.14,"Wichita West",1974-01-05,374007097232201,173,0,c(-97.39139, 37.668),"1974","71-0",-97.39139,37.668,NA,NA
"1036","Sedgwick",-2.83,NA,1974-04-01,374705097253601,173,0,c(-97.427083, 37.781528),"1974","71-0",-97.427083,37.781528,111.4389496,"66-131"
"1037","Sedgwick",-3.33,NA,1974-07-02,374705097253601,173,0,c(-97.427083, 37.781528),"1974","71-0",-97.427083,37.781528,111.4389496,"66-131"
"1038","Sedgwick",-25.15,NA,1974-01-03,374837097320101,173,0,c(-97.536528, 37.808333),"1974","71-0",-97.536528,37.808333,221.3606415,"198-262"
"1039","Sedgwick",-4.85,"Maize",1974-01-03,374659097280201,173,0,c(-97.469444, 37.780556),"1974","71-0",-97.469444,37.780556,169.0285187,"132-197"
"1040","Sedgwick",-26.5,NA,1974-01-03,374725097351501,173,0,c(-97.589444, 37.786389),"1974","71-0",-97.589444,37.786389,64.5124054,"0-65"
"1041","Sedgwick",-12.07,NA,1974-12-11,374837097342002,173,0,c(-97.574177, 37.807385),"1974","71-0",-97.574177,37.807385,148.9157867,"132-197"
"1042","Sedgwick",-14.26,NA,1974-06-27,374606097305501,173,0,c(-97.516056, 37.766141),"1974","71-0",-97.516056,37.766141,61.2833405,"0-65"
"1043","Sedgwick",-32.37,NA,1974-06-27,373426097222101,173,0,c(-97.373904, 37.572405),"1974","71-0",-97.373904,37.572405,NA,NA
"1044","Sedgwick",-15.72,NA,1974-04-03,374329097213701,173,0,c(-97.360601, 37.724735),"1974","71-0",-97.360601,37.724735,NA,NA
"1045","Sedgwick",-8.4,"Wichita West",1974-02-10,374007097232201,173,0,c(-97.39139, 37.668),"1974","71-0",-97.39139,37.668,NA,NA
"1046","Sedgwick",-8.2,"Wichita West",1974-03-31,374007097232201,173,0,c(-97.39139, 37.668),"1974","71-0",-97.39139,37.668,NA,NA
"1047","Sedgwick",-7.76,"Wichita West",1974-06-15,374007097232201,173,0,c(-97.39139, 37.668),"1974","71-0",-97.39139,37.668,NA,NA
"1048","Sedgwick",-10.01,"Wichita West",1974-10-20,374007097232201,173,0,c(-97.39139, 37.668),"1974","71-0",-97.39139,37.668,NA,NA
"1049","Sedgwick",-9.65,"Wichita West",1974-11-05,374007097232201,173,0,c(-97.39139, 37.668),"1974","71-0",-97.39139,37.668,NA,NA
"1050","Sedgwick",-12.23,NA,1974-04-01,374651097195901,173,0,c(-97.335417, 37.78125),"1974","71-0",-97.335417,37.78125,1.9748536,"0-65"
"1051","Sedgwick",-11.96,"BAYNEVILLE",1974-06-27,373730097235301,173,0,c(-97.403934, 37.62326),"1974","71-0",-97.403934,37.62326,NA,NA
"1052","Sedgwick",-9.6,"Wichita West",1974-08-31,374007097232201,173,0,c(-97.39139, 37.668),"1974","71-0",-97.39139,37.668,NA,NA
"1053","Sedgwick",-9.97,"Wichita West",1974-10-15,374007097232201,173,0,c(-97.39139, 37.668),"1974","71-0",-97.39139,37.668,NA,NA
"1054","Sedgwick",-9.59,"Wichita West",1974-11-20,374007097232201,173,0,c(-97.39139, 37.668),"1974","71-0",-97.39139,37.668,NA,NA
"1055","Sedgwick",-20.82,"COLWICH",1974-03-18,374718097312801,173,0,c(-97.52679, 37.784748),"1974","71-0",-97.52679,37.784748,146.4712219,"132-197"
"1056","Sedgwick",-16.38,"Maize",1974-03-18,374658097295701,173,0,c(-97.499897, 37.780069),"1974","71-0",-97.499897,37.780069,133.7999115,"132-197"
"1057","Sedgwick",-9.54,"Wichita West",1974-11-15,374007097232201,173,0,c(-97.39139, 37.668),"1974","71-0",-97.39139,37.668,NA,NA
"1058","Sedgwick",-6.55,"Maize",1974-07-02,374659097280201,173,0,c(-97.469444, 37.780556),"1974","71-0",-97.469444,37.780556,169.0285187,"132-197"
"1059","Sedgwick",-11.89,NA,1974-03-18,374837097342002,173,0,c(-97.574177, 37.807385),"1974","71-0",-97.574177,37.807385,148.9157867,"132-197"
"1060","Sedgwick",-13.29,"BAYNEVILLE",1974-12-11,373730097235301,173,0,c(-97.403934, 37.62326),"1974","71-0",-97.403934,37.62326,NA,NA
"1061","Sedgwick",-26.8,"BAYNEVILLE",1974-03-18,373710097244201,173,0,c(-97.413166, 37.617768),"1974","71-0",-97.413166,37.617768,NA,NA
"1062","Sedgwick",-9.89,"Wichita West",1974-09-30,374007097232201,173,0,c(-97.39139, 37.668),"1974","71-0",-97.39139,37.668,NA,NA
"1063","Sedgwick",-9.61,"Wichita West",1974-11-25,374007097232201,173,0,c(-97.39139, 37.668),"1974","71-0",-97.39139,37.668,NA,NA
"1064","Sedgwick",-9.57,"Wichita West",1974-12-25,374007097232201,173,0,c(-97.39139, 37.668),"1974","71-0",-97.39139,37.668,NA,NA
"1065","Sedgwick",-22.51,"COLWICH",1974-09-20,374718097312801,173,0,c(-97.52679, 37.784748),"1974","71-0",-97.52679,37.784748,146.4712219,"132-197"
"1066","Sedgwick",-18.72,NA,1974-03-18,374744097303001,173,0,c(-97.51015, 37.7935),"1974","71-0",-97.51015,37.7935,171.9172058,"132-197"
"1067","Sedgwick",-24.68,NA,1974-03-18,374837097320101,173,0,c(-97.536528, 37.808333),"1974","71-0",-97.536528,37.808333,221.3606415,"198-262"
"1068","Sedgwick",-8.87,"Maize",1974-01-08,374843097295802,173,0,c(-97.501579, 37.809227),"1974","71-0",-97.501579,37.809227,206.0950012,"198-262"
"1069","Sedgwick",-13.93,NA,1974-12-11,374606097305501,173,0,c(-97.516056, 37.766141),"1974","71-0",-97.516056,37.766141,61.2833405,"0-65"
"1070","Sedgwick",-24.5,"Colwich",1974-12-11,374600097331401,173,0,c(-97.554113, 37.76451),"1974","71-0",-97.554113,37.76451,33.422905,"0-65"
"1071","Butler",-33.94,"LEON",1974-06-12,374143096520001,15,0,c(-96.867986, 37.694812),"1974","71-0",-96.867986,37.694812,NA,NA
"1072","Butler",-34.39,"LEON",1974-01-10,374143096520001,15,0,c(-96.867986, 37.694812),"1974","71-0",-96.867986,37.694812,NA,NA
"1073","Butler",-48.5,"GORDON",1974-06-12,373118096590001,15,0,c(-96.986749, 37.520513),"1974","71-0",-96.986749,37.520513,NA,NA
"1074","Butler",-29.65,"AUGUSTA SE",1974-01-10,373529096452501,15,0,c(-96.753541, 37.591221),"1974","71-0",-96.753541,37.591221,NA,NA
"1075","Butler",-18.94,"BENTON",1974-01-10,374552097054601,15,0,c(-97.097363, 37.764221),"1974","71-0",-97.097363,37.764221,NA,NA
"1076","Butler",-16.35,"BENTON",1974-06-12,374552097054601,15,0,c(-97.097363, 37.764221),"1974","71-0",-97.097363,37.764221,NA,NA
"1077","Butler",-20.3,"AUGUSTA SE",1974-06-12,373529096452501,15,0,c(-96.753541, 37.591221),"1974","71-0",-96.753541,37.591221,NA,NA
"1078","Butler",-54.3,"GORDON",1974-01-10,373118096590001,15,0,c(-96.986749, 37.520513),"1974","71-0",-96.986749,37.520513,NA,NA
"1079","Labette",-10.02,NA,1974-12-20,372026095060702,99,0,c(-95.102831, 37.341246),"1974","71-0",-95.102831,37.341246,NA,NA
"1080","Cherokee",-202,"Neutral",1974-01-01,370437094481001,21,0,c(-94.80408, 37.075431),"1974","215-144",-94.80408,37.075431,NA,NA
"1081","Neosho",-13.65,NA,1974-06-19,374100095244801,133,0,c(-95.414749, 37.683046),"1974","71-0",-95.414749,37.683046,NA,NA
"1082","Labette",-7.25,NA,1974-03-20,372026095060702,99,0,c(-95.102831, 37.341246),"1974","71-0",-95.102831,37.341246,NA,NA
"1083","Labette",-11,NA,1974-09-26,372026095060702,99,0,c(-95.102831, 37.341246),"1974","71-0",-95.102831,37.341246,NA,NA
"1084","Neosho",-15.6,NA,1974-09-26,374100095244801,133,0,c(-95.414749, 37.683046),"1974","71-0",-95.414749,37.683046,NA,NA
"1085","Labette",-10,NA,1974-06-19,372026095060702,99,0,c(-95.102831, 37.341246),"1974","71-0",-95.102831,37.341246,NA,NA
"1086","Neosho",-11,NA,1974-03-20,374100095244801,133,0,c(-95.414749, 37.683046),"1974","71-0",-95.414749,37.683046,NA,NA
"1087","Neosho",-14.84,NA,1974-12-20,374100095244801,133,0,c(-95.414749, 37.683046),"1974","71-0",-95.414749,37.683046,NA,NA
"1088","Kearny",-62.15,NA,1974-03-19,374919101154601,93,0,c(-101.263694, 37.822285),"1974","71-0",-101.263694,37.822285,177.4274139,"132-197"
"1089","Kearny",-67.2,NA,1974-06-19,374919101154601,93,0,c(-101.263694, 37.822285),"1974","71-0",-101.263694,37.822285,177.4274139,"132-197"
"1090","Kearny",-70.46,NA,1974-09-16,374919101154601,93,0,c(-101.263694, 37.822285),"1974","71-0",-101.263694,37.822285,177.4274139,"132-197"
"1091","Kearny",-65.01,"Lakin SE",1974-06-19,375115101165801,93,0,c(-101.282676, 37.854542),"1974","71-0",-101.282676,37.854542,182.6981354,"132-197"
"1092","Hamilton",-122.68,NA,1974-01-24,374945101350601,75,0,c(-101.584739, 37.830184),"1974","143-72",-101.584739,37.830184,10,"0-65"
"1093","Hamilton",-50.58,"Syracuse East",1974-01-24,375416101394401,75,0,c(-101.659449, 37.909244),"1974","71-0",-101.659449,37.909244,NA,NA
"1094","Hamilton",-219.37,"Durkee Creek NE",1974-01-22,375446102013601,75,0,c(-102.025659, 37.913282),"1974","287-216",-102.025659,37.913282,10,"0-65"
"1095","Wichita",-137.54,"Selkirk SE",1974-01-21,381840101324401,203,0,c(-101.544944, 38.310697),"1974","143-72",-101.544944,38.310697,82.8136826,"66-131"
"1096","Wichita",-11.24,NA,1974-01-21,381855101205302,203,0,c(-101.34796, 38.315526),"1974","71-0",-101.34796,38.315526,10,"0-65"
"1097","Wichita",-103.66,NA,1974-01-21,382150101291601,203,0,c(-101.488114, 38.363985),"1974","143-72",-101.488114,38.363985,46.6712799,"0-65"
"1098","Wichita",-112,"Sainte Theresa Chrch",1974-01-22,383406101314401,203,0,c(-101.531743, 38.567315),"1974","143-72",-101.531743,38.567315,36.4017792,"0-65"
"1099","Greeley",-130.98,"W of Sainte Theresa",1974-01-21,383418101435701,71,0,c(-101.733566, 38.569532),"1974","143-72",-101.733566,38.569532,62.868248,"0-65"
"1100","Greeley",-132.55,"W of Sainte Theresa",1974-12-10,383418101435701,71,0,c(-101.733566, 38.569532),"1974","143-72",-101.733566,38.569532,62.868248,"0-65"
"1101","Wichita",-131.84,"Coronado Cemetery",1974-11-01,383210101183401,203,0,c(-101.312536, 38.537748),"1974","143-72",-101.312536,38.537748,32.6564484,"0-65"
"1102","Wichita",-136.82,NA,1974-01-22,383348101162301,203,0,c(-101.274956, 38.562538),"1974","143-72",-101.274956,38.562538,38.9099197,"0-65"
"1103","Wichita",-74.8,"LEOTI",1974-01-22,382913101163001,203,0,c(-101.276436, 38.486257),"1974","143-72",-101.276436,38.486257,45.9534912,"0-65"
"1104","Wichita",-118.09,NA,1974-01-21,383705101151701,203,0,c(-101.257036, 38.618247),"1974","143-72",-101.257036,38.618247,39.0388374,"0-65"
"1105","Hamilton",-149.07,NA,1974-01-24,375154101564101,75,0,c(-101.944899, 37.863901),"1974","215-144",-101.944899,37.863901,10,"0-65"
"1106","Kearny",-48.98,NA,1974-01-21,375115101195902,93,0,c(-101.33303, 37.854297),"1974","71-0",-101.33303,37.854297,25,"0-65"
"1107","Kearny",-68.35,NA,1974-01-21,375059101273101,93,0,c(-101.458335, 37.850526),"1974","71-0",-101.458335,37.850526,NA,NA
"1108","Hamilton",-150.99,"Syracuse West SW",1974-01-24,375031101594501,75,0,c(-101.995958, 37.842112),"1974","215-144",-101.995958,37.842112,27.4758415,"0-65"
"1109","Kearny",-10.31,"Lakin",1974-06-19,375305101215502,93,0,c(-101.366735, 37.884447),"1974","71-0",-101.366735,37.884447,11.3356428,"0-65"
"1110","Wichita",-97.9,NA,1974-01-22,382707101211901,203,0,c(-101.356929, 38.451481),"1974","143-72",-101.356929,38.451481,20.8290806,"0-65"
"1111","Greeley",-78.46,NA,1974-06-17,383650101381601,71,0,c(-101.639713, 38.612014),"1974","143-72",-101.639713,38.612014,48.4193687,"0-65"
"1112","Wichita",-114.98,NA,1974-01-21,383652101172901,203,0,c(-101.29304, 38.613573),"1974","143-72",-101.29304,38.613573,40.3282661,"0-65"
"1113","Kearny",-65.95,NA,1974-12-05,374919101154601,93,0,c(-101.263694, 37.822285),"1974","71-0",-101.263694,37.822285,177.4274139,"132-197"
"1114","Kearny",-40.49,"Kendall",1974-01-21,375328101305701,93,0,c(-101.516648, 37.890945),"1974","71-0",-101.516648,37.890945,NA,NA
"1115","Kearny",-243.11,"LEOTI 3 SE",1974-01-21,380056101200901,93,0,c(-101.334737, 38.015995),"1974","287-216",-101.334737,38.015995,38.508667,"0-65"
"1116","Hamilton",-20.84,"Holly East",1974-01-22,380223102010301,75,0,c(-102.01706, 38.039633),"1974","71-0",-102.01706,38.039633,NA,NA
"1117","Hamilton",-130.27,NA,1974-01-22,380823101345401,75,0,c(-101.579289, 38.141053),"1974","143-72",-101.579289,38.141053,10,"0-65"
"1118","Wichita",-89.24,"Coronado Cemetery",1974-01-22,383414101212801,203,0,c(-101.359038, 38.569467),"1974","143-72",-101.359038,38.569467,39.622982,"0-65"
"1119","Greeley",-75.94,NA,1974-03-13,383650101381601,71,0,c(-101.639713, 38.612014),"1974","143-72",-101.639713,38.612014,48.4193687,"0-65"
"1120","Greeley",-167.88,"North of Tribune",1974-01-21,383220101470801,71,0,c(-101.787084, 38.538215),"1974","215-144",-101.787084,38.538215,32.5225639,"0-65"
"1121","Wichita",-42.52,NA,1974-01-22,383526101172901,203,0,c(-101.293936, 38.591197),"1974","71-0",-101.293936,38.591197,37.9974289,"0-65"
"1122","Greeley",-127.68,NA,1974-01-21,383339101395901,71,0,c(-101.667668, 38.559158),"1974","143-72",-101.667668,38.559158,53.3825455,"0-65"
"1123","Greeley",-120.45,"Sainte Theresa Chrch",1974-01-21,383405101363901,71,0,c(-101.612963, 38.566165),"1974","143-72",-101.612963,38.566165,50.3139229,"0-65"
"1124","Wichita",-116.13,NA,1974-01-22,383051101154901,203,0,c(-101.264885, 38.513402),"1974","143-72",-101.264885,38.513402,44.2046127,"0-65"
"1125","Wichita",-137.92,"Leoti NW",1974-01-22,382852101250901,203,0,c(-101.42284, 38.480738),"1974","143-72",-101.42284,38.480738,12.438364,"0-65"
"1126","Wichita",-137.8,"Leoti NW",1974-03-14,382852101250901,203,0,c(-101.42284, 38.480738),"1974","143-72",-101.42284,38.480738,12.438364,"0-65"
"1127","Wichita",-119.23,"SELKIRK",1974-03-14,382831101321702,203,0,c(-101.538544, 38.474017),"1974","143-72",-101.538544,38.474017,29.9082394,"0-65"
"1128","Wichita",-129.4,"LEOTI NW",1974-01-22,382845101262301,203,0,c(-101.442198, 38.478442),"1974","143-72",-101.442198,38.478442,39.3640442,"0-65"
"1129","Wichita",-138.07,NA,1974-06-17,383816101264801,203,0,c(-101.448912, 38.63652),"1974","143-72",-101.448912,38.63652,33.4661293,"0-65"
"1130","Kearny",-10.39,"Lakin",1974-03-19,375305101215502,93,0,c(-101.366735, 37.884447),"1974","71-0",-101.366735,37.884447,11.3356428,"0-65"
"1131","Hamilton",-160.58,"Syracuse West NW",1974-01-22,375544101553801,75,0,c(-101.927256, 37.928783),"1974","215-144",-101.927256,37.928783,10,"0-65"
"1132","Hamilton",-12.27,"Kendall",1974-01-24,375643101355001,75,0,c(-101.596448, 37.946235),"1974","71-0",-101.596448,37.946235,NA,NA
"1133","Kearny",-83.53,NA,1974-01-18,375807101160201,93,0,c(-101.266545, 37.968724),"1974","143-72",-101.266545,37.968724,120.6031647,"66-131"
"1134","Kearny",-219.83,"LEOTI 3 SE",1974-01-18,380057101181401,93,0,c(-101.303947, 38.016819),"1974","287-216",-101.303947,38.016819,46.3229637,"0-65"
"1135","Hamilton",-24.56,"East Bridge Crk S",1974-01-22,380210101584801,75,0,c(-101.980058, 38.034613),"1974","71-0",-101.980058,38.034613,NA,NA
"1136","Wichita",-130.32,"Beulah Cemetery",1974-01-21,383757101204701,203,0,c(-101.349238, 38.631416),"1974","143-72",-101.349238,38.631416,33.586113,"0-65"
"1137","Wichita",-95.05,NA,1974-01-22,383624101333001,203,0,c(-101.559877, 38.605087),"1974","143-72",-101.559877,38.605087,45.938633,"0-65"
"1138","Wichita",-123.42,NA,1974-06-18,383228101250901,203,0,c(-101.422132, 38.540331),"1974","143-72",-101.422132,38.540331,26.6296253,"0-65"
"1139","Greeley",-138.68,"Sainte Theresa Chrch",1974-09-17,383405101363901,71,0,c(-101.612963, 38.566165),"1974","143-72",-101.612963,38.566165,50.3139229,"0-65"
"1140","Wichita",-136.62,NA,1974-03-13,383816101264801,203,0,c(-101.448912, 38.63652),"1974","143-72",-101.448912,38.63652,33.4661293,"0-65"
"1141","Kearny",-63.81,NA,1974-01-21,374919101154601,93,0,c(-101.263694, 37.822285),"1974","71-0",-101.263694,37.822285,177.4274139,"132-197"
"1142","Kearny",-20.53,"Lakin",1974-01-21,375246101184601,93,0,c(-101.311198, 37.878948),"1974","71-0",-101.311198,37.878948,142.7037659,"132-197"
"1143","Kearny",-12.02,"Lakin",1974-12-05,375305101215502,93,0,c(-101.366735, 37.884447),"1974","71-0",-101.366735,37.884447,11.3356428,"0-65"
"1144","Kearny",-244.33,"LEOTI 3 SW",1974-01-18,380108101234301,93,0,c(-101.395347, 38.019718),"1974","287-216",-101.395347,38.019718,31.275074,"0-65"
"1145","Hamilton",-192.24,NA,1974-01-22,381027101355301,75,0,c(-101.596012, 38.175019),"1974","215-144",-101.596012,38.175019,10,"0-65"
"1146","Kearny",-204.72,NA,1974-06-19,380405101224601,93,0,c(-101.378193, 38.068866),"1974","215-144",-101.378193,38.068866,39.7014465,"0-65"
"1147","Wichita",-120.29,"RUSSELL SPRINGS 3 SE",1974-01-22,383130101215201,203,0,c(-101.36671, 38.524081),"1974","143-72",-101.36671,38.524081,25.5369244,"0-65"
"1148","Wichita",-130.43,NA,1974-01-22,383103101261501,203,0,c(-101.440488, 38.516619),"1974","143-72",-101.440488,38.516619,30.4554291,"0-65"
"1149","Hamilton",-7.47,"Holly East",1974-01-22,380124102010201,75,0,c(-102.018013, 38.022897),"1974","71-0",-102.018013,38.022897,NA,NA
"1150","Greeley",-130.81,"W of Sainte Theresa",1974-03-13,383418101435701,71,0,c(-101.733566, 38.569532),"1974","143-72",-101.733566,38.569532,62.868248,"0-65"
"1151","Wichita",-117.8,NA,1974-01-22,383644101280201,203,0,c(-101.468338, 38.611053),"1974","143-72",-101.468338,38.611053,37.7744751,"0-65"
"1152","Greeley",-179.03,"North of Tribune",1974-06-17,383220101470801,71,0,c(-101.787084, 38.538215),"1974","215-144",-101.787084,38.538215,32.5225639,"0-65"
"1153","Greeley",-90.98,NA,1974-06-17,383228101525901,71,0,c(-101.88406, 38.5392),"1974","143-72",-101.88406,38.5392,10,"0-65"
"1154","Greeley",-90.9,NA,1974-01-21,383736101424201,71,0,c(-101.711996, 38.624587),"1974","143-72",-101.711996,38.624587,34.6845589,"0-65"
"1155","Wichita",-135.88,NA,1974-01-22,383016101282601,203,0,c(-101.475521, 38.502837),"1974","143-72",-101.475521,38.502837,57.9358826,"0-65"
"1156","Wichita",-148.22,"Leoti NW",1974-06-18,382852101250901,203,0,c(-101.42284, 38.480738),"1974","215-144",-101.42284,38.480738,12.438364,"0-65"
"1157","Hamilton",-144.41,NA,1974-01-24,375209102022601,75,0,c(-102.037614, 37.869473),"1974","215-144",-102.037614,37.869473,19.7869606,"0-65"
"1158","Kearny",-11.57,"Lakin",1974-09-16,375305101215502,93,0,c(-101.366735, 37.884447),"1974","71-0",-101.366735,37.884447,11.3356428,"0-65"
"1159","Hamilton",-29.66,"Kendall",1974-01-24,375413101341701,75,0,c(-101.570049, 37.904495),"1974","71-0",-101.570049,37.904495,NA,NA
"1160","Hamilton",-192,NA,1974-01-24,375400101454201,75,0,c(-101.76313, 37.900541),"1974","215-144",-101.76313,37.900541,10,"0-65"
"1161","Hamilton",-14.84,"Kendall",1974-01-24,375512101343401,75,0,c(-101.575348, 37.920495),"1974","71-0",-101.575348,37.920495,NA,NA
"1162","Hamilton",-111.97,"Durkee Creek NE",1974-01-22,375749102010201,75,0,c(-102.017533, 37.963913),"1974","143-72",-102.017533,37.963913,10,"0-65"
"1163","Kearny",-136.13,"LEOTI 3 SE",1974-01-18,380452101170901,93,0,c(-101.284145, 38.08137),"1974","143-72",-101.284145,38.08137,40.6653519,"0-65"
"1164","Hamilton",-130.27,NA,1974-01-22,380309101345301,75,0,c(-101.580747, 38.053465),"1974","143-72",-101.580747,38.053465,10,"0-65"
"1165","Wichita",-124.88,NA,1974-01-22,383559101193301,203,0,c(-101.327708, 38.59865),"1974","143-72",-101.327708,38.59865,39.0454865,"0-65"
"1166","Greeley",-136.12,"Sainte Theresa Chrch",1974-12-10,383405101363901,71,0,c(-101.612963, 38.566165),"1974","143-72",-101.612963,38.566165,50.3139229,"0-65"
"1167","Wichita",-129.1,NA,1974-01-22,383043101240301,203,0,c(-101.403561, 38.511172),"1974","143-72",-101.403561,38.511172,16.765131,"0-65"
"1168","Wichita",-49.09,"Leoti NW",1974-01-22,382851101291601,203,0,c(-101.488542, 38.480287),"1974","71-0",-101.488542,38.480287,85.06884,"66-131"
"1169","Wichita",-112.6,NA,1974-01-22,382900101195601,203,0,c(-101.334406, 38.482441),"1974","143-72",-101.334406,38.482441,31.6968155,"0-65"
"1170","Hamilton",-91.87,"Syracuse East SE",1974-01-24,375149101341601,75,0,c(-101.570249, 37.864775),"1974","143-72",-101.570249,37.864775,10,"0-65"
"1171","Kearny",-26.22,"Deerfield",1974-01-18,375702101145602,93,0,c(-101.248647, 37.95017),"1974","71-0",-101.248647,37.95017,256.2719421,"198-262"
"1172","Wichita",-80.6,NA,1974-01-21,382620101272901,203,0,c(-101.458693, 38.438495),"1974","143-72",-101.458693,38.438495,41.2977753,"0-65"
"1173","Wichita",-138.39,"Selkirk SE",1974-01-21,382118101335801,203,0,c(-101.567145, 38.353967),"1974","143-72",-101.567145,38.353967,51.58284,"0-65"
"1174","Wichita",-94.25,NA,1974-01-21,381844101152101,203,0,c(-101.255856, 38.312231),"1974","143-72",-101.255856,38.312231,10,"0-65"
"1175","Wichita",-76.34,"Leoti",1974-01-21,382431101170201,203,0,c(-101.283937, 38.40901),"1974","143-72",-101.283937,38.40901,10,"0-65"
"1176","Greeley",-75.83,NA,1974-01-21,383650101381601,71,0,c(-101.639713, 38.612014),"1974","143-72",-101.639713,38.612014,48.4193687,"0-65"
"1177","Wichita",-136.26,NA,1974-01-22,383223101151601,203,0,c(-101.255623, 38.538929),"1974","143-72",-101.255623,38.538929,42.4228172,"0-65"
"1178","Wichita",-126.47,NA,1974-12-11,383228101250901,203,0,c(-101.422132, 38.540331),"1974","143-72",-101.422132,38.540331,26.6296253,"0-65"
"1179","Wichita",-126.93,"Coronado Cemetery",1974-02-01,383210101183401,203,0,c(-101.312536, 38.537748),"1974","143-72",-101.312536,38.537748,32.6564484,"0-65"
"1180","Wichita",-129.68,"Coronado Cemetery",1974-06-01,383210101183401,203,0,c(-101.312536, 38.537748),"1974","143-72",-101.312536,38.537748,32.6564484,"0-65"
"1181","Wichita",-131.1,"Coronado Cemetery",1974-12-01,383210101183401,203,0,c(-101.312536, 38.537748),"1974","143-72",-101.312536,38.537748,32.6564484,"0-65"
"1182","Kearny",-66.48,"Syracuse East SE",1974-01-21,375150101304801,93,0,c(-101.514248, 37.864465),"1974","71-0",-101.514248,37.864465,NA,NA
"1183","Kearny",-62.16,"Lakin SE",1974-12-05,375115101165801,93,0,c(-101.282676, 37.854542),"1974","71-0",-101.282676,37.854542,182.6981354,"132-197"
"1184","Kearny",-16.75,"Deerfield",1974-01-18,375327101145501,93,0,c(-101.248373, 37.890934),"1974","71-0",-101.248373,37.890934,211.6663055,"198-262"
"1185","Hamilton",-8.85,"Syracuse West NW",1974-01-22,375953101553901,75,0,c(-101.928426, 37.998193),"1974","71-0",-101.928426,37.998193,NA,NA
"1186","Kearny",-244.17,"LEOTI 3 SW",1974-01-18,380153101255501,93,0,c(-101.430684, 38.032488),"1974","287-216",-101.430684,38.032488,31.8037758,"0-65"
"1187","Hamilton",-191.48,"North of Sand Creek",1974-01-22,381422101385501,75,0,c(-101.648947, 38.240487),"1974","215-144",-101.648947,38.240487,10,"0-65"
"1188","Kearny",-204.7,NA,1974-03-19,380405101224601,93,0,c(-101.378193, 38.068866),"1974","215-144",-101.378193,38.068866,39.7014465,"0-65"
"1189","Greeley",-143.59,"W of Sainte Theresa",1974-09-17,383418101435701,71,0,c(-101.733566, 38.569532),"1974","143-72",-101.733566,38.569532,62.868248,"0-65"
"1190","Greeley",-135.3,NA,1974-01-21,383557101402601,71,0,c(-101.675697, 38.596577),"1974","143-72",-101.675697,38.596577,51.0522194,"0-65"
"1191","Wichita",-119.28,NA,1974-01-21,383652101162301,203,0,c(-101.274484, 38.613634),"1974","143-72",-101.274484,38.613634,39.9528046,"0-65"
"1192","Wichita",-70.85,NA,1974-01-22,383328101185101,203,0,c(-101.316172, 38.557086),"1974","71-0",-101.316172,38.557086,35.8711777,"0-65"
"1193","Wichita",-125.3,"Sainte Theresa Chrch",1974-01-22,383227101314401,203,0,c(-101.529743, 38.539566),"1974","143-72",-101.529743,38.539566,28.7897968,"0-65"
"1194","Wichita",-127.24,"Coronado Cemetery",1974-01-01,383210101183401,203,0,c(-101.312536, 38.537748),"1974","143-72",-101.312536,38.537748,32.6564484,"0-65"
"1195","Greeley",-131.63,"Sainte Theresa Chrch",1974-06-17,383405101363901,71,0,c(-101.612963, 38.566165),"1974","143-72",-101.612963,38.566165,50.3139229,"0-65"
"1196","Wichita",-119.65,"SELKIRK",1974-01-22,382831101321702,203,0,c(-101.538544, 38.474017),"1974","143-72",-101.538544,38.474017,29.9082394,"0-65"
"1197","Hamilton",-9.96,NA,1974-01-24,375557101383901,75,0,c(-101.643821, 37.933364),"1974","71-0",-101.643821,37.933364,NA,NA
"1198","Hamilton",-26.52,"Syracuse East",1974-01-24,375722101402101,75,0,c(-101.672849, 37.957514),"1974","71-0",-101.672849,37.957514,NA,NA
"1199","Hamilton",-263.2,"Sand Creek",1974-01-22,380105101433601,75,0,c(-101.728749, 38.018934),"1974","287-216",-101.728749,38.018934,10,"0-65"
"1200","Hamilton",-26.42,"East Bridge Crk S",1974-01-22,380105101534401,75,0,c(-101.896555, 38.018443),"1974","71-0",-101.896555,38.018443,NA,NA
"1201","Wichita",-137.94,NA,1974-01-21,381635101313701,203,0,c(-101.52704, 38.276888),"1974","143-72",-101.52704,38.276888,53.0098915,"0-65"
"1202","Wichita",-118.97,NA,1974-01-22,383254101295701,203,0,c(-101.500671, 38.547349),"1974","143-72",-101.500671,38.547349,28.1628246,"0-65"
"1203","Wichita",-126.72,"Coronado Cemetery",1974-03-01,383210101183401,203,0,c(-101.312536, 38.537748),"1974","143-72",-101.312536,38.537748,32.6564484,"0-65"
"1204","Wichita",-147.57,NA,1974-09-17,383816101264801,203,0,c(-101.448912, 38.63652),"1974","215-144",-101.448912,38.63652,33.4661293,"0-65"
"1205","Kearny",-14.58,"Lakin SE",1974-01-21,375219101213801,93,0,c(-101.359028, 37.871518),"1974","71-0",-101.359028,37.871518,13.0815287,"0-65"
"1206","Kearny",-62.51,NA,1974-01-18,375102101185301,93,0,c(-101.314704, 37.850787),"1974","71-0",-101.314704,37.850787,164.3171997,"132-197"
"1207","Hamilton",-26.01,"Syracuse West",1974-01-22,375927101454301,75,0,c(-101.76205, 37.991163),"1974","71-0",-101.76205,37.991163,NA,NA
"1208","Hamilton",-9.32,"East Bridge Crk S",1974-01-22,380111101594702,75,0,c(-101.995859, 38.020593),"1974","71-0",-101.995859,38.020593,NA,NA
"1209","Hamilton",-15.12,"Holly East",1974-01-22,380236102023501,75,0,c(-102.04316, 38.043893),"1974","71-0",-102.04316,38.043893,NA,NA
"1210","Wichita",-105.25,NA,1974-01-22,382801101190701,203,0,c(-101.32049, 38.466114),"1974","143-72",-101.32049,38.466114,33.17379,"0-65"
"1211","Wichita",-104.04,NA,1974-01-21,382204101293301,203,0,c(-101.492753, 38.367586),"1974","143-72",-101.492753,38.367586,47.4558105,"0-65"
"1212","Wichita",-111.8,NA,1974-01-22,383815101320001,203,0,c(-101.535463, 38.636214),"1974","143-72",-101.535463,38.636214,47.2777939,"0-65"
"1213","Greeley",-117.62,NA,1974-01-21,383637101472601,71,0,c(-101.791772, 38.60826),"1974","143-72",-101.791772,38.60826,21.5762234,"0-65"
"1214","Wichita",-130.8,"Coronado Cemetery",1974-07-01,383210101183401,203,0,c(-101.312536, 38.537748),"1974","143-72",-101.312536,38.537748,32.6564484,"0-65"
"1215","Wichita",-132.78,"Coronado Cemetery",1974-08-01,383210101183401,203,0,c(-101.312536, 38.537748),"1974","143-72",-101.312536,38.537748,32.6564484,"0-65"
"1216","Wichita",-132.68,"Coronado Cemetery",1974-10-01,383210101183401,203,0,c(-101.312536, 38.537748),"1974","143-72",-101.312536,38.537748,32.6564484,"0-65"
"1217","Greeley",-90.1,NA,1974-03-13,383228101525901,71,0,c(-101.88406, 38.5392),"1974","143-72",-101.88406,38.5392,10,"0-65"
"1218","Hamilton",-81.56,NA,1974-01-24,374931101321201,75,0,c(-101.537299, 37.826385),"1974","143-72",-101.537299,37.826385,10,"0-65"
"1219","Kearny",-70.14,"Lakin SE",1974-09-16,375115101165801,93,0,c(-101.282676, 37.854542),"1974","71-0",-101.282676,37.854542,182.6981354,"132-197"
"1220","Hamilton",-9.6,"Syracuse East",1974-01-24,375624101385301,75,0,c(-101.649859, 37.940224),"1974","71-0",-101.649859,37.940224,NA,NA
"1221","Hamilton",-11.81,"East Bridge Crk S",1974-01-22,380025101553001,75,0,c(-101.926656, 38.008093),"1974","71-0",-101.926656,38.008093,NA,NA
"1222","Kearny",-205.35,NA,1974-09-16,380405101224601,93,0,c(-101.378193, 38.068866),"1974","215-144",-101.378193,38.068866,39.7014465,"0-65"
"1223","Wichita",-74.21,NA,1974-01-22,382622101151501,203,0,c(-101.255563, 38.439229),"1974","143-72",-101.255563,38.439229,23.0781384,"0-65"
"1224","Wichita",-122.07,NA,1974-01-21,382342101332401,203,0,c(-101.557146, 38.394579),"1974","143-72",-101.557146,38.394579,45.4876022,"0-65"
"1225","Wichita",-110.76,NA,1974-01-21,381643101254101,203,0,c(-101.428223, 38.279026),"1974","143-72",-101.428223,38.279026,10,"0-65"
"1226","Greeley",-132.42,"W of Sainte Theresa",1974-06-17,383418101435701,71,0,c(-101.733566, 38.569532),"1974","143-72",-101.733566,38.569532,62.868248,"0-65"
"1227","Greeley",-76.34,NA,1974-12-10,383650101381601,71,0,c(-101.639713, 38.612014),"1974","143-72",-101.639713,38.612014,48.4193687,"0-65"
"1228","Wichita",-121.51,NA,1974-01-22,383644101231501,203,0,c(-101.389828, 38.611329),"1974","143-72",-101.389828,38.611329,38.3747482,"0-65"
"1229","Greeley",-188.91,"North of Tribune",1974-09-17,383220101470801,71,0,c(-101.787084, 38.538215),"1974","215-144",-101.787084,38.538215,32.5225639,"0-65"
"1230","Greeley",-90.93,NA,1974-12-10,383228101525901,71,0,c(-101.88406, 38.5392),"1974","143-72",-101.88406,38.5392,10,"0-65"
"1231","Wichita",-128.48,"Carwood Cemetery",1974-01-22,383109101293201,203,0,c(-101.494642, 38.517437),"1974","143-72",-101.494642,38.517437,35.9325294,"0-65"
"1232","Wichita",-142.81,NA,1974-12-10,383816101264801,203,0,c(-101.448912, 38.63652),"1974","143-72",-101.448912,38.63652,33.4661293,"0-65"
"1233","Kearny",-57.41,"DEERFIELD SW",1974-01-18,375057101095801,93,0,c(-101.27584, 37.849186),"1974","71-0",-101.27584,37.849186,183.3427887,"132-197"
"1234","Hamilton",-18.8,"Syracuse East",1974-03-05,375815101442401,75,0,c(-101.742849, 37.971283),"1974","71-0",-101.742849,37.971283,NA,NA
"1235","Hamilton",-20.35,"East Bridge Crk S",1974-01-22,380105101544101,75,0,c(-101.91092, 38.018984),"1974","71-0",-101.91092,38.018984,NA,NA
"1236","Hamilton",-179.18,NA,1974-01-22,380849101370701,75,0,c(-101.616475, 38.147904),"1974","215-144",-101.616475,38.147904,10,"0-65"
"1237","Kearny",-208.27,NA,1974-12-05,380405101224601,93,0,c(-101.378193, 38.068866),"1974","215-144",-101.378193,38.068866,39.7014465,"0-65"
"1238","Wichita",-111.9,"Selkirk",1974-01-22,382633101332401,203,0,c(-101.556627, 38.441867),"1974","143-72",-101.556627,38.441867,29.0098782,"0-65"
"1239","Greeley",-189.97,NA,1974-01-21,381819101404501,71,0,c(-101.679158, 38.305436),"1974","215-144",-101.679158,38.305436,10,"0-65"
"1240","Greeley",-106.5,NA,1974-01-21,383802101350001,71,0,c(-101.584475, 38.632216),"1974","143-72",-101.584475,38.632216,49.881073,"0-65"
"1241","Wichita",-115.3,NA,1974-03-14,383228101250901,203,0,c(-101.422132, 38.540331),"1974","143-72",-101.422132,38.540331,26.6296253,"0-65"
"1242","Wichita",-134.35,"Coronado Cemetery",1974-09-01,383210101183401,203,0,c(-101.312536, 38.537748),"1974","143-72",-101.312536,38.537748,32.6564484,"0-65"
"1243","Wichita",-116,"Carwood Cemetery",1974-01-22,383551101255001,203,0,c(-101.433372, 38.597545),"1974","143-72",-101.433372,38.597545,39.2081909,"0-65"
"1244","Greeley",-131.6,NA,1974-01-21,383055101445401,71,0,c(-101.748909, 38.51387),"1974","143-72",-101.748909,38.51387,38.1383934,"0-65"
"1245","Wichita",-131.75,NA,1974-01-22,383816101264801,203,0,c(-101.448912, 38.63652),"1974","143-72",-101.448912,38.63652,33.4661293,"0-65"
"1246","Kearny",-27.77,"Lakin SW",1974-01-21,374917101242701,93,0,c(-101.406249, 37.819117),"1974","71-0",-101.406249,37.819117,NA,NA
"1247","Kearny",-59.61,"Lakin SE",1974-03-19,375115101165801,93,0,c(-101.282676, 37.854542),"1974","71-0",-101.282676,37.854542,182.6981354,"132-197"
"1248","Hamilton",-20.71,"Syracuse East",1974-09-05,375815101442401,75,0,c(-101.742849, 37.971283),"1974","71-0",-101.742849,37.971283,NA,NA
"1249","Wichita",-85.16,"LEOTI NW",1974-01-22,382707101240301,203,0,c(-101.402906, 38.451388),"1974","143-72",-101.402906,38.451388,17.1642246,"0-65"
"1250","Wichita",-115.54,NA,1974-01-22,383228101250901,203,0,c(-101.422132, 38.540331),"1974","143-72",-101.422132,38.540331,26.6296253,"0-65"
"1251","Greeley",-157.55,NA,1974-01-21,383736101505601,71,0,c(-101.84968, 38.624434),"1974","215-144",-101.84968,38.624434,22.4909401,"0-65"
"1252","Greeley",-112.9,"W of Sainte Theresa",1974-01-21,383028101402701,71,0,c(-101.673748, 38.506816),"1974","143-72",-101.673748,38.506816,36.9040222,"0-65"
"1253","Wichita",-138.74,"SELKIRK",1974-12-11,382831101321702,203,0,c(-101.538544, 38.474017),"1974","143-72",-101.538544,38.474017,29.9082394,"0-65"
"1254","Kearny",-10.23,"Lakin",1974-01-18,375305101215502,93,0,c(-101.366735, 37.884447),"1974","71-0",-101.366735,37.884447,11.3356428,"0-65"
"1255","Hamilton",-7.71,"Kendall",1974-01-24,375531101342601,75,0,c(-101.573548, 37.926165),"1974","71-0",-101.573548,37.926165,NA,NA
"1256","Greeley",-76.58,NA,1974-09-17,383650101381601,71,0,c(-101.639713, 38.612014),"1974","143-72",-101.639713,38.612014,48.4193687,"0-65"
"1257","Wichita",-130.69,"Coronado Cemetery",1974-04-01,383210101183401,203,0,c(-101.312536, 38.537748),"1974","143-72",-101.312536,38.537748,32.6564484,"0-65"
"1258","Greeley",-90.05,NA,1974-09-17,383228101525901,71,0,c(-101.88406, 38.5392),"1974","143-72",-101.88406,38.5392,10,"0-65"
"1259","Wichita",-115.9,NA,1974-01-22,383346101275301,203,0,c(-101.467291, 38.561316),"1974","143-72",-101.467291,38.561316,29.7550011,"0-65"
"1260","Wichita",-117.14,NA,1974-01-22,383038101183401,203,0,c(-101.311456, 38.509678),"1974","143-72",-101.311456,38.509678,36.4937782,"0-65"
"1261","Hamilton",-219.9,"Syracuse East SW",1974-01-24,375116101410801,75,0,c(-101.68715, 37.854914),"1974","287-216",-101.68715,37.854914,10,"0-65"
"1262","Hamilton",-64.69,"Syracuse West",1974-01-24,375538101453401,75,0,c(-101.76055, 37.927583),"1974","71-0",-101.76055,37.927583,NA,NA
"1263","Hamilton",-8.85,"Syracuse East",1974-01-24,375650101390001,75,0,c(-101.649249, 37.947294),"1974","71-0",-101.649249,37.947294,NA,NA
"1264","Hamilton",-15.44,"Syracuse West",1974-01-22,375841101453401,75,0,c(-101.760393, 37.977754),"1974","71-0",-101.760393,37.977754,NA,NA
"1265","Wichita",-33.01,"LEOTI NW",1974-01-21,382634101235501,203,0,c(-101.400571, 38.44234),"1974","71-0",-101.400571,38.44234,18.4747772,"0-65"
"1266","Greeley",-126.8,NA,1974-01-21,382810101360701,71,0,c(-101.601875, 38.468636),"1974","143-72",-101.601875,38.468636,32.3692741,"0-65"
"1267","Wichita",-104.18,"Leoti NW",1974-01-21,382337101231301,203,0,c(-101.38904, 38.393729),"1974","143-72",-101.38904,38.393729,10,"0-65"
"1268","Wichita",-115.31,NA,1974-01-22,383321101240401,203,0,c(-101.403805, 38.554903),"1974","143-72",-101.403805,38.554903,31.3037224,"0-65"
"1269","Greeley",-187.93,"North of Tribune",1974-12-10,383220101470801,71,0,c(-101.787084, 38.538215),"1974","215-144",-101.787084,38.538215,32.5225639,"0-65"
"1270","Wichita",-131.16,"Coronado Cemetery",1974-05-01,383210101183401,203,0,c(-101.312536, 38.537748),"1974","143-72",-101.312536,38.537748,32.6564484,"0-65"
"1271","Greeley",-89.9,NA,1974-01-21,383228101525901,71,0,c(-101.88406, 38.5392),"1974","143-72",-101.88406,38.5392,10,"0-65"
"1272","Greeley",-34.47,NA,1974-01-24,383247101572001,71,0,c(-101.955335, 38.544601),"1974","71-0",-101.955335,38.544601,10,"0-65"
"1273","Wichita",-109.48,NA,1974-01-22,383029101324201,203,0,c(-101.546587, 38.507188),"1974","143-72",-101.546587,38.507188,35.0091286,"0-65"
"1274","Wichita",-142.47,"Leoti NW",1974-12-11,382852101250901,203,0,c(-101.42284, 38.480738),"1974","143-72",-101.42284,38.480738,12.438364,"0-65"
"1275","Finney",-78,"GARDEN CITY W",1974-01-15,375707100570201,55,0,c(-100.951005, 37.953805),"1974","143-72",-100.951005,37.953805,241.2303314,"198-262"
"1276","Finney",-87.16,"GARDEN CITY W",1974-03-07,375654100553201,55,0,c(-100.924542, 37.950144),"1974","143-72",-100.924542,37.950144,227.1202545,"198-262"
"1277","Kearny",-11.8,"Deerfield",1974-01-18,375644101092502,93,0,c(-101.157537, 37.945011),"1974","71-0",-101.157537,37.945011,276.5968628,"263-328"
"1278","Finney",-85.81,NA,1974-03-14,375936100484901,55,0,c(-100.814158, 37.993812),"1974","143-72",-100.814158,37.993812,186.9508972,"132-197"
"1279","Finney",-80.18,"WOLF",1974-03-01,380201101030101,55,0,c(-101.052174, 38.032793),"1974","143-72",-101.052174,38.032793,238.6692352,"198-262"
"1280","Finney",-119.1,"WOLF",1974-10-01,380201101030101,55,0,c(-101.052174, 38.032793),"1974","143-72",-101.052174,38.032793,238.6692352,"198-262"
"1281","Finney",-67.6,"TENNIS",1974-01-17,380801100554801,55,0,c(-100.930488, 38.133423),"1974","71-0",-100.930488,38.133423,58.5333786,"0-65"
"1282","Kearny",-116.58,NA,1974-01-18,381140101091801,93,0,c(-101.154799, 38.194526),"1974","143-72",-101.154799,38.194526,10,"0-65"
"1283","Scott",-42.42,"Scott City",1974-06-01,382539100541601,171,0,c(-100.90593, 38.4281),"1974","71-0",-100.90593,38.4281,113.959465,"66-131"
"1284","Scott",-93.51,NA,1974-01-21,381940100570001,171,0,c(-100.950492, 38.327201),"1974","143-72",-100.950492,38.327201,25.7818432,"0-65"
"1285","Lane",-85.03,"Healy",1974-12-11,383433100353601,101,0,c(-100.59442, 38.576206),"1974","143-72",-100.59442,38.576206,50.1583939,"0-65"
"1286","Scott",-86.73,NA,1974-03-18,382947100522901,171,0,c(-100.876022, 38.49622),"1974","143-72",-100.876022,38.49622,86.0412674,"66-131"
"1287","Lane",-61.02,"Healy",1974-01-21,383056100311801,101,0,c(-100.524019, 38.514457),"1974","71-0",-100.524019,38.514457,36.5925941,"0-65"
"1288","Wichita",-125.35,NA,1974-01-22,383119101091201,203,0,c(-101.154363, 38.520986),"1974","143-72",-101.154363,38.520986,35.5127182,"0-65"
"1289","Wichita",-131.74,NA,1974-01-21,383712101133001,203,0,c(-101.226311, 38.61928),"1974","143-72",-101.226311,38.61928,34.2964401,"0-65"
"1290","Finney",-74.38,"Garden City SW",1974-02-19,375002100542601,55,0,c(-100.906942, 37.833524),"1974","143-72",-100.906942,37.833524,354.3778992,"328-393"
"1291","Finney",-78.78,"Garden City SW",1974-12-12,375002100542601,55,0,c(-100.906942, 37.833524),"1974","143-72",-100.906942,37.833524,354.3778992,"328-393"
"1292","Finney",-72.89,"Plymell",1974-01-16,375020100474201,55,0,c(-100.795838, 37.839753),"1974","143-72",-100.795838,37.839753,244.1721344,"198-262"
"1293","Finney",-75.09,"PLYMELL",1974-01-15,374951100520201,55,0,c(-100.867812, 37.831445),"1974","143-72",-100.867812,37.831445,320.7000122,"263-328"
"1294","Finney",-99.9,"GARDEN CITY W",1974-06-19,375654100553201,55,0,c(-100.924542, 37.950144),"1974","143-72",-100.924542,37.950144,227.1202545,"198-262"
"1295","Finney",-27.68,NA,1974-10-01,375918100562102,55,0,c(-100.939758, 37.988321),"1974","71-0",-100.939758,37.988321,237.2518768,"198-262"
"1296","Gray",-90.96,NA,1974-01-25,375950100341901,69,0,c(-100.571946, 37.99729),"1974","143-72",-100.571946,37.99729,46.7189293,"0-65"
"1297","Finney",-68.26,"LOWE",1974-03-20,380109100570201,55,0,c(-100.951742, 38.018244),"1974","71-0",-100.951742,38.018244,215.2653656,"198-262"
"1298","Finney",-61.13,"Wolf",1974-01-16,380010101040601,55,0,c(-101.070071, 38.002373),"1974","71-0",-101.070071,38.002373,281.0352478,"263-328"
"1299","Finney",-48.72,"TENNIS NE",1974-01-21,380932100511801,55,0,c(-100.856035, 38.159652),"1974","71-0",-100.856035,38.159652,101.4963531,"66-131"
"1300","Finney",-82.72,"WOLF NE",1974-01-17,380945101014801,55,0,c(-101.03054, 38.163093),"1974","143-72",-101.03054,38.163093,24.0162086,"0-65"
"1301","Finney",-88.48,"SCOTT CITY 4 SW",1974-01-21,380613100412601,55,0,c(-100.690678, 38.103537),"1974","143-72",-100.690678,38.103537,32.1166306,"0-65"
"1302","Finney",-76.31,"LOWE",1974-09-18,380616100530402,55,0,c(-100.884699, 38.104714),"1974","143-72",-100.884699,38.104714,74.8310165,"66-131"
"1303","Scott",-48.28,"Scott City",1974-09-01,382539100541601,171,0,c(-100.90593, 38.4281),"1974","71-0",-100.90593,38.4281,113.959465,"66-131"
"1304","Wichita",-106.9,NA,1974-01-22,382711101101701,203,0,c(-101.172843, 38.452184),"1974","143-72",-101.172843,38.452184,25.5720634,"0-65"
"1305","Scott",-90.7,"Shallow Water",1974-12-01,382013100583901,171,0,c(-100.978934, 38.336792),"1974","143-72",-100.978934,38.336792,18.34902,"0-65"
"1306","Wichita",-119.53,NA,1974-01-22,383416101103601,203,0,c(-101.176933, 38.568698),"1974","143-72",-101.176933,38.568698,41.0798607,"0-65"
"1307","Scott",-121.9,"Lake Scott SE",1974-06-03,383316100505801,171,0,c(-100.851043, 38.555085),"1974","143-72",-100.851043,38.555085,47.8908463,"0-65"
"1308","Wichita",-118.27,"Pence SW",1974-01-22,383033101130402,203,0,c(-101.219034, 38.50827),"1974","143-72",-101.219034,38.50827,39.8465157,"0-65"
"1309","Wichita",-102.68,"Marienthal",1974-01-21,382902101090301,203,0,c(-101.152133, 38.48314),"1974","143-72",-101.152133,38.48314,17.7463551,"0-65"
"1310","Kearny",-66.52,"Deerfield SW",1974-01-21,374920101105701,93,0,c(-101.188665, 37.819875),"1974","71-0",-101.188665,37.819875,199.9544525,"198-262"
"1311","Finney",-77.44,"DEERFIELD SE",1974-01-16,375002101020401,55,0,c(-101.034846, 37.833173),"1974","143-72",-101.034846,37.833173,227.142807,"198-262"
"1312","Gray",-15,NA,1974-01-24,375134100320801,69,0,c(-100.536622, 37.861259),"1974","71-0",-100.536622,37.861259,129.3429108,"66-131"
"1313","Finney",-68.19,"PLYMELL",1974-01-16,375145100485701,55,0,c(-100.817939, 37.862093),"1974","71-0",-100.817939,37.862093,230.7241211,"198-262"
"1314","Finney",-7.42,NA,1974-01-15,375400100450701,55,0,c(-100.752679, 37.90107),"1974","71-0",-100.752679,37.90107,163.6250305,"132-197"
"1315","Gray",-127.92,NA,1974-01-25,375825100380101,69,0,c(-100.633731, 37.974249),"1974","143-72",-100.633731,37.974249,69.0072556,"66-131"
"1316","Finney",-21.24,NA,1974-01-01,375918100562102,55,0,c(-100.939758, 37.988321),"1974","71-0",-100.939758,37.988321,237.2518768,"198-262"
"1317","Finney",-91.92,NA,1974-09-16,375936100484901,55,0,c(-100.814158, 37.993812),"1974","143-72",-100.814158,37.993812,186.9508972,"132-197"
"1318","Finney",-51.58,"LOWE",1974-01-17,380033100523501,55,0,c(-100.879539, 38.007753),"1974","71-0",-100.879539,38.007753,201.2955322,"198-262"
"1319","Finney",-59.76,"TENNIS NE",1974-01-18,381242100514201,55,0,c(-100.860934, 38.210702),"1974","71-0",-100.860934,38.210702,48.2055664,"0-65"
"1320","Finney",-121.05,"WOLF NE",1974-01-17,380932101045601,55,0,c(-101.084641, 38.158823),"1974","143-72",-101.084641,38.158823,50.4376602,"0-65"
"1321","Finney",-67.05,"TENNIS",1974-01-17,380807100574302,55,0,c(-100.962521, 38.135292),"1974","71-0",-100.962521,38.135292,40.6415253,"0-65"
"1322","Finney",-98.37,"WOLF NE",1974-09-16,381340101010701,55,0,c(-101.020938, 38.228523),"1974","143-72",-101.020938,38.228523,27.4181557,"0-65"
"1323","Finney",-80.92,"WOLF",1974-01-17,380319101012301,55,0,c(-101.023682, 38.055246),"1974","143-72",-101.023682,38.055246,183.6050262,"132-197"
"1324","Scott",-76.84,NA,1974-01-21,382032101023101,171,0,c(-101.042977, 38.341743),"1974","143-72",-101.042977,38.341743,38.270359,"0-65"
"1325","Scott",-100.66,NA,1974-12-11,381822100575701,171,0,c(-100.966301, 38.305396),"1974","143-72",-100.966301,38.305396,14.1244535,"0-65"
"1326","Scott",-81,NA,1974-12-23,381710100562602,171,0,c(-100.940743, 38.285621),"1974","143-72",-100.940743,38.285621,34.5431366,"0-65"
"1327","Scott",-67.95,NA,1974-03-18,381946100540601,171,0,c(-100.902089, 38.329489),"1974","71-0",-100.902089,38.329489,62.5884705,"0-65"
"1328","Lane",-85.71,"Healy",1974-06-03,383433100353601,101,0,c(-100.59442, 38.576206),"1974","143-72",-100.59442,38.576206,50.1583939,"0-65"
"1329","Scott",-124.9,NA,1974-01-22,383527100485401,171,0,c(-100.816633, 38.591051),"1974","143-72",-100.816633,38.591051,25.5545788,"0-65"
"1330","Wichita",-107.69,"Marienthal",1974-03-14,382902101090301,203,0,c(-101.152133, 38.48314),"1974","143-72",-101.152133,38.48314,17.7463551,"0-65"
"1331","Finney",-99.15,"GARDEN CITY W",1974-03-07,375239100552401,55,0,c(-100.924743, 37.876904),"1974","143-72",-100.924743,37.876904,391.4738159,"328-393"
"1332","Finney",-142.34,"GARDEN CITY W",1974-09-11,375239100552401,55,0,c(-100.924743, 37.876904),"1974","143-72",-100.924743,37.876904,391.4738159,"328-393"
"1333","Finney",-81.73,"DEERFIELD SE",1974-06-05,375002101020401,55,0,c(-101.034846, 37.833173),"1974","143-72",-101.034846,37.833173,227.142807,"198-262"
"1334","Finney",-75.79,"PLYMELL",1974-06-05,374951100520201,55,0,c(-100.867812, 37.831445),"1974","143-72",-100.867812,37.831445,320.7000122,"263-328"
"1335","Finney",-20.41,"PIERCEVILLE",1974-01-15,375327100415801,55,0,c(-100.700187, 37.891563),"1974","71-0",-100.700187,37.891563,115.8811569,"66-131"
"1336","Finney",-57.12,NA,1974-01-18,375453101052601,55,0,c(-101.091816, 37.914283),"1974","71-0",-101.091816,37.914283,198.1529846,"198-262"
"1337","Finney",-123.12,"Pierceville",1974-12-12,375558100430401,55,0,c(-100.718534, 37.933372),"1974","143-72",-100.718534,37.933372,116.6766434,"66-131"
"1338","Gray",-126.63,NA,1974-06-03,375732100363001,69,0,c(-100.608569, 37.959509),"1974","143-72",-100.608569,37.959509,74.0770035,"66-131"
"1339","Finney",-22.82,NA,1974-07-01,375918100562102,55,0,c(-100.939758, 37.988321),"1974","71-0",-100.939758,37.988321,237.2518768,"198-262"
"1340","Finney",-88.58,NA,1974-12-12,375936100484901,55,0,c(-100.814158, 37.993812),"1974","143-72",-100.814158,37.993812,186.9508972,"132-197"
"1341","Finney",-96.5,"WOLF",1974-04-01,380201101030101,55,0,c(-101.052174, 38.032793),"1974","143-72",-101.052174,38.032793,238.6692352,"198-262"
"1342","Finney",-118.84,"WHITE WOMAN BOTTOMS",1974-01-18,380220100485001,55,0,c(-100.814218, 38.039161),"1974","143-72",-100.814218,38.039161,129.8654633,"66-131"
"1343","Finney",-85.83,"WOLF NE",1974-03-20,381340101010701,55,0,c(-101.020938, 38.228523),"1974","143-72",-101.020938,38.228523,27.4181557,"0-65"
"1344","Finney",-94.18,NA,1974-03-20,380648101004301,55,0,c(-101.012404, 38.113458),"1974","143-72",-101.012404,38.113458,45.8883247,"0-65"
"1345","Kearny",-93.95,"Wolf",1974-03-19,380344101071301,93,0,c(-101.120134, 38.062156),"1974","143-72",-101.120134,38.062156,183.2061005,"132-197"
"1346","Scott",-44.66,NA,1974-01-21,382711100553101,171,0,c(-100.926439, 38.452367),"1974","71-0",-100.926439,38.452367,95.6384888,"66-131"
"1347","Scott",-57.69,NA,1974-09-18,382730100553102,171,0,c(-100.926439, 38.457799),"1974","71-0",-100.926439,38.457799,94.1772842,"66-131"
"1348","Scott",-90.03,"Shallow Water",1974-07-01,382013100583901,171,0,c(-100.978934, 38.336792),"1974","143-72",-100.978934,38.336792,18.34902,"0-65"
"1349","Scott",-90.82,"Shallow Water",1974-11-01,382013100583901,171,0,c(-100.978934, 38.336792),"1974","143-72",-100.978934,38.336792,18.34902,"0-65"
"1350","Scott",-51.25,NA,1974-01-21,382427101042001,171,0,c(-101.073904, 38.407034),"1974","71-0",-101.073904,38.407034,23.9435177,"0-65"
"1351","Scott",-145.27,"Pence",1974-01-22,383804101062801,171,0,c(-101.110032, 38.634297),"1974","215-144",-101.110032,38.634297,16.2080746,"0-65"
"1352","Scott",-129.09,NA,1974-03-13,383633101073401,171,0,c(-101.126832, 38.607977),"1974","143-72",-101.126832,38.607977,26.3535538,"0-65"
"1353","Scott",-90.46,"Lake Scott SW",1974-06-17,383046100594901,171,0,c(-100.999029, 38.511569),"1974","143-72",-100.999029,38.511569,38.6821022,"0-65"
"1354","Scott",-102.57,"Lake Scott SW",1974-01-22,383053100573701,171,0,c(-100.962228, 38.514239),"1974","143-72",-100.962228,38.514239,62.0610085,"0-65"
"1355","Wichita",-112.98,"Marienthal",1974-09-18,382902101090301,203,0,c(-101.152133, 38.48314),"1974","143-72",-101.152133,38.48314,17.7463551,"0-65"
"1356","Finney",-83.72,"Garden City SW",1974-09-01,375002100542601,55,0,c(-100.906942, 37.833524),"1974","143-72",-100.906942,37.833524,354.3778992,"328-393"
"1357","Finney",-80.41,"DEERFIELD SE",1974-12-12,375002101020401,55,0,c(-101.034846, 37.833173),"1974","143-72",-101.034846,37.833173,227.142807,"198-262"
"1358","Kearny",-65.76,NA,1974-01-18,375011101142201,93,0,c(-101.239463, 37.83646),"1974","71-0",-101.239463,37.83646,191.7704468,"132-197"
"1359","Finney",-12.39,NA,1974-01-15,375805100593001,55,0,c(-100.991884, 37.968347),"1974","71-0",-100.991884,37.968347,250.6941986,"198-262"
"1360","Finney",-122.58,"WOLF",1974-07-01,380201101030101,55,0,c(-101.052174, 38.032793),"1974","143-72",-101.052174,38.032793,238.6692352,"198-262"
"1361","Finney",-129.22,"WOLF",1974-09-01,380201101030101,55,0,c(-101.052174, 38.032793),"1974","143-72",-101.052174,38.032793,238.6692352,"198-262"
"1362","Finney",-67.51,"TENNIS NE",1974-06-18,381242100514201,55,0,c(-100.860934, 38.210702),"1974","71-0",-100.860934,38.210702,48.2055664,"0-65"
"1363","Finney",-56.13,"TENNIS",1974-01-21,381103100592902,55,0,c(-100.992184, 38.184151),"1974","71-0",-100.992184,38.184151,31.160841,"0-65"
"1364","Finney",-93.1,"TENNIS",1974-09-18,380801100554801,55,0,c(-100.930488, 38.133423),"1974","143-72",-100.930488,38.133423,58.5333786,"0-65"
"1365","Kearny",-93.14,"Wolf",1974-01-18,380344101071301,93,0,c(-101.120134, 38.062156),"1974","143-72",-101.120134,38.062156,183.2061005,"132-197"
"1366","Scott",-43.06,"Scott City",1974-07-01,382539100541601,171,0,c(-100.90593, 38.4281),"1974","71-0",-100.90593,38.4281,113.959465,"66-131"
"1367","Scott",-46.53,"Scott City",1974-08-01,382539100541601,171,0,c(-100.90593, 38.4281),"1974","71-0",-100.90593,38.4281,113.959465,"66-131"
"1368","Scott",-46.08,"Scott City",1974-11-01,382539100541601,171,0,c(-100.90593, 38.4281),"1974","71-0",-100.90593,38.4281,113.959465,"66-131"
"1369","Scott",-106.26,"Scott City",1974-12-11,382401100565301,171,0,c(-100.950431, 38.400321),"1974","143-72",-100.950431,38.400321,32.2871704,"0-65"
"1370","Scott",-93.51,NA,1974-01-21,381940100570002,171,0,c(-100.950492, 38.327201),"1974","143-72",-100.950492,38.327201,25.7818432,"0-65"
"1371","Scott",-119.96,"Lake Scott SW",1974-01-22,383448100555801,171,0,c(-100.934027, 38.579288),"1974","143-72",-100.934027,38.579288,51.0589561,"0-65"
"1372","Scott",-120.15,"Lake Scott SE",1974-01-22,383316100505801,171,0,c(-100.851043, 38.555085),"1974","143-72",-100.851043,38.555085,47.8908463,"0-65"
"1373","Lane",-89.3,"Shields",1974-01-21,383551100275501,101,0,c(-100.468566, 38.597532),"1974","143-72",-100.468566,38.597532,28.936739,"0-65"
"1374","Scott",-99.8,NA,1974-01-22,382954101045502,171,0,c(-101.083012, 38.497838),"1974","143-72",-101.083012,38.497838,27.6532269,"0-65"
"1375","Finney",-132.84,"Pierceville",1974-06-03,375558100430401,55,0,c(-100.718534, 37.933372),"1974","143-72",-100.718534,37.933372,116.6766434,"66-131"
"1376","Finney",-35.72,"Garden City East",1974-01-15,375624100511301,55,0,c(-100.852589, 37.939383),"1974","71-0",-100.852589,37.939383,217.1285553,"198-262"
"1377","Finney",-16.41,"GARDEN CITY W",1974-01-16,375825100550701,55,0,c(-100.918944, 37.974115),"1974","71-0",-100.918944,37.974115,226.171524,"198-262"
"1378","Kearny",-61.52,"Wolf",1974-01-18,380153101071302,93,0,c(-101.120135, 38.031501),"1974","71-0",-101.120135,38.031501,260.410614,"198-262"
"1379","Kearny",-39.82,"Wolf SW",1974-01-18,380118101104802,93,0,c(-101.180266, 38.022821),"1974","71-0",-101.180266,38.022821,77.9963608,"66-131"
"1380","Finney",-80.73,"TENNIS NE",1974-09-18,381242100514201,55,0,c(-100.860934, 38.210702),"1974","143-72",-100.860934,38.210702,48.2055664,"0-65"
"1381","Finney",-104.04,NA,1974-09-16,380648101004301,55,0,c(-101.012404, 38.113458),"1974","143-72",-101.012404,38.113458,45.8883247,"0-65"
"1382","Finney",-105.27,"LOWE",1974-01-17,380543100582401,55,0,c(-100.973952, 38.095361),"1974","143-72",-100.973952,38.095361,79.6128693,"66-131"
"1383","Finney",-89.36,"SCOTT CITY 4 SW",1974-01-21,380435100422401,55,0,c(-100.705431, 38.076291),"1974","143-72",-100.705431,38.076291,51.7435074,"0-65"
"1384","Scott",-40.2,"Scott City",1974-01-01,382539100541601,171,0,c(-100.90593, 38.4281),"1974","71-0",-100.90593,38.4281,113.959465,"66-131"
"1385","Scott",-58.3,NA,1974-01-21,382730100553102,171,0,c(-100.926439, 38.457799),"1974","71-0",-100.926439,38.457799,94.1772842,"66-131"
"1386","Scott",-89.8,"Shallow Water",1974-02-01,382013100583901,171,0,c(-100.978934, 38.336792),"1974","143-72",-100.978934,38.336792,18.34902,"0-65"
"1387","Scott",-89.8,"Shallow Water",1974-04-01,382013100583901,171,0,c(-100.978934, 38.336792),"1974","143-72",-100.978934,38.336792,18.34902,"0-65"
"1388","Scott",-89.98,"Shallow Water",1974-06-01,382013100583901,171,0,c(-100.978934, 38.336792),"1974","143-72",-100.978934,38.336792,18.34902,"0-65"
"1389","Scott",-104.94,"Tractor",1974-01-21,382947100495001,171,0,c(-100.833127, 38.497258),"1974","143-72",-100.833127,38.497258,62.6735115,"0-65"
"1390","Scott",-108.42,NA,1974-01-22,383106101020201,171,0,c(-101.034732, 38.517658),"1974","143-72",-101.034732,38.517658,28.842453,"0-65"
"1391","Wichita",-109.27,"Marienthal",1974-06-18,382902101090301,203,0,c(-101.152133, 38.48314),"1974","143-72",-101.152133,38.48314,17.7463551,"0-65"
"1392","Finney",-120.62,"Pierceville",1974-01-22,375558100430401,55,0,c(-100.718534, 37.933372),"1974","143-72",-100.718534,37.933372,116.6766434,"66-131"
"1393","Kearny",-12.05,"Deerfield NE",1974-01-18,375738101071302,93,0,c(-101.120075, 37.960456),"1974","71-0",-101.120075,37.960456,294.6595764,"263-328"
"1394","Finney",-20.08,NA,1974-04-01,375918100562102,55,0,c(-100.939758, 37.988321),"1974","71-0",-100.939758,37.988321,237.2518768,"198-262"
"1395","Finney",-22.17,NA,1974-06-01,375918100562102,55,0,c(-100.939758, 37.988321),"1974","71-0",-100.939758,37.988321,237.2518768,"198-262"
"1396","Finney",-25.27,NA,1974-09-01,375918100562102,55,0,c(-100.939758, 37.988321),"1974","71-0",-100.939758,37.988321,237.2518768,"198-262"
"1397","Finney",-81.8,"WOLF",1974-01-01,380201101030101,55,0,c(-101.052174, 38.032793),"1974","143-72",-101.052174,38.032793,238.6692352,"198-262"
"1398","Finney",-101.62,NA,1974-06-19,380648101004301,55,0,c(-101.012404, 38.113458),"1974","143-72",-101.012404,38.113458,45.8883247,"0-65"
"1399","Scott",-112.75,NA,1974-01-22,382718101064201,171,0,c(-101.112982, 38.454137),"1974","143-72",-101.112982,38.454137,27.0332355,"0-65"
"1400","Scott",-96.73,NA,1974-03-14,381822100575701,171,0,c(-100.966301, 38.305396),"1974","143-72",-100.966301,38.305396,14.1244535,"0-65"
"1401","Scott",-89.82,"Shallow Water",1974-03-01,382013100583901,171,0,c(-100.978934, 38.336792),"1974","143-72",-100.978934,38.336792,18.34902,"0-65"
"1402","Wichita",-56.66,NA,1974-01-21,381900101104901,203,0,c(-101.179988, 38.315985),"1974","71-0",-101.179988,38.315985,19.3323154,"0-65"
"1403","Scott",-79.77,"Shallow Water",1974-12-11,382144100523501,171,0,c(-100.878231, 38.36235),"1974","143-72",-100.878231,38.36235,92.3410187,"66-131"
"1404","Scott",-64.86,NA,1974-06-03,381946100540601,171,0,c(-100.902089, 38.329489),"1974","71-0",-100.902089,38.329489,62.5884705,"0-65"
"1405","Scott",-102.28,NA,1974-01-22,383211100541801,171,0,c(-100.906797, 38.536348),"1974","143-72",-100.906797,38.536348,81.2012939,"66-131"
"1406","Scott",-119.59,"Lake Scott SE",1974-03-18,383316100505801,171,0,c(-100.851043, 38.555085),"1974","143-72",-100.851043,38.555085,47.8908463,"0-65"
"1407","Wichita",-124.71,NA,1974-01-22,383448101133801,203,0,c(-101.228324, 38.579181),"1974","143-72",-101.228324,38.579181,38.7485504,"0-65"
"1408","Scott",-121.67,"Pence SE",1974-01-22,383250101012901,171,0,c(-101.026429, 38.547359),"1974","143-72",-101.026429,38.547359,32.1331978,"0-65"
"1409","Scott",-69.04,NA,1974-01-21,382829100531001,171,0,c(-100.88762, 38.474476),"1974","71-0",-100.88762,38.474476,93.3789902,"66-131"
"1410","Finney",-102.92,"GARDEN CITY W",1974-03-07,375239100574301,55,0,c(-100.961244, 37.876724),"1974","143-72",-100.961244,37.876724,385.1266479,"328-393"
"1411","Finney",-88.8,"GARDEN CITY SW",1974-01-15,375146100570201,55,0,c(-100.951006, 37.863153),"1974","143-72",-100.951006,37.863153,399.3138733,"393-459"
"1412","Finney",-76.99,"DEERFIELD SE",1974-03-06,375002101020401,55,0,c(-101.034846, 37.833173),"1974","143-72",-101.034846,37.833173,227.142807,"198-262"
"1413","Finney",-74.34,"PLYMELL",1974-03-06,374951100520201,55,0,c(-100.867812, 37.831445),"1974","143-72",-100.867812,37.831445,320.7000122,"263-328"
"1414","Gray",-133.2,"Pierceville NE",1974-01-24,375339100331401,69,0,c(-100.555129, 37.896072),"1974","143-72",-100.555129,37.896072,99.1343842,"66-131"
"1415","Finney",-88.41,NA,1974-06-03,375936100484901,55,0,c(-100.814158, 37.993812),"1974","143-72",-100.814158,37.993812,186.9508972,"132-197"
"1416","Finney",-83.93,"LOWE",1974-09-16,380109100570201,55,0,c(-100.951742, 38.018244),"1974","143-72",-100.951742,38.018244,215.2653656,"198-262"
"1417","Finney",-99.97,"SCOTT CITY 4 SW",1974-01-21,380013100415901,55,0,c(-100.699773, 38.003729),"1974","143-72",-100.699773,38.003729,80.425209,"66-131"
"1418","Finney",-106.3,"WOLF",1974-11-01,380201101030101,55,0,c(-101.052174, 38.032793),"1974","143-72",-101.052174,38.032793,238.6692352,"198-262"
"1419","Finney",-104.08,"LOWE",1974-01-17,380438100595401,55,0,c(-100.996292, 38.077096),"1974","143-72",-100.996292,38.077096,123.5416718,"66-131"
"1420","Finney",-52.8,"LOWE",1974-01-17,380346100554001,55,0,c(-100.928281, 38.062935),"1974","71-0",-100.928281,38.062935,151.2133331,"132-197"
"1421","Finney",-31.3,"LOWE",1974-03-14,380616100530402,55,0,c(-100.884699, 38.104714),"1974","71-0",-100.884699,38.104714,74.8310165,"66-131"
"1422","Finney",-104.12,"WOLF",1974-01-17,380510101024501,55,0,c(-101.046647, 38.086037),"1974","143-72",-101.046647,38.086037,119.8775406,"66-131"
"1423","Scott",-58.13,NA,1974-03-14,382730100553102,171,0,c(-100.926439, 38.457799),"1974","71-0",-100.926439,38.457799,94.1772842,"66-131"
"1424","Scott",-93.14,NA,1974-01-21,382810100594001,171,0,c(-100.995776, 38.468709),"1974","143-72",-100.995776,38.468709,45.7723198,"0-65"
"1425","Scott",-90.8,"Shallow Water",1974-08-01,382013100583901,171,0,c(-100.978934, 38.336792),"1974","143-72",-100.978934,38.336792,18.34902,"0-65"
"1426","Scott",-96.03,NA,1974-01-21,381921100592801,171,0,c(-100.991835, 38.322422),"1974","143-72",-100.991835,38.322422,16.2596912,"0-65"
"1427","Scott",-116.11,NA,1974-01-22,383434100453101,171,0,c(-100.761777, 38.576235),"1974","143-72",-100.761777,38.576235,30.2330818,"0-65"
"1428","Scott",-129.8,NA,1974-01-22,383454100581101,171,0,c(-100.971177, 38.580981),"1974","143-72",-100.971177,38.580981,41.5820084,"0-65"
"1429","Wichita",-118.11,NA,1974-01-22,382921101120501,203,0,c(-101.202826, 38.488164),"1974","143-72",-101.202826,38.488164,29.9991817,"0-65"
"1430","Scott",-78.24,NA,1974-01-22,382854100454601,171,0,c(-100.765563, 38.481967),"1974","143-72",-100.765563,38.481967,38.6288109,"0-65"
"1431","Scott",-139.21,NA,1974-01-22,383711101005801,171,0,c(-101.016649, 38.618883),"1974","143-72",-101.016649,38.618883,33.1108894,"0-65"
"1432","Scott",-142.88,NA,1974-01-22,383712101041601,171,0,c(-101.072193, 38.618822),"1974","143-72",-101.072193,38.618822,27.8051682,"0-65"
"1433","Finney",-65.23,"DEERFIELD NE",1974-01-18,375255101041801,55,0,c(-101.091252, 37.88227),"1974","71-0",-101.091252,37.88227,201.6471405,"198-262"
"1434","Finney",-119.54,"PIERCEVILLE",1974-01-22,375841100411801,55,0,c(-100.688405, 37.979957),"1974","143-72",-100.688405,37.979957,84.5891113,"66-131"
"1435","Finney",-21.23,NA,1974-05-01,375918100562102,55,0,c(-100.939758, 37.988321),"1974","71-0",-100.939758,37.988321,237.2518768,"198-262"
"1436","Finney",-131.98,"WOLF",1974-08-01,380201101030101,55,0,c(-101.052174, 38.032793),"1974","143-72",-101.052174,38.032793,238.6692352,"198-262"
"1437","Finney",-84.25,"WOLF",1974-01-17,380253101045501,55,0,c(-101.084344, 38.046943),"1974","143-72",-101.084344,38.046943,235.0014954,"198-262"
"1438","Finney",-84.47,"WOLF NE",1974-01-17,381340101010701,55,0,c(-101.020938, 38.228523),"1974","143-72",-101.020938,38.228523,27.4181557,"0-65"
"1439","Finney",-106.23,NA,1974-12-12,380648101004301,55,0,c(-101.012404, 38.113458),"1974","143-72",-101.012404,38.113458,45.8883247,"0-65"
"1440","Finney",-86.1,"WOLF",1974-01-17,380405101031801,55,0,c(-101.055863, 38.067757),"1974","143-72",-101.055863,38.067757,165.4048615,"132-197"
"1441","Scott",-109.73,"Modoc",1974-01-21,382704101041301,171,0,c(-101.072232, 38.45152),"1974","143-72",-101.072232,38.45152,24.1138172,"0-65"
"1442","Scott",-65.46,"Modoc",1974-01-21,382552101002001,171,0,c(-101.007331, 38.431401),"1974","71-0",-101.007331,38.431401,53.6147194,"0-65"
"1443","Scott",-70.81,NA,1974-01-21,382204100544001,171,0,c(-100.911687, 38.367468),"1974","71-0",-100.911687,38.367468,76.6924438,"66-131"
"1444","Scott",-106.82,"Pawnee Mound",1974-01-21,381847100510201,171,0,c(-100.850231, 38.311871),"1974","143-72",-100.850231,38.311871,39.1924858,"0-65"
"1445","Scott",-93.31,"Scott City",1974-06-18,382401100565301,171,0,c(-100.950431, 38.400321),"1974","143-72",-100.950431,38.400321,32.2871704,"0-65"
"1446","Scott",-132.18,"Lake Scott SE",1974-12-11,383316100505801,171,0,c(-100.851043, 38.555085),"1974","143-72",-100.851043,38.555085,47.8908463,"0-65"
"1447","Lane",-78.19,"Shields",1974-01-21,383222100283401,101,0,c(-100.477317, 38.539916),"1974","143-72",-100.477317,38.539916,42.1845779,"0-65"
"1448","Scott",-89.82,"Lake Scott SW",1974-01-22,383046100594901,171,0,c(-100.999029, 38.511569),"1974","143-72",-100.999029,38.511569,38.6821022,"0-65"
"1449","Scott",-88.1,NA,1974-01-21,382947100522901,171,0,c(-100.876022, 38.49622),"1974","143-72",-100.876022,38.49622,86.0412674,"66-131"
"1450","Scott",-69.87,"SCOTT CITY",1974-01-21,382902100573601,171,0,c(-100.961428, 38.483083),"1974","71-0",-100.961428,38.483083,65.0909271,"0-65"
"1451","Gray",-17.56,NA,1974-01-24,375151100354901,69,0,c(-100.597827, 37.865409),"1974","71-0",-100.597827,37.865409,112.7660446,"66-131"
"1452","Finney",-119,"GARDEN CITY W",1974-06-19,375239100552401,55,0,c(-100.924743, 37.876904),"1974","143-72",-100.924743,37.876904,391.4738159,"328-393"
"1453","Finney",-70.16,"GARDEN CITY W",1974-03-07,375449100574301,55,0,c(-100.961144, 37.913344),"1974","71-0",-100.961144,37.913344,295.8171997,"263-328"
"1454","Gray",-127.92,NA,1974-09-03,375732100363001,69,0,c(-100.608569, 37.959509),"1974","143-72",-100.608569,37.959509,74.0770035,"66-131"
"1455","Kearny",-14.04,NA,1974-01-18,375643101113702,93,0,c(-101.193669, 37.945456),"1974","71-0",-101.193669,37.945456,240.6399689,"198-262"
"1456","Finney",-81.09,"WOLF",1974-01-17,380109101014001,55,0,c(-101.028322, 38.018808),"1974","143-72",-101.028322,38.018808,239.4837799,"198-262"
"1457","Finney",-77.85,"Wolf",1974-01-17,380115101032601,55,0,c(-101.058334, 38.020593),"1974","143-72",-101.058334,38.020593,259.1282654,"198-262"
"1458","Finney",-88.13,"SCOTT CITY 4 NW",1974-01-21,380856100403702,55,0,c(-100.677004, 38.148962),"1974","143-72",-100.677004,38.148962,24.6045208,"0-65"
"1459","Finney",-120.48,"WOLF",1974-01-17,380603101045501,55,0,c(-101.083512, 38.10038),"1974","143-72",-101.083512,38.10038,103.814209,"66-131"
"1460","Scott",-42.91,"Scott City",1974-05-01,382539100541601,171,0,c(-100.90593, 38.4281),"1974","71-0",-100.90593,38.4281,113.959465,"66-131"
"1461","Scott",-103.48,"Modoc",1974-01-22,382756101015201,171,0,c(-101.032531, 38.46449),"1974","143-72",-101.032531,38.46449,24.0350838,"0-65"
"1462","Scott",-72.84,NA,1974-01-21,382333100460001,171,0,c(-100.769517, 38.392948),"1974","143-72",-100.769517,38.392948,10,"0-65"
"1463","Scott",-87.82,"Scott City",1974-03-14,382401100565301,171,0,c(-100.950431, 38.400321),"1974","143-72",-100.950431,38.400321,32.2871704,"0-65"
"1464","Finney",-54.16,NA,1974-01-17,381538100543401,55,0,c(-100.910209, 38.260673),"1974","71-0",-100.910209,38.260673,47.497612,"0-65"
"1465","Lane",-112.47,NA,1974-01-21,383605100343101,101,0,c(-100.576042, 38.601167),"1974","143-72",-100.576042,38.601167,47.1740036,"0-65"
"1466","Scott",-130.22,NA,1974-06-17,383633101073401,171,0,c(-101.126832, 38.607977),"1974","143-72",-101.126832,38.607977,26.3535538,"0-65"
"1467","Scott",-100.74,NA,1974-01-22,383223100473801,171,0,c(-100.79547, 38.540163),"1974","143-72",-100.79547,38.540163,34.848938,"0-65"
"1468","Scott",-142.55,NA,1974-01-22,383553101005701,171,0,c(-101.016588, 38.59714),"1974","143-72",-101.016588,38.59714,36.158287,"0-65"
"1469","Scott",-92.54,NA,1974-12-11,382947100522901,171,0,c(-100.876022, 38.49622),"1974","143-72",-100.876022,38.49622,86.0412674,"66-131"
"1470","Scott",-108.05,NA,1974-01-22,382948101073301,171,0,c(-101.126531, 38.495549),"1974","143-72",-101.126531,38.495549,24.2663403,"0-65"
"1471","Finney",-131.5,"Garden City SW",1974-07-01,375002100542601,55,0,c(-100.906942, 37.833524),"1974","143-72",-100.906942,37.833524,354.3778992,"328-393"
"1472","Finney",-87.92,NA,1974-01-16,375124101003101,55,0,c(-101.009113, 37.856622),"1974","143-72",-101.009113,37.856622,285.6362915,"263-328"
"1473","Finney",-76.63,"GARDEN CITY W",1974-03-07,375357100563701,55,0,c(-100.942943, 37.898624),"1974","143-72",-100.942943,37.898624,344.1869507,"328-393"
"1474","Finney",-20.37,NA,1974-03-01,375918100562102,55,0,c(-100.939758, 37.988321),"1974","71-0",-100.939758,37.988321,237.2518768,"198-262"
"1475","Finney",-72.05,"LOWE",1974-01-17,380102100575101,55,0,c(-100.965043, 38.017175),"1974","143-72",-100.965043,38.017175,217.777771,"198-262"
"1476","Finney",-85.51,"LOWE",1974-12-12,380109100570201,55,0,c(-100.951742, 38.018244),"1974","143-72",-100.951742,38.018244,215.2653656,"198-262"
"1477","Finney",-18.97,NA,1974-01-18,381043100274201,55,0,c(-100.462687, 38.178074),"1974","71-0",-100.462687,38.178074,NA,NA
"1478","Finney",-91.99,"SCOTT CITY 4 NW",1974-01-21,380831100431301,55,0,c(-100.720463, 38.141928),"1974","143-72",-100.720463,38.141928,43.1282158,"0-65"
"1479","Finney",-79.63,"LOWE",1974-03-20,380339100582401,55,0,c(-100.974136, 38.060815),"1974","143-72",-100.974136,38.060815,155.9525604,"132-197"
"1480","Scott",-42.38,"Scott City",1974-04-01,382539100541601,171,0,c(-100.90593, 38.4281),"1974","71-0",-100.90593,38.4281,113.959465,"66-131"
"1481","Scott",-47.16,"Scott City",1974-10-01,382539100541601,171,0,c(-100.90593, 38.4281),"1974","71-0",-100.90593,38.4281,113.959465,"66-131"
"1482","Scott",-61.42,NA,1974-01-21,381557100523301,171,0,c(-100.87377, 38.265937),"1974","71-0",-100.87377,38.265937,40.4523964,"0-65"
"1483","Scott",-84.94,NA,1974-01-21,382039100555401,171,0,c(-100.932196, 38.343649),"1974","143-72",-100.932196,38.343649,46.8991127,"0-65"
"1484","Scott",-113.23,"SHALLOW WATER",1974-01-21,382223100594602,171,0,c(-100.998053, 38.372532),"1974","143-72",-100.998053,38.372532,41.1171227,"0-65"
"1485","Wichita",-34.8,NA,1974-01-21,382236101130201,203,0,c(-101.218256, 38.375723),"1974","71-0",-101.218256,38.375723,10,"0-65"
"1486","Scott",-88.99,NA,1974-01-21,382112100570001,171,0,c(-100.950735, 38.352606),"1974","143-72",-100.950735,38.352606,34.56567,"0-65"
"1487","Scott",-89.9,"Shallow Water",1974-05-01,382013100583901,171,0,c(-100.978934, 38.336792),"1974","143-72",-100.978934,38.336792,18.34902,"0-65"
"1488","Scott",-91.13,"Shallow Water",1974-10-01,382013100583901,171,0,c(-100.978934, 38.336792),"1974","143-72",-100.978934,38.336792,18.34902,"0-65"
"1489","Scott",-40.39,NA,1974-01-21,382441100543301,171,0,c(-100.9098, 38.41165),"1974","71-0",-100.9098,38.41165,94.2242584,"66-131"
"1490","Scott",-63.86,NA,1974-01-21,381946100540601,171,0,c(-100.902089, 38.329489),"1974","71-0",-100.902089,38.329489,62.5884705,"0-65"
"1491","Finney",-33.26,NA,1974-01-18,381548100384201,55,0,c(-100.646057, 38.263158),"1974","71-0",-100.646057,38.263158,10,"0-65"
"1492","Lane",-95.04,"Cheyenne Creek",1974-01-21,383743100295901,101,0,c(-100.500866, 38.627432),"1974","143-72",-100.500866,38.627432,37.455452,"0-65"
"1493","Scott",-118.08,"Pence SE",1974-01-22,383448101044801,171,0,c(-101.082431, 38.578808),"1974","143-72",-101.082431,38.578808,49.6180763,"0-65"
"1494","Scott",-112.83,NA,1974-01-22,383237100581901,171,0,c(-100.973313, 38.542988),"1974","143-72",-100.973313,38.542988,50.5121078,"0-65"
"1495","Scott",-114.67,NA,1974-01-22,383238101052101,171,0,c(-101.090336, 38.542759),"1974","143-72",-101.090336,38.542759,45.8744507,"0-65"
"1496","Scott",-129.81,"Lake Scott SE",1974-01-22,383724100474001,171,0,c(-100.796424, 38.623976),"1974","143-72",-100.796424,38.623976,17.7610531,"0-65"
"1497","Finney",-74.4,"Garden City SW",1974-02-01,375002100542601,55,0,c(-100.906942, 37.833524),"1974","143-72",-100.906942,37.833524,354.3778992,"328-393"
"1498","Finney",-87.1,"Garden City West",1974-01-01,375516100555601,55,0,c(-100.933742, 37.920424),"1974","143-72",-100.933742,37.920424,284.3483887,"263-328"
"1499","Finney",-74.52,"Garden City SW",1974-04-01,375002100542601,55,0,c(-100.906942, 37.833524),"1974","143-72",-100.906942,37.833524,354.3778992,"328-393"
"1500","Finney",-101.91,"GARDEN CITY W",1974-06-19,375357100563701,55,0,c(-100.942943, 37.898624),"1974","143-72",-100.942943,37.898624,344.1869507,"328-393"
"1501","Finney",-11.39,"Garden City East",1974-01-15,375526100461301,55,0,c(-100.771586, 37.924263),"1974","71-0",-100.771586,37.924263,189.030426,"132-197"
"1502","Finney",-72.83,"GARDEN CITY W",1974-12-12,375614100562101,55,0,c(-100.939743, 37.937694),"1974","143-72",-100.939743,37.937694,240.4140625,"198-262"
"1503","Finney",-86.78,"KALVESTA SW",1974-01-25,380006100293001,55,0,c(-100.491125, 38.00255),"1974","143-72",-100.491125,38.00255,48.3329163,"0-65"
"1504","Finney",-79.9,"WOLF",1974-02-01,380201101030101,55,0,c(-101.052174, 38.032793),"1974","143-72",-101.052174,38.032793,238.6692352,"198-262"
"1505","Finney",-122.58,"WOLF",1974-06-01,380201101030101,55,0,c(-101.052174, 38.032793),"1974","143-72",-101.052174,38.032793,238.6692352,"198-262"
"1506","Finney",-56.54,"LOWE",1974-01-17,380155100543401,55,0,c(-100.91084, 38.032193),"1974","71-0",-100.91084,38.032193,208.2479095,"198-262"
"1507","Finney",-76.39,"WHITE WOMAN BOTTOMS",1974-01-21,380715100503701,55,0,c(-100.840635, 38.120092),"1974","143-72",-100.840635,38.120092,36.605072,"0-65"
"1508","Finney",-61.35,"TENNIS NE",1974-03-14,381242100514201,55,0,c(-100.860934, 38.210702),"1974","71-0",-100.860934,38.210702,48.2055664,"0-65"
"1509","Finney",-71.8,"TENNIS",1974-03-14,380801100554801,55,0,c(-100.930488, 38.133423),"1974","71-0",-100.930488,38.133423,58.5333786,"0-65"
"1510","Finney",-96.37,"LOWE",1974-12-12,380339100582401,55,0,c(-100.974136, 38.060815),"1974","143-72",-100.974136,38.060815,155.9525604,"132-197"
"1511","Finney",-128,"WHITE WOMAN BOTTOMS",1974-01-18,380411100474401,55,0,c(-100.795647, 38.069923),"1974","143-72",-100.795647,38.069923,80.986763,"66-131"
"1512","Finney",-29.31,"LOWE",1974-01-17,380616100530402,55,0,c(-100.884699, 38.104714),"1974","71-0",-100.884699,38.104714,74.8310165,"66-131"
"1513","Finney",-55.87,"LOWE",1974-01-17,380319100524801,55,0,c(-100.880138, 38.055718),"1974","71-0",-100.880138,38.055718,146.4670868,"132-197"
"1514","Scott",-39.58,"Scott City",1974-02-01,382539100541601,171,0,c(-100.90593, 38.4281),"1974","71-0",-100.90593,38.4281,113.959465,"66-131"
"1515","Scott",-61.54,NA,1974-12-11,382730100553102,171,0,c(-100.926439, 38.457799),"1974","71-0",-100.926439,38.457799,94.1772842,"66-131"
"1516","Wichita",-109.84,NA,1974-01-21,382618101074001,203,0,c(-101.128958, 38.437765),"1974","143-72",-101.128958,38.437765,29.1471577,"0-65"
"1517","Scott",-75.23,"Modoc SE",1974-01-21,381557101014701,171,0,c(-101.029837, 38.264963),"1974","143-72",-101.029837,38.264963,23.2678146,"0-65"
"1518","Scott",-105.79,NA,1974-09-18,381822100575701,171,0,c(-100.966301, 38.305396),"1974","143-72",-100.966301,38.305396,14.1244535,"0-65"
"1519","Scott",-77.7,"Shallow Water",1974-01-21,382144100523501,171,0,c(-100.878231, 38.36235),"1974","143-72",-100.878231,38.36235,92.3410187,"66-131"
"1520","Scott",-128.9,NA,1974-01-22,383633101073401,171,0,c(-101.126832, 38.607977),"1974","143-72",-101.126832,38.607977,26.3535538,"0-65"
"1521","Wichita",-138.98,"Pence SW",1974-01-22,383251101141001,203,0,c(-101.238156, 38.545957),"1974","143-72",-101.238156,38.545957,43.2634468,"0-65"
"1522","Wichita",-153.26,"Pence SW",1974-12-11,383251101141001,203,0,c(-101.238156, 38.545957),"1974","215-144",-101.238156,38.545957,43.2634468,"0-65"
"1523","Finney",-78,"GARDEN CITY W",1974-01-01,375707100570201,55,0,c(-100.951005, 37.953805),"1974","143-72",-100.951005,37.953805,241.2303314,"198-262"
"1524","Finney",-64.83,"GARDEN CITY SW",1974-01-15,374905100545201,55,0,c(-100.915055, 37.818292),"1974","71-0",-100.915055,37.818292,333.9619446,"328-393"
"1525","Finney",-104.75,"GARDEN CITY W",1974-12-12,375239100574301,55,0,c(-100.961244, 37.876724),"1974","143-72",-100.961244,37.876724,385.1266479,"328-393"
"1526","Finney",-79.1,"Garden City SW",1974-06-01,375002100542601,55,0,c(-100.906942, 37.833524),"1974","143-72",-100.906942,37.833524,354.3778992,"328-393"
"1527","Finney",-53.11,NA,1974-01-16,375003100411701,55,0,c(-100.688972, 37.835228),"1974","71-0",-100.688972,37.835228,139.6561737,"132-197"
"1528","Finney",-70.94,NA,1974-01-16,375143100461201,55,0,c(-100.770823, 37.862755),"1974","71-0",-100.770823,37.862755,186.2844391,"132-197"
"1529","Finney",-78.8,"PLYMELL",1974-12-12,374951100520201,55,0,c(-100.867812, 37.831445),"1974","143-72",-100.867812,37.831445,320.7000122,"263-328"
"1530","Finney",-87.1,"Garden City West",1974-01-15,375516100555601,55,0,c(-100.933742, 37.920424),"1974","143-72",-100.933742,37.920424,284.3483887,"263-328"
"1531","Finney",-123.15,"Pierceville",1974-03-14,375558100430401,55,0,c(-100.718534, 37.933372),"1974","143-72",-100.718534,37.933372,116.6766434,"66-131"
"1532","Finney",-27.6,NA,1974-11-01,375918100562102,55,0,c(-100.939758, 37.988321),"1974","71-0",-100.939758,37.988321,237.2518768,"198-262"
"1533","Finney",-27.08,NA,1974-12-01,375918100562102,55,0,c(-100.939758, 37.988321),"1974","71-0",-100.939758,37.988321,237.2518768,"198-262"
"1534","Finney",-85.23,NA,1974-01-22,375936100484901,55,0,c(-100.814158, 37.993812),"1974","143-72",-100.814158,37.993812,186.9508972,"132-197"
"1535","Finney",-110.66,"WOLF",1974-05-01,380201101030101,55,0,c(-101.052174, 38.032793),"1974","143-72",-101.052174,38.032793,238.6692352,"198-262"
"1536","Finney",-95.52,"WOLF NE",1974-01-17,381400101025302,55,0,c(-101.050061, 38.233086),"1974","143-72",-101.050061,38.233086,18.4236279,"0-65"
"1537","Finney",-96.38,"WOLF NE",1974-12-12,381340101010701,55,0,c(-101.020938, 38.228523),"1974","143-72",-101.020938,38.228523,27.4181557,"0-65"
"1538","Finney",-99.47,"TENNIS",1974-01-21,381155100473701,55,0,c(-100.792632, 38.199241),"1974","143-72",-100.792632,38.199241,49.4481735,"0-65"
"1539","Scott",-106.6,"Modoc",1974-09-18,382756101015201,171,0,c(-101.032531, 38.46449),"1974","143-72",-101.032531,38.46449,24.0350838,"0-65"
"1540","Scott",-89.8,"Shallow Water",1974-01-01,382013100583901,171,0,c(-100.978934, 38.336792),"1974","143-72",-100.978934,38.336792,18.34902,"0-65"
"1541","Scott",-19.1,NA,1974-01-21,381845100430801,171,0,c(-100.72046, 38.312749),"1974","71-0",-100.72046,38.312749,10,"0-65"
"1542","Scott",-105.41,"Scott City",1974-09-18,382401100565301,171,0,c(-100.950431, 38.400321),"1974","143-72",-100.950431,38.400321,32.2871704,"0-65"
"1543","Scott",-81.1,"SHALLOW WATER",1974-12-23,381710100562601,171,0,c(-100.940743, 38.285621),"1974","143-72",-100.940743,38.285621,34.5431366,"0-65"
"1544","Lane",-121.6,"Healy NW",1974-01-21,383743100393801,101,0,c(-100.662627, 38.627922),"1974","143-72",-100.662627,38.627922,52.6181488,"0-65"
"1545","Wichita",-143.82,"Pence SW",1974-03-14,383251101141001,203,0,c(-101.238156, 38.545957),"1974","143-72",-101.238156,38.545957,43.2634468,"0-65"
"1546","Scott",-93.73,NA,1974-06-03,382947100522901,171,0,c(-100.876022, 38.49622),"1974","143-72",-100.876022,38.49622,86.0412674,"66-131"
"1547","Finney",-95.05,"Garden City SW",1974-05-01,375002100542601,55,0,c(-100.906942, 37.833524),"1974","143-72",-100.906942,37.833524,354.3778992,"328-393"
"1548","Finney",-44.96,NA,1974-01-16,375456100582402,55,0,c(-100.973833, 37.915872),"1974","71-0",-100.973833,37.915872,290.0826721,"263-328"
"1549","Finney",-60.37,"GARDEN CITY W",1974-03-07,375614100562101,55,0,c(-100.939743, 37.937694),"1974","71-0",-100.939743,37.937694,240.4140625,"198-262"
"1550","Finney",-12.59,NA,1974-01-15,375720100545901,55,0,c(-100.916701, 37.955972),"1974","71-0",-100.916701,37.955972,221.4234314,"198-262"
"1551","Finney",-98.38,"WOLF",1974-12-01,380201101030101,55,0,c(-101.052174, 38.032793),"1974","143-72",-101.052174,38.032793,238.6692352,"198-262"
"1552","Finney",-50.43,"LOWE",1974-01-17,380221100525601,55,0,c(-100.882336, 38.039406),"1974","71-0",-100.882336,38.039406,174.5570526,"132-197"
"1553","Finney",-72.87,"TENNIS NE",1974-12-12,381242100514201,55,0,c(-100.860934, 38.210702),"1974","143-72",-100.860934,38.210702,48.2055664,"0-65"
"1554","Finney",-51.67,"TENNIS",1974-01-17,381005100554001,55,0,c(-100.928217, 38.168079),"1974","71-0",-100.928217,38.168079,58.4722786,"0-65"
"1555","Finney",-58.14,"TENNIS",1974-01-17,381419100583201,55,0,c(-100.976862, 38.238686),"1974","71-0",-100.976862,38.238686,31.6676655,"0-65"
"1556","Scott",-58.9,NA,1974-06-18,382730100553102,171,0,c(-100.926439, 38.457799),"1974","71-0",-100.926439,38.457799,94.1772842,"66-131"
"1557","Scott",-105.48,"Modoc",1974-06-18,382756101015201,171,0,c(-101.032531, 38.46449),"1974","143-72",-101.032531,38.46449,24.0350838,"0-65"
"1558","Finney",-47.3,NA,1974-01-18,381458100444501,55,0,c(-100.746341, 38.249075),"1974","71-0",-100.746341,38.249075,10,"0-65"
"1559","Lane",-85.88,"Healy",1974-09-03,383433100353601,101,0,c(-100.59442, 38.576206),"1974","143-72",-100.59442,38.576206,50.1583939,"0-65"
"1560","Scott",-129.14,NA,1974-12-10,383633101073401,171,0,c(-101.126832, 38.607977),"1974","143-72",-101.126832,38.607977,26.3535538,"0-65"
"1561","Wichita",-130.26,"Pence SW",1974-01-22,383231101105201,203,0,c(-101.182833, 38.541219),"1974","143-72",-101.182833,38.541219,41.8133049,"0-65"
"1562","Wichita",-149.29,"Pence SW",1974-06-18,383251101141001,203,0,c(-101.238156, 38.545957),"1974","215-144",-101.238156,38.545957,43.2634468,"0-65"
"1563","Lane",-80.75,"Healy",1974-06-03,383130100354301,101,0,c(-100.594921, 38.525637),"1974","143-72",-100.594921,38.525637,75.7577133,"66-131"
"1564","Scott",-96.97,"Lake Scott SW",1974-09-17,383046100594901,171,0,c(-100.999029, 38.511569),"1974","143-72",-100.999029,38.511569,38.6821022,"0-65"
"1565","Scott",-95.57,"Lake Scott SW",1974-12-10,383046100594901,171,0,c(-100.999029, 38.511569),"1974","143-72",-100.999029,38.511569,38.6821022,"0-65"
"1566","Wichita",-120.75,NA,1974-01-22,383113101091201,203,0,c(-101.154363, 38.51917),"1974","143-72",-101.154363,38.51917,34.6391792,"0-65"
"1567","Finney",-59.79,"PLYMELL",1974-01-16,374931100453501,55,0,c(-100.760637, 37.827053),"1974","71-0",-100.760637,37.827053,189.8337402,"132-197"
"1568","Finney",-88.26,"GARDEN CITY W",1974-06-19,375449100574301,55,0,c(-100.961144, 37.913344),"1974","143-72",-100.961144,37.913344,295.8171997,"263-328"
"1569","Finney",-77.7,"GARDEN CITY W",1974-12-12,375449100574301,55,0,c(-100.961144, 37.913344),"1974","143-72",-100.961144,37.913344,295.8171997,"263-328"
"1570","Finney",-10,"GARDEN CITY E",1974-01-22,375613100472702,55,0,c(-100.792117, 37.937653),"1974","71-0",-100.792117,37.937653,201.9322357,"198-262"
"1571","Gray",-120.83,NA,1974-03-18,375732100363001,69,0,c(-100.608569, 37.959509),"1974","143-72",-100.608569,37.959509,74.0770035,"66-131"
"1572","Gray",-123.7,NA,1974-12-16,375732100363001,69,0,c(-100.608569, 37.959509),"1974","143-72",-100.608569,37.959509,74.0770035,"66-131"
"1573","Finney",-24.68,NA,1974-08-01,375918100562102,55,0,c(-100.939758, 37.988321),"1974","71-0",-100.939758,37.988321,237.2518768,"198-262"
"1574","Finney",-28.4,"DEERFIELD NE",1974-01-16,375957101003501,55,0,c(-101.011545, 37.999924),"1974","71-0",-101.011545,37.999924,235.5239105,"198-262"
"1575","Finney",-123.15,"WHITE WOMAN BOTTOMS",1974-01-18,380035100475201,55,0,c(-100.798288, 38.010093),"1974","143-72",-100.798288,38.010093,149.7009125,"132-197"
"1576","Finney",-59.56,"TENNIS NE",1974-01-17,381453100511001,55,0,c(-100.853445, 38.247703),"1974","71-0",-100.853445,38.247703,33.8027039,"0-65"
"1577","Kearny",-127.72,"WOLF SW",1974-01-18,380500101110501,93,0,c(-101.185044, 38.083021),"1974","143-72",-101.185044,38.083021,35.3003197,"0-65"
"1578","Finney",-53.47,"LOWE",1974-06-18,380616100530402,55,0,c(-100.884699, 38.104714),"1974","71-0",-100.884699,38.104714,74.8310165,"66-131"
"1579","Scott",-116.11,"SHALLOW WATER",1974-03-14,382223100594602,171,0,c(-100.998053, 38.372532),"1974","143-72",-100.998053,38.372532,41.1171227,"0-65"
"1580","Scott",-124.81,"SHALLOW WATER",1974-12-11,382223100594602,171,0,c(-100.998053, 38.372532),"1974","143-72",-100.998053,38.372532,41.1171227,"0-65"
"1581","Wichita",-106.74,NA,1974-01-22,382341101091101,203,0,c(-101.154045, 38.394018),"1974","143-72",-101.154045,38.394018,10,"0-65"
"1582","Scott",-81.71,"Scott City",1974-01-21,382401100565301,171,0,c(-100.950431, 38.400321),"1974","143-72",-100.950431,38.400321,32.2871704,"0-65"
"1583","Scott",-81.8,"Shallow Water",1974-06-03,382144100523501,171,0,c(-100.878231, 38.36235),"1974","143-72",-100.878231,38.36235,92.3410187,"66-131"
"1584","Scott",-67.93,NA,1974-12-11,381946100540601,171,0,c(-100.902089, 38.329489),"1974","71-0",-100.902089,38.329489,62.5884705,"0-65"
"1585","Scott",-92.98,NA,1974-01-22,383256100420701,171,0,c(-100.704082, 38.548891),"1974","143-72",-100.704082,38.548891,54.2855034,"0-65"
"1586","Scott",-128.68,"Lake Scott SE",1974-09-03,383316100505801,171,0,c(-100.851043, 38.555085),"1974","143-72",-100.851043,38.555085,47.8908463,"0-65"
"1587","Wichita",-135.9,NA,1974-01-22,383646101094601,203,0,c(-101.16387, 38.611742),"1974","143-72",-101.16387,38.611742,26.3634052,"0-65"
"1588","Scott",-107.4,"Lake Scott SE",1974-01-22,383501100520601,171,0,c(-100.870626, 38.584347),"1974","143-72",-100.870626,38.584347,42.5016136,"0-65"
"1589","Scott",-89.6,"Lake Scott SW",1974-03-18,383046100594901,171,0,c(-100.999029, 38.511569),"1974","143-72",-100.999029,38.511569,38.6821022,"0-65"
"1590","Scott",-95.33,NA,1974-09-03,382947100522901,171,0,c(-100.876022, 38.49622),"1974","143-72",-100.876022,38.49622,86.0412674,"66-131"
"1591","Finney",-23.17,NA,1974-01-15,375149100435301,55,0,c(-100.732109, 37.864586),"1974","71-0",-100.732109,37.864586,141.8162079,"132-197"
"1592","Finney",-74.32,"Garden City SW",1974-03-01,375002100542601,55,0,c(-100.906942, 37.833524),"1974","143-72",-100.906942,37.833524,354.3778992,"328-393"
"1593","Finney",-93.9,"GARDEN CITY W",1974-12-12,375357100563701,55,0,c(-100.942943, 37.898624),"1974","143-72",-100.942943,37.898624,344.1869507,"328-393"
"1594","Gray",-126.1,NA,1974-01-25,375732100363001,69,0,c(-100.608569, 37.959509),"1974","143-72",-100.608569,37.959509,74.0770035,"66-131"
"1595","Gray",-114.02,"Pierceville NE",1974-01-25,375736100331301,69,0,c(-100.553128, 37.960701),"1974","143-72",-100.553128,37.960701,66.6106339,"66-131"
"1596","Finney",-105.26,"GARDEN CITY W",1974-12-12,375654100553201,55,0,c(-100.924542, 37.950144),"1974","143-72",-100.924542,37.950144,227.1202545,"198-262"
"1597","Kearny",-33.32,"Deerfield",1974-01-18,375828101103101,93,0,c(-101.175236, 37.973841),"1974","71-0",-101.175236,37.973841,255.7642822,"198-262"
"1598","Finney",-20.73,NA,1974-02-01,375918100562102,55,0,c(-100.939758, 37.988321),"1974","71-0",-100.939758,37.988321,237.2518768,"198-262"
"1599","Finney",-52.12,"Garden City East",1974-01-22,375956100515001,55,0,c(-100.865259, 37.999643),"1974","71-0",-100.865259,37.999643,195.3924561,"132-197"
"1600","Finney",-81.78,"SCOTT CITY 4 SW",1974-01-21,380202100394701,55,0,c(-100.664031, 38.034121),"1974","143-72",-100.664031,38.034121,49.5943413,"0-65"
"1601","Kearny",-120.08,"Wolf SW",1974-01-18,380713101075501,93,0,c(-101.131942, 38.119652),"1974","143-72",-101.131942,38.119652,46.2548981,"0-65"
"1602","Finney",-77.06,"LOWE",1974-01-17,380339100582401,55,0,c(-100.974136, 38.060815),"1974","143-72",-100.974136,38.060815,155.9525604,"132-197"
"1603","Finney",-43.5,"LOWE",1974-12-12,380616100530402,55,0,c(-100.884699, 38.104714),"1974","71-0",-100.884699,38.104714,74.8310165,"66-131"
"1604","Scott",-45.88,"Scott City",1974-12-01,382539100541601,171,0,c(-100.90593, 38.4281),"1974","71-0",-100.90593,38.4281,113.959465,"66-131"
"1605","Scott",-91.4,"Shallow Water",1974-09-01,382013100583901,171,0,c(-100.978934, 38.336792),"1974","143-72",-100.978934,38.336792,18.34902,"0-65"
"1606","Scott",-8.36,NA,1974-01-22,383810100552601,171,0,c(-100.924789, 38.635209),"1974","71-0",-100.924789,38.635209,24.7461376,"0-65"
"1607","Scott",-140.9,"Lake Scott",1974-01-22,383738100582001,171,0,c(-100.972128, 38.626947),"1974","143-72",-100.972128,38.626947,28.6817741,"0-65"
"1608","Ford",-62.84,"Spearville",1974-07-01,375206099451001,57,0,c(-99.753734, 37.868939),"1974","71-0",-99.753734,37.868939,10,"0-65"
"1609","Ford",-125.32,"Bellefont",1974-09-25,375028099434701,57,0,c(-99.730934, 37.841119),"1974","143-72",-99.730934,37.841119,10,"0-65"
"1610","Ford",-88.53,"Spearville NE",1974-07-01,375307099492701,57,0,c(-99.82626, 37.884101),"1974","143-72",-99.82626,37.884101,NA,NA
"1611","Ford",-136.74,"Spearville NE",1974-07-01,375353099482001,57,0,c(-99.808075, 37.898299),"1974","143-72",-99.808075,37.898299,NA,NA
"1612","Ford",-125.58,"Spearville NE",1974-12-26,375353099482001,57,0,c(-99.808075, 37.898299),"1974","143-72",-99.808075,37.898299,NA,NA
"1613","Hodgeman",-230.5,"Jetmore",1974-01-17,375958099530101,83,0,c(-99.884837, 38.000189),"1974","287-216",-99.884837,38.000189,10,"0-65"
"1614","Hodgeman",-253.6,NA,1974-01-17,380827099572501,83,0,c(-99.957668, 38.14136),"1974","287-216",-99.957668,38.14136,10,"0-65"
"1615","Hodgeman",-129.3,"Jetmore",1974-06-25,380530099551301,83,0,c(-99.920277, 38.093588),"1974","143-72",-99.920277,38.093588,NA,NA
"1616","Hodgeman",-129.18,NA,1974-03-20,380544099525201,83,0,c(-99.881693, 38.096255),"1974","143-72",-99.881693,38.096255,NA,NA
"1617","Hodgeman",-93.93,"Jetmore SE",1974-09-25,380351099461501,83,0,c(-99.771203, 38.063998),"1974","143-72",-99.771203,38.063998,NA,NA
"1618","Ness",-32,"Bazine",1974-12-12,382632099411501,135,0,c(-99.688276, 38.442795),"1974","71-0",-99.688276,38.442795,NA,NA
"1619","Ness",-20.79,"Ness City",1974-09-17,382447099534801,135,0,c(-99.898473, 38.413336),"1974","71-0",-99.898473,38.413336,NA,NA
"1620","Ness",-37.1,"Ness City SW",1974-12-12,381550099532001,135,0,c(-99.888378, 38.263862),"1974","71-0",-99.888378,38.263862,NA,NA
"1621","Lane",-87.67,"Alamota",1974-12-11,382857100154501,101,0,c(-100.264012, 38.480699),"1974","143-72",-100.264012,38.480699,10,"0-65"
"1622","Ford",-142.48,NA,1974-12-26,375011099475601,57,0,c(-99.800089, 37.835758),"1974","143-72",-99.800089,37.835758,10,"0-65"
"1623","Gray",-134.28,"Cimarron",1974-01-25,375018100171901,69,0,c(-100.29152, 37.839321),"1974","143-72",-100.29152,37.839321,122.7311249,"66-131"
"1624","Gray",-91.66,NA,1974-12-16,375520100202701,69,0,c(-100.342569, 37.924185),"1974","143-72",-100.342569,37.924185,55.3284454,"0-65"
"1625","Hodgeman",-29.47,NA,1974-02-04,375550099492601,83,0,c(-99.825464, 37.930332),"1974","71-0",-99.825464,37.930332,NA,NA
"1626","Hodgeman",-258.21,"Jetmore NW",1974-01-17,380827099564301,83,0,c(-99.944787, 38.142398),"1974","287-216",-99.944787,38.142398,10,"0-65"
"1627","Hodgeman",-254.22,NA,1974-01-10,380827099572502,83,0,c(-99.957668, 38.14136),"1974","287-216",-99.957668,38.14136,10,"0-65"
"1628","Finney",-63.38,NA,1974-06-03,380333100143301,55,0,c(-100.243153, 38.059925),"1974","71-0",-100.243153,38.059925,NA,NA
"1629","Finney",-63.93,NA,1974-09-03,380333100143301,55,0,c(-100.243153, 38.059925),"1974","71-0",-100.243153,38.059925,NA,NA
"1630","Hodgeman",-192.26,NA,1974-09-25,380544099525201,83,0,c(-99.881693, 38.096255),"1974","215-144",-99.881693,38.096255,NA,NA
"1631","Lane",-98.28,"Shields",1974-01-21,383452100243601,101,0,c(-100.413515, 38.579233),"1974","143-72",-100.413515,38.579233,21.829731,"0-65"
"1632","Ford",-120.87,"Bellefont",1974-12-26,375028099434701,57,0,c(-99.730934, 37.841119),"1974","143-72",-99.730934,37.841119,10,"0-65"
"1633","Ford",-175.34,NA,1974-12-26,375031099482101,57,0,c(-99.806925, 37.841175),"1974","215-144",-99.806925,37.841175,10,"0-65"
"1634","Ford",-80.88,"Spearville NE",1974-02-01,375307099492701,57,0,c(-99.82626, 37.884101),"1974","143-72",-99.82626,37.884101,NA,NA
"1635","Hodgeman",-63.29,NA,1974-09-25,375502100090801,83,0,c(-100.154215, 37.91917),"1974","71-0",-100.154215,37.91917,18.4687023,"0-65"
"1636","Hodgeman",-275.22,NA,1974-06-24,380827099572502,83,0,c(-99.957668, 38.14136),"1974","287-216",-99.957668,38.14136,10,"0-65"
"1637","Hodgeman",-159.24,NA,1974-06-25,380544099525201,83,0,c(-99.881693, 38.096255),"1974","215-144",-99.881693,38.096255,NA,NA
"1638","Hodgeman",-82.03,"Jetmore SE",1974-03-20,380351099461501,83,0,c(-99.771203, 38.063998),"1974","143-72",-99.771203,38.063998,NA,NA
"1639","Ness",-30.69,"Bazine",1974-03-19,382632099411501,135,0,c(-99.688276, 38.442795),"1974","71-0",-99.688276,38.442795,NA,NA
"1640","Ness",-20.97,"Ness City",1974-12-12,382447099534801,135,0,c(-99.898473, 38.413336),"1974","71-0",-99.898473,38.413336,NA,NA
"1641","Ness",-23.81,"Beeler SW",1974-12-03,381946100141801,135,0,c(-100.239413, 38.328017),"1974","71-0",-100.239413,38.328017,NA,NA
"1642","Lane",-91.63,"Shields SE",1974-01-21,383320100201101,101,0,c(-100.33983, 38.553283),"1974","143-72",-100.33983,38.553283,17.5561428,"0-65"
"1643","Lane",-88.39,"Alamota",1974-09-03,382857100154501,101,0,c(-100.264012, 38.480699),"1974","143-72",-100.264012,38.480699,10,"0-65"
"1644","Ford",-120.15,"Bellefont",1974-03-22,375028099434701,57,0,c(-99.730934, 37.841119),"1974","143-72",-99.730934,37.841119,10,"0-65"
"1645","Ford",-169.94,NA,1974-02-04,375031099482101,57,0,c(-99.806925, 37.841175),"1974","215-144",-99.806925,37.841175,10,"0-65"
"1646","Ford",-162.85,NA,1974-02-04,374951099482901,57,0,c(-99.809122, 37.830357),"1974","215-144",-99.809122,37.830357,10,"0-65"
"1647","Ford",-85.47,"Spearville NE",1974-05-01,375307099492701,57,0,c(-99.82626, 37.884101),"1974","143-72",-99.82626,37.884101,NA,NA
"1648","Ford",-92.16,"Spearville NE",1974-09-01,375307099492701,57,0,c(-99.82626, 37.884101),"1974","143-72",-99.82626,37.884101,NA,NA
"1649","Gray",-90.17,NA,1974-09-03,375520100202701,69,0,c(-100.342569, 37.924185),"1974","143-72",-100.342569,37.924185,55.3284454,"0-65"
"1650","Hodgeman",-250.69,"Jetmore",1974-09-25,375958099530101,83,0,c(-99.884837, 38.000189),"1974","287-216",-99.884837,38.000189,10,"0-65"
"1651","Hodgeman",-153.51,NA,1974-01-17,380517099565201,83,0,c(-99.94804, 38.08887),"1974","215-144",-99.94804,38.08887,NA,NA
"1652","Hodgeman",-90.77,"Jetmore SE",1974-01-10,380351099461501,83,0,c(-99.771203, 38.063998),"1974","143-72",-99.771203,38.063998,NA,NA
"1653","Hodgeman",-156.64,"Jetmore",1974-06-24,380352099550501,83,0,c(-99.917507, 38.066088),"1974","215-144",-99.917507,38.066088,NA,NA
"1654","Ness",-32.78,"Bazine",1974-09-17,382632099411501,135,0,c(-99.688276, 38.442795),"1974","71-0",-99.688276,38.442795,NA,NA
"1655","Ness",-19.23,"Ness City",1974-03-19,382447099534801,135,0,c(-99.898473, 38.413336),"1974","71-0",-99.898473,38.413336,NA,NA
"1656","Ford",-176.13,NA,1974-03-22,375241099482901,57,0,c(-99.809244, 37.877567),"1974","215-144",-99.809244,37.877567,10,"0-65"
"1657","Ford",-139.24,NA,1974-02-04,375011099475601,57,0,c(-99.800089, 37.835758),"1974","143-72",-99.800089,37.835758,10,"0-65"
"1658","Ford",-166.66,NA,1974-12-26,374951099482901,57,0,c(-99.809122, 37.830357),"1974","215-144",-99.809122,37.830357,10,"0-65"
"1659","Ford",-93.64,"Spearville NE",1974-10-01,375307099492701,57,0,c(-99.82626, 37.884101),"1974","143-72",-99.82626,37.884101,NA,NA
"1660","Ford",-95.7,"Spearville NE",1974-12-01,375307099492701,57,0,c(-99.82626, 37.884101),"1974","143-72",-99.82626,37.884101,NA,NA
"1661","Hodgeman",-18.89,NA,1974-02-04,375728099474701,83,0,c(-99.797814, 37.957554),"1974","71-0",-99.797814,37.957554,NA,NA
"1662","Gray",-99.07,NA,1974-01-25,375844100222201,69,0,c(-100.374186, 37.980184),"1974","143-72",-100.374186,37.980184,65.812027,"0-65"
"1663","Hodgeman",-211.48,NA,1974-01-10,380123099581401,83,0,c(-99.971646, 38.023304),"1974","215-144",-99.971646,38.023304,NA,NA
"1664","Hodgeman",-209.42,NA,1974-06-24,380123099581401,83,0,c(-99.971646, 38.023304),"1974","215-144",-99.971646,38.023304,NA,NA
"1665","Hodgeman",-285.24,"Jetmore NW",1974-06-24,380827099564301,83,0,c(-99.944787, 38.142398),"1974","287-216",-99.944787,38.142398,10,"0-65"
"1666","Hodgeman",-81.45,"Jetmore SE",1974-06-24,380351099461501,83,0,c(-99.771203, 38.063998),"1974","143-72",-99.771203,38.063998,NA,NA
"1667","Lane",-96.42,"Shields",1974-03-18,383314100225601,101,0,c(-100.384644, 38.553546),"1974","143-72",-100.384644,38.553546,30.4716282,"0-65"
"1668","Ford",-62.78,"Spearville",1974-09-27,375206099451001,57,0,c(-99.753734, 37.868939),"1974","71-0",-99.753734,37.868939,10,"0-65"
"1669","Ford",-151.52,NA,1974-02-04,374945099503301,57,0,c(-99.843669, 37.828541),"1974","215-144",-99.843669,37.828541,10,"0-65"
"1670","Gray",-63.84,"Cimarron NE",1974-01-25,375811100145901,69,0,c(-100.253918, 37.97175),"1974","71-0",-100.253918,37.97175,40.3844833,"0-65"
"1671","Hodgeman",-63.26,"Jetmore SE",1974-06-25,380504099504001,83,0,c(-99.845035, 38.085218),"1974","71-0",-99.845035,38.085218,NA,NA
"1672","Ness",-36.13,"Ness City SW",1974-06-25,381550099532001,135,0,c(-99.888378, 38.263862),"1974","71-0",-99.888378,38.263862,NA,NA
"1673","Ford",-188.61,NA,1974-09-25,375241099482901,57,0,c(-99.809244, 37.877567),"1974","215-144",-99.809244,37.877567,10,"0-65"
"1674","Ford",-166.53,NA,1974-02-04,375005099483701,57,0,c(-99.811487, 37.833958),"1974","215-144",-99.811487,37.833958,10,"0-65"
"1675","Hodgeman",-216.13,NA,1974-09-25,380123099581401,83,0,c(-99.971646, 38.023304),"1974","287-216",-99.971646,38.023304,NA,NA
"1676","Finney",-171.5,"HORSE THIEF CANYON N",1974-12-11,380823100144801,55,0,c(-100.247516, 38.139338),"1974","215-144",-100.247516,38.139338,NA,NA
"1677","Finney",-61.74,NA,1974-01-21,380333100143301,55,0,c(-100.243153, 38.059925),"1974","71-0",-100.243153,38.059925,NA,NA
"1678","Hodgeman",-40.49,"Hanston NW",1974-01-01,381430099414001,83,0,c(-99.698368, 38.243437),"1974","71-0",-99.698368,38.243437,25,"0-65"
"1679","Hodgeman",-63.63,NA,1974-03-20,375502100090801,83,0,c(-100.154215, 37.91917),"1974","71-0",-100.154215,37.91917,18.4687023,"0-65"
"1680","Hodgeman",-27.55,"Hanston NW",1974-06-25,380752099414101,83,0,c(-99.696871, 38.131537),"1974","71-0",-99.696871,38.131537,53.6804848,"0-65"
"1681","Hodgeman",-166.83,NA,1974-06-25,380517099565201,83,0,c(-99.94804, 38.08887),"1974","215-144",-99.94804,38.08887,NA,NA
"1682","Hodgeman",-219.03,NA,1974-09-25,380517099565201,83,0,c(-99.94804, 38.08887),"1974","287-216",-99.94804,38.08887,NA,NA
"1683","Finney",-64.26,NA,1974-12-11,380333100143301,55,0,c(-100.243153, 38.059925),"1974","71-0",-100.243153,38.059925,NA,NA
"1684","Hodgeman",-310.3,"Hrse Thief Cnyn SW",1974-12-11,380335100132701,83,0,c(-100.225616, 38.059249),"1974","359-288",-100.225616,38.059249,10,"0-65"
"1685","Hodgeman",-134.07,"Jetmore",1974-01-17,380352099550501,83,0,c(-99.917507, 38.066088),"1974","143-72",-99.917507,38.066088,NA,NA
"1686","Lane",-86.3,"Alamota",1974-03-18,382857100154501,101,0,c(-100.264012, 38.480699),"1974","143-72",-100.264012,38.480699,10,"0-65"
"1687","Ford",-154.29,NA,1974-12-26,374959099521201,57,0,c(-99.870814, 37.832279),"1974","215-144",-99.870814,37.832279,10,"0-65"
"1688","Gray",-89.31,NA,1974-06-03,375520100202701,69,0,c(-100.342569, 37.924185),"1974","143-72",-100.342569,37.924185,55.3284454,"0-65"
"1689","Hodgeman",-23.7,"Hanston NW",1974-03-20,380752099414101,83,0,c(-99.696871, 38.131537),"1974","71-0",-99.696871,38.131537,53.6804848,"0-65"
"1690","Hodgeman",-158.99,NA,1974-01-16,380701099535801,83,0,c(-99.902876, 38.118218),"1974","215-144",-99.902876,38.118218,NA,NA
"1691","Hodgeman",-179.25,"Jetmore",1974-09-25,380530099551301,83,0,c(-99.920277, 38.093588),"1974","215-144",-99.920277,38.093588,NA,NA
"1692","Hodgeman",-301.3,"Hrse Thief Cnyn SW",1974-06-03,380335100132701,83,0,c(-100.225616, 38.059249),"1974","359-288",-100.225616,38.059249,10,"0-65"
"1693","Hodgeman",-31.29,"Jetmore SE",1974-01-16,380504099504001,83,0,c(-99.845035, 38.085218),"1974","71-0",-99.845035,38.085218,NA,NA
"1694","Ness",-79.31,"Ness City NE",1974-12-12,382526099492301,135,0,c(-99.82317, 38.424916),"1974","143-72",-99.82317,38.424916,NA,NA
"1695","Ness",-35.4,"Bazine SW",1974-10-01,381609099434801,135,0,c(-99.73132, 38.269746),"1974","71-0",-99.73132,38.269746,29.8717613,"0-65"
"1696","Ford",-63.03,"Spearville",1974-03-22,375206099451001,57,0,c(-99.753734, 37.868939),"1974","71-0",-99.753734,37.868939,10,"0-65"
"1697","Ford",-144.9,NA,1974-02-04,374959099521201,57,0,c(-99.870814, 37.832279),"1974","215-144",-99.870814,37.832279,10,"0-65"
"1698","Ford",-85,"Spearville NE",1974-01-01,375307099492701,57,0,c(-99.82626, 37.884101),"1974","143-72",-99.82626,37.884101,NA,NA
"1699","Ford",-121.07,"Spearville NE",1974-03-22,375353099482001,57,0,c(-99.808075, 37.898299),"1974","143-72",-99.808075,37.898299,NA,NA
"1700","Hodgeman",-22.04,NA,1974-12-30,375728099474701,83,0,c(-99.797814, 37.957554),"1974","71-0",-99.797814,37.957554,NA,NA
"1701","Finney",-190.31,"HORSE THIEF CANYON N",1974-09-03,380823100144801,55,0,c(-100.247516, 38.139338),"1974","215-144",-100.247516,38.139338,NA,NA
"1702","Hodgeman",-251.57,NA,1974-03-20,380827099572502,83,0,c(-99.957668, 38.14136),"1974","287-216",-99.957668,38.14136,10,"0-65"
"1703","Ness",-40.77,"Ness City SE",1974-09-17,381728099470701,135,0,c(-99.787081, 38.291036),"1974","71-0",-99.787081,38.291036,NA,NA
"1704","Ford",-162.45,NA,1974-02-04,374945099483701,57,0,c(-99.811426, 37.828541),"1974","215-144",-99.811426,37.828541,10,"0-65"
"1705","Ford",-87.48,"Spearville NE",1974-06-01,375307099492701,57,0,c(-99.82626, 37.884101),"1974","143-72",-99.82626,37.884101,NA,NA
"1706","Gray",-101.98,"Cimarron NW",1974-01-25,375451100254401,69,0,c(-100.429424, 37.914291),"1974","143-72",-100.429424,37.914291,106.3144531,"66-131"
"1707","Hodgeman",-63.47,NA,1974-06-24,375502100090801,83,0,c(-100.154215, 37.91917),"1974","71-0",-100.154215,37.91917,18.4687023,"0-65"
"1708","Hodgeman",-41.43,NA,1974-12-30,375550099492601,83,0,c(-99.825464, 37.930332),"1974","71-0",-99.825464,37.930332,NA,NA
"1709","Hodgeman",-113.85,"Jetmore",1974-01-16,380530099551301,83,0,c(-99.920277, 38.093588),"1974","143-72",-99.920277,38.093588,NA,NA
"1710","Hodgeman",-299.3,"Hrse Thief Cnyn SW",1974-03-18,380335100132701,83,0,c(-100.225616, 38.059249),"1974","359-288",-100.225616,38.059249,10,"0-65"
"1711","Lane",-98.67,"Shields",1974-12-11,383314100225601,101,0,c(-100.384644, 38.553546),"1974","143-72",-100.384644,38.553546,30.4716282,"0-65"
"1712","Ness",-36.4,"Ness City",1974-10-01,382645099551201,135,0,c(-99.919903, 38.446196),"1974","71-0",-99.919903,38.446196,NA,NA
"1713","Ford",-81.05,"Spearville NE",1974-03-01,375307099492701,57,0,c(-99.82626, 37.884101),"1974","143-72",-99.82626,37.884101,NA,NA
"1714","Hodgeman",-277.16,"HORSE THIEF CANYON",1974-09-25,380207100031301,83,0,c(-100.053695, 38.036213),"1974","287-216",-100.053695,38.036213,NA,NA
"1715","Finney",-62.38,NA,1974-03-18,380333100143301,55,0,c(-100.243153, 38.059925),"1974","71-0",-100.243153,38.059925,NA,NA
"1716","Hodgeman",-29.88,"Jetmore SE",1974-01-16,380432099505701,83,0,c(-99.849535, 38.076898),"1974","71-0",-99.849535,38.076898,NA,NA
"1717","Hodgeman",-196.3,"Jetmore",1974-09-25,380609099540701,83,0,c(-99.902066, 38.103333),"1974","215-144",-99.902066,38.103333,NA,NA
"1718","Ness",-19.61,"Ness City",1974-06-25,382447099534801,135,0,c(-99.898473, 38.413336),"1974","71-0",-99.898473,38.413336,NA,NA
"1719","Ness",-7.4,"Utica SW",1974-12-01,383129100142402,135,0,c(-100.241711, 38.521546),"1974","71-0",-100.241711,38.521546,5.803339,"0-65"
"1720","Ford",-94.63,"Spearville NE",1974-11-01,375307099492701,57,0,c(-99.82626, 37.884101),"1974","143-72",-99.82626,37.884101,NA,NA
"1721","Ford",-176.73,NA,1974-12-26,375338099463301,57,0,c(-99.777062, 37.894001),"1974","215-144",-99.777062,37.894001,10,"0-65"
"1722","Hodgeman",-24.03,"Hanston NW",1974-01-10,380752099414101,83,0,c(-99.696871, 38.131537),"1974","71-0",-99.696871,38.131537,53.6804848,"0-65"
"1723","Hodgeman",-205.23,"Jetmore",1974-09-25,380352099550501,83,0,c(-99.917507, 38.066088),"1974","215-144",-99.917507,38.066088,NA,NA
"1724","Ness",-31.01,"Bazine",1974-06-25,382632099411501,135,0,c(-99.688276, 38.442795),"1974","71-0",-99.688276,38.442795,NA,NA
"1725","Ness",-35.44,"Bazine SW",1974-10-27,381609099434801,135,0,c(-99.73132, 38.269746),"1974","71-0",-99.73132,38.269746,29.8717613,"0-65"
"1726","Ness",-34.53,"Ness City SE",1974-06-25,381728099470701,135,0,c(-99.787081, 38.291036),"1974","71-0",-99.787081,38.291036,NA,NA
"1727","Ness",-35.41,"Ness City SE",1974-12-12,381728099470701,135,0,c(-99.787081, 38.291036),"1974","71-0",-99.787081,38.291036,NA,NA
"1728","Ford",-127.54,"Bellefont",1974-07-01,375028099434701,57,0,c(-99.730934, 37.841119),"1974","143-72",-99.730934,37.841119,10,"0-65"
"1729","Gray",-88.69,NA,1974-01-25,375520100202701,69,0,c(-100.342569, 37.924185),"1974","143-72",-100.342569,37.924185,55.3284454,"0-65"
"1730","Hodgeman",-209.26,NA,1974-03-20,380123099581401,83,0,c(-99.971646, 38.023304),"1974","215-144",-99.971646,38.023304,NA,NA
"1731","Hodgeman",-31.19,"Hanston NW",1974-09-25,380752099414101,83,0,c(-99.696871, 38.131537),"1974","71-0",-99.696871,38.131537,53.6804848,"0-65"
"1732","Hodgeman",-72.6,"Jetmore SE",1974-09-25,380504099504001,83,0,c(-99.845035, 38.085218),"1974","143-72",-99.845035,38.085218,NA,NA
"1733","Ness",-24.2,"Laird",1974-11-07,382656100055901,135,0,c(-100.100508, 38.448516),"1974","71-0",-100.100508,38.448516,NA,NA
"1734","Ness",-32.95,"Ness City SE",1974-03-19,381728099470701,135,0,c(-99.787081, 38.291036),"1974","71-0",-99.787081,38.291036,NA,NA
"1735","Ford",-62.71,"Spearville",1974-12-13,375206099451001,57,0,c(-99.753734, 37.868939),"1974","71-0",-99.753734,37.868939,10,"0-65"
"1736","Ford",-169.94,NA,1974-12-26,375005099483701,57,0,c(-99.811487, 37.833958),"1974","215-144",-99.811487,37.833958,10,"0-65"
"1737","Ford",-82.57,"Spearville NE",1974-04-01,375307099492701,57,0,c(-99.82626, 37.884101),"1974","143-72",-99.82626,37.884101,NA,NA
"1738","Ford",-91,"Spearville NE",1974-08-01,375307099492701,57,0,c(-99.82626, 37.884101),"1974","143-72",-99.82626,37.884101,NA,NA
"1739","Ford",-171.36,NA,1974-02-04,375338099463301,57,0,c(-99.777062, 37.894001),"1974","215-144",-99.777062,37.894001,10,"0-65"
"1740","Ford",-134.34,"Spearville NE",1974-09-25,375353099482001,57,0,c(-99.808075, 37.898299),"1974","143-72",-99.808075,37.898299,NA,NA
"1741","Hodgeman",-327.67,"Jetmore NW",1974-09-25,380827099564301,83,0,c(-99.944787, 38.142398),"1974","359-288",-99.944787,38.142398,10,"0-65"
"1742","Hodgeman",-43.82,"Hanston NW",1974-09-17,381430099414001,83,0,c(-99.698368, 38.243437),"1974","71-0",-99.698368,38.243437,25,"0-65"
"1743","Hodgeman",-108.17,"Jetmore SE",1974-01-16,380412099473801,83,0,c(-99.794184, 38.069148),"1974","143-72",-99.794184,38.069148,NA,NA
"1744","Ness",-36.4,"Ness City",1974-10-29,382645099551201,135,0,c(-99.919903, 38.446196),"1974","71-0",-99.919903,38.446196,NA,NA
"1745","Ness",-35.94,"Ness City SW",1974-03-19,381550099532001,135,0,c(-99.888378, 38.263862),"1974","71-0",-99.888378,38.263862,NA,NA
"1746","Ness",-37.53,"Ness City SW",1974-09-17,381550099532001,135,0,c(-99.888378, 38.263862),"1974","71-0",-99.888378,38.263862,NA,NA
"1747","Lane",-86.78,"Alamota",1974-06-03,382857100154501,101,0,c(-100.264012, 38.480699),"1974","143-72",-100.264012,38.480699,10,"0-65"
"1748","Ford",-170.26,NA,1974-12-26,374945099483701,57,0,c(-99.811426, 37.828541),"1974","215-144",-99.811426,37.828541,10,"0-65"
"1749","Hodgeman",-63.55,NA,1974-01-10,375502100090801,83,0,c(-100.154215, 37.91917),"1974","71-0",-100.154215,37.91917,18.4687023,"0-65"
"1750","Gray",-88.86,NA,1974-03-18,375520100202701,69,0,c(-100.342569, 37.924185),"1974","143-72",-100.342569,37.924185,55.3284454,"0-65"
"1751","Hodgeman",-216.5,"Jetmore",1974-03-22,375958099530101,83,0,c(-99.884837, 38.000189),"1974","287-216",-99.884837,38.000189,10,"0-65"
"1752","Hodgeman",-236.96,"HORSE THIEF CANYON",1974-03-20,380207100031301,83,0,c(-100.053695, 38.036213),"1974","287-216",-100.053695,38.036213,NA,NA
"1753","Hodgeman",-258.1,"Jetmore NW",1974-01-17,380833099560201,83,0,c(-99.935627, 38.142618),"1974","287-216",-99.935627,38.142618,10,"0-65"
"1754","Hodgeman",-134.26,"Jetmore",1974-01-16,380609099540701,83,0,c(-99.902066, 38.103333),"1974","143-72",-99.902066,38.103333,NA,NA
"1755","Hodgeman",-157.6,"Jetmore",1974-06-25,380609099540701,83,0,c(-99.902066, 38.103333),"1974","215-144",-99.902066,38.103333,NA,NA
"1756","Hodgeman",-165.34,"Jetmore",1974-01-16,380616099550401,83,0,c(-99.917377, 38.104768),"1974","215-144",-99.917377,38.104768,NA,NA
"1757","Lane",-92.53,"Shields SE",1974-01-21,383227100165301,101,0,c(-100.283262, 38.538249),"1974","143-72",-100.283262,38.538249,25.4964619,"0-65"
"1758","Ness",-7.44,"Utica SW",1974-12-03,383129100142402,135,0,c(-100.241711, 38.521546),"1974","71-0",-100.241711,38.521546,5.803339,"0-65"
"1759","Ness",-23.8,"Beeler SW",1974-12-01,381946100141801,135,0,c(-100.239413, 38.328017),"1974","71-0",-100.239413,38.328017,NA,NA
"1760","Edwards",-21.55,"CENTERVIEW",1974-09-23,374931099182901,47,0,c(-99.309324, 37.825533),"1974","71-0",-99.309324,37.825533,113.4662018,"66-131"
"1761","Edwards",-18.28,"TROUSDALE",1974-03-21,374940099065101,47,0,c(-99.115603, 37.829804),"1974","71-0",-99.115603,37.829804,156.2445068,"132-197"
"1762","Edwards",-15.1,"BELPRE NW",1974-12-18,375629099075901,47,0,c(-99.132617, 37.942033),"1974","71-0",-99.132617,37.942033,142.3392181,"132-197"
"1763","Edwards",-60.85,"ROZEL SW",1974-06-24,380145099241301,47,0,c(-99.404504, 38.032451),"1974","71-0",-99.404504,38.032451,28.8759289,"0-65"
"1764","Stafford",-30.11,"Saint John SW",1974-12-18,380136098544001,185,0,c(-98.91309, 38.029282),"1974","71-0",-98.91309,38.029282,46.6070671,"0-65"
"1765","Stafford",0.8,"SEWARD",1974-01-17,380757098500901,185,0,c(-98.834769, 38.134214),"1974","+1-10",-98.834769,38.134214,156.2330627,"132-197"
"1766","Pawnee",-31.87,NA,1974-03-20,381147099272701,145,0,c(-99.460343, 38.197885),"1974","71-0",-99.460343,38.197885,23.9641571,"0-65"
"1767","Pawnee",-37.88,"Burdett",1974-12-12,381207099325201,145,0,c(-99.552173, 38.204016),"1974","71-0",-99.552173,38.204016,11.1392508,"0-65"
"1768","Pawnee",-7.2,NA,1974-01-14,380519099075301,145,0,c(-99.130799, 38.089859),"1974","71-0",-99.130799,38.089859,56.4689445,"0-65"
"1769","Barton",-11.97,"HEIZER",1974-09-17,382704098593803,9,0,c(-98.994505, 38.451196),"1974","71-0",-98.994505,38.451196,29.548418,"0-65"
"1770","Barton",-15.68,"HEIZER",1974-12-12,382249098572801,9,0,c(-98.960393, 38.379194),"1974","71-0",-98.960393,38.379194,25,"0-65"
"1771","Pawnee",-5.1,"Radium",1974-01-01,381253098553801,145,0,c(-98.926272, 38.214414),"1974","71-0",-98.926272,38.214414,158.6586609,"132-197"
"1772","Edwards",-17.47,"TROUSDALE",1974-09-23,374940099065101,47,0,c(-99.115603, 37.829804),"1974","71-0",-99.115603,37.829804,156.2445068,"132-197"
"1773","Edwards",-17.4,"TROUSDALE",1974-12-18,374940099065101,47,0,c(-99.115603, 37.829804),"1974","71-0",-99.115603,37.829804,156.2445068,"132-197"
"1774","Pawnee",-20.72,NA,1974-01-15,380037099021401,145,0,c(-99.036985, 38.011978),"1974","71-0",-99.036985,38.011978,72.9733658,"66-131"
"1775","Edwards",-60.49,"ROZEL SW",1974-12-18,380145099241301,47,0,c(-99.404504, 38.032451),"1974","71-0",-99.404504,38.032451,28.8759289,"0-65"
"1776","Pawnee",-34.34,"Burdett",1974-06-25,381207099325201,145,0,c(-99.552173, 38.204016),"1974","71-0",-99.552173,38.204016,11.1392508,"0-65"
"1777","Rush",-19.46,"Timken",1974-03-19,382848099104601,165,0,c(-99.179638, 38.479433),"1974","71-0",-99.179638,38.479433,25,"0-65"
"1778","Rush",-20.8,"ALEXANDER",1974-03-19,382848099304201,165,0,c(-99.511564, 38.480466),"1974","71-0",-99.511564,38.480466,NA,NA
"1779","Rush",-23.14,"ALEXANDER",1974-12-12,382848099304201,165,0,c(-99.511564, 38.480466),"1974","71-0",-99.511564,38.480466,NA,NA
"1780","Rush",-29.24,NA,1974-09-17,382821099262301,165,0,c(-99.43792, 38.47362),"1974","71-0",-99.43792,38.47362,NA,NA
"1781","Rush",-30.49,NA,1974-09-17,382835099341201,165,0,c(-99.568309, 38.477462),"1974","71-0",-99.568309,38.477462,NA,NA
"1782","Edwards",-19.1,"TROUSDALE",1974-01-01,374940099065102,47,0,c(-99.115603, 37.829804),"1974","71-0",-99.115603,37.829804,156.2445068,"132-197"
"1783","Pawnee",-24.88,"Fort Larned",1974-03-20,380826099134501,145,0,c(-99.22359, 38.143278),"1974","71-0",-99.22359,38.143278,44.3933907,"0-65"
"1784","Pawnee",-32.34,"Fort Larned",1974-09-17,380826099134501,145,0,c(-99.22359, 38.143278),"1974","71-0",-99.22359,38.143278,44.3933907,"0-65"
"1785","Rush",-27.73,"Rush Center",1974-12-12,382710099183001,165,0,c(-99.308533, 38.454423),"1974","71-0",-99.308533,38.454423,0.0000029,"0-65"
"1786","Rush",-31.86,NA,1974-12-15,382742099174001,165,0,c(-99.29507, 38.4621),"1974","71-0",-99.29507,38.4621,0.0000104,"0-65"
"1787","Rush",-24.12,NA,1974-12-12,382848099102901,165,0,c(-99.174069, 38.480146),"1974","71-0",-99.174069,38.480146,25,"0-65"
"1788","Rush",-20.41,"Timken",1974-06-25,382835099105401,165,0,c(-99.179894, 38.476528),"1974","71-0",-99.179894,38.476528,25,"0-65"
"1789","Rush",-14.86,NA,1974-03-19,382902099041501,165,0,c(-99.071053, 38.483442),"1974","71-0",-99.071053,38.483442,0.0056498,"0-65"
"1790","Stafford",-6.8,"Macksville",1974-01-01,375813098595101,185,0,c(-98.998005, 37.971207),"1974","71-0",-98.998005,37.971207,85.17202,"66-131"
"1791","Edwards",-7.42,"KINSLEY",1974-03-21,375513099231701,47,0,c(-99.386926, 37.920817),"1974","71-0",-99.386926,37.920817,42.9926033,"0-65"
"1792","Stafford",-21.74,"Macksville",1974-01-16,375759098524501,185,0,c(-98.88104, 37.967235),"1974","71-0",-98.88104,37.967235,96.6616592,"66-131"
"1793","Stafford",-34.75,"Saint John SW",1974-08-20,380136098544001,185,0,c(-98.91309, 38.029282),"1974","71-0",-98.91309,38.029282,46.6070671,"0-65"
"1794","Pawnee",-20.15,NA,1974-09-17,381047099185301,145,0,c(-99.314578, 38.180894),"1974","71-0",-99.314578,38.180894,9.7265434,"0-65"
"1795","Pawnee",-15.07,"Fort Larned",1974-03-20,381021099074601,145,0,c(-99.128032, 38.174149),"1974","71-0",-99.128032,38.174149,40.2292175,"0-65"
"1796","Pawnee",-8.07,NA,1974-01-14,380321099052401,145,0,c(-99.089859, 38.057144),"1974","71-0",-99.089859,38.057144,98.9415436,"66-131"
"1797","Rush",-26.59,NA,1974-09-17,382742099174001,165,0,c(-99.29507, 38.4621),"1974","71-0",-99.29507,38.4621,0.0000104,"0-65"
"1798","Rush",-25.11,"Timken",1974-12-12,382835099105401,165,0,c(-99.179894, 38.476528),"1974","71-0",-99.179894,38.476528,25,"0-65"
"1799","Pawnee",-15.88,NA,1974-03-20,381047099185301,145,0,c(-99.314578, 38.180894),"1974","71-0",-99.314578,38.180894,9.7265434,"0-65"
"1800","Barton",-15.9,"HEIZER",1974-09-17,382249098572801,9,0,c(-98.960393, 38.379194),"1974","71-0",-98.960393,38.379194,25,"0-65"
"1801","Stafford",-9.1,"Radium",1974-01-01,380923098535101,185,0,c(-98.899487, 38.156024),"1974","71-0",-98.899487,38.156024,173.212616,"132-197"
"1802","Pawnee",-11.97,NA,1974-03-20,375958099032001,145,0,c(-99.055434, 38.001068),"1974","71-0",-99.055434,38.001068,79.3627777,"66-131"
"1803","Stafford",-30.44,"Saint John SW",1974-06-24,380136098544001,185,0,c(-98.91309, 38.029282),"1974","71-0",-98.91309,38.029282,46.6070671,"0-65"
"1804","Pawnee",-16.33,"Radium",1974-09-17,381022098570001,145,0,c(-98.949342, 38.174165),"1974","71-0",-98.949342,38.174165,182.7614594,"132-197"
"1805","Rush",-24.15,NA,1974-06-25,382749099175701,165,0,c(-99.29854, 38.464704),"1974","71-0",-99.29854,38.464704,0.0000169,"0-65"
"1806","Rush",-32.51,NA,1974-09-17,382749099175701,165,0,c(-99.29854, 38.464704),"1974","71-0",-99.29854,38.464704,0.0000169,"0-65"
"1807","Rush",-29.52,NA,1974-12-12,382749099175701,165,0,c(-99.29854, 38.464704),"1974","71-0",-99.29854,38.464704,0.0000169,"0-65"
"1808","Rush",-27.05,"RUSH CENTER",1974-09-17,382755099173201,165,0,c(-99.291642, 38.466444),"1974","71-0",-99.291642,38.466444,3.3135738,"0-65"
"1809","Rush",-25.68,NA,1974-12-12,382908099105401,165,0,c(-99.181027, 38.485609),"1974","71-0",-99.181027,38.485609,25,"0-65"
"1810","Stafford",-5.1,"Saint John SW",1974-01-01,380652098532601,185,0,c(-98.890276, 38.116242),"1974","71-0",-98.890276,38.116242,93.006424,"66-131"
"1811","Edwards",-8.34,"KINSLEY",1974-06-17,375513099231701,47,0,c(-99.386926, 37.920817),"1974","71-0",-99.386926,37.920817,42.9926033,"0-65"
"1812","Pawnee",-52.03,NA,1974-09-17,380929099241101,145,0,c(-99.404506, 38.160095),"1974","71-0",-99.404506,38.160095,39.2891693,"0-65"
"1813","Pawnee",-16.95,"Fort Larned",1974-09-17,381021099074601,145,0,c(-99.128032, 38.174149),"1974","71-0",-99.128032,38.174149,40.2292175,"0-65"
"1814","Pawnee",-34.6,NA,1974-06-25,381147099272701,145,0,c(-99.460343, 38.197885),"1974","71-0",-99.460343,38.197885,23.9641571,"0-65"
"1815","Pawnee",-37.38,NA,1974-12-12,381147099272701,145,0,c(-99.460343, 38.197885),"1974","71-0",-99.460343,38.197885,23.9641571,"0-65"
"1816","Pawnee",-18.71,"Radium",1974-09-17,381022098570002,145,0,c(-98.949406, 38.174064),"1974","71-0",-98.949406,38.174064,182.7103119,"132-197"
"1817","Rush",-25.36,NA,1974-09-17,382908099105401,165,0,c(-99.181027, 38.485609),"1974","71-0",-99.181027,38.485609,25,"0-65"
"1818","Edwards",-21.25,"CENTERVIEW",1974-03-21,374931099182901,47,0,c(-99.309324, 37.825533),"1974","71-0",-99.309324,37.825533,113.4662018,"66-131"
"1819","Rush",-25.65,NA,1974-12-12,382914099104601,165,0,c(-99.178662, 38.487394),"1974","71-0",-99.178662,38.487394,25,"0-65"
"1820","Rush",-19.48,"Timken",1974-06-25,382848099104601,165,0,c(-99.179638, 38.479433),"1974","71-0",-99.179638,38.479433,25,"0-65"
"1821","Rush",-28.48,NA,1974-12-12,382835099341201,165,0,c(-99.568309, 38.477462),"1974","71-0",-99.568309,38.477462,NA,NA
"1822","Rush",-19.36,"Timken",1974-03-19,382822099104601,165,0,c(-99.179418, 38.473093),"1974","71-0",-99.179418,38.473093,25,"0-65"
"1823","Edwards",-24.21,"BELPRE NW",1974-12-18,375445099143901,47,0,c(-99.24453, 37.913636),"1974","71-0",-99.24453,37.913636,67.2067947,"66-131"
"1824","Barton",-10.04,"HEIZER",1974-12-12,382704098593803,9,0,c(-98.994505, 38.451196),"1974","71-0",-98.994505,38.451196,29.548418,"0-65"
"1825","Rush",-23.29,"RUSH CENTER",1974-06-25,382755099173201,165,0,c(-99.291642, 38.466444),"1974","71-0",-99.291642,38.466444,3.3135738,"0-65"
"1826","Rush",-20.3,"Timken",1974-03-19,382835099105401,165,0,c(-99.179894, 38.476528),"1974","71-0",-99.179894,38.476528,25,"0-65"
"1827","Rush",-27.47,"Timken",1974-09-17,382835099105401,165,0,c(-99.179894, 38.476528),"1974","71-0",-99.179894,38.476528,25,"0-65"
"1828","Edwards",-22.1,"Lewis",1974-01-01,375241099151201,47,0,c(-99.25464, 37.8799),"1974","71-0",-99.25464,37.8799,99.2677612,"66-131"
"1829","Edwards",-17.7,"Belpre NW",1974-01-01,375847099081601,47,0,c(-99.136984, 37.981515),"1974","71-0",-99.136984,37.981515,116.857811,"66-131"
"1830","Edwards",-16.86,"LEWIS",1974-09-23,375346099174801,47,0,c(-99.296108, 37.898066),"1974","71-0",-99.296108,37.898066,83.6405487,"66-131"
"1831","Edwards",-9.08,"KINSLEY",1974-12-18,375513099231701,47,0,c(-99.386926, 37.920817),"1974","71-0",-99.386926,37.920817,42.9926033,"0-65"
"1832","Edwards",-13.85,"BELPRE NW",1974-01-15,375900099083301,47,0,c(-99.142596, 37.984268),"1974","71-0",-99.142596,37.984268,111.8647919,"66-131"
"1833","Stafford",-33.09,"Saint John SW",1974-09-23,380136098544001,185,0,c(-98.91309, 38.029282),"1974","71-0",-98.91309,38.029282,46.6070671,"0-65"
"1834","Pawnee",-21.27,"Larned",1974-03-20,380744099023201,145,0,c(-99.042227, 38.130774),"1974","71-0",-99.042227,38.130774,63.4672508,"0-65"
"1835","Pawnee",-16.99,NA,1974-06-25,381047099185301,145,0,c(-99.314578, 38.180894),"1974","71-0",-99.314578,38.180894,9.7265434,"0-65"
"1836","Barton",-13.8,"HEIZER",1974-06-25,382249098572801,9,0,c(-98.960393, 38.379194),"1974","71-0",-98.960393,38.379194,25,"0-65"
"1837","Rush",-20.9,"ALEXANDER",1974-06-25,382848099304201,165,0,c(-99.511564, 38.480466),"1974","71-0",-99.511564,38.480466,NA,NA
"1838","Rush",-22.04,NA,1974-03-19,382821099262301,165,0,c(-99.43792, 38.47362),"1974","71-0",-99.43792,38.47362,NA,NA
"1839","Rush",-25.75,"Timken",1974-09-17,382822099104601,165,0,c(-99.179418, 38.473093),"1974","71-0",-99.179418,38.473093,25,"0-65"
"1840","Ness",-28.6,"Alexander",1974-11-01,382749099352001,135,0,c(-99.589023, 38.465245),"1974","71-0",-99.589023,38.465245,NA,NA
"1841","Barton",-11.5,"Great Bend",1974-01-01,381827098485101,9,0,c(-98.815933, 38.308103),"1974","71-0",-98.815933,38.308103,135.7020874,"132-197"
"1842","Edwards",-8.91,"KINSLEY",1974-09-23,375513099231701,47,0,c(-99.386926, 37.920817),"1974","71-0",-99.386926,37.920817,42.9926033,"0-65"
"1843","Pawnee",-15.08,NA,1974-09-17,375958099032001,145,0,c(-99.055434, 38.001068),"1974","71-0",-99.055434,38.001068,79.3627777,"66-131"
"1844","Edwards",-60.62,"ROZEL SW",1974-03-21,380145099241301,47,0,c(-99.404504, 38.032451),"1974","71-0",-99.404504,38.032451,28.8759289,"0-65"
"1845","Pawnee",-23.03,"Larned",1974-09-17,380744099023201,145,0,c(-99.042227, 38.130774),"1974","71-0",-99.042227,38.130774,63.4672508,"0-65"
"1846","Pawnee",-16.04,"Fort Larned",1974-06-25,381021099074601,145,0,c(-99.128032, 38.174149),"1974","71-0",-99.128032,38.174149,40.2292175,"0-65"
"1847","Rush",-29.16,"RUSH CENTER",1974-12-12,382755099173201,165,0,c(-99.291642, 38.466444),"1974","71-0",-99.291642,38.466444,3.3135738,"0-65"
"1848","Barton",-13.56,"HEIZER",1974-03-19,382249098572801,9,0,c(-98.960393, 38.379194),"1974","71-0",-98.960393,38.379194,25,"0-65"
"1849","Edwards",-14.5,"Belpre NW",1974-01-01,375431099105401,47,0,c(-99.182822, 37.909027),"1974","71-0",-99.182822,37.909027,61.4603043,"0-65"
"1850","Edwards",-10.6,"Belpre NW",1974-01-01,375233099084801,47,0,c(-99.146495, 37.876202),"1974","71-0",-99.146495,37.876202,128.5664368,"66-131"
"1851","Edwards",-15.5,"TROUSDALE",1974-01-15,374920099020301,47,0,c(-99.035156, 37.824113),"1974","71-0",-99.035156,37.824113,200.1588593,"198-262"
"1852","Edwards",-21.33,"CENTERVIEW",1974-12-18,374931099182901,47,0,c(-99.309324, 37.825533),"1974","71-0",-99.309324,37.825533,113.4662018,"66-131"
"1853","Edwards",-17.62,"LEWIS",1974-01-15,375847099165901,47,0,c(-99.282983, 37.981141),"1974","71-0",-99.282983,37.981141,56.2498322,"0-65"
"1854","Edwards",-60.58,"ROZEL SW",1974-09-25,380145099241301,47,0,c(-99.404504, 38.032451),"1974","71-0",-99.404504,38.032451,28.8759289,"0-65"
"1855","Barton",-8.63,"HEIZER",1974-06-25,382704098593803,9,0,c(-98.994505, 38.451196),"1974","71-0",-98.994505,38.451196,29.548418,"0-65"
"1856","Rush",-22.88,"RUSH CENTER",1974-03-19,382755099173201,165,0,c(-99.291642, 38.466444),"1974","71-0",-99.291642,38.466444,3.3135738,"0-65"
"1857","Rush",-25.49,NA,1974-03-19,382908099105401,165,0,c(-99.181027, 38.485609),"1974","71-0",-99.181027,38.485609,25,"0-65"
"1858","Rush",-24.81,NA,1974-06-25,382908099105401,165,0,c(-99.181027, 38.485609),"1974","71-0",-99.181027,38.485609,25,"0-65"
"1859","Rush",-23.15,NA,1974-06-25,382821099262301,165,0,c(-99.43792, 38.47362),"1974","71-0",-99.43792,38.47362,NA,NA
"1860","Rush",-27.1,NA,1974-12-12,382821099262301,165,0,c(-99.43792, 38.47362),"1974","71-0",-99.43792,38.47362,NA,NA
"1861","Pawnee",-33.11,"Burdett",1974-03-20,381207099325201,145,0,c(-99.552173, 38.204016),"1974","71-0",-99.552173,38.204016,11.1392508,"0-65"
"1862","Rush",-24.97,NA,1974-03-19,382749099175701,165,0,c(-99.29854, 38.464704),"1974","71-0",-99.29854,38.464704,0.0000169,"0-65"
"1863","Rush",-24.48,"Timken",1974-12-12,382848099104601,165,0,c(-99.179638, 38.479433),"1974","71-0",-99.179638,38.479433,25,"0-65"
"1864","Edwards",-25.8,"Lewis",1974-01-01,375339099201601,47,0,c(-99.336692, 37.894616),"1974","71-0",-99.336692,37.894616,80.8171234,"66-131"
"1865","Pawnee",-13.24,NA,1974-06-24,375958099032001,145,0,c(-99.055434, 38.001068),"1974","71-0",-99.055434,38.001068,79.3627777,"66-131"
"1866","Pawnee",-34.36,NA,1974-03-20,380929099241101,145,0,c(-99.404506, 38.160095),"1974","71-0",-99.404506,38.160095,39.2891693,"0-65"
"1867","Pawnee",-22.14,NA,1974-12-12,381047099185301,145,0,c(-99.314578, 38.180894),"1974","71-0",-99.314578,38.180894,9.7265434,"0-65"
"1868","Pawnee",-38.03,NA,1974-09-17,381147099272701,145,0,c(-99.460343, 38.197885),"1974","71-0",-99.460343,38.197885,23.9641571,"0-65"
"1869","Stafford",-5.06,"Saint John SW",1974-01-16,380652098532601,185,0,c(-98.890276, 38.116242),"1974","71-0",-98.890276,38.116242,93.006424,"66-131"
"1870","Ness",-28.6,"Alexander",1974-11-19,382749099352001,135,0,c(-99.589023, 38.465245),"1974","71-0",-99.589023,38.465245,NA,NA
"1871","Barton",-6.66,"HEIZER",1974-03-19,382704098593803,9,0,c(-98.994505, 38.451196),"1974","71-0",-98.994505,38.451196,29.548418,"0-65"
"1872","Edwards",-14.39,"BELPRE NW",1974-09-24,375629099075901,47,0,c(-99.132617, 37.942033),"1974","71-0",-99.132617,37.942033,142.3392181,"132-197"
"1873","Pawnee",-21.19,"Larned",1974-06-25,380744099023201,145,0,c(-99.042227, 38.130774),"1974","71-0",-99.042227,38.130774,63.4672508,"0-65"
"1874","Rush",-25.27,NA,1974-06-25,382742099174001,165,0,c(-99.29507, 38.4621),"1974","71-0",-99.29507,38.4621,0.0000104,"0-65"
"1875","Rush",-23.36,"ALEXANDER",1974-09-17,382848099304201,165,0,c(-99.511564, 38.480466),"1974","71-0",-99.511564,38.480466,NA,NA
"1876","Rush",-25.43,NA,1974-06-25,382835099341201,165,0,c(-99.568309, 38.477462),"1974","71-0",-99.568309,38.477462,NA,NA
"1877","Rush",-19.34,"Timken",1974-06-25,382822099104601,165,0,c(-99.179418, 38.473093),"1974","71-0",-99.179418,38.473093,25,"0-65"
"1878","Rush",-24.37,"Timken",1974-12-12,382822099104601,165,0,c(-99.179418, 38.473093),"1974","71-0",-99.179418,38.473093,25,"0-65"
"1879","Edwards",-17.66,"TROUSDALE",1974-07-02,374940099065101,47,0,c(-99.115603, 37.829804),"1974","71-0",-99.115603,37.829804,156.2445068,"132-197"
"1880","Edwards",-16.73,"LEWIS",1974-12-18,375346099174801,47,0,c(-99.296108, 37.898066),"1974","71-0",-99.296108,37.898066,83.6405487,"66-131"
"1881","Edwards",-23.68,"BELPRE NW",1974-03-21,375445099143901,47,0,c(-99.24453, 37.913636),"1974","71-0",-99.24453,37.913636,67.2067947,"66-131"
"1882","Pawnee",-38.78,"Burdett",1974-09-17,381207099325201,145,0,c(-99.552173, 38.204016),"1974","71-0",-99.552173,38.204016,11.1392508,"0-65"
"1883","Rush",-27.57,"Timken",1974-09-17,382848099104601,165,0,c(-99.179638, 38.479433),"1974","71-0",-99.179638,38.479433,25,"0-65"
"1884","Rush",-25.12,NA,1974-03-19,382835099341201,165,0,c(-99.568309, 38.477462),"1974","71-0",-99.568309,38.477462,NA,NA
"1885","Stafford",-1.68,NA,1974-04-16,381357098292501,185,0,c(-98.489733, 38.232098),"1974","71-0",-98.489733,38.232098,105.4565048,"66-131"
"1886","Rice",-33.47,"Chase NW",1974-07-02,382840098230601,159,0,c(-98.386244, 38.47685),"1974","71-0",-98.386244,38.47685,10,"0-65"
"1887","Reno",-31.56,"Yaggy",1974-12-16,380008098011901,155,0,c(-98.023217, 38.001262),"1974","71-0",-98.023217,38.001262,73.2224731,"66-131"
"1888","Reno",-13.65,"Plevna",1974-04-10,380000098171701,155,0,c(-98.288695, 37.999214),"1974","71-0",-98.288695,37.999214,90.4658356,"66-131"
"1889","Reno",-16.62,"Plevna",1974-09-16,380000098171701,155,0,c(-98.288695, 37.999214),"1974","71-0",-98.288695,37.999214,90.4658356,"66-131"
"1890","Rice",-51.07,"LORRAINE",1974-09-16,383058098194602,159,0,c(-98.330054, 38.515528),"1974","71-0",-98.330054,38.515528,10,"0-65"
"1891","Rice",-50.07,"LORRAINE",1974-12-16,383058098194602,159,0,c(-98.330054, 38.515528),"1974","71-0",-98.330054,38.515528,10,"0-65"
"1892","Stafford",-1.7,NA,1974-04-01,381357098292501,185,0,c(-98.489733, 38.232098),"1974","71-0",-98.489733,38.232098,105.4565048,"66-131"
"1893","Reno",-13.6,"Plevna",1974-04-01,380000098171701,155,0,c(-98.288695, 37.999214),"1974","71-0",-98.288695,37.999214,90.4658356,"66-131"
"1894","Stafford",-12.9,"TTuron",1974-05-01,375112098293101,185,0,c(-98.490947, 37.853626),"1974","71-0",-98.490947,37.853626,132.2351074,"132-197"
"1895","Stafford",-0.5,"Hudson NW",1974-03-14,381120098434802,185,0,c(-98.731513, 38.188913),"1974","71-0",-98.731513,38.188913,155.9397888,"132-197"
"1896","Stafford",-1.99,"Hudson NW",1974-06-25,381120098434802,185,0,c(-98.731513, 38.188913),"1974","71-0",-98.731513,38.188913,155.9397888,"132-197"
"1897","Ellsworth",-33.8,"LORRAINE",1974-07-02,383210098211002,53,0,c(-98.353355, 38.535441),"1974","71-0",-98.353355,38.535441,10,"0-65"
"1898","Rice",-60.9,"Lorraine",1974-09-16,383058098194601,159,0,c(-98.329534, 38.515122),"1974","71-0",-98.329534,38.515122,10,"0-65"
"1899","Reno",-3.93,"Little Salt Marsh",1974-04-10,380625098273401,155,0,c(-98.454702, 38.106346),"1974","71-0",-98.454702,38.106346,143.3181,"132-197"
"1900","Rice",-11.39,"Chase",1974-09-16,381918098152601,159,0,c(-98.25774, 38.322778),"1974","71-0",-98.25774,38.322778,123.2458649,"66-131"
"1901","Ellsworth",-87.72,NA,1974-03-14,383334098194701,53,0,c(-98.331022, 38.558283),"1974","143-72",-98.331022,38.558283,10,"0-65"
"1902","Ellsworth",-35.02,"LORRAINE",1974-03-14,383210098211002,53,0,c(-98.353355, 38.535441),"1974","71-0",-98.353355,38.535441,10,"0-65"
"1903","Stafford",-12.86,"TTuron",1974-05-08,375112098293101,185,0,c(-98.490947, 37.853626),"1974","71-0",-98.490947,37.853626,132.2351074,"132-197"
"1904","Rice",-8.78,"Chase",1974-03-14,381918098152601,159,0,c(-98.25774, 38.322778),"1974","71-0",-98.25774,38.322778,123.2458649,"66-131"
"1905","Ellsworth",-88.39,NA,1974-03-14,383210098211001,53,0,c(-98.353285, 38.53614),"1974","143-72",-98.353285,38.53614,10,"0-65"
"1906","Ellsworth",-99.87,NA,1974-09-16,383210098211001,53,0,c(-98.353285, 38.53614),"1974","143-72",-98.353285,38.53614,10,"0-65"
"1907","Reno",-5.9,"Alden NW",1974-04-01,380929098272701,155,0,c(-98.454543, 38.158289),"1974","71-0",-98.454543,38.158289,204.3618469,"198-262"
"1908","Ellsworth",-97.71,NA,1974-09-16,383236098194701,53,0,c(-98.329931, 38.542735),"1974","143-72",-98.329931,38.542735,10,"0-65"
"1909","Ellsworth",-87.34,"LORRAINE",1974-12-16,383150098211001,53,0,c(-98.353355, 38.530009),"1974","143-72",-98.353355,38.530009,10,"0-65"
"1910","Stafford",-7.93,NA,1974-06-24,375605098480401,185,0,c(-98.801501, 37.937149),"1974","71-0",-98.801501,37.937149,115.5679855,"66-131"
"1911","Reno",-32.08,"Yaggy",1974-03-14,380008098011901,155,0,c(-98.023217, 38.001262),"1974","71-0",-98.023217,38.001262,73.2224731,"66-131"
"1912","Barton",-3.68,"ELLINWOOD SW",1974-01-14,381734098372501,9,0,c(-98.622548, 38.293727),"1974","71-0",-98.622548,38.293727,154.0753784,"132-197"
"1913","Ellsworth",-80.76,NA,1974-12-16,383236098194701,53,0,c(-98.329931, 38.542735),"1974","143-72",-98.329931,38.542735,10,"0-65"
"1914","Rice",-33.5,"Chase NW",1974-12-16,382840098230601,159,0,c(-98.386244, 38.47685),"1974","71-0",-98.386244,38.47685,10,"0-65"
"1915","Stafford",-4.65,"Hudson NW",1974-09-16,381120098434802,185,0,c(-98.731513, 38.188913),"1974","71-0",-98.731513,38.188913,155.9397888,"132-197"
"1916","Stafford",-5.76,"Saint John North",1974-06-25,380617098460101,185,0,c(-98.766416, 38.104181),"1974","71-0",-98.766416,38.104181,182.3429565,"132-197"
"1917","Stafford",-8.96,"Saint John North",1974-12-12,380617098460101,185,0,c(-98.766416, 38.104181),"1974","71-0",-98.766416,38.104181,182.3429565,"132-197"
"1918","Ellsworth",-31.83,NA,1974-07-02,383334098194702,53,0,c(-98.329992, 38.559031),"1974","71-0",-98.329992,38.559031,10,"0-65"
"1919","Ellsworth",-32.25,NA,1974-12-16,383334098194702,53,0,c(-98.329992, 38.559031),"1974","71-0",-98.329992,38.559031,10,"0-65"
"1920","Ellsworth",-19.82,"LORRAINE",1974-03-14,383335098204601,53,0,c(-98.346335, 38.558909),"1974","71-0",-98.346335,38.558909,10,"0-65"
"1921","Ellsworth",-34.83,"LORRAINE",1974-09-16,383210098211002,53,0,c(-98.353355, 38.535441),"1974","71-0",-98.353355,38.535441,10,"0-65"
"1922","Rice",-56.74,"Lorraine",1974-03-14,383058098194601,159,0,c(-98.329534, 38.515122),"1974","71-0",-98.329534,38.515122,10,"0-65"
"1923","Rice",-14.8,"Alden",1974-01-01,381107098210301,159,0,c(-98.34756, 38.18558),"1974","71-0",-98.34756,38.18558,150.3747864,"132-197"
"1924","Stafford",-8.81,"Stafford NW",1974-06-24,375433098444601,185,0,c(-98.74591, 37.91132),"1974","71-0",-98.74591,37.91132,151.725235,"132-197"
"1925","Stafford",-4.14,"Hudson NW",1974-12-12,381120098434802,185,0,c(-98.731513, 38.188913),"1974","71-0",-98.731513,38.188913,155.9397888,"132-197"
"1926","Rice",-6.99,"CHASE NW",1974-09-16,382314098264501,159,0,c(-98.446867, 38.386684),"1974","71-0",-98.446867,38.386684,50.2862549,"0-65"
"1927","Ellsworth",-85.95,NA,1974-12-16,383334098194701,53,0,c(-98.331022, 38.558283),"1974","143-72",-98.331022,38.558283,10,"0-65"
"1928","Ellsworth",-81.77,NA,1974-03-14,383236098194701,53,0,c(-98.329931, 38.542735),"1974","143-72",-98.329931,38.542735,10,"0-65"
"1929","Ellsworth",-34.32,"LORRAINE",1974-12-16,383210098211002,53,0,c(-98.353355, 38.535441),"1974","71-0",-98.353355,38.535441,10,"0-65"
"1930","Ellsworth",-91,"LORRAINE",1974-09-16,383150098211001,53,0,c(-98.353355, 38.530009),"1974","143-72",-98.353355,38.530009,10,"0-65"
"1931","Stafford",-1,"Hudson SE",1974-04-01,380506098302901,185,0,c(-98.509137, 38.085431),"1974","71-0",-98.509137,38.085431,137.4985962,"132-197"
"1932","Stafford",-7.2,"Byers",1974-01-01,375023098475601,185,0,c(-98.797923, 37.843643),"1974","71-0",-98.797923,37.843643,184.0784607,"132-197"
"1933","Reno",-31.9,"Yaggy",1974-09-16,380008098011901,155,0,c(-98.023217, 38.001262),"1974","71-0",-98.023217,38.001262,73.2224731,"66-131"
"1934","Ellsworth",-104.9,NA,1974-09-16,383334098194701,53,0,c(-98.331022, 38.558283),"1974","143-72",-98.331022,38.558283,10,"0-65"
"1935","Ellsworth",-35.92,"LORRAINE",1974-07-02,383236098194702,53,0,c(-98.330751, 38.543071),"1974","71-0",-98.330751,38.543071,10,"0-65"
"1936","Ellsworth",-74.15,"LORRAINE",1974-07-02,383150098211001,53,0,c(-98.353355, 38.530009),"1974","143-72",-98.353355,38.530009,10,"0-65"
"1937","Reno",-31.61,"Yaggy",1974-07-02,380008098011901,155,0,c(-98.023217, 38.001262),"1974","71-0",-98.023217,38.001262,73.2224731,"66-131"
"1938","Stafford",-8.48,"Saint John North",1974-09-17,380617098460101,185,0,c(-98.766416, 38.104181),"1974","71-0",-98.766416,38.104181,182.3429565,"132-197"
"1939","Rice",-2.72,"CHASE NW",1974-07-02,382314098264501,159,0,c(-98.446867, 38.386684),"1974","71-0",-98.446867,38.386684,50.2862549,"0-65"
"1940","Ellsworth",-32.1,NA,1974-09-16,383334098194702,53,0,c(-98.329992, 38.559031),"1974","71-0",-98.329992,38.559031,10,"0-65"
"1941","Ellsworth",-35.56,"LORRAINE",1974-09-16,383236098194702,53,0,c(-98.330751, 38.543071),"1974","71-0",-98.330751,38.543071,10,"0-65"
"1942","Ellsworth",-93.95,NA,1974-12-16,383210098211001,53,0,c(-98.353285, 38.53614),"1974","143-72",-98.353285,38.53614,10,"0-65"
"1943","Stafford",-11.69,"Stafford NW",1974-12-18,375433098444601,185,0,c(-98.74591, 37.91132),"1974","71-0",-98.74591,37.91132,151.725235,"132-197"
"1944","Reno",-18.29,"Plevna",1974-12-16,380000098171701,155,0,c(-98.288695, 37.999214),"1974","71-0",-98.288695,37.999214,90.4658356,"66-131"
"1945","Stafford",-5.16,"Saint John North",1974-03-14,380617098460101,185,0,c(-98.766416, 38.104181),"1974","71-0",-98.766416,38.104181,182.3429565,"132-197"
"1946","Ellsworth",-100.71,NA,1974-07-02,383334098194701,53,0,c(-98.331022, 38.558283),"1974","143-72",-98.331022,38.558283,10,"0-65"
"1947","Rice",-55.27,"Lorraine",1974-07-02,383058098194601,159,0,c(-98.329534, 38.515122),"1974","71-0",-98.329534,38.515122,10,"0-65"
"1948","Stafford",-7.76,"Stafford NW",1974-03-14,375433098444601,185,0,c(-98.74591, 37.91132),"1974","71-0",-98.74591,37.91132,151.725235,"132-197"
"1949","Stafford",-11.39,"Stafford NW",1974-09-16,375433098444601,185,0,c(-98.74591, 37.91132),"1974","71-0",-98.74591,37.91132,151.725235,"132-197"
"1950","Ellsworth",-32.11,NA,1974-03-14,383334098194702,53,0,c(-98.329992, 38.559031),"1974","71-0",-98.329992,38.559031,10,"0-65"
"1951","Rice",-58.07,"Lorraine",1974-12-16,383058098194601,159,0,c(-98.329534, 38.515122),"1974","71-0",-98.329534,38.515122,10,"0-65"
"1952","Stafford",-8.9,"Saint John North",1974-01-01,380240098454401,185,0,c(-98.761647, 38.046732),"1974","71-0",-98.761647,38.046732,69.2602463,"66-131"
"1953","Stafford",-10.34,NA,1974-12-18,375605098480401,185,0,c(-98.801501, 37.937149),"1974","71-0",-98.801501,37.937149,115.5679855,"66-131"
"1954","Rice",-5.34,"CHASE NW",1974-03-14,382314098264501,159,0,c(-98.446867, 38.386684),"1974","71-0",-98.446867,38.386684,50.2862549,"0-65"
"1955","Rice",-10.97,"Chase",1974-12-16,381918098152601,159,0,c(-98.25774, 38.322778),"1974","71-0",-98.25774,38.322778,123.2458649,"66-131"
"1956","Ellsworth",-35.46,"LORRAINE",1974-12-16,383236098194702,53,0,c(-98.330751, 38.543071),"1974","71-0",-98.330751,38.543071,10,"0-65"
"1957","Ellsworth",-87.28,NA,1974-07-02,383210098211001,53,0,c(-98.353285, 38.53614),"1974","143-72",-98.353285,38.53614,10,"0-65"
"1958","Ellsworth",-78.05,"LORRAINE",1974-03-14,383150098211001,53,0,c(-98.353355, 38.530009),"1974","143-72",-98.353355,38.530009,10,"0-65"
"1959","Reno",-5.92,"Alden NW",1974-04-10,380929098272701,155,0,c(-98.454543, 38.158289),"1974","71-0",-98.454543,38.158289,204.3618469,"198-262"
"1960","Stafford",-1.05,"Hudson SE",1974-04-17,380506098302901,185,0,c(-98.509137, 38.085431),"1974","71-0",-98.509137,38.085431,137.4985962,"132-197"
"1961","Ellsworth",-99.62,NA,1974-07-02,383236098194701,53,0,c(-98.329931, 38.542735),"1974","143-72",-98.329931,38.542735,10,"0-65"
"1962","Ellsworth",-36.18,"LORRAINE",1974-03-14,383236098194702,53,0,c(-98.330751, 38.543071),"1974","71-0",-98.330751,38.543071,10,"0-65"
"1963","Rice",-33.63,"Chase NW",1974-09-16,382840098230601,159,0,c(-98.386244, 38.47685),"1974","71-0",-98.386244,38.47685,10,"0-65"
"1964","Rice",-50.17,"LORRAINE",1974-03-14,383058098194602,159,0,c(-98.330054, 38.515528),"1974","71-0",-98.330054,38.515528,10,"0-65"
"1965","Rice",-49.58,"LORRAINE",1974-07-02,383058098194602,159,0,c(-98.330054, 38.515528),"1974","71-0",-98.330054,38.515528,10,"0-65"
"1966","Stafford",-1.2,"Stafford SW",1974-01-01,374932098401501,185,0,c(-98.67065, 37.82717),"1974","71-0",-98.67065,37.82717,152.2772064,"132-197"
"1967","Stafford",-8.3,"Stafford NW",1974-01-01,375433098444601,185,0,c(-98.74591, 37.91132),"1974","71-0",-98.74591,37.91132,151.725235,"132-197"
"1968","Stafford",-7.39,NA,1974-03-14,375605098480401,185,0,c(-98.801501, 37.937149),"1974","71-0",-98.801501,37.937149,115.5679855,"66-131"
"1969","Stafford",-9.97,NA,1974-09-23,375605098480401,185,0,c(-98.801501, 37.937149),"1974","71-0",-98.801501,37.937149,115.5679855,"66-131"
"1970","Rice",-9.56,"Chase",1974-07-02,381918098152601,159,0,c(-98.25774, 38.322778),"1974","71-0",-98.25774,38.322778,123.2458649,"66-131"
"1971","Ellsworth",-21.24,"LORRAINE",1974-12-16,383335098204601,53,0,c(-98.346335, 38.558909),"1974","71-0",-98.346335,38.558909,10,"0-65"
"1972","Rice",-32.59,"Chase NW",1974-03-14,382840098230601,159,0,c(-98.386244, 38.47685),"1974","71-0",-98.386244,38.47685,10,"0-65"
"1973","Stafford",-5.9,"Hudson NW",1974-01-01,381338098414301,185,0,c(-98.696962, 38.225513),"1974","71-0",-98.696962,38.225513,165.5938721,"132-197"
"1974","Sedgwick",-3.56,NA,1974-04-02,375210097305501,173,0,c(-97.518889, 37.868889),"1974","71-0",-97.518889,37.868889,200.1388245,"198-262"
"1975","Sedgwick",-13.03,NA,1974-04-24,375210097273701,173,0,c(-97.463472, 37.869306),"1974","71-0",-97.463472,37.869306,153.5754242,"132-197"
"1976","Sedgwick",-10.08,NA,1974-11-20,375210097273701,173,0,c(-97.463472, 37.869306),"1974","71-0",-97.463472,37.869306,153.5754242,"132-197"
"1977","Sedgwick",-5.03,"Colwich",1974-07-02,375204097320001,173,0,c(-97.537149, 37.868669),"1974","71-0",-97.537149,37.868669,181.9004822,"132-197"
"1978","Sedgwick",-9.6,NA,1974-10-16,375210097273703,173,0,c(-97.463056, 37.86875),"1974","71-0",-97.463056,37.86875,153.2390594,"132-197"
"1979","Sedgwick",-9.89,NA,1974-07-02,375111097252701,173,0,c(-97.426806, 37.854028),"1974","71-0",-97.426806,37.854028,120.5000153,"66-131"
"1980","Sedgwick",-14.06,NA,1974-05-20,375039097234201,173,0,c(-97.396011, 37.844006),"1974","71-0",-97.396011,37.844006,64.615242,"0-65"
"1981","Sedgwick",-19.4,NA,1974-07-31,375329097284503,173,0,c(-97.481944, 37.890556),"1974","71-0",-97.481944,37.890556,160.5657654,"132-197"
"1982","Sedgwick",-16.63,NA,1974-01-17,375348097302301,173,0,c(-97.508611, 37.897778),"1974","71-0",-97.508611,37.897778,180.6900482,"132-197"
"1983","Sedgwick",-8.53,NA,1974-07-02,375316097305501,173,0,c(-97.517639, 37.887917),"1974","71-0",-97.517639,37.887917,192.7696533,"132-197"
"1984","Sedgwick",-8.92,NA,1974-12-31,375316097305501,173,0,c(-97.517639, 37.887917),"1974","71-0",-97.517639,37.887917,192.7696533,"132-197"
"1985","Sedgwick",-21,NA,1974-01-17,375348097292601,173,0,c(-97.492083, 37.8975),"1974","71-0",-97.492083,37.8975,165.5435944,"132-197"
"1986","Sedgwick",-21.04,NA,1974-08-20,375329097284501,173,0,c(-97.481806, 37.891111),"1974","71-0",-97.481806,37.891111,160.4235077,"132-197"
"1987","Sedgwick",-17.5,NA,1974-04-24,375348097303101,173,0,c(-97.510278, 37.897639),"1974","71-0",-97.510278,37.897639,182.7517242,"132-197"
"1988","Sedgwick",-3.95,"BENTLY",1974-04-01,375253097315601,173,0,c(-97.536944, 37.883194),"1974","71-0",-97.536944,37.883194,192.1342163,"132-197"
"1989","Sedgwick",-3.95,"BENTLY",1974-12-30,375253097315601,173,0,c(-97.536944, 37.883194),"1974","71-0",-97.536944,37.883194,192.1342163,"132-197"
"1990","Sedgwick",-13.02,NA,1974-09-17,375256097281102,173,0,c(-97.471944, 37.883056),"1974","71-0",-97.471944,37.883056,156.7520752,"132-197"
"1991","Sedgwick",-12.45,NA,1974-12-23,375256097281102,173,0,c(-97.471944, 37.883056),"1974","71-0",-97.471944,37.883056,156.7520752,"132-197"
"1992","Sedgwick",-17.33,NA,1974-03-20,375256097274502,173,0,c(-97.464028, 37.883056),"1974","71-0",-97.464028,37.883056,147.9484253,"132-197"
"1993","Sedgwick",-16.47,NA,1974-05-22,375256097274502,173,0,c(-97.464028, 37.883056),"1974","71-0",-97.464028,37.883056,147.9484253,"132-197"
"1994","Sedgwick",-15.17,NA,1974-10-16,375256097274503,173,0,c(-97.464028, 37.883056),"1974","71-0",-97.464028,37.883056,147.9484253,"132-197"
"1995","Sedgwick",-17.99,NA,1974-07-02,375415097295101,173,0,c(-97.500278, 37.905139),"1974","71-0",-97.500278,37.905139,172.8610229,"132-197"
"1996","Sedgwick",-17,NA,1974-11-27,375415097285401,173,0,c(-97.483333, 37.904306),"1974","71-0",-97.483333,37.904306,160.4212494,"132-197"
"1997","Sedgwick",-7.54,NA,1974-08-22,375421097341101,173,0,c(-97.573333, 37.906528),"1974","71-0",-97.573333,37.906528,147.5267181,"132-197"
"1998","Sedgwick",-8.88,NA,1974-04-24,375415097333802,173,0,c(-97.563472, 37.905),"1974","71-0",-97.563472,37.905,150.1082611,"132-197"
"1999","Sedgwick",-9.65,NA,1974-07-26,375421097341102,173,0,c(-97.573611, 37.905972),"1974","71-0",-97.573611,37.905972,146.3720398,"132-197"
"2000","Sedgwick",-9.04,"Patterson",1974-07-01,375356097373601,173,0,c(-97.628889, 37.897917),"1974","71-0",-97.628889,37.897917,181.5634155,"132-197"
"2001","Sedgwick",-6.24,NA,1974-10-02,375348097341901,173,0,c(-97.57375, 37.897778),"1974","71-0",-97.57375,37.897778,131.564743,"66-131"
"2002","Sedgwick",-17,NA,1974-10-16,375355097284501,173,0,c(-97.481389, 37.89875),"1974","71-0",-97.481389,37.89875,160.0249786,"132-197"
"2003","Sedgwick",-16,NA,1974-12-18,375355097284501,173,0,c(-97.481389, 37.89875),"1974","71-0",-97.481389,37.89875,160.0249786,"132-197"
"2004","Sedgwick",-6.2,"BENTLY",1974-05-28,375355097340301,173,0,c(-97.56875, 37.898194),"1974","71-0",-97.56875,37.898194,135.2102051,"132-197"
"2005","Sedgwick",-6.42,NA,1974-11-20,375355097340302,173,0,c(-97.569444, 37.898056),"1974","71-0",-97.569444,37.898056,134.7022858,"132-197"
"2006","Sedgwick",-17.9,NA,1974-02-19,375355097284502,173,0,c(-97.481944, 37.899861),"1974","71-0",-97.481944,37.899861,160.1674652,"132-197"
"2007","Sedgwick",-14.31,NA,1974-11-20,375355097284502,173,0,c(-97.481944, 37.899861),"1974","71-0",-97.481944,37.899861,160.1674652,"132-197"
"2008","Sedgwick",-18.5,NA,1974-04-24,375348097305601,173,0,c(-97.517361, 37.897639),"1974","71-0",-97.517361,37.897639,188.3402405,"132-197"
"2009","Sedgwick",-13.43,NA,1974-07-02,375355097273701,173,0,c(-97.463611, 37.898056),"1974","71-0",-97.463611,37.898056,141.6344757,"132-197"
"2010","Sedgwick",-11.58,NA,1974-01-17,375355097333001,173,0,c(-97.56, 37.897917),"1974","71-0",-97.56,37.897917,149.7139282,"132-197"
"2011","Sedgwick",-21.03,NA,1974-05-24,375355097281901,173,0,c(-97.475417, 37.897917),"1974","71-0",-97.475417,37.897917,155.1691742,"132-197"
"2012","Harvey",-16.25,NA,1974-12-31,375500097255101,79,0,c(-97.432222, 37.915972),"1974","71-0",-97.432222,37.915972,81.4278488,"66-131"
"2013","Harvey",-14.7,NA,1974-04-01,375540097285401,79,0,c(-97.482222, 37.926944),"1974","71-0",-97.482222,37.926944,153.9262695,"132-197"
"2014","Harvey",-20.38,NA,1974-04-24,375513097295902,79,0,c(-97.500556, 37.921528),"1974","71-0",-97.500556,37.921528,166.5668335,"132-197"
"2015","Harvey",-19.15,NA,1974-09-17,375513097295902,79,0,c(-97.500556, 37.921528),"1974","71-0",-97.500556,37.921528,166.5668335,"132-197"
"2016","Reno",-26.94,NA,1974-01-15,375507097474501,155,0,c(-97.79708, 37.91856),"1974","71-0",-97.79708,37.91856,61.1285629,"0-65"
"2017","Harvey",-9.53,NA,1974-12-31,375540097274501,79,0,c(-97.464058, 37.927019),"1974","71-0",-97.464058,37.927019,129.7992096,"66-131"
"2018","Harvey",-16.33,NA,1974-05-28,375451097291401,79,0,c(-97.490556, 37.912778),"1974","71-0",-97.490556,37.912778,164.1556091,"132-197"
"2019","Harvey",-21,NA,1974-01-31,375513097295901,79,0,c(-97.50125, 37.920139),"1974","71-0",-97.50125,37.920139,168.3886261,"132-197"
"2020","Harvey",-22,NA,1974-05-22,375513097295901,79,0,c(-97.50125, 37.920139),"1974","71-0",-97.50125,37.920139,168.3886261,"132-197"
"2021","Sedgwick",-23.08,NA,1974-03-25,375441097341103,173,0,c(-97.573611, 37.912083),"1974","71-0",-97.573611,37.912083,156.271347,"132-197"
"2022","Harvey",-9.32,NA,1974-07-02,375447097273701,79,0,c(-97.463714, 37.912403),"1974","71-0",-97.463714,37.912403,145.5947266,"132-197"
"2023","Sedgwick",-19.34,NA,1974-09-25,375441097302301,173,0,c(-97.508333, 37.912222),"1974","71-0",-97.508333,37.912222,176.7022552,"132-197"
"2024","Sedgwick",-19.3,NA,1974-06-19,375441097310401,173,0,c(-97.519167, 37.912222),"1974","71-0",-97.519167,37.912222,181.5503998,"132-197"
"2025","Harvey",-21,NA,1974-04-29,375447097295901,79,0,c(-97.501111, 37.912778),"1974","71-0",-97.501111,37.912778,172.688385,"132-197"
"2026","Sedgwick",-14,NA,1974-08-19,375441097303101,173,0,c(-97.51, 37.911944),"1974","71-0",-97.51,37.911944,177.070282,"132-197"
"2027","Harvey",-24.5,NA,1974-06-24,375625097310401,79,0,c(-97.519444, 37.940833),"1974","71-0",-97.519444,37.940833,168.5564575,"132-197"
"2028","Harvey",-5.13,NA,1974-10-02,375632097243001,79,0,c(-97.410408, 37.941567),"1974","71-0",-97.410408,37.941567,50.0645599,"0-65"
"2029","Harvey",-32.15,NA,1974-03-26,375559097320903,79,0,c(-97.537222, 37.933889),"1974","71-0",-97.537222,37.933889,182.9288788,"132-197"
"2030","Harvey",-33.03,NA,1974-09-20,375559097320903,79,0,c(-97.537222, 37.933889),"1974","71-0",-97.537222,37.933889,182.9288788,"132-197"
"2031","Harvey",-26.96,NA,1974-10-02,375625097305602,79,0,c(-97.518611, 37.94125),"1974","71-0",-97.518611,37.94125,168.0631409,"132-197"
"2032","Harvey",-21.83,NA,1974-07-02,375625097331501,79,0,c(-97.555778, 37.941389),"1974","71-0",-97.555778,37.941389,196.0981598,"132-197"
"2033","Harvey",-28.01,NA,1974-08-19,375559097320901,79,0,c(-97.537778, 37.933472),"1974","71-0",-97.537778,37.933472,183.5943909,"132-197"
"2034","Harvey",-24.93,NA,1974-11-20,375559097320901,79,0,c(-97.537778, 37.933472),"1974","71-0",-97.537778,37.933472,183.5943909,"132-197"
"2035","Harvey",-21.66,NA,1974-06-26,375540097303201,79,0,c(-97.510556, 37.926944),"1974","71-0",-97.510556,37.926944,166.8770294,"132-197"
"2036","Harvey",-31.67,"Bentley",1974-03-20,375540097320901,79,0,c(-97.537238, 37.9268),"1974","71-0",-97.537238,37.9268,184.7672424,"132-197"
"2037","Harvey",-23.11,"Bentley",1974-12-18,375540097320901,79,0,c(-97.537238, 37.9268),"1974","71-0",-97.537238,37.9268,184.7672424,"132-197"
"2038","Harvey",-19.97,NA,1974-08-19,375658097320202,79,0,c(-97.537083, 37.949861),"1974","71-0",-97.537083,37.949861,180.8988037,"132-197"
"2039","Harvey",-10.97,NA,1974-04-01,375718097373801,79,0,c(-97.629028, 37.955833),"1974","71-0",-97.629028,37.955833,137.369873,"132-197"
"2040","Harvey",-16,NA,1974-12-30,375718097274501,79,0,c(-97.464028, 37.955972),"1974","71-0",-97.464028,37.955972,117.9823532,"66-131"
"2041","Harvey",-4.67,"PATTERSON",1974-12-31,375725097404802,79,0,c(-97.683889, 37.95625),"1974","71-0",-97.683889,37.95625,141.0480194,"132-197"
"2042","Harvey",-21,NA,1974-04-30,375658097320201,79,0,c(-97.536528, 37.951111),"1974","71-0",-97.536528,37.951111,179.8032074,"132-197"
"2043","Harvey",-8.35,NA,1974-04-02,375718097284601,79,0,c(-97.482083, 37.955694),"1974","71-0",-97.482083,37.955694,141.0139771,"132-197"
"2044","Reno",-2.45,"PATTERSON",1974-07-02,375728097425701,155,0,c(-97.720139, 37.95625),"1974","71-0",-97.720139,37.95625,228.5601959,"198-262"
"2045","Harvey",-17.76,NA,1974-07-02,375724097310501,79,0,c(-97.520417, 37.956944),"1974","71-0",-97.520417,37.956944,162.9845276,"132-197"
"2046","Harvey",-19.46,NA,1974-10-02,375724097310501,79,0,c(-97.520417, 37.956944),"1974","71-0",-97.520417,37.956944,162.9845276,"132-197"
"2047","Harvey",-20.03,NA,1974-08-23,375633097355001,79,0,c(-97.600694, 37.941667),"1974","71-0",-97.600694,37.941667,185.4037323,"132-197"
"2048","Harvey",-22.75,NA,1974-01-21,375633097364003,79,0,c(-97.610694, 37.941528),"1974","71-0",-97.610694,37.941528,168.1863708,"132-197"
"2049","Harvey",-3.75,NA,1974-07-02,375639097384402,79,0,c(-97.647361, 37.945),"1974","71-0",-97.647361,37.945,124.0357819,"66-131"
"2050","Harvey",-5.54,NA,1974-12-31,375639097384402,79,0,c(-97.647361, 37.945),"1974","71-0",-97.647361,37.945,124.0357819,"66-131"
"2051","Harvey",-12.07,NA,1974-01-21,375633097364001,79,0,c(-97.610833, 37.942083),"1974","71-0",-97.610833,37.942083,168.6699066,"132-197"
"2052","Harvey",-28,NA,1974-04-30,375817097321001,79,0,c(-97.537917, 37.970972),"1974","71-0",-97.537917,37.970972,177.3802795,"132-197"
"2053","Harvey",-9.12,"PATTERSON",1974-10-02,375811097415501,79,0,c(-97.701806, 37.970417),"1974","71-0",-97.701806,37.970417,181.0225372,"132-197"
"2054","Harvey",-16.45,NA,1974-12-17,375817097363203,79,0,c(-97.610833, 37.971389),"1974","71-0",-97.610833,37.971389,204.116394,"198-262"
"2055","Harvey",-32,NA,1974-07-31,375810097334001,79,0,c(-97.563889, 37.970139),"1974","71-0",-97.563889,37.970139,197.6804504,"132-197"
"2056","Harvey",-11.1,NA,1974-04-03,375810097295101,79,0,c(-97.499869, 37.970439),"1974","71-0",-97.499869,37.970439,149.4152985,"132-197"
"2057","Harvey",-22.3,NA,1974-02-20,375810097324301,79,0,c(-97.54625, 37.970139),"1974","71-0",-97.54625,37.970139,182.0330048,"132-197"
"2058","Harvey",-22.2,NA,1974-04-02,375810097324301,79,0,c(-97.54625, 37.970139),"1974","71-0",-97.54625,37.970139,182.0330048,"132-197"
"2059","Harvey",-19.6,NA,1974-05-20,375810097324301,79,0,c(-97.54625, 37.970139),"1974","71-0",-97.54625,37.970139,182.0330048,"132-197"
"2060","Harvey",-19.96,NA,1974-02-20,375744097321002,79,0,c(-97.538406, 37.962262),"1974","71-0",-97.538406,37.962262,180.384964,"132-197"
"2061","Harvey",-18.53,NA,1974-05-22,375744097321002,79,0,c(-97.538406, 37.962262),"1974","71-0",-97.538406,37.962262,180.384964,"132-197"
"2062","Harvey",-18.86,NA,1974-09-17,375744097321002,79,0,c(-97.538406, 37.962262),"1974","71-0",-97.538406,37.962262,180.384964,"132-197"
"2063","Harvey",-36.09,NA,1974-03-19,375902097334803,79,0,c(-97.565417, 37.984861),"1974","71-0",-97.565417,37.984861,202.7014771,"198-262"
"2064","Harvey",-35,NA,1974-11-20,375902097334801,79,0,c(-97.565278, 37.984583),"1974","71-0",-97.565278,37.984583,202.5888824,"198-262"
"2065","Harvey",-39.96,NA,1974-04-24,375843097363303,79,0,c(-97.610556, 37.977917),"1974","71-0",-97.610556,37.977917,202.4074707,"198-262"
"2066","Harvey",-46.62,NA,1974-07-24,375843097363303,79,0,c(-97.610556, 37.977917),"1974","71-0",-97.610556,37.977917,202.4074707,"198-262"
"2067","Harvey",-30.24,NA,1974-07-30,375843097341302,79,0,c(-97.573797, 37.979569),"1974","71-0",-97.573797,37.979569,207.8613434,"198-262"
"2068","Harvey",-32.05,NA,1974-02-20,375843097321002,79,0,c(-97.537222, 37.979583),"1974","71-0",-97.537222,37.979583,178.8020782,"132-197"
"2069","Harvey",-34.28,NA,1974-04-24,375836097330702,79,0,c(-97.555278, 37.975972),"1974","71-0",-97.555278,37.975972,187.0804138,"132-197"
"2070","Reno",-6.09,NA,1974-10-02,375820097452802,155,0,c(-97.757222, 37.971111),"1974","71-0",-97.757222,37.971111,286.983429,"263-328"
"2071","Harvey",-34,NA,1974-01-17,375836097330701,79,0,c(-97.554722, 37.977222),"1974","71-0",-97.554722,37.977222,187.0685425,"132-197"
"2072","Reno",-5.65,NA,1974-04-02,375820097452803,155,0,c(-97.759344, 37.97253),"1974","71-0",-97.759344,37.97253,288.8971863,"263-328"
"2073","Harvey",-29.88,NA,1974-05-22,375843097341301,79,0,c(-97.573194, 37.978472),"1974","71-0",-97.573194,37.978472,207.6274872,"198-262"
"2074","Harvey",-30.38,NA,1974-08-19,375843097341301,79,0,c(-97.573194, 37.978472),"1974","71-0",-97.573194,37.978472,207.6274872,"198-262"
"2075","Harvey",-10.16,NA,1974-08-19,375817097365701,79,0,c(-97.61875, 37.970833),"1974","71-0",-97.61875,37.970833,197.783432,"132-197"
"2076","Harvey",-13.82,NA,1974-04-01,375955097295201,79,0,c(-97.5, 37.999444),"1974","71-0",-97.5,37.999444,131.4427338,"66-131"
"2077","Harvey",-43.76,NA,1974-04-02,375955097333201,79,0,c(-97.559217, 37.999483),"1974","71-0",-97.559217,37.999483,207.4181061,"198-262"
"2078","Harvey",-25.82,NA,1974-04-01,375955097351901,79,0,c(-97.591806, 37.999444),"1974","71-0",-97.591806,37.999444,218.6835632,"198-262"
"2079","Harvey",-29.5,NA,1974-05-21,375903097363301,79,0,c(-97.610694, 37.984583),"1974","71-0",-97.610694,37.984583,206.597702,"198-262"
"2080","Harvey",-35.99,NA,1974-01-17,375903097363303,79,0,c(-97.610556, 37.985),"1974","71-0",-97.610556,37.985,207.0899048,"198-262"
"2081","Harvey",-33.06,NA,1974-06-24,375903097363303,79,0,c(-97.610556, 37.985),"1974","71-0",-97.610556,37.985,207.0899048,"198-262"
"2082","Harvey",-10.92,NA,1974-12-30,375903097373101,79,0,c(-97.628611, 37.985),"1974","71-0",-97.628611,37.985,181.8722534,"132-197"
"2083","Harvey",-14.65,NA,1974-01-16,375935097264001,79,0,c(-97.446591, 37.993085),"1974","71-0",-97.446591,37.993085,103.5905914,"66-131"
"2084","Harvey",-11.78,NA,1974-05-21,375903097363302,79,0,c(-97.610556, 37.985),"1974","71-0",-97.610556,37.985,207.0899048,"198-262"
"2085","Harvey",-41.98,NA,1974-04-30,380054097334902,79,0,c(-97.566944, 38.014306),"1974","71-0",-97.566944,38.014306,195.9289551,"132-197"
"2086","Harvey",-41,NA,1974-03-19,380113097341401,79,0,c(-97.573194, 38.020833),"1974","71-0",-97.573194,38.020833,197.7062836,"132-197"
"2087","Harvey",-36,NA,1974-02-19,380054097334901,79,0,c(-97.565417, 38.014722),"1974","71-0",-97.565417,38.014722,193.8327484,"132-197"
"2088","Harvey",-34.39,NA,1974-01-17,380021097341302,79,0,c(-97.573611, 38.005),"1974","71-0",-97.573611,38.005,206.7701111,"198-262"
"2089","Harvey",-16.73,NA,1974-01-03,380002097374001,79,0,c(-97.628961, 37.999683),"1974","71-0",-97.628961,37.999683,187.2123566,"132-197"
"2090","Harvey",-34.89,NA,1974-10-18,380001097341302,79,0,c(-97.573658, 38.000994),"1974","71-0",-97.573658,38.000994,206.3138885,"198-262"
"2091","Harvey",-34.98,NA,1974-11-20,380001097341302,79,0,c(-97.573658, 38.000994),"1974","71-0",-97.573658,38.000994,206.3138885,"198-262"
"2092","Harvey",-5.35,"PATTERSON",1974-01-03,380002097401702,79,0,c(-97.674453, 37.999842),"1974","71-0",-97.674453,37.999842,120.3934708,"66-131"
"2093","Harvey",-41.62,NA,1974-10-02,380054097324401,79,0,c(-97.546528, 38.014306),"1974","71-0",-97.546528,38.014306,184.3016815,"132-197"
"2094","Harvey",-48,NA,1974-11-21,380021097341301,79,0,c(-97.573056, 38.00625),"1974","71-0",-97.573056,38.00625,207.2375031,"198-262"
"2095","Harvey",-20.67,NA,1974-04-02,380001097330002,79,0,c(-97.550139, 37.999583),"1974","71-0",-97.550139,37.999583,195.2329102,"132-197"
"2096","Harvey",-45.56,NA,1974-07-02,380001097330001,79,0,c(-97.550139, 37.999583),"1974","71-0",-97.550139,37.999583,195.2329102,"132-197"
"2097","Harvey",-29.37,NA,1974-03-19,380139097341401,79,0,c(-97.573039, 38.028097),"1974","71-0",-97.573039,38.028097,198.3878479,"198-262"
"2098","Harvey",-36,NA,1974-10-16,380139097341401,79,0,c(-97.573039, 38.028097),"1974","71-0",-97.573039,38.028097,198.3878479,"198-262"
"2099","Reno",-5.73,"Hutchinson SE",1974-01-14,380139097481201,155,0,c(-97.804394, 38.026928),"1974","71-0",-97.804394,38.026928,94.6932907,"66-131"
"2100","Harvey",-30.73,NA,1974-04-30,380139097341402,79,0,c(-97.573639, 38.0276),"1974","71-0",-97.573639,38.0276,199.0148926,"198-262"
"2101","Harvey",-42.73,NA,1974-07-30,380139097341402,79,0,c(-97.573639, 38.0276),"1974","71-0",-97.573639,38.0276,199.0148926,"198-262"
"2102","McPherson",-29.79,NA,1974-01-11,381451097370501,113,0,c(-97.618775, 38.247644),"1974","71-0",-97.618775,38.247644,71.0988388,"66-131"
"2103","Harvey",-2.25,NA,1974-01-03,380331097354501,79,0,c(-97.597083, 38.058333),"1974","71-0",-97.597083,38.058333,224.3877411,"198-262"
"2104","Harvey",-10.63,NA,1974-12-31,380318097392901,79,0,c(-97.659444, 38.054306),"1974","71-0",-97.659444,38.054306,232.7192535,"198-262"
"2105","McPherson",-31.91,"McPherson South",1974-01-09,381747097375101,113,0,c(-97.632385, 38.296137),"1974","71-0",-97.632385,38.296137,46.707058,"0-65"
"2106","McPherson",-75.49,NA,1974-01-08,382142097415901,113,0,c(-97.700135, 38.361306),"1974","143-72",-97.700135,38.361306,79.3226013,"66-131"
"2107","McPherson",-9.43,NA,1974-06-10,383630097395501,113,0,c(-97.665889, 38.608038),"1974","71-0",-97.665889,38.608038,NA,NA
"2108","Sedgwick",-3.72,NA,1974-12-31,375210097305501,173,0,c(-97.518889, 37.868889),"1974","71-0",-97.518889,37.868889,200.1388245,"198-262"
"2109","Sedgwick",-6.64,NA,1974-12-31,375118097285303,173,0,c(-97.4825, 37.854306),"1974","71-0",-97.4825,37.854306,179.1078491,"132-197"
"2110","Sedgwick",-9.03,NA,1974-11-20,375210097273703,173,0,c(-97.463056, 37.86875),"1974","71-0",-97.463056,37.86875,153.2390594,"132-197"
"2111","Sedgwick",-12.47,NA,1974-01-03,374953097232601,173,0,c(-97.390472, 37.832083),"1974","71-0",-97.390472,37.832083,62.6819725,"0-65"
"2112","Sedgwick",-19.5,NA,1974-04-30,375348097294201,173,0,c(-97.497917, 37.897778),"1974","71-0",-97.497917,37.897778,170.4191437,"132-197"
"2113","Sedgwick",-20,NA,1974-04-30,375348097295101,173,0,c(-97.499583, 37.897639),"1974","71-0",-97.499583,37.897639,171.552536,"132-197"
"2114","Sedgwick",-19.28,NA,1974-04-24,375329097284503,173,0,c(-97.481944, 37.890556),"1974","71-0",-97.481944,37.890556,160.5657654,"132-197"
"2115","Sedgwick",-18.27,NA,1974-05-22,375329097284503,173,0,c(-97.481944, 37.890556),"1974","71-0",-97.481944,37.890556,160.5657654,"132-197"
"2116","Sedgwick",-17.39,NA,1974-06-26,375329097284503,173,0,c(-97.481944, 37.890556),"1974","71-0",-97.481944,37.890556,160.5657654,"132-197"
"2117","Sedgwick",-18.93,NA,1974-08-20,375329097284503,173,0,c(-97.481944, 37.890556),"1974","71-0",-97.481944,37.890556,160.5657654,"132-197"
"2118","Sedgwick",-15.59,NA,1974-06-19,375348097302301,173,0,c(-97.508611, 37.897778),"1974","71-0",-97.508611,37.897778,180.6900482,"132-197"
"2119","Sedgwick",-14.15,NA,1974-11-20,375348097302301,173,0,c(-97.508611, 37.897778),"1974","71-0",-97.508611,37.897778,180.6900482,"132-197"
"2120","Sedgwick",-19,NA,1974-07-31,375348097292601,173,0,c(-97.492083, 37.8975),"1974","71-0",-97.492083,37.8975,165.5435944,"132-197"
"2121","Sedgwick",-17.5,NA,1974-08-23,375348097292601,173,0,c(-97.492083, 37.8975),"1974","71-0",-97.492083,37.8975,165.5435944,"132-197"
"2122","Sedgwick",-21.43,NA,1974-04-24,375329097284501,173,0,c(-97.481806, 37.891111),"1974","71-0",-97.481806,37.891111,160.4235077,"132-197"
"2123","Sedgwick",-8.38,NA,1974-01-03,375303097394001,173,0,c(-97.665139, 37.883333),"1974","71-0",-97.665139,37.883333,134.7962036,"132-197"
"2124","Sedgwick",-17.76,NA,1974-05-22,375329097284502,173,0,c(-97.481944, 37.890556),"1974","71-0",-97.481944,37.890556,160.5657654,"132-197"
"2125","Sedgwick",-16.01,NA,1974-10-21,375329097284502,173,0,c(-97.481944, 37.890556),"1974","71-0",-97.481944,37.890556,160.5657654,"132-197"
"2126","Sedgwick",-15.23,NA,1974-01-31,375256097281103,173,0,c(-97.471944, 37.883056),"1974","71-0",-97.471944,37.883056,156.7520752,"132-197"
"2127","Sedgwick",-15.54,NA,1974-04-30,375256097281102,173,0,c(-97.471944, 37.883056),"1974","71-0",-97.471944,37.883056,156.7520752,"132-197"
"2128","Sedgwick",-20.12,NA,1974-12-30,375303097284501,173,0,c(-97.481944, 37.883333),"1974","71-0",-97.481944,37.883333,161.9723969,"132-197"
"2129","Sedgwick",-17.6,NA,1974-02-22,375256097274502,173,0,c(-97.464028, 37.883056),"1974","71-0",-97.464028,37.883056,147.9484253,"132-197"
"2130","Sedgwick",-17.14,NA,1974-04-24,375256097274502,173,0,c(-97.464028, 37.883056),"1974","71-0",-97.464028,37.883056,147.9484253,"132-197"
"2131","Sedgwick",-14.56,"SEDGWICK",1974-05-22,375256097274501,173,0,c(-97.464722, 37.882639),"1974","71-0",-97.464722,37.882639,149.8994598,"132-197"
"2132","Sedgwick",-15.11,"SEDGWICK",1974-08-22,375256097274501,173,0,c(-97.464722, 37.882639),"1974","71-0",-97.464722,37.882639,149.8994598,"132-197"
"2133","Sedgwick",-9.3,NA,1974-01-31,375415097333802,173,0,c(-97.563472, 37.905),"1974","71-0",-97.563472,37.905,150.1082611,"132-197"
"2134","Sedgwick",-9.76,NA,1974-03-25,375415097333802,173,0,c(-97.563472, 37.905),"1974","71-0",-97.563472,37.905,150.1082611,"132-197"
"2135","Sedgwick",-8.36,NA,1974-05-22,375415097333802,173,0,c(-97.563472, 37.905),"1974","71-0",-97.563472,37.905,150.1082611,"132-197"
"2136","Sedgwick",-10.96,NA,1974-08-19,375415097333802,173,0,c(-97.563472, 37.905),"1974","71-0",-97.563472,37.905,150.1082611,"132-197"
"2137","Sedgwick",-9.17,NA,1974-03-20,375421097341102,173,0,c(-97.573611, 37.905972),"1974","71-0",-97.573611,37.905972,146.3720398,"132-197"
"2138","Sedgwick",-5.45,NA,1974-01-03,375348097341901,173,0,c(-97.57375, 37.897778),"1974","71-0",-97.57375,37.897778,131.564743,"66-131"
"2139","Sedgwick",-8.28,"BENTLY",1974-02-22,375355097340301,173,0,c(-97.56875, 37.898194),"1974","71-0",-97.56875,37.898194,135.2102051,"132-197"
"2140","Sedgwick",-8.34,NA,1974-06-20,375355097333002,173,0,c(-97.560833, 37.897917),"1974","71-0",-97.560833,37.897917,147.6697235,"132-197"
"2141","Sedgwick",-8.85,NA,1974-11-20,375355097333002,173,0,c(-97.560833, 37.897917),"1974","71-0",-97.560833,37.897917,147.6697235,"132-197"
"2142","Sedgwick",-20,NA,1974-01-31,375348097305601,173,0,c(-97.517361, 37.897639),"1974","71-0",-97.517361,37.897639,188.3402405,"132-197"
"2143","Sedgwick",-18,NA,1974-09-17,375348097305601,173,0,c(-97.517361, 37.897639),"1974","71-0",-97.517361,37.897639,188.3402405,"132-197"
"2144","Sedgwick",-19,NA,1974-12-18,375348097305601,173,0,c(-97.517361, 37.897639),"1974","71-0",-97.517361,37.897639,188.3402405,"132-197"
"2145","Sedgwick",-9.83,NA,1974-05-22,375355097333001,173,0,c(-97.56, 37.897917),"1974","71-0",-97.56,37.897917,149.7139282,"132-197"
"2146","Sedgwick",-18.79,NA,1974-06-19,375355097281901,173,0,c(-97.475417, 37.897917),"1974","71-0",-97.475417,37.897917,155.1691742,"132-197"
"2147","Sedgwick",-19.05,NA,1974-09-19,375355097281901,173,0,c(-97.475417, 37.897917),"1974","71-0",-97.475417,37.897917,155.1691742,"132-197"
"2148","Sedgwick",-16.96,NA,1974-01-31,375348097305602,173,0,c(-97.518611, 37.896667),"1974","71-0",-97.518611,37.896667,189.8391418,"132-197"
"2149","Sedgwick",-16.85,NA,1974-07-30,375348097305602,173,0,c(-97.518611, 37.896667),"1974","71-0",-97.518611,37.896667,189.8391418,"132-197"
"2150","Sedgwick",-15.55,NA,1974-09-17,375348097305602,173,0,c(-97.518611, 37.896667),"1974","71-0",-97.518611,37.896667,189.8391418,"132-197"
"2151","Harvey",-1.54,NA,1974-01-03,375448097405502,79,0,c(-97.683889, 37.9125),"1974","71-0",-97.683889,37.9125,223.9418488,"198-262"
"2152","Harvey",-17.72,NA,1974-12-18,375513097295902,79,0,c(-97.500556, 37.921528),"1974","71-0",-97.500556,37.921528,166.5668335,"132-197"
"2153","Harvey",-5.44,NA,1974-10-02,375447097351601,79,0,c(-97.591806, 37.9125),"1974","71-0",-97.591806,37.9125,145.9445953,"132-197"
"2154","Harvey",-18.83,NA,1974-02-19,375451097291401,79,0,c(-97.490556, 37.912778),"1974","71-0",-97.490556,37.912778,164.1556091,"132-197"
"2155","Harvey",-17.83,NA,1974-08-22,375451097291401,79,0,c(-97.490556, 37.912778),"1974","71-0",-97.490556,37.912778,164.1556091,"132-197"
"2156","Harvey",-15.83,NA,1974-10-16,375451097291401,79,0,c(-97.490556, 37.912778),"1974","71-0",-97.490556,37.912778,164.1556091,"132-197"
"2157","Harvey",-21,NA,1974-10-16,375513097295901,79,0,c(-97.50125, 37.920139),"1974","71-0",-97.50125,37.920139,168.3886261,"132-197"
"2158","Sedgwick",-20.25,NA,1974-12-18,375441097341101,173,0,c(-97.572917, 37.912083),"1974","71-0",-97.572917,37.912083,156.8578796,"132-197"
"2159","Sedgwick",-7.89,NA,1974-02-20,375441097341102,173,0,c(-97.573611, 37.912083),"1974","71-0",-97.573611,37.912083,156.271347,"132-197"
"2160","Harvey",-23.41,NA,1974-01-17,375447097295902,79,0,c(-97.502778, 37.912361),"1974","71-0",-97.502778,37.912361,173.4440918,"132-197"
"2161","Harvey",-23.97,NA,1974-03-20,375447097295902,79,0,c(-97.502778, 37.912361),"1974","71-0",-97.502778,37.912361,173.4440918,"132-197"
"2162","Harvey",-22.59,NA,1974-08-22,375447097295902,79,0,c(-97.502778, 37.912361),"1974","71-0",-97.502778,37.912361,173.4440918,"132-197"
"2163","Sedgwick",-20,NA,1974-06-19,375441097305601,173,0,c(-97.5175, 37.911944),"1974","71-0",-97.5175,37.911944,180.4878387,"132-197"
"2164","Sedgwick",-21.5,NA,1974-04-24,375441097303101,173,0,c(-97.51, 37.911944),"1974","71-0",-97.51,37.911944,177.070282,"132-197"
"2165","Harvey",-32.32,NA,1974-06-24,375559097320903,79,0,c(-97.537222, 37.933889),"1974","71-0",-97.537222,37.933889,182.9288788,"132-197"
"2166","Harvey",-22.69,NA,1974-12-18,375559097320901,79,0,c(-97.537778, 37.933472),"1974","71-0",-97.537778,37.933472,183.5943909,"132-197"
"2167","Harvey",-24.84,NA,1974-02-19,375540097323402,79,0,c(-97.544306, 37.926944),"1974","71-0",-97.544306,37.926944,191.0853424,"132-197"
"2168","Harvey",-24.44,NA,1974-05-22,375540097323402,79,0,c(-97.544306, 37.926944),"1974","71-0",-97.544306,37.926944,191.0853424,"132-197"
"2169","Harvey",-22.25,NA,1974-02-19,375540097305602,79,0,c(-97.51875, 37.928639),"1974","71-0",-97.51875,37.928639,167.3563385,"132-197"
"2170","Harvey",-20.82,NA,1974-10-21,375540097305602,79,0,c(-97.51875, 37.928639),"1974","71-0",-97.51875,37.928639,167.3563385,"132-197"
"2171","Harvey",-19.43,NA,1974-12-18,375540097305602,79,0,c(-97.51875, 37.928639),"1974","71-0",-97.51875,37.928639,167.3563385,"132-197"
"2172","Harvey",-27.19,NA,1974-08-19,375540097323403,79,0,c(-97.544306, 37.926944),"1974","71-0",-97.544306,37.926944,191.0853424,"132-197"
"2173","Harvey",-25.7,"Bentley",1974-05-24,375540097320901,79,0,c(-97.537238, 37.9268),"1974","71-0",-97.537238,37.9268,184.7672424,"132-197"
"2174","Harvey",-28,"BENTLY",1974-07-29,375540097302301,79,0,c(-97.509028, 37.927361),"1974","71-0",-97.509028,37.927361,166.1634064,"132-197"
"2175","Harvey",-25,"BENTLY",1974-09-17,375540097302301,79,0,c(-97.509028, 37.927361),"1974","71-0",-97.509028,37.927361,166.1634064,"132-197"
"2176","Harvey",-20.99,NA,1974-02-25,375658097320202,79,0,c(-97.537083, 37.949861),"1974","71-0",-97.537083,37.949861,180.8988037,"132-197"
"2177","Harvey",-22.3,NA,1974-10-02,375718097352601,79,0,c(-97.592361, 37.955833),"1974","71-0",-97.592361,37.955833,222.9235535,"198-262"
"2178","Harvey",-10.47,NA,1974-07-02,375718097373801,79,0,c(-97.629028, 37.955833),"1974","71-0",-97.629028,37.955833,137.369873,"132-197"
"2179","Harvey",-20.46,NA,1974-06-24,375744097321001,79,0,c(-97.537917, 37.962639),"1974","71-0",-97.537917,37.962639,180.1096344,"132-197"
"2180","Harvey",-19,NA,1974-05-22,375658097320201,79,0,c(-97.536528, 37.951111),"1974","71-0",-97.536528,37.951111,179.8032074,"132-197"
"2181","Harvey",-14.37,NA,1974-04-01,375724097295101,79,0,c(-97.500417, 37.956111),"1974","71-0",-97.500417,37.956111,158.3869019,"132-197"
"2182","Reno",-2.27,"PATTERSON",1974-04-02,375728097425701,155,0,c(-97.720139, 37.95625),"1974","71-0",-97.720139,37.95625,228.5601959,"198-262"
"2183","Harvey",-18.74,NA,1974-01-03,375724097310501,79,0,c(-97.520417, 37.956944),"1974","71-0",-97.520417,37.956944,162.9845276,"132-197"
"2184","Reno",-2.54,"PATTERSON",1974-04-02,375728097425702,155,0,c(-97.720139, 37.95625),"1974","71-0",-97.720139,37.95625,228.5601959,"198-262"
"2185","Harvey",-8.97,NA,1974-05-28,375652097364002,79,0,c(-97.610556, 37.947361),"1974","71-0",-97.610556,37.947361,177.5899048,"132-197"
"2186","Harvey",-10.29,NA,1974-12-23,375652097364002,79,0,c(-97.610556, 37.947361),"1974","71-0",-97.610556,37.947361,177.5899048,"132-197"
"2187","Harvey",-25.59,NA,1974-08-19,375632097313702,79,0,c(-97.530278, 37.941528),"1974","71-0",-97.530278,37.941528,177.6005554,"132-197"
"2188","Harvey",-26.5,NA,1974-03-27,375632097313701,79,0,c(-97.528611, 37.941944),"1974","71-0",-97.528611,37.941944,176.2776031,"132-197"
"2189","Harvey",-25.5,NA,1974-05-22,375632097313701,79,0,c(-97.528611, 37.941944),"1974","71-0",-97.528611,37.941944,176.2776031,"132-197"
"2190","Harvey",-26.88,NA,1974-04-01,375817097274501,79,0,c(-97.464028, 37.970694),"1974","71-0",-97.464028,37.970694,128.7593231,"66-131"
"2191","Harvey",-29,NA,1974-07-29,375817097330701,79,0,c(-97.555278, 37.97125),"1974","71-0",-97.555278,37.97125,186.157074,"132-197"
"2192","Harvey",-45.1,NA,1974-07-22,375817097363204,79,0,c(-97.610556, 37.970833),"1974","71-0",-97.610556,37.970833,204.9419556,"198-262"
"2193","Harvey",-6.7,"PATTERSON",1974-07-02,375811097415501,79,0,c(-97.701806, 37.970417),"1974","71-0",-97.701806,37.970417,181.0225372,"132-197"
"2194","Harvey",-6.2,"PATTERSON",1974-04-02,375811097415502,79,0,c(-97.701806, 37.970417),"1974","71-0",-97.701806,37.970417,181.0225372,"132-197"
"2195","Harvey",-28.73,NA,1974-04-29,375810097334002,79,0,c(-97.562439, 37.970547),"1974","71-0",-97.562439,37.970547,195.2039337,"132-197"
"2196","Harvey",-27.09,NA,1974-11-20,375810097334002,79,0,c(-97.562439, 37.970547),"1974","71-0",-97.562439,37.970547,195.2039337,"132-197"
"2197","Harvey",-29.1,NA,1974-03-27,375817097321002,79,0,c(-97.537361, 37.972222),"1974","71-0",-97.537361,37.972222,177.3385925,"132-197"
"2198","Harvey",-27.87,NA,1974-09-25,375817097321002,79,0,c(-97.537361, 37.972222),"1974","71-0",-97.537361,37.972222,177.3385925,"132-197"
"2199","Harvey",-23.6,NA,1974-01-03,375810097324302,79,0,c(-97.54625, 37.970139),"1974","71-0",-97.54625,37.970139,182.0330048,"132-197"
"2200","Harvey",-30,NA,1974-09-25,375810097334001,79,0,c(-97.563889, 37.970139),"1974","71-0",-97.563889,37.970139,197.6804504,"132-197"
"2201","Harvey",-23.35,NA,1974-04-19,375810097324301,79,0,c(-97.54625, 37.970139),"1974","71-0",-97.54625,37.970139,182.0330048,"132-197"
"2202","Harvey",-22.12,NA,1974-07-02,375810097324301,79,0,c(-97.54625, 37.970139),"1974","71-0",-97.54625,37.970139,182.0330048,"132-197"
"2203","Harvey",-30,NA,1974-05-21,375807097330301,79,0,c(-97.554583, 37.97),"1974","71-0",-97.554583,37.97,186.9123077,"132-197"
"2204","Harvey",-19.55,NA,1974-07-31,375744097321002,79,0,c(-97.538406, 37.962262),"1974","71-0",-97.538406,37.962262,180.384964,"132-197"
"2205","Harvey",-39.3,NA,1974-07-31,375902097334803,79,0,c(-97.565417, 37.984861),"1974","71-0",-97.565417,37.984861,202.7014771,"198-262"
"2206","Harvey",-31,NA,1974-09-25,375843097363301,79,0,c(-97.610694, 37.978611),"1974","71-0",-97.610694,37.978611,202.4698029,"198-262"
"2207","Harvey",-14.52,NA,1974-04-24,375843097363302,79,0,c(-97.610556, 37.977917),"1974","71-0",-97.610556,37.977917,202.4074707,"198-262"
"2208","Harvey",-13.75,NA,1974-05-30,375843097363302,79,0,c(-97.610556, 37.977917),"1974","71-0",-97.610556,37.977917,202.4074707,"198-262"
"2209","Harvey",-14.4,NA,1974-11-21,375843097363302,79,0,c(-97.610556, 37.977917),"1974","71-0",-97.610556,37.977917,202.4074707,"198-262"
"2210","Harvey",-33,NA,1974-09-25,375902097341301,79,0,c(-97.573194, 37.984583),"1974","71-0",-97.573194,37.984583,206.6734009,"198-262"
"2211","Harvey",-28.66,NA,1974-04-24,375843097341302,79,0,c(-97.573797, 37.979569),"1974","71-0",-97.573797,37.979569,207.8613434,"198-262"
"2212","Reno",-20.69,NA,1974-01-15,375843097512001,155,0,c(-97.856515, 37.978268),"1974","71-0",-97.856515,37.978268,136.5974731,"132-197"
"2213","Harvey",-31.01,NA,1974-08-14,375902097334802,79,0,c(-97.566797, 37.985025),"1974","71-0",-97.566797,37.985025,203.3744202,"198-262"
"2214","Harvey",-32.98,NA,1974-08-19,375843097321002,79,0,c(-97.537222, 37.979583),"1974","71-0",-97.537222,37.979583,178.8020782,"132-197"
"2215","Harvey",-31.78,NA,1974-12-23,375843097321002,79,0,c(-97.537222, 37.979583),"1974","71-0",-97.537222,37.979583,178.8020782,"132-197"
"2216","Harvey",-34.19,NA,1974-03-29,375836097330702,79,0,c(-97.555278, 37.975972),"1974","71-0",-97.555278,37.975972,187.0804138,"132-197"
"2217","Harvey",-32.07,NA,1974-10-16,375836097330702,79,0,c(-97.555278, 37.975972),"1974","71-0",-97.555278,37.975972,187.0804138,"132-197"
"2218","Reno",-4.5,NA,1974-04-03,375820097452802,155,0,c(-97.757222, 37.971111),"1974","71-0",-97.757222,37.971111,286.983429,"263-328"
"2219","Harvey",-35,NA,1974-04-24,375836097330701,79,0,c(-97.554722, 37.977222),"1974","71-0",-97.554722,37.977222,187.0685425,"132-197"
"2220","Harvey",-31.88,NA,1974-07-30,375843097341301,79,0,c(-97.573194, 37.978472),"1974","71-0",-97.573194,37.978472,207.6274872,"198-262"
"2221","Harvey",-33.71,NA,1974-01-21,375843097321001,79,0,c(-97.537997, 37.978306),"1974","71-0",-97.537997,37.978306,178.8004303,"132-197"
"2222","Harvey",-30.13,NA,1974-04-30,375836097334002,79,0,c(-97.564583, 37.975972),"1974","71-0",-97.564583,37.975972,201.1103516,"198-262"
"2223","Harvey",-7.88,NA,1974-10-02,375817097383701,79,0,c(-97.647083, 37.970694),"1974","71-0",-97.647083,37.970694,123.4976883,"66-131"
"2224","Harvey",-26.05,NA,1974-10-02,375955097351901,79,0,c(-97.591806, 37.999444),"1974","71-0",-97.591806,37.999444,218.6835632,"198-262"
"2225","Harvey",-39.8,NA,1974-07-30,375903097363303,79,0,c(-97.610556, 37.985),"1974","71-0",-97.610556,37.985,207.0899048,"198-262"
"2226","Harvey",-30.08,NA,1974-12-17,375903097363303,79,0,c(-97.610556, 37.985),"1974","71-0",-97.610556,37.985,207.0899048,"198-262"
"2227","Harvey",-30.9,NA,1974-07-22,375902097341302,79,0,c(-97.57375, 37.983333),"1974","71-0",-97.57375,37.983333,207.2333984,"198-262"
"2228","Harvey",-11.68,NA,1974-07-30,375903097363302,79,0,c(-97.610556, 37.985),"1974","71-0",-97.610556,37.985,207.0899048,"198-262"
"2229","Harvey",-9.4,NA,1974-01-03,380054097320301,79,0,c(-97.536528, 38.014167),"1974","71-0",-97.536528,38.014167,180.6872253,"132-197"
"2230","Harvey",-42,NA,1974-04-24,380113097341401,79,0,c(-97.573194, 38.020833),"1974","71-0",-97.573194,38.020833,197.7062836,"132-197"
"2231","Harvey",-42,NA,1974-10-16,380113097341401,79,0,c(-97.573194, 38.020833),"1974","71-0",-97.573194,38.020833,197.7062836,"132-197"
"2232","Harvey",-43.5,NA,1974-11-20,380113097341401,79,0,c(-97.573194, 38.020833),"1974","71-0",-97.573194,38.020833,197.7062836,"132-197"
"2233","Harvey",-6.04,"BURRTON",1974-12-31,380048097395201,79,0,c(-97.665786, 38.013989),"1974","71-0",-97.665786,38.013989,142.2989655,"132-197"
"2234","Harvey",-39,NA,1974-04-30,380054097334901,79,0,c(-97.565417, 38.014722),"1974","71-0",-97.565417,38.014722,193.8327484,"132-197"
"2235","Harvey",-6.85,"BURRTON",1974-07-02,380048097395202,79,0,c(-97.665786, 38.013989),"1974","71-0",-97.665786,38.013989,142.2989655,"132-197"
"2236","Harvey",-5.57,"PATTERSON",1974-10-02,380002097401701,79,0,c(-97.674522, 37.999872),"1974","71-0",-97.674522,37.999872,120.5946121,"66-131"
"2237","Harvey",-46,NA,1974-09-18,380021097341301,79,0,c(-97.573056, 38.00625),"1974","71-0",-97.573056,38.00625,207.2375031,"198-262"
"2238","Harvey",-22.65,NA,1974-07-02,380048097362501,79,0,c(-97.610178, 38.014),"1974","71-0",-97.610178,38.014,216.9775238,"198-262"
"2239","Harvey",-35.35,NA,1974-01-03,380001097342101,79,0,c(-97.573889, 37.999722),"1974","71-0",-97.573889,37.999722,206.5306702,"198-262"
"2240","Harvey",-11.35,NA,1974-10-02,380239097395403,79,0,c(-97.665694, 38.043333),"1974","71-0",-97.665694,38.043333,209.4247742,"198-262"
"2241","Harvey",-28,NA,1974-02-27,380139097341401,79,0,c(-97.573039, 38.028097),"1974","71-0",-97.573039,38.028097,198.3878479,"198-262"
"2242","Harvey",-32,NA,1974-11-20,380139097341401,79,0,c(-97.573039, 38.028097),"1974","71-0",-97.573039,38.028097,198.3878479,"198-262"
"2243","Harvey",-10.69,"BURRTON",1974-10-02,380146097394501,79,0,c(-97.665615, 38.029287),"1974","71-0",-97.665615,38.029287,176.8172607,"132-197"
"2244","Harvey",-31.06,NA,1974-09-25,380139097341402,79,0,c(-97.573639, 38.0276),"1974","71-0",-97.573639,38.0276,199.0148926,"198-262"
"2245","Reno",-25.07,"HALSTEAD NW",1974-01-15,380851097424301,155,0,c(-97.71086, 38.149295),"1974","71-0",-97.71086,38.149295,154.2262573,"132-197"
"2246","Harvey",-28.55,NA,1974-12-30,380324097352001,79,0,c(-97.590882, 38.056881),"1974","71-0",-97.590882,38.056881,215.8754883,"198-262"
"2247","Harvey",0.05,NA,1974-01-03,380324097341501,79,0,c(-97.573472, 38.057778),"1974","+1-10",-97.573472,38.057778,180.4685059,"132-197"
"2248","Harvey",-42.8,"BURRTON",1974-04-02,380331097395402,79,0,c(-97.666094, 38.057792),"1974","71-0",-97.666094,38.057792,247.7387848,"198-262"
"2249","Reno",-20.5,NA,1974-02-22,380331097512202,155,0,c(-97.856575, 38.058422),"1974","71-0",-97.856575,38.058422,44.4851608,"0-65"
"2250","McPherson",-6.58,"WINDOM NE",1974-01-07,382755097463301,113,0,c(-97.776638, 38.46415),"1974","71-0",-97.776638,38.46415,NA,NA
"2251","McPherson",-96.42,NA,1974-12-31,382241097410102,113,0,c(-97.684158, 38.377648),"1974","143-72",-97.684158,38.377648,82.9230881,"66-131"
"2252","McPherson",-73.22,"MCPHERSON SOUTH",1974-01-07,382143097442002,113,0,c(-97.739587, 38.361023),"1974","143-72",-97.739587,38.361023,26.8797512,"0-65"
"2253","McPherson",-22.54,"LINDSBORG",1974-09-10,383210097442801,113,0,c(-97.741409, 38.535499),"1974","71-0",-97.741409,38.535499,NA,NA
"2254","McPherson",-7.98,NA,1974-01-16,382906097371801,113,0,c(-97.621715, 38.48455),"1974","71-0",-97.621715,38.48455,13.2313519,"0-65"
"2255","Harvey",-25.97,NA,1974-07-02,380140097365901,79,0,c(-97.616389, 38.028611),"1974","71-0",-97.616389,38.028611,214.0660706,"198-262"
"2256","Sedgwick",-11.36,NA,1974-06-19,375230097273703,173,0,c(-97.46375, 37.874583),"1974","71-0",-97.46375,37.874583,153.0676727,"132-197"
"2257","Sedgwick",-15.14,NA,1974-12-20,375039097234201,173,0,c(-97.396011, 37.844006),"1974","71-0",-97.396011,37.844006,64.615242,"0-65"
"2258","Sedgwick",-18,NA,1974-10-16,375348097295101,173,0,c(-97.499583, 37.897639),"1974","71-0",-97.499583,37.897639,171.552536,"132-197"
"2259","Sedgwick",-16.18,NA,1974-10-21,375329097284503,173,0,c(-97.481944, 37.890556),"1974","71-0",-97.481944,37.890556,160.5657654,"132-197"
"2260","Sedgwick",-9.08,NA,1974-10-02,375316097305501,173,0,c(-97.517639, 37.887917),"1974","71-0",-97.517639,37.887917,192.7696533,"132-197"
"2261","Sedgwick",-21.53,NA,1974-03-27,375329097284501,173,0,c(-97.481806, 37.891111),"1974","71-0",-97.481806,37.891111,160.4235077,"132-197"
"2262","Sedgwick",-19.5,NA,1974-06-26,375329097284501,173,0,c(-97.481806, 37.891111),"1974","71-0",-97.481806,37.891111,160.4235077,"132-197"
"2263","Sedgwick",-17.56,NA,1974-06-19,375348097292602,173,0,c(-97.490417, 37.897639),"1974","71-0",-97.490417,37.897639,164.602478,"132-197"
"2264","Sedgwick",-18,NA,1974-01-17,375348097303101,173,0,c(-97.510278, 37.897639),"1974","71-0",-97.510278,37.897639,182.7517242,"132-197"
"2265","Sedgwick",-15.96,NA,1974-09-17,375329097284502,173,0,c(-97.481944, 37.890556),"1974","71-0",-97.481944,37.890556,160.5657654,"132-197"
"2266","Sedgwick",-4.7,"BENTLY",1974-10-02,375253097315601,173,0,c(-97.536944, 37.883194),"1974","71-0",-97.536944,37.883194,192.1342163,"132-197"
"2267","Sedgwick",-15.5,NA,1974-08-01,375256097281103,173,0,c(-97.471944, 37.883056),"1974","71-0",-97.471944,37.883056,156.7520752,"132-197"
"2268","Sedgwick",-4.97,NA,1974-07-02,375256097330501,173,0,c(-97.555278, 37.883056),"1974","71-0",-97.555278,37.883056,157.372406,"132-197"
"2269","Sedgwick",-12.63,"SEDGWICK",1974-11-20,375256097274501,173,0,c(-97.464722, 37.882639),"1974","71-0",-97.464722,37.882639,149.8994598,"132-197"
"2270","Sedgwick",-17.03,NA,1974-08-22,375256097274503,173,0,c(-97.464028, 37.883056),"1974","71-0",-97.464028,37.883056,147.9484253,"132-197"
"2271","Sedgwick",-16.01,NA,1974-01-21,375421097285401,173,0,c(-97.482222, 37.905417),"1974","71-0",-97.482222,37.905417,159.4700317,"132-197"
"2272","Sedgwick",-20,NA,1974-05-23,375415097285401,173,0,c(-97.483333, 37.904306),"1974","71-0",-97.483333,37.904306,160.4212494,"132-197"
"2273","Sedgwick",-8.63,NA,1974-01-31,375415097333801,173,0,c(-97.562639, 37.904861),"1974","71-0",-97.562639,37.904861,151.4284821,"132-197"
"2274","Sedgwick",-8.47,NA,1974-02-19,375415097333801,173,0,c(-97.562639, 37.904861),"1974","71-0",-97.562639,37.904861,151.4284821,"132-197"
"2275","Sedgwick",-8.65,NA,1974-09-17,375415097333801,173,0,c(-97.562639, 37.904861),"1974","71-0",-97.562639,37.904861,151.4284821,"132-197"
"2276","Sedgwick",-9.26,NA,1974-10-18,375415097333801,173,0,c(-97.562639, 37.904861),"1974","71-0",-97.562639,37.904861,151.4284821,"132-197"
"2277","Sedgwick",-7.19,NA,1974-06-19,375421097341102,173,0,c(-97.573611, 37.905972),"1974","71-0",-97.573611,37.905972,146.3720398,"132-197"
"2278","Sedgwick",-9.29,NA,1974-09-17,375421097341102,173,0,c(-97.573611, 37.905972),"1974","71-0",-97.573611,37.905972,146.3720398,"132-197"
"2279","Sedgwick",-14.38,NA,1974-10-16,375348097305602,173,0,c(-97.518611, 37.896667),"1974","71-0",-97.518611,37.896667,189.8391418,"132-197"
"2280","Sedgwick",-21,NA,1974-07-29,375355097284501,173,0,c(-97.481389, 37.89875),"1974","71-0",-97.481389,37.89875,160.0249786,"132-197"
"2281","Sedgwick",-7.26,"BENTLY",1974-04-30,375355097340301,173,0,c(-97.56875, 37.898194),"1974","71-0",-97.56875,37.898194,135.2102051,"132-197"
"2282","Sedgwick",-8.8,"BENTLY",1974-08-22,375355097340301,173,0,c(-97.56875, 37.898194),"1974","71-0",-97.56875,37.898194,135.2102051,"132-197"
"2283","Sedgwick",-7.98,"BENTLY",1974-12-18,375355097340301,173,0,c(-97.56875, 37.898194),"1974","71-0",-97.56875,37.898194,135.2102051,"132-197"
"2284","Sedgwick",-6.53,NA,1974-01-24,375355097340302,173,0,c(-97.569444, 37.898056),"1974","71-0",-97.569444,37.898056,134.7022858,"132-197"
"2285","Sedgwick",-4.53,NA,1974-05-28,375355097340302,173,0,c(-97.569444, 37.898056),"1974","71-0",-97.569444,37.898056,134.7022858,"132-197"
"2286","Sedgwick",-6.14,NA,1974-12-18,375355097340302,173,0,c(-97.569444, 37.898056),"1974","71-0",-97.569444,37.898056,134.7022858,"132-197"
"2287","Sedgwick",-9.23,NA,1974-07-02,375355097320101,173,0,c(-97.536667, 37.898056),"1974","71-0",-97.536667,37.898056,199.0600128,"198-262"
"2288","Sedgwick",-18.5,NA,1974-06-24,375348097305601,173,0,c(-97.517361, 37.897639),"1974","71-0",-97.517361,37.897639,188.3402405,"132-197"
"2289","Sedgwick",-19.5,NA,1974-08-30,375348097305601,173,0,c(-97.517361, 37.897639),"1974","71-0",-97.517361,37.897639,188.3402405,"132-197"
"2290","Sedgwick",-10.33,NA,1974-06-20,375355097333001,173,0,c(-97.56, 37.897917),"1974","71-0",-97.56,37.897917,149.7139282,"132-197"
"2291","Harvey",-12.34,NA,1974-07-02,375500097255101,79,0,c(-97.432222, 37.915972),"1974","71-0",-97.432222,37.915972,81.4278488,"66-131"
"2292","Harvey",-15.76,NA,1974-10-02,375500097255101,79,0,c(-97.432222, 37.915972),"1974","71-0",-97.432222,37.915972,81.4278488,"66-131"
"2293","Harvey",-13.78,NA,1974-10-02,375540097285401,79,0,c(-97.482222, 37.926944),"1974","71-0",-97.482222,37.926944,153.9262695,"132-197"
"2294","Harvey",-6,NA,1974-10-02,375447097332201,79,0,c(-97.559583, 37.9125),"1974","71-0",-97.559583,37.9125,169.9844971,"132-197"
"2295","Harvey",-22,NA,1974-04-24,375513097295901,79,0,c(-97.50125, 37.920139),"1974","71-0",-97.50125,37.920139,168.3886261,"132-197"
"2296","Harvey",-24,NA,1974-08-19,375513097295901,79,0,c(-97.50125, 37.920139),"1974","71-0",-97.50125,37.920139,168.3886261,"132-197"
"2297","Sedgwick",-26.97,NA,1974-04-29,375441097341103,173,0,c(-97.573611, 37.912083),"1974","71-0",-97.573611,37.912083,156.271347,"132-197"
"2298","Harvey",-11.35,NA,1974-01-03,375447097273701,79,0,c(-97.463714, 37.912403),"1974","71-0",-97.463714,37.912403,145.5947266,"132-197"
"2299","Sedgwick",-20.3,NA,1974-08-01,375441097310401,173,0,c(-97.519167, 37.912222),"1974","71-0",-97.519167,37.912222,181.5503998,"132-197"
"2300","Sedgwick",-19.01,NA,1974-01-21,375441097292601,173,0,c(-97.492083, 37.912222),"1974","71-0",-97.492083,37.912222,165.9233246,"132-197"
"2301","Harvey",-20,NA,1974-09-19,375447097295901,79,0,c(-97.501111, 37.912778),"1974","71-0",-97.501111,37.912778,172.688385,"132-197"
"2302","Harvey",-25,NA,1974-02-19,375625097310401,79,0,c(-97.519444, 37.940833),"1974","71-0",-97.519444,37.940833,168.5564575,"132-197"
"2303","Harvey",-25,NA,1974-08-26,375625097310401,79,0,c(-97.519444, 37.940833),"1974","71-0",-97.519444,37.940833,168.5564575,"132-197"
"2304","Harvey",-23,NA,1974-12-23,375625097310401,79,0,c(-97.519444, 37.940833),"1974","71-0",-97.519444,37.940833,168.5564575,"132-197"
"2305","Harvey",-27.17,NA,1974-01-18,375559097320902,79,0,c(-97.537222, 37.932778),"1974","71-0",-97.537222,37.932778,183.2023315,"132-197"
"2306","Harvey",-25.19,NA,1974-10-16,375559097320902,79,0,c(-97.537222, 37.932778),"1974","71-0",-97.537222,37.932778,183.2023315,"132-197"
"2307","Harvey",-6.18,NA,1974-01-03,375632097243001,79,0,c(-97.410408, 37.941567),"1974","71-0",-97.410408,37.941567,50.0645599,"0-65"
"2308","Harvey",-24.9,NA,1974-06-24,375625097310402,79,0,c(-97.520556, 37.939722),"1974","71-0",-97.520556,37.939722,169.1968994,"132-197"
"2309","Harvey",-26.5,NA,1974-07-22,375625097310402,79,0,c(-97.520556, 37.939722),"1974","71-0",-97.520556,37.939722,169.1968994,"132-197"
"2310","Harvey",-28.5,NA,1974-06-24,375559097320901,79,0,c(-97.537778, 37.933472),"1974","71-0",-97.537778,37.933472,183.5943909,"132-197"
"2311","Harvey",-22.3,NA,1974-12-18,375540097320902,79,0,c(-97.537222, 37.926806),"1974","71-0",-97.537222,37.926806,184.7477264,"132-197"
"2312","Harvey",-22,NA,1974-09-20,375540097305601,79,0,c(-97.518194, 37.927361),"1974","71-0",-97.518194,37.927361,168.0558319,"132-197"
"2313","Harvey",-20.5,NA,1974-11-20,375540097305601,79,0,c(-97.518194, 37.927361),"1974","71-0",-97.518194,37.927361,168.0558319,"132-197"
"2314","Harvey",-28.8,NA,1974-02-19,375540097320903,79,0,c(-97.537222, 37.926806),"1974","71-0",-97.537222,37.926806,184.7477264,"132-197"
"2315","Harvey",-22.35,NA,1974-12-18,375540097320903,79,0,c(-97.537222, 37.926806),"1974","71-0",-97.537222,37.926806,184.7477264,"132-197"
"2316","Harvey",-3.6,NA,1974-04-02,375540097394101,79,0,c(-97.665139, 37.927083),"1974","71-0",-97.665139,37.927083,169.3360901,"132-197"
"2317","Harvey",-22.21,NA,1974-03-19,375540097305602,79,0,c(-97.51875, 37.928639),"1974","71-0",-97.51875,37.928639,167.3563385,"132-197"
"2318","Harvey",-28,"BENTLY",1974-02-27,375540097302301,79,0,c(-97.509028, 37.927361),"1974","71-0",-97.509028,37.927361,166.1634064,"132-197"
"2319","Harvey",-27.68,"Bentley",1974-06-17,375540097320901,79,0,c(-97.537238, 37.9268),"1974","71-0",-97.537238,37.9268,184.7672424,"132-197"
"2320","Harvey",-20.83,NA,1974-04-01,375724097330701,79,0,c(-97.555278, 37.956111),"1974","71-0",-97.555278,37.956111,196.0875854,"132-197"
"2321","Harvey",-28,NA,1974-11-20,375744097330701,79,0,c(-97.554722, 37.962778),"1974","71-0",-97.554722,37.962778,193.5212402,"132-197"
"2322","Harvey",-2.3,"PATTERSON",1974-04-02,375725097404802,79,0,c(-97.683889, 37.95625),"1974","71-0",-97.683889,37.95625,141.0480194,"132-197"
"2323","Harvey",-23.5,NA,1974-03-19,375658097320201,79,0,c(-97.536528, 37.951111),"1974","71-0",-97.536528,37.951111,179.8032074,"132-197"
"2324","Harvey",-18.04,NA,1974-05-21,375633097355001,79,0,c(-97.600694, 37.941667),"1974","71-0",-97.600694,37.941667,185.4037323,"132-197"
"2325","Harvey",-9.73,NA,1974-06-21,375633097364002,79,0,c(-97.610694, 37.941528),"1974","71-0",-97.610694,37.941528,168.1863708,"132-197"
"2326","Harvey",-14.18,NA,1974-12-18,375633097355002,79,0,c(-97.599861, 37.941528),"1974","71-0",-97.599861,37.941528,186.702179,"132-197"
"2327","Harvey",-18.2,NA,1974-09-18,375652097364003,79,0,c(-97.610556, 37.947361),"1974","71-0",-97.610556,37.947361,177.5899048,"132-197"
"2328","Harvey",-11,NA,1974-04-29,375652097364001,79,0,c(-97.610694, 37.947778),"1974","71-0",-97.610694,37.947778,178.0439758,"132-197"
"2329","Harvey",-28.15,NA,1974-06-21,375817097330701,79,0,c(-97.555278, 37.97125),"1974","71-0",-97.555278,37.97125,186.157074,"132-197"
"2330","Harvey",-31.82,NA,1974-09-18,375817097363204,79,0,c(-97.610556, 37.970833),"1974","71-0",-97.610556,37.970833,204.9419556,"198-262"
"2331","Harvey",-6.7,"PATTERSON",1974-01-03,375811097415501,79,0,c(-97.701806, 37.970417),"1974","71-0",-97.701806,37.970417,181.0225372,"132-197"
"2332","Harvey",-13.05,NA,1974-04-02,375817097363202,79,0,c(-97.610556, 37.970833),"1974","71-0",-97.610556,37.970833,204.9419556,"198-262"
"2333","Harvey",-12.53,NA,1974-10-02,375817097363202,79,0,c(-97.610556, 37.970833),"1974","71-0",-97.610556,37.970833,204.9419556,"198-262"
"2334","Harvey",-11.33,NA,1974-12-23,375817097365703,79,0,c(-97.619583, 37.970694),"1974","71-0",-97.619583,37.970694,197.6665955,"132-197"
"2335","Harvey",-15.8,NA,1974-11-21,375817097363203,79,0,c(-97.610833, 37.971389),"1974","71-0",-97.610833,37.971389,204.116394,"198-262"
"2336","Harvey",-14.68,NA,1974-04-01,375810097284601,79,0,c(-97.482083, 37.970139),"1974","71-0",-97.482083,37.970139,131.2219543,"66-131"
"2337","Harvey",-10.88,NA,1974-10-02,375811097373001,79,0,c(-97.628611, 37.970417),"1974","71-0",-97.628611,37.970417,176.1593933,"132-197"
"2338","Harvey",-30.81,NA,1974-01-28,375750097330701,79,0,c(-97.555278, 37.964028),"1974","71-0",-97.555278,37.964028,193.1697235,"132-197"
"2339","Harvey",-30,NA,1974-05-28,375810097334001,79,0,c(-97.563889, 37.970139),"1974","71-0",-97.563889,37.970139,197.6804504,"132-197"
"2340","Harvey",-20.52,NA,1974-06-21,375810097324301,79,0,c(-97.54625, 37.970139),"1974","71-0",-97.54625,37.970139,182.0330048,"132-197"
"2341","Harvey",-22.1,NA,1974-10-02,375810097324301,79,0,c(-97.54625, 37.970139),"1974","71-0",-97.54625,37.970139,182.0330048,"132-197"
"2342","Harvey",-19.63,NA,1974-11-20,375810097324301,79,0,c(-97.54625, 37.970139),"1974","71-0",-97.54625,37.970139,182.0330048,"132-197"
"2343","Harvey",-31,NA,1974-11-20,375807097330301,79,0,c(-97.554583, 37.97),"1974","71-0",-97.554583,37.97,186.9123077,"132-197"
"2344","Harvey",-17.78,NA,1974-06-24,375744097321002,79,0,c(-97.538406, 37.962262),"1974","71-0",-97.538406,37.962262,180.384964,"132-197"
"2345","Harvey",-36,NA,1974-06-17,375902097334801,79,0,c(-97.565278, 37.984583),"1974","71-0",-97.565278,37.984583,202.5888824,"198-262"
"2346","Harvey",-34,NA,1974-03-25,375902097341301,79,0,c(-97.573194, 37.984583),"1974","71-0",-97.573194,37.984583,206.6734009,"198-262"
"2347","Harvey",-34,NA,1974-04-24,375902097341301,79,0,c(-97.573194, 37.984583),"1974","71-0",-97.573194,37.984583,206.6734009,"198-262"
"2348","Harvey",-34,NA,1974-08-22,375902097341301,79,0,c(-97.573194, 37.984583),"1974","71-0",-97.573194,37.984583,206.6734009,"198-262"
"2349","Harvey",-44.12,NA,1974-06-21,375843097363303,79,0,c(-97.610556, 37.977917),"1974","71-0",-97.610556,37.977917,202.4074707,"198-262"
"2350","Harvey",-31.33,NA,1974-05-30,375902097334802,79,0,c(-97.566797, 37.985025),"1974","71-0",-97.566797,37.985025,203.3744202,"198-262"
"2351","Harvey",-10.06,NA,1974-04-24,375817097365702,79,0,c(-97.618364, 37.971524),"1974","71-0",-97.618364,37.971524,197.544281,"132-197"
"2352","Harvey",-9.15,NA,1974-06-17,375817097365702,79,0,c(-97.618364, 37.971524),"1974","71-0",-97.618364,37.971524,197.544281,"132-197"
"2353","Harvey",-10.62,NA,1974-07-30,375817097365702,79,0,c(-97.618364, 37.971524),"1974","71-0",-97.618364,37.971524,197.544281,"132-197"
"2354","Harvey",-32.78,NA,1974-05-21,375836097330702,79,0,c(-97.555278, 37.975972),"1974","71-0",-97.555278,37.975972,187.0804138,"132-197"
"2355","Harvey",-34,NA,1974-12-17,375836097330701,79,0,c(-97.554722, 37.977222),"1974","71-0",-97.554722,37.977222,187.0685425,"132-197"
"2356","Harvey",-28.88,NA,1974-12-17,375843097341301,79,0,c(-97.573194, 37.978472),"1974","71-0",-97.573194,37.978472,207.6274872,"198-262"
"2357","Harvey",-32.71,NA,1974-05-24,375843097321001,79,0,c(-97.537997, 37.978306),"1974","71-0",-97.537997,37.978306,178.8004303,"132-197"
"2358","Harvey",-35.71,NA,1974-06-24,375843097321001,79,0,c(-97.537997, 37.978306),"1974","71-0",-97.537997,37.978306,178.8004303,"132-197"
"2359","Harvey",-34.71,NA,1974-12-23,375843097321001,79,0,c(-97.537997, 37.978306),"1974","71-0",-97.537997,37.978306,178.8004303,"132-197"
"2360","Harvey",-31.6,NA,1974-05-22,375836097334001,79,0,c(-97.564544, 37.977706),"1974","71-0",-97.564544,37.977706,201.1987305,"198-262"
"2361","Harvey",-29.42,NA,1974-06-20,375836097334002,79,0,c(-97.564583, 37.975972),"1974","71-0",-97.564583,37.975972,201.1103516,"198-262"
"2362","Harvey",-8.05,NA,1974-12-30,375817097383701,79,0,c(-97.647083, 37.970694),"1974","71-0",-97.647083,37.970694,123.4976883,"66-131"
"2363","Harvey",-32.63,NA,1974-03-25,375935097342102,79,0,c(-97.573889, 37.994167),"1974","71-0",-97.573889,37.994167,208.819046,"198-262"
"2364","Harvey",-32.77,NA,1974-09-18,375935097342102,79,0,c(-97.573889, 37.994167),"1974","71-0",-97.573889,37.994167,208.819046,"198-262"
"2365","Harvey",-31.28,NA,1974-12-23,375935097342102,79,0,c(-97.573889, 37.994167),"1974","71-0",-97.573889,37.994167,208.819046,"198-262"
"2366","Harvey",-47.13,NA,1974-06-24,375935097342103,79,0,c(-97.573889, 37.994167),"1974","71-0",-97.573889,37.994167,208.819046,"198-262"
"2367","Harvey",-47.54,NA,1974-10-29,375935097342103,79,0,c(-97.573889, 37.994167),"1974","71-0",-97.573889,37.994167,208.819046,"198-262"
"2368","Harvey",-42.93,NA,1974-12-23,375935097342103,79,0,c(-97.573889, 37.994167),"1974","71-0",-97.573889,37.994167,208.819046,"198-262"
"2369","Harvey",-45.08,NA,1974-07-02,375955097333201,79,0,c(-97.559217, 37.999483),"1974","71-0",-97.559217,37.999483,207.4181061,"198-262"
"2370","Harvey",-36,NA,1974-02-20,375935097342101,79,0,c(-97.574444, 37.992917),"1974","71-0",-97.574444,37.992917,208.6991119,"198-262"
"2371","Harvey",-32.5,NA,1974-10-21,375903097363301,79,0,c(-97.610694, 37.984583),"1974","71-0",-97.610694,37.984583,206.597702,"198-262"
"2372","Harvey",-41.2,NA,1974-04-30,375903097363303,79,0,c(-97.610556, 37.985),"1974","71-0",-97.610556,37.985,207.0899048,"198-262"
"2373","Harvey",-11.93,NA,1974-01-03,375903097373101,79,0,c(-97.628611, 37.985),"1974","71-0",-97.628611,37.985,181.8722534,"132-197"
"2374","Harvey",-33.95,NA,1974-12-30,375929097320201,79,0,c(-97.536944, 37.992222),"1974","71-0",-97.536944,37.992222,182.8236694,"132-197"
"2375","Harvey",-36.7,NA,1974-10-02,375910097352702,79,0,c(-97.592222, 37.985139),"1974","71-0",-97.592222,37.985139,211.90979,"198-262"
"2376","Harvey",-41.17,NA,1974-04-01,375909097273701,79,0,c(-97.463472, 37.985278),"1974","71-0",-97.463472,37.985278,120.2092285,"66-131"
"2377","Harvey",-29.52,NA,1974-06-24,375902097341302,79,0,c(-97.57375, 37.983333),"1974","71-0",-97.57375,37.983333,207.2333984,"198-262"
"2378","Harvey",-11.9,NA,1974-10-21,375903097363302,79,0,c(-97.610556, 37.985),"1974","71-0",-97.610556,37.985,207.0899048,"198-262"
"2379","Harvey",-43.25,NA,1974-11-20,380054097334902,79,0,c(-97.566944, 38.014306),"1974","71-0",-97.566944,38.014306,195.9289551,"132-197"
"2380","Harvey",-24.82,NA,1974-04-02,380054097351901,79,0,c(-97.591806, 38.014306),"1974","71-0",-97.591806,38.014306,215.8179932,"198-262"
"2381","Harvey",-51,NA,1974-06-21,380113097341401,79,0,c(-97.573194, 38.020833),"1974","71-0",-97.573194,38.020833,197.7062836,"132-197"
"2382","Harvey",-47,NA,1974-08-19,380113097341401,79,0,c(-97.573194, 38.020833),"1974","71-0",-97.573194,38.020833,197.7062836,"132-197"
"2383","Harvey",-42,NA,1974-04-24,380054097342201,79,0,c(-97.574583, 38.014722),"1974","71-0",-97.574583,38.014722,200.8865967,"198-262"
"2384","Harvey",-34.3,NA,1974-04-30,380021097341302,79,0,c(-97.573611, 38.005),"1974","71-0",-97.573611,38.005,206.7701111,"198-262"
"2385","Harvey",-22.86,NA,1974-10-02,380048097362501,79,0,c(-97.610178, 38.014),"1974","71-0",-97.610178,38.014,216.9775238,"198-262"
"2386","Harvey",-7.41,"Bentley",1974-04-02,380001097313001,79,0,c(-97.526528, 37.999583),"1974","71-0",-97.526528,37.999583,171.8951111,"132-197"
"2387","Harvey",-0.37,NA,1974-07-02,380239097395401,79,0,c(-97.665694, 38.043333),"1974","71-0",-97.665694,38.043333,209.4247742,"198-262"
"2388","Harvey",-27.45,NA,1974-10-02,380232097352801,79,0,c(-97.592222, 38.043194),"1974","71-0",-97.592222,38.043194,231.9792938,"198-262"
"2389","Harvey",-11.25,"BURRTON",1974-04-02,380146097394502,79,0,c(-97.665556, 38.029167),"1974","71-0",-97.665556,38.029167,176.5262451,"132-197"
"2390","Harvey",-11.3,"BURRTON",1974-10-02,380146097394502,79,0,c(-97.665556, 38.029167),"1974","71-0",-97.665556,38.029167,176.5262451,"132-197"
"2391","Harvey",-2.63,NA,1974-01-03,380226097352801,79,0,c(-97.592222, 38.039722),"1974","71-0",-97.592222,38.039722,226.9227142,"198-262"
"2392","Harvey",-25.8,NA,1974-07-02,380146097352001,79,0,c(-97.591944, 38.028889),"1974","71-0",-97.591944,38.028889,211.9853363,"198-262"
"2393","Harvey",-14.98,NA,1974-10-02,380139097322701,79,0,c(-97.543333, 38.028472),"1974","71-0",-97.543333,38.028472,174.1472931,"132-197"
"2394","Harvey",-10.18,"BURRTON",1974-07-02,380146097394501,79,0,c(-97.665615, 38.029287),"1974","71-0",-97.665615,38.029287,176.8172607,"132-197"
"2395","Harvey",-43.8,NA,1974-01-01,380950097341701,79,0,c(-97.573303, 38.164164),"1974","71-0",-97.573303,38.164164,67.7787704,"66-131"
"2396","Harvey",-1.75,NA,1974-04-01,380331097354501,79,0,c(-97.597083, 38.058333),"1974","71-0",-97.597083,38.058333,224.3877411,"198-262"
"2397","Harvey",-2.3,NA,1974-07-02,380324097341501,79,0,c(-97.573472, 38.057778),"1974","71-0",-97.573472,38.057778,180.4685059,"132-197"
"2398","Harvey",-38.13,"BURRTON",1974-10-02,380331097395402,79,0,c(-97.666094, 38.057792),"1974","71-0",-97.666094,38.057792,247.7387848,"198-262"
"2399","McPherson",-77.61,"MCPHERSON NORTH",1974-01-07,382413097443601,113,0,c(-97.743185, 38.402427),"1974","143-72",-97.743185,38.402427,13.7968378,"0-65"
"2400","Harvey",-13.62,"HALSTEAD",1974-01-03,380143097365901,79,0,c(-97.616389, 38.028611),"1974","71-0",-97.616389,38.028611,214.0660706,"198-262"
"2401","Harvey",-13.42,"HALSTEAD",1974-04-02,380143097365901,79,0,c(-97.616389, 38.028611),"1974","71-0",-97.616389,38.028611,214.0660706,"198-262"
"2402","Sedgwick",-12.63,NA,1974-08-19,375230097273702,173,0,c(-97.46375, 37.874583),"1974","71-0",-97.46375,37.874583,153.0676727,"132-197"
"2403","Sedgwick",-10.15,NA,1974-06-20,375210097273702,173,0,c(-97.463056, 37.86875),"1974","71-0",-97.463056,37.86875,153.2390594,"132-197"
"2404","Sedgwick",-11.72,NA,1974-07-30,375210097273702,173,0,c(-97.463056, 37.86875),"1974","71-0",-97.463056,37.86875,153.2390594,"132-197"
"2405","Sedgwick",-6.3,NA,1974-10-02,375118097285301,173,0,c(-97.4825, 37.854306),"1974","71-0",-97.4825,37.854306,179.1078491,"132-197"
"2406","Sedgwick",-10.22,NA,1974-01-03,375111097252701,173,0,c(-97.426806, 37.854028),"1974","71-0",-97.426806,37.854028,120.5000153,"66-131"
"2407","Sedgwick",-14.17,NA,1974-07-19,375039097234201,173,0,c(-97.396011, 37.844006),"1974","71-0",-97.396011,37.844006,64.615242,"0-65"
"2408","Sedgwick",-10.06,NA,1974-04-01,375118097273701,173,0,c(-97.463611, 37.854306),"1974","71-0",-97.463611,37.854306,157.1630859,"132-197"
"2409","Sedgwick",-9.55,NA,1974-10-02,375118097273701,173,0,c(-97.463611, 37.854306),"1974","71-0",-97.463611,37.854306,157.1630859,"132-197"
"2410","Sedgwick",-27.54,NA,1974-10-02,375026097351401,173,0,c(-97.591944, 37.839861),"1974","71-0",-97.591944,37.839861,181.41745,"132-197"
"2411","Sedgwick",-16.8,NA,1974-12-18,375348097294201,173,0,c(-97.497917, 37.897778),"1974","71-0",-97.497917,37.897778,170.4191437,"132-197"
"2412","Sedgwick",-19.19,NA,1974-01-28,375329097284503,173,0,c(-97.481944, 37.890556),"1974","71-0",-97.481944,37.890556,160.5657654,"132-197"
"2413","Sedgwick",-19.42,NA,1974-03-27,375329097284503,173,0,c(-97.481944, 37.890556),"1974","71-0",-97.481944,37.890556,160.5657654,"132-197"
"2414","Sedgwick",-16.13,NA,1974-09-17,375329097284503,173,0,c(-97.481944, 37.890556),"1974","71-0",-97.481944,37.890556,160.5657654,"132-197"
"2415","Sedgwick",-16.35,NA,1974-07-26,375348097302301,173,0,c(-97.508611, 37.897778),"1974","71-0",-97.508611,37.897778,180.6900482,"132-197"
"2416","Sedgwick",-21.5,NA,1974-07-31,375329097284501,173,0,c(-97.481806, 37.891111),"1974","71-0",-97.481806,37.891111,160.4235077,"132-197"
"2417","Sedgwick",-22,NA,1974-03-20,375348097281901,173,0,c(-97.474306, 37.896806),"1974","71-0",-97.474306,37.896806,154.3774872,"132-197"
"2418","Sedgwick",-18.8,NA,1974-04-24,375329097284502,173,0,c(-97.481944, 37.890556),"1974","71-0",-97.481944,37.890556,160.5657654,"132-197"
"2419","Sedgwick",-20,NA,1974-08-19,375348097281901,173,0,c(-97.474306, 37.896806),"1974","71-0",-97.474306,37.896806,154.3774872,"132-197"
"2420","Sedgwick",-3.6,"BENTLY",1974-01-03,375253097315601,173,0,c(-97.536944, 37.883194),"1974","71-0",-97.536944,37.883194,192.1342163,"132-197"
"2421","Sedgwick",-14.99,"SEDGWICK",1974-04-30,375256097281101,173,0,c(-97.472639, 37.882639),"1974","71-0",-97.472639,37.882639,157.5292664,"132-197"
"2422","Sedgwick",-15.08,"SEDGWICK",1974-08-01,375256097281101,173,0,c(-97.472639, 37.882639),"1974","71-0",-97.472639,37.882639,157.5292664,"132-197"
"2423","Sedgwick",-15.64,NA,1974-08-01,375256097281102,173,0,c(-97.471944, 37.883056),"1974","71-0",-97.471944,37.883056,156.7520752,"132-197"
"2424","Sedgwick",-16.55,NA,1974-08-22,375256097274502,173,0,c(-97.464028, 37.883056),"1974","71-0",-97.464028,37.883056,147.9484253,"132-197"
"2425","Sedgwick",-6.3,NA,1974-04-03,375256097342701,173,0,c(-97.580139, 37.882778),"1974","71-0",-97.580139,37.882778,119.5441437,"66-131"
"2426","Sedgwick",-6.02,NA,1974-07-02,375441097264001,173,0,c(-97.445556, 37.912083),"1974","71-0",-97.445556,37.912083,110.1968765,"66-131"
"2427","Sedgwick",-8.19,NA,1974-04-24,375415097333801,173,0,c(-97.562639, 37.904861),"1974","71-0",-97.562639,37.904861,151.4284821,"132-197"
"2428","Sedgwick",-8.86,NA,1974-12-18,375415097333801,173,0,c(-97.562639, 37.904861),"1974","71-0",-97.562639,37.904861,151.4284821,"132-197"
"2429","Sedgwick",-5.18,NA,1974-06-19,375421097341101,173,0,c(-97.573333, 37.906528),"1974","71-0",-97.573333,37.906528,147.5267181,"132-197"
"2430","Sedgwick",-10.21,NA,1974-11-22,375415097333802,173,0,c(-97.563472, 37.905),"1974","71-0",-97.563472,37.905,150.1082611,"132-197"
"2431","Sedgwick",-18.06,NA,1974-04-30,375355097284502,173,0,c(-97.481944, 37.899861),"1974","71-0",-97.481944,37.899861,160.1674652,"132-197"
"2432","Sedgwick",-15.85,NA,1974-06-24,375355097284502,173,0,c(-97.481944, 37.899861),"1974","71-0",-97.481944,37.899861,160.1674652,"132-197"
"2433","Sedgwick",-18.45,NA,1974-07-29,375355097284502,173,0,c(-97.481944, 37.899861),"1974","71-0",-97.481944,37.899861,160.1674652,"132-197"
"2434","Sedgwick",-14.72,NA,1974-10-16,375355097284502,173,0,c(-97.481944, 37.899861),"1974","71-0",-97.481944,37.899861,160.1674652,"132-197"
"2435","Sedgwick",-21.9,NA,1974-04-24,375355097281901,173,0,c(-97.475417, 37.897917),"1974","71-0",-97.475417,37.897917,155.1691742,"132-197"
"2436","Sedgwick",-18.34,NA,1974-10-16,375355097281901,173,0,c(-97.475417, 37.897917),"1974","71-0",-97.475417,37.897917,155.1691742,"132-197"
"2437","Harvey",-2.6,NA,1974-12-31,375448097405502,79,0,c(-97.683889, 37.9125),"1974","71-0",-97.683889,37.9125,223.9418488,"198-262"
"2438","Harvey",-14.74,NA,1974-01-03,375540097285401,79,0,c(-97.482222, 37.926944),"1974","71-0",-97.482222,37.926944,153.9262695,"132-197"
"2439","Harvey",-1.34,NA,1974-01-03,375448097405503,79,0,c(-97.683889, 37.9125),"1974","71-0",-97.683889,37.9125,223.9418488,"198-262"
"2440","Harvey",-12.04,NA,1974-07-02,375540097274501,79,0,c(-97.464058, 37.927019),"1974","71-0",-97.464058,37.927019,129.7992096,"66-131"
"2441","Harvey",-6.03,NA,1974-01-03,375447097332201,79,0,c(-97.559583, 37.9125),"1974","71-0",-97.559583,37.9125,169.9844971,"132-197"
"2442","Harvey",-3.93,NA,1974-07-02,375447097351601,79,0,c(-97.591806, 37.9125),"1974","71-0",-97.591806,37.9125,145.9445953,"132-197"
"2443","Harvey",-15.83,NA,1974-09-17,375451097291401,79,0,c(-97.490556, 37.912778),"1974","71-0",-97.490556,37.912778,164.1556091,"132-197"
"2444","Harvey",-20.5,NA,1974-09-17,375513097295901,79,0,c(-97.50125, 37.920139),"1974","71-0",-97.50125,37.920139,168.3886261,"132-197"
"2445","Sedgwick",-8.85,NA,1974-11-22,375441097341102,173,0,c(-97.573611, 37.912083),"1974","71-0",-97.573611,37.912083,156.271347,"132-197"
"2446","Sedgwick",-23,NA,1974-03-29,375441097305601,173,0,c(-97.5175, 37.911944),"1974","71-0",-97.5175,37.911944,180.4878387,"132-197"
"2447","Sedgwick",-20.81,NA,1974-04-24,375441097302301,173,0,c(-97.508333, 37.912222),"1974","71-0",-97.508333,37.912222,176.7022552,"132-197"
"2448","Sedgwick",-20.47,NA,1974-04-30,375441097310401,173,0,c(-97.519167, 37.912222),"1974","71-0",-97.519167,37.912222,181.5503998,"132-197"
"2449","Sedgwick",-19.23,NA,1974-07-30,375441097292601,173,0,c(-97.492083, 37.912222),"1974","71-0",-97.492083,37.912222,165.9233246,"132-197"
"2450","Sedgwick",-15.43,NA,1974-07-02,375441097320901,173,0,c(-97.537222, 37.912083),"1974","71-0",-97.537222,37.912083,193.3445892,"132-197"
"2451","Harvey",-18.5,NA,1974-06-19,375447097295901,79,0,c(-97.501111, 37.912778),"1974","71-0",-97.501111,37.912778,172.688385,"132-197"
"2452","Harvey",-26.25,NA,1974-05-22,375559097320902,79,0,c(-97.537222, 37.932778),"1974","71-0",-97.537222,37.932778,183.2023315,"132-197"
"2453","Harvey",-25.71,NA,1974-09-20,375559097320902,79,0,c(-97.537222, 37.932778),"1974","71-0",-97.537222,37.932778,183.2023315,"132-197"
"2454","Harvey",-26.28,NA,1974-10-02,375625097305601,79,0,c(-97.518611, 37.94125),"1974","71-0",-97.518611,37.94125,168.0631409,"132-197"
"2455","Harvey",-25.6,NA,1974-01-17,375625097310402,79,0,c(-97.520556, 37.939722),"1974","71-0",-97.520556,37.939722,169.1968994,"132-197"
"2456","Harvey",-23.98,NA,1974-11-20,375625097310402,79,0,c(-97.520556, 37.939722),"1974","71-0",-97.520556,37.939722,169.1968994,"132-197"
"2457","Harvey",-24.32,NA,1974-12-23,375625097310402,79,0,c(-97.520556, 37.939722),"1974","71-0",-97.520556,37.939722,169.1968994,"132-197"
"2458","Harvey",-30.84,NA,1974-01-18,375559097320901,79,0,c(-97.537778, 37.933472),"1974","71-0",-97.537778,37.933472,183.5943909,"132-197"
"2459","Harvey",-26.24,NA,1974-04-26,375559097320901,79,0,c(-97.537778, 37.933472),"1974","71-0",-97.537778,37.933472,183.5943909,"132-197"
"2460","Harvey",-23.07,NA,1974-09-17,375540097320902,79,0,c(-97.537222, 37.926806),"1974","71-0",-97.537222,37.926806,184.7477264,"132-197"
"2461","Harvey",-22.5,NA,1974-03-19,375540097305601,79,0,c(-97.518194, 37.927361),"1974","71-0",-97.518194,37.927361,168.0558319,"132-197"
"2462","Harvey",-22.5,NA,1974-07-31,375540097305601,79,0,c(-97.518194, 37.927361),"1974","71-0",-97.518194,37.927361,168.0558319,"132-197"
"2463","Harvey",-5.1,NA,1974-10-02,375540097394101,79,0,c(-97.665139, 37.927083),"1974","71-0",-97.665139,37.927083,169.3360901,"132-197"
"2464","Harvey",-24.38,NA,1974-09-17,375540097323403,79,0,c(-97.544306, 37.926944),"1974","71-0",-97.544306,37.926944,191.0853424,"132-197"
"2465","Harvey",-29.98,"Bentley",1974-07-30,375540097320901,79,0,c(-97.537238, 37.9268),"1974","71-0",-97.537238,37.9268,184.7672424,"132-197"
"2466","Harvey",-18.66,NA,1974-06-26,375658097320202,79,0,c(-97.537083, 37.949861),"1974","71-0",-97.537083,37.949861,180.8988037,"132-197"
"2467","Harvey",-24,NA,1974-02-25,375658097320201,79,0,c(-97.536528, 37.951111),"1974","71-0",-97.536528,37.951111,179.8032074,"132-197"
"2468","Harvey",-20.5,NA,1974-06-26,375658097320201,79,0,c(-97.536528, 37.951111),"1974","71-0",-97.536528,37.951111,179.8032074,"132-197"
"2469","Harvey",-8.48,NA,1974-10-02,375718097284601,79,0,c(-97.482083, 37.955694),"1974","71-0",-97.482083,37.955694,141.0139771,"132-197"
"2470","Harvey",-14.03,NA,1974-10-02,375724097295101,79,0,c(-97.500417, 37.956111),"1974","71-0",-97.500417,37.956111,158.3869019,"132-197"
"2471","Harvey",-10.65,NA,1974-01-17,375652097364002,79,0,c(-97.610556, 37.947361),"1974","71-0",-97.610556,37.947361,177.5899048,"132-197"
"2472","Harvey",-18.53,NA,1974-01-17,375633097355001,79,0,c(-97.600694, 37.941667),"1974","71-0",-97.600694,37.941667,185.4037323,"132-197"
"2473","Harvey",-10.7,NA,1974-04-24,375633097364002,79,0,c(-97.610694, 37.941528),"1974","71-0",-97.610694,37.941528,168.1863708,"132-197"
"2474","Harvey",-10.26,NA,1974-05-21,375633097364002,79,0,c(-97.610694, 37.941528),"1974","71-0",-97.610694,37.941528,168.1863708,"132-197"
"2475","Harvey",-10.66,NA,1974-03-19,375652097364002,79,0,c(-97.610556, 37.947361),"1974","71-0",-97.610556,37.947361,177.5899048,"132-197"
"2476","Harvey",-15.01,NA,1974-02-27,375633097355002,79,0,c(-97.599861, 37.941528),"1974","71-0",-97.599861,37.941528,186.702179,"132-197"
"2477","Harvey",-24.3,NA,1974-07-22,375633097364003,79,0,c(-97.610694, 37.941528),"1974","71-0",-97.610694,37.941528,168.1863708,"132-197"
"2478","Harvey",-4.19,NA,1974-01-03,375639097384402,79,0,c(-97.647361, 37.945),"1974","71-0",-97.647361,37.945,124.0357819,"66-131"
"2479","Harvey",-4.08,NA,1974-04-02,375639097384402,79,0,c(-97.647361, 37.945),"1974","71-0",-97.647361,37.945,124.0357819,"66-131"
"2480","Harvey",-20.23,NA,1974-02-27,375652097364003,79,0,c(-97.610556, 37.947361),"1974","71-0",-97.610556,37.947361,177.5899048,"132-197"
"2481","Harvey",-11.35,NA,1974-07-30,375652097364001,79,0,c(-97.610694, 37.947778),"1974","71-0",-97.610694,37.947778,178.0439758,"132-197"
"2482","Harvey",-25.72,NA,1974-03-27,375632097313702,79,0,c(-97.530278, 37.941528),"1974","71-0",-97.530278,37.941528,177.6005554,"132-197"
"2483","Harvey",-12.29,NA,1974-03-26,375633097364001,79,0,c(-97.610833, 37.942083),"1974","71-0",-97.610833,37.942083,168.6699066,"132-197"
"2484","Harvey",-25,NA,1974-10-16,375632097313701,79,0,c(-97.528611, 37.941944),"1974","71-0",-97.528611,37.941944,176.2776031,"132-197"
"2485","Harvey",-29.22,NA,1974-03-27,375817097330701,79,0,c(-97.555278, 37.97125),"1974","71-0",-97.555278,37.97125,186.157074,"132-197"
"2486","Harvey",-10.92,NA,1974-09-18,375817097365703,79,0,c(-97.619583, 37.970694),"1974","71-0",-97.619583,37.970694,197.6665955,"132-197"
"2487","Harvey",-28.72,NA,1974-01-25,375810097334002,79,0,c(-97.562439, 37.970547),"1974","71-0",-97.562439,37.970547,195.2039337,"132-197"
"2488","Harvey",-27.88,NA,1974-05-21,375817097321002,79,0,c(-97.537361, 37.972222),"1974","71-0",-97.537361,37.972222,177.3385925,"132-197"
"2489","Harvey",-12.42,NA,1974-04-01,375817097363201,79,0,c(-97.610556, 37.970833),"1974","71-0",-97.610556,37.970833,204.9419556,"198-262"
"2490","Harvey",-33.5,NA,1974-02-19,375807097330301,79,0,c(-97.554583, 37.97),"1974","71-0",-97.554583,37.97,186.9123077,"132-197"
"2491","Harvey",-44,NA,1974-06-21,375843097363301,79,0,c(-97.610694, 37.978611),"1974","71-0",-97.610694,37.978611,202.4698029,"198-262"
"2492","Harvey",-37,NA,1974-09-18,375902097334801,79,0,c(-97.565278, 37.984583),"1974","71-0",-97.565278,37.984583,202.5888824,"198-262"
"2493","Harvey",-32.77,NA,1974-12-17,375843097363303,79,0,c(-97.610556, 37.977917),"1974","71-0",-97.610556,37.977917,202.4074707,"198-262"
"2494","Harvey",-27.2,NA,1974-12-17,375843097341302,79,0,c(-97.573797, 37.979569),"1974","71-0",-97.573797,37.979569,207.8613434,"198-262"
"2495","Harvey",-9.68,NA,1974-05-22,375817097365702,79,0,c(-97.618364, 37.971524),"1974","71-0",-97.618364,37.971524,197.544281,"132-197"
"2496","Harvey",-10.18,NA,1974-08-19,375817097365702,79,0,c(-97.618364, 37.971524),"1974","71-0",-97.618364,37.971524,197.544281,"132-197"
"2497","Harvey",-35.21,NA,1974-09-18,375843097321001,79,0,c(-97.537997, 37.978306),"1974","71-0",-97.537997,37.978306,178.8004303,"132-197"
"2498","Harvey",-10.29,NA,1974-10-15,375817097365701,79,0,c(-97.61875, 37.970833),"1974","71-0",-97.61875,37.970833,197.783432,"132-197"
"2499","Harvey",-27.85,NA,1974-12-30,375955097284601,79,0,c(-97.481806, 37.999306),"1974","71-0",-97.481806,37.999306,117.2340546,"66-131"
"2500","Harvey",-31.78,NA,1974-11-20,375935097342102,79,0,c(-97.573889, 37.994167),"1974","71-0",-97.573889,37.994167,208.819046,"198-262"
"2501","Harvey",-43,NA,1974-03-25,375935097342101,79,0,c(-97.574444, 37.992917),"1974","71-0",-97.574444,37.992917,208.6991119,"198-262"
"2502","Harvey",-26.62,NA,1974-04-01,375955097284601,79,0,c(-97.481806, 37.999306),"1974","71-0",-97.481806,37.999306,117.2340546,"66-131"
"2503","Harvey",-34.8,NA,1974-01-03,375929097320201,79,0,c(-97.536944, 37.992222),"1974","71-0",-97.536944,37.992222,182.8236694,"132-197"
"2504","Harvey",-38.2,NA,1974-07-02,375929097320201,79,0,c(-97.536944, 37.992222),"1974","71-0",-97.536944,37.992222,182.8236694,"132-197"
"2505","Harvey",-4.69,"PATTERSON",1974-04-02,375910097405801,79,0,c(-97.684028, 37.985278),"1974","71-0",-97.684028,37.985278,125.3276443,"66-131"
"2506","Harvey",-38.74,NA,1974-07-02,375909097273701,79,0,c(-97.463472, 37.985278),"1974","71-0",-97.463472,37.985278,120.2092285,"66-131"
"2507","Harvey",-12.07,NA,1974-01-03,375909097285401,79,0,c(-97.483183, 37.985756),"1974","71-0",-97.483183,37.985756,124.8698807,"66-131"
"2508","Harvey",-14.33,NA,1974-12-30,375909097285401,79,0,c(-97.483183, 37.985756),"1974","71-0",-97.483183,37.985756,124.8698807,"66-131"
"2509","Harvey",-8.82,NA,1974-01-03,375909097300001,79,0,c(-97.500417, 37.985139),"1974","71-0",-97.500417,37.985139,141.1838684,"132-197"
"2510","Harvey",-34.5,NA,1974-02-19,380113097341402,79,0,c(-97.573611, 38.019583),"1974","71-0",-97.573611,38.019583,198.1156464,"198-262"
"2511","Harvey",-41,NA,1974-08-19,380054097334901,79,0,c(-97.565417, 38.014722),"1974","71-0",-97.565417,38.014722,193.8327484,"132-197"
"2512","Harvey",-33.47,NA,1974-11-21,380021097341302,79,0,c(-97.573611, 38.005),"1974","71-0",-97.573611,38.005,206.7701111,"198-262"
"2513","Harvey",-4.3,"PATTERSON",1974-01-03,380002097401701,79,0,c(-97.674522, 37.999872),"1974","71-0",-97.674522,37.999872,120.5946121,"66-131"
"2514","Harvey",-46,NA,1974-01-17,380021097341301,79,0,c(-97.573056, 38.00625),"1974","71-0",-97.573056,38.00625,207.2375031,"198-262"
"2515","Harvey",-20.42,NA,1974-07-02,380001097330002,79,0,c(-97.550139, 37.999583),"1974","71-0",-97.550139,37.999583,195.2329102,"132-197"
"2516","Harvey",-46.6,NA,1974-04-03,380001097342102,79,0,c(-97.573889, 37.999722),"1974","71-0",-97.573889,37.999722,206.5306702,"198-262"
"2517","Harvey",-40.15,NA,1974-01-03,380001097330001,79,0,c(-97.550139, 37.999583),"1974","71-0",-97.550139,37.999583,195.2329102,"132-197"
"2518","Harvey",-1.55,NA,1974-12-30,380239097395401,79,0,c(-97.665694, 38.043333),"1974","71-0",-97.665694,38.043333,209.4247742,"198-262"
"2519","Harvey",-26.07,NA,1974-01-03,380239097395402,79,0,c(-97.665722, 38.043333),"1974","71-0",-97.665722,38.043333,209.4526215,"198-262"
"2520","Harvey",-26.3,NA,1974-10-02,380239097395402,79,0,c(-97.665722, 38.043333),"1974","71-0",-97.665722,38.043333,209.4526215,"198-262"
"2521","Harvey",-11.7,"BURRTON",1974-01-03,380146097394502,79,0,c(-97.665556, 38.029167),"1974","71-0",-97.665556,38.029167,176.5262451,"132-197"
"2522","Harvey",-11.48,"BURRTON",1974-01-03,380146097394501,79,0,c(-97.665615, 38.029287),"1974","71-0",-97.665615,38.029287,176.8172607,"132-197"
"2523","Harvey",-11.04,"BURRTON",1974-04-02,380146097394501,79,0,c(-97.665615, 38.029287),"1974","71-0",-97.665615,38.029287,176.8172607,"132-197"
"2524","McPherson",-37.53,"Halstead NW",1974-01-10,381109097395001,113,0,c(-97.665372, 38.186493),"1974","71-0",-97.665372,38.186493,158.2889099,"132-197"
"2525","Harvey",-7.17,NA,1974-10-02,380324097341502,79,0,c(-97.573472, 38.057778),"1974","71-0",-97.573472,38.057778,180.4685059,"132-197"
"2526","Harvey",-13.62,"BURRTON",1974-12-31,380331097395401,79,0,c(-97.666097, 38.057803),"1974","71-0",-97.666097,38.057803,247.7623749,"198-262"
"2527","Harvey",-32.58,"BURRTON",1974-01-03,380509097394701,79,0,c(-97.665139, 38.086667),"1974","71-0",-97.665139,38.086667,159.9980469,"132-197"
"2528","McPherson",-5.62,NA,1974-01-08,382702097281101,113,0,c(-97.469596, 38.450355),"1974","71-0",-97.469596,38.450355,NA,NA
"2529","McPherson",-103.99,"McPherson North",1974-01-07,382702097420701,113,0,c(-97.702353, 38.450625),"1974","143-72",-97.702353,38.450625,88.9524841,"66-131"
"2530","McPherson",-56.74,NA,1974-01-09,381846097395502,113,0,c(-97.666077, 38.312463),"1974","71-0",-97.666077,38.312463,55.7808113,"0-65"
"2531","McPherson",-22.68,"CANTON",1974-01-09,382333097293401,113,0,c(-97.49297, 38.392574),"1974","71-0",-97.49297,38.392574,16.6171093,"0-65"
"2532","McPherson",-20.48,NA,1974-01-09,381610097324501,113,0,c(-97.545362, 38.268823),"1974","71-0",-97.545362,38.268823,41.138504,"0-65"
"2533","McPherson",-67.19,"MCPHERSON SOUTH",1974-01-09,381951097422301,113,0,c(-97.708127, 38.329563),"1974","71-0",-97.708127,38.329563,65.171669,"0-65"
"2534","McPherson",-12.53,NA,1974-12-09,383630097395501,113,0,c(-97.665889, 38.608038),"1974","71-0",-97.665889,38.608038,NA,NA
"2535","McPherson",-14.62,"LINDSBORG",1974-06-10,383210097442801,113,0,c(-97.741409, 38.535499),"1974","71-0",-97.741409,38.535499,NA,NA
"2536","Reno",-25.07,NA,1974-01-15,380848097424701,155,0,c(-97.713459, 38.146586),"1974","71-0",-97.713459,38.146586,147.4507294,"132-197"
"2537","Reno",-26.94,NA,1974-01-15,375527097481001,155,0,c(-97.803856, 37.924008),"1974","71-0",-97.803856,37.924008,74.2457733,"66-131"
"2538","Sedgwick",-15.25,NA,1974-07-29,375230097273703,173,0,c(-97.46375, 37.874583),"1974","71-0",-97.46375,37.874583,153.0676727,"132-197"
"2539","Sedgwick",-7.4,NA,1974-07-01,375118097285303,173,0,c(-97.4825, 37.854306),"1974","71-0",-97.4825,37.854306,179.1078491,"132-197"
"2540","Sedgwick",-13.09,NA,1974-09-17,375230097273701,173,0,c(-97.463472, 37.875139),"1974","71-0",-97.463472,37.875139,152.6858215,"132-197"
"2541","Sedgwick",-11.93,NA,1974-02-19,375210097273703,173,0,c(-97.463056, 37.86875),"1974","71-0",-97.463056,37.86875,153.2390594,"132-197"
"2542","Sedgwick",-12.1,NA,1974-07-30,375210097273703,173,0,c(-97.463056, 37.86875),"1974","71-0",-97.463056,37.86875,153.2390594,"132-197"
"2543","Sedgwick",-10.4,NA,1974-04-01,375111097252701,173,0,c(-97.426806, 37.854028),"1974","71-0",-97.426806,37.854028,120.5000153,"66-131"
"2544","Sedgwick",-10.32,NA,1974-12-30,375111097252701,173,0,c(-97.426806, 37.854028),"1974","71-0",-97.426806,37.854028,120.5000153,"66-131"
"2545","Sedgwick",-14.46,NA,1974-01-03,375039097234201,173,0,c(-97.396011, 37.844006),"1974","71-0",-97.396011,37.844006,64.615242,"0-65"
"2546","Sedgwick",-14.64,NA,1974-10-02,375039097234201,173,0,c(-97.396011, 37.844006),"1974","71-0",-97.396011,37.844006,64.615242,"0-65"
"2547","Sedgwick",-17.43,NA,1974-10-16,375348097294201,173,0,c(-97.497917, 37.897778),"1974","71-0",-97.497917,37.897778,170.4191437,"132-197"
"2548","Sedgwick",-14.87,NA,1974-09-18,375348097302301,173,0,c(-97.508611, 37.897778),"1974","71-0",-97.508611,37.897778,180.6900482,"132-197"
"2549","Sedgwick",-18,NA,1974-03-25,375348097303101,173,0,c(-97.510278, 37.897639),"1974","71-0",-97.510278,37.897639,182.7517242,"132-197"
"2550","Sedgwick",-15.34,NA,1974-11-20,375329097284502,173,0,c(-97.481944, 37.890556),"1974","71-0",-97.481944,37.890556,160.5657654,"132-197"
"2551","Sedgwick",-12,"SEDGWICK",1974-11-21,375256097281101,173,0,c(-97.472639, 37.882639),"1974","71-0",-97.472639,37.882639,157.5292664,"132-197"
"2552","Sedgwick",-15.81,NA,1974-03-25,375256097281103,173,0,c(-97.471944, 37.883056),"1974","71-0",-97.471944,37.883056,156.7520752,"132-197"
"2553","Sedgwick",-15.29,NA,1974-04-30,375256097281103,173,0,c(-97.471944, 37.883056),"1974","71-0",-97.471944,37.883056,156.7520752,"132-197"
"2554","Sedgwick",-14.18,NA,1974-05-22,375256097281103,173,0,c(-97.471944, 37.883056),"1974","71-0",-97.471944,37.883056,156.7520752,"132-197"
"2555","Sedgwick",-12.81,NA,1974-09-17,375256097281103,173,0,c(-97.471944, 37.883056),"1974","71-0",-97.471944,37.883056,156.7520752,"132-197"
"2556","Sedgwick",-20.34,NA,1974-10-02,375303097284501,173,0,c(-97.481944, 37.883333),"1974","71-0",-97.481944,37.883333,161.9723969,"132-197"
"2557","Sedgwick",-15.09,NA,1974-10-16,375256097274502,173,0,c(-97.464028, 37.883056),"1974","71-0",-97.464028,37.883056,147.9484253,"132-197"
"2558","Sedgwick",-13.16,"SEDGWICK",1974-09-25,375256097274501,173,0,c(-97.464722, 37.882639),"1974","71-0",-97.464722,37.882639,149.8994598,"132-197"
"2559","Sedgwick",-16.9,NA,1974-07-22,375256097274503,173,0,c(-97.464028, 37.883056),"1974","71-0",-97.464028,37.883056,147.9484253,"132-197"
"2560","Sedgwick",-12.29,NA,1974-04-02,375250097295001,173,0,c(-97.500278, 37.879861),"1974","71-0",-97.500278,37.879861,181.3036652,"132-197"
"2561","Sedgwick",-19.25,NA,1974-01-03,375415097295101,173,0,c(-97.500278, 37.905139),"1974","71-0",-97.500278,37.905139,172.8610229,"132-197"
"2562","Sedgwick",-20,NA,1974-08-22,375415097285401,173,0,c(-97.483333, 37.904306),"1974","71-0",-97.483333,37.904306,160.4212494,"132-197"
"2563","Sedgwick",-10.3,NA,1974-08-19,375415097333801,173,0,c(-97.562639, 37.904861),"1974","71-0",-97.562639,37.904861,151.4284821,"132-197"
"2564","Sedgwick",-7.24,NA,1974-03-20,375421097341101,173,0,c(-97.573333, 37.906528),"1974","71-0",-97.573333,37.906528,147.5267181,"132-197"
"2565","Sedgwick",-7.5,NA,1974-04-02,375356097352401,173,0,c(-97.592361, 37.898056),"1974","71-0",-97.592361,37.898056,129.7729797,"66-131"
"2566","Sedgwick",-8,"BENTLY",1974-11-20,375355097340301,173,0,c(-97.56875, 37.898194),"1974","71-0",-97.56875,37.898194,135.2102051,"132-197"
"2567","Sedgwick",-9.12,NA,1974-10-16,375355097333002,173,0,c(-97.560833, 37.897917),"1974","71-0",-97.560833,37.897917,147.6697235,"132-197"
"2568","Harvey",-20.17,NA,1974-10-02,375533097295901,79,0,c(-97.500833, 37.926806),"1974","71-0",-97.500833,37.926806,163.6620178,"132-197"
"2569","Harvey",-18.67,NA,1974-10-16,375513097295902,79,0,c(-97.500556, 37.921528),"1974","71-0",-97.500556,37.921528,166.5668335,"132-197"
"2570","Harvey",-10.17,NA,1974-04-01,375540097274501,79,0,c(-97.464058, 37.927019),"1974","71-0",-97.464058,37.927019,129.7992096,"66-131"
"2571","Harvey",-3.3,NA,1974-12-31,375448097405501,79,0,c(-97.683889, 37.9125),"1974","71-0",-97.683889,37.9125,223.9418488,"198-262"
"2572","Sedgwick",-22,NA,1974-10-18,375441097303101,173,0,c(-97.51, 37.911944),"1974","71-0",-97.51,37.911944,177.070282,"132-197"
"2573","Sedgwick",-23.98,NA,1974-04-29,375441097341101,173,0,c(-97.572917, 37.912083),"1974","71-0",-97.572917,37.912083,156.8578796,"132-197"
"2574","Sedgwick",-22.32,NA,1974-09-20,375441097341101,173,0,c(-97.572917, 37.912083),"1974","71-0",-97.572917,37.912083,156.8578796,"132-197"
"2575","Sedgwick",-20,NA,1974-08-21,375441097305601,173,0,c(-97.5175, 37.911944),"1974","71-0",-97.5175,37.911944,180.4878387,"132-197"
"2576","Sedgwick",-20.5,NA,1974-12-23,375441097305601,173,0,c(-97.5175, 37.911944),"1974","71-0",-97.5175,37.911944,180.4878387,"132-197"
"2577","Sedgwick",-25.2,NA,1974-07-17,375441097341103,173,0,c(-97.573611, 37.912083),"1974","71-0",-97.573611,37.912083,156.271347,"132-197"
"2578","Sedgwick",-21.07,NA,1974-03-19,375441097302301,173,0,c(-97.508333, 37.912222),"1974","71-0",-97.508333,37.912222,176.7022552,"132-197"
"2579","Sedgwick",-19.65,NA,1974-12-18,375441097302301,173,0,c(-97.508333, 37.912222),"1974","71-0",-97.508333,37.912222,176.7022552,"132-197"
"2580","Sedgwick",-18.64,NA,1974-11-20,375441097310401,173,0,c(-97.519167, 37.912222),"1974","71-0",-97.519167,37.912222,181.5503998,"132-197"
"2581","Sedgwick",-15.87,NA,1974-10-02,375441097320901,173,0,c(-97.537222, 37.912083),"1974","71-0",-97.537222,37.912083,193.3445892,"132-197"
"2582","Harvey",-21,NA,1974-08-22,375447097295901,79,0,c(-97.501111, 37.912778),"1974","71-0",-97.501111,37.912778,172.688385,"132-197"
"2583","Harvey",-26.3,NA,1974-08-26,375625097310402,79,0,c(-97.520556, 37.939722),"1974","71-0",-97.520556,37.939722,169.1968994,"132-197"
"2584","Harvey",-34.99,NA,1974-01-18,375559097320903,79,0,c(-97.537222, 37.933889),"1974","71-0",-97.537222,37.933889,182.9288788,"132-197"
"2585","Harvey",-29.05,NA,1974-07-02,375625097305602,79,0,c(-97.518611, 37.94125),"1974","71-0",-97.518611,37.94125,168.0631409,"132-197"
"2586","Harvey",-24.9,NA,1974-12-31,375625097305602,79,0,c(-97.518611, 37.94125),"1974","71-0",-97.518611,37.94125,168.0631409,"132-197"
"2587","Harvey",-4.68,NA,1974-07-02,375540097362301,79,0,c(-97.610278, 37.927083),"1974","71-0",-97.610278,37.927083,157.9362183,"132-197"
"2588","Harvey",-5.2,NA,1974-10-02,375540097362301,79,0,c(-97.610278, 37.927083),"1974","71-0",-97.610278,37.927083,157.9362183,"132-197"
"2589","Harvey",-27.5,NA,1974-02-22,375559097320901,79,0,c(-97.537778, 37.933472),"1974","71-0",-97.537778,37.933472,183.5943909,"132-197"
"2590","Harvey",-24.88,NA,1974-02-19,375540097320902,79,0,c(-97.537222, 37.926806),"1974","71-0",-97.537222,37.926806,184.7477264,"132-197"
"2591","Harvey",-29.98,NA,1974-03-19,375540097323401,79,0,c(-97.545556, 37.927083),"1974","71-0",-97.545556,37.927083,191.905426,"132-197"
"2592","Harvey",-28.39,NA,1974-04-24,375540097323401,79,0,c(-97.545556, 37.927083),"1974","71-0",-97.545556,37.927083,191.905426,"132-197"
"2593","Harvey",-25.06,NA,1974-08-22,375540097320903,79,0,c(-97.537222, 37.926806),"1974","71-0",-97.537222,37.926806,184.7477264,"132-197"
"2594","Harvey",-23.18,NA,1974-06-17,375540097323402,79,0,c(-97.544306, 37.926944),"1974","71-0",-97.544306,37.926944,191.0853424,"132-197"
"2595","Harvey",-21.79,NA,1974-11-25,375540097323402,79,0,c(-97.544306, 37.926944),"1974","71-0",-97.544306,37.926944,191.0853424,"132-197"
"2596","Harvey",-21.47,NA,1974-12-18,375540097323402,79,0,c(-97.544306, 37.926944),"1974","71-0",-97.544306,37.926944,191.0853424,"132-197"
"2597","Harvey",-19.75,NA,1974-07-31,375658097320202,79,0,c(-97.537083, 37.949861),"1974","71-0",-97.537083,37.949861,180.8988037,"132-197"
"2598","Harvey",-20.17,NA,1974-11-20,375658097320202,79,0,c(-97.537083, 37.949861),"1974","71-0",-97.537083,37.949861,180.8988037,"132-197"
"2599","Harvey",-3.47,"PATTERSON",1974-07-02,375725097404801,79,0,c(-97.683889, 37.95625),"1974","71-0",-97.683889,37.95625,141.0480194,"132-197"
"2600","Harvey",-20.96,NA,1974-09-17,375744097321001,79,0,c(-97.537917, 37.962639),"1974","71-0",-97.537917,37.962639,180.1096344,"132-197"
"2601","Harvey",-14.76,NA,1974-12-31,375718097320201,79,0,c(-97.537083, 37.955694),"1974","71-0",-97.537083,37.955694,179.0117493,"132-197"
"2602","Reno",-4.49,"PATTERSON",1974-10-02,375728097425702,155,0,c(-97.720139, 37.95625),"1974","71-0",-97.720139,37.95625,228.5601959,"198-262"
"2603","Harvey",-9.78,NA,1974-04-29,375652097364002,79,0,c(-97.610556, 37.947361),"1974","71-0",-97.610556,37.947361,177.5899048,"132-197"
"2604","Harvey",-10.31,NA,1974-08-22,375652097364002,79,0,c(-97.610556, 37.947361),"1974","71-0",-97.610556,37.947361,177.5899048,"132-197"
"2605","Harvey",-16.97,NA,1974-09-18,375633097364003,79,0,c(-97.610694, 37.941528),"1974","71-0",-97.610694,37.941528,168.1863708,"132-197"
"2606","Harvey",-17.62,NA,1974-10-21,375633097364003,79,0,c(-97.610694, 37.941528),"1974","71-0",-97.610694,37.941528,168.1863708,"132-197"
"2607","Harvey",-27.5,NA,1974-01-17,375633097355003,79,0,c(-97.599861, 37.941528),"1974","71-0",-97.599861,37.941528,186.702179,"132-197"
"2608","Harvey",-29.07,NA,1974-07-30,375633097355003,79,0,c(-97.599861, 37.941528),"1974","71-0",-97.599861,37.941528,186.702179,"132-197"
"2609","Harvey",-11.27,NA,1974-12-23,375652097364001,79,0,c(-97.610694, 37.947778),"1974","71-0",-97.610694,37.947778,178.0439758,"132-197"
"2610","Harvey",-11.72,NA,1974-10-21,375633097364001,79,0,c(-97.610833, 37.942083),"1974","71-0",-97.610833,37.942083,168.6699066,"132-197"
"2611","Harvey",-26.5,NA,1974-02-19,375632097313701,79,0,c(-97.528611, 37.941944),"1974","71-0",-97.528611,37.941944,176.2776031,"132-197"
"2612","Harvey",-26,NA,1974-08-19,375632097313701,79,0,c(-97.528611, 37.941944),"1974","71-0",-97.528611,37.941944,176.2776031,"132-197"
"2613","Harvey",-26,NA,1974-09-18,375632097313701,79,0,c(-97.528611, 37.941944),"1974","71-0",-97.528611,37.941944,176.2776031,"132-197"
"2614","Harvey",-30.4,NA,1974-10-02,375810097342101,79,0,c(-97.574167, 37.970556),"1974","71-0",-97.574167,37.970556,208.9767761,"198-262"
"2615","Harvey",-26,NA,1974-11-20,375817097321001,79,0,c(-97.537917, 37.970972),"1974","71-0",-97.537917,37.970972,177.3802795,"132-197"
"2616","Harvey",-40.36,NA,1974-03-19,375817097363204,79,0,c(-97.610556, 37.970833),"1974","71-0",-97.610556,37.970833,204.9419556,"198-262"
"2617","Harvey",-10.61,NA,1974-04-24,375817097365703,79,0,c(-97.619583, 37.970694),"1974","71-0",-97.619583,37.970694,197.6665955,"132-197"
"2618","Harvey",-8.19,"PATTERSON",1974-10-02,375811097415502,79,0,c(-97.701806, 37.970417),"1974","71-0",-97.701806,37.970417,181.0225372,"132-197"
"2619","Harvey",-28.5,NA,1974-01-28,375817097321002,79,0,c(-97.537361, 37.972222),"1974","71-0",-97.537361,37.972222,177.3385925,"132-197"
"2620","Harvey",-23.17,NA,1974-04-02,375810097324302,79,0,c(-97.54625, 37.970139),"1974","71-0",-97.54625,37.970139,182.0330048,"132-197"
"2621","Harvey",-22.7,NA,1974-08-20,375810097324301,79,0,c(-97.54625, 37.970139),"1974","71-0",-97.54625,37.970139,182.0330048,"132-197"
"2622","Harvey",-34,NA,1974-07-29,375807097330301,79,0,c(-97.554583, 37.97),"1974","71-0",-97.554583,37.97,186.9123077,"132-197"
"2623","Harvey",-43,NA,1974-01-21,375843097363301,79,0,c(-97.610694, 37.978611),"1974","71-0",-97.610694,37.978611,202.4698029,"198-262"
"2624","Harvey",-34.47,NA,1974-05-30,375902097334803,79,0,c(-97.565417, 37.984861),"1974","71-0",-97.565417,37.984861,202.7014771,"198-262"
"2625","Harvey",-28.51,NA,1974-03-19,375843097341302,79,0,c(-97.573797, 37.979569),"1974","71-0",-97.573797,37.979569,207.8613434,"198-262"
"2626","Harvey",-32.1,NA,1974-01-17,375902097334802,79,0,c(-97.566797, 37.985025),"1974","71-0",-97.566797,37.985025,203.3744202,"198-262"
"2627","Harvey",-37.6,NA,1974-07-22,375836097330702,79,0,c(-97.555278, 37.975972),"1974","71-0",-97.555278,37.975972,187.0804138,"132-197"
"2628","Reno",-7.19,NA,1974-10-02,375820097452803,155,0,c(-97.759344, 37.97253),"1974","71-0",-97.759344,37.97253,288.8971863,"263-328"
"2629","Harvey",-30.88,NA,1974-03-19,375843097341301,79,0,c(-97.573194, 37.978472),"1974","71-0",-97.573194,37.978472,207.6274872,"198-262"
"2630","Harvey",-31.71,NA,1974-11-20,375843097321001,79,0,c(-97.537997, 37.978306),"1974","71-0",-97.537997,37.978306,178.8004303,"132-197"
"2631","Harvey",-32.24,NA,1974-04-30,375836097334001,79,0,c(-97.564544, 37.977706),"1974","71-0",-97.564544,37.977706,201.1987305,"198-262"
"2632","Harvey",-32.34,NA,1974-08-19,375836097334001,79,0,c(-97.564544, 37.977706),"1974","71-0",-97.564544,37.977706,201.1987305,"198-262"
"2633","Harvey",-31.58,NA,1974-09-17,375836097334001,79,0,c(-97.564544, 37.977706),"1974","71-0",-97.564544,37.977706,201.1987305,"198-262"
"2634","Harvey",-10.67,NA,1974-03-29,375817097365701,79,0,c(-97.61875, 37.970833),"1974","71-0",-97.61875,37.970833,197.783432,"132-197"
"2635","Harvey",-10.5,NA,1974-07-30,375817097365701,79,0,c(-97.61875, 37.970833),"1974","71-0",-97.61875,37.970833,197.783432,"132-197"
"2636","Harvey",-38,NA,1974-04-24,380001097341301,79,0,c(-97.573056, 38.000139),"1974","71-0",-97.573056,38.000139,206.3171692,"198-262"
"2637","Harvey",-43,NA,1974-11-20,380001097341301,79,0,c(-97.573056, 38.000139),"1974","71-0",-97.573056,38.000139,206.3171692,"198-262"
"2638","Harvey",-43.5,NA,1974-12-17,380001097341301,79,0,c(-97.573056, 38.000139),"1974","71-0",-97.573056,38.000139,206.3171692,"198-262"
"2639","Harvey",-42.5,NA,1974-06-24,375935097342101,79,0,c(-97.574444, 37.992917),"1974","71-0",-97.574444,37.992917,208.6991119,"198-262"
"2640","Harvey",-34,NA,1974-01-17,375903097363301,79,0,c(-97.610694, 37.984583),"1974","71-0",-97.610694,37.984583,206.597702,"198-262"
"2641","Harvey",-17.95,NA,1974-04-02,375909097305701,79,0,c(-97.518472, 37.985278),"1974","71-0",-97.518472,37.985278,167.4144897,"132-197"
"2642","Harvey",-7.4,NA,1974-12-30,375903097383701,79,0,c(-97.647083, 37.985),"1974","71-0",-97.647083,37.985,140.5865173,"132-197"
"2643","Harvey",-10.92,NA,1974-07-02,375909097285401,79,0,c(-97.483183, 37.985756),"1974","71-0",-97.483183,37.985756,124.8698807,"66-131"
"2644","Harvey",-13.85,NA,1974-10-02,375909097285401,79,0,c(-97.483183, 37.985756),"1974","71-0",-97.483183,37.985756,124.8698807,"66-131"
"2645","Harvey",-4.2,"PATTERSON",1974-04-02,375910097405802,79,0,c(-97.684028, 37.985278),"1974","71-0",-97.684028,37.985278,125.3276443,"66-131"
"2646","Harvey",-37.35,NA,1974-01-28,380054097334902,79,0,c(-97.566944, 38.014306),"1974","71-0",-97.566944,38.014306,195.9289551,"132-197"
"2647","Harvey",-42,NA,1974-10-16,380054097342201,79,0,c(-97.574583, 38.014722),"1974","71-0",-97.574583,38.014722,200.8865967,"198-262"
"2648","Harvey",-6.02,"BURRTON",1974-10-02,380048097395201,79,0,c(-97.665786, 38.013989),"1974","71-0",-97.665786,38.013989,142.2989655,"132-197"
"2649","Harvey",-36,NA,1974-05-28,380054097334901,79,0,c(-97.565417, 38.014722),"1974","71-0",-97.565417,38.014722,193.8327484,"132-197"
"2650","Harvey",-35.78,NA,1974-01-31,380001097341302,79,0,c(-97.573658, 38.000994),"1974","71-0",-97.573658,38.000994,206.3138885,"198-262"
"2651","Harvey",-48.5,NA,1974-10-31,380021097341301,79,0,c(-97.573056, 38.00625),"1974","71-0",-97.573056,38.00625,207.2375031,"198-262"
"2652","Harvey",-20.76,NA,1974-01-03,380001097330002,79,0,c(-97.550139, 37.999583),"1974","71-0",-97.550139,37.999583,195.2329102,"132-197"
"2653","Harvey",-17.27,NA,1974-04-01,380232097373201,79,0,c(-97.628611, 38.043194),"1974","71-0",-97.628611,38.043194,215.1900787,"198-262"
"2654","Harvey",-19.73,NA,1974-10-02,380232097373201,79,0,c(-97.628611, 38.043194),"1974","71-0",-97.628611,38.043194,215.1900787,"198-262"
"2655","Harvey",-10.75,NA,1974-04-03,380239097395403,79,0,c(-97.665694, 38.043333),"1974","71-0",-97.665694,38.043333,209.4247742,"198-262"
"2656","Harvey",-5.11,NA,1974-10-02,380245097372401,79,0,c(-97.624306, 38.043889),"1974","71-0",-97.624306,38.043889,216.2258301,"198-262"
"2657","Harvey",-28,NA,1974-01-31,380139097341401,79,0,c(-97.573039, 38.028097),"1974","71-0",-97.573039,38.028097,198.3878479,"198-262"
"2658","Harvey",-10.47,NA,1974-04-01,380139097322702,79,0,c(-97.543333, 38.028472),"1974","71-0",-97.543333,38.028472,174.1472931,"132-197"
"2659","McPherson",-45.38,"MOUNDRIDGE",1974-01-10,381247097350801,113,0,c(-97.585326, 38.212835),"1974","71-0",-97.585326,38.212835,57.1348915,"0-65"
"2660","Harvey",-5.14,NA,1974-10-02,380331097354501,79,0,c(-97.597083, 38.058333),"1974","71-0",-97.597083,38.058333,224.3877411,"198-262"
"2661","Harvey",-33.26,"BURRTON",1974-07-02,380509097394701,79,0,c(-97.665139, 38.086667),"1974","71-0",-97.665139,38.086667,159.9980469,"132-197"
"2662","Harvey",-43.85,"BURRTON",1974-07-02,380331097395402,79,0,c(-97.666094, 38.057792),"1974","71-0",-97.666094,38.057792,247.7387848,"198-262"
"2663","Harvey",-38.4,"BURRTON",1974-12-31,380331097395402,79,0,c(-97.666094, 38.057792),"1974","71-0",-97.666094,38.057792,247.7387848,"198-262"
"2664","Harvey",-37.25,"BURRTON",1974-12-31,380509097394702,79,0,c(-97.665139, 38.086667),"1974","71-0",-97.665139,38.086667,159.9980469,"132-197"
"2665","McPherson",-11.53,NA,1974-01-08,382458097362001,113,0,c(-97.60603, 38.415749),"1974","71-0",-97.60603,38.415749,46.437542,"0-65"
"2666","McPherson",-42.54,"Conway",1974-01-11,381847097450101,113,0,c(-97.751574, 38.313326),"1974","71-0",-97.751574,38.313326,12.6687536,"0-65"
"2667","McPherson",-21.9,NA,1974-06-10,383540097552401,113,0,c(-97.923726, 38.594262),"1974","71-0",-97.923726,38.594262,NA,NA
"2668","Sedgwick",-10.31,NA,1974-10-16,375230097273702,173,0,c(-97.46375, 37.874583),"1974","71-0",-97.46375,37.874583,153.0676727,"132-197"
"2669","Sedgwick",-10.29,NA,1974-10-16,375230097273703,173,0,c(-97.46375, 37.874583),"1974","71-0",-97.46375,37.874583,153.0676727,"132-197"
"2670","Sedgwick",-10.83,NA,1974-05-24,375210097273702,173,0,c(-97.463056, 37.86875),"1974","71-0",-97.463056,37.86875,153.2390594,"132-197"
"2671","Sedgwick",-9.48,NA,1974-10-16,375210097273702,173,0,c(-97.463056, 37.86875),"1974","71-0",-97.463056,37.86875,153.2390594,"132-197"
"2672","Sedgwick",-4.31,"Colwich",1974-04-01,375204097320001,173,0,c(-97.537149, 37.868669),"1974","71-0",-97.537149,37.868669,181.9004822,"132-197"
"2673","Sedgwick",-15.34,NA,1974-02-27,375230097273701,173,0,c(-97.463472, 37.875139),"1974","71-0",-97.463472,37.875139,152.6858215,"132-197"
"2674","Sedgwick",-13.08,NA,1974-06-19,375230097273701,173,0,c(-97.463472, 37.875139),"1974","71-0",-97.463472,37.875139,152.6858215,"132-197"
"2675","Sedgwick",-14.95,NA,1974-08-20,375039097234201,173,0,c(-97.396011, 37.844006),"1974","71-0",-97.396011,37.844006,64.615242,"0-65"
"2676","Sedgwick",-14.9,NA,1974-11-20,375039097234201,173,0,c(-97.396011, 37.844006),"1974","71-0",-97.396011,37.844006,64.615242,"0-65"
"2677","Sedgwick",-25.17,NA,1974-04-03,375020097391401,173,0,c(-97.65625, 37.839444),"1974","71-0",-97.65625,37.839444,28.0774212,"0-65"
"2678","Sedgwick",-16.96,NA,1974-03-25,375348097302301,173,0,c(-97.508611, 37.897778),"1974","71-0",-97.508611,37.897778,180.6900482,"132-197"
"2679","Sedgwick",-8.9,NA,1974-04-03,375303097394001,173,0,c(-97.665139, 37.883333),"1974","71-0",-97.665139,37.883333,134.7962036,"132-197"
"2680","Sedgwick",-16.5,NA,1974-05-22,375348097303101,173,0,c(-97.510278, 37.897639),"1974","71-0",-97.510278,37.897639,182.7517242,"132-197"
"2681","Sedgwick",-20.5,NA,1974-05-24,375348097281901,173,0,c(-97.474306, 37.896806),"1974","71-0",-97.474306,37.896806,154.3774872,"132-197"
"2682","Sedgwick",-14.78,"SEDGWICK",1974-01-31,375256097281101,173,0,c(-97.472639, 37.882639),"1974","71-0",-97.472639,37.882639,157.5292664,"132-197"
"2683","Sedgwick",-14.88,"SEDGWICK",1974-02-19,375256097281101,173,0,c(-97.472639, 37.882639),"1974","71-0",-97.472639,37.882639,157.5292664,"132-197"
"2684","Sedgwick",-13.75,NA,1974-06-26,375256097281102,173,0,c(-97.471944, 37.883056),"1974","71-0",-97.471944,37.883056,156.7520752,"132-197"
"2685","Sedgwick",-3.6,"BENTLY",1974-12-30,375253097315602,173,0,c(-97.536944, 37.883194),"1974","71-0",-97.536944,37.883194,192.1342163,"132-197"
"2686","Sedgwick",-17.66,NA,1974-03-20,375256097274503,173,0,c(-97.464028, 37.883056),"1974","71-0",-97.464028,37.883056,147.9484253,"132-197"
"2687","Sedgwick",-16.53,NA,1974-05-22,375256097274503,173,0,c(-97.464028, 37.883056),"1974","71-0",-97.464028,37.883056,147.9484253,"132-197"
"2688","Sedgwick",-11.93,NA,1974-01-03,375250097295001,173,0,c(-97.500278, 37.879861),"1974","71-0",-97.500278,37.879861,181.3036652,"132-197"
"2689","Sedgwick",-16.27,NA,1974-02-25,375421097285401,173,0,c(-97.482222, 37.905417),"1974","71-0",-97.482222,37.905417,159.4700317,"132-197"
"2690","Sedgwick",-12.83,NA,1974-11-27,375421097285401,173,0,c(-97.482222, 37.905417),"1974","71-0",-97.482222,37.905417,159.4700317,"132-197"
"2691","Sedgwick",-9.82,NA,1974-12-30,375441097264001,173,0,c(-97.445556, 37.912083),"1974","71-0",-97.445556,37.912083,110.1968765,"66-131"
"2692","Sedgwick",-6.86,NA,1974-01-03,375441097243001,173,0,c(-97.408889, 37.912083),"1974","71-0",-97.408889,37.912083,70.6034393,"66-131"
"2693","Sedgwick",-9.15,NA,1974-02-19,375421097341102,173,0,c(-97.573611, 37.905972),"1974","71-0",-97.573611,37.905972,146.3720398,"132-197"
"2694","Sedgwick",-10.47,NA,1974-10-18,375421097341102,173,0,c(-97.573611, 37.905972),"1974","71-0",-97.573611,37.905972,146.3720398,"132-197"
"2695","Sedgwick",-10.42,"Patterson",1974-10-02,375356097373601,173,0,c(-97.628889, 37.897917),"1974","71-0",-97.628889,37.897917,181.5634155,"132-197"
"2696","Sedgwick",-16.5,NA,1974-11-20,375355097284501,173,0,c(-97.481389, 37.89875),"1974","71-0",-97.481389,37.89875,160.0249786,"132-197"
"2697","Sedgwick",-8.47,"BENTLY",1974-01-24,375355097340301,173,0,c(-97.56875, 37.898194),"1974","71-0",-97.56875,37.898194,135.2102051,"132-197"
"2698","Sedgwick",-8.55,"BENTLY",1974-07-29,375355097340301,173,0,c(-97.56875, 37.898194),"1974","71-0",-97.56875,37.898194,135.2102051,"132-197"
"2699","Sedgwick",-7.9,NA,1974-05-22,375355097333002,173,0,c(-97.560833, 37.897917),"1974","71-0",-97.560833,37.897917,147.6697235,"132-197"
"2700","Sedgwick",-15.45,NA,1974-10-02,375355097264001,173,0,c(-97.445694, 37.897917),"1974","71-0",-97.445694,37.897917,111.6428833,"66-131"
"2701","Sedgwick",-16.48,NA,1974-05-22,375355097284502,173,0,c(-97.481944, 37.899861),"1974","71-0",-97.481944,37.899861,160.1674652,"132-197"
"2702","Sedgwick",-10,NA,1974-10-02,375355097320101,173,0,c(-97.536667, 37.898056),"1974","71-0",-97.536667,37.898056,199.0600128,"198-262"
"2703","Sedgwick",-11.81,NA,1974-08-19,375355097333001,173,0,c(-97.56, 37.897917),"1974","71-0",-97.56,37.897917,149.7139282,"132-197"
"2704","Sedgwick",-21.62,NA,1974-07-22,375355097281901,173,0,c(-97.475417, 37.897917),"1974","71-0",-97.475417,37.897917,155.1691742,"132-197"
"2705","Harvey",-2.45,NA,1974-12-31,375448097405503,79,0,c(-97.683889, 37.9125),"1974","71-0",-97.683889,37.9125,223.9418488,"198-262"
"2706","Harvey",-20.45,NA,1974-02-19,375513097295902,79,0,c(-97.500556, 37.921528),"1974","71-0",-97.500556,37.921528,166.5668335,"132-197"
"2707","Harvey",-23.95,NA,1974-07-30,375513097295902,79,0,c(-97.500556, 37.921528),"1974","71-0",-97.500556,37.921528,166.5668335,"132-197"
"2708","Harvey",-19,NA,1974-11-21,375513097295901,79,0,c(-97.50125, 37.920139),"1974","71-0",-97.50125,37.920139,168.3886261,"132-197"
"2709","Harvey",-2.96,NA,1974-07-02,375448097405501,79,0,c(-97.683889, 37.9125),"1974","71-0",-97.683889,37.9125,223.9418488,"198-262"
"2710","Sedgwick",-18.73,NA,1974-06-19,375441097341101,173,0,c(-97.572917, 37.912083),"1974","71-0",-97.572917,37.912083,156.8578796,"132-197"
"2711","Sedgwick",-18.82,NA,1974-11-22,375441097341101,173,0,c(-97.572917, 37.912083),"1974","71-0",-97.572917,37.912083,156.8578796,"132-197"
"2712","Sedgwick",-8,NA,1974-01-17,375441097341102,173,0,c(-97.573611, 37.912083),"1974","71-0",-97.573611,37.912083,156.271347,"132-197"
"2713","Sedgwick",-6.57,NA,1974-05-24,375441097341102,173,0,c(-97.573611, 37.912083),"1974","71-0",-97.573611,37.912083,156.271347,"132-197"
"2714","Harvey",-21.08,NA,1974-12-23,375447097295902,79,0,c(-97.502778, 37.912361),"1974","71-0",-97.502778,37.912361,173.4440918,"132-197"
"2715","Sedgwick",-22.5,NA,1974-08-01,375441097305601,173,0,c(-97.5175, 37.911944),"1974","71-0",-97.5175,37.911944,180.4878387,"132-197"
"2716","Sedgwick",-23.99,NA,1974-08-19,375441097341103,173,0,c(-97.573611, 37.912083),"1974","71-0",-97.573611,37.912083,156.271347,"132-197"
"2717","Sedgwick",-20.63,NA,1974-11-22,375441097341103,173,0,c(-97.573611, 37.912083),"1974","71-0",-97.573611,37.912083,156.271347,"132-197"
"2718","Sedgwick",-20.22,NA,1974-05-24,375441097310401,173,0,c(-97.519167, 37.912222),"1974","71-0",-97.519167,37.912222,181.5503998,"132-197"
"2719","Sedgwick",-16.69,NA,1974-06-19,375441097292601,173,0,c(-97.492083, 37.912222),"1974","71-0",-97.492083,37.912222,165.9233246,"132-197"
"2720","Sedgwick",-21.5,NA,1974-09-25,375441097303101,173,0,c(-97.51, 37.911944),"1974","71-0",-97.51,37.911944,177.070282,"132-197"
"2721","Harvey",-24,NA,1974-10-16,375625097310401,79,0,c(-97.519444, 37.940833),"1974","71-0",-97.519444,37.940833,168.5564575,"132-197"
"2722","Harvey",-12.91,NA,1974-01-03,375625097273701,79,0,c(-97.463611, 37.941389),"1974","71-0",-97.463611,37.941389,114.9226074,"66-131"
"2723","Harvey",-27.15,NA,1974-10-02,375632097295101,79,0,c(-97.500297, 37.941539),"1974","71-0",-97.500297,37.941539,163.3613129,"132-197"
"2724","Harvey",-26.96,NA,1974-02-22,375559097320902,79,0,c(-97.537222, 37.932778),"1974","71-0",-97.537222,37.932778,183.2023315,"132-197"
"2725","Harvey",-26.5,NA,1974-04-02,375625097305601,79,0,c(-97.518611, 37.94125),"1974","71-0",-97.518611,37.94125,168.0631409,"132-197"
"2726","Harvey",-30.86,NA,1974-05-22,375559097320903,79,0,c(-97.537222, 37.933889),"1974","71-0",-97.537222,37.933889,182.9288788,"132-197"
"2727","Harvey",-31.78,NA,1974-08-19,375559097320903,79,0,c(-97.537222, 37.933889),"1974","71-0",-97.537222,37.933889,182.9288788,"132-197"
"2728","Harvey",-5.92,NA,1974-04-02,375540097344401,79,0,c(-97.582917, 37.927083),"1974","71-0",-97.582917,37.927083,188.3638916,"132-197"
"2729","Harvey",-24.77,NA,1974-05-24,375540097320903,79,0,c(-97.537222, 37.926806),"1974","71-0",-97.537222,37.926806,184.7477264,"132-197"
"2730","Harvey",-29.47,NA,1974-07-30,375540097320903,79,0,c(-97.537222, 37.926806),"1974","71-0",-97.537222,37.926806,184.7477264,"132-197"
"2731","Harvey",-3.55,NA,1974-12-31,375540097373701,79,0,c(-97.629722, 37.927361),"1974","71-0",-97.629722,37.927361,155.1646118,"132-197"
"2732","Harvey",-29.37,NA,1974-07-17,375540097323403,79,0,c(-97.544306, 37.926944),"1974","71-0",-97.544306,37.926944,191.0853424,"132-197"
"2733","Harvey",-21.22,NA,1974-11-25,375540097323403,79,0,c(-97.544306, 37.926944),"1974","71-0",-97.544306,37.926944,191.0853424,"132-197"
"2734","Harvey",-22.13,NA,1974-05-22,375540097303201,79,0,c(-97.510556, 37.926944),"1974","71-0",-97.510556,37.926944,166.8770294,"132-197"
"2735","Harvey",-30,"BENTLY",1974-01-23,375540097302301,79,0,c(-97.509028, 37.927361),"1974","71-0",-97.509028,37.927361,166.1634064,"132-197"
"2736","Harvey",-21.14,NA,1974-03-19,375658097320202,79,0,c(-97.537083, 37.949861),"1974","71-0",-97.537083,37.949861,180.8988037,"132-197"
"2737","Harvey",-19.82,NA,1974-09-17,375658097320202,79,0,c(-97.537083, 37.949861),"1974","71-0",-97.537083,37.949861,180.8988037,"132-197"
"2738","Harvey",-19.46,NA,1974-05-22,375744097321001,79,0,c(-97.537917, 37.962639),"1974","71-0",-97.537917,37.962639,180.1096344,"132-197"
"2739","Reno",-1.94,"PATTERSON",1974-01-03,375728097425701,155,0,c(-97.720139, 37.95625),"1974","71-0",-97.720139,37.95625,228.5601959,"198-262"
"2740","Harvey",-19.97,NA,1974-02-27,375633097355001,79,0,c(-97.600694, 37.941667),"1974","71-0",-97.600694,37.941667,185.4037323,"132-197"
"2741","Harvey",-11.5,NA,1974-02-19,375633097364002,79,0,c(-97.610694, 37.941528),"1974","71-0",-97.610694,37.941528,168.1863708,"132-197"
"2742","Harvey",-11.05,NA,1974-12-18,375633097364002,79,0,c(-97.610694, 37.941528),"1974","71-0",-97.610694,37.941528,168.1863708,"132-197"
"2743","Harvey",-22,NA,1974-06-21,375633097364003,79,0,c(-97.610694, 37.941528),"1974","71-0",-97.610694,37.941528,168.1863708,"132-197"
"2744","Harvey",-18.51,NA,1974-01-17,375652097364003,79,0,c(-97.610556, 37.947361),"1974","71-0",-97.610556,37.947361,177.5899048,"132-197"
"2745","Harvey",-28.06,NA,1974-02-27,375633097355003,79,0,c(-97.599861, 37.941528),"1974","71-0",-97.599861,37.941528,186.702179,"132-197"
"2746","Harvey",-28.7,NA,1974-04-24,375633097355003,79,0,c(-97.599861, 37.941528),"1974","71-0",-97.599861,37.941528,186.702179,"132-197"
"2747","Harvey",-22.35,NA,1974-12-18,375633097355003,79,0,c(-97.599861, 37.941528),"1974","71-0",-97.599861,37.941528,186.702179,"132-197"
"2748","Harvey",-11.72,NA,1974-08-22,375652097364001,79,0,c(-97.610694, 37.947778),"1974","71-0",-97.610694,37.947778,178.0439758,"132-197"
"2749","Harvey",-28,NA,1974-01-31,375632097313701,79,0,c(-97.528611, 37.941944),"1974","71-0",-97.528611,37.941944,176.2776031,"132-197"
"2750","Harvey",-30,NA,1974-02-26,375817097321001,79,0,c(-97.537917, 37.970972),"1974","71-0",-97.537917,37.970972,177.3802795,"132-197"
"2751","Harvey",-33.44,NA,1974-04-24,375817097363204,79,0,c(-97.610556, 37.970833),"1974","71-0",-97.610556,37.970833,204.9419556,"198-262"
"2752","Harvey",-35.5,NA,1974-05-21,375817097363204,79,0,c(-97.610556, 37.970833),"1974","71-0",-97.610556,37.970833,204.9419556,"198-262"
"2753","Harvey",-38.24,NA,1974-06-24,375817097363204,79,0,c(-97.610556, 37.970833),"1974","71-0",-97.610556,37.970833,204.9419556,"198-262"
"2754","Harvey",-8.16,"PATTERSON",1974-12-31,375811097415502,79,0,c(-97.701806, 37.970417),"1974","71-0",-97.701806,37.970417,181.0225372,"132-197"
"2755","Harvey",-27.84,NA,1974-06-17,375810097334002,79,0,c(-97.562439, 37.970547),"1974","71-0",-97.562439,37.970547,195.2039337,"132-197"
"2756","Harvey",-28.21,NA,1974-09-25,375810097334002,79,0,c(-97.562439, 37.970547),"1974","71-0",-97.562439,37.970547,195.2039337,"132-197"
"2757","Harvey",-27.86,NA,1974-10-16,375810097334002,79,0,c(-97.562439, 37.970547),"1974","71-0",-97.562439,37.970547,195.2039337,"132-197"
"2758","Harvey",-28.78,NA,1974-02-26,375817097321002,79,0,c(-97.537361, 37.972222),"1974","71-0",-97.537361,37.972222,177.3385925,"132-197"
"2759","Harvey",-29.03,NA,1974-07-19,375817097321002,79,0,c(-97.537361, 37.972222),"1974","71-0",-97.537361,37.972222,177.3385925,"132-197"
"2760","Harvey",-11.85,NA,1974-10-02,375817097363201,79,0,c(-97.610556, 37.970833),"1974","71-0",-97.610556,37.970833,204.9419556,"198-262"
"2761","Harvey",-16.53,NA,1974-12-30,375810097284601,79,0,c(-97.482083, 37.970139),"1974","71-0",-97.482083,37.970139,131.2219543,"66-131"
"2762","Harvey",-10.27,NA,1974-04-01,375811097373001,79,0,c(-97.628611, 37.970417),"1974","71-0",-97.628611,37.970417,176.1593933,"132-197"
"2763","Harvey",-27.82,NA,1974-06-19,375750097330701,79,0,c(-97.555278, 37.964028),"1974","71-0",-97.555278,37.964028,193.1697235,"132-197"
"2764","Harvey",-19.33,NA,1974-12-30,375810097324301,79,0,c(-97.54625, 37.970139),"1974","71-0",-97.54625,37.970139,182.0330048,"132-197"
"2765","Harvey",-20.14,NA,1974-03-19,375744097321002,79,0,c(-97.538406, 37.962262),"1974","71-0",-97.538406,37.962262,180.384964,"132-197"
"2766","Harvey",-41,NA,1974-05-30,375843097363301,79,0,c(-97.610694, 37.978611),"1974","71-0",-97.610694,37.978611,202.4698029,"198-262"
"2767","Harvey",-28,NA,1974-11-21,375843097363301,79,0,c(-97.610694, 37.978611),"1974","71-0",-97.610694,37.978611,202.4698029,"198-262"
"2768","Harvey",-38,NA,1974-04-29,375902097334801,79,0,c(-97.565278, 37.984583),"1974","71-0",-97.565278,37.984583,202.5888824,"198-262"
"2769","Harvey",-14.74,NA,1974-01-21,375843097363302,79,0,c(-97.610556, 37.977917),"1974","71-0",-97.610556,37.977917,202.4074707,"198-262"
"2770","Harvey",-14.68,NA,1974-02-27,375843097363302,79,0,c(-97.610556, 37.977917),"1974","71-0",-97.610556,37.977917,202.4074707,"198-262"
"2771","Harvey",-14.42,NA,1974-10-16,375843097363302,79,0,c(-97.610556, 37.977917),"1974","71-0",-97.610556,37.977917,202.4074707,"198-262"
"2772","Harvey",-30.55,NA,1974-09-25,375843097363303,79,0,c(-97.610556, 37.977917),"1974","71-0",-97.610556,37.977917,202.4074707,"198-262"
"2773","Harvey",-26.94,NA,1974-11-21,375843097363303,79,0,c(-97.610556, 37.977917),"1974","71-0",-97.610556,37.977917,202.4074707,"198-262"
"2774","Harvey",-28.52,NA,1974-09-18,375843097341302,79,0,c(-97.573797, 37.979569),"1974","71-0",-97.573797,37.979569,207.8613434,"198-262"
"2775","Harvey",-31.75,NA,1974-11-20,375836097330702,79,0,c(-97.555278, 37.975972),"1974","71-0",-97.555278,37.975972,187.0804138,"132-197"
"2776","Harvey",-10.63,NA,1974-12-23,375817097365701,79,0,c(-97.61875, 37.970833),"1974","71-0",-97.61875,37.970833,197.783432,"132-197"
"2777","Harvey",-32.56,NA,1974-02-20,375935097342102,79,0,c(-97.573889, 37.994167),"1974","71-0",-97.573889,37.994167,208.819046,"198-262"
"2778","Harvey",-33.17,NA,1974-08-19,375935097342102,79,0,c(-97.573889, 37.994167),"1974","71-0",-97.573889,37.994167,208.819046,"198-262"
"2779","Harvey",-32.24,NA,1974-10-29,375935097342102,79,0,c(-97.573889, 37.994167),"1974","71-0",-97.573889,37.994167,208.819046,"198-262"
"2780","Harvey",-12.48,NA,1974-01-03,375955097295201,79,0,c(-97.5, 37.999444),"1974","71-0",-97.5,37.999444,131.4427338,"66-131"
"2781","Harvey",-15.95,NA,1974-12-30,375955097295201,79,0,c(-97.5, 37.999444),"1974","71-0",-97.5,37.999444,131.4427338,"66-131"
"2782","Harvey",-40,NA,1974-08-30,380001097341301,79,0,c(-97.573056, 38.000139),"1974","71-0",-97.573056,38.000139,206.3171692,"198-262"
"2783","Harvey",-39.5,NA,1974-12-23,375935097342101,79,0,c(-97.574444, 37.992917),"1974","71-0",-97.574444,37.992917,208.6991119,"198-262"
"2784","Harvey",-30.77,NA,1974-12-30,375910097352701,79,0,c(-97.592222, 37.985139),"1974","71-0",-97.592222,37.985139,211.90979,"198-262"
"2785","Harvey",-31.83,NA,1974-08-22,375902097341302,79,0,c(-97.57375, 37.983333),"1974","71-0",-97.57375,37.983333,207.2333984,"198-262"
"2786","Harvey",-12.4,NA,1974-03-29,375903097363302,79,0,c(-97.610556, 37.985),"1974","71-0",-97.610556,37.985,207.0899048,"198-262"
"2787","Harvey",-12.1,NA,1974-04-30,375903097363302,79,0,c(-97.610556, 37.985),"1974","71-0",-97.610556,37.985,207.0899048,"198-262"
"2788","Harvey",-11.78,NA,1974-08-23,375903097363302,79,0,c(-97.610556, 37.985),"1974","71-0",-97.610556,37.985,207.0899048,"198-262"
"2789","Harvey",-4.02,"PATTERSON",1974-07-02,375910097405802,79,0,c(-97.684028, 37.985278),"1974","71-0",-97.684028,37.985278,125.3276443,"66-131"
"2790","Harvey",-9.75,NA,1974-04-01,375909097300001,79,0,c(-97.500417, 37.985139),"1974","71-0",-97.500417,37.985139,141.1838684,"132-197"
"2791","Harvey",-37.71,NA,1974-02-25,380054097342202,79,0,c(-97.575972, 38.014167),"1974","71-0",-97.575972,38.014167,202.6842957,"198-262"
"2792","Harvey",-37.35,NA,1974-03-26,380054097342202,79,0,c(-97.575972, 38.014167),"1974","71-0",-97.575972,38.014167,202.6842957,"198-262"
"2793","Harvey",-42.34,NA,1974-06-28,380054097342202,79,0,c(-97.575972, 38.014167),"1974","71-0",-97.575972,38.014167,202.6842957,"198-262"
"2794","Harvey",-53.72,NA,1974-07-29,380054097342202,79,0,c(-97.575972, 38.014167),"1974","71-0",-97.575972,38.014167,202.6842957,"198-262"
"2795","Harvey",-41.33,NA,1974-08-26,380054097342202,79,0,c(-97.575972, 38.014167),"1974","71-0",-97.575972,38.014167,202.6842957,"198-262"
"2796","Harvey",-11.15,NA,1974-10-02,380054097310501,79,0,c(-97.51875, 38.014028),"1974","71-0",-97.51875,38.014028,155.4982452,"132-197"
"2797","Harvey",-58.67,NA,1974-07-31,380054097334902,79,0,c(-97.566944, 38.014306),"1974","71-0",-97.566944,38.014306,195.9289551,"132-197"
"2798","Harvey",-10.27,NA,1974-07-02,380054097320301,79,0,c(-97.536528, 38.014167),"1974","71-0",-97.536528,38.014167,180.6872253,"132-197"
"2799","Harvey",-56,NA,1974-07-31,380054097334901,79,0,c(-97.565417, 38.014722),"1974","71-0",-97.565417,38.014722,193.8327484,"132-197"
"2800","Harvey",-34.24,NA,1974-03-19,380021097341302,79,0,c(-97.573611, 38.005),"1974","71-0",-97.573611,38.005,206.7701111,"198-262"
"2801","Harvey",-34.44,NA,1974-09-18,380021097341302,79,0,c(-97.573611, 38.005),"1974","71-0",-97.573611,38.005,206.7701111,"198-262"
"2802","Harvey",-34.89,NA,1974-10-02,380001097342101,79,0,c(-97.573889, 37.999722),"1974","71-0",-97.573889,37.999722,206.5306702,"198-262"
"2803","Harvey",-19.65,NA,1974-12-30,380232097373201,79,0,c(-97.628611, 38.043194),"1974","71-0",-97.628611,38.043194,215.1900787,"198-262"
"2804","Harvey",-18.73,NA,1974-04-01,380238097342301,79,0,c(-97.574028, 38.043472),"1974","71-0",-97.574028,38.043472,199.1666412,"198-262"
"2805","Harvey",-22.43,NA,1974-07-02,380238097342301,79,0,c(-97.574028, 38.043472),"1974","71-0",-97.574028,38.043472,199.1666412,"198-262"
"2806","Harvey",-36,NA,1974-08-30,380139097341401,79,0,c(-97.573039, 38.028097),"1974","71-0",-97.573039,38.028097,198.3878479,"198-262"
"2807","Harvey",-31.58,NA,1974-08-30,380139097341402,79,0,c(-97.573639, 38.0276),"1974","71-0",-97.573639,38.0276,199.0148926,"198-262"
"2808","McPherson",-17.37,NA,1974-01-10,381346097295401,113,0,c(-97.499386, 38.229303),"1974","71-0",-97.499386,38.229303,33.490448,"0-65"
"2809","Harvey",-3.16,"Burrton",1974-01-15,380647097402901,79,0,c(-97.675756, 38.112175),"1974","71-0",-97.675756,38.112175,191.2434235,"132-197"
"2810","Harvey",-3.79,NA,1974-01-15,380601097362801,79,0,c(-97.609513, 38.100414),"1974","71-0",-97.609513,38.100414,97.7922134,"66-131"
"2811","Harvey",-27.5,NA,1974-07-02,380324097352001,79,0,c(-97.590882, 38.056881),"1974","71-0",-97.590882,38.056881,215.8754883,"198-262"
"2812","Harvey",-0.4,NA,1974-04-02,380324097341501,79,0,c(-97.573472, 38.057778),"1974","71-0",-97.573472,38.057778,180.4685059,"132-197"
"2813","Harvey",-5.65,NA,1974-10-02,380324097341501,79,0,c(-97.573472, 38.057778),"1974","71-0",-97.573472,38.057778,180.4685059,"132-197"
"2814","Harvey",-7.23,NA,1974-01-03,380318097392901,79,0,c(-97.659444, 38.054306),"1974","71-0",-97.659444,38.054306,232.7192535,"198-262"
"2815","McPherson",-75.42,NA,1974-12-31,382142097410902,113,0,c(-97.686463, 38.361321),"1974","143-72",-97.686463,38.361321,74.6581345,"66-131"
"2816","McPherson",-25.51,NA,1974-01-09,382149097322001,113,0,c(-97.538631, 38.36332),"1974","71-0",-97.538631,38.36332,33.7965965,"0-65"
"2817","McPherson",-11.12,NA,1974-03-08,383630097395501,113,0,c(-97.665889, 38.608038),"1974","71-0",-97.665889,38.608038,NA,NA
"2818","Reno",-26.9,"ELMER",1974-04-01,375856097535701,155,0,c(-97.898836, 37.98096),"1974","71-0",-97.898836,37.98096,85.4990005,"66-131"
"2819","Sedgwick",-11.99,NA,1974-05-22,375230097273702,173,0,c(-97.46375, 37.874583),"1974","71-0",-97.46375,37.874583,153.0676727,"132-197"
"2820","Sedgwick",-10.9,NA,1974-06-19,375230097273702,173,0,c(-97.46375, 37.874583),"1974","71-0",-97.46375,37.874583,153.0676727,"132-197"
"2821","Sedgwick",-16,NA,1974-03-29,375230097273703,173,0,c(-97.46375, 37.874583),"1974","71-0",-97.46375,37.874583,153.0676727,"132-197"
"2822","Sedgwick",-14.36,NA,1974-04-29,375230097273703,173,0,c(-97.46375, 37.874583),"1974","71-0",-97.46375,37.874583,153.0676727,"132-197"
"2823","Sedgwick",-13.1,NA,1974-01-23,375210097273701,173,0,c(-97.463472, 37.869306),"1974","71-0",-97.463472,37.869306,153.5754242,"132-197"
"2824","Sedgwick",-13.17,NA,1974-02-19,375210097273701,173,0,c(-97.463472, 37.869306),"1974","71-0",-97.463472,37.869306,153.5754242,"132-197"
"2825","Sedgwick",-11.1,NA,1974-04-01,375204097252701,173,0,c(-97.426806, 37.868472),"1974","71-0",-97.426806,37.868472,106.0070572,"66-131"
"2826","Sedgwick",-10.96,NA,1974-12-30,375204097252701,173,0,c(-97.426806, 37.868472),"1974","71-0",-97.426806,37.868472,106.0070572,"66-131"
"2827","Sedgwick",-14.39,NA,1974-01-03,375204097310301,173,0,c(-97.519167, 37.86875),"1974","71-0",-97.519167,37.86875,200.1208649,"198-262"
"2828","Sedgwick",-8.86,NA,1974-11-20,375210097273702,173,0,c(-97.463056, 37.86875),"1974","71-0",-97.463056,37.86875,153.2390594,"132-197"
"2829","Sedgwick",-14.88,NA,1974-02-20,375039097234201,173,0,c(-97.396011, 37.844006),"1974","71-0",-97.396011,37.844006,64.615242,"0-65"
"2830","Sedgwick",-23.32,NA,1974-03-01,375020097391401,173,0,c(-97.65625, 37.839444),"1974","71-0",-97.65625,37.839444,28.0774212,"0-65"
"2831","Sedgwick",-19.76,NA,1974-01-21,375348097294201,173,0,c(-97.497917, 37.897778),"1974","71-0",-97.497917,37.897778,170.4191437,"132-197"
"2832","Sedgwick",-19,NA,1974-05-22,375348097295101,173,0,c(-97.499583, 37.897639),"1974","71-0",-97.499583,37.897639,171.552536,"132-197"
"2833","Sedgwick",-18.5,NA,1974-06-24,375348097295101,173,0,c(-97.499583, 37.897639),"1974","71-0",-97.499583,37.897639,171.552536,"132-197"
"2834","Sedgwick",-18.5,NA,1974-09-18,375348097295101,173,0,c(-97.499583, 37.897639),"1974","71-0",-97.499583,37.897639,171.552536,"132-197"
"2835","Sedgwick",-14.04,NA,1974-12-23,375348097302301,173,0,c(-97.508611, 37.897778),"1974","71-0",-97.508611,37.897778,180.6900482,"132-197"
"2836","Sedgwick",-15.5,NA,1974-11-20,375348097292601,173,0,c(-97.492083, 37.8975),"1974","71-0",-97.492083,37.8975,165.5435944,"132-197"
"2837","Sedgwick",-18.23,NA,1974-09-17,375329097284501,173,0,c(-97.481806, 37.891111),"1974","71-0",-97.481806,37.891111,160.4235077,"132-197"
"2838","Sedgwick",-19.95,NA,1974-03-21,375348097292602,173,0,c(-97.490417, 37.897639),"1974","71-0",-97.490417,37.897639,164.602478,"132-197"
"2839","Sedgwick",-20.35,NA,1974-07-31,375348097292602,173,0,c(-97.490417, 37.897639),"1974","71-0",-97.490417,37.897639,164.602478,"132-197"
"2840","Sedgwick",-15.69,NA,1974-12-18,375348097292602,173,0,c(-97.490417, 37.897639),"1974","71-0",-97.490417,37.897639,164.602478,"132-197"
"2841","Sedgwick",-20,NA,1974-02-19,375348097281901,173,0,c(-97.474306, 37.896806),"1974","71-0",-97.474306,37.896806,154.3774872,"132-197"
"2842","Sedgwick",-7.93,NA,1974-07-02,375303097252701,173,0,c(-97.426806, 37.883472),"1974","71-0",-97.426806,37.883472,98.2698059,"66-131"
"2843","Sedgwick",-14.22,"SEDGWICK",1974-08-19,375256097281101,173,0,c(-97.472639, 37.882639),"1974","71-0",-97.472639,37.882639,157.5292664,"132-197"
"2844","Sedgwick",-11.49,"SEDGWICK",1974-12-23,375256097281101,173,0,c(-97.472639, 37.882639),"1974","71-0",-97.472639,37.882639,157.5292664,"132-197"
"2845","Sedgwick",-12.57,NA,1974-11-21,375256097281102,173,0,c(-97.471944, 37.883056),"1974","71-0",-97.471944,37.883056,156.7520752,"132-197"
"2846","Sedgwick",-6.12,NA,1974-10-02,375256097330501,173,0,c(-97.555278, 37.883056),"1974","71-0",-97.555278,37.883056,157.372406,"132-197"
"2847","Sedgwick",-15.6,"SEDGWICK",1974-04-24,375256097274501,173,0,c(-97.464722, 37.882639),"1974","71-0",-97.464722,37.882639,149.8994598,"132-197"
"2848","Sedgwick",-16.87,NA,1974-12-30,375415097295101,173,0,c(-97.500278, 37.905139),"1974","71-0",-97.500278,37.905139,172.8610229,"132-197"
"2849","Sedgwick",-7.22,NA,1974-02-19,375421097341101,173,0,c(-97.573333, 37.906528),"1974","71-0",-97.573333,37.906528,147.5267181,"132-197"
"2850","Sedgwick",-5.34,NA,1974-04-24,375421097341101,173,0,c(-97.573333, 37.906528),"1974","71-0",-97.573333,37.906528,147.5267181,"132-197"
"2851","Sedgwick",-7.37,NA,1974-11-20,375421097341101,173,0,c(-97.573333, 37.906528),"1974","71-0",-97.573333,37.906528,147.5267181,"132-197"
"2852","Sedgwick",-7.3,NA,1974-04-24,375421097341102,173,0,c(-97.573611, 37.905972),"1974","71-0",-97.573611,37.905972,146.3720398,"132-197"
"2853","Sedgwick",-15.41,NA,1974-12-18,375348097305602,173,0,c(-97.518611, 37.896667),"1974","71-0",-97.518611,37.896667,189.8391418,"132-197"
"2854","Sedgwick",-18,NA,1974-06-24,375355097284501,173,0,c(-97.481389, 37.89875),"1974","71-0",-97.481389,37.89875,160.0249786,"132-197"
"2855","Sedgwick",-6.78,NA,1974-10-16,375355097340302,173,0,c(-97.569444, 37.898056),"1974","71-0",-97.569444,37.898056,134.7022858,"132-197"
"2856","Sedgwick",-10.15,NA,1974-07-24,375355097333002,173,0,c(-97.560833, 37.897917),"1974","71-0",-97.560833,37.897917,147.6697235,"132-197"
"2857","Sedgwick",-19.5,NA,1974-07-30,375348097305601,173,0,c(-97.517361, 37.897639),"1974","71-0",-97.517361,37.897639,188.3402405,"132-197"
"2858","Sedgwick",-11.36,NA,1974-12-23,375355097333001,173,0,c(-97.56, 37.897917),"1974","71-0",-97.56,37.897917,149.7139282,"132-197"
"2859","Sedgwick",-16.02,NA,1974-06-24,375348097305602,173,0,c(-97.518611, 37.896667),"1974","71-0",-97.518611,37.896667,189.8391418,"132-197"
"2860","Harvey",-21.83,NA,1974-01-03,375533097295901,79,0,c(-97.500833, 37.926806),"1974","71-0",-97.500833,37.926806,163.6620178,"132-197"
"2861","Harvey",-20.58,NA,1974-07-02,375533097295901,79,0,c(-97.500833, 37.926806),"1974","71-0",-97.500833,37.926806,163.6620178,"132-197"
"2862","Harvey",-1.99,NA,1974-07-02,375448097405503,79,0,c(-97.683889, 37.9125),"1974","71-0",-97.683889,37.9125,223.9418488,"198-262"
"2863","Harvey",-18.83,NA,1974-03-20,375451097291401,79,0,c(-97.490556, 37.912778),"1974","71-0",-97.490556,37.912778,164.1556091,"132-197"
"2864","Harvey",-19.83,NA,1974-07-30,375451097291401,79,0,c(-97.490556, 37.912778),"1974","71-0",-97.490556,37.912778,164.1556091,"132-197"
"2865","Harvey",-27,NA,1974-06-24,375513097295901,79,0,c(-97.50125, 37.920139),"1974","71-0",-97.50125,37.920139,168.3886261,"132-197"
"2866","Sedgwick",-22.74,NA,1974-02-20,375441097341101,173,0,c(-97.572917, 37.912083),"1974","71-0",-97.572917,37.912083,156.8578796,"132-197"
"2867","Sedgwick",-5.96,NA,1974-06-19,375441097341102,173,0,c(-97.573611, 37.912083),"1974","71-0",-97.573611,37.912083,156.271347,"132-197"
"2868","Sedgwick",-22,NA,1974-01-29,375441097305601,173,0,c(-97.5175, 37.911944),"1974","71-0",-97.5175,37.911944,180.4878387,"132-197"
"2869","Sedgwick",-22,NA,1974-04-30,375441097305601,173,0,c(-97.5175, 37.911944),"1974","71-0",-97.5175,37.911944,180.4878387,"132-197"
"2870","Sedgwick",-22,NA,1974-05-24,375441097305601,173,0,c(-97.5175, 37.911944),"1974","71-0",-97.5175,37.911944,180.4878387,"132-197"
"2871","Sedgwick",-18.79,NA,1974-04-24,375441097292601,173,0,c(-97.492083, 37.912222),"1974","71-0",-97.492083,37.912222,165.9233246,"132-197"
"2872","Sedgwick",-16.53,NA,1974-10-16,375441097292601,173,0,c(-97.492083, 37.912222),"1974","71-0",-97.492083,37.912222,165.9233246,"132-197"
"2873","Sedgwick",-16.04,NA,1974-11-20,375441097292601,173,0,c(-97.492083, 37.912222),"1974","71-0",-97.492083,37.912222,165.9233246,"132-197"
"2874","Sedgwick",-17.3,NA,1974-04-02,375441097320901,173,0,c(-97.537222, 37.912083),"1974","71-0",-97.537222,37.912083,193.3445892,"132-197"
"2875","Sedgwick",-22,NA,1974-03-19,375441097303101,173,0,c(-97.51, 37.911944),"1974","71-0",-97.51,37.911944,177.070282,"132-197"
"2876","Harvey",-23,NA,1974-11-20,375625097310401,79,0,c(-97.519444, 37.940833),"1974","71-0",-97.519444,37.940833,168.5564575,"132-197"
"2877","Harvey",-24.55,NA,1974-12-18,375559097320902,79,0,c(-97.537222, 37.932778),"1974","71-0",-97.537222,37.932778,183.2023315,"132-197"
"2878","Harvey",-4.03,NA,1974-07-02,375632097243001,79,0,c(-97.410408, 37.941567),"1974","71-0",-97.410408,37.941567,50.0645599,"0-65"
"2879","Harvey",-6.08,NA,1974-01-03,375540097344401,79,0,c(-97.582917, 37.927083),"1974","71-0",-97.582917,37.927083,188.3638916,"132-197"
"2880","Harvey",-23,NA,1974-04-24,375540097305601,79,0,c(-97.518194, 37.927361),"1974","71-0",-97.518194,37.927361,168.0558319,"132-197"
"2881","Harvey",-24.85,NA,1974-04-24,375540097323402,79,0,c(-97.544306, 37.926944),"1974","71-0",-97.544306,37.926944,191.0853424,"132-197"
"2882","Harvey",-20.33,NA,1974-11-20,375540097305602,79,0,c(-97.51875, 37.928639),"1974","71-0",-97.51875,37.928639,167.3563385,"132-197"
"2883","Harvey",-28.84,NA,1974-03-19,375540097323403,79,0,c(-97.544306, 37.926944),"1974","71-0",-97.544306,37.926944,191.0853424,"132-197"
"2884","Harvey",-26.95,NA,1974-05-22,375540097323403,79,0,c(-97.544306, 37.926944),"1974","71-0",-97.544306,37.926944,191.0853424,"132-197"
"2885","Harvey",-22.55,NA,1974-07-29,375540097303201,79,0,c(-97.510556, 37.926944),"1974","71-0",-97.510556,37.926944,166.8770294,"132-197"
"2886","Harvey",-29.18,"Bentley",1974-01-28,375540097320901,79,0,c(-97.537238, 37.9268),"1974","71-0",-97.537238,37.9268,184.7672424,"132-197"
"2887","Harvey",-24.27,"Bentley",1974-10-16,375540097320901,79,0,c(-97.537238, 37.9268),"1974","71-0",-97.537238,37.9268,184.7672424,"132-197"
"2888","Harvey",-20.5,NA,1974-12-31,375718097352601,79,0,c(-97.592361, 37.955833),"1974","71-0",-97.592361,37.955833,222.9235535,"198-262"
"2889","Harvey",-19.12,NA,1974-12-31,375724097330701,79,0,c(-97.555278, 37.956111),"1974","71-0",-97.555278,37.956111,196.0875854,"132-197"
"2890","Harvey",-21.96,NA,1974-01-17,375744097321001,79,0,c(-97.537917, 37.962639),"1974","71-0",-97.537917,37.962639,180.1096344,"132-197"
"2891","Harvey",-15.5,NA,1974-10-02,375718097274501,79,0,c(-97.464028, 37.955972),"1974","71-0",-97.464028,37.955972,117.9823532,"66-131"
"2892","Harvey",-22.46,NA,1974-02-20,375744097321001,79,0,c(-97.537917, 37.962639),"1974","71-0",-97.537917,37.962639,180.1096344,"132-197"
"2893","Harvey",-7.54,NA,1974-01-03,375718097284601,79,0,c(-97.482083, 37.955694),"1974","71-0",-97.482083,37.955694,141.0139771,"132-197"
"2894","Harvey",-14.72,NA,1974-01-03,375718097320201,79,0,c(-97.537083, 37.955694),"1974","71-0",-97.537083,37.955694,179.0117493,"132-197"
"2895","Harvey",-18.56,NA,1974-12-31,375724097310501,79,0,c(-97.520417, 37.956944),"1974","71-0",-97.520417,37.956944,162.9845276,"132-197"
"2896","Harvey",-21.09,NA,1974-07-30,375633097355001,79,0,c(-97.600694, 37.941667),"1974","71-0",-97.600694,37.941667,185.4037323,"132-197"
"2897","Harvey",-11.8,NA,1974-08-19,375633097364002,79,0,c(-97.610694, 37.941528),"1974","71-0",-97.610694,37.941528,168.1863708,"132-197"
"2898","Harvey",-12.25,NA,1974-10-21,375633097364002,79,0,c(-97.610694, 37.941528),"1974","71-0",-97.610694,37.941528,168.1863708,"132-197"
"2899","Harvey",-10.12,NA,1974-10-16,375652097364002,79,0,c(-97.610556, 37.947361),"1974","71-0",-97.610556,37.947361,177.5899048,"132-197"
"2900","Harvey",-14.48,NA,1974-07-30,375633097355002,79,0,c(-97.599861, 37.941528),"1974","71-0",-97.599861,37.941528,186.702179,"132-197"
"2901","Harvey",-25.48,NA,1974-08-22,375652097364003,79,0,c(-97.610556, 37.947361),"1974","71-0",-97.610556,37.947361,177.5899048,"132-197"
"2902","Harvey",-11.86,NA,1974-02-27,375652097364001,79,0,c(-97.610694, 37.947778),"1974","71-0",-97.610694,37.947778,178.0439758,"132-197"
"2903","Harvey",-9.87,NA,1974-10-16,375652097364001,79,0,c(-97.610694, 37.947778),"1974","71-0",-97.610694,37.947778,178.0439758,"132-197"
"2904","Harvey",-24.08,NA,1974-07-02,375817097274501,79,0,c(-97.464028, 37.970694),"1974","71-0",-97.464028,37.970694,128.7593231,"66-131"
"2905","Harvey",-28.29,NA,1974-07-02,375810097342101,79,0,c(-97.574167, 37.970556),"1974","71-0",-97.574167,37.970556,208.9767761,"198-262"
"2906","Harvey",-27.67,NA,1974-11-20,375817097330701,79,0,c(-97.555278, 37.97125),"1974","71-0",-97.555278,37.97125,186.157074,"132-197"
"2907","Harvey",-36.65,NA,1974-02-19,375817097363204,79,0,c(-97.610556, 37.970833),"1974","71-0",-97.610556,37.970833,204.9419556,"198-262"
"2908","Harvey",-14.18,NA,1974-01-03,375817097363202,79,0,c(-97.610556, 37.970833),"1974","71-0",-97.610556,37.970833,204.9419556,"198-262"
"2909","Harvey",-27.29,NA,1974-11-20,375817097321002,79,0,c(-97.537361, 37.972222),"1974","71-0",-97.537361,37.972222,177.3385925,"132-197"
"2910","Harvey",-23.54,NA,1974-07-02,375810097324302,79,0,c(-97.54625, 37.970139),"1974","71-0",-97.54625,37.970139,182.0330048,"132-197"
"2911","Harvey",-22.74,NA,1974-04-01,375810097310501,79,0,c(-97.519444, 37.970417),"1974","71-0",-97.519444,37.970417,168.0301666,"132-197"
"2912","Harvey",-9.15,NA,1974-07-02,375811097373001,79,0,c(-97.628611, 37.970417),"1974","71-0",-97.628611,37.970417,176.1593933,"132-197"
"2913","Harvey",-10.76,NA,1974-12-30,375811097373001,79,0,c(-97.628611, 37.970417),"1974","71-0",-97.628611,37.970417,176.1593933,"132-197"
"2914","Harvey",-30.77,NA,1974-04-24,375750097330701,79,0,c(-97.555278, 37.964028),"1974","71-0",-97.555278,37.964028,193.1697235,"132-197"
"2915","Harvey",-29.68,NA,1974-09-17,375750097330701,79,0,c(-97.555278, 37.964028),"1974","71-0",-97.555278,37.964028,193.1697235,"132-197"
"2916","Harvey",-31,NA,1974-02-25,375810097334001,79,0,c(-97.563889, 37.970139),"1974","71-0",-97.563889,37.970139,197.6804504,"132-197"
"2917","Harvey",-10.62,NA,1974-10-02,375810097295101,79,0,c(-97.499869, 37.970439),"1974","71-0",-97.499869,37.970439,149.4152985,"132-197"
"2918","Harvey",-22.61,NA,1974-01-03,375810097324301,79,0,c(-97.54625, 37.970139),"1974","71-0",-97.54625,37.970139,182.0330048,"132-197"
"2919","Harvey",-18.72,NA,1974-12-18,375744097321002,79,0,c(-97.538406, 37.962262),"1974","71-0",-97.538406,37.962262,180.384964,"132-197"
"2920","Harvey",-35.64,NA,1974-02-19,375902097334803,79,0,c(-97.565417, 37.984861),"1974","71-0",-97.565417,37.984861,202.7014771,"198-262"
"2921","Harvey",-47,NA,1974-07-24,375843097363301,79,0,c(-97.610694, 37.978611),"1974","71-0",-97.610694,37.978611,202.4698029,"198-262"
"2922","Harvey",-36,NA,1974-10-16,375902097334801,79,0,c(-97.565278, 37.984583),"1974","71-0",-97.565278,37.984583,202.5888824,"198-262"
"2923","Harvey",-33,NA,1974-06-24,375902097341301,79,0,c(-97.573194, 37.984583),"1974","71-0",-97.573194,37.984583,206.6734009,"198-262"
"2924","Harvey",-32,NA,1974-12-18,375902097341301,79,0,c(-97.573194, 37.984583),"1974","71-0",-97.573194,37.984583,206.6734009,"198-262"
"2925","Harvey",-29.65,NA,1974-08-19,375843097341302,79,0,c(-97.573797, 37.979569),"1974","71-0",-97.573797,37.979569,207.8613434,"198-262"
"2926","Harvey",-33.25,NA,1974-07-31,375902097334802,79,0,c(-97.566797, 37.985025),"1974","71-0",-97.566797,37.985025,203.3744202,"198-262"
"2927","Harvey",-32.43,NA,1974-01-21,375843097321002,79,0,c(-97.537222, 37.979583),"1974","71-0",-97.537222,37.979583,178.8020782,"132-197"
"2928","Harvey",-31.98,NA,1974-04-24,375843097321002,79,0,c(-97.537222, 37.979583),"1974","71-0",-97.537222,37.979583,178.8020782,"132-197"
"2929","Harvey",-34.71,NA,1974-04-24,375843097321001,79,0,c(-97.537997, 37.978306),"1974","71-0",-97.537997,37.978306,178.8004303,"132-197"
"2930","Harvey",-32.13,NA,1974-03-26,375836097334001,79,0,c(-97.564544, 37.977706),"1974","71-0",-97.564544,37.977706,201.1987305,"198-262"
"2931","Harvey",-9.22,NA,1974-06-17,375817097365701,79,0,c(-97.61875, 37.970833),"1974","71-0",-97.61875,37.970833,197.783432,"132-197"
"2932","Harvey",-6.66,NA,1974-04-01,375817097383701,79,0,c(-97.647083, 37.970694),"1974","71-0",-97.647083,37.970694,123.4976883,"66-131"
"2933","Harvey",-6.3,NA,1974-07-02,375817097383701,79,0,c(-97.647083, 37.970694),"1974","71-0",-97.647083,37.970694,123.4976883,"66-131"
"2934","Harvey",-31.95,NA,1974-05-22,375935097342102,79,0,c(-97.573889, 37.994167),"1974","71-0",-97.573889,37.994167,208.819046,"198-262"
"2935","Harvey",-31.85,NA,1974-06-24,375935097342102,79,0,c(-97.573889, 37.994167),"1974","71-0",-97.573889,37.994167,208.819046,"198-262"
"2936","Harvey",-11.27,NA,1974-01-16,375929097232501,79,0,c(-97.391475, 37.991223),"1974","71-0",-97.391475,37.991223,11.1435614,"0-65"
"2937","Harvey",-41,NA,1974-05-22,375935097342101,79,0,c(-97.574444, 37.992917),"1974","71-0",-97.574444,37.992917,208.6991119,"198-262"
"2938","Harvey",-28.5,NA,1974-04-30,375903097363301,79,0,c(-97.610694, 37.984583),"1974","71-0",-97.610694,37.984583,206.597702,"198-262"
"2939","Harvey",-35.49,NA,1974-10-02,375929097320201,79,0,c(-97.536944, 37.992222),"1974","71-0",-97.536944,37.992222,182.8236694,"132-197"
"2940","Harvey",-36.75,NA,1974-04-03,375910097352702,79,0,c(-97.592222, 37.985139),"1974","71-0",-97.592222,37.985139,211.90979,"198-262"
"2941","Harvey",-31.58,NA,1974-04-03,375910097352701,79,0,c(-97.592222, 37.985139),"1974","71-0",-97.592222,37.985139,211.90979,"198-262"
"2942","Harvey",-29.8,NA,1974-03-25,375902097341302,79,0,c(-97.57375, 37.983333),"1974","71-0",-97.57375,37.983333,207.2333984,"198-262"
"2943","Harvey",-4.24,"PATTERSON",1974-01-03,375910097405802,79,0,c(-97.684028, 37.985278),"1974","71-0",-97.684028,37.985278,125.3276443,"66-131"
"2944","Harvey",-5.91,"PATTERSON",1974-12-31,375910097405802,79,0,c(-97.684028, 37.985278),"1974","71-0",-97.684028,37.985278,125.3276443,"66-131"
"2945","Harvey",-40.05,NA,1974-09-23,380054097342202,79,0,c(-97.575972, 38.014167),"1974","71-0",-97.575972,38.014167,202.6842957,"198-262"
"2946","Harvey",-37.85,NA,1974-03-26,380054097334902,79,0,c(-97.566944, 38.014306),"1974","71-0",-97.566944,38.014306,195.9289551,"132-197"
"2947","Harvey",-35.96,NA,1974-01-17,380113097341402,79,0,c(-97.573611, 38.019583),"1974","71-0",-97.573611,38.019583,198.1156464,"198-262"
"2948","Harvey",-36.53,NA,1974-05-21,380113097341402,79,0,c(-97.573611, 38.019583),"1974","71-0",-97.573611,38.019583,198.1156464,"198-262"
"2949","Harvey",-42,NA,1974-01-17,380054097342201,79,0,c(-97.574583, 38.014722),"1974","71-0",-97.574583,38.014722,200.8865967,"198-262"
"2950","Harvey",-38,NA,1974-05-28,380054097342201,79,0,c(-97.574583, 38.014722),"1974","71-0",-97.574583,38.014722,200.8865967,"198-262"
"2951","Harvey",-36,NA,1974-01-28,380054097334901,79,0,c(-97.565417, 38.014722),"1974","71-0",-97.565417,38.014722,193.8327484,"132-197"
"2952","Harvey",-6.87,"BURRTON",1974-01-03,380048097395202,79,0,c(-97.665786, 38.013989),"1974","71-0",-97.665786,38.013989,142.2989655,"132-197"
"2953","Harvey",-16.1,NA,1974-10-02,380002097374001,79,0,c(-97.628961, 37.999683),"1974","71-0",-97.628961,37.999683,187.2123566,"132-197"
"2954","Harvey",-36.37,NA,1974-08-30,380001097341302,79,0,c(-97.573658, 38.000994),"1974","71-0",-97.573658,38.000994,206.3138885,"198-262"
"2955","Harvey",-33.46,NA,1974-12-30,380001097342101,79,0,c(-97.573889, 37.999722),"1974","71-0",-97.573889,37.999722,206.5306702,"198-262"
"2956","Harvey",-9.12,"Bentley",1974-10-02,380001097313001,79,0,c(-97.526528, 37.999583),"1974","71-0",-97.526528,37.999583,171.8951111,"132-197"
"2957","Harvey",-8.7,"Bentley",1974-12-31,380001097313001,79,0,c(-97.526528, 37.999583),"1974","71-0",-97.526528,37.999583,171.8951111,"132-197"
"2958","Harvey",-38.4,NA,1974-12-31,380001097330001,79,0,c(-97.550139, 37.999583),"1974","71-0",-97.550139,37.999583,195.2329102,"132-197"
"2959","Harvey",-1.65,NA,1974-10-02,380239097395401,79,0,c(-97.665694, 38.043333),"1974","71-0",-97.665694,38.043333,209.4247742,"198-262"
"2960","Harvey",-25.1,NA,1974-07-02,380239097395402,79,0,c(-97.665722, 38.043333),"1974","71-0",-97.665722,38.043333,209.4526215,"198-262"
"2961","Harvey",-5.8,NA,1974-07-02,380146097305701,79,0,c(-97.515833, 38.029444),"1974","71-0",-97.515833,38.029444,140.9445038,"132-197"
"2962","Harvey",-25.28,NA,1974-03-19,380139097341402,79,0,c(-97.573639, 38.0276),"1974","71-0",-97.573639,38.0276,199.0148926,"198-262"
"2963","Harvey",-14.47,NA,1974-12-30,380139097322702,79,0,c(-97.543333, 38.028472),"1974","71-0",-97.543333,38.028472,174.1472931,"132-197"
"2964","McPherson",-8.49,NA,1974-01-10,381115097272101,113,0,c(-97.457836, 38.187388),"1974","71-0",-97.457836,38.187388,20.7491684,"0-65"
"2965","Harvey",-6.26,NA,1974-12-31,380324097341502,79,0,c(-97.573472, 38.057778),"1974","71-0",-97.573472,38.057778,180.4685059,"132-197"
"2966","Harvey",-7.9,NA,1974-07-02,380318097392901,79,0,c(-97.659444, 38.054306),"1974","71-0",-97.659444,38.054306,232.7192535,"198-262"
"2967","Harvey",-32.3,"BURRTON",1974-04-02,380509097394702,79,0,c(-97.665139, 38.086667),"1974","71-0",-97.665139,38.086667,159.9980469,"132-197"
"2968","McPherson",-45.53,NA,1974-01-08,382653097315101,113,0,c(-97.530633, 38.447746),"1974","71-0",-97.530633,38.447746,NA,NA
"2969","McPherson",-82.34,"MCPHERSON NORTH",1974-01-07,382333097420701,113,0,c(-97.703279, 38.392808),"1974","143-72",-97.703279,38.392808,111.6920624,"66-131"
"2970","McPherson",-33.37,"McPherson South",1974-01-11,381504097415701,113,0,c(-97.699423, 38.251392),"1974","71-0",-97.699423,38.251392,172.1206665,"132-197"
"2971","McPherson",-30.67,"McPherson South",1974-01-11,381649097443601,113,0,c(-97.744524, 38.278792),"1974","71-0",-97.744524,38.278792,73.9889069,"66-131"
"2972","McPherson",-11.77,NA,1974-09-10,383630097395501,113,0,c(-97.665889, 38.608038),"1974","71-0",-97.665889,38.608038,NA,NA
"2973","Sedgwick",-13.4,NA,1974-07-29,375230097273702,173,0,c(-97.46375, 37.874583),"1974","71-0",-97.46375,37.874583,153.0676727,"132-197"
"2974","Sedgwick",-12.68,NA,1974-05-22,375230097273703,173,0,c(-97.46375, 37.874583),"1974","71-0",-97.46375,37.874583,153.0676727,"132-197"
"2975","Sedgwick",-10.34,NA,1974-07-02,375204097252701,173,0,c(-97.426806, 37.868472),"1974","71-0",-97.426806,37.868472,106.0070572,"66-131"
"2976","Sedgwick",-9.62,NA,1974-09-20,375210097273703,173,0,c(-97.463056, 37.86875),"1974","71-0",-97.463056,37.86875,153.2390594,"132-197"
"2977","Sedgwick",-9.43,NA,1974-12-23,375210097273703,173,0,c(-97.463056, 37.86875),"1974","71-0",-97.463056,37.86875,153.2390594,"132-197"
"2978","Sedgwick",-13.33,NA,1974-06-21,375039097234201,173,0,c(-97.396011, 37.844006),"1974","71-0",-97.396011,37.844006,64.615242,"0-65"
"2979","Sedgwick",-12.84,NA,1974-04-01,374953097232601,173,0,c(-97.390472, 37.832083),"1974","71-0",-97.390472,37.832083,62.6819725,"0-65"
"2980","Sedgwick",-13.92,NA,1974-12-30,374953097232601,173,0,c(-97.390472, 37.832083),"1974","71-0",-97.390472,37.832083,62.6819725,"0-65"
"2981","Sedgwick",-20,NA,1974-01-17,375348097281901,173,0,c(-97.474306, 37.896806),"1974","71-0",-97.474306,37.896806,154.3774872,"132-197"
"2982","Sedgwick",-18.6,NA,1974-06-24,375348097294201,173,0,c(-97.497917, 37.897778),"1974","71-0",-97.497917,37.897778,170.4191437,"132-197"
"2983","Sedgwick",-19.79,NA,1974-08-19,375348097294201,173,0,c(-97.497917, 37.897778),"1974","71-0",-97.497917,37.897778,170.4191437,"132-197"
"2984","Sedgwick",-18,NA,1974-11-25,375348097295101,173,0,c(-97.499583, 37.897639),"1974","71-0",-97.499583,37.897639,171.552536,"132-197"
"2985","Sedgwick",-9.65,NA,1974-04-02,375316097305501,173,0,c(-97.517639, 37.887917),"1974","71-0",-97.517639,37.887917,192.7696533,"132-197"
"2986","Sedgwick",-16,NA,1974-06-19,375348097292601,173,0,c(-97.492083, 37.8975),"1974","71-0",-97.492083,37.8975,165.5435944,"132-197"
"2987","Sedgwick",-16,NA,1974-09-17,375348097292601,173,0,c(-97.492083, 37.8975),"1974","71-0",-97.492083,37.8975,165.5435944,"132-197"
"2988","Sedgwick",-16,NA,1974-10-18,375348097292601,173,0,c(-97.492083, 37.8975),"1974","71-0",-97.492083,37.8975,165.5435944,"132-197"
"2989","Sedgwick",-19.2,NA,1974-01-17,375348097292602,173,0,c(-97.490417, 37.897639),"1974","71-0",-97.490417,37.897639,164.602478,"132-197"
"2990","Sedgwick",-18,NA,1974-06-19,375348097281901,173,0,c(-97.474306, 37.896806),"1974","71-0",-97.474306,37.896806,154.3774872,"132-197"
"2991","Sedgwick",-9.48,NA,1974-04-01,375303097252701,173,0,c(-97.426806, 37.883472),"1974","71-0",-97.426806,37.883472,98.2698059,"66-131"
"2992","Sedgwick",-9.55,NA,1974-12-30,375303097252701,173,0,c(-97.426806, 37.883472),"1974","71-0",-97.426806,37.883472,98.2698059,"66-131"
"2993","Sedgwick",-12.56,"SEDGWICK",1974-10-18,375256097281101,173,0,c(-97.472639, 37.882639),"1974","71-0",-97.472639,37.882639,157.5292664,"132-197"
"2994","Sedgwick",-12.83,NA,1974-07-02,375256097264001,173,0,c(-97.445694, 37.883056),"1974","71-0",-97.445694,37.883056,119.6131744,"66-131"
"2995","Sedgwick",-13.05,NA,1974-12-30,375256097264001,173,0,c(-97.445694, 37.883056),"1974","71-0",-97.445694,37.883056,119.6131744,"66-131"
"2996","Sedgwick",-5.16,NA,1974-04-03,375256097330501,173,0,c(-97.555278, 37.883056),"1974","71-0",-97.555278,37.883056,157.372406,"132-197"
"2997","Sedgwick",-15.7,"SEDGWICK",1974-02-22,375256097274501,173,0,c(-97.464722, 37.882639),"1974","71-0",-97.464722,37.882639,149.8994598,"132-197"
"2998","Sedgwick",-15.15,"SEDGWICK",1974-07-22,375256097274501,173,0,c(-97.464722, 37.882639),"1974","71-0",-97.464722,37.882639,149.8994598,"132-197"
"2999","Sedgwick",-12.45,"SEDGWICK",1974-12-18,375256097274501,173,0,c(-97.464722, 37.882639),"1974","71-0",-97.464722,37.882639,149.8994598,"132-197"
"3000","Sedgwick",-10.69,NA,1974-12-31,375250097295001,173,0,c(-97.500278, 37.879861),"1974","71-0",-97.500278,37.879861,181.3036652,"132-197"
"3001","Sedgwick",-7.62,NA,1974-05-22,375415097333801,173,0,c(-97.562639, 37.904861),"1974","71-0",-97.562639,37.904861,151.4284821,"132-197"
"3002","Sedgwick",-5.32,NA,1974-12-30,375441097243001,173,0,c(-97.408889, 37.912083),"1974","71-0",-97.408889,37.912083,70.6034393,"66-131"
"3003","Sedgwick",-9.59,NA,1974-12-18,375415097333802,173,0,c(-97.563472, 37.905),"1974","71-0",-97.563472,37.905,150.1082611,"132-197"
"3004","Sedgwick",-10.25,"Patterson",1974-12-31,375356097373601,173,0,c(-97.628889, 37.897917),"1974","71-0",-97.628889,37.897917,181.5634155,"132-197"
"3005","Sedgwick",-6.52,NA,1974-02-22,375355097340302,173,0,c(-97.569444, 37.898056),"1974","71-0",-97.569444,37.898056,134.7022858,"132-197"
"3006","Sedgwick",-15.04,NA,1974-07-02,375355097264001,173,0,c(-97.445694, 37.897917),"1974","71-0",-97.445694,37.897917,111.6428833,"66-131"
"3007","Sedgwick",-16.5,NA,1974-11-20,375348097305601,173,0,c(-97.517361, 37.897639),"1974","71-0",-97.517361,37.897639,188.3402405,"132-197"
"3008","Sedgwick",-11.12,NA,1974-02-25,375355097333001,173,0,c(-97.56, 37.897917),"1974","71-0",-97.56,37.897917,149.7139282,"132-197"
"3009","Sedgwick",-17.8,NA,1974-11-20,375355097281901,173,0,c(-97.475417, 37.897917),"1974","71-0",-97.475417,37.897917,155.1691742,"132-197"
"3010","Sedgwick",-17.24,NA,1974-03-20,375348097305602,173,0,c(-97.518611, 37.896667),"1974","71-0",-97.518611,37.896667,189.8391418,"132-197"
"3011","Sedgwick",-15.93,NA,1974-04-24,375348097305602,173,0,c(-97.518611, 37.896667),"1974","71-0",-97.518611,37.896667,189.8391418,"132-197"
"3012","Harvey",-9.55,NA,1974-10-02,375540097274501,79,0,c(-97.464058, 37.927019),"1974","71-0",-97.464058,37.927019,129.7992096,"66-131"
"3013","Harvey",-23,NA,1974-03-19,375513097295901,79,0,c(-97.50125, 37.920139),"1974","71-0",-97.50125,37.920139,168.3886261,"132-197"
"3014","Harvey",-26,NA,1974-07-30,375513097295901,79,0,c(-97.50125, 37.920139),"1974","71-0",-97.50125,37.920139,168.3886261,"132-197"
"3015","Sedgwick",-22,NA,1974-11-20,375441097303101,173,0,c(-97.51, 37.911944),"1974","71-0",-97.51,37.911944,177.070282,"132-197"
"3016","Sedgwick",-20.88,NA,1974-03-25,375441097341101,173,0,c(-97.572917, 37.912083),"1974","71-0",-97.572917,37.912083,156.8578796,"132-197"
"3017","Sedgwick",-20.76,NA,1974-06-19,375441097341103,173,0,c(-97.573611, 37.912083),"1974","71-0",-97.573611,37.912083,156.271347,"132-197"
"3018","Sedgwick",-19.2,NA,1974-10-18,375441097302301,173,0,c(-97.508333, 37.912222),"1974","71-0",-97.508333,37.912222,176.7022552,"132-197"
"3019","Sedgwick",-18.65,NA,1974-02-19,375441097292601,173,0,c(-97.492083, 37.912222),"1974","71-0",-97.492083,37.912222,165.9233246,"132-197"
"3020","Harvey",-22,NA,1974-02-25,375447097295901,79,0,c(-97.501111, 37.912778),"1974","71-0",-97.501111,37.912778,172.688385,"132-197"
"3021","Sedgwick",-24,NA,1974-01-31,375441097303101,173,0,c(-97.51, 37.911944),"1974","71-0",-97.51,37.911944,177.070282,"132-197"
"3022","Harvey",-13.55,NA,1974-10-02,375625097273701,79,0,c(-97.463611, 37.941389),"1974","71-0",-97.463611,37.941389,114.9226074,"66-131"
"3023","Harvey",-27.23,NA,1974-07-02,375632097295101,79,0,c(-97.500297, 37.941539),"1974","71-0",-97.500297,37.941539,163.3613129,"132-197"
"3024","Harvey",-26.25,NA,1974-08-19,375559097320902,79,0,c(-97.537222, 37.932778),"1974","71-0",-97.537222,37.932778,183.2023315,"132-197"
"3025","Harvey",-24.99,NA,1974-12-31,375625097305601,79,0,c(-97.518611, 37.94125),"1974","71-0",-97.518611,37.94125,168.0631409,"132-197"
"3026","Harvey",-25.63,NA,1974-03-19,375625097310402,79,0,c(-97.520556, 37.939722),"1974","71-0",-97.520556,37.939722,169.1968994,"132-197"
"3027","Harvey",-26.45,NA,1974-04-02,375625097305602,79,0,c(-97.518611, 37.94125),"1974","71-0",-97.518611,37.94125,168.0631409,"132-197"
"3028","Harvey",-27.29,NA,1974-05-22,375559097320901,79,0,c(-97.537778, 37.933472),"1974","71-0",-97.537778,37.933472,183.5943909,"132-197"
"3029","Harvey",-23.86,NA,1974-05-24,375540097320902,79,0,c(-97.537222, 37.926806),"1974","71-0",-97.537222,37.926806,184.7477264,"132-197"
"3030","Harvey",-31.02,NA,1974-01-17,375540097323401,79,0,c(-97.545556, 37.927083),"1974","71-0",-97.545556,37.927083,191.905426,"132-197"
"3031","Harvey",-23.42,NA,1974-10-16,375540097320903,79,0,c(-97.537222, 37.926806),"1974","71-0",-97.537222,37.926806,184.7477264,"132-197"
"3032","Harvey",-21.44,NA,1974-05-22,375540097305602,79,0,c(-97.51875, 37.928639),"1974","71-0",-97.51875,37.928639,167.3563385,"132-197"
"3033","Harvey",-23.44,NA,1974-01-23,375540097303201,79,0,c(-97.510556, 37.926944),"1974","71-0",-97.510556,37.926944,166.8770294,"132-197"
"3034","Harvey",-25.5,"BENTLY",1974-05-22,375540097302301,79,0,c(-97.509028, 37.927361),"1974","71-0",-97.509028,37.927361,166.1634064,"132-197"
"3035","Harvey",-24.5,"BENTLY",1974-10-16,375540097302301,79,0,c(-97.509028, 37.927361),"1974","71-0",-97.509028,37.927361,166.1634064,"132-197"
"3036","Harvey",-19.91,NA,1974-01-03,375724097330701,79,0,c(-97.555278, 37.956111),"1974","71-0",-97.555278,37.956111,196.0875854,"132-197"
"3037","Harvey",-12.1,NA,1974-03-26,375633097364002,79,0,c(-97.610694, 37.941528),"1974","71-0",-97.610694,37.941528,168.1863708,"132-197"
"3038","Harvey",-11.18,NA,1974-11-21,375633097364002,79,0,c(-97.610694, 37.941528),"1974","71-0",-97.610694,37.941528,168.1863708,"132-197"
"3039","Harvey",-9.99,NA,1974-07-30,375652097364002,79,0,c(-97.610556, 37.947361),"1974","71-0",-97.610556,37.947361,177.5899048,"132-197"
"3040","Harvey",-10.2,NA,1974-11-21,375652097364002,79,0,c(-97.610556, 37.947361),"1974","71-0",-97.610556,37.947361,177.5899048,"132-197"
"3041","Harvey",-24.75,NA,1974-03-26,375633097364003,79,0,c(-97.610694, 37.941528),"1974","71-0",-97.610694,37.941528,168.1863708,"132-197"
"3042","Harvey",-24.05,NA,1974-11-21,375633097364003,79,0,c(-97.610694, 37.941528),"1974","71-0",-97.610694,37.941528,168.1863708,"132-197"
"3043","Harvey",-17.12,NA,1974-05-28,375652097364003,79,0,c(-97.610556, 37.947361),"1974","71-0",-97.610556,37.947361,177.5899048,"132-197"
"3044","Harvey",-24.18,NA,1974-06-26,375652097364003,79,0,c(-97.610556, 37.947361),"1974","71-0",-97.610556,37.947361,177.5899048,"132-197"
"3045","Harvey",-25.09,NA,1974-09-26,375633097355003,79,0,c(-97.599861, 37.941528),"1974","71-0",-97.599861,37.941528,186.702179,"132-197"
"3046","Harvey",-9.73,NA,1974-09-18,375652097364001,79,0,c(-97.610694, 37.947778),"1974","71-0",-97.610694,37.947778,178.0439758,"132-197"
"3047","Harvey",-11,NA,1974-06-21,375633097364001,79,0,c(-97.610833, 37.942083),"1974","71-0",-97.610833,37.942083,168.6699066,"132-197"
"3048","Harvey",-12.45,NA,1974-07-22,375633097364001,79,0,c(-97.610833, 37.942083),"1974","71-0",-97.610833,37.942083,168.6699066,"132-197"
"3049","Harvey",-26,NA,1974-04-24,375632097313701,79,0,c(-97.528611, 37.941944),"1974","71-0",-97.528611,37.941944,176.2776031,"132-197"
"3050","Harvey",-25,NA,1974-06-19,375632097313701,79,0,c(-97.528611, 37.941944),"1974","71-0",-97.528611,37.941944,176.2776031,"132-197"
"3051","Harvey",-27.13,NA,1974-12-31,375810097342101,79,0,c(-97.574167, 37.970556),"1974","71-0",-97.574167,37.970556,208.9767761,"198-262"
"3052","Harvey",-28,NA,1974-12-18,375817097321001,79,0,c(-97.537917, 37.970972),"1974","71-0",-97.537917,37.970972,177.3802795,"132-197"
"3053","Harvey",-9.72,NA,1974-06-17,375817097365703,79,0,c(-97.619583, 37.970694),"1974","71-0",-97.619583,37.970694,197.6665955,"132-197"
"3054","Harvey",-10.83,NA,1974-08-19,375817097365703,79,0,c(-97.619583, 37.970694),"1974","71-0",-97.619583,37.970694,197.6665955,"132-197"
"3055","Harvey",-5.98,"PATTERSON",1974-01-03,375811097415502,79,0,c(-97.701806, 37.970417),"1974","71-0",-97.701806,37.970417,181.0225372,"132-197"
"3056","Harvey",-26.88,NA,1974-12-18,375817097321002,79,0,c(-97.537361, 37.972222),"1974","71-0",-97.537361,37.972222,177.3385925,"132-197"
"3057","Harvey",-23.05,NA,1974-10-02,375810097324302,79,0,c(-97.54625, 37.970139),"1974","71-0",-97.54625,37.970139,182.0330048,"132-197"
"3058","Harvey",-19.7,NA,1974-12-30,375810097324302,79,0,c(-97.54625, 37.970139),"1974","71-0",-97.54625,37.970139,182.0330048,"132-197"
"3059","Harvey",-31.22,NA,1974-07-29,375750097330701,79,0,c(-97.555278, 37.964028),"1974","71-0",-97.555278,37.964028,193.1697235,"132-197"
"3060","Harvey",-20.55,NA,1974-09-20,375810097324301,79,0,c(-97.54625, 37.970139),"1974","71-0",-97.54625,37.970139,182.0330048,"132-197"
"3061","Harvey",-19.7,NA,1974-10-21,375810097324301,79,0,c(-97.54625, 37.970139),"1974","71-0",-97.54625,37.970139,182.0330048,"132-197"
"3062","Harvey",-34.5,NA,1974-03-27,375807097330301,79,0,c(-97.554583, 37.97),"1974","71-0",-97.554583,37.97,186.9123077,"132-197"
"3063","Harvey",-32,NA,1974-10-18,375807097330301,79,0,c(-97.554583, 37.97),"1974","71-0",-97.554583,37.97,186.9123077,"132-197"
"3064","Harvey",-41.5,NA,1974-02-27,375843097363301,79,0,c(-97.610694, 37.978611),"1974","71-0",-97.610694,37.978611,202.4698029,"198-262"
"3065","Harvey",-33.08,NA,1974-11-20,375902097334803,79,0,c(-97.565417, 37.984861),"1974","71-0",-97.565417,37.984861,202.7014771,"198-262"
"3066","Harvey",-33,NA,1974-12-17,375843097363301,79,0,c(-97.610694, 37.978611),"1974","71-0",-97.610694,37.978611,202.4698029,"198-262"
"3067","Harvey",-41,NA,1974-01-17,375902097334801,79,0,c(-97.565278, 37.984583),"1974","71-0",-97.565278,37.984583,202.5888824,"198-262"
"3068","Harvey",-38,NA,1974-02-19,375902097334801,79,0,c(-97.565278, 37.984583),"1974","71-0",-97.565278,37.984583,202.5888824,"198-262"
"3069","Harvey",-13.42,NA,1974-06-21,375843097363302,79,0,c(-97.610556, 37.977917),"1974","71-0",-97.610556,37.977917,202.4074707,"198-262"
"3070","Harvey",-40,NA,1974-05-30,375843097363303,79,0,c(-97.610556, 37.977917),"1974","71-0",-97.610556,37.977917,202.4074707,"198-262"
"3071","Harvey",-28.17,NA,1974-10-21,375843097341302,79,0,c(-97.573797, 37.979569),"1974","71-0",-97.573797,37.979569,207.8613434,"198-262"
"3072","Harvey",-27.32,NA,1974-11-25,375843097341302,79,0,c(-97.573797, 37.979569),"1974","71-0",-97.573797,37.979569,207.8613434,"198-262"
"3073","Harvey",-32,NA,1974-10-16,375836097330701,79,0,c(-97.554722, 37.977222),"1974","71-0",-97.554722,37.977222,187.0685425,"132-197"
"3074","Harvey",-30.38,NA,1974-09-18,375843097341301,79,0,c(-97.573194, 37.978472),"1974","71-0",-97.573194,37.978472,207.6274872,"198-262"
"3075","Harvey",-35.71,NA,1974-03-25,375843097321001,79,0,c(-97.537997, 37.978306),"1974","71-0",-97.537997,37.978306,178.8004303,"132-197"
"3076","Harvey",-29.68,NA,1974-05-22,375836097334002,79,0,c(-97.564583, 37.975972),"1974","71-0",-97.564583,37.975972,201.1103516,"198-262"
"3077","Harvey",-50.1,NA,1974-03-25,375935097342103,79,0,c(-97.573889, 37.994167),"1974","71-0",-97.573889,37.994167,208.819046,"198-262"
"3078","Harvey",-44.2,NA,1974-01-03,375955097333201,79,0,c(-97.559217, 37.999483),"1974","71-0",-97.559217,37.999483,207.4181061,"198-262"
"3079","Harvey",-40.5,NA,1974-07-30,380001097341301,79,0,c(-97.573056, 38.000139),"1974","71-0",-97.573056,38.000139,206.3171692,"198-262"
"3080","Reno",-8.31,NA,1974-01-15,375955097551401,155,0,c(-97.920847, 37.99841),"1974","71-0",-97.920847,37.99841,122.1885986,"66-131"
"3081","Harvey",-46,NA,1974-07-26,375935097342101,79,0,c(-97.574444, 37.992917),"1974","71-0",-97.574444,37.992917,208.6991119,"198-262"
"3082","Harvey",-36,NA,1974-11-20,375935097342101,79,0,c(-97.574444, 37.992917),"1974","71-0",-97.574444,37.992917,208.6991119,"198-262"
"3083","Harvey",-32.07,NA,1974-05-21,375903097363303,79,0,c(-97.610556, 37.985),"1974","71-0",-97.610556,37.985,207.0899048,"198-262"
"3084","Harvey",-33.84,NA,1974-09-18,375903097363303,79,0,c(-97.610556, 37.985),"1974","71-0",-97.610556,37.985,207.0899048,"198-262"
"3085","Harvey",-7.84,NA,1974-10-02,375903097383701,79,0,c(-97.647083, 37.985),"1974","71-0",-97.647083,37.985,140.5865173,"132-197"
"3086","Harvey",-6.45,"PATTERSON",1974-10-02,375910097405801,79,0,c(-97.684028, 37.985278),"1974","71-0",-97.684028,37.985278,125.3276443,"66-131"
"3087","Harvey",-34.69,NA,1974-03-19,380113097341402,79,0,c(-97.573611, 38.019583),"1974","71-0",-97.573611,38.019583,198.1156464,"198-262"
"3088","Harvey",-25.25,NA,1974-10-02,380054097351901,79,0,c(-97.591806, 38.014306),"1974","71-0",-97.591806,38.014306,215.8179932,"198-262"
"3089","Harvey",-37,NA,1974-10-16,380054097334901,79,0,c(-97.565417, 38.014722),"1974","71-0",-97.565417,38.014722,193.8327484,"132-197"
"3090","Harvey",-36.85,NA,1974-07-29,380021097341302,79,0,c(-97.573611, 38.005),"1974","71-0",-97.573611,38.005,206.7701111,"198-262"
"3091","Harvey",-16.32,NA,1974-04-02,380002097374001,79,0,c(-97.628961, 37.999683),"1974","71-0",-97.628961,37.999683,187.2123566,"132-197"
"3092","Harvey",-34.44,NA,1974-06-17,380001097341302,79,0,c(-97.573658, 38.000994),"1974","71-0",-97.573658,38.000994,206.3138885,"198-262"
"3093","Harvey",-47.2,NA,1974-07-02,380054097324401,79,0,c(-97.546528, 38.014306),"1974","71-0",-97.546528,38.014306,184.3016815,"132-197"
"3094","Harvey",-59,NA,1974-07-29,380021097341301,79,0,c(-97.573056, 38.00625),"1974","71-0",-97.573056,38.00625,207.2375031,"198-262"
"3095","Harvey",-38.1,NA,1974-12-30,380001097342102,79,0,c(-97.573889, 37.999722),"1974","71-0",-97.573889,37.999722,206.5306702,"198-262"
"3096","Harvey",-39.65,NA,1974-10-02,380001097330001,79,0,c(-97.550139, 37.999583),"1974","71-0",-97.550139,37.999583,195.2329102,"132-197"
"3097","Harvey",0.02,NA,1974-01-03,380239097395401,79,0,c(-97.665694, 38.043333),"1974","+1-10",-97.665694,38.043333,209.4247742,"198-262"
"3098","Reno",-10.17,NA,1974-01-14,380232097510501,155,0,c(-97.851952, 38.042049),"1974","71-0",-97.851952,38.042049,42.1162109,"0-65"
"3099","Harvey",-20.74,NA,1974-10-02,380238097342301,79,0,c(-97.574028, 38.043472),"1974","71-0",-97.574028,38.043472,199.1666412,"198-262"
"3100","Harvey",-11.3,NA,1974-12-30,380239097395403,79,0,c(-97.665694, 38.043333),"1974","71-0",-97.665694,38.043333,209.4247742,"198-262"
"3101","Harvey",-2.21,NA,1974-07-02,380245097372401,79,0,c(-97.624306, 38.043889),"1974","71-0",-97.624306,38.043889,216.2258301,"198-262"
"3102","Harvey",-15.75,NA,1974-07-02,380139097322701,79,0,c(-97.543333, 38.028472),"1974","71-0",-97.543333,38.028472,174.1472931,"132-197"
"3103","Harvey",-13.11,NA,1974-01-16,380528097252601,79,0,c(-97.425838, 38.091152),"1974","71-0",-97.425838,38.091152,23.2747269,"0-65"
"3104","Reno",-10.4,NA,1974-12-16,380601097592501,155,0,c(-97.99081, 38.099361),"1974","71-0",-97.99081,38.099361,51.7759628,"0-65"
"3105","Harvey",-1.15,NA,1974-07-02,380331097354501,79,0,c(-97.597083, 38.058333),"1974","71-0",-97.597083,38.058333,224.3877411,"198-262"
"3106","McPherson",-98.9,"MCPHERSON NORTH",1974-01-07,382518097430501,113,0,c(-97.718953, 38.420487),"1974","143-72",-97.718953,38.420487,89.6252518,"66-131"
"3107","McPherson",-29.58,NA,1974-01-09,381958097272101,113,0,c(-97.455682, 38.332361),"1974","71-0",-97.455682,38.332361,60.450367,"0-65"
"3108","McPherson",-23.1,NA,1974-12-09,383540097552401,113,0,c(-97.923726, 38.594262),"1974","71-0",-97.923726,38.594262,NA,NA
"3109","Sedgwick",-11.54,"Maize",1974-04-01,375210097232601,173,0,c(-97.390542, 37.868658),"1974","71-0",-97.390542,37.868658,40.7858543,"0-65"
"3110","Sedgwick",-8.45,"Maize",1974-07-02,375210097232601,173,0,c(-97.390542, 37.868658),"1974","71-0",-97.390542,37.868658,40.7858543,"0-65"
"3111","Sedgwick",-10.55,"Maize",1974-12-30,375210097232601,173,0,c(-97.390542, 37.868658),"1974","71-0",-97.390542,37.868658,40.7858543,"0-65"
"3112","Sedgwick",-15.13,NA,1974-08-19,375230097273703,173,0,c(-97.46375, 37.874583),"1974","71-0",-97.46375,37.874583,153.0676727,"132-197"
"3113","Sedgwick",-9.53,NA,1974-11-20,375230097273703,173,0,c(-97.46375, 37.874583),"1974","71-0",-97.46375,37.874583,153.0676727,"132-197"
"3114","Sedgwick",-10.85,NA,1974-10-02,375204097252701,173,0,c(-97.426806, 37.868472),"1974","71-0",-97.426806,37.868472,106.0070572,"66-131"
"3115","Sedgwick",-6.07,NA,1974-12-31,375118097285301,173,0,c(-97.4825, 37.854306),"1974","71-0",-97.4825,37.854306,179.1078491,"132-197"
"3116","Sedgwick",-14.15,NA,1974-05-22,375230097273701,173,0,c(-97.463472, 37.875139),"1974","71-0",-97.463472,37.875139,152.6858215,"132-197"
"3117","Sedgwick",-26.75,NA,1974-01-03,375026097351401,173,0,c(-97.591944, 37.839861),"1974","71-0",-97.591944,37.839861,181.41745,"132-197"
"3118","Sedgwick",-26.7,NA,1974-07-02,375026097351401,173,0,c(-97.591944, 37.839861),"1974","71-0",-97.591944,37.839861,181.41745,"132-197"
"3119","Sedgwick",-18.51,NA,1974-09-18,375348097294201,173,0,c(-97.497917, 37.897778),"1974","71-0",-97.497917,37.897778,170.4191437,"132-197"
"3120","Sedgwick",-17.3,NA,1974-11-25,375348097294201,173,0,c(-97.497917, 37.897778),"1974","71-0",-97.497917,37.897778,170.4191437,"132-197"
"3121","Sedgwick",-16.5,NA,1974-05-28,375348097292601,173,0,c(-97.492083, 37.8975),"1974","71-0",-97.492083,37.8975,165.5435944,"132-197"
"3122","Sedgwick",-14,NA,1974-12-18,375348097292601,173,0,c(-97.492083, 37.8975),"1974","71-0",-97.492083,37.8975,165.5435944,"132-197"
"3123","Sedgwick",-21.42,NA,1974-01-28,375329097284501,173,0,c(-97.481806, 37.891111),"1974","71-0",-97.481806,37.891111,160.4235077,"132-197"
"3124","Sedgwick",-8.6,NA,1974-07-02,375303097394001,173,0,c(-97.665139, 37.883333),"1974","71-0",-97.665139,37.883333,134.7962036,"132-197"
"3125","Sedgwick",-10.13,NA,1974-10-02,375303097394001,173,0,c(-97.665139, 37.883333),"1974","71-0",-97.665139,37.883333,134.7962036,"132-197"
"3126","Sedgwick",-9.56,NA,1974-12-30,375303097394001,173,0,c(-97.665139, 37.883333),"1974","71-0",-97.665139,37.883333,134.7962036,"132-197"
"3127","Sedgwick",-21.5,NA,1974-04-30,375348097281901,173,0,c(-97.474306, 37.896806),"1974","71-0",-97.474306,37.896806,154.3774872,"132-197"
"3128","Sedgwick",-18.65,NA,1974-02-22,375329097284502,173,0,c(-97.481944, 37.890556),"1974","71-0",-97.481944,37.890556,160.5657654,"132-197"
"3129","Sedgwick",-16.5,NA,1974-12-23,375348097281901,173,0,c(-97.474306, 37.896806),"1974","71-0",-97.474306,37.896806,154.3774872,"132-197"
"3130","Sedgwick",-3.78,"BENTLY",1974-07-02,375253097315601,173,0,c(-97.536944, 37.883194),"1974","71-0",-97.536944,37.883194,192.1342163,"132-197"
"3131","Sedgwick",-9.23,NA,1974-10-02,375303097252701,173,0,c(-97.426806, 37.883472),"1974","71-0",-97.426806,37.883472,98.2698059,"66-131"
"3132","Sedgwick",-12.5,NA,1974-11-21,375256097281103,173,0,c(-97.471944, 37.883056),"1974","71-0",-97.471944,37.883056,156.7520752,"132-197"
"3133","Sedgwick",-14.22,NA,1974-04-01,375256097264001,173,0,c(-97.445694, 37.883056),"1974","71-0",-97.445694,37.883056,119.6131744,"66-131"
"3134","Sedgwick",-16.02,NA,1974-03-25,375256097281102,173,0,c(-97.471944, 37.883056),"1974","71-0",-97.471944,37.883056,156.7520752,"132-197"
"3135","Sedgwick",-20.78,NA,1974-04-01,375303097284501,173,0,c(-97.481944, 37.883333),"1974","71-0",-97.481944,37.883333,161.9723969,"132-197"
"3136","Sedgwick",-3.21,"BENTLY",1974-01-03,375253097315602,173,0,c(-97.536944, 37.883194),"1974","71-0",-97.536944,37.883194,192.1342163,"132-197"
"3137","Sedgwick",-6.05,NA,1974-07-02,375256097342701,173,0,c(-97.580139, 37.882778),"1974","71-0",-97.580139,37.882778,119.5441437,"66-131"
"3138","Sedgwick",-6.77,NA,1974-12-30,375256097342701,173,0,c(-97.580139, 37.882778),"1974","71-0",-97.580139,37.882778,119.5441437,"66-131"
"3139","Sedgwick",-17.58,NA,1974-02-22,375256097274503,173,0,c(-97.464028, 37.883056),"1974","71-0",-97.464028,37.883056,147.9484253,"132-197"
"3140","Sedgwick",-15.09,NA,1974-09-25,375256097274503,173,0,c(-97.464028, 37.883056),"1974","71-0",-97.464028,37.883056,147.9484253,"132-197"
"3141","Sedgwick",-8.04,NA,1974-01-03,375441097264001,173,0,c(-97.445556, 37.912083),"1974","71-0",-97.445556,37.912083,110.1968765,"66-131"
"3142","Sedgwick",-9.63,NA,1974-04-03,375441097264001,173,0,c(-97.445556, 37.912083),"1974","71-0",-97.445556,37.912083,110.1968765,"66-131"
"3143","Sedgwick",-9.47,NA,1974-11-22,375415097333801,173,0,c(-97.562639, 37.904861),"1974","71-0",-97.562639,37.904861,151.4284821,"132-197"
"3144","Sedgwick",-6.65,NA,1974-04-03,375441097243001,173,0,c(-97.408889, 37.912083),"1974","71-0",-97.408889,37.912083,70.6034393,"66-131"
"3145","Sedgwick",-9.25,NA,1974-02-19,375415097333802,173,0,c(-97.563472, 37.905),"1974","71-0",-97.563472,37.905,150.1082611,"132-197"
"3146","Sedgwick",-9.08,NA,1974-06-21,375415097333802,173,0,c(-97.563472, 37.905),"1974","71-0",-97.563472,37.905,150.1082611,"132-197"
"3147","Sedgwick",-10.42,NA,1974-07-29,375415097333802,173,0,c(-97.563472, 37.905),"1974","71-0",-97.563472,37.905,150.1082611,"132-197"
"3148","Sedgwick",-9.41,NA,1974-09-17,375415097333802,173,0,c(-97.563472, 37.905),"1974","71-0",-97.563472,37.905,150.1082611,"132-197"
"3149","Sedgwick",-9.35,"BENTLY",1974-10-16,375355097340301,173,0,c(-97.56875, 37.898194),"1974","71-0",-97.56875,37.898194,135.2102051,"132-197"
"3150","Sedgwick",-6.32,NA,1974-03-20,375355097340302,173,0,c(-97.569444, 37.898056),"1974","71-0",-97.569444,37.898056,134.7022858,"132-197"
"3151","Sedgwick",-6.94,NA,1974-08-22,375355097340302,173,0,c(-97.569444, 37.898056),"1974","71-0",-97.569444,37.898056,134.7022858,"132-197"
"3152","Sedgwick",-10.14,NA,1974-02-25,375355097333002,173,0,c(-97.560833, 37.897917),"1974","71-0",-97.560833,37.897917,147.6697235,"132-197"
"3153","Sedgwick",-10.12,NA,1974-01-03,375355097264001,173,0,c(-97.445694, 37.897917),"1974","71-0",-97.445694,37.897917,111.6428833,"66-131"
"3154","Sedgwick",-10.5,NA,1974-04-03,375355097320101,173,0,c(-97.536667, 37.898056),"1974","71-0",-97.536667,37.898056,199.0600128,"198-262"
"3155","Sedgwick",-10.15,NA,1974-12-30,375355097320101,173,0,c(-97.536667, 37.898056),"1974","71-0",-97.536667,37.898056,199.0600128,"198-262"
"3156","Sedgwick",-11.09,NA,1974-03-20,375355097333001,173,0,c(-97.56, 37.897917),"1974","71-0",-97.56,37.897917,149.7139282,"132-197"
"3157","Sedgwick",-11.15,NA,1974-04-24,375355097333001,173,0,c(-97.56, 37.897917),"1974","71-0",-97.56,37.897917,149.7139282,"132-197"
"3158","Sedgwick",-17.95,NA,1974-12-23,375355097281901,173,0,c(-97.475417, 37.897917),"1974","71-0",-97.475417,37.897917,155.1691742,"132-197"
"3159","Harvey",-2.8,NA,1974-10-02,375448097405502,79,0,c(-97.683889, 37.9125),"1974","71-0",-97.683889,37.9125,223.9418488,"198-262"
"3160","Harvey",-19.48,NA,1974-06-24,375513097295902,79,0,c(-97.500556, 37.921528),"1974","71-0",-97.500556,37.921528,166.5668335,"132-197"
"3161","Harvey",-8.81,NA,1974-01-03,375540097274501,79,0,c(-97.464058, 37.927019),"1974","71-0",-97.464058,37.927019,129.7992096,"66-131"
"3162","Sedgwick",-23.96,NA,1974-05-24,375441097341101,173,0,c(-97.572917, 37.912083),"1974","71-0",-97.572917,37.912083,156.8578796,"132-197"
"3163","Sedgwick",-8.1,NA,1974-03-25,375441097341102,173,0,c(-97.573611, 37.912083),"1974","71-0",-97.573611,37.912083,156.271347,"132-197"
"3164","Harvey",-23.92,NA,1974-04-29,375447097295902,79,0,c(-97.502778, 37.912361),"1974","71-0",-97.502778,37.912361,173.4440918,"132-197"
"3165","Sedgwick",-21.74,NA,1974-01-17,375441097341103,173,0,c(-97.573611, 37.912083),"1974","71-0",-97.573611,37.912083,156.271347,"132-197"
"3166","Harvey",-11.78,NA,1974-04-01,375447097273701,79,0,c(-97.463714, 37.912403),"1974","71-0",-97.463714,37.912403,145.5947266,"132-197"
"3167","Harvey",-9.72,NA,1974-10-02,375447097273701,79,0,c(-97.463714, 37.912403),"1974","71-0",-97.463714,37.912403,145.5947266,"132-197"
"3168","Sedgwick",-19.77,NA,1974-08-19,375441097302301,173,0,c(-97.508333, 37.912222),"1974","71-0",-97.508333,37.912222,176.7022552,"132-197"
"3169","Sedgwick",-18.66,NA,1974-11-20,375441097302301,173,0,c(-97.508333, 37.912222),"1974","71-0",-97.508333,37.912222,176.7022552,"132-197"
"3170","Sedgwick",-19.35,NA,1974-09-17,375441097310401,173,0,c(-97.519167, 37.912222),"1974","71-0",-97.519167,37.912222,181.5503998,"132-197"
"3171","Sedgwick",-18.79,NA,1974-10-16,375441097310401,173,0,c(-97.519167, 37.912222),"1974","71-0",-97.519167,37.912222,181.5503998,"132-197"
"3172","Harvey",-27.3,NA,1974-01-03,375632097295101,79,0,c(-97.500297, 37.941539),"1974","71-0",-97.500297,37.941539,163.3613129,"132-197"
"3173","Harvey",-13.4,NA,1974-10-02,375632097284501,79,0,c(-97.481944, 37.941528),"1974","71-0",-97.481944,37.941528,146.184906,"132-197"
"3174","Harvey",-13.12,NA,1974-12-30,375632097284501,79,0,c(-97.481944, 37.941528),"1974","71-0",-97.481944,37.941528,146.184906,"132-197"
"3175","Harvey",-24.53,NA,1974-10-16,375625097310402,79,0,c(-97.520556, 37.939722),"1974","71-0",-97.520556,37.939722,169.1968994,"132-197"
"3176","Harvey",-5.46,NA,1974-01-03,375540097362301,79,0,c(-97.610278, 37.927083),"1974","71-0",-97.610278,37.927083,157.9362183,"132-197"
"3177","Harvey",-24.12,NA,1974-12-18,375540097323401,79,0,c(-97.545556, 37.927083),"1974","71-0",-97.545556,37.927083,191.905426,"132-197"
"3178","Harvey",-4.68,NA,1974-12-31,375540097394101,79,0,c(-97.665139, 37.927083),"1974","71-0",-97.665139,37.927083,169.3360901,"132-197"
"3179","Harvey",-22.32,NA,1974-08-19,375540097303201,79,0,c(-97.510556, 37.926944),"1974","71-0",-97.510556,37.926944,166.8770294,"132-197"
"3180","Harvey",-21.17,NA,1974-10-16,375540097303201,79,0,c(-97.510556, 37.926944),"1974","71-0",-97.510556,37.926944,166.8770294,"132-197"
"3181","Harvey",-27,"BENTLY",1974-06-26,375540097302301,79,0,c(-97.509028, 37.927361),"1974","71-0",-97.509028,37.927361,166.1634064,"132-197"
"3182","Harvey",-29,NA,1974-09-17,375744097330701,79,0,c(-97.554722, 37.962778),"1974","71-0",-97.554722,37.962778,193.5212402,"132-197"
"3183","Harvey",-2.56,"PATTERSON",1974-01-03,375725097404802,79,0,c(-97.683889, 37.95625),"1974","71-0",-97.683889,37.95625,141.0480194,"132-197"
"3184","Harvey",-22,NA,1974-11-20,375658097320201,79,0,c(-97.536528, 37.951111),"1974","71-0",-97.536528,37.951111,179.8032074,"132-197"
"3185","Reno",-4.3,"PATTERSON",1974-10-02,375728097425701,155,0,c(-97.720139, 37.95625),"1974","71-0",-97.720139,37.95625,228.5601959,"198-262"
"3186","Harvey",-12.7,NA,1974-07-02,375718097320201,79,0,c(-97.537083, 37.955694),"1974","71-0",-97.537083,37.955694,179.0117493,"132-197"
"3187","Harvey",-18.74,NA,1974-04-02,375724097310501,79,0,c(-97.520417, 37.956944),"1974","71-0",-97.520417,37.956944,162.9845276,"132-197"
"3188","Harvey",-10.54,NA,1974-02-27,375652097364002,79,0,c(-97.610556, 37.947361),"1974","71-0",-97.610556,37.947361,177.5899048,"132-197"
"3189","Harvey",-14.12,NA,1974-05-21,375633097355002,79,0,c(-97.599861, 37.941528),"1974","71-0",-97.599861,37.941528,186.702179,"132-197"
"3190","Harvey",-20.73,NA,1974-08-19,375633097364003,79,0,c(-97.610694, 37.941528),"1974","71-0",-97.610694,37.941528,168.1863708,"132-197"
"3191","Harvey",-25.08,NA,1974-10-16,375633097355003,79,0,c(-97.599861, 37.941528),"1974","71-0",-97.599861,37.941528,186.702179,"132-197"
"3192","Harvey",-10.39,NA,1974-06-26,375652097364001,79,0,c(-97.610694, 37.947778),"1974","71-0",-97.610694,37.947778,178.0439758,"132-197"
"3193","Harvey",-24.26,NA,1974-05-22,375632097313702,79,0,c(-97.530278, 37.941528),"1974","71-0",-97.530278,37.941528,177.6005554,"132-197"
"3194","Harvey",-10.48,NA,1974-05-21,375633097364001,79,0,c(-97.610833, 37.942083),"1974","71-0",-97.610833,37.942083,168.6699066,"132-197"
"3195","Harvey",-32,NA,1974-01-28,375817097321001,79,0,c(-97.537917, 37.970972),"1974","71-0",-97.537917,37.970972,177.3802795,"132-197"
"3196","Harvey",-27.5,NA,1974-10-15,375817097363204,79,0,c(-97.610556, 37.970833),"1974","71-0",-97.610556,37.970833,204.9419556,"198-262"
"3197","Harvey",-6.9,"PATTERSON",1974-04-02,375811097415501,79,0,c(-97.701806, 37.970417),"1974","71-0",-97.701806,37.970417,181.0225372,"132-197"
"3198","Harvey",-10.94,NA,1974-01-17,375817097365703,79,0,c(-97.619583, 37.970694),"1974","71-0",-97.619583,37.970694,197.6665955,"132-197"
"3199","Harvey",-11.96,NA,1974-07-30,375817097365703,79,0,c(-97.619583, 37.970694),"1974","71-0",-97.619583,37.970694,197.6665955,"132-197"
"3200","Harvey",-10.86,NA,1974-11-25,375817097365703,79,0,c(-97.619583, 37.970694),"1974","71-0",-97.619583,37.970694,197.6665955,"132-197"
"3201","Harvey",-5.92,"PATTERSON",1974-07-02,375811097415502,79,0,c(-97.701806, 37.970417),"1974","71-0",-97.701806,37.970417,181.0225372,"132-197"
"3202","Harvey",-28.83,NA,1974-08-19,375810097334002,79,0,c(-97.562439, 37.970547),"1974","71-0",-97.562439,37.970547,195.2039337,"132-197"
"3203","Harvey",-10.66,NA,1974-07-02,375817097363201,79,0,c(-97.610556, 37.970833),"1974","71-0",-97.610556,37.970833,204.9419556,"198-262"
"3204","Harvey",-10.81,NA,1974-07-02,375810097284601,79,0,c(-97.482083, 37.970139),"1974","71-0",-97.482083,37.970139,131.2219543,"66-131"
"3205","Harvey",-10.43,NA,1974-01-03,375811097373001,79,0,c(-97.628611, 37.970417),"1974","71-0",-97.628611,37.970417,176.1593933,"132-197"
"3206","Harvey",-28.64,NA,1974-10-16,375750097330701,79,0,c(-97.555278, 37.964028),"1974","71-0",-97.555278,37.964028,193.1697235,"132-197"
"3207","Harvey",-19.36,NA,1974-01-17,375744097321002,79,0,c(-97.538406, 37.962262),"1974","71-0",-97.538406,37.962262,180.384964,"132-197"
"3208","Harvey",-34.98,NA,1974-09-18,375902097334803,79,0,c(-97.565417, 37.984861),"1974","71-0",-97.565417,37.984861,202.7014771,"198-262"
"3209","Harvey",-35,NA,1974-12-23,375902097334801,79,0,c(-97.565278, 37.984583),"1974","71-0",-97.565278,37.984583,202.5888824,"198-262"
"3210","Harvey",-39.59,NA,1974-08-21,375843097363303,79,0,c(-97.610556, 37.977917),"1974","71-0",-97.610556,37.977917,202.4074707,"198-262"
"3211","Harvey",-28.77,NA,1974-02-19,375843097341302,79,0,c(-97.573797, 37.979569),"1974","71-0",-97.573797,37.979569,207.8613434,"198-262"
"3212","Harvey",-28.06,NA,1974-05-22,375843097341302,79,0,c(-97.573797, 37.979569),"1974","71-0",-97.573797,37.979569,207.8613434,"198-262"
"3213","Harvey",-29.15,NA,1974-11-20,375843097321002,79,0,c(-97.537222, 37.979583),"1974","71-0",-97.537222,37.979583,178.8020782,"132-197"
"3214","Harvey",-10.35,NA,1974-01-17,375817097365702,79,0,c(-97.618364, 37.971524),"1974","71-0",-97.618364,37.971524,197.544281,"132-197"
"3215","Harvey",-32.83,NA,1974-12-17,375836097330702,79,0,c(-97.555278, 37.975972),"1974","71-0",-97.555278,37.975972,187.0804138,"132-197"
"3216","Harvey",-33,NA,1974-09-18,375836097330701,79,0,c(-97.554722, 37.977222),"1974","71-0",-97.554722,37.977222,187.0685425,"132-197"
"3217","Reno",-7.37,NA,1974-12-31,375820097452803,155,0,c(-97.759344, 37.97253),"1974","71-0",-97.759344,37.97253,288.8971863,"263-328"
"3218","Harvey",-29.88,NA,1974-06-24,375843097341301,79,0,c(-97.573194, 37.978472),"1974","71-0",-97.573194,37.978472,207.6274872,"198-262"
"3219","Harvey",-28.38,NA,1974-11-25,375843097341301,79,0,c(-97.573194, 37.978472),"1974","71-0",-97.573194,37.978472,207.6274872,"198-262"
"3220","Harvey",-32.36,NA,1974-10-16,375836097334001,79,0,c(-97.564544, 37.977706),"1974","71-0",-97.564544,37.977706,201.1987305,"198-262"
"3221","Harvey",-10.28,NA,1974-11-25,375817097365701,79,0,c(-97.61875, 37.970833),"1974","71-0",-97.61875,37.970833,197.783432,"132-197"
"3222","Harvey",-30.2,NA,1974-07-17,375836097334002,79,0,c(-97.564583, 37.975972),"1974","71-0",-97.564583,37.975972,201.1103516,"198-262"
"3223","Harvey",-32.72,NA,1974-01-17,375935097342102,79,0,c(-97.573889, 37.994167),"1974","71-0",-97.573889,37.994167,208.819046,"198-262"
"3224","Harvey",-32.88,NA,1974-02-19,375903097363303,79,0,c(-97.610556, 37.985),"1974","71-0",-97.610556,37.985,207.0899048,"198-262"
"3225","Harvey",-11.49,NA,1974-04-01,375903097373101,79,0,c(-97.628611, 37.985),"1974","71-0",-97.628611,37.985,181.8722534,"132-197"
"3226","Harvey",-36.74,NA,1974-07-02,375910097352702,79,0,c(-97.592222, 37.985139),"1974","71-0",-97.592222,37.985139,211.90979,"198-262"
"3227","Harvey",-4.68,"PATTERSON",1974-01-03,375910097405801,79,0,c(-97.684028, 37.985278),"1974","71-0",-97.684028,37.985278,125.3276443,"66-131"
"3228","Harvey",-8.29,NA,1974-07-02,375909097300001,79,0,c(-97.500417, 37.985139),"1974","71-0",-97.500417,37.985139,141.1838684,"132-197"
"3229","Harvey",-38.22,NA,1974-05-28,380054097334902,79,0,c(-97.566944, 38.014306),"1974","71-0",-97.566944,38.014306,195.9289551,"132-197"
"3230","Harvey",-35.53,NA,1974-12-23,380113097341402,79,0,c(-97.573611, 38.019583),"1974","71-0",-97.573611,38.019583,198.1156464,"198-262"
"3231","Harvey",-39,NA,1974-02-19,380113097341401,79,0,c(-97.573194, 38.020833),"1974","71-0",-97.573194,38.020833,197.7062836,"132-197"
"3232","Harvey",-43,NA,1974-06-28,380054097342201,79,0,c(-97.574583, 38.014722),"1974","71-0",-97.574583,38.014722,200.8865967,"198-262"
"3233","Harvey",-5.67,"BURRTON",1974-04-02,380048097395201,79,0,c(-97.665786, 38.013989),"1974","71-0",-97.665786,38.013989,142.2989655,"132-197"
"3234","Harvey",-38.5,NA,1974-11-20,380054097334901,79,0,c(-97.565417, 38.014722),"1974","71-0",-97.565417,38.014722,193.8327484,"132-197"
"3235","Harvey",-35.06,NA,1974-02-27,380001097341302,79,0,c(-97.573658, 38.000994),"1974","71-0",-97.573658,38.000994,206.3138885,"198-262"
"3236","Harvey",-34.89,NA,1974-05-21,380001097341302,79,0,c(-97.573658, 38.000994),"1974","71-0",-97.573658,38.000994,206.3138885,"198-262"
"3237","Harvey",-46,NA,1974-03-19,380021097341301,79,0,c(-97.573056, 38.00625),"1974","71-0",-97.573056,38.00625,207.2375031,"198-262"
"3238","Harvey",-47.78,NA,1974-01-03,380001097342102,79,0,c(-97.573889, 37.999722),"1974","71-0",-97.573889,37.999722,206.5306702,"198-262"
"3239","Harvey",-27.2,NA,1974-07-02,380232097352801,79,0,c(-97.592222, 38.043194),"1974","71-0",-97.592222,38.043194,231.9792938,"198-262"
"3240","Harvey",-10.85,"BURRTON",1974-12-31,380146097394501,79,0,c(-97.665615, 38.029287),"1974","71-0",-97.665615,38.029287,176.8172607,"132-197"
"3241","Harvey",-31.21,NA,1974-10-16,380139097341402,79,0,c(-97.573639, 38.0276),"1974","71-0",-97.573639,38.0276,199.0148926,"198-262"
"3242","Harvey",-17.42,"Zimmerdale",1974-01-16,380133097253501,79,0,c(-97.429533, 38.026878),"1974","71-0",-97.429533,38.026878,52.2847939,"0-65"
"3243","Harvey",-8.28,NA,1974-01-16,381016097232301,79,0,c(-97.39129, 38.170863),"1974","71-0",-97.39129,38.170863,6.6082964,"0-65"
"3244","Reno",-5.1,"Hutchinson SE",1974-01-14,380555097473101,155,0,c(-97.793009, 38.099811),"1974","71-0",-97.793009,38.099811,114.5710678,"66-131"
"3245","Reno",-10.38,NA,1974-09-16,380601097592501,155,0,c(-97.99081, 38.099361),"1974","71-0",-97.99081,38.099361,51.7759628,"0-65"
"3246","Harvey",-9.77,"BURRTON",1974-07-02,380331097395401,79,0,c(-97.666097, 38.057803),"1974","71-0",-97.666097,38.057803,247.7623749,"198-262"
"3247","Harvey",-32.39,"BURRTON",1974-01-03,380509097394702,79,0,c(-97.665139, 38.086667),"1974","71-0",-97.665139,38.086667,159.9980469,"132-197"
"3248","McPherson",-9.87,NA,1974-01-09,381807097253201,113,0,c(-97.425652, 38.301477),"1974","71-0",-97.425652,38.301477,60.9541588,"0-65"
"3249","McPherson",-23.34,NA,1974-01-10,382143097353101,113,0,c(-97.591871, 38.361306),"1974","71-0",-97.591871,38.361306,48.0271835,"0-65"
"3250","McPherson",-8.8,NA,1974-12-09,383302097485401,113,0,c(-97.815248, 38.550469),"1974","71-0",-97.815248,38.550469,NA,NA
"3251","Harvey",-16.77,"HALSTEAD",1974-01-16,380653097340801,79,0,c(-97.569461, 38.115873),"1974","71-0",-97.569461,38.115873,54.2307358,"0-65"
"3252","Sedgwick",-15.62,NA,1974-02-27,375230097273703,173,0,c(-97.46375, 37.874583),"1974","71-0",-97.46375,37.874583,153.0676727,"132-197"
"3253","Sedgwick",-13.5,NA,1974-07-30,375210097273701,173,0,c(-97.463472, 37.869306),"1974","71-0",-97.463472,37.869306,153.5754242,"132-197"
"3254","Sedgwick",-10.62,NA,1974-10-16,375210097273701,173,0,c(-97.463472, 37.869306),"1974","71-0",-97.463472,37.869306,153.5754242,"132-197"
"3255","Sedgwick",-15.78,NA,1974-04-02,375204097310301,173,0,c(-97.519167, 37.86875),"1974","71-0",-97.519167,37.86875,200.1208649,"198-262"
"3256","Sedgwick",-13.66,NA,1974-12-31,375204097310301,173,0,c(-97.519167, 37.86875),"1974","71-0",-97.519167,37.86875,200.1208649,"198-262"
"3257","Sedgwick",-10.81,NA,1974-08-26,375210097273702,173,0,c(-97.463056, 37.86875),"1974","71-0",-97.463056,37.86875,153.2390594,"132-197"
"3258","Sedgwick",-9.34,NA,1974-12-23,375210097273702,173,0,c(-97.463056, 37.86875),"1974","71-0",-97.463056,37.86875,153.2390594,"132-197"
"3259","Sedgwick",-5.89,NA,1974-01-03,375118097285301,173,0,c(-97.4825, 37.854306),"1974","71-0",-97.4825,37.854306,179.1078491,"132-197"
"3260","Sedgwick",-14.77,NA,1974-08-19,375230097273701,173,0,c(-97.463472, 37.875139),"1974","71-0",-97.463472,37.875139,152.6858215,"132-197"
"3261","Sedgwick",-11.73,NA,1974-11-20,375230097273701,173,0,c(-97.463472, 37.875139),"1974","71-0",-97.463472,37.875139,152.6858215,"132-197"
"3262","Sedgwick",-10.52,NA,1974-05-24,375210097273703,173,0,c(-97.463056, 37.86875),"1974","71-0",-97.463056,37.86875,153.2390594,"132-197"
"3263","Sedgwick",-15.15,NA,1974-10-21,375039097234201,173,0,c(-97.396011, 37.844006),"1974","71-0",-97.396011,37.844006,64.615242,"0-65"
"3264","Sedgwick",-15.14,NA,1974-12-30,375039097234201,173,0,c(-97.396011, 37.844006),"1974","71-0",-97.396011,37.844006,64.615242,"0-65"
"3265","Sedgwick",-9.4,NA,1974-12-30,375118097273701,173,0,c(-97.463611, 37.854306),"1974","71-0",-97.463611,37.854306,157.1630859,"132-197"
"3266","Sedgwick",-26.9,NA,1974-04-03,375026097351401,173,0,c(-97.591944, 37.839861),"1974","71-0",-97.591944,37.839861,181.41745,"132-197"
"3267","Sedgwick",-12.07,NA,1974-07-02,374953097232601,173,0,c(-97.390472, 37.832083),"1974","71-0",-97.390472,37.832083,62.6819725,"0-65"
"3268","Sedgwick",-21,NA,1974-01-21,375348097295101,173,0,c(-97.499583, 37.897639),"1974","71-0",-97.499583,37.897639,171.552536,"132-197"
"3269","Sedgwick",-19,NA,1974-03-20,375348097295101,173,0,c(-97.499583, 37.897639),"1974","71-0",-97.499583,37.897639,171.552536,"132-197"
"3270","Sedgwick",-20,NA,1974-08-19,375348097295101,173,0,c(-97.499583, 37.897639),"1974","71-0",-97.499583,37.897639,171.552536,"132-197"
"3271","Sedgwick",-17,NA,1974-12-18,375348097295101,173,0,c(-97.499583, 37.897639),"1974","71-0",-97.499583,37.897639,171.552536,"132-197"
"3272","Sedgwick",-14.74,NA,1974-12-18,375329097284502,173,0,c(-97.481944, 37.890556),"1974","71-0",-97.481944,37.890556,160.5657654,"132-197"
"3273","Sedgwick",-14.56,NA,1974-05-22,375256097281102,173,0,c(-97.471944, 37.883056),"1974","71-0",-97.471944,37.883056,156.7520752,"132-197"
"3274","Sedgwick",-15.24,NA,1974-09-25,375256097274502,173,0,c(-97.464028, 37.883056),"1974","71-0",-97.464028,37.883056,147.9484253,"132-197"
"3275","Sedgwick",-4.3,"BENTLY",1974-10-02,375253097315602,173,0,c(-97.536944, 37.883194),"1974","71-0",-97.536944,37.883194,192.1342163,"132-197"
"3276","Sedgwick",-21,NA,1974-03-20,375415097285401,173,0,c(-97.483333, 37.904306),"1974","71-0",-97.483333,37.904306,160.4212494,"132-197"
"3277","Sedgwick",-9.03,NA,1974-03-25,375415097333801,173,0,c(-97.562639, 37.904861),"1974","71-0",-97.562639,37.904861,151.4284821,"132-197"
"3278","Sedgwick",-7.95,NA,1974-10-18,375421097341101,173,0,c(-97.573333, 37.906528),"1974","71-0",-97.573333,37.906528,147.5267181,"132-197"
"3279","Sedgwick",-7.91,NA,1974-05-22,375421097341102,173,0,c(-97.573611, 37.905972),"1974","71-0",-97.573611,37.905972,146.3720398,"132-197"
"3280","Sedgwick",-9.65,NA,1974-12-23,375421097341102,173,0,c(-97.573611, 37.905972),"1974","71-0",-97.573611,37.905972,146.3720398,"132-197"
"3281","Sedgwick",-6.06,NA,1974-04-01,375348097341901,173,0,c(-97.57375, 37.897778),"1974","71-0",-97.57375,37.897778,131.564743,"66-131"
"3282","Sedgwick",-20,NA,1974-01-17,375355097284501,173,0,c(-97.481389, 37.89875),"1974","71-0",-97.481389,37.89875,160.0249786,"132-197"
"3283","Sedgwick",-8.1,"BENTLY",1974-03-20,375355097340301,173,0,c(-97.56875, 37.898194),"1974","71-0",-97.56875,37.898194,135.2102051,"132-197"
"3284","Sedgwick",-9.28,NA,1974-12-23,375355097333002,173,0,c(-97.560833, 37.897917),"1974","71-0",-97.560833,37.897917,147.6697235,"132-197"
"3285","Sedgwick",-17.74,NA,1974-08-19,375355097284502,173,0,c(-97.481944, 37.899861),"1974","71-0",-97.481944,37.899861,160.1674652,"132-197"
"3286","Sedgwick",-10.26,NA,1974-01-03,375355097320101,173,0,c(-97.536667, 37.898056),"1974","71-0",-97.536667,37.898056,199.0600128,"198-262"
"3287","Sedgwick",-13.35,NA,1974-10-02,375355097273701,173,0,c(-97.463611, 37.898056),"1974","71-0",-97.463611,37.898056,141.6344757,"132-197"
"3288","Sedgwick",-20.88,NA,1974-01-17,375355097281901,173,0,c(-97.475417, 37.897917),"1974","71-0",-97.475417,37.897917,155.1691742,"132-197"
"3289","Harvey",-4.55,NA,1974-04-01,375447097351601,79,0,c(-97.591806, 37.9125),"1974","71-0",-97.591806,37.9125,145.9445953,"132-197"
"3290","Harvey",-16.33,NA,1974-11-20,375451097291401,79,0,c(-97.490556, 37.912778),"1974","71-0",-97.490556,37.912778,164.1556091,"132-197"
"3291","Sedgwick",-22.86,NA,1974-12-18,375441097341103,173,0,c(-97.573611, 37.912083),"1974","71-0",-97.573611,37.912083,156.271347,"132-197"
"3292","Sedgwick",-20.86,NA,1974-02-19,375441097302301,173,0,c(-97.508333, 37.912222),"1974","71-0",-97.508333,37.912222,176.7022552,"132-197"
"3293","Sedgwick",-20.67,NA,1974-01-29,375441097310401,173,0,c(-97.519167, 37.912222),"1974","71-0",-97.519167,37.912222,181.5503998,"132-197"
"3294","Sedgwick",-20.08,NA,1974-08-21,375441097310401,173,0,c(-97.519167, 37.912222),"1974","71-0",-97.519167,37.912222,181.5503998,"132-197"
"3295","Sedgwick",-17.53,NA,1974-05-28,375441097292601,173,0,c(-97.492083, 37.912222),"1974","71-0",-97.492083,37.912222,165.9233246,"132-197"
"3296","Sedgwick",-16.77,NA,1974-09-17,375441097292601,173,0,c(-97.492083, 37.912222),"1974","71-0",-97.492083,37.912222,165.9233246,"132-197"
"3297","Sedgwick",-15.9,NA,1974-12-31,375441097320901,173,0,c(-97.537222, 37.912083),"1974","71-0",-97.537222,37.912083,193.3445892,"132-197"
"3298","Harvey",-12.58,NA,1974-07-02,375625097273701,79,0,c(-97.463611, 37.941389),"1974","71-0",-97.463611,37.941389,114.9226074,"66-131"
"3299","Harvey",-27.1,NA,1974-12-31,375632097295101,79,0,c(-97.500297, 37.941539),"1974","71-0",-97.500297,37.941539,163.3613129,"132-197"
"3300","Harvey",-26.9,NA,1974-04-26,375559097320902,79,0,c(-97.537222, 37.932778),"1974","71-0",-97.537222,37.932778,183.2023315,"132-197"
"3301","Harvey",-26.06,NA,1974-07-26,375559097320902,79,0,c(-97.537222, 37.932778),"1974","71-0",-97.537222,37.932778,183.2023315,"132-197"
"3302","Harvey",-25.41,NA,1974-04-29,375625097310402,79,0,c(-97.520556, 37.939722),"1974","71-0",-97.520556,37.939722,169.1968994,"132-197"
"3303","Harvey",-27.58,NA,1974-10-16,375559097320903,79,0,c(-97.537222, 37.933889),"1974","71-0",-97.537222,37.933889,182.9288788,"132-197"
"3304","Harvey",-26.49,NA,1974-12-18,375559097320903,79,0,c(-97.537222, 37.933889),"1974","71-0",-97.537222,37.933889,182.9288788,"132-197"
"3305","Harvey",-23.87,NA,1974-07-30,375540097320902,79,0,c(-97.537222, 37.926806),"1974","71-0",-97.537222,37.926806,184.7477264,"132-197"
"3306","Harvey",-22,NA,1974-05-22,375540097305601,79,0,c(-97.518194, 37.927361),"1974","71-0",-97.518194,37.927361,168.0558319,"132-197"
"3307","Harvey",-26,NA,1974-02-19,375540097323403,79,0,c(-97.544306, 37.926944),"1974","71-0",-97.544306,37.926944,191.0853424,"132-197"
"3308","Harvey",-22.9,NA,1974-04-30,375540097303201,79,0,c(-97.510556, 37.926944),"1974","71-0",-97.510556,37.926944,166.8770294,"132-197"
"3309","Harvey",-3.12,"PATTERSON",1974-04-02,375725097404801,79,0,c(-97.683889, 37.95625),"1974","71-0",-97.683889,37.95625,141.0480194,"132-197"
"3310","Harvey",-27.89,NA,1974-06-19,375744097330701,79,0,c(-97.554722, 37.962778),"1974","71-0",-97.554722,37.962778,193.5212402,"132-197"
"3311","Harvey",-13.78,NA,1974-07-02,375718097274501,79,0,c(-97.464028, 37.955972),"1974","71-0",-97.464028,37.955972,117.9823532,"66-131"
"3312","Harvey",-21.46,NA,1974-08-26,375744097321001,79,0,c(-97.537917, 37.962639),"1974","71-0",-97.537917,37.962639,180.1096344,"132-197"
"3313","Harvey",-8.74,NA,1974-12-31,375718097284601,79,0,c(-97.482083, 37.955694),"1974","71-0",-97.482083,37.955694,141.0139771,"132-197"
"3314","Reno",-2.35,"PATTERSON",1974-07-02,375728097425702,155,0,c(-97.720139, 37.95625),"1974","71-0",-97.720139,37.95625,228.5601959,"198-262"
"3315","Harvey",-11.28,NA,1974-09-18,375633097364002,79,0,c(-97.610694, 37.941528),"1974","71-0",-97.610694,37.941528,168.1863708,"132-197"
"3316","Harvey",-25.35,NA,1974-02-19,375633097364003,79,0,c(-97.610694, 37.941528),"1974","71-0",-97.610694,37.941528,168.1863708,"132-197"
"3317","Harvey",-27.27,NA,1974-05-21,375633097355003,79,0,c(-97.599861, 37.941528),"1974","71-0",-97.599861,37.941528,186.702179,"132-197"
"3318","Harvey",-11.6,NA,1974-11-21,375652097364001,79,0,c(-97.610694, 37.947778),"1974","71-0",-97.610694,37.947778,178.0439758,"132-197"
"3319","Harvey",-24.48,NA,1974-06-19,375632097313702,79,0,c(-97.530278, 37.941528),"1974","71-0",-97.530278,37.941528,177.6005554,"132-197"
"3320","Harvey",-11.89,NA,1974-08-19,375633097364001,79,0,c(-97.610833, 37.942083),"1974","71-0",-97.610833,37.942083,168.6699066,"132-197"
"3321","Harvey",-26.9,NA,1974-10-02,375817097274501,79,0,c(-97.464028, 37.970694),"1974","71-0",-97.464028,37.970694,128.7593231,"66-131"
"3322","Harvey",-30,NA,1974-03-27,375817097321001,79,0,c(-97.537917, 37.970972),"1974","71-0",-97.537917,37.970972,177.3802795,"132-197"
"3323","Harvey",-41.31,NA,1974-01-17,375817097363204,79,0,c(-97.610556, 37.970833),"1974","71-0",-97.610556,37.970833,204.9419556,"198-262"
"3324","Harvey",-26.8,NA,1974-12-17,375817097363204,79,0,c(-97.610556, 37.970833),"1974","71-0",-97.610556,37.970833,204.9419556,"198-262"
"3325","Harvey",-12.5,NA,1974-03-29,375817097365703,79,0,c(-97.619583, 37.970694),"1974","71-0",-97.619583,37.970694,197.6665955,"132-197"
"3326","Harvey",-28.25,NA,1974-08-19,375817097321002,79,0,c(-97.537361, 37.972222),"1974","71-0",-97.537361,37.972222,177.3385925,"132-197"
"3327","Harvey",-29.88,NA,1974-08-30,375750097330701,79,0,c(-97.555278, 37.964028),"1974","71-0",-97.555278,37.964028,193.1697235,"132-197"
"3328","Harvey",-28.07,NA,1974-11-20,375750097330701,79,0,c(-97.555278, 37.964028),"1974","71-0",-97.555278,37.964028,193.1697235,"132-197"
"3329","Harvey",-28.18,NA,1974-12-18,375750097330701,79,0,c(-97.555278, 37.964028),"1974","71-0",-97.555278,37.964028,193.1697235,"132-197"
"3330","Harvey",-21.56,NA,1974-07-02,375810097310501,79,0,c(-97.519444, 37.970417),"1974","71-0",-97.519444,37.970417,168.0301666,"132-197"
"3331","Harvey",-32,NA,1974-06-21,375807097330301,79,0,c(-97.554583, 37.97),"1974","71-0",-97.554583,37.97,186.9123077,"132-197"
"3332","Harvey",-20.08,NA,1974-04-24,375744097321002,79,0,c(-97.538406, 37.962262),"1974","71-0",-97.538406,37.962262,180.384964,"132-197"
"3333","Harvey",-18.89,NA,1974-10-16,375744097321002,79,0,c(-97.538406, 37.962262),"1974","71-0",-97.538406,37.962262,180.384964,"132-197"
"3334","Harvey",-18.8,NA,1974-11-20,375744097321002,79,0,c(-97.538406, 37.962262),"1974","71-0",-97.538406,37.962262,180.384964,"132-197"
"3335","Harvey",-36.27,NA,1974-08-30,375902097334803,79,0,c(-97.565417, 37.984861),"1974","71-0",-97.565417,37.984861,202.7014771,"198-262"
"3336","Harvey",-14.39,NA,1974-12-17,375843097363302,79,0,c(-97.610556, 37.977917),"1974","71-0",-97.610556,37.977917,202.4074707,"198-262"
"3337","Harvey",-46.35,NA,1974-03-19,375843097363303,79,0,c(-97.610556, 37.977917),"1974","71-0",-97.610556,37.977917,202.4074707,"198-262"
"3338","Harvey",-28.91,NA,1974-01-17,375843097341302,79,0,c(-97.573797, 37.979569),"1974","71-0",-97.573797,37.979569,207.8613434,"198-262"
"3339","Harvey",-30.27,NA,1974-12-23,375902097334802,79,0,c(-97.566797, 37.985025),"1974","71-0",-97.566797,37.985025,203.3744202,"198-262"
"3340","Harvey",-35.3,NA,1974-08-19,375836097330702,79,0,c(-97.555278, 37.975972),"1974","71-0",-97.555278,37.975972,187.0804138,"132-197"
"3341","Harvey",-36,NA,1974-02-27,375836097330701,79,0,c(-97.554722, 37.977222),"1974","71-0",-97.554722,37.977222,187.0685425,"132-197"
"3342","Harvey",-35,NA,1974-03-29,375836097330701,79,0,c(-97.554722, 37.977222),"1974","71-0",-97.554722,37.977222,187.0685425,"132-197"
"3343","Harvey",-32.83,NA,1974-01-24,375836097334001,79,0,c(-97.564544, 37.977706),"1974","71-0",-97.564544,37.977706,201.1987305,"198-262"
"3344","Harvey",-32.65,NA,1974-07-17,375836097334001,79,0,c(-97.564544, 37.977706),"1974","71-0",-97.564544,37.977706,201.1987305,"198-262"
"3345","Harvey",-39.45,NA,1974-11-20,375935097342103,79,0,c(-97.573889, 37.994167),"1974","71-0",-97.573889,37.994167,208.819046,"198-262"
"3346","Harvey",-10.48,NA,1974-07-02,375955097295201,79,0,c(-97.5, 37.999444),"1974","71-0",-97.5,37.999444,131.4427338,"66-131"
"3347","Harvey",-42.22,NA,1974-10-02,375955097333201,79,0,c(-97.559217, 37.999483),"1974","71-0",-97.559217,37.999483,207.4181061,"198-262"
"3348","Harvey",-26.33,NA,1974-01-03,375955097351901,79,0,c(-97.591806, 37.999444),"1974","71-0",-97.591806,37.999444,218.6835632,"198-262"
"3349","Harvey",-43,NA,1974-04-30,375935097342101,79,0,c(-97.574444, 37.992917),"1974","71-0",-97.574444,37.992917,208.6991119,"198-262"
"3350","Harvey",-18.17,NA,1974-07-02,375909097305701,79,0,c(-97.518472, 37.985278),"1974","71-0",-97.518472,37.985278,167.4144897,"132-197"
"3351","Harvey",-33.5,NA,1974-12-30,375910097352702,79,0,c(-97.592222, 37.985139),"1974","71-0",-97.592222,37.985139,211.90979,"198-262"
"3352","Harvey",-30.23,NA,1974-01-22,375902097341302,79,0,c(-97.57375, 37.983333),"1974","71-0",-97.57375,37.983333,207.2333984,"198-262"
"3353","Harvey",-12.36,NA,1974-01-17,375903097363302,79,0,c(-97.610556, 37.985),"1974","71-0",-97.610556,37.985,207.0899048,"198-262"
"3354","Harvey",-11.71,NA,1974-09-18,375903097363302,79,0,c(-97.610556, 37.985),"1974","71-0",-97.610556,37.985,207.0899048,"198-262"
"3355","Harvey",-10.65,NA,1974-12-30,375909097300001,79,0,c(-97.500417, 37.985139),"1974","71-0",-97.500417,37.985139,141.1838684,"132-197"
"3356","Harvey",-38.08,NA,1974-05-28,380054097342202,79,0,c(-97.575972, 38.014167),"1974","71-0",-97.575972,38.014167,202.6842957,"198-262"
"3357","Harvey",-10.88,NA,1974-04-01,380054097310501,79,0,c(-97.51875, 38.014028),"1974","71-0",-97.51875,38.014028,155.4982452,"132-197"
"3358","Harvey",-44.86,NA,1974-08-19,380054097334902,79,0,c(-97.566944, 38.014306),"1974","71-0",-97.566944,38.014306,195.9289551,"132-197"
"3359","Harvey",-36.94,NA,1974-04-24,380113097341402,79,0,c(-97.573611, 38.019583),"1974","71-0",-97.573611,38.019583,198.1156464,"198-262"
"3360","Harvey",-36.64,NA,1974-10-16,380113097341402,79,0,c(-97.573611, 38.019583),"1974","71-0",-97.573611,38.019583,198.1156464,"198-262"
"3361","Harvey",-56,NA,1974-07-29,380054097342201,79,0,c(-97.574583, 38.014722),"1974","71-0",-97.574583,38.014722,200.8865967,"198-262"
"3362","Harvey",-40.5,NA,1974-08-26,380054097342201,79,0,c(-97.574583, 38.014722),"1974","71-0",-97.574583,38.014722,200.8865967,"198-262"
"3363","Harvey",-39,NA,1974-09-23,380054097342201,79,0,c(-97.574583, 38.014722),"1974","71-0",-97.574583,38.014722,200.8865967,"198-262"
"3364","Harvey",-46,NA,1974-12-17,380054097342201,79,0,c(-97.574583, 38.014722),"1974","71-0",-97.574583,38.014722,200.8865967,"198-262"
"3365","Harvey",-40,NA,1974-06-17,380054097334901,79,0,c(-97.565417, 38.014722),"1974","71-0",-97.565417,38.014722,193.8327484,"132-197"
"3366","Harvey",-33,NA,1974-12-23,380021097341302,79,0,c(-97.573611, 38.005),"1974","71-0",-97.573611,38.005,206.7701111,"198-262"
"3367","Harvey",-15.57,NA,1974-07-02,380002097374001,79,0,c(-97.628961, 37.999683),"1974","71-0",-97.628961,37.999683,187.2123566,"132-197"
"3368","Harvey",-35.1,NA,1974-04-24,380001097341302,79,0,c(-97.573658, 38.000994),"1974","71-0",-97.573658,38.000994,206.3138885,"198-262"
"3369","Harvey",-35.43,NA,1974-09-25,380001097341302,79,0,c(-97.573658, 38.000994),"1974","71-0",-97.573658,38.000994,206.3138885,"198-262"
"3370","Harvey",-44,NA,1974-02-19,380021097341301,79,0,c(-97.573056, 38.00625),"1974","71-0",-97.573056,38.00625,207.2375031,"198-262"
"3371","Harvey",-24.93,NA,1974-01-03,380232097352801,79,0,c(-97.592222, 38.043194),"1974","71-0",-97.592222,38.043194,231.9792938,"198-262"
"3372","Harvey",-2.24,NA,1974-04-02,380226097352801,79,0,c(-97.592222, 38.039722),"1974","71-0",-97.592222,38.039722,226.9227142,"198-262"
"3373","Harvey",-29,NA,1974-05-21,380139097341401,79,0,c(-97.573039, 38.028097),"1974","71-0",-97.573039,38.028097,198.3878479,"198-262"
"3374","Harvey",-24.12,NA,1974-01-03,380146097352001,79,0,c(-97.591944, 38.028889),"1974","71-0",-97.591944,38.028889,211.9853363,"198-262"
"3375","Harvey",-11.33,NA,1974-01-03,380139097322701,79,0,c(-97.543333, 38.028472),"1974","71-0",-97.543333,38.028472,174.1472931,"132-197"
"3376","Reno",-25.17,NA,1974-02-22,380423097522801,155,0,c(-97.875145, 38.073101),"1974","71-0",-97.875145,38.073101,36.2312508,"0-65"
"3377","Harvey",-2.97,NA,1974-01-03,380324097341502,79,0,c(-97.573472, 38.057778),"1974","71-0",-97.573472,38.057778,180.4685059,"132-197"
"3378","Harvey",-3.64,NA,1974-04-02,380324097341502,79,0,c(-97.573472, 38.057778),"1974","71-0",-97.573472,38.057778,180.4685059,"132-197"
"3379","Harvey",-29.53,NA,1974-10-02,380324097352001,79,0,c(-97.590882, 38.056881),"1974","71-0",-97.590882,38.056881,215.8754883,"198-262"
"3380","Reno",-28.17,NA,1974-02-22,380350097522801,155,0,c(-97.874963, 38.063976),"1974","71-0",-97.874963,38.063976,33.0494499,"0-65"
"3381","Harvey",-22.15,NA,1974-01-16,380608097281201,79,0,c(-97.471615, 38.102138),"1974","71-0",-97.471615,38.102138,44.3198853,"0-65"
"3382","Harvey",-33.05,"BURRTON",1974-07-02,380509097394702,79,0,c(-97.665139, 38.086667),"1974","71-0",-97.665139,38.086667,159.9980469,"132-197"
"3383","McPherson",-19.52,NA,1974-06-10,383400097400301,113,0,c(-97.66766, 38.566276),"1974","71-0",-97.66766,38.566276,NA,NA
"3384","Harvey",-24.72,NA,1974-12-31,380140097365901,79,0,c(-97.616389, 38.028611),"1974","71-0",-97.616389,38.028611,214.0660706,"198-262"
"3385","Sedgwick",-13.71,NA,1974-03-29,375230097273702,173,0,c(-97.46375, 37.874583),"1974","71-0",-97.46375,37.874583,153.0676727,"132-197"
"3386","Sedgwick",-13.16,NA,1974-01-17,375230097273703,173,0,c(-97.46375, 37.874583),"1974","71-0",-97.46375,37.874583,153.0676727,"132-197"
"3387","Sedgwick",-3.18,NA,1974-01-03,375210097305501,173,0,c(-97.518889, 37.868889),"1974","71-0",-97.518889,37.868889,200.1388245,"198-262"
"3388","Sedgwick",-11.03,NA,1974-12-18,375230097273703,173,0,c(-97.46375, 37.874583),"1974","71-0",-97.46375,37.874583,153.0676727,"132-197"
"3389","Sedgwick",-11.14,NA,1974-08-26,375210097273701,173,0,c(-97.463472, 37.869306),"1974","71-0",-97.463472,37.869306,153.5754242,"132-197"
"3390","Sedgwick",-14.44,NA,1974-07-01,375204097310301,173,0,c(-97.519167, 37.86875),"1974","71-0",-97.519167,37.86875,200.1208649,"198-262"
"3391","Sedgwick",-10.1,NA,1974-08-26,375210097273703,173,0,c(-97.463056, 37.86875),"1974","71-0",-97.463056,37.86875,153.2390594,"132-197"
"3392","Sedgwick",-10.25,NA,1974-10-02,375111097252701,173,0,c(-97.426806, 37.854028),"1974","71-0",-97.426806,37.854028,120.5000153,"66-131"
"3393","Sedgwick",-14.55,NA,1974-01-21,375039097234201,173,0,c(-97.396011, 37.844006),"1974","71-0",-97.396011,37.844006,64.615242,"0-65"
"3394","Sedgwick",-15.04,NA,1974-04-01,375039097234201,173,0,c(-97.396011, 37.844006),"1974","71-0",-97.396011,37.844006,64.615242,"0-65"
"3395","Sedgwick",-19.1,NA,1974-02-19,375348097294201,173,0,c(-97.497917, 37.897778),"1974","71-0",-97.497917,37.897778,170.4191437,"132-197"
"3396","Sedgwick",-19.85,NA,1974-07-17,375348097294201,173,0,c(-97.497917, 37.897778),"1974","71-0",-97.497917,37.897778,170.4191437,"132-197"
"3397","Sedgwick",-16.07,NA,1974-05-22,375348097302301,173,0,c(-97.508611, 37.897778),"1974","71-0",-97.508611,37.897778,180.6900482,"132-197"
"3398","Sedgwick",-14.22,NA,1974-10-16,375348097302301,173,0,c(-97.508611, 37.897778),"1974","71-0",-97.508611,37.897778,180.6900482,"132-197"
"3399","Sedgwick",-21.48,NA,1974-02-22,375329097284501,173,0,c(-97.481806, 37.891111),"1974","71-0",-97.481806,37.891111,160.4235077,"132-197"
"3400","Sedgwick",-20.59,NA,1974-05-22,375329097284501,173,0,c(-97.481806, 37.891111),"1974","71-0",-97.481806,37.891111,160.4235077,"132-197"
"3401","Sedgwick",-18,NA,1974-11-20,375329097284501,173,0,c(-97.481806, 37.891111),"1974","71-0",-97.481806,37.891111,160.4235077,"132-197"
"3402","Sedgwick",-19,NA,1974-02-19,375348097303101,173,0,c(-97.510278, 37.897639),"1974","71-0",-97.510278,37.897639,182.7517242,"132-197"
"3403","Sedgwick",-15,NA,1974-10-16,375348097303101,173,0,c(-97.510278, 37.897639),"1974","71-0",-97.510278,37.897639,182.7517242,"132-197"
"3404","Sedgwick",-18.47,NA,1974-01-28,375329097284502,173,0,c(-97.481944, 37.890556),"1974","71-0",-97.481944,37.890556,160.5657654,"132-197"
"3405","Sedgwick",-19,NA,1974-09-19,375348097281901,173,0,c(-97.474306, 37.896806),"1974","71-0",-97.474306,37.896806,154.3774872,"132-197"
"3406","Sedgwick",-17,NA,1974-11-20,375348097281901,173,0,c(-97.474306, 37.896806),"1974","71-0",-97.474306,37.896806,154.3774872,"132-197"
"3407","Sedgwick",-13.62,NA,1974-01-03,375256097264001,173,0,c(-97.445694, 37.883056),"1974","71-0",-97.445694,37.883056,119.6131744,"66-131"
"3408","Sedgwick",-14.84,NA,1974-08-19,375256097281102,173,0,c(-97.471944, 37.883056),"1974","71-0",-97.471944,37.883056,156.7520752,"132-197"
"3409","Sedgwick",-13.18,NA,1974-10-18,375256097281102,173,0,c(-97.471944, 37.883056),"1974","71-0",-97.471944,37.883056,156.7520752,"132-197"
"3410","Sedgwick",-20.98,NA,1974-01-03,375303097284501,173,0,c(-97.481944, 37.883333),"1974","71-0",-97.481944,37.883333,161.9723969,"132-197"
"3411","Sedgwick",-3.35,"BENTLY",1974-07-02,375253097315602,173,0,c(-97.536944, 37.883194),"1974","71-0",-97.536944,37.883194,192.1342163,"132-197"
"3412","Sedgwick",-19.57,NA,1974-04-01,375415097295101,173,0,c(-97.500278, 37.905139),"1974","71-0",-97.500278,37.905139,172.8610229,"132-197"
"3413","Sedgwick",-17.6,NA,1974-10-02,375415097295101,173,0,c(-97.500278, 37.905139),"1974","71-0",-97.500278,37.905139,172.8610229,"132-197"
"3414","Sedgwick",-20,NA,1974-01-21,375415097285401,173,0,c(-97.483333, 37.904306),"1974","71-0",-97.483333,37.904306,160.4212494,"132-197"
"3415","Sedgwick",-16,NA,1974-09-17,375415097285401,173,0,c(-97.483333, 37.904306),"1974","71-0",-97.483333,37.904306,160.4212494,"132-197"
"3416","Sedgwick",-18,NA,1974-10-16,375415097285401,173,0,c(-97.483333, 37.904306),"1974","71-0",-97.483333,37.904306,160.4212494,"132-197"
"3417","Sedgwick",-6.15,NA,1974-10-02,375441097243001,173,0,c(-97.408889, 37.912083),"1974","71-0",-97.408889,37.912083,70.6034393,"66-131"
"3418","Sedgwick",-10.06,NA,1974-10-18,375415097333802,173,0,c(-97.563472, 37.905),"1974","71-0",-97.563472,37.905,150.1082611,"132-197"
"3419","Sedgwick",-7.01,NA,1974-01-03,375356097352401,173,0,c(-97.592361, 37.898056),"1974","71-0",-97.592361,37.898056,129.7729797,"66-131"
"3420","Sedgwick",-6.88,NA,1974-07-02,375356097352401,173,0,c(-97.592361, 37.898056),"1974","71-0",-97.592361,37.898056,129.7729797,"66-131"
"3421","Sedgwick",-9.11,"Patterson",1974-01-03,375356097373601,173,0,c(-97.628889, 37.897917),"1974","71-0",-97.628889,37.897917,181.5634155,"132-197"
"3422","Sedgwick",-8.55,"BENTLY",1974-09-18,375355097340301,173,0,c(-97.56875, 37.898194),"1974","71-0",-97.56875,37.898194,135.2102051,"132-197"
"3423","Sedgwick",-5.22,NA,1974-06-26,375355097340302,173,0,c(-97.569444, 37.898056),"1974","71-0",-97.569444,37.898056,134.7022858,"132-197"
"3424","Sedgwick",-6.8,NA,1974-07-29,375355097340302,173,0,c(-97.569444, 37.898056),"1974","71-0",-97.569444,37.898056,134.7022858,"132-197"
"3425","Sedgwick",-17.5,NA,1974-01-17,375355097284502,173,0,c(-97.481944, 37.899861),"1974","71-0",-97.481944,37.899861,160.1674652,"132-197"
"3426","Sedgwick",-20.5,NA,1974-02-27,375348097305601,173,0,c(-97.517361, 37.897639),"1974","71-0",-97.517361,37.897639,188.3402405,"132-197"
"3427","Sedgwick",-12.05,NA,1974-07-24,375355097333001,173,0,c(-97.56, 37.897917),"1974","71-0",-97.56,37.897917,149.7139282,"132-197"
"3428","Sedgwick",-22.36,NA,1974-03-21,375355097281901,173,0,c(-97.475417, 37.897917),"1974","71-0",-97.475417,37.897917,155.1691742,"132-197"
"3429","Harvey",-21.5,NA,1974-04-03,375533097295901,79,0,c(-97.500833, 37.926806),"1974","71-0",-97.500833,37.926806,163.6620178,"132-197"
"3430","Harvey",-2.11,NA,1974-04-02,375448097405502,79,0,c(-97.683889, 37.9125),"1974","71-0",-97.683889,37.9125,223.9418488,"198-262"
"3431","Harvey",-2.68,NA,1974-10-02,375448097405503,79,0,c(-97.683889, 37.9125),"1974","71-0",-97.683889,37.9125,223.9418488,"198-262"
"3432","Harvey",-20.93,NA,1974-01-31,375513097295902,79,0,c(-97.500556, 37.921528),"1974","71-0",-97.500556,37.921528,166.5668335,"132-197"
"3433","Harvey",-20.28,NA,1974-08-19,375513097295902,79,0,c(-97.500556, 37.921528),"1974","71-0",-97.500556,37.921528,166.5668335,"132-197"
"3434","Harvey",-6.13,NA,1974-04-02,375447097332201,79,0,c(-97.559583, 37.9125),"1974","71-0",-97.559583,37.9125,169.9844971,"132-197"
"3435","Harvey",-2.8,NA,1974-04-02,375448097405501,79,0,c(-97.683889, 37.9125),"1974","71-0",-97.683889,37.9125,223.9418488,"198-262"
"3436","Harvey",-3.97,NA,1974-10-02,375448097405501,79,0,c(-97.683889, 37.9125),"1974","71-0",-97.683889,37.9125,223.9418488,"198-262"
"3437","Sedgwick",-22.55,NA,1974-07-17,375441097341101,173,0,c(-97.572917, 37.912083),"1974","71-0",-97.572917,37.912083,156.8578796,"132-197"
"3438","Sedgwick",-7.92,NA,1974-09-20,375441097341102,173,0,c(-97.573611, 37.912083),"1974","71-0",-97.573611,37.912083,156.271347,"132-197"
"3439","Sedgwick",-8.23,NA,1974-12-18,375441097341102,173,0,c(-97.573611, 37.912083),"1974","71-0",-97.573611,37.912083,156.271347,"132-197"
"3440","Harvey",-23.76,NA,1974-02-25,375447097295902,79,0,c(-97.502778, 37.912361),"1974","71-0",-97.502778,37.912361,173.4440918,"132-197"
"3441","Sedgwick",-26.96,NA,1974-05-24,375441097341103,173,0,c(-97.573611, 37.912083),"1974","71-0",-97.573611,37.912083,156.271347,"132-197"
"3442","Harvey",-9.53,NA,1974-12-31,375447097273701,79,0,c(-97.463714, 37.912403),"1974","71-0",-97.463714,37.912403,145.5947266,"132-197"
"3443","Sedgwick",-19.37,NA,1974-06-26,375441097302301,173,0,c(-97.508333, 37.912222),"1974","71-0",-97.508333,37.912222,176.7022552,"132-197"
"3444","Sedgwick",-19.6,NA,1974-07-17,375441097302301,173,0,c(-97.508333, 37.912222),"1974","71-0",-97.508333,37.912222,176.7022552,"132-197"
"3445","Harvey",-20,NA,1974-05-22,375447097295901,79,0,c(-97.501111, 37.912778),"1974","71-0",-97.501111,37.912778,172.688385,"132-197"
"3446","Harvey",-20,NA,1974-07-22,375447097295901,79,0,c(-97.501111, 37.912778),"1974","71-0",-97.501111,37.912778,172.688385,"132-197"
"3447","Harvey",-24,NA,1974-09-17,375625097310401,79,0,c(-97.519444, 37.940833),"1974","71-0",-97.519444,37.940833,168.5564575,"132-197"
"3448","Harvey",-27.23,NA,1974-04-02,375632097295101,79,0,c(-97.500297, 37.941539),"1974","71-0",-97.500297,37.941539,163.3613129,"132-197"
"3449","Harvey",-13.17,NA,1974-07-02,375632097284501,79,0,c(-97.481944, 37.941528),"1974","71-0",-97.481944,37.941528,146.184906,"132-197"
"3450","Harvey",-5.05,NA,1974-12-30,375632097243001,79,0,c(-97.410408, 37.941567),"1974","71-0",-97.410408,37.941567,50.0645599,"0-65"
"3451","Harvey",-26.82,NA,1974-01-03,375625097305602,79,0,c(-97.518611, 37.94125),"1974","71-0",-97.518611,37.94125,168.0631409,"132-197"
"3452","Harvey",-22.5,NA,1974-04-02,375625097331501,79,0,c(-97.555778, 37.941389),"1974","71-0",-97.555778,37.941389,196.0981598,"132-197"
"3453","Harvey",-20.88,NA,1974-12-31,375625097331501,79,0,c(-97.555778, 37.941389),"1974","71-0",-97.555778,37.941389,196.0981598,"132-197"
"3454","Harvey",-5.15,NA,1974-10-02,375540097344401,79,0,c(-97.582917, 37.927083),"1974","71-0",-97.582917,37.927083,188.3638916,"132-197"
"3455","Harvey",-28.45,NA,1974-03-26,375559097320901,79,0,c(-97.537778, 37.933472),"1974","71-0",-97.537778,37.933472,183.5943909,"132-197"
"3456","Harvey",-24.82,NA,1974-03-20,375540097320902,79,0,c(-97.537222, 37.926806),"1974","71-0",-97.537222,37.926806,184.7477264,"132-197"
"3457","Harvey",-23.64,NA,1974-08-22,375540097320902,79,0,c(-97.537222, 37.926806),"1974","71-0",-97.537222,37.926806,184.7477264,"132-197"
"3458","Harvey",-22.88,NA,1974-10-16,375540097320902,79,0,c(-97.537222, 37.926806),"1974","71-0",-97.537222,37.926806,184.7477264,"132-197"
"3459","Harvey",-22.81,NA,1974-11-20,375540097320902,79,0,c(-97.537222, 37.926806),"1974","71-0",-97.537222,37.926806,184.7477264,"132-197"
"3460","Harvey",-28.53,NA,1974-08-19,375540097323401,79,0,c(-97.545556, 37.927083),"1974","71-0",-97.545556,37.927083,191.905426,"132-197"
"3461","Harvey",-23,NA,1974-02-19,375540097305601,79,0,c(-97.518194, 37.927361),"1974","71-0",-97.518194,37.927361,168.0558319,"132-197"
"3462","Harvey",-22.5,NA,1974-08-30,375540097305601,79,0,c(-97.518194, 37.927361),"1974","71-0",-97.518194,37.927361,168.0558319,"132-197"
"3463","Harvey",-31.15,NA,1974-03-20,375540097320903,79,0,c(-97.537222, 37.926806),"1974","71-0",-97.537222,37.926806,184.7477264,"132-197"
"3464","Harvey",-27.22,NA,1974-06-17,375540097320903,79,0,c(-97.537222, 37.926806),"1974","71-0",-97.537222,37.926806,184.7477264,"132-197"
"3465","Harvey",-27.16,NA,1974-09-17,375540097320903,79,0,c(-97.537222, 37.926806),"1974","71-0",-97.537222,37.926806,184.7477264,"132-197"
"3466","Harvey",-25.62,NA,1974-03-19,375540097323402,79,0,c(-97.544306, 37.926944),"1974","71-0",-97.544306,37.926944,191.0853424,"132-197"
"3467","Harvey",-3.22,NA,1974-07-02,375540097394101,79,0,c(-97.665139, 37.927083),"1974","71-0",-97.665139,37.927083,169.3360901,"132-197"
"3468","Harvey",-22.37,NA,1974-01-17,375540097305602,79,0,c(-97.51875, 37.928639),"1974","71-0",-97.51875,37.928639,167.3563385,"132-197"
"3469","Harvey",-23.08,NA,1974-03-25,375540097303201,79,0,c(-97.510556, 37.926944),"1974","71-0",-97.510556,37.926944,166.8770294,"132-197"
"3470","Harvey",-21.61,NA,1974-09-17,375540097303201,79,0,c(-97.510556, 37.926944),"1974","71-0",-97.510556,37.926944,166.8770294,"132-197"
"3471","Harvey",-20.15,NA,1974-12-18,375540097303201,79,0,c(-97.510556, 37.926944),"1974","71-0",-97.510556,37.926944,166.8770294,"132-197"
"3472","Harvey",-29.17,"Bentley",1974-04-24,375540097320901,79,0,c(-97.537238, 37.9268),"1974","71-0",-97.537238,37.9268,184.7672424,"132-197"
"3473","Harvey",-26.34,"Bentley",1974-11-20,375540097320901,79,0,c(-97.537238, 37.9268),"1974","71-0",-97.537238,37.9268,184.7672424,"132-197"
"3474","Harvey",-24.5,"BENTLY",1974-12-18,375540097302301,79,0,c(-97.509028, 37.927361),"1974","71-0",-97.509028,37.927361,166.1634064,"132-197"
"3475","Harvey",-11.83,NA,1974-10-02,375718097373801,79,0,c(-97.629028, 37.955833),"1974","71-0",-97.629028,37.955833,137.369873,"132-197"
"3476","Harvey",-11.82,NA,1974-12-30,375718097373801,79,0,c(-97.629028, 37.955833),"1974","71-0",-97.629028,37.955833,137.369873,"132-197"
"3477","Harvey",-31,NA,1974-04-24,375744097330701,79,0,c(-97.554722, 37.962778),"1974","71-0",-97.554722,37.962778,193.5212402,"132-197"
"3478","Harvey",-28.5,NA,1974-10-16,375744097330701,79,0,c(-97.554722, 37.962778),"1974","71-0",-97.554722,37.962778,193.5212402,"132-197"
"3479","Harvey",-22.46,NA,1974-03-19,375744097321001,79,0,c(-97.537917, 37.962639),"1974","71-0",-97.537917,37.962639,180.1096344,"132-197"
"3480","Reno",-4.08,"PATTERSON",1974-12-31,375728097425701,155,0,c(-97.720139, 37.95625),"1974","71-0",-97.720139,37.95625,228.5601959,"198-262"
"3481","Reno",-2.19,"PATTERSON",1974-01-03,375728097425702,155,0,c(-97.720139, 37.95625),"1974","71-0",-97.720139,37.95625,228.5601959,"198-262"
"3482","Harvey",-21.85,NA,1974-03-27,375633097355001,79,0,c(-97.600694, 37.941667),"1974","71-0",-97.600694,37.941667,185.4037323,"132-197"
"3483","Harvey",-17.55,NA,1974-12-18,375633097355001,79,0,c(-97.600694, 37.941667),"1974","71-0",-97.600694,37.941667,185.4037323,"132-197"
"3484","Harvey",-11.68,NA,1974-07-22,375633097364002,79,0,c(-97.610694, 37.941528),"1974","71-0",-97.610694,37.941528,168.1863708,"132-197"
"3485","Harvey",-14.8,NA,1974-04-24,375633097355002,79,0,c(-97.599861, 37.941528),"1974","71-0",-97.599861,37.941528,186.702179,"132-197"
"3486","Harvey",-13.54,NA,1974-06-17,375633097355002,79,0,c(-97.599861, 37.941528),"1974","71-0",-97.599861,37.941528,186.702179,"132-197"
"3487","Harvey",-28.37,NA,1974-08-23,375633097355003,79,0,c(-97.599861, 37.941528),"1974","71-0",-97.599861,37.941528,186.702179,"132-197"
"3488","Harvey",-11.77,NA,1974-01-17,375652097364001,79,0,c(-97.610694, 37.947778),"1974","71-0",-97.610694,37.947778,178.0439758,"132-197"
"3489","Harvey",-25.7,NA,1974-01-31,375632097313702,79,0,c(-97.530278, 37.941528),"1974","71-0",-97.530278,37.941528,177.6005554,"132-197"
"3490","Harvey",-26.6,NA,1974-07-30,375632097313702,79,0,c(-97.530278, 37.941528),"1974","71-0",-97.530278,37.941528,177.6005554,"132-197"
"3491","Harvey",-11.35,NA,1974-04-24,375633097364001,79,0,c(-97.610833, 37.942083),"1974","71-0",-97.610833,37.942083,168.6699066,"132-197"
"3492","Harvey",-28,NA,1974-06-30,375632097313701,79,0,c(-97.528611, 37.941944),"1974","71-0",-97.528611,37.941944,176.2776031,"132-197"
"3493","Harvey",-24,NA,1974-12-18,375632097313701,79,0,c(-97.528611, 37.941944),"1974","71-0",-97.528611,37.941944,176.2776031,"132-197"
"3494","Harvey",-32.5,NA,1974-07-19,375817097321001,79,0,c(-97.537917, 37.970972),"1974","71-0",-97.537917,37.970972,177.3802795,"132-197"
"3495","Harvey",-9.05,"PATTERSON",1974-12-31,375811097415501,79,0,c(-97.701806, 37.970417),"1974","71-0",-97.701806,37.970417,181.0225372,"132-197"
"3496","Harvey",-11.1,NA,1974-05-22,375817097365703,79,0,c(-97.619583, 37.970694),"1974","71-0",-97.619583,37.970694,197.6665955,"132-197"
"3497","Harvey",-10.93,NA,1974-10-15,375817097365703,79,0,c(-97.619583, 37.970694),"1974","71-0",-97.619583,37.970694,197.6665955,"132-197"
"3498","Harvey",-15.85,NA,1974-08-19,375817097363203,79,0,c(-97.610833, 37.971389),"1974","71-0",-97.610833,37.971389,204.116394,"198-262"
"3499","Harvey",-28.76,NA,1974-03-19,375810097334002,79,0,c(-97.562439, 37.970547),"1974","71-0",-97.562439,37.970547,195.2039337,"132-197"
"3500","Harvey",-26.95,NA,1974-12-17,375810097334002,79,0,c(-97.562439, 37.970547),"1974","71-0",-97.562439,37.970547,195.2039337,"132-197"
"3501","Harvey",-15.4,NA,1974-10-02,375810097284601,79,0,c(-97.482083, 37.970139),"1974","71-0",-97.482083,37.970139,131.2219543,"66-131"
"3502","Harvey",-30.86,NA,1974-03-19,375750097330701,79,0,c(-97.555278, 37.964028),"1974","71-0",-97.555278,37.964028,193.1697235,"132-197"
"3503","Harvey",-31,NA,1974-01-25,375810097334001,79,0,c(-97.563889, 37.970139),"1974","71-0",-97.563889,37.970139,197.6804504,"132-197"
"3504","Harvey",-31,NA,1974-08-19,375810097334001,79,0,c(-97.563889, 37.970139),"1974","71-0",-97.563889,37.970139,197.6804504,"132-197"
"3505","Harvey",-30,NA,1974-10-16,375810097334001,79,0,c(-97.563889, 37.970139),"1974","71-0",-97.563889,37.970139,197.6804504,"132-197"
"3506","Harvey",-33.5,NA,1974-05-22,375902097341301,79,0,c(-97.573194, 37.984583),"1974","71-0",-97.573194,37.984583,206.6734009,"198-262"
"3507","Harvey",-32,NA,1974-10-16,375902097341301,79,0,c(-97.573194, 37.984583),"1974","71-0",-97.573194,37.984583,206.6734009,"198-262"
"3508","Harvey",-42.86,NA,1974-01-21,375843097363303,79,0,c(-97.610556, 37.977917),"1974","71-0",-97.610556,37.977917,202.4074707,"198-262"
"3509","Harvey",-39.63,NA,1974-10-16,375843097363303,79,0,c(-97.610556, 37.977917),"1974","71-0",-97.610556,37.977917,202.4074707,"198-262"
"3510","Harvey",-32.14,NA,1974-09-18,375902097334802,79,0,c(-97.566797, 37.985025),"1974","71-0",-97.566797,37.985025,203.3744202,"198-262"
"3511","Harvey",-33.3,NA,1974-03-25,375843097321002,79,0,c(-97.537222, 37.979583),"1974","71-0",-97.537222,37.979583,178.8020782,"132-197"
"3512","Harvey",-35.2,NA,1974-07-24,375843097321002,79,0,c(-97.537222, 37.979583),"1974","71-0",-97.537222,37.979583,178.8020782,"132-197"
"3513","Harvey",-10.27,NA,1974-11-25,375817097365702,79,0,c(-97.618364, 37.971524),"1974","71-0",-97.618364,37.971524,197.544281,"132-197"
"3514","Harvey",-10.65,NA,1974-12-23,375817097365702,79,0,c(-97.618364, 37.971524),"1974","71-0",-97.618364,37.971524,197.544281,"132-197"
"3515","Reno",-3.98,NA,1974-01-03,375820097452802,155,0,c(-97.757222, 37.971111),"1974","71-0",-97.757222,37.971111,286.983429,"263-328"
"3516","Harvey",-33,NA,1974-11-20,375836097330701,79,0,c(-97.554722, 37.977222),"1974","71-0",-97.554722,37.977222,187.0685425,"132-197"
"3517","Harvey",-29.88,NA,1974-10-21,375843097341301,79,0,c(-97.573194, 37.978472),"1974","71-0",-97.573194,37.978472,207.6274872,"198-262"
"3518","Harvey",-32.71,NA,1974-10-18,375843097321001,79,0,c(-97.537997, 37.978306),"1974","71-0",-97.537997,37.978306,178.8004303,"132-197"
"3519","Harvey",-10.11,NA,1974-04-24,375817097365701,79,0,c(-97.61875, 37.970833),"1974","71-0",-97.61875,37.970833,197.783432,"132-197"
"3520","Harvey",-33.47,NA,1974-08-19,375836097334002,79,0,c(-97.564583, 37.975972),"1974","71-0",-97.564583,37.975972,201.1103516,"198-262"
"3521","Harvey",-40.35,NA,1974-09-18,375935097342103,79,0,c(-97.573889, 37.994167),"1974","71-0",-97.573889,37.994167,208.819046,"198-262"
"3522","Harvey",-31.5,NA,1974-09-18,375903097363301,79,0,c(-97.610694, 37.984583),"1974","71-0",-97.610694,37.984583,206.597702,"198-262"
"3523","Harvey",-6.53,NA,1974-04-01,375903097383701,79,0,c(-97.647083, 37.985),"1974","71-0",-97.647083,37.985,140.5865173,"132-197"
"3524","Harvey",-6.5,NA,1974-07-02,375903097383701,79,0,c(-97.647083, 37.985),"1974","71-0",-97.647083,37.985,140.5865173,"132-197"
"3525","Harvey",-40.26,NA,1974-01-03,375909097273701,79,0,c(-97.463472, 37.985278),"1974","71-0",-97.463472,37.985278,120.2092285,"66-131"
"3526","Harvey",-11.72,NA,1974-11-21,375903097363302,79,0,c(-97.610556, 37.985),"1974","71-0",-97.610556,37.985,207.0899048,"198-262"
"3527","Harvey",-37,NA,1974-03-26,380054097334901,79,0,c(-97.565417, 38.014722),"1974","71-0",-97.565417,38.014722,193.8327484,"132-197"
"3528","Harvey",-6.85,"BURRTON",1974-12-31,380048097395202,79,0,c(-97.665786, 38.013989),"1974","71-0",-97.665786,38.013989,142.2989655,"132-197"
"3529","Harvey",-35.52,NA,1974-08-19,380021097341302,79,0,c(-97.573611, 38.005),"1974","71-0",-97.573611,38.005,206.7701111,"198-262"
"3530","Harvey",-4.88,"PATTERSON",1974-07-02,380002097401702,79,0,c(-97.674453, 37.999842),"1974","71-0",-97.674453,37.999842,120.3934708,"66-131"
"3531","Harvey",-6.47,"PATTERSON",1974-10-02,380002097401702,79,0,c(-97.674453, 37.999842),"1974","71-0",-97.674453,37.999842,120.3934708,"66-131"
"3532","Harvey",-47,NA,1974-04-30,380021097341301,79,0,c(-97.573056, 38.00625),"1974","71-0",-97.573056,38.00625,207.2375031,"198-262"
"3533","Harvey",-7.18,"Bentley",1974-07-02,380001097313001,79,0,c(-97.526528, 37.999583),"1974","71-0",-97.526528,37.999583,171.8951111,"132-197"
"3534","Harvey",-40.65,NA,1974-04-02,380001097330001,79,0,c(-97.550139, 37.999583),"1974","71-0",-97.550139,37.999583,195.2329102,"132-197"
"3535","Harvey",0.55,NA,1974-04-03,380239097395401,79,0,c(-97.665694, 38.043333),"1974","+1-10",-97.665694,38.043333,209.4247742,"198-262"
"3536","Harvey",-26.35,NA,1974-12-30,380232097352801,79,0,c(-97.592222, 38.043194),"1974","71-0",-97.592222,38.043194,231.9792938,"198-262"
"3537","Harvey",-11.25,NA,1974-01-03,380239097395403,79,0,c(-97.665694, 38.043333),"1974","71-0",-97.665694,38.043333,209.4247742,"198-262"
"3538","Harvey",-11.4,"BURRTON",1974-12-31,380146097394502,79,0,c(-97.665556, 38.029167),"1974","71-0",-97.665556,38.029167,176.5262451,"132-197"
"3539","Harvey",-9.36,NA,1974-12-30,380146097305701,79,0,c(-97.515833, 38.029444),"1974","71-0",-97.515833,38.029444,140.9445038,"132-197"
"3540","Harvey",-48.5,NA,1974-07-30,380139097341401,79,0,c(-97.573039, 38.028097),"1974","71-0",-97.573039,38.028097,198.3878479,"198-262"
"3541","Harvey",-25.59,NA,1974-04-01,380146097352001,79,0,c(-97.591944, 38.028889),"1974","71-0",-97.591944,38.028889,211.9853363,"198-262"
"3542","Harvey",-12.43,NA,1974-04-01,380139097322701,79,0,c(-97.543333, 38.028472),"1974","71-0",-97.543333,38.028472,174.1472931,"132-197"
"3543","Harvey",-25.99,NA,1974-06-17,380139097341402,79,0,c(-97.573639, 38.0276),"1974","71-0",-97.573639,38.0276,199.0148926,"198-262"
"3544","Harvey",-5.74,"MOUNDRIDGE",1974-01-16,380742097312801,79,0,c(-97.528066, 38.125035),"1974","71-0",-97.528066,38.125035,45.9938583,"0-65"
"3545","Harvey",-43.8,"Moundridge",1974-01-16,380950097340901,79,0,c(-97.571669, 38.163427),"1974","71-0",-97.571669,38.163427,66.47258,"66-131"
"3546","McPherson",-7.59,NA,1974-01-10,381359097264801,113,0,c(-97.448298, 38.232829),"1974","71-0",-97.448298,38.232829,32.6390228,"0-65"
"3547","McPherson",-20.63,"HALSTEAD NW",1974-01-10,381122097435901,113,0,c(-97.732362, 38.188408),"1974","71-0",-97.732362,38.188408,72.5969849,"66-131"
"3548","Reno",-21.45,NA,1974-01-14,380528097504901,155,0,c(-97.847374, 38.091045),"1974","71-0",-97.847374,38.091045,95.5430756,"66-131"
"3549","Harvey",-31.35,"HALSTEAD",1974-01-16,380443097323701,79,0,c(-97.546197, 38.079442),"1974","71-0",-97.546197,38.079442,109.7026978,"66-131"
"3550","Reno",-17.5,NA,1974-02-22,380331097505701,155,0,c(-97.849739, 38.058422),"1974","71-0",-97.849739,38.058422,49.2553062,"0-65"
"3551","McPherson",-22.27,NA,1974-01-08,382458097311401,113,0,c(-97.520395, 38.415871),"1974","71-0",-97.520395,38.415871,1.5705162,"0-65"
"3552","McPherson",-46.99,"Canton SW",1974-01-09,382110097265601,113,0,c(-97.450213, 38.351641),"1974","71-0",-97.450213,38.351641,63.4339218,"0-65"
"3553","McPherson",-93.5,NA,1974-12-31,382254097402001,113,0,c(-97.672668, 38.381188),"1974","143-72",-97.672668,38.381188,75.5711823,"66-131"
"3554","McPherson",-19.69,NA,1974-01-09,381635097272101,113,0,c(-97.455439, 38.276178),"1974","71-0",-97.455439,38.276178,48.8939209,"0-65"
"3555","McPherson",-44.68,"McPherson South",1974-01-11,381721097415901,113,0,c(-97.699242, 38.287523),"1974","71-0",-97.699242,38.287523,87.004097,"66-131"
"3556","McPherson",-17.08,"LINDSBORG",1974-03-08,383210097442801,113,0,c(-97.741409, 38.535499),"1974","71-0",-97.741409,38.535499,NA,NA
"3557","Harvey",-12.47,"HALSTEAD",1974-10-02,380143097365901,79,0,c(-97.616389, 38.028611),"1974","71-0",-97.616389,38.028611,214.0660706,"198-262"
"3558","Harvey",-25.3,NA,1974-10-02,380140097365901,79,0,c(-97.616389, 38.028611),"1974","71-0",-97.616389,38.028611,214.0660706,"198-262"
"3559","Sedgwick",-12.61,NA,1974-01-17,375230097273702,173,0,c(-97.46375, 37.874583),"1974","71-0",-97.46375,37.874583,153.0676727,"132-197"
"3560","Sedgwick",-9.69,NA,1974-11-20,375230097273702,173,0,c(-97.46375, 37.874583),"1974","71-0",-97.46375,37.874583,153.0676727,"132-197"
"3561","Sedgwick",-12.09,NA,1974-09-17,375230097273703,173,0,c(-97.46375, 37.874583),"1974","71-0",-97.46375,37.874583,153.0676727,"132-197"
"3562","Sedgwick",-11.65,NA,1974-05-24,375210097273701,173,0,c(-97.463472, 37.869306),"1974","71-0",-97.463472,37.869306,153.5754242,"132-197"
"3563","Sedgwick",-10.65,NA,1974-09-20,375210097273701,173,0,c(-97.463472, 37.869306),"1974","71-0",-97.463472,37.869306,153.5754242,"132-197"
"3564","Sedgwick",-10.16,NA,1974-01-03,375204097252701,173,0,c(-97.426806, 37.868472),"1974","71-0",-97.426806,37.868472,106.0070572,"66-131"
"3565","Sedgwick",-11.63,NA,1974-01-23,375210097273702,173,0,c(-97.463056, 37.86875),"1974","71-0",-97.463056,37.86875,153.2390594,"132-197"
"3566","Sedgwick",-6.7,NA,1974-04-02,375118097285301,173,0,c(-97.4825, 37.854306),"1974","71-0",-97.4825,37.854306,179.1078491,"132-197"
"3567","Sedgwick",-15.86,NA,1974-03-29,375230097273701,173,0,c(-97.463472, 37.875139),"1974","71-0",-97.463472,37.875139,152.6858215,"132-197"
"3568","Sedgwick",-26.85,NA,1974-12-30,375026097351401,173,0,c(-97.591944, 37.839861),"1974","71-0",-97.591944,37.839861,181.41745,"132-197"
"3569","Sedgwick",-18.86,NA,1974-05-22,375348097294201,173,0,c(-97.497917, 37.897778),"1974","71-0",-97.497917,37.897778,170.4191437,"132-197"
"3570","Sedgwick",-19.24,NA,1974-02-22,375329097284503,173,0,c(-97.481944, 37.890556),"1974","71-0",-97.481944,37.890556,160.5657654,"132-197"
"3571","Sedgwick",-16.62,NA,1974-02-19,375348097302301,173,0,c(-97.508611, 37.897778),"1974","71-0",-97.508611,37.897778,180.6900482,"132-197"
"3572","Sedgwick",-18,NA,1974-04-24,375348097292601,173,0,c(-97.492083, 37.8975),"1974","71-0",-97.492083,37.8975,165.5435944,"132-197"
"3573","Sedgwick",-17,NA,1974-07-26,375348097303101,173,0,c(-97.510278, 37.897639),"1974","71-0",-97.510278,37.897639,182.7517242,"132-197"
"3574","Sedgwick",-18.94,NA,1974-03-27,375329097284502,173,0,c(-97.481944, 37.890556),"1974","71-0",-97.481944,37.890556,160.5657654,"132-197"
"3575","Sedgwick",-18.28,NA,1974-08-20,375329097284502,173,0,c(-97.481944, 37.890556),"1974","71-0",-97.481944,37.890556,160.5657654,"132-197"
"3576","Sedgwick",-8.27,NA,1974-01-03,375303097252701,173,0,c(-97.426806, 37.883472),"1974","71-0",-97.426806,37.883472,98.2698059,"66-131"
"3577","Sedgwick",-13.73,"SEDGWICK",1974-05-22,375256097281101,173,0,c(-97.472639, 37.882639),"1974","71-0",-97.472639,37.882639,157.5292664,"132-197"
"3578","Sedgwick",-13.03,"SEDGWICK",1974-06-26,375256097281101,173,0,c(-97.472639, 37.882639),"1974","71-0",-97.472639,37.882639,157.5292664,"132-197"
"3579","Sedgwick",-12.22,"SEDGWICK",1974-09-17,375256097281101,173,0,c(-97.472639, 37.882639),"1974","71-0",-97.472639,37.882639,157.5292664,"132-197"
"3580","Sedgwick",-15.3,NA,1974-12-18,375256097274502,173,0,c(-97.464028, 37.883056),"1974","71-0",-97.464028,37.883056,147.9484253,"132-197"
"3581","Sedgwick",-5.85,NA,1974-01-03,375256097342701,173,0,c(-97.580139, 37.882778),"1974","71-0",-97.580139,37.882778,119.5441437,"66-131"
"3582","Sedgwick",-15.85,"SEDGWICK",1974-03-20,375256097274501,173,0,c(-97.464722, 37.882639),"1974","71-0",-97.464722,37.882639,149.8994598,"132-197"
"3583","Sedgwick",-14.51,NA,1974-11-20,375256097274503,173,0,c(-97.464028, 37.883056),"1974","71-0",-97.464028,37.883056,147.9484253,"132-197"
"3584","Sedgwick",-16.29,NA,1974-03-20,375421097285401,173,0,c(-97.482222, 37.905417),"1974","71-0",-97.482222,37.905417,159.4700317,"132-197"
"3585","Sedgwick",-20.5,NA,1974-02-25,375415097285401,173,0,c(-97.483333, 37.904306),"1974","71-0",-97.483333,37.904306,160.4212494,"132-197"
"3586","Sedgwick",-20,NA,1974-04-24,375415097285401,173,0,c(-97.483333, 37.904306),"1974","71-0",-97.483333,37.904306,160.4212494,"132-197"
"3587","Sedgwick",-6.73,NA,1974-01-21,375421097341101,173,0,c(-97.573333, 37.906528),"1974","71-0",-97.573333,37.906528,147.5267181,"132-197"
"3588","Sedgwick",-9.65,"Patterson",1974-04-02,375356097373601,173,0,c(-97.628889, 37.897917),"1974","71-0",-97.628889,37.897917,181.5634155,"132-197"
"3589","Sedgwick",-20.5,NA,1974-03-20,375355097284501,173,0,c(-97.481389, 37.89875),"1974","71-0",-97.481389,37.89875,160.0249786,"132-197"
"3590","Sedgwick",-6.8,NA,1974-09-18,375355097340302,173,0,c(-97.569444, 37.898056),"1974","71-0",-97.569444,37.898056,134.7022858,"132-197"
"3591","Sedgwick",-10.16,NA,1974-09-19,375355097333002,173,0,c(-97.560833, 37.897917),"1974","71-0",-97.560833,37.897917,147.6697235,"132-197"
"3592","Sedgwick",-15.38,NA,1974-01-03,375355097273701,173,0,c(-97.463611, 37.898056),"1974","71-0",-97.463611,37.898056,141.6344757,"132-197"
"3593","Sedgwick",-16.16,NA,1974-04-01,375355097273701,173,0,c(-97.463611, 37.898056),"1974","71-0",-97.463611,37.898056,141.6344757,"132-197"
"3594","Sedgwick",-10.84,NA,1974-11-20,375355097333001,173,0,c(-97.56, 37.897917),"1974","71-0",-97.56,37.897917,149.7139282,"132-197"
"3595","Sedgwick",-17.05,NA,1974-02-27,375348097305602,173,0,c(-97.518611, 37.896667),"1974","71-0",-97.518611,37.896667,189.8391418,"132-197"
"3596","Sedgwick",-15.6,NA,1974-05-29,375348097305602,173,0,c(-97.518611, 37.896667),"1974","71-0",-97.518611,37.896667,189.8391418,"132-197"
"3597","Harvey",-2.21,NA,1974-07-02,375448097405502,79,0,c(-97.683889, 37.9125),"1974","71-0",-97.683889,37.9125,223.9418488,"198-262"
"3598","Harvey",-15.8,NA,1974-04-01,375500097255101,79,0,c(-97.432222, 37.915972),"1974","71-0",-97.432222,37.915972,81.4278488,"66-131"
"3599","Harvey",-14.26,NA,1974-07-02,375540097285401,79,0,c(-97.482222, 37.926944),"1974","71-0",-97.482222,37.926944,153.9262695,"132-197"
"3600","Harvey",-18,NA,1974-11-21,375513097295902,79,0,c(-97.500556, 37.921528),"1974","71-0",-97.500556,37.921528,166.5668335,"132-197"
"3601","Harvey",-23.37,NA,1974-05-22,375447097295902,79,0,c(-97.502778, 37.912361),"1974","71-0",-97.502778,37.912361,173.4440918,"132-197"
"3602","Sedgwick",-20,NA,1974-09-17,375441097305601,173,0,c(-97.5175, 37.911944),"1974","71-0",-97.5175,37.911944,180.4878387,"132-197"
"3603","Sedgwick",-20.9,NA,1974-01-31,375441097302301,173,0,c(-97.508333, 37.912222),"1974","71-0",-97.508333,37.912222,176.7022552,"132-197"
"3604","Sedgwick",-20.65,NA,1974-02-27,375441097310401,173,0,c(-97.519167, 37.912222),"1974","71-0",-97.519167,37.912222,181.5503998,"132-197"
"3605","Harvey",-19,NA,1974-12-23,375447097295901,79,0,c(-97.501111, 37.912778),"1974","71-0",-97.501111,37.912778,172.688385,"132-197"
"3606","Harvey",-26,NA,1974-01-17,375625097310401,79,0,c(-97.519444, 37.940833),"1974","71-0",-97.519444,37.940833,168.5564575,"132-197"
"3607","Harvey",-26,NA,1974-07-22,375625097310401,79,0,c(-97.519444, 37.940833),"1974","71-0",-97.519444,37.940833,168.5564575,"132-197"
"3608","Harvey",-13.62,NA,1974-01-03,375632097284501,79,0,c(-97.481944, 37.941528),"1974","71-0",-97.481944,37.941528,146.184906,"132-197"
"3609","Harvey",-26.79,NA,1974-03-26,375559097320902,79,0,c(-97.537222, 37.932778),"1974","71-0",-97.537222,37.932778,183.2023315,"132-197"
"3610","Harvey",-5.34,NA,1974-07-02,375540097344401,79,0,c(-97.582917, 37.927083),"1974","71-0",-97.582917,37.927083,188.3638916,"132-197"
"3611","Harvey",-5.25,NA,1974-12-31,375540097344401,79,0,c(-97.582917, 37.927083),"1974","71-0",-97.582917,37.927083,188.3638916,"132-197"
"3612","Harvey",-21,NA,1974-10-21,375540097305601,79,0,c(-97.518194, 37.927361),"1974","71-0",-97.518194,37.927361,168.0558319,"132-197"
"3613","Harvey",-2.65,NA,1974-01-03,375540097373701,79,0,c(-97.629722, 37.927361),"1974","71-0",-97.629722,37.927361,155.1646118,"132-197"
"3614","Harvey",-28.65,NA,1974-04-24,375540097320903,79,0,c(-97.537222, 37.926806),"1974","71-0",-97.537222,37.926806,184.7477264,"132-197"
"3615","Harvey",-26.34,NA,1974-01-17,375540097323402,79,0,c(-97.544306, 37.926944),"1974","71-0",-97.544306,37.926944,191.0853424,"132-197"
"3616","Harvey",-2.62,NA,1974-04-02,375540097373701,79,0,c(-97.629722, 37.927361),"1974","71-0",-97.629722,37.927361,155.1646118,"132-197"
"3617","Harvey",-24.53,NA,1974-08-19,375540097323402,79,0,c(-97.544306, 37.926944),"1974","71-0",-97.544306,37.926944,191.0853424,"132-197"
"3618","Harvey",-20.83,NA,1974-06-19,375540097305602,79,0,c(-97.51875, 37.928639),"1974","71-0",-97.51875,37.928639,167.3563385,"132-197"
"3619","Harvey",-22.15,NA,1974-07-31,375540097305602,79,0,c(-97.51875, 37.928639),"1974","71-0",-97.51875,37.928639,167.3563385,"132-197"
"3620","Harvey",-26.08,NA,1974-04-24,375540097323403,79,0,c(-97.544306, 37.926944),"1974","71-0",-97.544306,37.926944,191.0853424,"132-197"
"3621","Harvey",-20.99,NA,1974-11-20,375540097303201,79,0,c(-97.510556, 37.926944),"1974","71-0",-97.510556,37.926944,166.8770294,"132-197"
"3622","Harvey",-26,"BENTLY",1974-11-20,375540097302301,79,0,c(-97.509028, 37.927361),"1974","71-0",-97.509028,37.927361,166.1634064,"132-197"
"3623","Harvey",-20.28,NA,1974-12-18,375658097320202,79,0,c(-97.537083, 37.949861),"1974","71-0",-97.537083,37.949861,180.8988037,"132-197"
"3624","Harvey",-5.32,"PATTERSON",1974-10-02,375725097404801,79,0,c(-97.683889, 37.95625),"1974","71-0",-97.683889,37.95625,141.0480194,"132-197"
"3625","Harvey",-4.95,"PATTERSON",1974-12-31,375725097404801,79,0,c(-97.683889, 37.95625),"1974","71-0",-97.683889,37.95625,141.0480194,"132-197"
"3626","Harvey",-31.5,NA,1974-02-26,375744097330701,79,0,c(-97.554722, 37.962778),"1974","71-0",-97.554722,37.962778,193.5212402,"132-197"
"3627","Harvey",-29,NA,1974-07-30,375744097330701,79,0,c(-97.554722, 37.962778),"1974","71-0",-97.554722,37.962778,193.5212402,"132-197"
"3628","Harvey",-22.46,NA,1974-04-24,375744097321001,79,0,c(-97.537917, 37.962639),"1974","71-0",-97.537917,37.962639,180.1096344,"132-197"
"3629","Harvey",-22.46,NA,1974-07-31,375744097321001,79,0,c(-97.537917, 37.962639),"1974","71-0",-97.537917,37.962639,180.1096344,"132-197"
"3630","Harvey",-22,NA,1974-09-17,375658097320201,79,0,c(-97.536528, 37.951111),"1974","71-0",-97.536528,37.951111,179.8032074,"132-197"
"3631","Harvey",-17.51,NA,1974-06-17,375633097355001,79,0,c(-97.600694, 37.941667),"1974","71-0",-97.600694,37.941667,185.4037323,"132-197"
"3632","Harvey",-17.72,NA,1974-11-25,375633097355001,79,0,c(-97.600694, 37.941667),"1974","71-0",-97.600694,37.941667,185.4037323,"132-197"
"3633","Harvey",-11.76,NA,1974-01-21,375633097364002,79,0,c(-97.610694, 37.941528),"1974","71-0",-97.610694,37.941528,168.1863708,"132-197"
"3634","Harvey",-14.18,NA,1974-11-25,375633097355002,79,0,c(-97.599861, 37.941528),"1974","71-0",-97.599861,37.941528,186.702179,"132-197"
"3635","Harvey",-17.81,NA,1974-04-24,375633097364003,79,0,c(-97.610694, 37.941528),"1974","71-0",-97.610694,37.941528,168.1863708,"132-197"
"3636","Harvey",-19.18,NA,1974-04-29,375652097364003,79,0,c(-97.610556, 37.947361),"1974","71-0",-97.610556,37.947361,177.5899048,"132-197"
"3637","Harvey",-25.78,NA,1974-06-17,375633097355003,79,0,c(-97.599861, 37.941528),"1974","71-0",-97.599861,37.941528,186.702179,"132-197"
"3638","Harvey",-11.39,NA,1974-11-21,375633097364001,79,0,c(-97.610833, 37.942083),"1974","71-0",-97.610833,37.942083,168.6699066,"132-197"
"3639","Harvey",-27.53,NA,1974-12-30,375817097274501,79,0,c(-97.464028, 37.970694),"1974","71-0",-97.464028,37.970694,128.7593231,"66-131"
"3640","Harvey",-28.45,NA,1974-05-21,375817097330701,79,0,c(-97.555278, 37.97125),"1974","71-0",-97.555278,37.97125,186.157074,"132-197"
"3641","Harvey",-28,NA,1974-06-17,375817097321001,79,0,c(-97.537917, 37.970972),"1974","71-0",-97.537917,37.970972,177.3802795,"132-197"
"3642","Harvey",-11.83,NA,1974-07-02,375817097363202,79,0,c(-97.610556, 37.970833),"1974","71-0",-97.610556,37.970833,204.9419556,"198-262"
"3643","Harvey",-11.23,NA,1974-02-19,375817097365703,79,0,c(-97.619583, 37.970694),"1974","71-0",-97.619583,37.970694,197.6665955,"132-197"
"3644","Harvey",-27.57,NA,1974-10-16,375817097321002,79,0,c(-97.537361, 37.972222),"1974","71-0",-97.537361,37.972222,177.3385925,"132-197"
"3645","Harvey",-13.94,NA,1974-01-03,375810097284601,79,0,c(-97.482083, 37.970139),"1974","71-0",-97.482083,37.970139,131.2219543,"66-131"
"3646","Harvey",-28,NA,1974-11-25,375810097334001,79,0,c(-97.563889, 37.970139),"1974","71-0",-97.563889,37.970139,197.6804504,"132-197"
"3647","Harvey",-30,NA,1974-12-17,375810097334001,79,0,c(-97.563889, 37.970139),"1974","71-0",-97.563889,37.970139,197.6804504,"132-197"
"3648","Harvey",-21.52,NA,1974-12-20,375810097324301,79,0,c(-97.54625, 37.970139),"1974","71-0",-97.54625,37.970139,182.0330048,"132-197"
"3649","Harvey",-32,NA,1974-08-30,375807097330301,79,0,c(-97.554583, 37.97),"1974","71-0",-97.554583,37.97,186.9123077,"132-197"
"3650","Harvey",-47,NA,1974-03-19,375843097363301,79,0,c(-97.610694, 37.978611),"1974","71-0",-97.610694,37.978611,202.4698029,"198-262"
"3651","Harvey",-33.92,NA,1974-10-16,375902097334803,79,0,c(-97.565417, 37.984861),"1974","71-0",-97.565417,37.984861,202.7014771,"198-262"
"3652","Harvey",-42.5,NA,1974-07-31,375902097334801,79,0,c(-97.565278, 37.984583),"1974","71-0",-97.565278,37.984583,202.5888824,"198-262"
"3653","Harvey",-34,NA,1974-01-22,375902097341301,79,0,c(-97.573194, 37.984583),"1974","71-0",-97.573194,37.984583,206.6734009,"198-262"
"3654","Harvey",-34.5,NA,1974-02-27,375902097341301,79,0,c(-97.573194, 37.984583),"1974","71-0",-97.573194,37.984583,206.6734009,"198-262"
"3655","Harvey",-35,NA,1974-07-22,375902097341301,79,0,c(-97.573194, 37.984583),"1974","71-0",-97.573194,37.984583,206.6734009,"198-262"
"3656","Harvey",-31.5,NA,1974-11-20,375902097341301,79,0,c(-97.573194, 37.984583),"1974","71-0",-97.573194,37.984583,206.6734009,"198-262"
"3657","Harvey",-28.41,NA,1974-06-24,375843097341302,79,0,c(-97.573797, 37.979569),"1974","71-0",-97.573797,37.979569,207.8613434,"198-262"
"3658","Harvey",-31.9,NA,1974-02-19,375902097334802,79,0,c(-97.566797, 37.985025),"1974","71-0",-97.566797,37.985025,203.3744202,"198-262"
"3659","Harvey",-31.88,NA,1974-03-19,375902097334802,79,0,c(-97.566797, 37.985025),"1974","71-0",-97.566797,37.985025,203.3744202,"198-262"
"3660","Harvey",-30.3,NA,1974-05-24,375843097321002,79,0,c(-97.537222, 37.979583),"1974","71-0",-97.537222,37.979583,178.8020782,"132-197"
"3661","Harvey",-32.97,NA,1974-06-24,375843097321002,79,0,c(-97.537222, 37.979583),"1974","71-0",-97.537222,37.979583,178.8020782,"132-197"
"3662","Harvey",-36,NA,1974-08-19,375836097330701,79,0,c(-97.554722, 37.977222),"1974","71-0",-97.554722,37.977222,187.0685425,"132-197"
"3663","Harvey",-30.88,NA,1974-02-19,375843097341301,79,0,c(-97.573194, 37.978472),"1974","71-0",-97.573194,37.978472,207.6274872,"198-262"
"3664","Harvey",-29.88,NA,1974-04-24,375843097341301,79,0,c(-97.573194, 37.978472),"1974","71-0",-97.573194,37.978472,207.6274872,"198-262"
"3665","Harvey",-32.5,NA,1974-11-20,375836097334001,79,0,c(-97.564544, 37.977706),"1974","71-0",-97.564544,37.977706,201.1987305,"198-262"
"3666","Harvey",-7.21,NA,1974-01-03,375817097383701,79,0,c(-97.647083, 37.970694),"1974","71-0",-97.647083,37.970694,123.4976883,"66-131"
"3667","Harvey",-41.94,NA,1974-05-22,375935097342103,79,0,c(-97.573889, 37.994167),"1974","71-0",-97.573889,37.994167,208.819046,"198-262"
"3668","Harvey",-42.23,NA,1974-08-19,375935097342103,79,0,c(-97.573889, 37.994167),"1974","71-0",-97.573889,37.994167,208.819046,"198-262"
"3669","Harvey",-14.87,NA,1974-10-02,375955097295201,79,0,c(-97.5, 37.999444),"1974","71-0",-97.5,37.999444,131.4427338,"66-131"
"3670","Harvey",-38.5,NA,1974-02-27,380001097341301,79,0,c(-97.573056, 38.000139),"1974","71-0",-97.573056,38.000139,206.3171692,"198-262"
"3671","Harvey",-38,NA,1974-03-26,380001097341301,79,0,c(-97.573056, 38.000139),"1974","71-0",-97.573056,38.000139,206.3171692,"198-262"
"3672","Harvey",-37.5,NA,1974-05-21,380001097341301,79,0,c(-97.573056, 38.000139),"1974","71-0",-97.573056,38.000139,206.3171692,"198-262"
"3673","Harvey",-30.5,NA,1974-06-24,375903097363301,79,0,c(-97.610694, 37.984583),"1974","71-0",-97.610694,37.984583,206.597702,"198-262"
"3674","Harvey",-22.5,NA,1974-11-21,375903097363301,79,0,c(-97.610694, 37.984583),"1974","71-0",-97.610694,37.984583,206.597702,"198-262"
"3675","Harvey",-10.86,NA,1974-10-02,375903097373101,79,0,c(-97.628611, 37.985),"1974","71-0",-97.628611,37.985,181.8722534,"132-197"
"3676","Harvey",-4.52,"PATTERSON",1974-07-02,375910097405801,79,0,c(-97.684028, 37.985278),"1974","71-0",-97.684028,37.985278,125.3276443,"66-131"
"3677","Harvey",-41.83,NA,1974-10-02,375909097273701,79,0,c(-97.463472, 37.985278),"1974","71-0",-97.463472,37.985278,120.2092285,"66-131"
"3678","Harvey",-29.9,NA,1974-04-24,375902097341302,79,0,c(-97.57375, 37.983333),"1974","71-0",-97.57375,37.983333,207.2333984,"198-262"
"3679","Harvey",-29.33,NA,1974-10-16,375902097341302,79,0,c(-97.57375, 37.983333),"1974","71-0",-97.57375,37.983333,207.2333984,"198-262"
"3680","Harvey",-6.03,"PATTERSON",1974-10-02,375910097405802,79,0,c(-97.684028, 37.985278),"1974","71-0",-97.684028,37.985278,125.3276443,"66-131"
"3681","Reno",-4.4,"Haven",1974-01-15,375915097471301,155,0,c(-97.789139, 37.988731),"1974","71-0",-97.789139,37.988731,282.1482544,"263-328"
"3682","Harvey",-42.58,NA,1974-04-24,380054097342202,79,0,c(-97.575972, 38.014167),"1974","71-0",-97.575972,38.014167,202.6842957,"198-262"
"3683","Harvey",-10.4,NA,1974-07-02,380054097310501,79,0,c(-97.51875, 38.014028),"1974","71-0",-97.51875,38.014028,155.4982452,"132-197"
"3684","Harvey",-38.32,NA,1974-02-19,380054097334902,79,0,c(-97.566944, 38.014306),"1974","71-0",-97.566944,38.014306,195.9289551,"132-197"
"3685","Harvey",-44.73,NA,1974-06-17,380054097334902,79,0,c(-97.566944, 38.014306),"1974","71-0",-97.566944,38.014306,195.9289551,"132-197"
"3686","Harvey",-10.51,NA,1974-04-01,380054097320301,79,0,c(-97.536528, 38.014167),"1974","71-0",-97.536528,38.014167,180.6872253,"132-197"
"3687","Harvey",-12.8,NA,1974-10-02,380054097320301,79,0,c(-97.536528, 38.014167),"1974","71-0",-97.536528,38.014167,180.6872253,"132-197"
"3688","Harvey",-25.25,NA,1974-07-02,380054097351901,79,0,c(-97.591806, 38.014306),"1974","71-0",-97.591806,38.014306,215.8179932,"198-262"
"3689","Harvey",-42,NA,1974-12-23,380113097341401,79,0,c(-97.573194, 38.020833),"1974","71-0",-97.573194,38.020833,197.7062836,"132-197"
"3690","Harvey",-5.07,"BURRTON",1974-07-02,380048097395201,79,0,c(-97.665786, 38.013989),"1974","71-0",-97.665786,38.013989,142.2989655,"132-197"
"3691","Harvey",-16.08,NA,1974-12-31,380002097374001,79,0,c(-97.628961, 37.999683),"1974","71-0",-97.628961,37.999683,187.2123566,"132-197"
"3692","Harvey",-35.17,NA,1974-03-26,380001097341302,79,0,c(-97.573658, 38.000994),"1974","71-0",-97.573658,38.000994,206.3138885,"198-262"
"3693","Harvey",-5.25,"PATTERSON",1974-04-02,380002097401702,79,0,c(-97.674453, 37.999842),"1974","71-0",-97.674453,37.999842,120.3934708,"66-131"
"3694","Harvey",-20.24,NA,1974-10-02,380001097330002,79,0,c(-97.550139, 37.999583),"1974","71-0",-97.550139,37.999583,195.2329102,"132-197"
"3695","Harvey",-20.18,NA,1974-12-31,380001097330002,79,0,c(-97.550139, 37.999583),"1974","71-0",-97.550139,37.999583,195.2329102,"132-197"
"3696","Harvey",-25.52,NA,1974-04-03,380239097395402,79,0,c(-97.665722, 38.043333),"1974","71-0",-97.665722,38.043333,209.4526215,"198-262"
"3697","Harvey",-26.05,NA,1974-12-30,380239097395402,79,0,c(-97.665722, 38.043333),"1974","71-0",-97.665722,38.043333,209.4526215,"198-262"
"3698","Harvey",-5.85,NA,1974-12-31,380245097372401,79,0,c(-97.624306, 38.043889),"1974","71-0",-97.624306,38.043889,216.2258301,"198-262"
"3699","Harvey",-12.7,NA,1974-10-02,380139097322702,79,0,c(-97.543333, 38.028472),"1974","71-0",-97.543333,38.028472,174.1472931,"132-197"
"3700","Harvey",-24.26,"HALSTEAD NW",1974-01-15,380838097400501,79,0,c(-97.668975, 38.143273),"1974","71-0",-97.668975,38.143273,164.9097137,"132-197"
"3701","Harvey",-3.79,"Halstead",1974-01-15,380601097363601,79,0,c(-97.612491, 38.100548),"1974","71-0",-97.612491,38.100548,98.185257,"66-131"
"3702","Reno",-9.1,NA,1974-07-02,380601097592501,155,0,c(-97.99081, 38.099361),"1974","71-0",-97.99081,38.099361,51.7759628,"0-65"
"3703","Harvey",-30.16,"Halstead",1974-01-16,380318097364301,79,0,c(-97.615149, 38.054104),"1974","71-0",-97.615149,38.054104,220.0258789,"198-262"
"3704","Harvey",-37.95,"BURRTON",1974-10-02,380509097394701,79,0,c(-97.665139, 38.086667),"1974","71-0",-97.665139,38.086667,159.9980469,"132-197"
"3705","Reno",-23.33,NA,1974-02-22,380331097515502,155,0,c(-97.865669, 38.058437),"1974","71-0",-97.865669,38.058437,37.6322403,"0-65"
"3706","McPherson",-36.07,"MCPHERSON SOUTH",1974-01-11,381609097400301,113,0,c(-97.6688, 38.271456),"1974","71-0",-97.6688,38.271456,81.6099854,"66-131"
"3707","McPherson",-46.99,NA,1974-01-09,382116097264701,113,0,c(-97.44648, 38.354302),"1974","71-0",-97.44648,38.354302,61.553688,"0-65"
"3708","McPherson",-63.53,NA,1974-01-08,382126097384501,113,0,c(-97.646132, 38.356789),"1974","71-0",-97.646132,38.356789,56.8056259,"0-65"
"3709","McPherson",-8.4,NA,1974-09-10,383302097485401,113,0,c(-97.815248, 38.550469),"1974","71-0",-97.815248,38.550469,NA,NA
"3710","McPherson",-20.2,NA,1974-03-08,383400097400301,113,0,c(-97.66766, 38.566276),"1974","71-0",-97.66766,38.566276,NA,NA
"3711","McPherson",-23.34,NA,1974-09-10,383400097400301,113,0,c(-97.66766, 38.566276),"1974","71-0",-97.66766,38.566276,NA,NA
"3712","Harvey",-24.28,NA,1974-04-02,380140097365901,79,0,c(-97.616389, 38.028611),"1974","71-0",-97.616389,38.028611,214.0660706,"198-262"
"3713","Sedgwick",-10.73,NA,1974-09-17,375230097273702,173,0,c(-97.46375, 37.874583),"1974","71-0",-97.46375,37.874583,153.0676727,"132-197"
"3714","Sedgwick",-14.02,NA,1974-10-02,375204097310301,173,0,c(-97.519167, 37.86875),"1974","71-0",-97.519167,37.86875,200.1208649,"198-262"
"3715","Sedgwick",-11.47,NA,1974-02-19,375210097273702,173,0,c(-97.463056, 37.86875),"1974","71-0",-97.463056,37.86875,153.2390594,"132-197"
"3716","Sedgwick",-3.75,"Colwich",1974-01-03,375204097320001,173,0,c(-97.537149, 37.868669),"1974","71-0",-97.537149,37.868669,181.9004822,"132-197"
"3717","Sedgwick",-7.2,NA,1974-04-02,375118097285303,173,0,c(-97.4825, 37.854306),"1974","71-0",-97.4825,37.854306,179.1078491,"132-197"
"3718","Sedgwick",-12.26,NA,1974-12-18,375230097273701,173,0,c(-97.463472, 37.875139),"1974","71-0",-97.463472,37.875139,152.6858215,"132-197"
"3719","Sedgwick",-12.16,NA,1974-03-20,375210097273703,173,0,c(-97.463056, 37.86875),"1974","71-0",-97.463056,37.86875,153.2390594,"132-197"
"3720","Sedgwick",-15.35,NA,1974-04-19,375039097234201,173,0,c(-97.396011, 37.844006),"1974","71-0",-97.396011,37.844006,64.615242,"0-65"
"3721","Sedgwick",-9.61,NA,1974-07-02,375118097273701,173,0,c(-97.463611, 37.854306),"1974","71-0",-97.463611,37.854306,157.1630859,"132-197"
"3722","Sedgwick",-13.59,NA,1974-10-02,374953097232601,173,0,c(-97.390472, 37.832083),"1974","71-0",-97.390472,37.832083,62.6819725,"0-65"
"3723","Sedgwick",-20,NA,1974-07-17,375348097295101,173,0,c(-97.499583, 37.897639),"1974","71-0",-97.499583,37.897639,171.552536,"132-197"
"3724","Sedgwick",-19,NA,1974-02-25,375348097292601,173,0,c(-97.492083, 37.8975),"1974","71-0",-97.492083,37.8975,165.5435944,"132-197"
"3725","Sedgwick",-19.5,NA,1974-03-21,375348097292601,173,0,c(-97.492083, 37.8975),"1974","71-0",-97.492083,37.8975,165.5435944,"132-197"
"3726","Sedgwick",-18.23,NA,1974-10-21,375329097284501,173,0,c(-97.481806, 37.891111),"1974","71-0",-97.481806,37.891111,160.4235077,"132-197"
"3727","Sedgwick",-17.73,NA,1974-05-28,375348097292602,173,0,c(-97.490417, 37.897639),"1974","71-0",-97.490417,37.897639,164.602478,"132-197"
"3728","Sedgwick",-17.2,NA,1974-09-17,375348097292602,173,0,c(-97.490417, 37.897639),"1974","71-0",-97.490417,37.897639,164.602478,"132-197"
"3729","Sedgwick",-15.92,NA,1974-10-18,375348097292602,173,0,c(-97.490417, 37.897639),"1974","71-0",-97.490417,37.897639,164.602478,"132-197"
"3730","Sedgwick",-16.34,NA,1974-11-20,375348097292602,173,0,c(-97.490417, 37.897639),"1974","71-0",-97.490417,37.897639,164.602478,"132-197"
"3731","Sedgwick",-14,NA,1974-11-20,375348097303101,173,0,c(-97.510278, 37.897639),"1974","71-0",-97.510278,37.897639,182.7517242,"132-197"
"3732","Sedgwick",-21,NA,1974-07-22,375348097281901,173,0,c(-97.474306, 37.896806),"1974","71-0",-97.474306,37.896806,154.3774872,"132-197"
"3733","Sedgwick",-15.41,"SEDGWICK",1974-03-25,375256097281101,173,0,c(-97.472639, 37.882639),"1974","71-0",-97.472639,37.882639,157.5292664,"132-197"
"3734","Sedgwick",-15.4,NA,1974-02-19,375256097281103,173,0,c(-97.471944, 37.883056),"1974","71-0",-97.471944,37.883056,156.7520752,"132-197"
"3735","Sedgwick",-13.53,NA,1974-06-26,375256097281103,173,0,c(-97.471944, 37.883056),"1974","71-0",-97.471944,37.883056,156.7520752,"132-197"
"3736","Sedgwick",-14.76,NA,1974-08-19,375256097281103,173,0,c(-97.471944, 37.883056),"1974","71-0",-97.471944,37.883056,156.7520752,"132-197"
"3737","Sedgwick",-13.05,NA,1974-10-18,375256097281103,173,0,c(-97.471944, 37.883056),"1974","71-0",-97.471944,37.883056,156.7520752,"132-197"
"3738","Sedgwick",-6.4,NA,1974-12-30,375256097330501,173,0,c(-97.555278, 37.883056),"1974","71-0",-97.555278,37.883056,157.372406,"132-197"
"3739","Sedgwick",-17.16,NA,1974-01-17,375256097274502,173,0,c(-97.464028, 37.883056),"1974","71-0",-97.464028,37.883056,147.9484253,"132-197"
"3740","Sedgwick",-15.31,NA,1974-06-19,375256097274503,173,0,c(-97.464028, 37.883056),"1974","71-0",-97.464028,37.883056,147.9484253,"132-197"
"3741","Sedgwick",-14.53,NA,1974-12-18,375256097274503,173,0,c(-97.464028, 37.883056),"1974","71-0",-97.464028,37.883056,147.9484253,"132-197"
"3742","Sedgwick",-10.85,NA,1974-10-02,375250097295001,173,0,c(-97.500278, 37.879861),"1974","71-0",-97.500278,37.879861,181.3036652,"132-197"
"3743","Sedgwick",-16,NA,1974-04-24,375421097285401,173,0,c(-97.482222, 37.905417),"1974","71-0",-97.482222,37.905417,159.4700317,"132-197"
"3744","Sedgwick",-9.07,NA,1974-10-02,375441097264001,173,0,c(-97.445556, 37.912083),"1974","71-0",-97.445556,37.912083,110.1968765,"66-131"
"3745","Sedgwick",-17.5,NA,1974-06-19,375415097285401,173,0,c(-97.483333, 37.904306),"1974","71-0",-97.483333,37.904306,160.4212494,"132-197"
"3746","Sedgwick",-21,NA,1974-07-31,375415097285401,173,0,c(-97.483333, 37.904306),"1974","71-0",-97.483333,37.904306,160.4212494,"132-197"
"3747","Sedgwick",-9.5,NA,1974-06-21,375415097333801,173,0,c(-97.562639, 37.904861),"1974","71-0",-97.562639,37.904861,151.4284821,"132-197"
"3748","Sedgwick",-8.25,NA,1974-12-31,375356097352401,173,0,c(-97.592361, 37.898056),"1974","71-0",-97.592361,37.898056,129.7729797,"66-131"
"3749","Sedgwick",-14.11,NA,1974-11-20,375348097305602,173,0,c(-97.518611, 37.896667),"1974","71-0",-97.518611,37.896667,189.8391418,"132-197"
"3750","Sedgwick",-16,NA,1974-04-01,375355097264001,173,0,c(-97.445694, 37.897917),"1974","71-0",-97.445694,37.897917,111.6428833,"66-131"
"3751","Sedgwick",-13.03,NA,1974-12-31,375355097273701,173,0,c(-97.463611, 37.898056),"1974","71-0",-97.463611,37.898056,141.6344757,"132-197"
"3752","Sedgwick",-11.04,NA,1974-10-16,375355097333001,173,0,c(-97.56, 37.897917),"1974","71-0",-97.56,37.897917,149.7139282,"132-197"
"3753","Sedgwick",-16.24,NA,1974-08-30,375348097305602,173,0,c(-97.518611, 37.896667),"1974","71-0",-97.518611,37.896667,189.8391418,"132-197"
"3754","Harvey",-4.3,NA,1974-01-03,375447097351601,79,0,c(-97.591806, 37.9125),"1974","71-0",-97.591806,37.9125,145.9445953,"132-197"
"3755","Harvey",-5.25,NA,1974-12-30,375447097351601,79,0,c(-97.591806, 37.9125),"1974","71-0",-97.591806,37.9125,145.9445953,"132-197"
"3756","Sedgwick",-21.04,NA,1974-03-29,375441097310401,173,0,c(-97.519167, 37.912222),"1974","71-0",-97.519167,37.912222,181.5503998,"132-197"
"3757","Sedgwick",-18.59,NA,1974-08-25,375441097292601,173,0,c(-97.492083, 37.912222),"1974","71-0",-97.492083,37.912222,165.9233246,"132-197"
"3758","Sedgwick",-15.33,NA,1974-12-18,375441097292601,173,0,c(-97.492083, 37.912222),"1974","71-0",-97.492083,37.912222,165.9233246,"132-197"
"3759","Harvey",-21,NA,1974-01-17,375447097295901,79,0,c(-97.501111, 37.912778),"1974","71-0",-97.501111,37.912778,172.688385,"132-197"
"3760","Harvey",-19.5,NA,1974-10-18,375447097295901,79,0,c(-97.501111, 37.912778),"1974","71-0",-97.501111,37.912778,172.688385,"132-197"
"3761","Sedgwick",-20.5,NA,1974-05-22,375441097303101,173,0,c(-97.51, 37.911944),"1974","71-0",-97.51,37.911944,177.070282,"132-197"
"3762","Sedgwick",-18,NA,1974-06-26,375441097303101,173,0,c(-97.51, 37.911944),"1974","71-0",-97.51,37.911944,177.070282,"132-197"
"3763","Harvey",-25,NA,1974-04-29,375625097310401,79,0,c(-97.519444, 37.940833),"1974","71-0",-97.519444,37.940833,168.5564575,"132-197"
"3764","Harvey",-24.5,NA,1974-05-24,375625097310401,79,0,c(-97.519444, 37.940833),"1974","71-0",-97.519444,37.940833,168.5564575,"132-197"
"3765","Harvey",-34.1,NA,1974-07-26,375559097320903,79,0,c(-97.537222, 37.933889),"1974","71-0",-97.537222,37.933889,182.9288788,"132-197"
"3766","Harvey",-22.18,NA,1974-01-03,375625097331501,79,0,c(-97.555778, 37.941389),"1974","71-0",-97.555778,37.941389,196.0981598,"132-197"
"3767","Harvey",-21.39,NA,1974-10-02,375625097331501,79,0,c(-97.555778, 37.941389),"1974","71-0",-97.555778,37.941389,196.0981598,"132-197"
"3768","Harvey",-23.8,NA,1974-10-16,375559097320901,79,0,c(-97.537778, 37.933472),"1974","71-0",-97.537778,37.933472,183.5943909,"132-197"
"3769","Harvey",-25.06,NA,1974-01-28,375540097320902,79,0,c(-97.537222, 37.926806),"1974","71-0",-97.537222,37.926806,184.7477264,"132-197"
"3770","Harvey",-23.21,NA,1974-06-17,375540097320902,79,0,c(-97.537222, 37.926806),"1974","71-0",-97.537222,37.926806,184.7477264,"132-197"
"3771","Harvey",-26.81,NA,1974-06-17,375540097323401,79,0,c(-97.545556, 37.927083),"1974","71-0",-97.545556,37.927083,191.905426,"132-197"
"3772","Harvey",-21,NA,1974-06-19,375540097305601,79,0,c(-97.518194, 37.927361),"1974","71-0",-97.518194,37.927361,168.0558319,"132-197"
"3773","Harvey",-23.26,NA,1974-09-17,375540097323402,79,0,c(-97.544306, 37.926944),"1974","71-0",-97.544306,37.926944,191.0853424,"132-197"
"3774","Harvey",-3.1,NA,1974-01-03,375540097394101,79,0,c(-97.665139, 37.927083),"1974","71-0",-97.665139,37.927083,169.3360901,"132-197"
"3775","Harvey",-22.95,NA,1974-02-27,375540097303201,79,0,c(-97.510556, 37.926944),"1974","71-0",-97.510556,37.926944,166.8770294,"132-197"
"3776","Harvey",-30.24,"Bentley",1974-02-19,375540097320901,79,0,c(-97.537238, 37.9268),"1974","71-0",-97.537238,37.9268,184.7672424,"132-197"
"3777","Harvey",-25.9,"Bentley",1974-08-22,375540097320901,79,0,c(-97.537238, 37.9268),"1974","71-0",-97.537238,37.9268,184.7672424,"132-197"
"3778","Harvey",-20.69,NA,1974-01-17,375658097320202,79,0,c(-97.537083, 37.949861),"1974","71-0",-97.537083,37.949861,180.8988037,"132-197"
"3779","Harvey",-19.52,NA,1974-05-22,375658097320202,79,0,c(-97.537083, 37.949861),"1974","71-0",-97.537083,37.949861,180.8988037,"132-197"
"3780","Harvey",-21.2,NA,1974-01-03,375718097352601,79,0,c(-97.592361, 37.955833),"1974","71-0",-97.592361,37.955833,222.9235535,"198-262"
"3781","Harvey",-19.88,NA,1974-10-02,375724097330701,79,0,c(-97.555278, 37.956111),"1974","71-0",-97.555278,37.956111,196.0875854,"132-197"
"3782","Harvey",-14.17,NA,1974-01-03,375718097274501,79,0,c(-97.464028, 37.955972),"1974","71-0",-97.464028,37.955972,117.9823532,"66-131"
"3783","Harvey",-4.97,"PATTERSON",1974-10-02,375725097404802,79,0,c(-97.683889, 37.95625),"1974","71-0",-97.683889,37.95625,141.0480194,"132-197"
"3784","Harvey",-19,NA,1974-07-31,375658097320201,79,0,c(-97.536528, 37.951111),"1974","71-0",-97.536528,37.951111,179.8032074,"132-197"
"3785","Harvey",-14.84,NA,1974-01-03,375724097295101,79,0,c(-97.500417, 37.956111),"1974","71-0",-97.500417,37.956111,158.3869019,"132-197"
"3786","Harvey",-18.6,NA,1974-04-24,375633097355001,79,0,c(-97.600694, 37.941667),"1974","71-0",-97.600694,37.941667,185.4037323,"132-197"
"3787","Harvey",-14.26,NA,1974-08-23,375633097355002,79,0,c(-97.599861, 37.941528),"1974","71-0",-97.599861,37.941528,186.702179,"132-197"
"3788","Harvey",-14.34,NA,1974-09-26,375633097355002,79,0,c(-97.599861, 37.941528),"1974","71-0",-97.599861,37.941528,186.702179,"132-197"
"3789","Harvey",-24.86,NA,1974-03-19,375652097364003,79,0,c(-97.610556, 37.947361),"1974","71-0",-97.610556,37.947361,177.5899048,"132-197"
"3790","Harvey",-21.87,NA,1974-07-30,375652097364003,79,0,c(-97.610556, 37.947361),"1974","71-0",-97.610556,37.947361,177.5899048,"132-197"
"3791","Harvey",-29.4,NA,1974-03-27,375633097355003,79,0,c(-97.599861, 37.941528),"1974","71-0",-97.599861,37.941528,186.702179,"132-197"
"3792","Harvey",-25.92,NA,1974-02-19,375632097313702,79,0,c(-97.530278, 37.941528),"1974","71-0",-97.530278,37.941528,177.6005554,"132-197"
"3793","Harvey",-25.33,NA,1974-09-18,375632097313702,79,0,c(-97.530278, 37.941528),"1974","71-0",-97.530278,37.941528,177.6005554,"132-197"
"3794","Harvey",-24.78,NA,1974-12-18,375632097313702,79,0,c(-97.530278, 37.941528),"1974","71-0",-97.530278,37.941528,177.6005554,"132-197"
"3795","Harvey",-28.76,NA,1974-01-03,375810097342101,79,0,c(-97.574167, 37.970556),"1974","71-0",-97.574167,37.970556,208.9767761,"198-262"
"3796","Harvey",-28,NA,1974-05-21,375817097321001,79,0,c(-97.537917, 37.970972),"1974","71-0",-97.537917,37.970972,177.3802795,"132-197"
"3797","Harvey",-31.07,NA,1974-08-19,375817097363204,79,0,c(-97.610556, 37.970833),"1974","71-0",-97.610556,37.970833,204.9419556,"198-262"
"3798","Harvey",-23.95,NA,1974-11-21,375817097363204,79,0,c(-97.610556, 37.970833),"1974","71-0",-97.610556,37.970833,204.9419556,"198-262"
"3799","Harvey",-13.1,NA,1974-12-31,375817097363202,79,0,c(-97.610556, 37.970833),"1974","71-0",-97.610556,37.970833,204.9419556,"198-262"
"3800","Harvey",-15.57,NA,1974-10-15,375817097363203,79,0,c(-97.610833, 37.971389),"1974","71-0",-97.610833,37.971389,204.116394,"198-262"
"3801","Harvey",-12.29,NA,1974-01-03,375817097363201,79,0,c(-97.610556, 37.970833),"1974","71-0",-97.610556,37.970833,204.9419556,"198-262"
"3802","Harvey",-23.18,NA,1974-01-03,375810097310501,79,0,c(-97.519444, 37.970417),"1974","71-0",-97.519444,37.970417,168.0301666,"132-197"
"3803","Harvey",-10.75,NA,1974-12-30,375810097295101,79,0,c(-97.499869, 37.970439),"1974","71-0",-97.499869,37.970439,149.4152985,"132-197"
"3804","Harvey",-34.39,NA,1974-06-17,375902097334803,79,0,c(-97.565417, 37.984861),"1974","71-0",-97.565417,37.984861,202.7014771,"198-262"
"3805","Harvey",-40.5,NA,1974-08-21,375843097363301,79,0,c(-97.610694, 37.978611),"1974","71-0",-97.610694,37.978611,202.4698029,"198-262"
"3806","Harvey",-31.26,NA,1974-10-16,375902097334802,79,0,c(-97.566797, 37.985025),"1974","71-0",-97.566797,37.985025,203.3744202,"198-262"
"3807","Harvey",-30.52,NA,1974-10-20,375902097334802,79,0,c(-97.566797, 37.985025),"1974","71-0",-97.566797,37.985025,203.3744202,"198-262"
"3808","Harvey",-32.19,NA,1974-09-18,375843097321002,79,0,c(-97.537222, 37.979583),"1974","71-0",-97.537222,37.979583,178.8020782,"132-197"
"3809","Harvey",-10.33,NA,1974-10-15,375817097365702,79,0,c(-97.618364, 37.971524),"1974","71-0",-97.618364,37.971524,197.544281,"132-197"
"3810","Harvey",-35.01,NA,1974-02-27,375836097330702,79,0,c(-97.555278, 37.975972),"1974","71-0",-97.555278,37.975972,187.0804138,"132-197"
"3811","Reno",-3.67,NA,1974-07-02,375820097452802,155,0,c(-97.757222, 37.971111),"1974","71-0",-97.757222,37.971111,286.983429,"263-328"
"3812","Harvey",-10.31,NA,1974-09-18,375817097365701,79,0,c(-97.61875, 37.970833),"1974","71-0",-97.61875,37.970833,197.783432,"132-197"
"3813","Harvey",-30.06,NA,1974-09-17,375836097334002,79,0,c(-97.564583, 37.975972),"1974","71-0",-97.564583,37.975972,201.1103516,"198-262"
"3814","Harvey",-24.99,NA,1974-07-02,375955097284601,79,0,c(-97.481806, 37.999306),"1974","71-0",-97.481806,37.999306,117.2340546,"66-131"
"3815","Harvey",-32.45,NA,1974-04-30,375935097342102,79,0,c(-97.573889, 37.994167),"1974","71-0",-97.573889,37.994167,208.819046,"198-262"
"3816","Harvey",-40.15,NA,1974-12-31,375955097333201,79,0,c(-97.559217, 37.999483),"1974","71-0",-97.559217,37.999483,207.4181061,"198-262"
"3817","Harvey",-28,NA,1974-06-21,380001097341301,79,0,c(-97.573056, 38.000139),"1974","71-0",-97.573056,38.000139,206.3171692,"198-262"
"3818","Harvey",-38,NA,1974-01-17,375935097342101,79,0,c(-97.574444, 37.992917),"1974","71-0",-97.574444,37.992917,208.6991119,"198-262"
"3819","Harvey",-38,NA,1974-09-18,375935097342101,79,0,c(-97.574444, 37.992917),"1974","71-0",-97.574444,37.992917,208.6991119,"198-262"
"3820","Harvey",-41,NA,1974-10-29,375935097342101,79,0,c(-97.574444, 37.992917),"1974","71-0",-97.574444,37.992917,208.6991119,"198-262"
"3821","Harvey",-31,NA,1974-02-19,375903097363301,79,0,c(-97.610694, 37.984583),"1974","71-0",-97.610694,37.984583,206.597702,"198-262"
"3822","Harvey",-37.5,NA,1974-07-30,375903097363301,79,0,c(-97.610694, 37.984583),"1974","71-0",-97.610694,37.984583,206.597702,"198-262"
"3823","Harvey",-35.71,NA,1974-08-23,375903097363303,79,0,c(-97.610556, 37.985),"1974","71-0",-97.610556,37.985,207.0899048,"198-262"
"3824","Harvey",-34.98,NA,1974-10-21,375903097363303,79,0,c(-97.610556, 37.985),"1974","71-0",-97.610556,37.985,207.0899048,"198-262"
"3825","Harvey",-24.13,NA,1974-11-21,375903097363303,79,0,c(-97.610556, 37.985),"1974","71-0",-97.610556,37.985,207.0899048,"198-262"
"3826","Harvey",-17.6,NA,1974-01-03,375909097305701,79,0,c(-97.518472, 37.985278),"1974","71-0",-97.518472,37.985278,167.4144897,"132-197"
"3827","Harvey",-6.78,NA,1974-01-03,375903097383701,79,0,c(-97.647083, 37.985),"1974","71-0",-97.647083,37.985,140.5865173,"132-197"
"3828","Harvey",-29.85,NA,1974-01-03,375910097352701,79,0,c(-97.592222, 37.985139),"1974","71-0",-97.592222,37.985139,211.90979,"198-262"
"3829","Harvey",-6.35,"PATTERSON",1974-12-31,375910097405801,79,0,c(-97.684028, 37.985278),"1974","71-0",-97.684028,37.985278,125.3276443,"66-131"
"3830","Harvey",-30.01,NA,1974-02-27,375902097341302,79,0,c(-97.57375, 37.983333),"1974","71-0",-97.57375,37.983333,207.2333984,"198-262"
"3831","Harvey",-43.32,NA,1974-09-25,380054097334902,79,0,c(-97.566944, 38.014306),"1974","71-0",-97.566944,38.014306,195.9289551,"132-197"
"3832","Harvey",-49.4,NA,1974-07-17,380113097341402,79,0,c(-97.573611, 38.019583),"1974","71-0",-97.573611,38.019583,198.1156464,"198-262"
"3833","Harvey",-25.1,NA,1974-01-03,380054097351901,79,0,c(-97.591806, 38.014306),"1974","71-0",-97.591806,38.014306,215.8179932,"198-262"
"3834","Harvey",-43,NA,1974-09-18,380113097341401,79,0,c(-97.573194, 38.020833),"1974","71-0",-97.573194,38.020833,197.7062836,"132-197"
"3835","Harvey",-34.1,NA,1974-06-24,380021097341302,79,0,c(-97.573611, 38.005),"1974","71-0",-97.573611,38.005,206.7701111,"198-262"
"3836","Harvey",-33.78,NA,1974-10-31,380021097341302,79,0,c(-97.573611, 38.005),"1974","71-0",-97.573611,38.005,206.7701111,"198-262"
"3837","Harvey",-4.2,"PATTERSON",1974-04-02,380002097401701,79,0,c(-97.674522, 37.999872),"1974","71-0",-97.674522,37.999872,120.5946121,"66-131"
"3838","Harvey",-37.2,NA,1974-07-30,380001097341302,79,0,c(-97.573658, 38.000994),"1974","71-0",-97.573658,38.000994,206.3138885,"198-262"
"3839","Harvey",-6.26,"PATTERSON",1974-12-31,380002097401702,79,0,c(-97.674453, 37.999842),"1974","71-0",-97.674453,37.999842,120.3934708,"66-131"
"3840","Harvey",-22.5,NA,1974-04-01,380048097362501,79,0,c(-97.610178, 38.014),"1974","71-0",-97.610178,38.014,216.9775238,"198-262"
"3841","Harvey",-6.75,"Bentley",1974-01-03,380001097313001,79,0,c(-97.526528, 37.999583),"1974","71-0",-97.526528,37.999583,171.8951111,"132-197"
"3842","Harvey",-17.38,NA,1974-01-03,380232097373201,79,0,c(-97.628611, 38.043194),"1974","71-0",-97.628611,38.043194,215.1900787,"198-262"
"3843","Harvey",-10.01,NA,1974-01-16,380225097315501,79,0,c(-97.533385, 38.040462),"1974","71-0",-97.533385,38.040462,159.1177673,"132-197"
"3844","Harvey",-7.15,NA,1974-01-03,380146097305701,79,0,c(-97.515833, 38.029444),"1974","71-0",-97.515833,38.029444,140.9445038,"132-197"
"3845","Harvey",-30,NA,1974-12-17,380139097341401,79,0,c(-97.573039, 38.028097),"1974","71-0",-97.573039,38.028097,198.3878479,"198-262"
"3846","Harvey",-25.45,NA,1974-01-31,380139097341402,79,0,c(-97.573639, 38.0276),"1974","71-0",-97.573639,38.0276,199.0148926,"198-262"
"3847","Harvey",-27.72,NA,1974-11-20,380139097341402,79,0,c(-97.573639, 38.0276),"1974","71-0",-97.573639,38.0276,199.0148926,"198-262"
"3848","Reno",-4.95,NA,1974-01-14,380729097513501,155,0,c(-97.860054, 38.124721),"1974","71-0",-97.860054,38.124721,10,"0-65"
"3849","Harvey",-24.76,NA,1974-01-03,380324097352001,79,0,c(-97.590882, 38.056881),"1974","71-0",-97.590882,38.056881,215.8754883,"198-262"
"3850","Harvey",-26.08,NA,1974-04-01,380324097352001,79,0,c(-97.590882, 38.056881),"1974","71-0",-97.590882,38.056881,215.8754883,"198-262"
"3851","Harvey",-10.08,"BURRTON",1974-01-03,380331097395401,79,0,c(-97.666097, 38.057803),"1974","71-0",-97.666097,38.057803,247.7623749,"198-262"
"3852","Harvey",-3.4,NA,1974-12-31,380324097341501,79,0,c(-97.573472, 38.057778),"1974","71-0",-97.573472,38.057778,180.4685059,"132-197"
"3853","Reno",-1.8,"Hutchinson SE",1974-01-14,380509097450202,155,0,c(-97.750958, 38.08587),"1974","71-0",-97.750958,38.08587,121.154335,"66-131"
"3854","McPherson",-9.87,"Canton SW",1974-01-09,381813097253201,113,0,c(-97.426546, 38.303909),"1974","71-0",-97.426546,38.303909,59.1319008,"0-65"
"3855","McPherson",-37.72,NA,1974-01-09,381919097363701,113,0,c(-97.610915, 38.321176),"1974","71-0",-97.610915,38.321176,50.5668106,"0-65"
"3856","McPherson",-21.58,NA,1974-03-08,383540097552401,113,0,c(-97.923726, 38.594262),"1974","71-0",-97.923726,38.594262,NA,NA
"3857","Harvey",-11.7,"HALSTEAD",1974-07-02,380143097365901,79,0,c(-97.616389, 38.028611),"1974","71-0",-97.616389,38.028611,214.0660706,"198-262"
"3858","Sedgwick",-13.18,NA,1974-02-27,375230097273702,173,0,c(-97.46375, 37.874583),"1974","71-0",-97.46375,37.874583,153.0676727,"132-197"
"3859","Sedgwick",-12.62,NA,1974-04-29,375230097273702,173,0,c(-97.46375, 37.874583),"1974","71-0",-97.46375,37.874583,153.0676727,"132-197"
"3860","Sedgwick",-4.69,NA,1974-07-01,375210097305501,173,0,c(-97.518889, 37.868889),"1974","71-0",-97.518889,37.868889,200.1388245,"198-262"
"3861","Sedgwick",-4.87,NA,1974-10-02,375210097305501,173,0,c(-97.518889, 37.868889),"1974","71-0",-97.518889,37.868889,200.1388245,"198-262"
"3862","Sedgwick",-9.76,NA,1974-09-20,375210097273702,173,0,c(-97.463056, 37.86875),"1974","71-0",-97.463056,37.86875,153.2390594,"132-197"
"3863","Sedgwick",-12.41,NA,1974-10-16,375230097273701,173,0,c(-97.463472, 37.875139),"1974","71-0",-97.463472,37.875139,152.6858215,"132-197"
"3864","Sedgwick",-12.22,NA,1974-01-23,375210097273703,173,0,c(-97.463056, 37.86875),"1974","71-0",-97.463056,37.86875,153.2390594,"132-197"
"3865","Sedgwick",-10.85,NA,1974-06-20,375210097273703,173,0,c(-97.463056, 37.86875),"1974","71-0",-97.463056,37.86875,153.2390594,"132-197"
"3866","Sedgwick",-15.04,NA,1974-03-20,375039097234201,173,0,c(-97.396011, 37.844006),"1974","71-0",-97.396011,37.844006,64.615242,"0-65"
"3867","Sedgwick",-13.33,NA,1974-07-02,375039097234201,173,0,c(-97.396011, 37.844006),"1974","71-0",-97.396011,37.844006,64.615242,"0-65"
"3868","Sedgwick",-24.92,NA,1974-07-02,375020097391401,173,0,c(-97.65625, 37.839444),"1974","71-0",-97.65625,37.839444,28.0774212,"0-65"
"3869","Sedgwick",-25.52,NA,1974-10-02,375020097391401,173,0,c(-97.65625, 37.839444),"1974","71-0",-97.65625,37.839444,28.0774212,"0-65"
"3870","Sedgwick",-20,NA,1974-02-19,375348097295101,173,0,c(-97.499583, 37.897639),"1974","71-0",-97.499583,37.897639,171.552536,"132-197"
"3871","Sedgwick",-16.19,NA,1974-04-24,375348097302301,173,0,c(-97.508611, 37.897778),"1974","71-0",-97.508611,37.897778,180.6900482,"132-197"
"3872","Sedgwick",-16.42,NA,1974-08-19,375348097302301,173,0,c(-97.508611, 37.897778),"1974","71-0",-97.508611,37.897778,180.6900482,"132-197"
"3873","Sedgwick",-9.42,NA,1974-01-03,375316097305501,173,0,c(-97.517639, 37.887917),"1974","71-0",-97.517639,37.887917,192.7696533,"132-197"
"3874","Sedgwick",-17.43,NA,1974-12-18,375329097284501,173,0,c(-97.481806, 37.891111),"1974","71-0",-97.481806,37.891111,160.4235077,"132-197"
"3875","Sedgwick",-15.5,NA,1974-09-18,375348097303101,173,0,c(-97.510278, 37.897639),"1974","71-0",-97.510278,37.897639,182.7517242,"132-197"
"3876","Sedgwick",-15,NA,1974-12-23,375348097303101,173,0,c(-97.510278, 37.897639),"1974","71-0",-97.510278,37.897639,182.7517242,"132-197"
"3877","Sedgwick",-18,NA,1974-10-16,375348097281901,173,0,c(-97.474306, 37.896806),"1974","71-0",-97.474306,37.896806,154.3774872,"132-197"
"3878","Sedgwick",-12.93,NA,1974-12-23,375256097281103,173,0,c(-97.471944, 37.883056),"1974","71-0",-97.471944,37.883056,156.7520752,"132-197"
"3879","Sedgwick",-12.85,NA,1974-10-02,375256097264001,173,0,c(-97.445694, 37.883056),"1974","71-0",-97.445694,37.883056,119.6131744,"66-131"
"3880","Sedgwick",-15.4,NA,1974-02-19,375256097281102,173,0,c(-97.471944, 37.883056),"1974","71-0",-97.471944,37.883056,156.7520752,"132-197"
"3881","Sedgwick",-4.61,NA,1974-01-03,375256097330501,173,0,c(-97.555278, 37.883056),"1974","71-0",-97.555278,37.883056,157.372406,"132-197"
"3882","Sedgwick",-13.46,"SEDGWICK",1974-06-19,375256097274501,173,0,c(-97.464722, 37.882639),"1974","71-0",-97.464722,37.882639,149.8994598,"132-197"
"3883","Sedgwick",-17.41,NA,1974-04-24,375256097274503,173,0,c(-97.464028, 37.883056),"1974","71-0",-97.464028,37.883056,147.9484253,"132-197"
"3884","Sedgwick",-15.4,NA,1974-05-23,375421097285401,173,0,c(-97.482222, 37.905417),"1974","71-0",-97.482222,37.905417,159.4700317,"132-197"
"3885","Sedgwick",-11.77,NA,1974-12-18,375421097285401,173,0,c(-97.482222, 37.905417),"1974","71-0",-97.482222,37.905417,159.4700317,"132-197"
"3886","Sedgwick",-9.8,NA,1974-07-29,375415097333801,173,0,c(-97.562639, 37.904861),"1974","71-0",-97.562639,37.904861,151.4284821,"132-197"
"3887","Sedgwick",-7.68,NA,1974-07-26,375421097341101,173,0,c(-97.573333, 37.906528),"1974","71-0",-97.573333,37.906528,147.5267181,"132-197"
"3888","Sedgwick",-7.15,NA,1974-09-17,375421097341101,173,0,c(-97.573333, 37.906528),"1974","71-0",-97.573333,37.906528,147.5267181,"132-197"
"3889","Sedgwick",-9.62,NA,1974-10-02,375356097352401,173,0,c(-97.592361, 37.898056),"1974","71-0",-97.592361,37.898056,129.7729797,"66-131"
"3890","Sedgwick",-4.88,NA,1974-07-02,375348097341901,173,0,c(-97.57375, 37.897778),"1974","71-0",-97.57375,37.897778,131.564743,"66-131"
"3891","Sedgwick",-5.4,NA,1974-04-30,375355097340302,173,0,c(-97.569444, 37.898056),"1974","71-0",-97.569444,37.898056,134.7022858,"132-197"
"3892","Sedgwick",-15.57,NA,1974-12-30,375355097264001,173,0,c(-97.445694, 37.897917),"1974","71-0",-97.445694,37.897917,111.6428833,"66-131"
"3893","Sedgwick",-20,NA,1974-03-20,375348097305601,173,0,c(-97.517361, 37.897639),"1974","71-0",-97.517361,37.897639,188.3402405,"132-197"
"3894","Harvey",-19.42,NA,1974-12-30,375533097295901,79,0,c(-97.500833, 37.926806),"1974","71-0",-97.500833,37.926806,163.6620178,"132-197"
"3895","Harvey",-14.13,NA,1974-01-03,375500097255101,79,0,c(-97.432222, 37.915972),"1974","71-0",-97.432222,37.915972,81.4278488,"66-131"
"3896","Harvey",-12.64,NA,1974-12-30,375540097285401,79,0,c(-97.482222, 37.926944),"1974","71-0",-97.482222,37.926944,153.9262695,"132-197"
"3897","Harvey",-19.83,NA,1974-01-21,375451097291401,79,0,c(-97.490556, 37.912778),"1974","71-0",-97.490556,37.912778,164.1556091,"132-197"
"3898","Harvey",-14.83,NA,1974-12-18,375451097291401,79,0,c(-97.490556, 37.912778),"1974","71-0",-97.490556,37.912778,164.1556091,"132-197"
"3899","Harvey",-2.33,NA,1974-01-03,375448097405501,79,0,c(-97.683889, 37.9125),"1974","71-0",-97.683889,37.9125,223.9418488,"198-262"
"3900","Sedgwick",-8.2,NA,1974-08-19,375441097341102,173,0,c(-97.573611, 37.912083),"1974","71-0",-97.573611,37.912083,156.271347,"132-197"
"3901","Harvey",-22.48,NA,1974-06-19,375447097295902,79,0,c(-97.502778, 37.912361),"1974","71-0",-97.502778,37.912361,173.4440918,"132-197"
"3902","Harvey",-22.3,NA,1974-07-22,375447097295902,79,0,c(-97.502778, 37.912361),"1974","71-0",-97.502778,37.912361,173.4440918,"132-197"
"3903","Harvey",-22.33,NA,1974-09-19,375447097295902,79,0,c(-97.502778, 37.912361),"1974","71-0",-97.502778,37.912361,173.4440918,"132-197"
"3904","Sedgwick",-19,NA,1974-10-16,375441097305601,173,0,c(-97.5175, 37.911944),"1974","71-0",-97.5175,37.911944,180.4878387,"132-197"
"3905","Sedgwick",-19,NA,1974-11-20,375441097305601,173,0,c(-97.5175, 37.911944),"1974","71-0",-97.5175,37.911944,180.4878387,"132-197"
"3906","Sedgwick",-20.4,NA,1974-10-16,375441097341103,173,0,c(-97.573611, 37.912083),"1974","71-0",-97.573611,37.912083,156.271347,"132-197"
"3907","Sedgwick",-17.1,NA,1974-01-03,375441097320901,173,0,c(-97.537222, 37.912083),"1974","71-0",-97.537222,37.912083,193.3445892,"132-197"
"3908","Harvey",-18,NA,1974-11-20,375447097295901,79,0,c(-97.501111, 37.912778),"1974","71-0",-97.501111,37.912778,172.688385,"132-197"
"3909","Sedgwick",-23,NA,1974-02-19,375441097303101,173,0,c(-97.51, 37.911944),"1974","71-0",-97.51,37.911944,177.070282,"132-197"
"3910","Harvey",-27.01,NA,1974-01-03,375625097305601,79,0,c(-97.518611, 37.94125),"1974","71-0",-97.518611,37.94125,168.0631409,"132-197"
"3911","Harvey",-25.18,NA,1974-09-17,375625097310402,79,0,c(-97.520556, 37.939722),"1974","71-0",-97.520556,37.939722,169.1968994,"132-197"
"3912","Harvey",-31.24,NA,1974-02-22,375559097320903,79,0,c(-97.537222, 37.933889),"1974","71-0",-97.537222,37.933889,182.9288788,"132-197"
"3913","Harvey",-6.1,NA,1974-12-30,375540097362301,79,0,c(-97.610278, 37.927083),"1974","71-0",-97.610278,37.927083,157.9362183,"132-197"
"3914","Harvey",-30.25,NA,1974-07-26,375559097320901,79,0,c(-97.537778, 37.933472),"1974","71-0",-97.537778,37.933472,183.5943909,"132-197"
"3915","Harvey",-24.84,NA,1974-04-24,375540097320902,79,0,c(-97.537222, 37.926806),"1974","71-0",-97.537222,37.926806,184.7477264,"132-197"
"3916","Harvey",-28.36,NA,1974-02-19,375540097323401,79,0,c(-97.545556, 37.927083),"1974","71-0",-97.545556,37.927083,191.905426,"132-197"
"3917","Harvey",-27.75,NA,1974-05-22,375540097323401,79,0,c(-97.545556, 37.927083),"1974","71-0",-97.545556,37.927083,191.905426,"132-197"
"3918","Harvey",-22.5,NA,1974-01-17,375540097305601,79,0,c(-97.518194, 37.927361),"1974","71-0",-97.518194,37.927361,168.0558319,"132-197"
"3919","Harvey",-28.69,NA,1974-01-28,375540097320903,79,0,c(-97.537222, 37.926806),"1974","71-0",-97.537222,37.926806,184.7477264,"132-197"
"3920","Harvey",-2.19,NA,1974-07-02,375540097373701,79,0,c(-97.629722, 37.927361),"1974","71-0",-97.629722,37.927361,155.1646118,"132-197"
"3921","Harvey",-22.19,NA,1974-10-16,375540097323402,79,0,c(-97.544306, 37.926944),"1974","71-0",-97.544306,37.926944,191.0853424,"132-197"
"3922","Harvey",-22.47,NA,1974-04-24,375540097305602,79,0,c(-97.51875, 37.928639),"1974","71-0",-97.51875,37.928639,167.3563385,"132-197"
"3923","Harvey",-21.95,NA,1974-10-16,375540097323403,79,0,c(-97.544306, 37.926944),"1974","71-0",-97.544306,37.926944,191.0853424,"132-197"
"3924","Harvey",-21,NA,1974-12-18,375540097323403,79,0,c(-97.544306, 37.926944),"1974","71-0",-97.544306,37.926944,191.0853424,"132-197"
"3925","Harvey",-27.55,"Bentley",1974-09-17,375540097320901,79,0,c(-97.537238, 37.9268),"1974","71-0",-97.537238,37.9268,184.7672424,"132-197"
"3926","Harvey",-26,"BENTLY",1974-08-19,375540097302301,79,0,c(-97.509028, 37.927361),"1974","71-0",-97.509028,37.927361,166.1634064,"132-197"
"3927","Harvey",-19.95,NA,1974-10-16,375658097320202,79,0,c(-97.537083, 37.949861),"1974","71-0",-97.537083,37.949861,180.8988037,"132-197"
"3928","Harvey",-21.07,NA,1974-04-02,375718097352601,79,0,c(-97.592361, 37.955833),"1974","71-0",-97.592361,37.955833,222.9235535,"198-262"
"3929","Harvey",-20.89,NA,1974-07-02,375718097352601,79,0,c(-97.592361, 37.955833),"1974","71-0",-97.592361,37.955833,222.9235535,"198-262"
"3930","Harvey",-18.66,NA,1974-07-02,375724097330701,79,0,c(-97.555278, 37.956111),"1974","71-0",-97.555278,37.956111,196.0875854,"132-197"
"3931","Harvey",-11.2,NA,1974-01-03,375718097373801,79,0,c(-97.629028, 37.955833),"1974","71-0",-97.629028,37.955833,137.369873,"132-197"
"3932","Harvey",-30.5,NA,1974-03-19,375744097330701,79,0,c(-97.554722, 37.962778),"1974","71-0",-97.554722,37.962778,193.5212402,"132-197"
"3933","Harvey",-29,NA,1974-08-19,375744097330701,79,0,c(-97.554722, 37.962778),"1974","71-0",-97.554722,37.962778,193.5212402,"132-197"
"3934","Harvey",-28,NA,1974-12-18,375744097330701,79,0,c(-97.554722, 37.962778),"1974","71-0",-97.554722,37.962778,193.5212402,"132-197"
"3935","Harvey",-20.46,NA,1974-10-16,375744097321001,79,0,c(-97.537917, 37.962639),"1974","71-0",-97.537917,37.962639,180.1096344,"132-197"
"3936","Harvey",-23,NA,1974-01-17,375658097320201,79,0,c(-97.536528, 37.951111),"1974","71-0",-97.536528,37.951111,179.8032074,"132-197"
"3937","Harvey",-24,NA,1974-08-19,375658097320201,79,0,c(-97.536528, 37.951111),"1974","71-0",-97.536528,37.951111,179.8032074,"132-197"
"3938","Harvey",-23,NA,1974-12-18,375658097320201,79,0,c(-97.536528, 37.951111),"1974","71-0",-97.536528,37.951111,179.8032074,"132-197"
"3939","Harvey",-16.6,NA,1974-05-21,375633097364003,79,0,c(-97.610694, 37.941528),"1974","71-0",-97.610694,37.941528,168.1863708,"132-197"
"3940","Harvey",-5.9,NA,1974-10-02,375639097384402,79,0,c(-97.647361, 37.945),"1974","71-0",-97.647361,37.945,124.0357819,"66-131"
"3941","Harvey",-17.9,NA,1974-12-23,375652097364003,79,0,c(-97.610556, 37.947361),"1974","71-0",-97.610556,37.947361,177.5899048,"132-197"
"3942","Harvey",-12.07,NA,1974-03-19,375652097364001,79,0,c(-97.610694, 37.947778),"1974","71-0",-97.610694,37.947778,178.0439758,"132-197"
"3943","Harvey",-10,NA,1974-05-28,375652097364001,79,0,c(-97.610694, 37.947778),"1974","71-0",-97.610694,37.947778,178.0439758,"132-197"
"3944","Harvey",-25.89,NA,1974-04-24,375632097313702,79,0,c(-97.530278, 37.941528),"1974","71-0",-97.530278,37.941528,177.6005554,"132-197"
"3945","Harvey",-23.8,NA,1974-11-22,375632097313702,79,0,c(-97.530278, 37.941528),"1974","71-0",-97.530278,37.941528,177.6005554,"132-197"
"3946","Harvey",-11.37,NA,1974-12-18,375633097364001,79,0,c(-97.610833, 37.942083),"1974","71-0",-97.610833,37.942083,168.6699066,"132-197"
"3947","Harvey",-24.69,NA,1974-11-22,375632097313701,79,0,c(-97.528611, 37.941944),"1974","71-0",-97.528611,37.941944,176.2776031,"132-197"
"3948","Harvey",-27.97,NA,1974-05-28,375810097334002,79,0,c(-97.562439, 37.970547),"1974","71-0",-97.562439,37.970547,195.2039337,"132-197"
"3949","Harvey",-32,NA,1974-03-19,375810097334001,79,0,c(-97.563889, 37.970139),"1974","71-0",-97.563889,37.970139,197.6804504,"132-197"
"3950","Harvey",-21.63,NA,1974-01-21,375810097324301,79,0,c(-97.54625, 37.970139),"1974","71-0",-97.54625,37.970139,182.0330048,"132-197"
"3951","Harvey",-22.6,NA,1974-03-20,375810097324301,79,0,c(-97.54625, 37.970139),"1974","71-0",-97.54625,37.970139,182.0330048,"132-197"
"3952","Harvey",-21.93,NA,1974-12-31,375810097310501,79,0,c(-97.519444, 37.970417),"1974","71-0",-97.519444,37.970417,168.0301666,"132-197"
"3953","Harvey",-19.41,NA,1974-08-26,375744097321002,79,0,c(-97.538406, 37.962262),"1974","71-0",-97.538406,37.962262,180.384964,"132-197"
"3954","Harvey",-35.28,NA,1974-01-17,375902097334803,79,0,c(-97.565417, 37.984861),"1974","71-0",-97.565417,37.984861,202.7014771,"198-262"
"3955","Harvey",-33.33,NA,1974-12-23,375902097334803,79,0,c(-97.565417, 37.984861),"1974","71-0",-97.565417,37.984861,202.7014771,"198-262"
"3956","Harvey",-40.47,NA,1974-02-27,375843097363303,79,0,c(-97.610556, 37.977917),"1974","71-0",-97.610556,37.977917,202.4074707,"198-262"
"3957","Harvey",-33.71,NA,1974-02-20,375843097321001,79,0,c(-97.537997, 37.978306),"1974","71-0",-97.537997,37.978306,178.8004303,"132-197"
"3958","Harvey",-31.97,NA,1974-06-20,375836097334001,79,0,c(-97.564544, 37.977706),"1974","71-0",-97.564544,37.977706,201.1987305,"198-262"
"3959","Harvey",-10.44,NA,1974-01-17,375817097365701,79,0,c(-97.61875, 37.970833),"1974","71-0",-97.61875,37.970833,197.783432,"132-197"
"3960","Harvey",-30.09,NA,1974-03-26,375836097334002,79,0,c(-97.564583, 37.975972),"1974","71-0",-97.564583,37.975972,201.1103516,"198-262"
"3961","Harvey",-29.57,NA,1974-10-16,375836097334002,79,0,c(-97.564583, 37.975972),"1974","71-0",-97.564583,37.975972,201.1103516,"198-262"
"3962","Harvey",-27.75,NA,1974-10-02,375955097284601,79,0,c(-97.481806, 37.999306),"1974","71-0",-97.481806,37.999306,117.2340546,"66-131"
"3963","Harvey",-33.5,NA,1974-03-29,375903097363301,79,0,c(-97.610694, 37.984583),"1974","71-0",-97.610694,37.984583,206.597702,"198-262"
"3964","Harvey",-27.5,NA,1974-12-17,375903097363301,79,0,c(-97.610694, 37.984583),"1974","71-0",-97.610694,37.984583,206.597702,"198-262"
"3965","Harvey",-36.6,NA,1974-03-29,375903097363303,79,0,c(-97.610556, 37.985),"1974","71-0",-97.610556,37.985,207.0899048,"198-262"
"3966","Harvey",-18.15,NA,1974-10-02,375909097305701,79,0,c(-97.518472, 37.985278),"1974","71-0",-97.518472,37.985278,167.4144897,"132-197"
"3967","Harvey",-10.93,NA,1974-07-02,375903097373101,79,0,c(-97.628611, 37.985),"1974","71-0",-97.628611,37.985,181.8722534,"132-197"
"3968","Harvey",-42.32,NA,1974-12-30,375909097273701,79,0,c(-97.463472, 37.985278),"1974","71-0",-97.463472,37.985278,120.2092285,"66-131"
"3969","Harvey",-29.9,NA,1974-09-25,375902097341302,79,0,c(-97.57375, 37.983333),"1974","71-0",-97.57375,37.983333,207.2333984,"198-262"
"3970","Harvey",-11.47,NA,1974-06-24,375903097363302,79,0,c(-97.610556, 37.985),"1974","71-0",-97.610556,37.985,207.0899048,"198-262"
"3971","Harvey",-11.72,NA,1974-12-30,380054097310501,79,0,c(-97.51875, 38.014028),"1974","71-0",-97.51875,38.014028,155.4982452,"132-197"
"3972","Harvey",-42,NA,1974-01-17,380113097341401,79,0,c(-97.573194, 38.020833),"1974","71-0",-97.573194,38.020833,197.7062836,"132-197"
"3973","Harvey",-40.74,NA,1974-10-16,380054097334902,79,0,c(-97.566944, 38.014306),"1974","71-0",-97.566944,38.014306,195.9289551,"132-197"
"3974","Harvey",-43.76,NA,1974-12-17,380054097334902,79,0,c(-97.566944, 38.014306),"1974","71-0",-97.566944,38.014306,195.9289551,"132-197"
"3975","Harvey",-38.75,NA,1974-06-21,380113097341402,79,0,c(-97.573611, 38.019583),"1974","71-0",-97.573611,38.019583,198.1156464,"198-262"
"3976","Harvey",-43,NA,1974-05-21,380113097341401,79,0,c(-97.573194, 38.020833),"1974","71-0",-97.573194,38.020833,197.7062836,"132-197"
"3977","Harvey",-62,NA,1974-07-17,380113097341401,79,0,c(-97.573194, 38.020833),"1974","71-0",-97.573194,38.020833,197.7062836,"132-197"
"3978","Harvey",-6.4,"BURRTON",1974-04-02,380048097395202,79,0,c(-97.665786, 38.013989),"1974","71-0",-97.665786,38.013989,142.2989655,"132-197"
"3979","Harvey",-6.83,"BURRTON",1974-10-02,380048097395202,79,0,c(-97.665786, 38.013989),"1974","71-0",-97.665786,38.013989,142.2989655,"132-197"
"3980","Harvey",-34.3,NA,1974-02-19,380021097341302,79,0,c(-97.573611, 38.005),"1974","71-0",-97.573611,38.005,206.7701111,"198-262"
"3981","Reno",-3.96,"HUTCHINSON SE",1974-01-15,380021097482801,155,0,c(-97.807265, 38.002978),"1974","71-0",-97.807265,38.002978,189.7719727,"132-197"
"3982","Harvey",-34.48,NA,1974-12-17,380001097341302,79,0,c(-97.573658, 38.000994),"1974","71-0",-97.573658,38.000994,206.3138885,"198-262"
"3983","Harvey",-40.68,NA,1974-04-02,380054097324401,79,0,c(-97.546528, 38.014306),"1974","71-0",-97.546528,38.014306,184.3016815,"132-197"
"3984","Harvey",-19.02,NA,1974-07-02,380232097373201,79,0,c(-97.628611, 38.043194),"1974","71-0",-97.628611,38.043194,215.1900787,"198-262"
"3985","Harvey",-17.2,NA,1974-01-03,380238097342301,79,0,c(-97.574028, 38.043472),"1974","71-0",-97.574028,38.043472,199.1666412,"198-262"
"3986","Harvey",-10.72,"BURRTON",1974-07-02,380146097394502,79,0,c(-97.665556, 38.029167),"1974","71-0",-97.665556,38.029167,176.5262451,"132-197"
"3987","Harvey",-27.36,NA,1974-01-16,380225097275401,79,0,c(-97.467236, 38.040325),"1974","71-0",-97.467236,38.040325,75.652298,"66-131"
"3988","Harvey",-8.74,NA,1974-10-02,380146097305701,79,0,c(-97.515833, 38.029444),"1974","71-0",-97.515833,38.029444,140.9445038,"132-197"
"3989","Harvey",-35,NA,1974-04-30,380139097341401,79,0,c(-97.573039, 38.028097),"1974","71-0",-97.573039,38.028097,198.3878479,"198-262"
"3990","Harvey",-30,NA,1974-06-17,380139097341401,79,0,c(-97.573039, 38.028097),"1974","71-0",-97.573039,38.028097,198.3878479,"198-262"
"3991","Harvey",-35,NA,1974-09-25,380139097341401,79,0,c(-97.573039, 38.028097),"1974","71-0",-97.573039,38.028097,198.3878479,"198-262"
"3992","Harvey",-11.5,NA,1974-12-30,380139097322701,79,0,c(-97.543333, 38.028472),"1974","71-0",-97.543333,38.028472,174.1472931,"132-197"
"3993","Harvey",-25.78,NA,1974-02-27,380139097341402,79,0,c(-97.573639, 38.0276),"1974","71-0",-97.573639,38.0276,199.0148926,"198-262"
"3994","Harvey",-31.25,"MOUNDRIDGE",1974-01-15,380937097365501,79,0,c(-97.61704, 38.159689),"1974","71-0",-97.61704,38.159689,107.5841904,"66-131"
"3995","McPherson",-29.38,"HALSTEAD NW",1974-01-10,381405097400801,113,0,c(-97.670603, 38.235542),"1974","71-0",-97.670603,38.235542,125.4743271,"66-131"
"3996","Harvey",-17.93,NA,1974-01-16,380838097282101,79,0,c(-97.474011, 38.143916),"1974","71-0",-97.474011,38.143916,28.6875515,"0-65"
"3997","Reno",-8.4,NA,1974-03-14,380601097592501,155,0,c(-97.99081, 38.099361),"1974","71-0",-97.99081,38.099361,51.7759628,"0-65"
"3998","Harvey",-32.5,"BURRTON",1974-04-02,380509097394701,79,0,c(-97.665139, 38.086667),"1974","71-0",-97.665139,38.086667,159.9980469,"132-197"
"3999","Harvey",-43.7,"BURRTON",1974-01-03,380331097395402,79,0,c(-97.666094, 38.057792),"1974","71-0",-97.666094,38.057792,247.7387848,"198-262"
"4000","Harvey",-7.33,NA,1974-04-02,380318097392901,79,0,c(-97.659444, 38.054306),"1974","71-0",-97.659444,38.054306,232.7192535,"198-262"
"4001","Harvey",-10.7,NA,1974-10-02,380318097392901,79,0,c(-97.659444, 38.054306),"1974","71-0",-97.659444,38.054306,232.7192535,"198-262"
"4002","McPherson",-8.19,NA,1974-01-09,381919097334301,113,0,c(-97.561703, 38.321007),"1974","71-0",-97.561703,38.321007,43.2200241,"0-65"
"4003","McPherson",-23.48,NA,1974-12-09,383400097400301,113,0,c(-97.66766, 38.566276),"1974","71-0",-97.66766,38.566276,NA,NA
"4004","McPherson",-20.24,"LINDSBORG",1974-12-09,383210097442801,113,0,c(-97.741409, 38.535499),"1974","71-0",-97.741409,38.535499,NA,NA
"4005","Sedgwick",-11.9,NA,1974-06-20,375210097273701,173,0,c(-97.463472, 37.869306),"1974","71-0",-97.463472,37.869306,153.5754242,"132-197"
"4006","Sedgwick",-11.63,NA,1974-04-24,375210097273702,173,0,c(-97.463056, 37.86875),"1974","71-0",-97.463056,37.86875,153.2390594,"132-197"
"4007","Sedgwick",-4.2,"Colwich",1974-12-30,375204097320001,173,0,c(-97.537149, 37.868669),"1974","71-0",-97.537149,37.868669,181.9004822,"132-197"
"4008","Sedgwick",-14.82,NA,1974-01-17,375230097273701,173,0,c(-97.463472, 37.875139),"1974","71-0",-97.463472,37.875139,152.6858215,"132-197"
"4009","Sedgwick",-15.56,NA,1974-07-29,375230097273701,173,0,c(-97.463472, 37.875139),"1974","71-0",-97.463472,37.875139,152.6858215,"132-197"
"4010","Sedgwick",-11.78,NA,1974-04-24,375210097273703,173,0,c(-97.463056, 37.86875),"1974","71-0",-97.463056,37.86875,153.2390594,"132-197"
"4011","Sedgwick",-14.64,NA,1974-09-20,375039097234201,173,0,c(-97.396011, 37.844006),"1974","71-0",-97.396011,37.844006,64.615242,"0-65"
"4012","Sedgwick",-10.01,NA,1974-01-03,375118097273701,173,0,c(-97.463611, 37.854306),"1974","71-0",-97.463611,37.854306,157.1630859,"132-197"
"4013","Sedgwick",-19.48,NA,1974-03-20,375348097294201,173,0,c(-97.497917, 37.897778),"1974","71-0",-97.497917,37.897778,170.4191437,"132-197"
"4014","Sedgwick",-15.39,NA,1974-12-18,375329097284503,173,0,c(-97.481944, 37.890556),"1974","71-0",-97.481944,37.890556,160.5657654,"132-197"
"4015","Sedgwick",-18.25,NA,1974-08-23,375348097292602,173,0,c(-97.490417, 37.897639),"1974","71-0",-97.490417,37.897639,164.602478,"132-197"
"4016","Sedgwick",-16,NA,1974-06-19,375348097303101,173,0,c(-97.510278, 37.897639),"1974","71-0",-97.510278,37.897639,182.7517242,"132-197"
"4017","Sedgwick",-18.6,NA,1974-07-31,375329097284502,173,0,c(-97.481944, 37.890556),"1974","71-0",-97.481944,37.890556,160.5657654,"132-197"
"4018","Sedgwick",-20.56,NA,1974-07-02,375303097284501,173,0,c(-97.481944, 37.883333),"1974","71-0",-97.481944,37.883333,161.9723969,"132-197"
"4019","Sedgwick",-14.3,NA,1974-11-20,375256097274502,173,0,c(-97.464028, 37.883056),"1974","71-0",-97.464028,37.883056,147.9484253,"132-197"
"4020","Sedgwick",-3.55,"BENTLY",1974-04-01,375253097315602,173,0,c(-97.536944, 37.883194),"1974","71-0",-97.536944,37.883194,192.1342163,"132-197"
"4021","Sedgwick",-15.31,"SEDGWICK",1974-01-17,375256097274501,173,0,c(-97.464722, 37.882639),"1974","71-0",-97.464722,37.882639,149.8994598,"132-197"
"4022","Sedgwick",-13.83,"SEDGWICK",1974-10-16,375256097274501,173,0,c(-97.464722, 37.882639),"1974","71-0",-97.464722,37.882639,149.8994598,"132-197"
"4023","Sedgwick",-11.18,NA,1974-07-01,375250097295001,173,0,c(-97.500278, 37.879861),"1974","71-0",-97.500278,37.879861,181.3036652,"132-197"
"4024","Sedgwick",-13.39,NA,1974-10-16,375421097285401,173,0,c(-97.482222, 37.905417),"1974","71-0",-97.482222,37.905417,159.4700317,"132-197"
"4025","Sedgwick",-5.88,NA,1974-05-22,375421097341101,173,0,c(-97.573333, 37.906528),"1974","71-0",-97.573333,37.906528,147.5267181,"132-197"
"4026","Sedgwick",-7.26,NA,1974-12-23,375421097341101,173,0,c(-97.573333, 37.906528),"1974","71-0",-97.573333,37.906528,147.5267181,"132-197"
"4027","Sedgwick",-6.36,NA,1974-07-02,375441097243001,173,0,c(-97.408889, 37.912083),"1974","71-0",-97.408889,37.912083,70.6034393,"66-131"
"4028","Sedgwick",-9.85,NA,1974-08-22,375421097341102,173,0,c(-97.573611, 37.905972),"1974","71-0",-97.573611,37.905972,146.3720398,"132-197"
"4029","Sedgwick",-20.5,NA,1974-02-19,375355097284501,173,0,c(-97.481389, 37.89875),"1974","71-0",-97.481389,37.89875,160.0249786,"132-197"
"4030","Sedgwick",-20,NA,1974-04-30,375355097284501,173,0,c(-97.481389, 37.89875),"1974","71-0",-97.481389,37.89875,160.0249786,"132-197"
"4031","Sedgwick",-19,NA,1974-05-22,375355097284501,173,0,c(-97.481389, 37.89875),"1974","71-0",-97.481389,37.89875,160.0249786,"132-197"
"4032","Sedgwick",-19.5,NA,1974-08-19,375355097284501,173,0,c(-97.481389, 37.89875),"1974","71-0",-97.481389,37.89875,160.0249786,"132-197"
"4033","Sedgwick",-6.95,"BENTLY",1974-06-26,375355097340301,173,0,c(-97.56875, 37.898194),"1974","71-0",-97.56875,37.898194,135.2102051,"132-197"
"4034","Sedgwick",-9.1,NA,1974-03-20,375355097333002,173,0,c(-97.560833, 37.897917),"1974","71-0",-97.560833,37.897917,147.6697235,"132-197"
"4035","Sedgwick",-9.81,NA,1974-08-19,375355097333002,173,0,c(-97.560833, 37.897917),"1974","71-0",-97.560833,37.897917,147.6697235,"132-197"
"4036","Sedgwick",-18,NA,1974-05-29,375348097305601,173,0,c(-97.517361, 37.897639),"1974","71-0",-97.517361,37.897639,188.3402405,"132-197"
"4037","Sedgwick",-17.5,NA,1974-10-16,375348097305601,173,0,c(-97.517361, 37.897639),"1974","71-0",-97.517361,37.897639,188.3402405,"132-197"
"4038","Sedgwick",-20.95,NA,1974-02-19,375355097281901,173,0,c(-97.475417, 37.897917),"1974","71-0",-97.475417,37.897917,155.1691742,"132-197"
"4039","Harvey",-1.9,NA,1974-04-02,375448097405503,79,0,c(-97.683889, 37.9125),"1974","71-0",-97.683889,37.9125,223.9418488,"198-262"
"4040","Harvey",-20.72,NA,1974-03-19,375513097295902,79,0,c(-97.500556, 37.921528),"1974","71-0",-97.500556,37.921528,166.5668335,"132-197"
"4041","Harvey",-16.33,NA,1974-06-19,375451097291401,79,0,c(-97.490556, 37.912778),"1974","71-0",-97.490556,37.912778,164.1556091,"132-197"
"4042","Sedgwick",-19.82,NA,1974-01-17,375441097341101,173,0,c(-97.572917, 37.912083),"1974","71-0",-97.572917,37.912083,156.8578796,"132-197"
"4043","Sedgwick",-21.69,NA,1974-08-19,375441097341101,173,0,c(-97.572917, 37.912083),"1974","71-0",-97.572917,37.912083,156.8578796,"132-197"
"4044","Sedgwick",-18.65,NA,1974-10-16,375441097341101,173,0,c(-97.572917, 37.912083),"1974","71-0",-97.572917,37.912083,156.8578796,"132-197"
"4045","Sedgwick",-6.62,NA,1974-04-29,375441097341102,173,0,c(-97.573611, 37.912083),"1974","71-0",-97.573611,37.912083,156.271347,"132-197"
"4046","Sedgwick",-8.33,NA,1974-10-16,375441097341102,173,0,c(-97.573611, 37.912083),"1974","71-0",-97.573611,37.912083,156.271347,"132-197"
"4047","Harvey",-21.86,NA,1974-10-18,375447097295902,79,0,c(-97.502778, 37.912361),"1974","71-0",-97.502778,37.912361,173.4440918,"132-197"
"4048","Sedgwick",-23,NA,1974-02-27,375441097305601,173,0,c(-97.5175, 37.911944),"1974","71-0",-97.5175,37.911944,180.4878387,"132-197"
"4049","Sedgwick",-24.86,NA,1974-09-20,375441097341103,173,0,c(-97.573611, 37.912083),"1974","71-0",-97.573611,37.912083,156.271347,"132-197"
"4050","Sedgwick",-18.83,NA,1974-12-23,375441097310401,173,0,c(-97.519167, 37.912222),"1974","71-0",-97.519167,37.912222,181.5503998,"132-197"
"4051","Sedgwick",-18.8,NA,1974-03-20,375441097292601,173,0,c(-97.492083, 37.912222),"1974","71-0",-97.492083,37.912222,165.9233246,"132-197"
"4052","Harvey",-22,NA,1974-03-20,375447097295901,79,0,c(-97.501111, 37.912778),"1974","71-0",-97.501111,37.912778,172.688385,"132-197"
"4053","Sedgwick",-20.5,NA,1974-07-17,375441097303101,173,0,c(-97.51, 37.911944),"1974","71-0",-97.51,37.911944,177.070282,"132-197"
"4054","Harvey",-14.15,NA,1974-04-01,375625097273701,79,0,c(-97.463611, 37.941389),"1974","71-0",-97.463611,37.941389,114.9226074,"66-131"
"4055","Harvey",-24.86,NA,1974-11-20,375559097320902,79,0,c(-97.537222, 37.932778),"1974","71-0",-97.537222,37.932778,183.2023315,"132-197"
"4056","Harvey",-25.5,NA,1974-02-19,375625097310402,79,0,c(-97.520556, 37.939722),"1974","71-0",-97.520556,37.939722,169.1968994,"132-197"
"4057","Harvey",-24.78,NA,1974-05-24,375625097310402,79,0,c(-97.520556, 37.939722),"1974","71-0",-97.520556,37.939722,169.1968994,"132-197"
"4058","Harvey",-28.78,NA,1974-11-20,375559097320903,79,0,c(-97.537222, 37.933889),"1974","71-0",-97.537222,37.933889,182.9288788,"132-197"
"4059","Harvey",-24.9,NA,1974-10-16,375540097323401,79,0,c(-97.545556, 37.927083),"1974","71-0",-97.545556,37.927083,191.905426,"132-197"
"4060","Harvey",-24.38,NA,1974-11-25,375540097323401,79,0,c(-97.545556, 37.927083),"1974","71-0",-97.545556,37.927083,191.905426,"132-197"
"4061","Harvey",-20,NA,1974-12-18,375540097305601,79,0,c(-97.518194, 37.927361),"1974","71-0",-97.518194,37.927361,168.0558319,"132-197"
"4062","Harvey",-25.94,NA,1974-11-20,375540097320903,79,0,c(-97.537222, 37.926806),"1974","71-0",-97.537222,37.926806,184.7477264,"132-197"
"4063","Harvey",-21.94,NA,1974-08-30,375540097305602,79,0,c(-97.51875, 37.928639),"1974","71-0",-97.51875,37.928639,167.3563385,"132-197"
"4064","Harvey",-30.32,NA,1974-01-17,375540097323403,79,0,c(-97.544306, 37.926944),"1974","71-0",-97.544306,37.926944,191.0853424,"132-197"
"4065","Harvey",-15.42,NA,1974-04-03,375718097274501,79,0,c(-97.464028, 37.955972),"1974","71-0",-97.464028,37.955972,117.9823532,"66-131"
"4066","Harvey",-20.46,NA,1974-12-18,375744097321001,79,0,c(-97.537917, 37.962639),"1974","71-0",-97.537917,37.962639,180.1096344,"132-197"
"4067","Harvey",-13.55,NA,1974-12-31,375724097295101,79,0,c(-97.500417, 37.956111),"1974","71-0",-97.500417,37.956111,158.3869019,"132-197"
"4068","Harvey",-15.62,NA,1974-04-02,375718097320201,79,0,c(-97.537083, 37.955694),"1974","71-0",-97.537083,37.955694,179.0117493,"132-197"
"4069","Harvey",-8.94,NA,1974-06-26,375652097364002,79,0,c(-97.610556, 37.947361),"1974","71-0",-97.610556,37.947361,177.5899048,"132-197"
"4070","Harvey",-9.87,NA,1974-09-18,375652097364002,79,0,c(-97.610556, 37.947361),"1974","71-0",-97.610556,37.947361,177.5899048,"132-197"
"4071","Harvey",-15.6,NA,1974-03-27,375633097355002,79,0,c(-97.599861, 37.941528),"1974","71-0",-97.599861,37.941528,186.702179,"132-197"
"4072","Harvey",-24.94,NA,1974-11-21,375652097364003,79,0,c(-97.610556, 37.947361),"1974","71-0",-97.610556,37.947361,177.5899048,"132-197"
"4073","Harvey",-24.02,NA,1974-10-16,375632097313702,79,0,c(-97.530278, 37.941528),"1974","71-0",-97.530278,37.941528,177.6005554,"132-197"
"4074","Harvey",-25.69,NA,1974-01-03,375817097274501,79,0,c(-97.464028, 37.970694),"1974","71-0",-97.464028,37.970694,128.7593231,"66-131"
"4075","Harvey",-30.68,NA,1974-04-02,375810097342101,79,0,c(-97.574167, 37.970556),"1974","71-0",-97.574167,37.970556,208.9767761,"198-262"
"4076","Harvey",-28.94,NA,1974-01-17,375817097330701,79,0,c(-97.555278, 37.97125),"1974","71-0",-97.555278,37.97125,186.157074,"132-197"
"4077","Harvey",-28.83,NA,1974-02-19,375817097330701,79,0,c(-97.555278, 37.97125),"1974","71-0",-97.555278,37.97125,186.157074,"132-197"
"4078","Harvey",-28.67,NA,1974-09-17,375817097330701,79,0,c(-97.555278, 37.97125),"1974","71-0",-97.555278,37.97125,186.157074,"132-197"
"4079","Harvey",-27.69,NA,1974-10-18,375817097330701,79,0,c(-97.555278, 37.97125),"1974","71-0",-97.555278,37.97125,186.157074,"132-197"
"4080","Harvey",-27.34,NA,1974-12-23,375817097330701,79,0,c(-97.555278, 37.97125),"1974","71-0",-97.555278,37.97125,186.157074,"132-197"
"4081","Harvey",-29,NA,1974-10-16,375817097321001,79,0,c(-97.537917, 37.970972),"1974","71-0",-97.537917,37.970972,177.3802795,"132-197"
"4082","Harvey",-16.05,NA,1974-09-18,375817097363203,79,0,c(-97.610833, 37.971389),"1974","71-0",-97.610833,37.971389,204.116394,"198-262"
"4083","Harvey",-28.8,NA,1974-07-31,375810097334002,79,0,c(-97.562439, 37.970547),"1974","71-0",-97.562439,37.970547,195.2039337,"132-197"
"4084","Harvey",-27.38,NA,1974-06-17,375817097321002,79,0,c(-97.537361, 37.972222),"1974","71-0",-97.537361,37.972222,177.3385925,"132-197"
"4085","Harvey",-12.2,NA,1974-12-30,375817097363201,79,0,c(-97.610556, 37.970833),"1974","71-0",-97.610556,37.970833,204.9419556,"198-262"
"4086","Harvey",-31.17,NA,1974-02-26,375750097330701,79,0,c(-97.555278, 37.964028),"1974","71-0",-97.555278,37.964028,193.1697235,"132-197"
"4087","Harvey",-28.11,NA,1974-05-21,375750097330701,79,0,c(-97.555278, 37.964028),"1974","71-0",-97.555278,37.964028,193.1697235,"132-197"
"4088","Harvey",-30,NA,1974-06-17,375810097334001,79,0,c(-97.563889, 37.970139),"1974","71-0",-97.563889,37.970139,197.6804504,"132-197"
"4089","Harvey",-11.12,NA,1974-01-03,375810097295101,79,0,c(-97.499869, 37.970439),"1974","71-0",-97.499869,37.970439,149.4152985,"132-197"
"4090","Harvey",-22.15,NA,1974-10-02,375810097310501,79,0,c(-97.519444, 37.970417),"1974","71-0",-97.519444,37.970417,168.0301666,"132-197"
"4091","Harvey",-28,NA,1974-12-23,375807097330301,79,0,c(-97.554583, 37.97),"1974","71-0",-97.554583,37.97,186.9123077,"132-197"
"4092","Harvey",-39,NA,1974-10-16,375843097363301,79,0,c(-97.610694, 37.978611),"1974","71-0",-97.610694,37.978611,202.4698029,"198-262"
"4093","Harvey",-39,NA,1974-03-19,375902097334801,79,0,c(-97.565278, 37.984583),"1974","71-0",-97.565278,37.984583,202.5888824,"198-262"
"4094","Harvey",-14.32,NA,1974-09-25,375843097363302,79,0,c(-97.610556, 37.977917),"1974","71-0",-97.610556,37.977917,202.4074707,"198-262"
"4095","Harvey",-30.71,NA,1974-06-17,375902097334802,79,0,c(-97.566797, 37.985025),"1974","71-0",-97.566797,37.985025,203.3744202,"198-262"
"4096","Harvey",-32.8,NA,1974-08-30,375902097334802,79,0,c(-97.566797, 37.985025),"1974","71-0",-97.566797,37.985025,203.3744202,"198-262"
"4097","Harvey",-30.47,NA,1974-10-18,375843097321002,79,0,c(-97.537222, 37.979583),"1974","71-0",-97.537222,37.979583,178.8020782,"132-197"
"4098","Harvey",-10.63,NA,1974-02-19,375817097365702,79,0,c(-97.618364, 37.971524),"1974","71-0",-97.618364,37.971524,197.544281,"132-197"
"4099","Harvey",-33.12,NA,1974-01-17,375836097330702,79,0,c(-97.555278, 37.975972),"1974","71-0",-97.555278,37.975972,187.0804138,"132-197"
"4100","Harvey",-33,NA,1974-05-21,375836097330701,79,0,c(-97.554722, 37.977222),"1974","71-0",-97.554722,37.977222,187.0685425,"132-197"
"4101","Reno",-5.12,NA,1974-01-03,375820097452803,155,0,c(-97.759344, 37.97253),"1974","71-0",-97.759344,37.97253,288.8971863,"263-328"
"4102","Reno",-20.69,"Haven",1974-01-15,375823097514501,155,0,c(-97.862288, 37.973625),"1974","71-0",-97.862288,37.973625,128.655777,"66-131"
"4103","Harvey",-30.88,NA,1974-01-17,375843097341301,79,0,c(-97.573194, 37.978472),"1974","71-0",-97.573194,37.978472,207.6274872,"198-262"
"4104","Harvey",-37.71,NA,1974-07-24,375843097321001,79,0,c(-97.537997, 37.978306),"1974","71-0",-97.537997,37.978306,178.8004303,"132-197"
"4105","Harvey",-34.71,NA,1974-08-19,375843097321001,79,0,c(-97.537997, 37.978306),"1974","71-0",-97.537997,37.978306,178.8004303,"132-197"
"4106","Harvey",-32.47,NA,1974-02-20,375836097334001,79,0,c(-97.564544, 37.977706),"1974","71-0",-97.564544,37.977706,201.1987305,"198-262"
"4107","Harvey",-31.65,NA,1974-12-17,375836097334001,79,0,c(-97.564544, 37.977706),"1974","71-0",-97.564544,37.977706,201.1987305,"198-262"
"4108","Harvey",-9.69,NA,1974-05-22,375817097365701,79,0,c(-97.61875, 37.970833),"1974","71-0",-97.61875,37.970833,197.783432,"132-197"
"4109","Harvey",-30.21,NA,1974-01-24,375836097334002,79,0,c(-97.564583, 37.975972),"1974","71-0",-97.564583,37.975972,201.1103516,"198-262"
"4110","Harvey",-30.05,NA,1974-02-20,375836097334002,79,0,c(-97.564583, 37.975972),"1974","71-0",-97.564583,37.975972,201.1103516,"198-262"
"4111","Harvey",-28.55,NA,1974-12-17,375836097334002,79,0,c(-97.564583, 37.975972),"1974","71-0",-97.564583,37.975972,201.1103516,"198-262"
"4112","Harvey",-40.81,NA,1974-01-17,375935097342103,79,0,c(-97.573889, 37.994167),"1974","71-0",-97.573889,37.994167,208.819046,"198-262"
"4113","Harvey",-47.5,NA,1974-02-20,375935097342103,79,0,c(-97.573889, 37.994167),"1974","71-0",-97.573889,37.994167,208.819046,"198-262"
"4114","Harvey",-52.5,NA,1974-07-26,375935097342103,79,0,c(-97.573889, 37.994167),"1974","71-0",-97.573889,37.994167,208.819046,"198-262"
"4115","Harvey",-25.5,NA,1974-07-02,375955097351901,79,0,c(-97.591806, 37.999444),"1974","71-0",-97.591806,37.999444,218.6835632,"198-262"
"4116","Harvey",-40,NA,1974-10-18,380001097341301,79,0,c(-97.573056, 38.000139),"1974","71-0",-97.573056,38.000139,206.3171692,"198-262"
"4117","Harvey",-26.26,NA,1974-01-03,375955097284601,79,0,c(-97.481806, 37.999306),"1974","71-0",-97.481806,37.999306,117.2340546,"66-131"
"4118","Harvey",-36.02,NA,1974-04-01,375929097320201,79,0,c(-97.536944, 37.992222),"1974","71-0",-97.536944,37.992222,182.8236694,"132-197"
"4119","Harvey",-31.03,NA,1974-07-02,375910097352701,79,0,c(-97.592222, 37.985139),"1974","71-0",-97.592222,37.985139,211.90979,"198-262"
"4120","Harvey",-28.33,NA,1974-12-18,375902097341302,79,0,c(-97.57375, 37.983333),"1974","71-0",-97.57375,37.983333,207.2333984,"198-262"
"4121","Harvey",-12.28,NA,1974-02-19,375903097363302,79,0,c(-97.610556, 37.985),"1974","71-0",-97.610556,37.985,207.0899048,"198-262"
"4122","Harvey",-11.68,NA,1974-12-17,375903097363302,79,0,c(-97.610556, 37.985),"1974","71-0",-97.610556,37.985,207.0899048,"198-262"
"4123","Harvey",-10.27,NA,1974-10-02,375909097300001,79,0,c(-97.500417, 37.985139),"1974","71-0",-97.500417,37.985139,141.1838684,"132-197"
"4124","Harvey",-40.66,NA,1974-01-17,380054097342202,79,0,c(-97.575972, 38.014167),"1974","71-0",-97.575972,38.014167,202.6842957,"198-262"
"4125","Harvey",-40.82,NA,1974-10-16,380054097342202,79,0,c(-97.575972, 38.014167),"1974","71-0",-97.575972,38.014167,202.6842957,"198-262"
"4126","Harvey",-10.42,NA,1974-01-03,380054097310501,79,0,c(-97.51875, 38.014028),"1974","71-0",-97.51875,38.014028,155.4982452,"132-197"
"4127","Harvey",-35.81,NA,1974-09-25,380113097341402,79,0,c(-97.573611, 38.019583),"1974","71-0",-97.573611,38.019583,198.1156464,"198-262"
"4128","Harvey",-37.55,NA,1974-11-20,380113097341402,79,0,c(-97.573611, 38.019583),"1974","71-0",-97.573611,38.019583,198.1156464,"198-262"
"4129","Harvey",-12.12,NA,1974-12-31,380054097320301,79,0,c(-97.536528, 38.014167),"1974","71-0",-97.536528,38.014167,180.6872253,"132-197"
"4130","Harvey",-24.29,NA,1974-12-31,380054097351901,79,0,c(-97.591806, 38.014306),"1974","71-0",-97.591806,38.014306,215.8179932,"198-262"
"4131","Harvey",-38,NA,1974-02-25,380054097342201,79,0,c(-97.574583, 38.014722),"1974","71-0",-97.574583,38.014722,200.8865967,"198-262"
"4132","Harvey",-39,NA,1974-09-25,380054097334901,79,0,c(-97.565417, 38.014722),"1974","71-0",-97.565417,38.014722,193.8327484,"132-197"
"4133","Harvey",-33.32,NA,1974-05-28,380021097341302,79,0,c(-97.573611, 38.005),"1974","71-0",-97.573611,38.005,206.7701111,"198-262"
"4134","Harvey",-4,"PATTERSON",1974-07-02,380002097401701,79,0,c(-97.674522, 37.999872),"1974","71-0",-97.674522,37.999872,120.5946121,"66-131"
"4135","Harvey",-5.17,"PATTERSON",1974-12-31,380002097401701,79,0,c(-97.674522, 37.999872),"1974","71-0",-97.674522,37.999872,120.5946121,"66-131"
"4136","Harvey",-41.05,NA,1974-12-31,380054097324401,79,0,c(-97.546528, 38.014306),"1974","71-0",-97.546528,38.014306,184.3016815,"132-197"
"4137","Harvey",-46,NA,1974-12-23,380021097341301,79,0,c(-97.573056, 38.00625),"1974","71-0",-97.573056,38.00625,207.2375031,"198-262"
"4138","Harvey",-22.87,NA,1974-01-03,380048097362501,79,0,c(-97.610178, 38.014),"1974","71-0",-97.610178,38.014,216.9775238,"198-262"
"4139","Harvey",-44.82,NA,1974-07-02,380001097342102,79,0,c(-97.573889, 37.999722),"1974","71-0",-97.573889,37.999722,206.5306702,"198-262"
"4140","Harvey",-44.25,NA,1974-10-02,380001097342102,79,0,c(-97.573889, 37.999722),"1974","71-0",-97.573889,37.999722,206.5306702,"198-262"
"4141","Harvey",-19.5,NA,1974-12-30,380238097342301,79,0,c(-97.574028, 38.043472),"1974","71-0",-97.574028,38.043472,199.1666412,"198-262"
"4142","Harvey",-2.16,NA,1974-01-03,380245097372401,79,0,c(-97.624306, 38.043889),"1974","71-0",-97.624306,38.043889,216.2258301,"198-262"
"4143","Harvey",-4.9,NA,1974-12-31,380226097352801,79,0,c(-97.592222, 38.039722),"1974","71-0",-97.592222,38.039722,226.9227142,"198-262"
"4144","Harvey",-7.68,NA,1974-04-03,380146097305701,79,0,c(-97.515833, 38.029444),"1974","71-0",-97.515833,38.029444,140.9445038,"132-197"
"4145","Harvey",-25.29,NA,1974-05-21,380139097341402,79,0,c(-97.573639, 38.0276),"1974","71-0",-97.573639,38.0276,199.0148926,"198-262"
"4146","Harvey",-26.4,NA,1974-12-17,380139097341402,79,0,c(-97.573639, 38.0276),"1974","71-0",-97.573639,38.0276,199.0148926,"198-262"
"4147","Harvey",-9.76,NA,1974-01-03,380139097322702,79,0,c(-97.543333, 38.028472),"1974","71-0",-97.543333,38.028472,174.1472931,"132-197"
"4148","Harvey",-15.2,NA,1974-07-02,380139097322702,79,0,c(-97.543333, 38.028472),"1974","71-0",-97.543333,38.028472,174.1472931,"132-197"
"4149","Reno",-5.73,NA,1974-01-14,380136097481601,155,0,c(-97.804877, 38.026531),"1974","71-0",-97.804877,38.026531,95.5296783,"66-131"
"4150","McPherson",-23.78,"Halstead NW",1974-01-10,381300097384401,113,0,c(-97.645072, 38.216626),"1974","71-0",-97.645072,38.216626,119.5960464,"66-131"
"4151","McPherson",-14.93,"HALSTEAD NW",1974-01-10,381306097422101,113,0,c(-97.706494, 38.219275),"1974","71-0",-97.706494,38.219275,116.8406372,"66-131"
"4152","McPherson",-33.13,"MOUNDRIDGE",1974-01-10,381141097330401,113,0,c(-97.551306, 38.194089),"1974","71-0",-97.551306,38.194089,41.5727196,"0-65"
"4153","Harvey",-5.42,NA,1974-07-02,380324097341502,79,0,c(-97.573472, 38.057778),"1974","71-0",-97.573472,38.057778,180.4685059,"132-197"
"4154","Harvey",-5.69,NA,1974-12-30,380331097354501,79,0,c(-97.597083, 38.058333),"1974","71-0",-97.597083,38.058333,224.3877411,"198-262"
"4155","Harvey",-9.52,"BURRTON",1974-04-02,380331097395401,79,0,c(-97.666097, 38.057803),"1974","71-0",-97.666097,38.057803,247.7623749,"198-262"
"4156","Harvey",-13.32,"BURRTON",1974-10-02,380331097395401,79,0,c(-97.666097, 38.057803),"1974","71-0",-97.666097,38.057803,247.7623749,"198-262"
"4157","Harvey",-37.47,"BURRTON",1974-12-31,380509097394701,79,0,c(-97.665139, 38.086667),"1974","71-0",-97.665139,38.086667,159.9980469,"132-197"
"4158","McPherson",-56.89,NA,1974-05-09,381846097395502,113,0,c(-97.666077, 38.312463),"1974","71-0",-97.666077,38.312463,55.7808113,"0-65"
"4159","McPherson",-79.99,NA,1974-01-08,382320097393801,113,0,c(-97.661086, 38.388436),"1974","143-72",-97.661086,38.388436,68.750351,"66-131"
"4160","McPherson",-16.82,NA,1974-01-09,381543097231001,113,0,c(-97.386605, 38.261698),"1974","71-0",-97.386605,38.261698,20.8803329,"0-65"
"4161","McPherson",-5.2,NA,1974-06-10,383302097485401,113,0,c(-97.815248, 38.550469),"1974","71-0",-97.815248,38.550469,NA,NA
"4162","Sedgwick",-10.99,"Maize",1974-01-03,375210097232601,173,0,c(-97.390542, 37.868658),"1974","71-0",-97.390542,37.868658,40.7858543,"0-65"
"4163","Sedgwick",-9.48,"Maize",1974-10-02,375210097232601,173,0,c(-97.390542, 37.868658),"1974","71-0",-97.390542,37.868658,40.7858543,"0-65"
"4164","Sedgwick",-10.04,NA,1974-12-18,375230097273702,173,0,c(-97.46375, 37.874583),"1974","71-0",-97.46375,37.874583,153.0676727,"132-197"
"4165","Sedgwick",-13.4,NA,1974-03-20,375210097273701,173,0,c(-97.463472, 37.869306),"1974","71-0",-97.463472,37.869306,153.5754242,"132-197"
"4166","Sedgwick",-9.79,NA,1974-12-23,375210097273701,173,0,c(-97.463472, 37.869306),"1974","71-0",-97.463472,37.869306,153.5754242,"132-197"
"4167","Sedgwick",-11.58,NA,1974-03-20,375210097273702,173,0,c(-97.463056, 37.86875),"1974","71-0",-97.463056,37.86875,153.2390594,"132-197"
"4168","Sedgwick",-5.67,"Colwich",1974-10-02,375204097320001,173,0,c(-97.537149, 37.868669),"1974","71-0",-97.537149,37.868669,181.9004822,"132-197"
"4169","Sedgwick",-6.32,NA,1974-07-01,375118097285301,173,0,c(-97.4825, 37.854306),"1974","71-0",-97.4825,37.854306,179.1078491,"132-197"
"4170","Sedgwick",-6.74,NA,1974-01-03,375118097285303,173,0,c(-97.4825, 37.854306),"1974","71-0",-97.4825,37.854306,179.1078491,"132-197"
"4171","Sedgwick",-5.88,NA,1974-10-02,375118097285303,173,0,c(-97.4825, 37.854306),"1974","71-0",-97.4825,37.854306,179.1078491,"132-197"
"4172","Sedgwick",-14.88,NA,1974-04-29,375230097273701,173,0,c(-97.463472, 37.875139),"1974","71-0",-97.463472,37.875139,152.6858215,"132-197"
"4173","Sedgwick",-25.12,NA,1974-12-30,375020097391401,173,0,c(-97.65625, 37.839444),"1974","71-0",-97.65625,37.839444,28.0774212,"0-65"
"4174","Sedgwick",-15.95,NA,1974-11-20,375329097284503,173,0,c(-97.481944, 37.890556),"1974","71-0",-97.481944,37.890556,160.5657654,"132-197"
"4175","Sedgwick",-19.6,NA,1974-02-25,375348097292602,173,0,c(-97.490417, 37.897639),"1974","71-0",-97.490417,37.897639,164.602478,"132-197"
"4176","Sedgwick",-18.97,NA,1974-04-24,375348097292602,173,0,c(-97.490417, 37.897639),"1974","71-0",-97.490417,37.897639,164.602478,"132-197"
"4177","Sedgwick",-16.5,NA,1974-08-19,375348097303101,173,0,c(-97.510278, 37.897639),"1974","71-0",-97.510278,37.897639,182.7517242,"132-197"
"4178","Sedgwick",-16.75,NA,1974-06-26,375329097284502,173,0,c(-97.481944, 37.890556),"1974","71-0",-97.481944,37.890556,160.5657654,"132-197"
"4179","Sedgwick",-15.53,NA,1974-01-31,375256097281102,173,0,c(-97.471944, 37.883056),"1974","71-0",-97.471944,37.883056,156.7520752,"132-197"
"4180","Sedgwick",-15.12,NA,1974-06-19,375256097274502,173,0,c(-97.464028, 37.883056),"1974","71-0",-97.464028,37.883056,147.9484253,"132-197"
"4181","Sedgwick",-16.7,NA,1974-07-22,375256097274502,173,0,c(-97.464028, 37.883056),"1974","71-0",-97.464028,37.883056,147.9484253,"132-197"
"4182","Sedgwick",-7.53,NA,1974-10-02,375256097342701,173,0,c(-97.580139, 37.882778),"1974","71-0",-97.580139,37.882778,119.5441437,"66-131"
"4183","Sedgwick",-17.25,NA,1974-01-17,375256097274503,173,0,c(-97.464028, 37.883056),"1974","71-0",-97.464028,37.883056,147.9484253,"132-197"
"4184","Sedgwick",-13.59,NA,1974-06-19,375421097285401,173,0,c(-97.482222, 37.905417),"1974","71-0",-97.482222,37.905417,159.4700317,"132-197"
"4185","Sedgwick",-16.7,NA,1974-07-31,375421097285401,173,0,c(-97.482222, 37.905417),"1974","71-0",-97.482222,37.905417,159.4700317,"132-197"
"4186","Sedgwick",-16.01,NA,1974-08-22,375421097285401,173,0,c(-97.482222, 37.905417),"1974","71-0",-97.482222,37.905417,159.4700317,"132-197"
"4187","Sedgwick",-13.05,NA,1974-09-17,375421097285401,173,0,c(-97.482222, 37.905417),"1974","71-0",-97.482222,37.905417,159.4700317,"132-197"
"4188","Sedgwick",-16,NA,1974-12-18,375415097285401,173,0,c(-97.483333, 37.904306),"1974","71-0",-97.483333,37.904306,160.4212494,"132-197"
"4189","Sedgwick",-8.94,NA,1974-01-21,375421097341102,173,0,c(-97.573611, 37.905972),"1974","71-0",-97.573611,37.905972,146.3720398,"132-197"
"4190","Sedgwick",-9.51,NA,1974-11-20,375421097341102,173,0,c(-97.573611, 37.905972),"1974","71-0",-97.573611,37.905972,146.3720398,"132-197"
"4191","Sedgwick",-5.95,NA,1974-12-30,375348097341901,173,0,c(-97.57375, 37.897778),"1974","71-0",-97.57375,37.897778,131.564743,"66-131"
"4192","Sedgwick",-16,NA,1974-09-17,375355097284501,173,0,c(-97.481389, 37.89875),"1974","71-0",-97.481389,37.89875,160.0249786,"132-197"
"4193","Sedgwick",-9.61,NA,1974-01-17,375355097333002,173,0,c(-97.560833, 37.897917),"1974","71-0",-97.560833,37.897917,147.6697235,"132-197"
"4194","Sedgwick",-8.79,NA,1974-04-24,375355097333002,173,0,c(-97.560833, 37.897917),"1974","71-0",-97.560833,37.897917,147.6697235,"132-197"
"4195","Sedgwick",-17.72,NA,1974-03-20,375355097284502,173,0,c(-97.481944, 37.899861),"1974","71-0",-97.481944,37.899861,160.1674652,"132-197"
"4196","Sedgwick",-14.62,NA,1974-09-17,375355097284502,173,0,c(-97.481944, 37.899861),"1974","71-0",-97.481944,37.899861,160.1674652,"132-197"
"4197","Sedgwick",-14.01,NA,1974-12-18,375355097284502,173,0,c(-97.481944, 37.899861),"1974","71-0",-97.481944,37.899861,160.1674652,"132-197"
"4198","Sedgwick",-12.33,NA,1974-09-19,375355097333001,173,0,c(-97.56, 37.897917),"1974","71-0",-97.56,37.897917,149.7139282,"132-197"
"4199","Sedgwick",-21,NA,1974-08-19,375355097281901,173,0,c(-97.475417, 37.897917),"1974","71-0",-97.475417,37.897917,155.1691742,"132-197"
"4200","Harvey",-19.44,NA,1974-05-22,375513097295902,79,0,c(-97.500556, 37.921528),"1974","71-0",-97.500556,37.921528,166.5668335,"132-197"
"4201","Harvey",-4.68,NA,1974-07-02,375447097332201,79,0,c(-97.559583, 37.9125),"1974","71-0",-97.559583,37.9125,169.9844971,"132-197"
"4202","Harvey",-6.37,NA,1974-12-31,375447097332201,79,0,c(-97.559583, 37.9125),"1974","71-0",-97.559583,37.9125,169.9844971,"132-197"
"4203","Harvey",-17.83,NA,1974-04-24,375451097291401,79,0,c(-97.490556, 37.912778),"1974","71-0",-97.490556,37.912778,164.1556091,"132-197"
"4204","Harvey",-20.5,NA,1974-02-19,375513097295901,79,0,c(-97.50125, 37.920139),"1974","71-0",-97.50125,37.920139,168.3886261,"132-197"
"4205","Harvey",-20,NA,1974-12-18,375513097295901,79,0,c(-97.50125, 37.920139),"1974","71-0",-97.50125,37.920139,168.3886261,"132-197"
"4206","Sedgwick",-22.5,NA,1974-12-18,375441097303101,173,0,c(-97.51, 37.911944),"1974","71-0",-97.51,37.911944,177.070282,"132-197"
"4207","Sedgwick",-7.15,NA,1974-07-17,375441097341102,173,0,c(-97.573611, 37.912083),"1974","71-0",-97.573611,37.912083,156.271347,"132-197"
"4208","Harvey",-21.2,NA,1974-11-20,375447097295902,79,0,c(-97.502778, 37.912361),"1974","71-0",-97.502778,37.912361,173.4440918,"132-197"
"4209","Sedgwick",-25.33,NA,1974-02-20,375441097341103,173,0,c(-97.573611, 37.912083),"1974","71-0",-97.573611,37.912083,156.271347,"132-197"
"4210","Sedgwick",-20.13,NA,1974-05-22,375441097302301,173,0,c(-97.508333, 37.912222),"1974","71-0",-97.508333,37.912222,176.7022552,"132-197"
"4211","Harvey",-24.5,NA,1974-03-19,375625097310401,79,0,c(-97.519444, 37.940833),"1974","71-0",-97.519444,37.940833,168.5564575,"132-197"
"4212","Harvey",-14.12,NA,1974-12-30,375625097273701,79,0,c(-97.463611, 37.941389),"1974","71-0",-97.463611,37.941389,114.9226074,"66-131"
"4213","Harvey",-14.05,NA,1974-04-03,375632097284501,79,0,c(-97.481944, 37.941528),"1974","71-0",-97.481944,37.941528,146.184906,"132-197"
"4214","Harvey",-25.58,NA,1974-06-24,375559097320902,79,0,c(-97.537222, 37.932778),"1974","71-0",-97.537222,37.932778,183.2023315,"132-197"
"4215","Harvey",-6.67,NA,1974-04-03,375632097243001,79,0,c(-97.410408, 37.941567),"1974","71-0",-97.410408,37.941567,50.0645599,"0-65"
"4216","Harvey",-27.27,NA,1974-07-02,375625097305601,79,0,c(-97.518611, 37.94125),"1974","71-0",-97.518611,37.94125,168.0631409,"132-197"
"4217","Harvey",-30.18,NA,1974-04-26,375559097320903,79,0,c(-97.537222, 37.933889),"1974","71-0",-97.537222,37.933889,182.9288788,"132-197"
"4218","Harvey",-5.72,NA,1974-04-01,375540097362301,79,0,c(-97.610278, 37.927083),"1974","71-0",-97.610278,37.927083,157.9362183,"132-197"
"4219","Harvey",-28.14,NA,1974-09-20,375559097320901,79,0,c(-97.537778, 37.933472),"1974","71-0",-97.537778,37.933472,183.5943909,"132-197"
"4220","Harvey",-30.07,NA,1974-07-17,375540097323401,79,0,c(-97.545556, 37.927083),"1974","71-0",-97.545556,37.927083,191.905426,"132-197"
"4221","Harvey",-26.77,NA,1974-09-17,375540097323401,79,0,c(-97.545556, 37.927083),"1974","71-0",-97.545556,37.927083,191.905426,"132-197"
"4222","Harvey",-7.9,NA,1974-10-02,375540097373701,79,0,c(-97.629722, 37.927361),"1974","71-0",-97.629722,37.927361,155.1646118,"132-197"
"4223","Harvey",-25.35,NA,1974-07-17,375540097323402,79,0,c(-97.544306, 37.926944),"1974","71-0",-97.544306,37.926944,191.0853424,"132-197"
"4224","Harvey",-21.35,NA,1974-09-20,375540097305602,79,0,c(-97.51875, 37.928639),"1974","71-0",-97.51875,37.928639,167.3563385,"132-197"
"4225","Harvey",-24.48,NA,1974-06-17,375540097323403,79,0,c(-97.544306, 37.926944),"1974","71-0",-97.544306,37.926944,191.0853424,"132-197"
"4226","Harvey",-27,"BENTLY",1974-03-25,375540097302301,79,0,c(-97.509028, 37.927361),"1974","71-0",-97.509028,37.927361,166.1634064,"132-197"
"4227","Harvey",-27,"BENTLY",1974-04-30,375540097302301,79,0,c(-97.509028, 37.927361),"1974","71-0",-97.509028,37.927361,166.1634064,"132-197"
"4228","Harvey",-20.57,NA,1974-04-30,375658097320202,79,0,c(-97.537083, 37.949861),"1974","71-0",-97.537083,37.949861,180.8988037,"132-197"
"4229","Harvey",-2.68,"PATTERSON",1974-01-03,375725097404801,79,0,c(-97.683889, 37.95625),"1974","71-0",-97.683889,37.95625,141.0480194,"132-197"
"4230","Harvey",-31,NA,1974-01-28,375744097330701,79,0,c(-97.554722, 37.962778),"1974","71-0",-97.554722,37.962778,193.5212402,"132-197"
"4231","Harvey",-27,NA,1974-05-21,375744097330701,79,0,c(-97.554722, 37.962778),"1974","71-0",-97.554722,37.962778,193.5212402,"132-197"
"4232","Reno",-4.95,NA,1974-01-15,375737097431801,155,0,c(-97.723775, 37.960689),"1974","71-0",-97.723775,37.960689,234.0788574,"198-262"
"4233","Harvey",-3.05,"PATTERSON",1974-07-02,375725097404802,79,0,c(-97.683889, 37.95625),"1974","71-0",-97.683889,37.95625,141.0480194,"132-197"
"4234","Harvey",-20.46,NA,1974-11-20,375744097321001,79,0,c(-97.537917, 37.962639),"1974","71-0",-97.537917,37.962639,180.1096344,"132-197"
"4235","Harvey",-22,NA,1974-10-16,375658097320201,79,0,c(-97.536528, 37.951111),"1974","71-0",-97.536528,37.951111,179.8032074,"132-197"
"4236","Harvey",-7.27,NA,1974-07-02,375718097284601,79,0,c(-97.482083, 37.955694),"1974","71-0",-97.482083,37.955694,141.0139771,"132-197"
"4237","Harvey",-13.37,NA,1974-07-02,375724097295101,79,0,c(-97.500417, 37.956111),"1974","71-0",-97.500417,37.956111,158.3869019,"132-197"
"4238","Harvey",-14.45,NA,1974-10-02,375718097320201,79,0,c(-97.537083, 37.955694),"1974","71-0",-97.537083,37.955694,179.0117493,"132-197"
"4239","Reno",-4.3,"PATTERSON",1974-12-31,375728097425702,155,0,c(-97.720139, 37.95625),"1974","71-0",-97.720139,37.95625,228.5601959,"198-262"
"4240","Harvey",-22.74,NA,1974-09-26,375633097355001,79,0,c(-97.600694, 37.941667),"1974","71-0",-97.600694,37.941667,185.4037323,"132-197"
"4241","Harvey",-17.73,NA,1974-10-16,375633097355001,79,0,c(-97.600694, 37.941667),"1974","71-0",-97.600694,37.941667,185.4037323,"132-197"
"4242","Harvey",-14.98,NA,1974-01-17,375633097355002,79,0,c(-97.599861, 37.941528),"1974","71-0",-97.599861,37.941528,186.702179,"132-197"
"4243","Harvey",-14.15,NA,1974-10-16,375633097355002,79,0,c(-97.599861, 37.941528),"1974","71-0",-97.599861,37.941528,186.702179,"132-197"
"4244","Harvey",-16.5,NA,1974-12-18,375633097364003,79,0,c(-97.610694, 37.941528),"1974","71-0",-97.610694,37.941528,168.1863708,"132-197"
"4245","Harvey",-18.01,NA,1974-10-16,375652097364003,79,0,c(-97.610556, 37.947361),"1974","71-0",-97.610556,37.947361,177.5899048,"132-197"
"4246","Harvey",-22.93,NA,1974-11-25,375633097355003,79,0,c(-97.599861, 37.941528),"1974","71-0",-97.599861,37.941528,186.702179,"132-197"
"4247","Harvey",-11.72,NA,1974-02-19,375633097364001,79,0,c(-97.610833, 37.942083),"1974","71-0",-97.610833,37.942083,168.6699066,"132-197"
"4248","Harvey",-11.61,NA,1974-09-18,375633097364001,79,0,c(-97.610833, 37.942083),"1974","71-0",-97.610833,37.942083,168.6699066,"132-197"
"4249","Harvey",-29.09,NA,1974-04-24,375817097330701,79,0,c(-97.555278, 37.97125),"1974","71-0",-97.555278,37.97125,186.157074,"132-197"
"4250","Harvey",-28.97,NA,1974-08-30,375817097330701,79,0,c(-97.555278, 37.97125),"1974","71-0",-97.555278,37.97125,186.157074,"132-197"
"4251","Harvey",-29,NA,1974-08-19,375817097321001,79,0,c(-97.537917, 37.970972),"1974","71-0",-97.537917,37.970972,177.3802795,"132-197"
"4252","Harvey",-28.65,NA,1974-02-25,375810097334002,79,0,c(-97.562439, 37.970547),"1974","71-0",-97.562439,37.970547,195.2039337,"132-197"
"4253","Harvey",-28.86,NA,1974-04-30,375817097321002,79,0,c(-97.537361, 37.972222),"1974","71-0",-97.537361,37.972222,177.3385925,"132-197"
"4254","Harvey",-30,NA,1974-04-29,375810097334001,79,0,c(-97.563889, 37.970139),"1974","71-0",-97.563889,37.970139,197.6804504,"132-197"
"4255","Harvey",-9.57,NA,1974-07-02,375810097295101,79,0,c(-97.499869, 37.970439),"1974","71-0",-97.499869,37.970439,149.4152985,"132-197"
"4256","Harvey",-23.84,NA,1974-07-19,375810097324301,79,0,c(-97.54625, 37.970139),"1974","71-0",-97.54625,37.970139,182.0330048,"132-197"
"4257","Harvey",-32.5,NA,1974-01-17,375807097330301,79,0,c(-97.554583, 37.97),"1974","71-0",-97.554583,37.97,186.9123077,"132-197"
"4258","Harvey",-33,NA,1974-04-24,375807097330301,79,0,c(-97.554583, 37.97),"1974","71-0",-97.554583,37.97,186.9123077,"132-197"
"4259","Harvey",-32,NA,1974-09-17,375807097330301,79,0,c(-97.554583, 37.97),"1974","71-0",-97.554583,37.97,186.9123077,"132-197"
"4260","Harvey",-40,NA,1974-04-24,375843097363301,79,0,c(-97.610694, 37.978611),"1974","71-0",-97.610694,37.978611,202.4698029,"198-262"
"4261","Harvey",-35.66,NA,1974-04-29,375902097334803,79,0,c(-97.565417, 37.984861),"1974","71-0",-97.565417,37.984861,202.7014771,"198-262"
"4262","Harvey",-38,NA,1974-05-30,375902097334801,79,0,c(-97.565278, 37.984583),"1974","71-0",-97.565278,37.984583,202.5888824,"198-262"
"4263","Harvey",-38,NA,1974-08-30,375902097334801,79,0,c(-97.565278, 37.984583),"1974","71-0",-97.565278,37.984583,202.5888824,"198-262"
"4264","Harvey",-14.7,NA,1974-03-19,375843097363302,79,0,c(-97.610556, 37.977917),"1974","71-0",-97.610556,37.977917,202.4074707,"198-262"
"4265","Harvey",-14.1,NA,1974-07-24,375843097363302,79,0,c(-97.610556, 37.977917),"1974","71-0",-97.610556,37.977917,202.4074707,"198-262"
"4266","Harvey",-14.29,NA,1974-08-21,375843097363302,79,0,c(-97.610556, 37.977917),"1974","71-0",-97.610556,37.977917,202.4074707,"198-262"
"4267","Harvey",-32.02,NA,1974-04-29,375902097334802,79,0,c(-97.566797, 37.985025),"1974","71-0",-97.566797,37.985025,203.3744202,"198-262"
"4268","Harvey",-10.8,NA,1974-03-29,375817097365702,79,0,c(-97.618364, 37.971524),"1974","71-0",-97.618364,37.971524,197.544281,"132-197"
"4269","Harvey",-10.31,NA,1974-09-18,375817097365702,79,0,c(-97.618364, 37.971524),"1974","71-0",-97.618364,37.971524,197.544281,"132-197"
"4270","Harvey",-32.51,NA,1974-06-17,375836097330702,79,0,c(-97.555278, 37.975972),"1974","71-0",-97.555278,37.975972,187.0804138,"132-197"
"4271","Harvey",-32.56,NA,1974-09-18,375836097330702,79,0,c(-97.555278, 37.975972),"1974","71-0",-97.555278,37.975972,187.0804138,"132-197"
"4272","Harvey",-38.2,NA,1974-07-22,375836097330701,79,0,c(-97.554722, 37.977222),"1974","71-0",-97.554722,37.977222,187.0685425,"132-197"
"4273","Reno",-4.75,NA,1974-07-01,375820097452803,155,0,c(-97.759344, 37.97253),"1974","71-0",-97.759344,37.97253,288.8971863,"263-328"
"4274","Harvey",-28.74,NA,1974-11-20,375836097334002,79,0,c(-97.564583, 37.975972),"1974","71-0",-97.564583,37.975972,201.1103516,"198-262"
"4275","Harvey",-32.8,NA,1974-07-26,375935097342102,79,0,c(-97.573889, 37.994167),"1974","71-0",-97.573889,37.994167,208.819046,"198-262"
"4276","Harvey",-50.95,NA,1974-04-30,375935097342103,79,0,c(-97.573889, 37.994167),"1974","71-0",-97.573889,37.994167,208.819046,"198-262"
"4277","Harvey",-25.13,NA,1974-12-30,375955097351901,79,0,c(-97.591806, 37.999444),"1974","71-0",-97.591806,37.999444,218.6835632,"198-262"
"4278","Harvey",-38,NA,1974-01-31,380001097341301,79,0,c(-97.573056, 38.000139),"1974","71-0",-97.573056,38.000139,206.3171692,"198-262"
"4279","Harvey",-40.5,NA,1974-08-19,375935097342101,79,0,c(-97.574444, 37.992917),"1974","71-0",-97.574444,37.992917,208.6991119,"198-262"
"4280","Harvey",-33.5,NA,1974-08-23,375903097363301,79,0,c(-97.610694, 37.984583),"1974","71-0",-97.610694,37.984583,206.597702,"198-262"
"4281","Harvey",-17.93,NA,1974-12-31,375909097305701,79,0,c(-97.518472, 37.985278),"1974","71-0",-97.518472,37.985278,167.4144897,"132-197"
"4282","Harvey",-36.77,NA,1974-01-03,375910097352702,79,0,c(-97.592222, 37.985139),"1974","71-0",-97.592222,37.985139,211.90979,"198-262"
"4283","Harvey",-31.32,NA,1974-10-02,375910097352701,79,0,c(-97.592222, 37.985139),"1974","71-0",-97.592222,37.985139,211.90979,"198-262"
"4284","Harvey",-29.3,NA,1974-05-22,375902097341302,79,0,c(-97.57375, 37.983333),"1974","71-0",-97.57375,37.983333,207.2333984,"198-262"
"4285","Harvey",-28.63,NA,1974-11-20,375902097341302,79,0,c(-97.57375, 37.983333),"1974","71-0",-97.57375,37.983333,207.2333984,"198-262"
"4286","Harvey",-12.95,NA,1974-04-01,375909097285401,79,0,c(-97.483183, 37.985756),"1974","71-0",-97.483183,37.985756,124.8698807,"66-131"
"4287","Harvey",-39.65,NA,1974-11-25,380054097342202,79,0,c(-97.575972, 38.014167),"1974","71-0",-97.575972,38.014167,202.6842957,"198-262"
"4288","Harvey",-42.6,NA,1974-12-17,380054097342202,79,0,c(-97.575972, 38.014167),"1974","71-0",-97.575972,38.014167,202.6842957,"198-262"
"4289","Harvey",-41.42,NA,1974-08-19,380113097341402,79,0,c(-97.573611, 38.019583),"1974","71-0",-97.573611,38.019583,198.1156464,"198-262"
"4290","Harvey",-37,NA,1974-03-26,380054097342201,79,0,c(-97.574583, 38.014722),"1974","71-0",-97.574583,38.014722,200.8865967,"198-262"
"4291","Harvey",-41.5,NA,1974-10-25,380054097342201,79,0,c(-97.574583, 38.014722),"1974","71-0",-97.574583,38.014722,200.8865967,"198-262"
"4292","Harvey",-6.07,"BURRTON",1974-01-03,380048097395201,79,0,c(-97.665786, 38.013989),"1974","71-0",-97.665786,38.013989,142.2989655,"132-197"
"4293","Harvey",-40,NA,1974-12-17,380054097334901,79,0,c(-97.565417, 38.014722),"1974","71-0",-97.565417,38.014722,193.8327484,"132-197"
"4294","Harvey",-17.42,NA,1974-01-16,380041097253501,79,0,c(-97.428097, 38.011211),"1974","71-0",-97.428097,38.011211,69.5834885,"66-131"
"4295","Harvey",-39.82,NA,1974-01-03,380054097324401,79,0,c(-97.546528, 38.014306),"1974","71-0",-97.546528,38.014306,184.3016815,"132-197"
"4296","Harvey",-49,NA,1974-08-19,380021097341301,79,0,c(-97.573056, 38.00625),"1974","71-0",-97.573056,38.00625,207.2375031,"198-262"
"4297","Harvey",-22,NA,1974-12-30,380048097362501,79,0,c(-97.610178, 38.014),"1974","71-0",-97.610178,38.014,216.9775238,"198-262"
"4298","Harvey",-35.04,NA,1974-04-03,380001097342101,79,0,c(-97.573889, 37.999722),"1974","71-0",-97.573889,37.999722,206.5306702,"198-262"
"4299","Harvey",-34.9,NA,1974-07-02,380001097342101,79,0,c(-97.573889, 37.999722),"1974","71-0",-97.573889,37.999722,206.5306702,"198-262"
"4300","Harvey",-26.09,NA,1974-04-01,380232097352801,79,0,c(-97.592222, 38.043194),"1974","71-0",-97.592222,38.043194,231.9792938,"198-262"
"4301","Harvey",-10.95,NA,1974-07-02,380239097395403,79,0,c(-97.665694, 38.043333),"1974","71-0",-97.665694,38.043333,209.4247742,"198-262"
"4302","Harvey",-2.29,NA,1974-04-02,380245097372401,79,0,c(-97.624306, 38.043889),"1974","71-0",-97.624306,38.043889,216.2258301,"198-262"
"4303","Harvey",-2.28,NA,1974-07-02,380226097352801,79,0,c(-97.592222, 38.039722),"1974","71-0",-97.592222,38.039722,226.9227142,"198-262"
"4304","Harvey",-4.82,NA,1974-10-02,380226097352801,79,0,c(-97.592222, 38.039722),"1974","71-0",-97.592222,38.039722,226.9227142,"198-262"
"4305","Harvey",-25.18,NA,1974-10-02,380146097352001,79,0,c(-97.591944, 38.028889),"1974","71-0",-97.591944,38.028889,211.9853363,"198-262"
"4306","Harvey",-24.04,NA,1974-12-30,380146097352001,79,0,c(-97.591944, 38.028889),"1974","71-0",-97.591944,38.028889,211.9853363,"198-262"
"4307","Reno",-8.92,NA,1974-01-14,380202097421001,155,0,c(-97.704227, 38.034023),"1974","71-0",-97.704227,38.034023,229.233902,"198-262"
"4308","Reno",-15.23,"Hutchinson SE",1974-01-14,380324097462401,155,0,c(-97.774326, 38.05652),"1974","71-0",-97.774326,38.05652,104.928154,"66-131"
"4309","Harvey",-37.76,"BURRTON",1974-10-02,380509097394702,79,0,c(-97.665139, 38.086667),"1974","71-0",-97.665139,38.086667,159.9980469,"132-197"
"4310","McPherson",-97.5,NA,1974-12-31,382228097404401,113,0,c(-97.679565, 38.374001),"1974","143-72",-97.679565,38.374001,76.8052292,"66-131"
"4311","McPherson",-10.87,NA,1974-01-09,381813097295901,113,0,c(-97.499645, 38.303247),"1974","71-0",-97.499645,38.303247,42.126503,"0-65"
"4312","McPherson",-17.37,"MCPHERSON SOUTH",1974-01-11,381530097443401,113,0,c(-97.744519, 38.258543),"1974","71-0",-97.744519,38.258543,53.6173019,"0-65"
"4313","McPherson",-6.2,NA,1974-03-08,383302097485401,113,0,c(-97.815248, 38.550469),"1974","71-0",-97.815248,38.550469,NA,NA
"4314","McPherson",-22.5,NA,1974-09-10,383540097552401,113,0,c(-97.923726, 38.594262),"1974","71-0",-97.923726,38.594262,NA,NA
"4315","Harvey",-24.45,NA,1974-01-03,380140097365901,79,0,c(-97.616389, 38.028611),"1974","71-0",-97.616389,38.028611,214.0660706,"198-262"
"4316","Harvey",-13.6,"HALSTEAD",1974-12-31,380143097365901,79,0,c(-97.616389, 38.028611),"1974","71-0",-97.616389,38.028611,214.0660706,"198-262"
"4317","Butler",-28.8,"DE GRAFF",1974-01-10,375724096503701,15,0,c(-96.844162, 37.956195),"1974","71-0",-96.844162,37.956195,NA,NA
"4318","Butler",-2.75,"MATFIELD GREEN SE",1974-06-12,380332096355901,15,0,c(-96.599826, 38.057957),"1974","71-0",-96.599826,38.057957,NA,NA
"4319","Chase",-8.55,"SAFFORDVILLE",1974-04-26,382702096263701,17,0,c(-96.445838, 38.45001),"1974","71-0",-96.445838,38.45001,NA,NA
"4320","Butler",-58.44,"EL DORADO",1974-01-10,375229096495701,15,0,c(-96.832566, 37.874438),"1974","71-0",-96.832566,37.874438,NA,NA
"4321","Butler",-9.14,"BENTON",1974-06-12,375204097030001,15,0,c(-97.050179, 37.867814),"1974","71-0",-97.050179,37.867814,NA,NA
"4322","Chase",-4.93,"HYMER",1974-04-26,382439096380601,17,0,c(-96.635663, 38.410918),"1974","71-0",-96.635663,38.410918,NA,NA
"4323","Chase",-18.48,"CEDAR POINT",1974-04-26,381616096485201,17,0,c(-96.811194, 38.271242),"1974","71-0",-96.811194,38.271242,NA,NA
"4324","Butler",-14.45,"BENTON",1974-01-10,375204097030001,15,0,c(-97.050179, 37.867814),"1974","71-0",-97.050179,37.867814,NA,NA
"4325","Butler",-26.9,"DE GRAFF",1974-06-12,375724096503701,15,0,c(-96.844162, 37.956195),"1974","71-0",-96.844162,37.956195,NA,NA
"4326","Butler",-9.16,"MATFIELD GREEN SE",1974-01-10,380332096355901,15,0,c(-96.599826, 38.057957),"1974","71-0",-96.599826,38.057957,NA,NA
"4327","Butler",-44.28,"ELBING",1974-06-12,380204097080101,15,0,c(-97.133124, 38.035675),"1974","71-0",-97.133124,38.035675,NA,NA
"4328","Chase",-9.33,"COTTONWOOD FALLS",1974-04-26,381840096365101,17,0,c(-96.615629, 38.310745),"1974","71-0",-96.615629,38.310745,NA,NA
"4329","Butler",-55.8,"EL DORADO",1974-06-12,375229096495701,15,0,c(-96.832566, 37.874438),"1974","71-0",-96.832566,37.874438,NA,NA
"4330","Butler",-49.68,"ELBING",1974-01-10,380204097080101,15,0,c(-97.133124, 38.035675),"1974","71-0",-97.133124,38.035675,NA,NA
"4331","Allen",-8.1,"IOLA",1974-06-19,375528095263701,1,0,c(-95.443871, 37.924481),"1974","71-0",-95.443871,37.924481,NA,NA
"4332","Allen",-8.7,"IOLA",1974-12-20,375528095263701,1,0,c(-95.443871, 37.924481),"1974","71-0",-95.443871,37.924481,NA,NA
"4333","Allen",-7.46,"IOLA",1974-03-20,375528095263701,1,0,c(-95.443871, 37.924481),"1974","71-0",-95.443871,37.924481,NA,NA
"4334","Allen",-9.7,"IOLA",1974-09-26,375528095263701,1,0,c(-95.443871, 37.924481),"1974","71-0",-95.443871,37.924481,NA,NA
"4335","Wallace",-175.1,NA,1974-01-22,384841102020401,199,0,c(-102.035231, 38.809122),"1974","215-144",-102.035231,38.809122,41.4888191,"0-65"
"4336","Wallace",-94.82,"Spring Valley Ranch",1974-01-22,384710101451901,199,0,c(-101.755216, 38.784878),"1974","143-72",-101.755216,38.784878,71.2219696,"66-131"
"4337","Wallace",-106.65,"Spring Valley Ranch",1974-12-10,384710101451901,199,0,c(-101.755216, 38.784878),"1974","143-72",-101.755216,38.784878,71.2219696,"66-131"
"4338","Greeley",-120.15,NA,1974-06-17,383841101363801,71,0,c(-101.613013, 38.643464),"1974","143-72",-101.613013,38.643464,48.1263618,"0-65"
"4339","Wallace",-118.98,NA,1974-12-10,384316101441601,199,0,c(-101.737997, 38.71922),"1974","143-72",-101.737997,38.71922,57.24646,"0-65"
"4340","Wallace",-161.8,NA,1974-01-22,384507101591201,199,0,c(-101.98689, 38.749842),"1974","215-144",-101.98689,38.749842,47.5083046,"0-65"
"4341","Greeley",-96.2,NA,1974-01-21,384159101420801,71,0,c(-101.70228, 38.698572),"1974","143-72",-101.70228,38.698572,39.5288544,"0-65"
"4342","Sherman",-141.48,"Goodland",1974-09-11,391502101433001,181,0,c(-101.72605, 39.250772),"1974","143-72",-101.72605,39.250772,81.2340317,"66-131"
"4343","Sherman",-130.18,NA,1974-06-11,392442101432701,181,0,c(-101.724388, 39.411955),"1974","143-72",-101.724388,39.411955,161.2223969,"132-197"
"4344","Sherman",-149.7,"Edson",1974-01-16,392109101351401,181,0,c(-101.588646, 39.352121),"1974","215-144",-101.588646,39.352121,119.2197952,"66-131"
"4345","Thomas",-124.73,"Brewster",1974-01-18,392153101223802,193,0,c(-101.378441, 39.365132),"1974","143-72",-101.378441,39.365132,99.5259628,"66-131"
"4346","Sherman",-170.28,NA,1974-03-06,391909101425501,181,0,c(-101.71566, 39.319504),"1974","215-144",-101.71566,39.319504,92.6940308,"66-131"
"4347","Sherman",-168.77,NA,1974-03-05,392100101433701,181,0,c(-101.727013, 39.350266),"1974","215-144",-101.727013,39.350266,91.2294617,"66-131"
"4348","Sherman",-145.28,NA,1974-01-14,391730102012701,181,0,c(-102.023959, 39.29292),"1974","215-144",-102.023959,39.29292,69.4628372,"66-131"
"4349","Sherman",-148.63,NA,1974-12-04,391730102012701,181,0,c(-102.023959, 39.29292),"1974","215-144",-102.023959,39.29292,69.4628372,"66-131"
"4350","Wallace",-141.81,NA,1974-01-22,384927101432801,199,0,c(-101.724554, 38.82278),"1974","143-72",-101.724554,38.82278,10,"0-65"
"4351","Wallace",-127.77,NA,1974-12-10,385006101570301,199,0,c(-101.951443, 38.833063),"1974","143-72",-101.951443,38.833063,25.2201023,"0-65"
"4352","Wallace",-156.8,NA,1974-01-22,385222101565301,199,0,c(-101.948742, 38.8713),"1974","215-144",-101.948742,38.8713,10,"0-65"
"4353","Wichita",-115.22,"RUSSELL SPRINGS 3 NE",1974-03-13,384008101215301,203,0,c(-101.366711, 38.667679),"1974","143-72",-101.366711,38.667679,23.243824,"0-65"
"4354","Wichita",-131.68,NA,1974-01-21,383823101233101,203,0,c(-101.394361, 38.638458),"1974","143-72",-101.394361,38.638458,30.9355011,"0-65"
"4355","Wichita",-131.9,NA,1974-01-22,383829101261501,203,0,c(-101.440749, 38.640167),"1974","143-72",-101.440749,38.640167,30.3683052,"0-65"
"4356","Sherman",-119.57,"Goodland",1974-03-06,391502101433001,181,0,c(-101.72605, 39.250772),"1974","143-72",-101.72605,39.250772,81.2340317,"66-131"
"4357","Thomas",-188.01,NA,1974-01-18,391339101143501,193,0,c(-101.242537, 39.229405),"1974","215-144",-101.242537,39.229405,42.9695511,"0-65"
"4358","Sherman",-152.17,"Ruleton",1974-01-15,391638101580901,181,0,c(-101.967957, 39.27827),"1974","215-144",-101.967957,39.27827,58.7397041,"0-65"
"4359","Sherman",-150.47,"Ruleton SE",1974-01-18,391632101522601,181,0,c(-101.874854, 39.274651),"1974","215-144",-101.874854,39.274651,84.4317474,"66-131"
"4360","Logan",-151.08,NA,1974-03-06,390741101205902,109,0,c(-101.350598, 39.129431),"1974","215-144",-101.350598,39.129431,10,"0-65"
"4361","Sherman",-169.25,NA,1974-01-16,392100101433701,181,0,c(-101.727013, 39.350266),"1974","215-144",-101.727013,39.350266,91.2294617,"66-131"
"4362","Wallace",-97.22,NA,1974-01-22,384946101521301,199,0,c(-101.871502, 38.82689),"1974","143-72",-101.871502,38.82689,60.123867,"0-65"
"4363","Wallace",-94.5,"Spring Valley Ranch",1974-03-13,384710101451901,199,0,c(-101.755216, 38.784878),"1974","143-72",-101.755216,38.784878,71.2219696,"66-131"
"4364","Wallace",-97.75,"Spring Valley Ranch",1974-06-17,384710101451901,199,0,c(-101.755216, 38.784878),"1974","143-72",-101.755216,38.784878,71.2219696,"66-131"
"4365","Wallace",-150.7,"South Flats",1974-12-10,384558101403701,199,0,c(-101.67793, 38.765095),"1974","215-144",-101.67793,38.765095,34.3422699,"0-65"
"4366","Wallace",-145.73,"South Flats",1974-06-17,384651101374201,199,0,c(-101.626907, 38.782612),"1974","215-144",-101.626907,38.782612,25.3620853,"0-65"
"4367","Wallace",-125.37,"M Ladder Creek West",1974-06-17,384212101491702,199,0,c(-101.822068, 38.701479),"1974","143-72",-101.822068,38.701479,70.4810562,"66-131"
"4368","Wallace",-118.98,"Harris Draw East",1974-03-06,390254101305402,199,0,c(-101.516276, 39.049507),"1974","143-72",-101.516276,39.049507,10,"0-65"
"4369","Sherman",-136.25,"Horsethief Draw NE",1974-03-06,391454101490901,181,0,c(-101.819553, 39.249071),"1974","143-72",-101.819553,39.249071,58.4169426,"0-65"
"4370","Sherman",-142.03,NA,1974-01-16,392645101534401,181,0,c(-101.896269, 39.445706),"1974","143-72",-101.896269,39.445706,129.743103,"66-131"
"4371","Sherman",-114.66,"Ruleton NE",1974-01-15,392429101454201,181,0,c(-101.762352, 39.408018),"1974","143-72",-101.762352,39.408018,137.9649353,"132-197"
"4372","Sherman",-69.5,"Kanorado",1974-06-11,391828102024901,181,0,c(-102.04696, 39.307569),"1974","71-0",-102.04696,39.307569,66.8211517,"66-131"
"4373","Sherman",-146.6,"Brewster NW",1974-01-17,392324101255101,181,0,c(-101.431442, 39.390501),"1974","215-144",-101.431442,39.390501,103.7791672,"66-131"
"4374","Sherman",-161.89,NA,1974-12-04,392100101433701,181,0,c(-101.727013, 39.350266),"1974","215-144",-101.727013,39.350266,91.2294617,"66-131"
"4375","Sherman",-129.22,NA,1974-01-16,392706101340501,181,0,c(-101.56905, 39.452193),"1974","143-72",-101.56905,39.452193,158.5054626,"132-197"
"4376","Wallace",-162.58,NA,1974-01-22,384657101535501,199,0,c(-101.898752, 38.780772),"1974","215-144",-101.898752,38.780772,42.0364342,"0-65"
"4377","Wichita",-125.86,NA,1974-01-22,384159101324801,203,0,c(-101.549806, 38.69882),"1974","143-72",-101.549806,38.69882,41.3625374,"0-65"
"4378","Wallace",-127.65,"M Ladder Creek West",1974-12-10,384212101491702,199,0,c(-101.822068, 38.701479),"1974","143-72",-101.822068,38.701479,70.4810562,"66-131"
"4379","Wichita",-133.35,NA,1974-01-21,383830101151801,203,0,c(-101.256036, 38.641145),"1974","143-72",-101.256036,38.641145,41.2707062,"0-65"
"4380","Wallace",-125.02,"Harris Draw East",1974-06-11,390254101305402,199,0,c(-101.516276, 39.049507),"1974","143-72",-101.516276,39.049507,10,"0-65"
"4381","Wallace",-103.17,"Mount Sunflower",1974-03-06,390618102000301,199,0,c(-102.001656, 39.104033),"1974","143-72",-102.001656,39.104033,26.4522724,"0-65"
"4382","Sherman",-69.34,"Kanorado",1974-03-05,391828102024901,181,0,c(-102.04696, 39.307569),"1974","71-0",-102.04696,39.307569,66.8211517,"66-131"
"4383","Sherman",-103.26,"Ruleton SE",1974-01-15,392000101511701,181,0,c(-101.855154, 39.334279),"1974","143-72",-101.855154,39.334279,124.9276352,"66-131"
"4384","Sherman",-139.65,NA,1974-01-15,391835101593901,181,0,c(-101.994339, 39.310119),"1974","143-72",-101.994339,39.310119,71.7655716,"66-131"
"4385","Greeley",-140.28,NA,1974-01-21,383947101463701,71,0,c(-101.777229, 38.660963),"1974","143-72",-101.777229,38.660963,32.5556107,"0-65"
"4386","Wallace",-113.3,NA,1974-01-22,384316101441601,199,0,c(-101.737997, 38.71922),"1974","143-72",-101.737997,38.71922,57.24646,"0-65"
"4387","Wichita",-114.8,NA,1974-01-22,383954101311001,203,0,c(-101.521729, 38.663436),"1974","143-72",-101.521729,38.663436,46.0021477,"0-65"
"4388","Wallace",-115.66,"Mount Sunflower",1974-12-05,390618102000301,199,0,c(-102.001656, 39.104033),"1974","143-72",-102.001656,39.104033,26.4522724,"0-65"
"4389","Sherman",-100.71,NA,1974-03-05,392014101490601,181,0,c(-101.818187, 39.33731),"1974","143-72",-101.818187,39.33731,119.8233871,"66-131"
"4390","Sherman",-68.26,"Kanorado",1974-09-11,391828102024901,181,0,c(-102.04696, 39.307569),"1974","71-0",-102.04696,39.307569,66.8211517,"66-131"
"4391","Sherman",-147.4,"Ruleton SE",1974-01-15,391836101454401,181,0,c(-101.763435, 39.310135),"1974","215-144",-101.763435,39.310135,93.1438904,"66-131"
"4392","Sherman",-88.61,"Brewster",1974-01-14,391917101282301,181,0,c(-101.474543, 39.322922),"1974","143-72",-101.474543,39.322922,95.0453339,"66-131"
"4393","Wallace",-184.1,NA,1974-06-17,384618101515901,199,0,c(-101.86648, 38.76971),"1974","215-144",-101.86648,38.76971,55.9841614,"0-65"
"4394","Wallace",-127.45,NA,1974-01-22,384617101485701,199,0,c(-101.815376, 38.76971),"1974","143-72",-101.815376,38.76971,74.5616302,"66-131"
"4395","Wichita",-99.61,"Beulah Cemetery",1974-01-21,384054101204801,203,0,c(-101.347639, 38.679285),"1974","143-72",-101.347639,38.679285,23.2770596,"0-65"
"4396","Greeley",-148.32,NA,1974-03-13,383915101522901,71,0,c(-101.875331, 38.651731),"1974","215-144",-101.875331,38.651731,25.9613743,"0-65"
"4397","Greeley",-156.88,NA,1974-06-17,383915101522901,71,0,c(-101.875331, 38.651731),"1974","215-144",-101.875331,38.651731,25.9613743,"0-65"
"4398","Sherman",-129.47,"Goodland",1974-06-11,391502101433001,181,0,c(-101.72605, 39.250772),"1974","143-72",-101.72605,39.250772,81.2340317,"66-131"
"4399","Sherman",-154.84,"Ruleton",1974-12-04,391638101580901,181,0,c(-101.967957, 39.27827),"1974","215-144",-101.967957,39.27827,58.7397041,"0-65"
"4400","Wallace",-106.64,"Mount Sunflower",1974-06-11,390618102000301,199,0,c(-102.001656, 39.104033),"1974","143-72",-102.001656,39.104033,26.4522724,"0-65"
"4401","Logan",-161.91,NA,1974-09-11,390741101205902,109,0,c(-101.350598, 39.129431),"1974","215-144",-101.350598,39.129431,10,"0-65"
"4402","Sherman",-131.75,NA,1974-12-05,392442101432701,181,0,c(-101.724388, 39.411955),"1974","143-72",-101.724388,39.411955,161.2223969,"132-197"
"4403","Sherman",-148.73,"Goodland",1974-06-11,392107101400701,181,0,c(-101.669849, 39.35137),"1974","215-144",-101.669849,39.35137,101.8830566,"66-131"
"4404","Sherman",-70.12,"Kanorado",1974-12-04,391828102024901,181,0,c(-102.04696, 39.307569),"1974","71-0",-102.04696,39.307569,66.8211517,"66-131"
"4405","Thomas",-124.96,"Brewster",1974-03-05,392153101223802,193,0,c(-101.378441, 39.365132),"1974","143-72",-101.378441,39.365132,99.5259628,"66-131"
"4406","Sherman",-170.5,NA,1974-06-11,392100101433701,181,0,c(-101.727013, 39.350266),"1974","215-144",-101.727013,39.350266,91.2294617,"66-131"
"4407","Sherman",-144.26,NA,1974-03-05,391730102012701,181,0,c(-102.023959, 39.29292),"1974","215-144",-102.023959,39.29292,69.4628372,"66-131"
"4408","Wallace",-90.13,NA,1974-01-22,384807101342901,199,0,c(-101.574038, 38.801906),"1974","143-72",-101.574038,38.801906,29.8487511,"0-65"
"4409","Wallace",-145.56,"South Flats",1974-01-22,384558101403701,199,0,c(-101.67793, 38.765095),"1974","215-144",-101.67793,38.765095,34.3422699,"0-65"
"4410","Wallace",-163.9,"M Ladder Creek West",1974-01-22,384310101521901,199,0,c(-101.872652, 38.717229),"1974","215-144",-101.872652,38.717229,52.6389275,"0-65"
"4411","Wallace",-128.05,"West Bethany Church",1974-03-13,384323101372101,199,0,c(-101.622963, 38.721246),"1974","143-72",-101.622963,38.721246,38.6155128,"0-65"
"4412","Greeley",-109.9,"West Bethany Church",1974-03-13,384139101354901,71,0,c(-101.598095, 38.691913),"1974","143-72",-101.598095,38.691913,50.0873947,"0-65"
"4413","Greeley",-118.73,"West Bethany Church",1974-09-17,384139101354901,71,0,c(-101.598095, 38.691913),"1974","143-72",-101.598095,38.691913,50.0873947,"0-65"
"4414","Wallace",-136.24,"M Ladder Creek West",1974-09-17,384212101491702,199,0,c(-101.822068, 38.701479),"1974","143-72",-101.822068,38.701479,70.4810562,"66-131"
"4415","Sherman",-139.59,"Horsethief Draw NE",1974-09-11,391454101490901,181,0,c(-101.819553, 39.249071),"1974","143-72",-101.819553,39.249071,58.4169426,"0-65"
"4416","Sherman",-16.16,"Horsethief Draw NE",1974-01-14,391158101460401,181,0,c(-101.766151, 39.199632),"1974","71-0",-101.766151,39.199632,44.3779221,"0-65"
"4417","Sherman",-124.09,NA,1974-01-14,391310101501301,181,0,c(-101.837123, 39.219317),"1974","143-72",-101.837123,39.219317,62.6673012,"0-65"
"4418","Sherman",-132.52,NA,1974-09-11,391310101501301,181,0,c(-101.837123, 39.219317),"1974","143-72",-101.837123,39.219317,62.6673012,"0-65"
"4419","Logan",-154.52,NA,1974-06-11,390741101205902,109,0,c(-101.350598, 39.129431),"1974","215-144",-101.350598,39.129431,10,"0-65"
"4420","Sherman",-100.8,NA,1974-01-14,392014101490601,181,0,c(-101.818187, 39.33731),"1974","143-72",-101.818187,39.33731,119.8233871,"66-131"
"4421","Sherman",-99.39,NA,1974-06-11,392014101490601,181,0,c(-101.818187, 39.33731),"1974","143-72",-101.818187,39.33731,119.8233871,"66-131"
"4422","Sherman",-111.79,"Ruleton",1974-01-14,392112101592101,181,0,c(-101.989858, 39.354478),"1974","143-72",-101.989858,39.354478,122.3630295,"66-131"
"4423","Sherman",-146.7,NA,1974-01-14,391639101421401,181,0,c(-101.70417, 39.277864),"1974","215-144",-101.70417,39.277864,90.3240738,"66-131"
"4424","Sherman",-150.87,NA,1974-01-15,391644101590701,181,0,c(-101.985305, 39.279236),"1974","215-144",-101.985305,39.279236,61.0444069,"0-65"
"4425","Greeley",-108.72,NA,1974-03-13,383841101363801,71,0,c(-101.613013, 38.643464),"1974","143-72",-101.613013,38.643464,48.1263618,"0-65"
"4426","Wallace",-144.62,"South Flats",1974-03-13,384558101403701,199,0,c(-101.67793, 38.765095),"1974","215-144",-101.67793,38.765095,34.3422699,"0-65"
"4427","Wichita",-121.16,NA,1974-01-21,383929101161601,203,0,c(-101.272165, 38.657456),"1974","143-72",-101.272165,38.657456,42.3642616,"0-65"
"4428","Wallace",-175.91,NA,1974-03-13,384618101515901,199,0,c(-101.86648, 38.76971),"1974","215-144",-101.86648,38.76971,55.9841614,"0-65"
"4429","Sherman",-150.94,"Ruleton",1974-03-05,391638101580901,181,0,c(-101.967957, 39.27827),"1974","215-144",-101.967957,39.27827,58.7397041,"0-65"
"4430","Sherman",-143.93,NA,1974-01-14,391409101464501,181,0,c(-101.778757, 39.235842),"1974","143-72",-101.778757,39.235842,60.7699928,"0-65"
"4431","Sherman",-148.8,"Goodland",1974-01-16,392107101400701,181,0,c(-101.669849, 39.35137),"1974","215-144",-101.669849,39.35137,101.8830566,"66-131"
"4432","Sherman",-165.29,"Goodland",1974-09-11,392107101400701,181,0,c(-101.669849, 39.35137),"1974","215-144",-101.669849,39.35137,101.8830566,"66-131"
"4433","Sherman",-167.17,"Goodland",1974-12-05,392107101400701,181,0,c(-101.669849, 39.35137),"1974","215-144",-101.669849,39.35137,101.8830566,"66-131"
"4434","Sherman",-170.5,NA,1974-09-11,392100101433701,181,0,c(-101.727013, 39.350266),"1974","215-144",-101.727013,39.350266,91.2294617,"66-131"
"4435","Sherman",-121.74,NA,1974-01-18,392003101271601,181,0,c(-101.455277, 39.334765),"1974","143-72",-101.455277,39.334765,87.0559006,"66-131"
"4436","Greeley",-140.99,NA,1974-03-13,383947101463701,71,0,c(-101.777229, 38.660963),"1974","143-72",-101.777229,38.660963,32.5556107,"0-65"
"4437","Wallace",-132.11,"West Bethany Church",1974-12-10,384323101372101,199,0,c(-101.622963, 38.721246),"1974","143-72",-101.622963,38.721246,38.6155128,"0-65"
"4438","Wichita",-123.18,"South of Twin Butte",1974-01-22,384014101261501,203,0,c(-101.441541, 38.670084),"1974","143-72",-101.441541,38.670084,19.5977192,"0-65"
"4439","Wallace",-120.39,NA,1974-01-22,384616101353801,199,0,c(-101.593264, 38.771054),"1974","143-72",-101.593264,38.771054,25.7845192,"0-65"
"4440","Wallace",-149.16,"South Flats",1974-12-10,384651101374201,199,0,c(-101.626907, 38.782612),"1974","215-144",-101.626907,38.782612,25.3620853,"0-65"
"4441","Wallace",-122.45,"M Ladder Creek West",1974-03-13,384212101491702,199,0,c(-101.822068, 38.701479),"1974","143-72",-101.822068,38.701479,70.4810562,"66-131"
"4442","Greeley",-149.15,NA,1974-01-21,383915101522901,71,0,c(-101.875331, 38.651731),"1974","215-144",-101.875331,38.651731,25.9613743,"0-65"
"4443","Wichita",-119.25,"South of Twin Butte",1974-01-22,383829101293201,203,0,c(-101.494943, 38.639194),"1974","143-72",-101.494943,38.639194,42.1661263,"0-65"
"4444","Wallace",-138.19,"Harris Draw East",1974-12-05,390254101305402,199,0,c(-101.516276, 39.049507),"1974","143-72",-101.516276,39.049507,10,"0-65"
"4445","Sherman",-145.34,"Goodland",1974-01-14,391553101442101,181,0,c(-101.739951, 39.264321),"1974","215-144",-101.739951,39.264321,87.0148468,"66-131"
"4446","Sherman",-92.39,NA,1974-01-14,391032102012201,181,0,c(-102.024458, 39.176572),"1974","143-72",-102.024458,39.176572,72.7680435,"66-131"
"4447","Sherman",-136.51,"Horsethief Draw NE",1974-01-14,391454101490901,181,0,c(-101.819553, 39.249071),"1974","143-72",-101.819553,39.249071,58.4169426,"0-65"
"4448","Sherman",-122.94,NA,1974-03-05,391310101501301,181,0,c(-101.837123, 39.219317),"1974","143-72",-101.837123,39.219317,62.6673012,"0-65"
"4449","Thomas",-136.74,"Brewster NE",1974-03-05,392620101221101,193,0,c(-101.370941, 39.439451),"1974","143-72",-101.370941,39.439451,111.6112137,"66-131"
"4450","Sherman",-104.27,NA,1974-12-04,392014101490601,181,0,c(-101.818187, 39.33731),"1974","143-72",-101.818187,39.33731,119.8233871,"66-131"
"4451","Sherman",-139.45,NA,1974-01-14,391950101335901,181,0,c(-101.567081, 39.330659),"1974","143-72",-101.567081,39.330659,100.4606094,"66-131"
"4452","Sherman",-114.44,NA,1974-01-14,391953102015101,181,0,c(-102.031526, 39.331893),"1974","143-72",-102.031526,39.331893,73.5442123,"66-131"
"4453","Thomas",-125.2,"Brewster",1974-06-10,392153101223802,193,0,c(-101.378441, 39.365132),"1974","143-72",-101.378441,39.365132,99.5259628,"66-131"
"4454","Thomas",-125.24,"Brewster",1974-12-04,392153101223802,193,0,c(-101.378441, 39.365132),"1974","143-72",-101.378441,39.365132,99.5259628,"66-131"
"4455","Sherman",-63.94,NA,1974-01-15,392034101480701,181,0,c(-101.801967, 39.342757),"1974","71-0",-101.801967,39.342757,115.0950699,"66-131"
"4456","Sherman",-151.99,NA,1974-09-11,391730102012701,181,0,c(-102.023959, 39.29292),"1974","215-144",-102.023959,39.29292,69.4628372,"66-131"
"4457","Wallace",-239.23,"Colony Township NW",1974-01-22,384238102004501,199,0,c(-102.012139, 38.707528),"1974","287-216",-102.012139,38.707528,56.1124878,"0-65"
"4458","Greeley",-144.79,NA,1974-06-17,383947101463701,71,0,c(-101.777229, 38.660963),"1974","215-144",-101.777229,38.660963,32.5556107,"0-65"
"4459","Greeley",-129.7,NA,1974-01-21,384007101403501,71,0,c(-101.677205, 38.666456),"1974","143-72",-101.677205,38.666456,34.2185516,"0-65"
"4460","Wallace",-175.69,NA,1974-01-22,384618101515901,199,0,c(-101.86648, 38.76971),"1974","215-144",-101.86648,38.76971,55.9841614,"0-65"
"4461","Wallace",-130.29,"West Bethany Church",1974-06-17,384323101372101,199,0,c(-101.622963, 38.721246),"1974","143-72",-101.622963,38.721246,38.6155128,"0-65"
"4462","Wallace",-140.65,NA,1974-01-22,384624101411001,199,0,c(-101.685994, 38.772336),"1974","143-72",-101.685994,38.772336,35.6793556,"0-65"
"4463","Wichita",-122.1,NA,1974-01-22,384106101300501,203,0,c(-101.503251, 38.683379),"1974","143-72",-101.503251,38.683379,37.4935303,"0-65"
"4464","Greeley",-110.05,"West Bethany Church",1974-01-21,384139101354901,71,0,c(-101.598095, 38.691913),"1974","143-72",-101.598095,38.691913,50.0873947,"0-65"
"4465","Wallace",-144.89,"South Flats",1974-01-22,384651101374201,199,0,c(-101.626907, 38.782612),"1974","215-144",-101.626907,38.782612,25.3620853,"0-65"
"4466","Sherman",-152.7,"Ruleton",1974-06-11,391638101580901,181,0,c(-101.967957, 39.27827),"1974","215-144",-101.967957,39.27827,58.7397041,"0-65"
"4467","Sherman",-127.04,"Horsethief Draw NW",1974-01-14,391401101531801,181,0,c(-101.889155, 39.234631),"1974","143-72",-101.889155,39.234631,112.4440536,"66-131"
"4468","Sherman",-122.02,"Horsethief Draw NW",1974-01-14,391401101583501,181,0,c(-101.977557, 39.233881),"1974","143-72",-101.977557,39.233881,67.644249,"66-131"
"4469","Sherman",-139.57,"Horsethief Draw NE",1974-12-05,391454101490901,181,0,c(-101.819553, 39.249071),"1974","143-72",-101.819553,39.249071,58.4169426,"0-65"
"4470","Sherman",-125.96,NA,1974-06-11,391310101501301,181,0,c(-101.837123, 39.219317),"1974","143-72",-101.837123,39.219317,62.6673012,"0-65"
"4471","Sherman",-130.53,NA,1974-12-05,391310101501301,181,0,c(-101.837123, 39.219317),"1974","143-72",-101.837123,39.219317,62.6673012,"0-65"
"4472","Sherman",-151.82,"Ruleton NW",1974-01-15,392520101591901,181,0,c(-101.989559, 39.422827),"1974","215-144",-101.989559,39.422827,124.4773254,"66-131"
"4473","Sherman",-128.89,NA,1974-01-15,392442101432701,181,0,c(-101.724388, 39.411955),"1974","143-72",-101.724388,39.411955,161.2223969,"132-197"
"4474","Sherman",-150.04,"Goodland",1974-01-16,392218101435301,181,0,c(-101.732451, 39.372779),"1974","215-144",-101.732451,39.372779,96.3563309,"66-131"
"4475","Sherman",-114.35,"Edson",1974-01-18,392101101302001,181,0,c(-101.507044, 39.351631),"1974","143-72",-101.507044,39.351631,107.2209549,"66-131"
"4476","Wallace",-118,NA,1974-03-13,385006101570301,199,0,c(-101.951443, 38.833063),"1974","143-72",-101.951443,38.833063,25.2201023,"0-65"
"4477","Greeley",-157.07,NA,1974-12-10,383915101522901,71,0,c(-101.875331, 38.651731),"1974","215-144",-101.875331,38.651731,25.9613743,"0-65"
"4478","Greeley",-108.65,NA,1974-01-21,383841101363801,71,0,c(-101.613013, 38.643464),"1974","143-72",-101.613013,38.643464,48.1263618,"0-65"
"4479","Greeley",-145.01,NA,1974-09-17,383947101463701,71,0,c(-101.777229, 38.660963),"1974","215-144",-101.777229,38.660963,32.5556107,"0-65"
"4480","Wallace",-123.99,NA,1974-03-13,384315101325301,199,0,c(-101.547426, 38.720579),"1974","143-72",-101.547426,38.720579,25.8544426,"0-65"
"4481","Wichita",-125.15,"RUSSELL SPRINGS 3 NE",1974-09-17,384008101215301,203,0,c(-101.366711, 38.667679),"1974","143-72",-101.366711,38.667679,23.243824,"0-65"
"4482","Logan",-64.53,NA,1974-01-22,384442101284001,109,0,c(-101.477738, 38.744474),"1974","71-0",-101.477738,38.744474,11.1750336,"0-65"
"4483","Wichita",-138.41,NA,1974-09-17,384106101300501,203,0,c(-101.503251, 38.683379),"1974","143-72",-101.503251,38.683379,37.4935303,"0-65"
"4484","Greeley",-117.57,"West Bethany Church",1974-12-10,384139101354901,71,0,c(-101.598095, 38.691913),"1974","143-72",-101.598095,38.691913,50.0873947,"0-65"
"4485","Sherman",-90.42,"Horsethief Draw NW",1974-01-14,391032101574801,181,0,c(-101.964256, 39.176582),"1974","143-72",-101.964256,39.176582,75.7840424,"66-131"
"4486","Sherman",-136.58,"Horsethief Draw NE",1974-06-11,391454101490901,181,0,c(-101.819553, 39.249071),"1974","143-72",-101.819553,39.249071,58.4169426,"0-65"
"4487","Sherman",-150.51,NA,1974-01-14,391454101534201,181,0,c(-101.895032, 39.248246),"1974","215-144",-101.895032,39.248246,102.4411316,"66-131"
"4488","Wallace",-103.6,"Mount Sunflower",1974-01-14,390618102000301,199,0,c(-102.001656, 39.104033),"1974","143-72",-102.001656,39.104033,26.4522724,"0-65"
"4489","Logan",-151.7,NA,1974-01-14,390741101205902,109,0,c(-101.350598, 39.129431),"1974","215-144",-101.350598,39.129431,10,"0-65"
"4490","Sherman",-119.78,"Goodland NW",1974-03-05,392429101441801,181,0,c(-101.740751, 39.409098),"1974","143-72",-101.740751,39.409098,161.7140045,"132-197"
"4491","Thomas",-139.15,"Brewster NE",1974-06-10,392620101221101,193,0,c(-101.370941, 39.439451),"1974","143-72",-101.370941,39.439451,111.6112137,"66-131"
"4492","Sherman",-149.15,"Goodland",1974-03-06,392107101400701,181,0,c(-101.669849, 39.35137),"1974","215-144",-101.669849,39.35137,101.8830566,"66-131"
"4493","Sherman",-118.44,"Ruleton SE",1974-01-15,392113101484901,181,0,c(-101.812453, 39.353499),"1974","143-72",-101.812453,39.353499,119.2615585,"66-131"
"4494","Thomas",-126.47,"Brewster",1974-09-10,392153101223802,193,0,c(-101.378441, 39.365132),"1974","143-72",-101.378441,39.365132,99.5259628,"66-131"
"4495","Sherman",-135.4,NA,1974-01-18,392324101291201,181,0,c(-101.487626, 39.390687),"1974","143-72",-101.487626,39.390687,120.5319214,"66-131"
"4496","Wallace",-118.1,NA,1974-01-22,385006101570301,199,0,c(-101.951443, 38.833063),"1974","143-72",-101.951443,38.833063,25.2201023,"0-65"
"4497","Wallace",-107.3,"Spring Valley Ranch",1974-09-17,384710101451901,199,0,c(-101.755216, 38.784878),"1974","143-72",-101.755216,38.784878,71.2219696,"66-131"
"4498","Wallace",-147.66,"South Flats",1974-06-17,384558101403701,199,0,c(-101.67793, 38.765095),"1974","215-144",-101.67793,38.765095,34.3422699,"0-65"
"4499","Wichita",-117.15,NA,1974-01-21,384008101190901,203,0,c(-101.320995, 38.66803),"1974","143-72",-101.320995,38.66803,35.9963951,"0-65"
"4500","Wallace",-92.36,NA,1974-01-22,384336101395801,199,0,c(-101.665837, 38.725126),"1974","143-72",-101.665837,38.725126,37.3347168,"0-65"
"4501","Greeley",-158.05,NA,1974-01-21,384114101525501,71,0,c(-101.882395, 38.684445),"1974","215-144",-101.882395,38.684445,37.6858864,"0-65"
"4502","Greeley",-117.77,"West Bethany Church",1974-06-17,384139101354901,71,0,c(-101.598095, 38.691913),"1974","143-72",-101.598095,38.691913,50.0873947,"0-65"
"4503","Greeley",-127.5,NA,1974-01-21,384159101465501,71,0,c(-101.782356, 38.697233),"1974","143-72",-101.782356,38.697233,62.0402527,"0-65"
"4504","Wallace",-132.1,"Harris Draw East",1974-09-11,390254101305402,199,0,c(-101.516276, 39.049507),"1974","143-72",-101.516276,39.049507,10,"0-65"
"4505","Sherman",-142.47,"Goodland",1974-12-05,391502101433001,181,0,c(-101.72605, 39.250772),"1974","143-72",-101.72605,39.250772,81.2340317,"66-131"
"4506","Logan",-160.85,NA,1974-01-14,390735101212402,109,0,c(-101.357251, 39.127768),"1974","215-144",-101.357251,39.127768,10,"0-65"
"4507","Sherman",-121.85,"Goodland NW",1974-06-11,392429101441801,181,0,c(-101.740751, 39.409098),"1974","143-72",-101.740751,39.409098,161.7140045,"132-197"
"4508","Sherman",-125.28,"Goodland NW",1974-12-04,392429101441801,181,0,c(-101.740751, 39.409098),"1974","143-72",-101.740751,39.409098,161.7140045,"132-197"
"4509","Sherman",-126.07,"Kanorado NE",1974-01-16,392618102022101,181,0,c(-102.041761, 39.437566),"1974","143-72",-102.041761,39.437566,104.5974121,"66-131"
"4510","Wallace",-147.47,NA,1974-01-22,384927101582701,199,0,c(-101.974438, 38.822092),"1974","215-144",-101.974438,38.822092,28.1735611,"0-65"
"4511","Wallace",-126.33,NA,1974-06-17,385006101570301,199,0,c(-101.951443, 38.833063),"1974","143-72",-101.951443,38.833063,25.2201023,"0-65"
"4512","Wichita",-127,NA,1974-01-21,383928101240401,203,0,c(-101.403623, 38.656616),"1974","143-72",-101.403623,38.656616,24.1739082,"0-65"
"4513","Wallace",-186.68,NA,1974-12-10,384618101515901,199,0,c(-101.86648, 38.76971),"1974","215-144",-101.86648,38.76971,55.9841614,"0-65"
"4514","Wallace",-95.61,NA,1974-01-22,384631101314302,199,0,c(-101.528093, 38.775006),"1974","143-72",-101.528093,38.775006,17.0689678,"0-65"
"4515","Wichita",-138.61,NA,1974-12-10,384106101300501,203,0,c(-101.503251, 38.683379),"1974","143-72",-101.503251,38.683379,37.4935303,"0-65"
"4516","Wichita",-111.89,"RUSSELL SPRINGS 3 NE",1974-01-21,384114101165701,203,0,c(-101.283686, 38.686493),"1974","143-72",-101.283686,38.686493,30.077631,"0-65"
"4517","Greeley",-135,"M Ladder Creek East",1974-01-21,383954101432401,71,0,c(-101.724415, 38.662996),"1974","143-72",-101.724415,38.662996,27.5854568,"0-65"
"4518","Wallace",-101.89,NA,1974-01-22,384224101300601,199,0,c(-101.502473, 38.707183),"1974","143-72",-101.502473,38.707183,30.8481045,"0-65"
"4519","Wallace",-120.85,"Harris Draw East",1974-01-14,390254101305402,199,0,c(-101.516276, 39.049507),"1974","143-72",-101.516276,39.049507,10,"0-65"
"4520","Sherman",-67.29,"Kanorado",1974-01-14,391828102024901,181,0,c(-102.04696, 39.307569),"1974","71-0",-102.04696,39.307569,66.8211517,"66-131"
"4521","Sherman",-165.02,"KANORADO NE",1974-01-16,392329102011601,181,0,c(-102.022249, 39.391263),"1974","215-144",-102.022249,39.391263,115.8254013,"66-131"
"4522","Sherman",-170.86,"Goodland",1974-01-16,392001101434601,181,0,c(-101.72915, 39.3349),"1974","215-144",-101.72915,39.3349,91.5419388,"66-131"
"4523","Sherman",-132.1,"Brewster",1974-01-18,392016101274901,181,0,c(-101.465443, 39.337622),"1974","143-72",-101.465443,39.337622,89.5927963,"66-131"
"4524","Sherman",-134.01,NA,1974-01-15,391652101485101,181,0,c(-101.81367, 39.281144),"1974","143-72",-101.81367,39.281144,77.1476822,"66-131"
"4525","Wallace",-162.2,"Arapahoe NE",1974-01-22,385314102024201,199,0,c(-102.045607, 38.886157),"1974","215-144",-102.045607,38.886157,58.3204269,"0-65"
"4526","Wallace",-175.49,"Weskan",1974-01-22,384711101574701,199,0,c(-101.964657, 38.784941),"1974","215-144",-101.964657,38.784941,31.4031715,"0-65"
"4527","Greeley",-158.29,NA,1974-09-17,383915101522901,71,0,c(-101.875331, 38.651731),"1974","215-144",-101.875331,38.651731,25.9613743,"0-65"
"4528","Wichita",-126.2,NA,1974-01-21,383837101183601,203,0,c(-101.312587, 38.643436),"1974","143-72",-101.312587,38.643436,46.3175125,"0-65"
"4529","Wallace",-123.98,NA,1974-01-22,384342101375401,199,0,c(-101.630924, 38.727232),"1974","143-72",-101.630924,38.727232,36.1948624,"0-65"
"4530","Wallace",-102.37,"Spring Valley Ranch",1974-01-22,384539101461101,199,0,c(-101.769682, 38.759762),"1974","143-72",-101.769682,38.759762,77.3136826,"66-131"
"4531","Wichita",-112.5,"RUSSELL SPRINGS 3 NE",1974-01-21,384008101215301,203,0,c(-101.366711, 38.667679),"1974","143-72",-101.366711,38.667679,23.243824,"0-65"
"4532","Wallace",-131.23,"West Bethany Church",1974-01-22,384323101372101,199,0,c(-101.622963, 38.721246),"1974","143-72",-101.622963,38.721246,38.6155128,"0-65"
"4533","Wallace",-142.15,NA,1974-01-22,384500101381701,199,0,c(-101.637531, 38.749051),"1974","143-72",-101.637531,38.749051,30.7532902,"0-65"
"4534","Wichita",-109.67,"RUSSELL SPRINGS 3 NW",1974-01-21,384113101243701,203,0,c(-101.412856, 38.685683),"1974","143-72",-101.412856,38.685683,12.4824839,"0-65"
"4535","Wallace",-145.41,"South Flats",1974-03-13,384651101374201,199,0,c(-101.626907, 38.782612),"1974","215-144",-101.626907,38.782612,25.3620853,"0-65"
"4536","Sherman",-125.44,"Goodland",1974-01-14,391502101433001,181,0,c(-101.72605, 39.250772),"1974","143-72",-101.72605,39.250772,81.2340317,"66-131"
"4537","Sherman",-150.35,"Ruleton",1974-01-14,391737101551301,181,0,c(-101.921456, 39.29405),"1974","215-144",-101.921456,39.29405,70.8077393,"66-131"
"4538","Sherman",-156.37,"Ruleton",1974-09-11,391638101580901,181,0,c(-101.967957, 39.27827),"1974","215-144",-101.967957,39.27827,58.7397041,"0-65"
"4539","Sherman",-183.13,"McAllaster NW",1974-01-18,391037101250601,181,0,c(-101.418241, 39.178425),"1974","215-144",-101.418241,39.178425,10,"0-65"
"4540","Thomas",-169.88,NA,1974-01-18,390833101171601,193,0,c(-101.287914, 39.143683),"1974","215-144",-101.287914,39.143683,28.8231182,"0-65"
"4541","Sherman",-148.34,NA,1974-01-16,392337101383401,181,0,c(-101.643255, 39.39392),"1974","215-144",-101.643255,39.39392,143.1417236,"132-197"
"4542","Sherman",-162.74,NA,1974-01-14,392008101391701,181,0,c(-101.654867, 39.335846),"1974","215-144",-101.654867,39.335846,102.8750153,"66-131"
"4543","Wallace",-153.59,NA,1974-01-22,384854101470601,199,0,c(-101.784996, 38.813426),"1974","215-144",-101.784996,38.813426,36.0021324,"0-65"
"4544","Logan",-34.27,NA,1974-01-22,384344101265101,109,0,c(-101.44783, 38.7283),"1974","71-0",-101.44783,38.7283,9.2927942,"0-65"
"4545","Wallace",-123.87,"SHARON SPRINGS 4 NE",1974-01-22,384400101332601,199,0,c(-101.556581, 38.73332),"1974","143-72",-101.556581,38.73332,18.6970158,"0-65"
"4546","Wallace",-129.98,NA,1974-12-10,384315101325301,199,0,c(-101.547426, 38.720579),"1974","143-72",-101.547426,38.720579,25.8544426,"0-65"
"4547","Wallace",-116.77,NA,1974-03-13,384316101441601,199,0,c(-101.737997, 38.71922),"1974","143-72",-101.737997,38.71922,57.24646,"0-65"
"4548","Wallace",-125.81,NA,1974-01-22,384526101425901,199,0,c(-101.716497, 38.755673),"1974","143-72",-101.716497,38.755673,53.3595695,"0-65"
"4549","Wallace",-133.25,"South Flats",1974-01-22,384644101420801,199,0,c(-101.703915, 38.775045),"1974","143-72",-101.703915,38.775045,39.9236717,"0-65"
"4550","Sherman",-122.17,NA,1974-01-14,391401101545001,181,0,c(-101.91377, 39.233842),"1974","143-72",-101.91377,39.233842,104.3912201,"66-131"
"4551","Sherman",-121.54,"Goodland NW",1974-01-15,392429101441801,181,0,c(-101.740751, 39.409098),"1974","143-72",-101.740751,39.409098,161.7140045,"132-197"
"4552","Sherman",-129.59,"Goodland NW",1974-09-11,392429101441801,181,0,c(-101.740751, 39.409098),"1974","143-72",-101.740751,39.409098,161.7140045,"132-197"
"4553","Thomas",-139.38,"Brewster NE",1974-12-04,392620101221101,193,0,c(-101.370941, 39.439451),"1974","143-72",-101.370941,39.439451,111.6112137,"66-131"
"4554","Sherman",-104.49,NA,1974-09-11,392014101490601,181,0,c(-101.818187, 39.33731),"1974","143-72",-101.818187,39.33731,119.8233871,"66-131"
"4555","Sherman",-155.59,NA,1974-01-14,391942101405801,181,0,c(-101.682868, 39.328598),"1974","215-144",-101.682868,39.328598,95.9120941,"66-131"
"4556","Sherman",-168.55,NA,1974-01-18,392107101413901,181,0,c(-101.694358, 39.352127),"1974","215-144",-101.694358,39.352127,94.6519699,"66-131"
"4557","Sherman",-104.95,NA,1974-01-14,392027101490603,181,0,c(-101.818187, 39.340911),"1974","143-72",-101.818187,39.340911,121.8578262,"66-131"
"4558","Sherman",-152.46,NA,1974-01-16,392058102025601,181,0,c(-102.044955, 39.349943),"1974","215-144",-102.044955,39.349943,76.4598236,"66-131"
"4559","Wallace",-124.16,NA,1974-01-22,384749101364301,199,0,c(-101.611347, 38.796276),"1974","143-72",-101.611347,38.796276,30.1004982,"0-65"
"4560","Wallace",-131.46,NA,1974-01-22,384301101354201,199,0,c(-101.594195, 38.716627),"1974","143-72",-101.594195,38.716627,38.3768272,"0-65"
"4561","Wallace",-114.99,NA,1974-06-17,384316101441601,199,0,c(-101.737997, 38.71922),"1974","143-72",-101.737997,38.71922,57.24646,"0-65"
"4562","Wallace",-129.58,NA,1974-01-22,384316101482601,199,0,c(-101.807335, 38.718869),"1974","143-72",-101.807335,38.718869,77.2609634,"66-131"
"4563","Wallace",-93.37,"West Bethany Church",1974-01-22,384441101310301,199,0,c(-101.517227, 38.743646),"1974","143-72",-101.517227,38.743646,28.1234741,"0-65"
"4564","Greeley",-190.8,"Stockholm Cemetery",1974-01-21,383909101572301,71,0,c(-101.956922, 38.65028),"1974","215-144",-101.956922,38.65028,24.147377,"0-65"
"4565","Wallace",-124.72,"M Ladder Creek West",1974-01-22,384212101491702,199,0,c(-101.822068, 38.701479),"1974","143-72",-101.822068,38.701479,70.4810562,"66-131"
"4566","Logan",-156.91,NA,1974-12-05,390741101205902,109,0,c(-101.350598, 39.129431),"1974","215-144",-101.350598,39.129431,10,"0-65"
"4567","Sherman",-140.84,"Goodland NE",1974-01-16,392613101372701,181,0,c(-101.623847, 39.437579),"1974","143-72",-101.623847,39.437579,172.7277374,"132-197"
"4568","Thomas",-136.95,"Brewster NE",1974-01-17,392620101221101,193,0,c(-101.370941, 39.439451),"1974","143-72",-101.370941,39.439451,111.6112137,"66-131"
"4569","Sherman",-147.93,NA,1974-06-11,391730102012701,181,0,c(-102.023959, 39.29292),"1974","215-144",-102.023959,39.29292,69.4628372,"66-131"
"4570","Wichita",-84.97,NA,1974-01-21,384114101080001,203,0,c(-101.134038, 38.686203),"1974","143-72",-101.134038,38.686203,6.8368192,"0-65"
"4571","Wichita",-120.74,NA,1974-01-21,384127101130601,203,0,c(-101.219658, 38.690643),"1974","143-72",-101.219658,38.690643,19.8772869,"0-65"
"4572","Sheridan",-95.37,"Seguin",1974-01-16,391637100345901,179,0,c(-100.584621, 39.277706),"1974","143-72",-100.584621,39.277706,80.4369125,"66-131"
"4573","Thomas",-108.25,NA,1974-01-17,391243100540101,193,0,c(-100.901536, 39.212027),"1974","143-72",-100.901536,39.212027,62.0323105,"0-65"
"4574","Thomas",-168.97,"Winona NE",1974-03-04,391303101031701,193,0,c(-101.054432, 39.217206),"1974","215-144",-101.054432,39.217206,86.4992905,"66-131"
"4575","Logan",-118.5,"Monument",1974-06-11,390537101060901,109,0,c(-101.104332, 39.091238),"1974","143-72",-101.104332,39.091238,48.7780838,"0-65"
"4576","Thomas",-140.02,NA,1974-01-17,392408100574501,193,0,c(-100.962574, 39.40247),"1974","143-72",-100.962574,39.40247,122.5956268,"66-131"
"4577","Thomas",-119.12,"Colby",1974-05-10,392331101040501,193,0,c(-101.06802, 39.392076),"1974","143-72",-101.06802,39.392076,101.6732025,"66-131"
"4578","Thomas",-121.33,"Colby",1974-08-20,392331101040501,193,0,c(-101.06802, 39.392076),"1974","143-72",-101.06802,39.392076,101.6732025,"66-131"
"4579","Thomas",-110.38,NA,1974-01-17,392539101002301,193,0,c(-101.007024, 39.427845),"1974","143-72",-101.007024,39.427845,110.8013,"66-131"
"4580","Thomas",-104.58,"Halford",1974-01-17,392013100483101,193,0,c(-100.804927, 39.337725),"1974","143-72",-100.804927,39.337725,72.4973984,"66-131"
"4581","Thomas",-119.53,"Colby",1974-02-10,392331101040501,193,0,c(-101.06802, 39.392076),"1974","143-72",-101.06802,39.392076,101.6732025,"66-131"
"4582","Thomas",-119.23,"Colby",1974-06-05,392331101040501,193,0,c(-101.06802, 39.392076),"1974","143-72",-101.06802,39.392076,101.6732025,"66-131"
"4583","Thomas",-121.28,"Colby",1974-11-10,392331101040501,193,0,c(-101.06802, 39.392076),"1974","143-72",-101.06802,39.392076,101.6732025,"66-131"
"4584","Scott",-159.25,NA,1974-01-22,383856101005901,171,0,c(-101.016832, 38.648011),"1974","215-144",-101.016832,38.648011,27.3060207,"0-65"
"4585","Scott",-153.63,NA,1974-03-13,383856101005901,171,0,c(-101.016832, 38.648011),"1974","215-144",-101.016832,38.648011,27.3060207,"0-65"
"4586","Gove",-119.9,"Grinnell South",1974-03-06,390428100380701,63,0,c(-100.63752, 39.075988),"1974","143-72",-100.63752,39.075988,46.8295441,"0-65"
"4587","Sheridan",-141.82,"Grinnell North",1974-09-10,391401100384601,179,0,c(-100.647022, 39.234106),"1974","143-72",-100.647022,39.234106,53.8740196,"0-65"
"4588","Logan",-110,NA,1974-09-11,390737100522201,109,0,c(-100.873702, 39.127129),"1974","143-72",-100.873702,39.127129,86.1996841,"66-131"
"4589","Thomas",-8.26,"Grinnell North",1974-01-17,390940100443201,193,0,c(-100.73994, 39.162317),"1974","71-0",-100.73994,39.162317,96.9575424,"66-131"
"4590","Logan",-119.32,"Monument",1974-03-06,390537101060901,109,0,c(-101.104332, 39.091238),"1974","143-72",-101.104332,39.091238,48.7780838,"0-65"
"4591","Thomas",-118.96,"Colby",1974-04-10,392331101040501,193,0,c(-101.06802, 39.392076),"1974","143-72",-101.06802,39.392076,101.6732025,"66-131"
"4592","Thomas",-119.07,"Colby",1974-04-15,392331101040501,193,0,c(-101.06802, 39.392076),"1974","143-72",-101.06802,39.392076,101.6732025,"66-131"
"4593","Sheridan",-128.22,"Seguin",1974-09-10,392124100364001,179,0,c(-100.608622, 39.356725),"1974","143-72",-100.608622,39.356725,78.7684708,"66-131"
"4594","Thomas",-138.12,"Mingo",1974-01-18,391908100595301,193,0,c(-100.999431, 39.318075),"1974","143-72",-100.999431,39.318075,36.8087616,"0-65"
"4595","Thomas",-119.35,"Colby",1974-02-20,392331101040501,193,0,c(-101.06802, 39.392076),"1974","143-72",-101.06802,39.392076,101.6732025,"66-131"
"4596","Thomas",-120.06,"Colby",1974-07-10,392331101040501,193,0,c(-101.06802, 39.392076),"1974","143-72",-101.06802,39.392076,101.6732025,"66-131"
"4597","Thomas",-121.18,"Colby",1974-07-31,392331101040501,193,0,c(-101.06802, 39.392076),"1974","143-72",-101.06802,39.392076,101.6732025,"66-131"
"4598","Scott",-10.72,NA,1974-01-22,383856100543701,171,0,c(-100.911193, 38.647996),"1974","71-0",-100.911193,38.647996,16.954483,"0-65"
"4599","Scott",-140.57,NA,1974-01-22,383902100494501,171,0,c(-100.830976, 38.65059),"1974","143-72",-100.830976,38.65059,8.3579464,"0-65"
"4600","Gove",-124.4,"Grinnell South",1974-09-12,390428100380701,63,0,c(-100.63752, 39.075988),"1974","143-72",-100.63752,39.075988,46.8295441,"0-65"
"4601","Gove",-121.7,"Grinnell South",1974-12-05,390428100380701,63,0,c(-100.63752, 39.075988),"1974","143-72",-100.63752,39.075988,46.8295441,"0-65"
"4602","Thomas",-168.2,NA,1974-01-18,391311101034201,193,0,c(-101.061574, 39.219168),"1974","215-144",-101.061574,39.219168,83.9708862,"66-131"
"4603","Sheridan",-125.31,"Menlo",1974-01-15,391822100390302,179,0,c(-100.650923, 39.306086),"1974","143-72",-100.650923,39.306086,60.0765228,"0-65"
"4604","Sheridan",-130.44,NA,1974-01-16,391353100290301,179,0,c(-100.483557, 39.231741),"1974","143-72",-100.483557,39.231741,52.4152908,"0-65"
"4605","Sheridan",-136.83,"Grinnell North",1974-03-04,391401100384601,179,0,c(-100.647022, 39.234106),"1974","143-72",-100.647022,39.234106,53.8740196,"0-65"
"4606","Thomas",-174.3,"Winona NE",1974-01-24,391200101041601,193,0,c(-101.071571, 39.198399),"1974","215-144",-101.071571,39.198399,70.9284897,"66-131"
"4607","Thomas",-119.3,"Colby",1974-03-05,392331101040501,193,0,c(-101.06802, 39.392076),"1974","143-72",-101.06802,39.392076,101.6732025,"66-131"
"4608","Thomas",-119.27,"Colby",1974-03-10,392331101040501,193,0,c(-101.06802, 39.392076),"1974","143-72",-101.06802,39.392076,101.6732025,"66-131"
"4609","Thomas",-119.39,"Colby",1974-05-25,392331101040501,193,0,c(-101.06802, 39.392076),"1974","143-72",-101.06802,39.392076,101.6732025,"66-131"
"4610","Thomas",-114.49,NA,1974-12-03,391940100521901,193,0,c(-100.873704, 39.328023),"1974","143-72",-100.873704,39.328023,38.7577553,"0-65"
"4611","Sheridan",-63.05,NA,1974-01-16,391052100410801,179,0,c(-100.685481, 39.181312),"1974","71-0",-100.685481,39.181312,78.0949478,"66-131"
"4612","Logan",-122.59,"Monument",1974-12-05,390537101060901,109,0,c(-101.104332, 39.091238),"1974","143-72",-101.104332,39.091238,48.7780838,"0-65"
"4613","Thomas",-121.16,NA,1974-01-17,392712101131301,193,0,c(-101.221674, 39.454302),"1974","143-72",-101.221674,39.454302,113.9547043,"66-131"
"4614","Thomas",-119.24,"Colby",1974-06-15,392331101040501,193,0,c(-101.06802, 39.392076),"1974","143-72",-101.06802,39.392076,101.6732025,"66-131"
"4615","Thomas",-121.55,"Colby",1974-10-31,392331101040501,193,0,c(-101.06802, 39.392076),"1974","143-72",-101.06802,39.392076,101.6732025,"66-131"
"4616","Sheridan",-122.5,"Seguin",1974-12-03,392124100364001,179,0,c(-100.608622, 39.356725),"1974","143-72",-100.608622,39.356725,78.7684708,"66-131"
"4617","Thomas",-119.27,"Colby",1974-06-10,392331101040501,193,0,c(-101.06802, 39.392076),"1974","143-72",-101.06802,39.392076,101.6732025,"66-131"
"4618","Thomas",-120.43,"Colby",1974-07-15,392331101040501,193,0,c(-101.06802, 39.392076),"1974","143-72",-101.06802,39.392076,101.6732025,"66-131"
"4619","Thomas",-121.43,"Colby",1974-08-15,392331101040501,193,0,c(-101.06802, 39.392076),"1974","143-72",-101.06802,39.392076,101.6732025,"66-131"
"4620","Thomas",-121.03,"Colby",1974-09-30,392331101040501,193,0,c(-101.06802, 39.392076),"1974","143-72",-101.06802,39.392076,101.6732025,"66-131"
"4621","Wichita",-148.51,NA,1974-12-10,383837101130601,203,0,c(-101.220035, 38.643606),"1974","215-144",-101.220035,38.643606,31.901432,"0-65"
"4622","Scott",-150.23,NA,1974-01-22,384021101005901,171,0,c(-101.016649, 38.671586),"1974","215-144",-101.016649,38.671586,16.4228401,"0-65"
"4623","Wichita",-139.07,NA,1974-01-21,383824101105301,203,0,c(-101.182624, 38.639115),"1974","143-72",-101.182624,38.639115,23.7220535,"0-65"
"4624","Sheridan",-62.24,NA,1974-06-10,391052100410801,179,0,c(-100.685481, 39.181312),"1974","71-0",-100.685481,39.181312,78.0949478,"66-131"
"4625","Logan",-110.1,NA,1974-12-05,390737100522201,109,0,c(-100.873702, 39.127129),"1974","143-72",-100.873702,39.127129,86.1996841,"66-131"
"4626","Sheridan",-9.16,NA,1974-01-16,390946100351602,179,0,c(-100.590142, 39.163047),"1974","71-0",-100.590142,39.163047,54.7270203,"0-65"
"4627","Thomas",-119.1,"Colby",1974-03-25,392331101040501,193,0,c(-101.06802, 39.392076),"1974","143-72",-101.06802,39.392076,101.6732025,"66-131"
"4628","Thomas",-119.13,"Colby",1974-05-05,392331101040501,193,0,c(-101.06802, 39.392076),"1974","143-72",-101.06802,39.392076,101.6732025,"66-131"
"4629","Thomas",-120.77,"Colby",1974-10-10,392331101040501,193,0,c(-101.06802, 39.392076),"1974","143-72",-101.06802,39.392076,101.6732025,"66-131"
"4630","Sheridan",-150.64,"Menlo",1974-01-14,392210100384601,179,0,c(-100.645578, 39.368548),"1974","215-144",-100.645578,39.368548,60.4684448,"0-65"
"4631","Thomas",-119.4,"Colby",1974-01-25,392331101040501,193,0,c(-101.06802, 39.392076),"1974","143-72",-101.06802,39.392076,101.6732025,"66-131"
"4632","Thomas",-121.21,NA,1974-01-17,391730101031501,193,0,c(-101.054372, 39.291677),"1974","143-72",-101.054372,39.291677,38.64328,"0-65"
"4633","Thomas",-120.61,"Colby",1974-07-20,392331101040501,193,0,c(-101.06802, 39.392076),"1974","143-72",-101.06802,39.392076,101.6732025,"66-131"
"4634","Wichita",-142.2,NA,1974-03-13,383837101130601,203,0,c(-101.220035, 38.643606),"1974","143-72",-101.220035,38.643606,31.901432,"0-65"
"4635","Scott",-151.45,NA,1974-06-17,383856101005901,171,0,c(-101.016832, 38.648011),"1974","215-144",-101.016832,38.648011,27.3060207,"0-65"
"4636","Thomas",-95.88,NA,1974-01-17,391638100575601,193,0,c(-100.965747, 39.277242),"1974","143-72",-100.965747,39.277242,56.2335281,"0-65"
"4637","Sheridan",-97.14,"Grinnell North",1974-06-10,391131100410801,179,0,c(-100.685023, 39.191327),"1974","143-72",-100.685023,39.191327,77.1711655,"66-131"
"4638","Sheridan",-97.73,"Grinnell North",1974-12-03,391131100410801,179,0,c(-100.685023, 39.191327),"1974","143-72",-100.685023,39.191327,77.1711655,"66-131"
"4639","Thomas",-119.07,"Colby",1974-04-20,392331101040501,193,0,c(-101.06802, 39.392076),"1974","143-72",-101.06802,39.392076,101.6732025,"66-131"
"4640","Sheridan",-124.07,NA,1974-01-14,392235100270201,179,0,c(-100.45011, 39.376546),"1974","143-72",-100.45011,39.376546,78.8786011,"66-131"
"4641","Thomas",-151.98,"Mingo",1974-06-10,391908100595301,193,0,c(-100.999431, 39.318075),"1974","215-144",-100.999431,39.318075,36.8087616,"0-65"
"4642","Thomas",-119.56,"Colby",1974-01-10,392331101040501,193,0,c(-101.06802, 39.392076),"1974","143-72",-101.06802,39.392076,101.6732025,"66-131"
"4643","Thomas",-121.24,"Colby",1974-09-20,392331101040501,193,0,c(-101.06802, 39.392076),"1974","143-72",-101.06802,39.392076,101.6732025,"66-131"
"4644","Thomas",-120.9,"Colby",1974-10-05,392331101040501,193,0,c(-101.06802, 39.392076),"1974","143-72",-101.06802,39.392076,101.6732025,"66-131"
"4645","Thomas",-121.18,"Colby",1974-11-15,392331101040501,193,0,c(-101.06802, 39.392076),"1974","143-72",-101.06802,39.392076,101.6732025,"66-131"
"4646","Logan",-107.2,NA,1974-06-11,390737100522201,109,0,c(-100.873702, 39.127129),"1974","143-72",-100.873702,39.127129,86.1996841,"66-131"
"4647","Thomas",-84.74,"Oakley North",1974-01-17,390940100480901,193,0,c(-100.800525, 39.162107),"1974","143-72",-100.800525,39.162107,98.6793976,"66-131"
"4648","Thomas",-95.8,NA,1974-01-18,390941100595701,193,0,c(-100.999499, 39.16114),"1974","143-72",-100.999499,39.16114,65.4030762,"0-65"
"4649","Thomas",-119.31,"Colby",1974-02-25,392331101040501,193,0,c(-101.06802, 39.392076),"1974","143-72",-101.06802,39.392076,101.6732025,"66-131"
"4650","Thomas",-119.64,"Colby",1974-07-05,392331101040501,193,0,c(-101.06802, 39.392076),"1974","143-72",-101.06802,39.392076,101.6732025,"66-131"
"4651","Thomas",-109.26,NA,1974-03-04,392433100453001,193,0,c(-100.756835, 39.410146),"1974","143-72",-100.756835,39.410146,123.0259476,"66-131"
"4652","Sheridan",-118.87,"Seguin",1974-03-04,392124100364001,179,0,c(-100.608622, 39.356725),"1974","143-72",-100.608622,39.356725,78.7684708,"66-131"
"4653","Sheridan",-119.79,"Seguin",1974-06-10,392124100364001,179,0,c(-100.608622, 39.356725),"1974","143-72",-100.608622,39.356725,78.7684708,"66-131"
"4654","Thomas",-148.84,NA,1974-01-17,392243101022201,193,0,c(-101.040045, 39.37888),"1974","215-144",-101.040045,39.37888,92.0298996,"66-131"
"4655","Thomas",-114.13,NA,1974-09-10,391940100521901,193,0,c(-100.873704, 39.328023),"1974","143-72",-100.873704,39.328023,38.7577553,"0-65"
"4656","Thomas",-119.64,"Colby",1974-01-20,392331101040501,193,0,c(-101.06802, 39.392076),"1974","143-72",-101.06802,39.392076,101.6732025,"66-131"
"4657","Thomas",-119.36,"Colby",1974-06-25,392331101040501,193,0,c(-101.06802, 39.392076),"1974","143-72",-101.06802,39.392076,101.6732025,"66-131"
"4658","Wichita",-138.61,"Pence NW",1974-01-21,383929101084101,203,0,c(-101.146133, 38.657036),"1974","143-72",-101.146133,38.657036,15.4980412,"0-65"
"4659","Scott",-148.59,NA,1974-01-22,383903101040001,171,0,c(-101.06763, 38.649598),"1974","215-144",-101.06763,38.649598,16.4887352,"0-65"
"4660","Thomas",-164.62,NA,1974-01-18,391323101030001,193,0,c(-101.049993, 39.222754),"1974","215-144",-101.049993,39.222754,86.0072098,"66-131"
"4661","Thomas",-171.48,"Winona NE",1974-06-10,391303101031701,193,0,c(-101.054432, 39.217206),"1974","215-144",-101.054432,39.217206,86.4992905,"66-131"
"4662","Thomas",-107.65,NA,1974-01-17,391619100592001,193,0,c(-100.989201, 39.271825),"1974","143-72",-100.989201,39.271825,56.8971291,"0-65"
"4663","Sheridan",-138.46,"Hoxie NW",1974-01-15,392610100270101,179,0,c(-100.449119, 39.437204),"1974","143-72",-100.449119,39.437204,63.8374329,"0-65"
"4664","Thomas",-130.22,NA,1974-01-17,392250100581901,193,0,c(-100.971928, 39.380711),"1974","143-72",-100.971928,39.380711,111.9440308,"66-131"
"4665","Thomas",-121.35,"Colby",1974-08-05,392331101040501,193,0,c(-101.06802, 39.392076),"1974","143-72",-101.06802,39.392076,101.6732025,"66-131"
"4666","Thomas",-121.3,"Colby",1974-11-05,392331101040501,193,0,c(-101.06802, 39.392076),"1974","143-72",-101.06802,39.392076,101.6732025,"66-131"
"4667","Thomas",-120.71,"Colby",1974-12-10,392331101040501,193,0,c(-101.06802, 39.392076),"1974","143-72",-101.06802,39.392076,101.6732025,"66-131"
"4668","Wichita",-79.86,"Pence NW",1974-01-21,384200101132301,203,0,c(-101.224335, 38.700215),"1974","143-72",-101.224335,38.700215,15.579092,"0-65"
"4669","Gove",-120.78,"Grinnell South",1974-01-16,390428100380701,63,0,c(-100.63752, 39.075988),"1974","143-72",-100.63752,39.075988,46.8295441,"0-65"
"4670","Thomas",-78.19,NA,1974-01-17,391539100455801,193,0,c(-100.764388, 39.260855),"1974","143-72",-100.764388,39.260855,69.5375595,"66-131"
"4671","Sheridan",-64.45,NA,1974-12-03,391052100410801,179,0,c(-100.685481, 39.181312),"1974","71-0",-100.685481,39.181312,78.0949478,"66-131"
"4672","Sheridan",-95.57,"Grinnell North",1974-01-15,391131100410801,179,0,c(-100.685023, 39.191327),"1974","143-72",-100.685023,39.191327,77.1711655,"66-131"
"4673","Thomas",-168.65,"Winona NE",1974-01-18,391303101031701,193,0,c(-101.054432, 39.217206),"1974","215-144",-101.054432,39.217206,86.4992905,"66-131"
"4674","Sheridan",-27.27,NA,1974-01-14,390913100274901,179,0,c(-100.461617, 39.154637),"1974","71-0",-100.461617,39.154637,47.9454193,"0-65"
"4675","Gove",-113.45,"Sunny Slope Lake",1974-06-12,390723100320801,63,0,c(-100.535118, 39.123688),"1974","143-72",-100.535118,39.123688,62.2396011,"0-65"
"4676","Thomas",-109.37,NA,1974-01-17,392433100453001,193,0,c(-100.756835, 39.410146),"1974","143-72",-100.756835,39.410146,123.0259476,"66-131"
"4677","Sheridan",-119.54,"Seguin",1974-01-15,392124100364001,179,0,c(-100.608622, 39.356725),"1974","143-72",-100.608622,39.356725,78.7684708,"66-131"
"4678","Thomas",-112.79,NA,1974-03-04,391940100521901,193,0,c(-100.873704, 39.328023),"1974","143-72",-100.873704,39.328023,38.7577553,"0-65"
"4679","Thomas",-119.61,"Colby",1974-06-30,392331101040501,193,0,c(-101.06802, 39.392076),"1974","143-72",-101.06802,39.392076,101.6732025,"66-131"
"4680","Thomas",-120.54,"Colby",1974-12-05,392331101040501,193,0,c(-101.06802, 39.392076),"1974","143-72",-101.06802,39.392076,101.6732025,"66-131"
"4681","Thomas",-107.55,"Oakley North",1974-01-17,391217100514101,193,0,c(-100.86255, 39.20563),"1974","143-72",-100.86255,39.20563,37.3533707,"0-65"
"4682","Sheridan",-63.1,NA,1974-03-04,391052100410801,179,0,c(-100.685481, 39.181312),"1974","71-0",-100.685481,39.181312,78.0949478,"66-131"
"4683","Thomas",-133,"Grinnell North",1974-01-17,391401100433101,193,0,c(-100.724824, 39.233386),"1974","143-72",-100.724824,39.233386,53.6556358,"0-65"
"4684","Sheridan",-91.85,"Grinnell NE",1974-01-16,391204100364101,179,0,c(-100.610021, 39.201057),"1974","143-72",-100.610021,39.201057,68.7014618,"66-131"
"4685","Gove",-121.46,"Sunny Slope Lake",1974-12-05,390723100320801,63,0,c(-100.535118, 39.123688),"1974","143-72",-100.535118,39.123688,62.2396011,"0-65"
"4686","Thomas",-119.3,"Colby",1974-05-15,392331101040501,193,0,c(-101.06802, 39.392076),"1974","143-72",-101.06802,39.392076,101.6732025,"66-131"
"4687","Thomas",-119.35,"Colby",1974-02-15,392331101040501,193,0,c(-101.06802, 39.392076),"1974","143-72",-101.06802,39.392076,101.6732025,"66-131"
"4688","Thomas",-121.41,"Colby",1974-09-05,392331101040501,193,0,c(-101.06802, 39.392076),"1974","143-72",-101.06802,39.392076,101.6732025,"66-131"
"4689","Thomas",-121.24,"Colby",1974-10-25,392331101040501,193,0,c(-101.06802, 39.392076),"1974","143-72",-101.06802,39.392076,101.6732025,"66-131"
"4690","Thomas",-120.62,"Colby",1974-12-20,392331101040501,193,0,c(-101.06802, 39.392076),"1974","143-72",-101.06802,39.392076,101.6732025,"66-131"
"4691","Thomas",-120.38,"Colby",1974-12-25,392331101040501,193,0,c(-101.06802, 39.392076),"1974","143-72",-101.06802,39.392076,101.6732025,"66-131"
"4692","Thomas",-120.44,"Colby",1974-12-31,392331101040501,193,0,c(-101.06802, 39.392076),"1974","143-72",-101.06802,39.392076,101.6732025,"66-131"
"4693","Scott",-142.3,"Pence",1974-01-22,384028101052301,171,0,c(-101.091731, 38.672566),"1974","143-72",-101.091731,38.672566,8.5250387,"0-65"
"4694","Thomas",-135.25,"Spica",1974-01-18,391355100574901,193,0,c(-100.96343, 39.231276),"1974","143-72",-100.96343,39.231276,76.0988922,"66-131"
"4695","Sheridan",-96.08,"Grinnell North",1974-03-04,391131100410801,179,0,c(-100.685023, 39.191327),"1974","143-72",-100.685023,39.191327,77.1711655,"66-131"
"4696","Sheridan",-131.09,"Grinnell North",1974-01-16,391401100384601,179,0,c(-100.647022, 39.234106),"1974","143-72",-100.647022,39.234106,53.8740196,"0-65"
"4697","Thomas",-117,NA,1974-01-17,391407100481701,193,0,c(-100.802123, 39.235617),"1974","143-72",-100.802123,39.235617,80.315567,"66-131"
"4698","Thomas",-102.82,"Winona NE",1974-01-18,391001101031001,193,0,c(-101.053231, 39.165807),"1974","143-72",-101.053231,39.165807,52.1642532,"0-65"
"4699","Logan",-119.47,"Monument",1974-09-11,390537101060901,109,0,c(-101.104332, 39.091238),"1974","143-72",-101.104332,39.091238,48.7780838,"0-65"
"4700","Thomas",-119.17,"Colby",1974-04-30,392331101040501,193,0,c(-101.06802, 39.392076),"1974","143-72",-101.06802,39.392076,101.6732025,"66-131"
"4701","Thomas",-152.77,"Mingo",1974-03-04,391908100595301,193,0,c(-100.999431, 39.318075),"1974","215-144",-100.999431,39.318075,36.8087616,"0-65"
"4702","Sheridan",-130.46,NA,1974-01-15,392255100301801,179,0,c(-100.505364, 39.382177),"1974","143-72",-100.505364,39.382177,65.7812424,"0-65"
"4703","Thomas",-119.55,"Colby",1974-01-31,392331101040501,193,0,c(-101.06802, 39.392076),"1974","143-72",-101.06802,39.392076,101.6732025,"66-131"
"4704","Thomas",-119.39,"Colby",1974-02-05,392331101040501,193,0,c(-101.06802, 39.392076),"1974","143-72",-101.06802,39.392076,101.6732025,"66-131"
"4705","Thomas",-121.78,"Colby",1974-08-31,392331101040501,193,0,c(-101.06802, 39.392076),"1974","143-72",-101.06802,39.392076,101.6732025,"66-131"
"4706","Logan",-46.35,NA,1974-01-14,385441101110101,109,0,c(-101.183906, 38.911678),"1974","71-0",-101.183906,38.911678,NA,NA
"4707","Thomas",-119.1,"Colby",1974-03-20,392331101040501,193,0,c(-101.06802, 39.392076),"1974","143-72",-101.06802,39.392076,101.6732025,"66-131"
"4708","Thomas",-119.27,"Colby",1974-04-05,392331101040501,193,0,c(-101.06802, 39.392076),"1974","143-72",-101.06802,39.392076,101.6732025,"66-131"
"4709","Thomas",-120.63,"Colby",1974-12-15,392331101040501,193,0,c(-101.06802, 39.392076),"1974","143-72",-101.06802,39.392076,101.6732025,"66-131"
"4710","Thomas",-111.79,NA,1974-09-10,392433100453001,193,0,c(-100.756835, 39.410146),"1974","143-72",-100.756835,39.410146,123.0259476,"66-131"
"4711","Sheridan",-109.44,NA,1974-01-16,392000100424001,179,0,c(-100.710324, 39.332725),"1974","143-72",-100.710324,39.332725,70.0103226,"66-131"
"4712","Thomas",-151,"Mingo",1974-12-03,391908100595301,193,0,c(-100.999431, 39.318075),"1974","215-144",-100.999431,39.318075,36.8087616,"0-65"
"4713","Thomas",-119.3,"Colby",1974-05-31,392331101040501,193,0,c(-101.06802, 39.392076),"1974","143-72",-101.06802,39.392076,101.6732025,"66-131"
"4714","Thomas",-119.22,"Colby",1974-06-20,392331101040501,193,0,c(-101.06802, 39.392076),"1974","143-72",-101.06802,39.392076,101.6732025,"66-131"
"4715","Thomas",-121.4,"Colby",1974-09-10,392331101040501,193,0,c(-101.06802, 39.392076),"1974","143-72",-101.06802,39.392076,101.6732025,"66-131"
"4716","Thomas",-120.73,"Colby",1974-10-15,392331101040501,193,0,c(-101.06802, 39.392076),"1974","143-72",-101.06802,39.392076,101.6732025,"66-131"
"4717","Thomas",-120.67,"Colby",1974-11-30,392331101040501,193,0,c(-101.06802, 39.392076),"1974","143-72",-101.06802,39.392076,101.6732025,"66-131"
"4718","Wichita",-143.1,NA,1974-01-21,383837101130601,203,0,c(-101.220035, 38.643606),"1974","143-72",-101.220035,38.643606,31.901432,"0-65"
"4719","Lane",-115.15,"Cheyenne Creek",1974-01-21,383836100350501,101,0,c(-100.586201, 38.643682),"1974","143-72",-100.586201,38.643682,13.7755003,"0-65"
"4720","Gove",-122.6,"Grinnell South",1974-06-12,390428100380701,63,0,c(-100.63752, 39.075988),"1974","143-72",-100.63752,39.075988,46.8295441,"0-65"
"4721","Sheridan",-6.8,NA,1974-01-16,391742100294701,179,0,c(-100.496574, 39.295111),"1974","71-0",-100.496574,39.295111,58.3118401,"0-65"
"4722","Thomas",-102.4,"Spica",1974-01-17,391434100530301,193,0,c(-100.885028, 39.241906),"1974","143-72",-100.885028,39.241906,88.8876801,"66-131"
"4723","Sheridan",-135.17,"Grinnell NE",1974-01-16,391452100313401,179,0,c(-100.526381, 39.248101),"1974","143-72",-100.526381,39.248101,67.3705368,"66-131"
"4724","Sheridan",-136.51,"Rexford NE",1974-01-15,392519100354201,179,0,c(-100.595122, 39.422675),"1974","143-72",-100.595122,39.422675,93.9181976,"66-131"
"4725","Sheridan",-133.98,NA,1974-01-15,392526100364001,179,0,c(-100.609614, 39.423772),"1974","143-72",-100.609614,39.423772,95.9166565,"66-131"
"4726","Sheridan",-134.62,NA,1974-01-15,392611100333501,179,0,c(-100.561258, 39.436512),"1974","143-72",-100.561258,39.436512,70.7768555,"66-131"
"4727","Thomas",-118.99,"Colby",1974-04-25,392331101040501,193,0,c(-101.06802, 39.392076),"1974","143-72",-101.06802,39.392076,101.6732025,"66-131"
"4728","Thomas",-103.77,"Halford",1974-01-17,392210100502301,193,0,c(-100.836128, 39.369275),"1974","143-72",-100.836128,39.369275,73.1864624,"66-131"
"4729","Thomas",-138.1,"Levant",1974-01-18,392303101095401,193,0,c(-101.165036, 39.386103),"1974","143-72",-101.165036,39.386103,73.6679993,"66-131"
"4730","Thomas",-121.17,"Colby",1974-10-20,392331101040501,193,0,c(-101.06802, 39.392076),"1974","143-72",-101.06802,39.392076,101.6732025,"66-131"
"4731","Scott",-144.62,NA,1974-01-22,383850101055501,171,0,c(-101.099842, 38.646104),"1974","215-144",-101.099842,38.646104,13.1130266,"0-65"
"4732","Scott",-168.11,NA,1974-09-17,383856101005901,171,0,c(-101.016832, 38.648011),"1974","215-144",-101.016832,38.648011,27.3060207,"0-65"
"4733","Thomas",-130.82,NA,1974-01-18,391237100592201,193,0,c(-100.989749, 39.210074),"1974","143-72",-100.989749,39.210074,76.7785416,"66-131"
"4734","Sheridan",-138.1,"Grinnell North",1974-06-10,391401100384601,179,0,c(-100.647022, 39.234106),"1974","143-72",-100.647022,39.234106,53.8740196,"0-65"
"4735","Thomas",-184.02,NA,1974-01-18,391428101025101,193,0,c(-101.047658, 39.240957),"1974","215-144",-101.047658,39.240957,77.1237183,"66-131"
"4736","Gove",-114.29,"Sunny Slope Lake",1974-09-12,390723100320801,63,0,c(-100.535118, 39.123688),"1974","143-72",-100.535118,39.123688,62.2396011,"0-65"
"4737","Thomas",-109.25,"Colby",1974-01-17,392520101031901,193,0,c(-101.055333, 39.423083),"1974","143-72",-101.055333,39.423083,116.4610062,"66-131"
"4738","Sheridan",-127.03,NA,1974-01-15,392610100293601,179,0,c(-100.493629, 39.436299),"1974","143-72",-100.493629,39.436299,60.3197937,"0-65"
"4739","Thomas",-118.96,"Colby",1974-03-31,392331101040501,193,0,c(-101.06802, 39.392076),"1974","143-72",-101.06802,39.392076,101.6732025,"66-131"
"4740","Thomas",-119.33,"Colby",1974-05-20,392331101040501,193,0,c(-101.06802, 39.392076),"1974","143-72",-101.06802,39.392076,101.6732025,"66-131"
"4741","Thomas",-120.96,"Colby",1974-07-25,392331101040501,193,0,c(-101.06802, 39.392076),"1974","143-72",-101.06802,39.392076,101.6732025,"66-131"
"4742","Thomas",-109.62,NA,1974-06-10,392433100453001,193,0,c(-100.756835, 39.410146),"1974","143-72",-100.756835,39.410146,123.0259476,"66-131"
"4743","Thomas",-112.17,NA,1974-06-10,391940100521901,193,0,c(-100.873704, 39.328023),"1974","143-72",-100.873704,39.328023,38.7577553,"0-65"
"4744","Thomas",-121.65,"Colby",1974-08-25,392331101040501,193,0,c(-101.06802, 39.392076),"1974","143-72",-101.06802,39.392076,101.6732025,"66-131"
"4745","Thomas",-120.93,"Colby",1974-11-20,392331101040501,193,0,c(-101.06802, 39.392076),"1974","143-72",-101.06802,39.392076,101.6732025,"66-131"
"4746","Thomas",-141.4,NA,1974-01-18,391107101053201,193,0,c(-101.09229, 39.184958),"1974","143-72",-101.09229,39.184958,60.6064339,"0-65"
"4747","Sheridan",-99.28,"Grinnell North",1974-09-10,391131100410801,179,0,c(-100.685023, 39.191327),"1974","143-72",-100.685023,39.191327,77.1711655,"66-131"
"4748","Thomas",-85.32,"Spica",1974-01-18,390901100545201,193,0,c(-100.916728, 39.151137),"1974","143-72",-100.916728,39.151137,91.8937988,"66-131"
"4749","Thomas",-119.17,"Colby",1974-03-15,392331101040501,193,0,c(-101.06802, 39.392076),"1974","143-72",-101.06802,39.392076,101.6732025,"66-131"
"4750","Thomas",-158.18,"Mingo",1974-09-10,391908100595301,193,0,c(-100.999431, 39.318075),"1974","215-144",-100.999431,39.318075,36.8087616,"0-65"
"4751","Thomas",-66.49,NA,1974-01-17,391717100535101,193,0,c(-100.899721, 39.288167),"1974","71-0",-100.899721,39.288167,53.7189789,"0-65"
"4752","Sheridan",-80.16,NA,1974-01-16,391932100263801,179,0,c(-100.443152, 39.325811),"1974","143-72",-100.443152,39.325811,60.2207642,"0-65"
"4753","Thomas",-121.18,"Colby",1974-09-25,392331101040501,193,0,c(-101.06802, 39.392076),"1974","143-72",-101.06802,39.392076,101.6732025,"66-131"
"4754","Scott",-169.31,NA,1974-12-10,383856101005901,171,0,c(-101.016832, 38.648011),"1974","215-144",-101.016832,38.648011,27.3060207,"0-65"
"4755","Logan",-69.2,NA,1974-01-14,385917100511401,109,0,c(-100.854428, 38.988276),"1974","71-0",-100.854428,38.988276,17.8971329,"0-65"
"4756","Sheridan",-65.98,NA,1974-09-10,391052100410801,179,0,c(-100.685481, 39.181312),"1974","71-0",-100.685481,39.181312,78.0949478,"66-131"
"4757","Sheridan",-99.04,"Midway Draw West",1974-01-14,391229100275701,179,0,c(-100.464215, 39.208289),"1974","143-72",-100.464215,39.208289,43.1997337,"0-65"
"4758","Thomas",-179.07,"Winona NE",1974-12-03,391303101031701,193,0,c(-101.054432, 39.217206),"1974","215-144",-101.054432,39.217206,86.4992905,"66-131"
"4759","Sheridan",-146.27,"Grinnell North",1974-12-03,391401100384601,179,0,c(-100.647022, 39.234106),"1974","215-144",-100.647022,39.234106,53.8740196,"0-65"
"4760","Sheridan",-57.08,NA,1974-01-16,391558100403501,179,0,c(-100.676067, 39.26615),"1974","71-0",-100.676067,39.26615,51.2672653,"0-65"
"4761","Logan",-106.8,NA,1974-03-06,390737100522201,109,0,c(-100.873702, 39.127129),"1974","143-72",-100.873702,39.127129,86.1996841,"66-131"
"4762","Gove",-112.7,"Sunny Slope Lake",1974-01-16,390723100320801,63,0,c(-100.535118, 39.123688),"1974","143-72",-100.535118,39.123688,62.2396011,"0-65"
"4763","Gove",-112.44,"Sunny Slope Lake",1974-03-06,390723100320801,63,0,c(-100.535118, 39.123688),"1974","143-72",-100.535118,39.123688,62.2396011,"0-65"
"4764","Logan",-119.54,"Monument",1974-01-14,390537101060901,109,0,c(-101.104332, 39.091238),"1974","143-72",-101.104332,39.091238,48.7780838,"0-65"
"4765","Thomas",-121.45,"Colby",1974-09-15,392331101040501,193,0,c(-101.06802, 39.392076),"1974","143-72",-101.06802,39.392076,101.6732025,"66-131"
"4766","Thomas",-120.71,"Colby",1974-11-25,392331101040501,193,0,c(-101.06802, 39.392076),"1974","143-72",-101.06802,39.392076,101.6732025,"66-131"
"4767","Thomas",-106.1,"Gem",1974-01-18,392243100560301,193,0,c(-100.93653, 39.379624),"1974","143-72",-100.93653,39.379624,125.4537964,"66-131"
"4768","Thomas",-83.58,NA,1974-01-17,391730100464001,193,0,c(-100.775939, 39.291724),"1974","143-72",-100.775939,39.291724,72.2601318,"66-131"
"4769","Sheridan",-86.73,NA,1974-01-15,392006100345001,179,0,c(-100.582254, 39.334844),"1974","143-72",-100.582254,39.334844,76.2024689,"66-131"
"4770","Thomas",-119.55,"Colby",1974-01-05,392331101040501,193,0,c(-101.06802, 39.392076),"1974","143-72",-101.06802,39.392076,101.6732025,"66-131"
"4771","Thomas",-119.6,"Colby",1974-01-15,392331101040501,193,0,c(-101.06802, 39.392076),"1974","143-72",-101.06802,39.392076,101.6732025,"66-131"
"4772","Thomas",-121.55,"Colby",1974-08-10,392331101040501,193,0,c(-101.06802, 39.392076),"1974","143-72",-101.06802,39.392076,101.6732025,"66-131"
"4773","Gove",-92.81,NA,1974-06-12,390106100221301,63,0,c(-100.372213, 39.017728),"1974","143-72",-100.372213,39.017728,62.6017075,"0-65"
"4774","Gove",-77.7,"Quinter",1974-06-12,390709100125401,63,0,c(-100.217011, 39.118926),"1974","143-72",-100.217011,39.118926,95.5684738,"66-131"
"4775","Sheridan",-35.35,NA,1974-01-14,392104100133901,179,0,c(-100.2277, 39.34974),"1974","71-0",-100.2277,39.34974,9.1895008,"0-65"
"4776","Gove",-11,"Castle Rock NW",1974-01-16,385423100142501,63,0,c(-100.243744, 38.906261),"1974","71-0",-100.243744,38.906261,NA,NA
"4777","Trego",-18.7,"Trego Center",1974-03-07,385919099542601,195,0,c(-99.90839, 38.986439),"1974","71-0",-99.90839,38.986439,51.8137093,"0-65"
"4778","Sheridan",-126.61,NA,1974-01-14,391459100220801,179,0,c(-100.369679, 39.249822),"1974","143-72",-100.369679,39.249822,70.3977432,"66-131"
"4779","Gove",-95.94,NA,1974-06-12,390611100185101,63,0,c(-100.316209, 39.103355),"1974","143-72",-100.316209,39.103355,60.5621758,"0-65"
"4780","Gove",-96.4,NA,1974-09-12,390611100185101,63,0,c(-100.316209, 39.103355),"1974","143-72",-100.316209,39.103355,60.5621758,"0-65"
"4781","Gove",-96.61,NA,1974-12-05,390611100185101,63,0,c(-100.316209, 39.103355),"1974","143-72",-100.316209,39.103355,60.5621758,"0-65"
"4782","Sheridan",-122.6,NA,1974-01-14,392604100172001,179,0,c(-100.2896, 39.433796),"1974","143-72",-100.2896,39.433796,76.230217,"66-131"
"4783","Gove",-91.9,NA,1974-01-16,390106100221301,63,0,c(-100.372213, 39.017728),"1974","143-72",-100.372213,39.017728,62.6017075,"0-65"
"4784","Gove",-10.13,"Castle Rock NW",1974-06-12,385423100142501,63,0,c(-100.243744, 38.906261),"1974","71-0",-100.243744,38.906261,NA,NA
"4785","Gove",-95.75,NA,1974-01-16,390611100185101,63,0,c(-100.316209, 39.103355),"1974","143-72",-100.316209,39.103355,60.5621758,"0-65"
"4786","Gove",-10.73,"Castle Rock NW",1974-03-06,385423100142501,63,0,c(-100.243744, 38.906261),"1974","71-0",-100.243744,38.906261,NA,NA
"4787","Trego",-23.64,"Trego Center",1974-06-12,385919099542601,195,0,c(-99.90839, 38.986439),"1974","71-0",-99.90839,38.986439,51.8137093,"0-65"
"4788","Gove",-11.96,"Castle Rock NW",1974-09-12,385423100142501,63,0,c(-100.243744, 38.906261),"1974","71-0",-100.243744,38.906261,NA,NA
"4789","Gove",-95.74,NA,1974-03-06,390611100185101,63,0,c(-100.316209, 39.103355),"1974","143-72",-100.316209,39.103355,60.5621758,"0-65"
"4790","Sheridan",-19.06,NA,1974-01-14,391906100204301,179,0,c(-100.3456, 39.31771),"1974","71-0",-100.3456,39.31771,34.3206558,"0-65"
"4791","Sheridan",-16.94,"Midway Draw East",1974-01-16,390959100220001,179,0,c(-100.366415, 39.166686),"1974","71-0",-100.366415,39.166686,37.1086998,"0-65"
"4792","Sheridan",-14.7,"Studley",1974-01-14,392123100105401,179,0,c(-100.183011, 39.355734),"1974","71-0",-100.183011,39.355734,NA,NA
"4793","Gove",-11.39,"Castle Rock NW",1974-12-05,385423100142501,63,0,c(-100.243744, 38.906261),"1974","71-0",-100.243744,38.906261,NA,NA
"4794","Sheridan",-18.65,"Midway Draw East",1974-01-14,391005100190401,179,0,c(-100.317525, 39.167722),"1974","71-0",-100.317525,39.167722,18.72369,"0-65"
"4795","Gove",-62.07,"Quinter",1974-03-06,390709100125401,63,0,c(-100.217011, 39.118926),"1974","71-0",-100.217011,39.118926,95.5684738,"66-131"
"4796","Sheridan",-106.52,"Tasco",1974-01-14,391643100173001,179,0,c(-100.292214, 39.278155),"1974","143-72",-100.292214,39.278155,50.9644966,"0-65"
"4797","Gove",-62.75,"Quinter",1974-01-16,390709100125401,63,0,c(-100.217011, 39.118926),"1974","71-0",-100.217011,39.118926,95.5684738,"66-131"
"4798","Gove",-68.05,"Quinter",1974-12-05,390709100125401,63,0,c(-100.217011, 39.118926),"1974","71-0",-100.217011,39.118926,95.5684738,"66-131"
"4799","Sheridan",-139.26,NA,1974-01-14,392643100123101,179,0,c(-100.210191, 39.444691),"1974","143-72",-100.210191,39.444691,80.4289551,"66-131"
"4800","Sheridan",-131.6,"Hoxie NW",1974-01-15,392426100233001,179,0,c(-100.391717, 39.407834),"1974","143-72",-100.391717,39.407834,75.5612946,"66-131"
"4801","Trego",-24.05,"Trego Center",1974-12-05,385919099542601,195,0,c(-99.90839, 38.986439),"1974","71-0",-99.90839,38.986439,51.8137093,"0-65"
"4802","Sheridan",-150.97,"Lucerne",1974-01-14,392452100134601,179,0,c(-100.231514, 39.413004),"1974","215-144",-100.231514,39.413004,63.9424744,"0-65"
"4803","Osborne",-17.57,"WOODSTON",1974-12-02,392710099013302,141,0,c(-99.026061, 39.45254),"1974","71-0",-99.026061,39.45254,NA,NA
"4804","Rooks",-13.11,NA,1974-03-01,392612099102501,163,0,c(-99.173711, 39.436396),"1974","71-0",-99.173711,39.436396,NA,NA
"4805","Osborne",-13,NA,1974-03-14,392726098491501,141,0,c(-98.819448, 39.457836),"1974","71-0",-98.819448,39.457836,NA,NA
"4806","Osborne",-17.1,NA,1974-08-05,392717099002601,141,0,c(-99.007307, 39.454234),"1974","71-0",-99.007307,39.454234,NA,NA
"4807","Ellis",-8.2,"TURKVILLE",1974-06-12,390702099085901,51,0,c(-99.149604, 39.117763),"1974","71-0",-99.149604,39.117763,NA,NA
"4808","Rooks",-8.4,"WOODSTON",1974-03-13,392710099035101,163,0,c(-99.064621, 39.452494),"1974","71-0",-99.064621,39.452494,NA,NA
"4809","Rooks",-15.27,NA,1974-12-02,392612099102501,163,0,c(-99.173711, 39.436396),"1974","71-0",-99.173711,39.436396,NA,NA
"4810","Rooks",-8.55,NA,1974-06-06,392539099103302,163,0,c(-99.176198, 39.427348),"1974","71-0",-99.176198,39.427348,NA,NA
"4811","Osborne",-19.7,NA,1974-03-13,392726099020101,141,0,c(-99.033919, 39.45698),"1974","71-0",-99.033919,39.45698,NA,NA
"4812","Rooks",-13.4,NA,1974-09-13,392520099164501,163,0,c(-99.27868, 39.421366),"1974","71-0",-99.27868,39.421366,NA,NA
"4813","Rooks",-12.9,NA,1974-12-02,392520099164501,163,0,c(-99.27868, 39.421366),"1974","71-0",-99.27868,39.421366,NA,NA
"4814","Rooks",-16.49,"Webster Dam",1974-12-02,392533099243701,163,0,c(-99.41093, 39.425492),"1974","71-0",-99.41093,39.425492,NA,NA
"4815","Osborne",-11.4,NA,1974-03-13,392713099020101,141,0,c(-99.03398, 39.453425),"1974","71-0",-99.03398,39.453425,NA,NA
"4816","Osborne",-15.3,NA,1974-10-22,392717099002601,141,0,c(-99.007307, 39.454234),"1974","71-0",-99.007307,39.454234,NA,NA
"4817","Ellis",-10.6,NA,1974-03-07,390057099123301,51,0,c(-99.208201, 39.015468),"1974","71-0",-99.208201,39.015468,NA,NA
"4818","Rooks",-21.95,"WOODSTON NW",1974-03-01,392631099102501,163,0,c(-99.173711, 39.441813),"1974","71-0",-99.173711,39.441813,NA,NA
"4819","Rooks",-19.31,"STOCKTON",1974-03-01,392520099192201,163,0,c(-99.322887, 39.421824),"1974","71-0",-99.322887,39.421824,NA,NA
"4820","Rooks",-11.44,"WOODSTON NW",1974-09-13,392605099102501,163,0,c(-99.173772, 39.434596),"1974","71-0",-99.173772,39.434596,NA,NA
"4821","Osborne",-17.73,"WOODSTON",1974-03-07,392710099013302,141,0,c(-99.026061, 39.45254),"1974","71-0",-99.026061,39.45254,NA,NA
"4822","Rooks",-15.76,"Webster Dam",1974-06-06,392533099243701,163,0,c(-99.41093, 39.425492),"1974","71-0",-99.41093,39.425492,NA,NA
"4823","Rooks",-7.4,NA,1974-03-01,392539099103302,163,0,c(-99.176198, 39.427348),"1974","71-0",-99.176198,39.427348,NA,NA
"4824","Rooks",-12,NA,1974-03-13,392624099055601,163,0,c(-99.100466, 39.44015),"1974","71-0",-99.100466,39.44015,NA,NA
"4825","Osborne",-15.5,NA,1974-08-05,392726099020101,141,0,c(-99.033919, 39.45698),"1974","71-0",-99.033919,39.45698,NA,NA
"4826","Osborne",-10.2,NA,1974-08-05,392713099020101,141,0,c(-99.03398, 39.453425),"1974","71-0",-99.03398,39.453425,NA,NA
"4827","Rooks",-19.5,NA,1974-03-13,392717099044101,163,0,c(-99.078538, 39.454493),"1974","71-0",-99.078538,39.454493,NA,NA
"4828","Rooks",-22.5,NA,1974-08-05,392704099052301,163,0,c(-99.090455, 39.450953),"1974","71-0",-99.090455,39.450953,NA,NA
"4829","Rooks",-32,"WOODSTON",1974-03-13,392704099055601,163,0,c(-99.099962, 39.450984),"1974","71-0",-99.099962,39.450984,NA,NA
"4830","Osborne",-19.8,NA,1974-03-13,392723098595301,141,0,c(-98.998044, 39.455958),"1974","71-0",-98.998044,39.455958,NA,NA
"4831","Ellis",-14.4,NA,1974-12-05,390057099123301,51,0,c(-99.208201, 39.015468),"1974","71-0",-99.208201,39.015468,NA,NA
"4832","Rooks",-6.3,"WOODSTON NW",1974-12-02,392552099102501,163,0,c(-99.173772, 39.430979),"1974","71-0",-99.173772,39.430979,NA,NA
"4833","Rooks",-9.41,NA,1974-03-01,392553099150401,163,0,c(-99.250908, 39.430125),"1974","71-0",-99.250908,39.430125,NA,NA
"4834","Osborne",-16.39,"ALTON",1974-03-07,392710098591901,141,0,c(-98.989788, 39.451685),"1974","71-0",-98.989788,39.451685,NA,NA
"4835","Osborne",-14.1,NA,1974-08-05,392710099010001,141,0,c(-99.016706, 39.452479),"1974","71-0",-99.016706,39.452479,NA,NA
"4836","Rooks",-14.2,"Woodston",1974-03-13,392637099055601,163,0,c(-99.099809, 39.444178),"1974","71-0",-99.099809,39.444178,NA,NA
"4837","Osborne",-16.3,NA,1974-08-05,392726098491501,141,0,c(-98.819448, 39.457836),"1974","71-0",-98.819448,39.457836,NA,NA
"4838","Osborne",-19.6,NA,1974-08-05,392730099010001,141,0,c(-99.016706, 39.457835),"1974","71-0",-99.016706,39.457835,NA,NA
"4839","Osborne",-18.5,NA,1974-08-05,392647099005601,141,0,c(-99.015501, 39.446116),"1974","71-0",-99.015501,39.446116,NA,NA
"4840","Rooks",-9.73,NA,1974-06-06,392553099150401,163,0,c(-99.250908, 39.430125),"1974","71-0",-99.250908,39.430125,NA,NA
"4841","Rooks",-15.44,"Webster Dam",1974-03-01,392533099243701,163,0,c(-99.41093, 39.425492),"1974","71-0",-99.41093,39.425492,NA,NA
"4842","Rooks",-13.1,NA,1974-08-05,392624099055601,163,0,c(-99.100466, 39.44015),"1974","71-0",-99.100466,39.44015,NA,NA
"4843","Osborne",-19.43,NA,1974-10-30,392730099010001,141,0,c(-99.016706, 39.457835),"1974","71-0",-99.016706,39.457835,NA,NA
"4844","Osborne",-20.8,NA,1974-10-22,392723098595301,141,0,c(-98.998044, 39.455958),"1974","71-0",-98.998044,39.455958,NA,NA
"4845","Rooks",-7.1,"WOODSTON NW",1974-03-01,392552099102501,163,0,c(-99.173772, 39.430979),"1974","71-0",-99.173772,39.430979,NA,NA
"4846","Rooks",-8.1,"WOODSTON NW",1974-09-13,392552099102501,163,0,c(-99.173772, 39.430979),"1974","71-0",-99.173772,39.430979,NA,NA
"4847","Osborne",-17.75,"ALTON",1974-12-02,392710098591901,141,0,c(-98.989788, 39.451685),"1974","71-0",-98.989788,39.451685,NA,NA
"4848","Rooks",-20.99,"STOCKTON",1974-09-13,392520099192201,163,0,c(-99.322887, 39.421824),"1974","71-0",-99.322887,39.421824,NA,NA
"4849","Osborne",-16.62,"WOODSTON",1974-09-13,392710099013302,141,0,c(-99.026061, 39.45254),"1974","71-0",-99.026061,39.45254,NA,NA
"4850","Osborne",-18.3,NA,1974-03-13,392647099005601,141,0,c(-99.015501, 39.446116),"1974","71-0",-99.015501,39.446116,NA,NA
"4851","Rooks",-31.4,"WOODSTON",1974-08-05,392704099055601,163,0,c(-99.099962, 39.450984),"1974","71-0",-99.099962,39.450984,NA,NA
"4852","Osborne",-20.73,NA,1974-10-30,392723098595301,141,0,c(-98.998044, 39.455958),"1974","71-0",-98.998044,39.455958,NA,NA
"4853","Ellis",-9.67,"TURKVILLE",1974-12-05,390702099085901,51,0,c(-99.149604, 39.117763),"1974","71-0",-99.149604,39.117763,NA,NA
"4854","Rooks",-7.7,"WOODSTON NW",1974-06-06,392552099102501,163,0,c(-99.173772, 39.430979),"1974","71-0",-99.173772,39.430979,NA,NA
"4855","Rooks",-20.95,"STOCKTON",1974-12-02,392520099192201,163,0,c(-99.322887, 39.421824),"1974","71-0",-99.322887,39.421824,NA,NA
"4856","Rooks",-9.87,NA,1974-09-13,392539099103302,163,0,c(-99.176198, 39.427348),"1974","71-0",-99.176198,39.427348,NA,NA
"4857","Osborne",-15.28,NA,1974-10-30,392717099002601,141,0,c(-99.007307, 39.454234),"1974","71-0",-99.007307,39.454234,NA,NA
"4858","Rooks",-21.19,"WOODSTON NW",1974-06-06,392631099102501,163,0,c(-99.173711, 39.441813),"1974","71-0",-99.173711,39.441813,NA,NA
"4859","Osborne",-9.66,"ALTON",1974-06-06,392710098562301,141,0,c(-98.939616, 39.452647),"1974","71-0",-98.939616,39.452647,NA,NA
"4860","Osborne",-15.5,"ALTON",1974-03-13,392710098591901,141,0,c(-98.989788, 39.451685),"1974","71-0",-98.989788,39.451685,NA,NA
"4861","Osborne",-17.75,"ALTON",1974-09-13,392710098591901,141,0,c(-98.989788, 39.451685),"1974","71-0",-98.989788,39.451685,NA,NA
"4862","Rooks",-11.58,"WOODSTON NW",1974-12-02,392605099102501,163,0,c(-99.173772, 39.434596),"1974","71-0",-99.173772,39.434596,NA,NA
"4863","Osborne",-17.7,NA,1974-08-05,392710099013301,141,0,c(-99.026061, 39.45254),"1974","71-0",-99.026061,39.45254,NA,NA
"4864","Rooks",-16.55,"Webster Dam",1974-09-13,392533099243701,163,0,c(-99.41093, 39.425492),"1974","71-0",-99.41093,39.425492,NA,NA
"4865","Osborne",-9.8,NA,1974-03-14,392713098491501,141,0,c(-98.819448, 39.454189),"1974","71-0",-98.819448,39.454189,NA,NA
"4866","Ellis",-15.78,NA,1974-09-12,390057099123301,51,0,c(-99.208201, 39.015468),"1974","71-0",-99.208201,39.015468,NA,NA
"4867","Ellis",-7.81,"TURKVILLE",1974-03-07,390702099085901,51,0,c(-99.149604, 39.117763),"1974","71-0",-99.149604,39.117763,NA,NA
"4868","Rooks",-22.31,"WOODSTON NW",1974-12-02,392631099102501,163,0,c(-99.173711, 39.441813),"1974","71-0",-99.173711,39.441813,NA,NA
"4869","Osborne",-17.73,"WOODSTON",1974-06-06,392710099013302,141,0,c(-99.026061, 39.45254),"1974","71-0",-99.026061,39.45254,NA,NA
"4870","Osborne",-14,NA,1974-03-13,392710099010001,141,0,c(-99.016706, 39.452479),"1974","71-0",-99.016706,39.452479,NA,NA
"4871","Osborne",-19.5,NA,1974-10-22,392730099010001,141,0,c(-99.016706, 39.457835),"1974","71-0",-99.016706,39.457835,NA,NA
"4872","Osborne",-10.5,NA,1974-08-05,392713098491501,141,0,c(-98.819448, 39.454189),"1974","71-0",-98.819448,39.454189,NA,NA
"4873","Rooks",-21.67,"WOODSTON NW",1974-09-13,392631099102501,163,0,c(-99.173711, 39.441813),"1974","71-0",-99.173711,39.441813,NA,NA
"4874","Osborne",-8.37,"ALTON",1974-03-07,392710098562301,141,0,c(-98.939616, 39.452647),"1974","71-0",-98.939616,39.452647,NA,NA
"4875","Osborne",-18.1,"ALTON",1974-08-05,392710098591901,141,0,c(-98.989788, 39.451685),"1974","71-0",-98.989788,39.451685,NA,NA
"4876","Rooks",-10.32,"WOODSTON NW",1974-03-01,392605099102501,163,0,c(-99.173772, 39.434596),"1974","71-0",-99.173772,39.434596,NA,NA
"4877","Osborne",-17.8,NA,1974-03-13,392710099013301,141,0,c(-99.026061, 39.45254),"1974","71-0",-99.026061,39.45254,NA,NA
"4878","Rooks",-10,NA,1974-12-02,392539099103302,163,0,c(-99.176198, 39.427348),"1974","71-0",-99.176198,39.427348,NA,NA
"4879","Osborne",-19.9,NA,1974-03-13,392730099010001,141,0,c(-99.016706, 39.457835),"1974","71-0",-99.016706,39.457835,NA,NA
"4880","Rooks",-10.64,NA,1974-12-02,392553099150401,163,0,c(-99.250908, 39.430125),"1974","71-0",-99.250908,39.430125,NA,NA
"4881","Osborne",-14.12,"ALTON",1974-12-02,392710098562301,141,0,c(-98.939616, 39.452647),"1974","71-0",-98.939616,39.452647,NA,NA
"4882","Rooks",-10.26,NA,1974-09-13,392553099150401,163,0,c(-99.250908, 39.430125),"1974","71-0",-99.250908,39.430125,NA,NA
"4883","Rooks",-18.51,"STOCKTON",1974-06-06,392520099192201,163,0,c(-99.322887, 39.421824),"1974","71-0",-99.322887,39.421824,NA,NA
"4884","Rooks",-10.87,"WOODSTON NW",1974-06-06,392605099102501,163,0,c(-99.173772, 39.434596),"1974","71-0",-99.173772,39.434596,NA,NA
"4885","Ellis",-10.33,"TURKVILLE",1974-09-12,390702099085901,51,0,c(-99.149604, 39.117763),"1974","71-0",-99.149604,39.117763,NA,NA
"4886","Osborne",-16.79,"ALTON",1974-06-06,392710098591901,141,0,c(-98.989788, 39.451685),"1974","71-0",-98.989788,39.451685,NA,NA
"4887","Osborne",-16.3,NA,1974-03-13,392717099002601,141,0,c(-99.007307, 39.454234),"1974","71-0",-99.007307,39.454234,NA,NA
"4888","Osborne",-20.2,NA,1974-08-05,392723098595301,141,0,c(-98.998044, 39.455958),"1974","71-0",-98.998044,39.455958,NA,NA
"4889","Osborne",-14.12,"ALTON",1974-09-13,392710098562301,141,0,c(-98.939616, 39.452647),"1974","71-0",-98.939616,39.452647,NA,NA
"4890","Rooks",-11.81,NA,1974-03-01,392520099164501,163,0,c(-99.27868, 39.421366),"1974","71-0",-99.27868,39.421366,NA,NA
"4891","Rooks",-22.6,NA,1974-03-13,392704099052301,163,0,c(-99.090455, 39.450953),"1974","71-0",-99.090455,39.450953,NA,NA
"4892","Ellis",-14,NA,1974-06-12,390057099123301,51,0,c(-99.208201, 39.015468),"1974","71-0",-99.208201,39.015468,NA,NA
"4893","Rooks",-12.7,"WOODSTON",1974-08-05,392710099035101,163,0,c(-99.064621, 39.452494),"1974","71-0",-99.064621,39.452494,NA,NA
"4894","Rooks",-13.3,"Woodston",1974-08-05,392637099055601,163,0,c(-99.099809, 39.444178),"1974","71-0",-99.099809,39.444178,NA,NA
"4895","Rooks",-13.7,NA,1974-06-06,392612099102501,163,0,c(-99.173711, 39.436396),"1974","71-0",-99.173711,39.436396,NA,NA
"4896","Rooks",-14.65,NA,1974-09-13,392612099102501,163,0,c(-99.173711, 39.436396),"1974","71-0",-99.173711,39.436396,NA,NA
"4897","Rooks",-19.3,NA,1974-08-05,392717099044101,163,0,c(-99.078538, 39.454493),"1974","71-0",-99.078538,39.454493,NA,NA
"4898","Osborne",-19.1,NA,1974-03-15,392554098354701,141,0,c(-98.598857, 39.431605),"1974","71-0",-98.598857,39.431605,NA,NA
"4899","Osborne",-30.59,"OSBORNE",1974-03-07,392518098393601,141,0,c(-98.664309, 39.42298),"1974","71-0",-98.664309,39.42298,NA,NA
"4900","Osborne",-35.3,NA,1974-08-05,392620098422901,141,0,c(-98.710663, 39.440165),"1974","71-0",-98.710663,39.440165,NA,NA
"4901","Osborne",-22.6,NA,1974-03-15,392541098353101,141,0,c(-98.594325, 39.428126),"1974","71-0",-98.594325,39.428126,NA,NA
"4902","Osborne",-28.3,NA,1974-03-15,392544098401801,141,0,c(-98.674911, 39.429972),"1974","71-0",-98.674911,39.429972,NA,NA
"4903","Osborne",-9.8,NA,1974-03-15,392703098455601,141,0,c(-98.767734, 39.451595),"1974","71-0",-98.767734,39.451595,NA,NA
"4904","Osborne",-16.3,NA,1974-03-15,392620098354701,141,0,c(-98.598796, 39.438929),"1974","71-0",-98.598796,39.438929,NA,NA
"4905","Osborne",-20.5,NA,1974-10-22,392620098390701,141,0,c(-98.654936, 39.439738),"1974","71-0",-98.654936,39.439738,NA,NA
"4906","Osborne",-27.78,NA,1974-10-30,392620098422901,141,0,c(-98.710663, 39.440165),"1974","71-0",-98.710663,39.440165,NA,NA
"4907","Osborne",-24.2,NA,1974-08-05,392541098353101,141,0,c(-98.594325, 39.428126),"1974","71-0",-98.594325,39.428126,NA,NA
"4908","Osborne",-29.9,NA,1974-08-05,392544098401801,141,0,c(-98.674911, 39.429972),"1974","71-0",-98.674911,39.429972,NA,NA
"4909","Osborne",-32.8,NA,1974-03-15,392633098444401,141,0,c(-98.747851, 39.443615),"1974","71-0",-98.747851,39.443615,NA,NA
"4910","Osborne",-20.37,NA,1974-10-30,392620098390701,141,0,c(-98.654936, 39.439738),"1974","71-0",-98.654936,39.439738,NA,NA
"4911","Osborne",-6.2,NA,1974-08-05,392633098390601,141,0,c(-98.654875, 39.443354),"1974","71-0",-98.654875,39.443354,NA,NA
"4912","Osborne",-22.9,"Osborne",1974-03-15,392554098390701,141,0,c(-98.653959, 39.430289),"1974","71-0",-98.653959,39.430289,NA,NA
"4913","Osborne",-34.5,NA,1974-08-05,392636098381201,141,0,c(-98.639615, 39.444163),"1974","71-0",-98.639615,39.444163,NA,NA
"4914","Osborne",-36.04,"BLOOMINGTON",1974-09-13,392637098445701,141,0,c(-98.751391, 39.4445),"1974","71-0",-98.751391,39.4445,NA,NA
"4915","Osborne",-8.3,NA,1974-08-05,392722098434901,141,0,c(-98.732591, 39.457195),"1974","71-0",-98.732591,39.457195,NA,NA
"4916","Osborne",-17,NA,1974-03-14,392710098482001,141,0,c(-98.806736, 39.453014),"1974","71-0",-98.806736,39.453014,NA,NA
"4917","Osborne",-35.6,NA,1974-03-15,392554098365401,141,0,c(-98.617596, 39.432307),"1974","71-0",-98.617596,39.432307,NA,NA
"4918","Osborne",-37.11,"BLOOMINGTON",1974-12-02,392637098445701,141,0,c(-98.751391, 39.4445),"1974","71-0",-98.751391,39.4445,NA,NA
"4919","Osborne",-32.9,NA,1974-08-05,392637098481101,141,0,c(-98.804661, 39.443981),"1974","71-0",-98.804661,39.443981,NA,NA
"4920","Osborne",-19.8,NA,1974-08-05,392620098390701,141,0,c(-98.654936, 39.439738),"1974","71-0",-98.654936,39.439738,NA,NA
"4921","Osborne",-30.8,NA,1974-03-15,392620098422901,141,0,c(-98.710663, 39.440165),"1974","71-0",-98.710663,39.440165,NA,NA
"4922","Osborne",-24.2,NA,1974-03-14,392726098482401,141,0,c(-98.807713, 39.457607),"1974","71-0",-98.807713,39.457607,NA,NA
"4923","Osborne",-34.8,NA,1974-03-15,392659098413601,141,0,c(-98.694869, 39.452632),"1974","71-0",-98.694869,39.452632,NA,NA
"4924","Osborne",-26,"Osborne",1974-03-15,392659098444401,141,0,c(-98.747576, 39.448623),"1974","71-0",-98.747576,39.448623,NA,NA
"4925","Osborne",-25.6,"Osborne",1974-08-05,392659098444401,141,0,c(-98.747576, 39.448623),"1974","71-0",-98.747576,39.448623,NA,NA
"4926","Osborne",-30.31,"OSBORNE",1974-06-06,392518098393601,141,0,c(-98.664309, 39.42298),"1974","71-0",-98.664309,39.42298,NA,NA
"4927","Osborne",-28.85,NA,1974-03-07,392558098454801,141,0,c(-98.765247, 39.433422),"1974","71-0",-98.765247,39.433422,NA,NA
"4928","Osborne",-17.5,NA,1974-08-05,392620098354701,141,0,c(-98.598796, 39.438929),"1974","71-0",-98.598796,39.438929,NA,NA
"4929","Osborne",-21.3,NA,1974-03-15,392647098465901,141,0,c(-98.784901, 39.44688),"1974","71-0",-98.784901,39.44688,NA,NA
"4930","Osborne",-16.9,NA,1974-08-05,392554098354701,141,0,c(-98.598857, 39.431605),"1974","71-0",-98.598857,39.431605,NA,NA
"4931","Osborne",-21,"Osborne",1974-08-05,392554098390701,141,0,c(-98.653959, 39.430289),"1974","71-0",-98.653959,39.430289,NA,NA
"4932","Osborne",-45.4,NA,1974-08-05,392646098411901,141,0,c(-98.6949, 39.45003),"1974","71-0",-98.6949,39.45003,NA,NA
"4933","Osborne",-29.5,NA,1974-10-22,392713098465901,141,0,c(-98.784961, 39.454128),"1974","71-0",-98.784961,39.454128,NA,NA
"4934","Osborne",-5.9,NA,1974-03-15,392633098390601,141,0,c(-98.654875, 39.443354),"1974","71-0",-98.654875,39.443354,NA,NA
"4935","Osborne",-31.03,"OSBORNE",1974-12-02,392518098393601,141,0,c(-98.664309, 39.42298),"1974","71-0",-98.664309,39.42298,NA,NA
"4936","Mitchell",-2.7,"BELOIT",1974-03-07,392556098012301,123,0,c(-98.024493, 39.4325),"1974","71-0",-98.024493,39.4325,NA,NA
"4937","Osborne",-28.5,NA,1974-03-15,392633098401301,141,0,c(-98.673568, 39.443522),"1974","71-0",-98.673568,39.443522,NA,NA
"4938","Osborne",-25.9,NA,1974-08-05,392633098401301,141,0,c(-98.673568, 39.443522),"1974","71-0",-98.673568,39.443522,NA,NA
"4939","Osborne",-35.05,"BLOOMINGTON",1974-03-07,392637098445701,141,0,c(-98.751391, 39.4445),"1974","71-0",-98.751391,39.4445,NA,NA
"4940","Osborne",-34.7,NA,1974-08-05,392643098460401,141,0,c(-98.769992, 39.446071),"1974","71-0",-98.769992,39.446071,NA,NA
"4941","Osborne",-17.9,NA,1974-03-15,392544098413301,141,0,c(-98.695259, 39.431476),"1974","71-0",-98.695259,39.431476,NA,NA
"4942","Osborne",-36.1,NA,1974-08-05,392643098434001,141,0,c(-98.730317, 39.446392),"1974","71-0",-98.730317,39.446392,NA,NA
"4943","Osborne",-23.5,NA,1974-03-15,392607098403001,141,0,c(-98.678329, 39.436335),"1974","71-0",-98.678329,39.436335,NA,NA
"4944","Osborne",-31.2,NA,1974-10-22,392620098354701,141,0,c(-98.598796, 39.438929),"1974","71-0",-98.598796,39.438929,NA,NA
"4945","Mitchell",-20.2,"BELOIT",1974-03-27,392609098051001,123,0,c(-98.08663, 39.436316),"1974","71-0",-98.08663,39.436316,NA,NA
"4946","Osborne",-32.4,NA,1974-08-05,392633098444401,141,0,c(-98.747851, 39.443615),"1974","71-0",-98.747851,39.443615,NA,NA
"4947","Osborne",-16.1,NA,1974-08-05,392710098482001,141,0,c(-98.806736, 39.453014),"1974","71-0",-98.806736,39.453014,NA,NA
"4948","Mitchell",-4.9,NA,1974-03-07,392504098012301,123,0,c(-98.024493, 39.417974),"1974","71-0",-98.024493,39.417974,NA,NA
"4949","Osborne",-27,NA,1974-08-05,392607098365301,141,0,c(-98.617535, 39.435969),"1974","71-0",-98.617535,39.435969,NA,NA
"4950","Osborne",-45.9,NA,1974-08-05,392659098413601,141,0,c(-98.694869, 39.452632),"1974","71-0",-98.694869,39.452632,NA,NA
"4951","Osborne",-29.04,NA,1974-02-18,392558098454801,141,0,c(-98.765247, 39.433422),"1974","71-0",-98.765247,39.433422,NA,NA
"4952","Osborne",-21.2,NA,1974-08-05,392544098413301,141,0,c(-98.695259, 39.431476),"1974","71-0",-98.695259,39.431476,NA,NA
"4953","Osborne",-31.4,NA,1974-03-14,392713098465901,141,0,c(-98.784961, 39.454128),"1974","71-0",-98.784961,39.454128,NA,NA
"4954","Osborne",-36.9,NA,1974-03-15,392636098381201,141,0,c(-98.639615, 39.444163),"1974","71-0",-98.639615,39.444163,NA,NA
"4955","Osborne",-36.8,NA,1974-03-14,392643098434001,141,0,c(-98.730317, 39.446392),"1974","71-0",-98.730317,39.446392,NA,NA
"4956","Osborne",-34.1,NA,1974-03-15,392643098460401,141,0,c(-98.769992, 39.446071),"1974","71-0",-98.769992,39.446071,NA,NA
"4957","Osborne",-26.3,NA,1974-03-15,392607098365301,141,0,c(-98.617535, 39.435969),"1974","71-0",-98.617535,39.435969,NA,NA
"4958","Osborne",-31.4,NA,1974-03-15,392637098481101,141,0,c(-98.804661, 39.443981),"1974","71-0",-98.804661,39.443981,NA,NA
"4959","Osborne",-18.3,NA,1974-03-15,392646098411901,141,0,c(-98.6949, 39.45003),"1974","71-0",-98.6949,39.45003,NA,NA
"4960","Osborne",-31,NA,1974-08-05,392713098465901,141,0,c(-98.784961, 39.454128),"1974","71-0",-98.784961,39.454128,NA,NA
"4961","Osborne",-10.9,NA,1974-08-05,392703098455601,141,0,c(-98.767734, 39.451595),"1974","71-0",-98.767734,39.451595,NA,NA
"4962","Osborne",-4.7,NA,1974-03-14,392722098434901,141,0,c(-98.732591, 39.457195),"1974","71-0",-98.732591,39.457195,NA,NA
"4963","Osborne",-31.16,"OSBORNE",1974-09-13,392518098393601,141,0,c(-98.664309, 39.42298),"1974","71-0",-98.664309,39.42298,NA,NA
"4964","Osborne",-21.4,NA,1974-08-05,392607098403001,141,0,c(-98.678329, 39.436335),"1974","71-0",-98.678329,39.436335,NA,NA
"4965","Osborne",-3.2,NA,1974-03-15,392657098481101,141,0,c(-98.8046, 39.449398),"1974","71-0",-98.8046,39.449398,NA,NA
"4966","Osborne",-36.8,NA,1974-08-05,392554098365401,141,0,c(-98.617596, 39.432307),"1974","71-0",-98.617596,39.432307,NA,NA
"4967","Osborne",-35.19,"BLOOMINGTON",1974-06-06,392637098445701,141,0,c(-98.751391, 39.4445),"1974","71-0",-98.751391,39.4445,NA,NA
"4968","Osborne",-27.9,NA,1974-10-22,392620098422901,141,0,c(-98.710663, 39.440165),"1974","71-0",-98.710663,39.440165,NA,NA
"4969","Osborne",-23.5,NA,1974-08-05,392726098482401,141,0,c(-98.807713, 39.457607),"1974","71-0",-98.807713,39.457607,NA,NA
"4970","Mitchell",-5.11,"BELOIT",1974-03-07,392517098011501,123,0,c(-98.022174, 39.42159),"1974","71-0",-98.022174,39.42159,NA,NA
"4971","Osborne",-29.8,NA,1974-03-15,392633098365301,141,0,c(-98.617336, 39.443202),"1974","71-0",-98.617336,39.443202,NA,NA
"4972","Osborne",-20.6,NA,1974-03-15,392620098390701,141,0,c(-98.654936, 39.439738),"1974","71-0",-98.654936,39.439738,NA,NA
"4973","Mitchell",-20.4,"SOLOMON RAPIDS",1974-03-27,392622098080501,123,0,c(-98.136298, 39.439979),"1974","71-0",-98.136298,39.439979,NA,NA
"4974","Saline",-11.27,"ASSARIA",1974-03-08,383821097364501,169,0,c(-97.612863, 38.638952),"1974","71-0",-97.612863,38.638952,NA,NA
"4975","Saline",-16.55,"ASSARIA",1974-09-10,383959097353101,169,0,c(-97.592172, 38.666219),"1974","71-0",-97.592172,38.666219,NA,NA
"4976","Saline",-17.7,"ASSARIA",1974-12-09,383959097353101,169,0,c(-97.592172, 38.666219),"1974","71-0",-97.592172,38.666219,NA,NA
"4977","Saline",-15.59,"ASSARIA",1974-12-09,383821097364501,169,0,c(-97.612863, 38.638952),"1974","71-0",-97.612863,38.638952,NA,NA
"4978","Saline",-15.05,"ASSARIA",1974-03-08,383959097353101,169,0,c(-97.592172, 38.666219),"1974","71-0",-97.592172,38.666219,NA,NA
"4979","Saline",-11.4,"ASSARIA",1974-06-10,383821097364501,169,0,c(-97.612863, 38.638952),"1974","71-0",-97.612863,38.638952,NA,NA
"4980","Saline",-15.82,"ASSARIA",1974-06-10,383959097353101,169,0,c(-97.592172, 38.666219),"1974","71-0",-97.592172,38.666219,NA,NA
"4981","Saline",-14.9,"ASSARIA",1974-09-10,383821097364501,169,0,c(-97.612863, 38.638952),"1974","71-0",-97.612863,38.638952,NA,NA
"4982","Pottawatomie",-22.83,NA,1974-12-19,391050096295201,149,0,c(-96.497639, 39.180646),"1974","71-0",-96.497639,39.180646,NA,NA
"4983","Riley",-15.96,NA,1974-09-23,390755096365701,161,0,c(-96.617836, 39.132048),"1974","71-0",-96.617836,39.132048,NA,NA
"4984","Riley",-17.48,NA,1974-09-23,390834096362301,161,0,c(-96.60842, 39.142911),"1974","71-0",-96.60842,39.142911,NA,NA
"4985","Pottawatomie",-14.7,NA,1974-12-19,391142096285501,149,0,c(-96.481464, 39.195279),"1974","71-0",-96.481464,39.195279,NA,NA
"4986","Riley",-24.45,NA,1974-03-21,390938096294301,161,0,c(-96.495198, 39.160428),"1974","71-0",-96.495198,39.160428,NA,NA
"4987","Riley",-14.84,NA,1974-06-20,390834096362301,161,0,c(-96.60842, 39.142911),"1974","71-0",-96.60842,39.142911,NA,NA
"4988","Riley",-9.9,NA,1974-06-20,391055096261701,161,0,c(-96.436924, 39.182202),"1974","71-0",-96.436924,39.182202,NA,NA
"4989","Pottawatomie",-13.46,NA,1974-09-23,391142096285501,149,0,c(-96.481464, 39.195279),"1974","71-0",-96.481464,39.195279,NA,NA
"4990","Geary",-17.33,NA,1974-03-18,390356096455601,61,0,c(-96.757182, 39.065092),"1974","71-0",-96.757182,39.065092,NA,NA
"4991","Riley",-17.9,NA,1974-09-23,390815096364901,161,0,c(-96.6155, 39.137494),"1974","71-0",-96.6155,39.137494,NA,NA
"4992","Riley",-14.7,NA,1974-03-21,390834096362301,161,0,c(-96.60842, 39.142911),"1974","71-0",-96.60842,39.142911,NA,NA
"4993","Geary",-17.22,NA,1974-09-18,390356096455601,61,0,c(-96.757182, 39.065092),"1974","71-0",-96.757182,39.065092,NA,NA
"4994","Riley",-11,NA,1974-03-21,391055096261701,161,0,c(-96.436924, 39.182202),"1974","71-0",-96.436924,39.182202,NA,NA
"4995","Riley",-15.77,NA,1974-03-21,390729096364901,161,0,c(-96.614539, 39.124937),"1974","71-0",-96.614539,39.124937,NA,NA
"4996","Riley",-19.56,NA,1974-06-20,391023096274101,161,0,c(-96.460346, 39.173215),"1974","71-0",-96.460346,39.173215,NA,NA
"4997","Clay",-12.05,"CLAY CENTER NW",1974-09-18,392256097105701,27,0,c(-97.180469, 39.383106),"1974","71-0",-97.180469,39.383106,NA,NA
"4998","Riley",-13.9,NA,1974-12-19,390821096362301,161,0,c(-96.60842, 39.139264),"1974","71-0",-96.60842,39.139264,NA,NA
"4999","Geary",-17.23,NA,1974-06-17,390356096455601,61,0,c(-96.757182, 39.065092),"1974","71-0",-96.757182,39.065092,NA,NA
"5000","Geary",-17.22,NA,1974-12-18,390356096455601,61,0,c(-96.757182, 39.065092),"1974","71-0",-96.757182,39.065092,NA,NA
"5001","Riley",-26.53,NA,1974-06-20,390938096294301,161,0,c(-96.495198, 39.160428),"1974","71-0",-96.495198,39.160428,NA,NA
"5002","Riley",-29.85,NA,1974-12-19,390938096294301,161,0,c(-96.495198, 39.160428),"1974","71-0",-96.495198,39.160428,NA,NA
"5003","Riley",-19.2,NA,1974-09-23,390841096380802,161,0,c(-96.636574, 39.144864),"1974","71-0",-96.636574,39.144864,NA,NA
"5004","Riley",-13.18,NA,1974-09-23,391055096261701,161,0,c(-96.436924, 39.182202),"1974","71-0",-96.436924,39.182202,NA,NA
"5005","Riley",-19.65,NA,1974-09-23,390729096364901,161,0,c(-96.614539, 39.124937),"1974","71-0",-96.614539,39.124937,NA,NA
"5006","Riley",-20.75,NA,1974-12-19,390729096364901,161,0,c(-96.614539, 39.124937),"1974","71-0",-96.614539,39.124937,NA,NA
"5007","Riley",-18.58,NA,1974-12-19,390815096364901,161,0,c(-96.6155, 39.137494),"1974","71-0",-96.6155,39.137494,NA,NA
"5008","Riley",-11.58,NA,1974-03-21,390821096362301,161,0,c(-96.60842, 39.139264),"1974","71-0",-96.60842,39.139264,NA,NA
"5009","Riley",-14.98,NA,1974-12-19,390834096362301,161,0,c(-96.60842, 39.142911),"1974","71-0",-96.60842,39.142911,NA,NA
"5010","Clay",-10.7,"CLAY CENTER NW",1974-06-17,392256097105701,27,0,c(-97.180469, 39.383106),"1974","71-0",-97.180469,39.383106,NA,NA
"5011","Pottawatomie",-18.14,NA,1974-03-18,391050096295201,149,0,c(-96.497639, 39.180646),"1974","71-0",-96.497639,39.180646,NA,NA
"5012","Pottawatomie",-22.05,NA,1974-09-23,391050096295201,149,0,c(-96.497639, 39.180646),"1974","71-0",-96.497639,39.180646,NA,NA
"5013","Riley",-15.4,NA,1974-06-20,390815096364901,161,0,c(-96.6155, 39.137494),"1974","71-0",-96.6155,39.137494,NA,NA
"5014","Riley",-19.82,NA,1974-12-19,390841096380802,161,0,c(-96.636574, 39.144864),"1974","71-0",-96.636574,39.144864,NA,NA
"5015","Clay",-9.72,"CLAY CENTER NW",1974-03-18,392256097105701,27,0,c(-97.180469, 39.383106),"1974","71-0",-97.180469,39.383106,NA,NA
"5016","Riley",-14.68,NA,1974-12-19,391055096261701,161,0,c(-96.436924, 39.182202),"1974","71-0",-96.436924,39.182202,NA,NA
"5017","Pottawatomie",-8.46,NA,1974-03-18,391142096285501,149,0,c(-96.481464, 39.195279),"1974","71-0",-96.481464,39.195279,NA,NA
"5018","Riley",-13.28,NA,1974-06-20,390755096365701,161,0,c(-96.617836, 39.132048),"1974","71-0",-96.617836,39.132048,NA,NA
"5019","Riley",-12.42,NA,1974-06-20,390821096362301,161,0,c(-96.60842, 39.139264),"1974","71-0",-96.60842,39.139264,NA,NA
"5020","Riley",-18.45,NA,1974-03-21,391023096274101,161,0,c(-96.460346, 39.173215),"1974","71-0",-96.460346,39.173215,NA,NA
"5021","Pottawatomie",-8.3,NA,1974-06-20,391142096285501,149,0,c(-96.481464, 39.195279),"1974","71-0",-96.481464,39.195279,NA,NA
"5022","Riley",-29,NA,1974-09-23,390938096294301,161,0,c(-96.495198, 39.160428),"1974","71-0",-96.495198,39.160428,NA,NA
"5023","Pottawatomie",-18.35,NA,1974-06-20,391050096295201,149,0,c(-96.497639, 39.180646),"1974","71-0",-96.497639,39.180646,NA,NA
"5024","Riley",-13.28,NA,1974-09-23,390821096362301,161,0,c(-96.60842, 39.139264),"1974","71-0",-96.60842,39.139264,NA,NA
"5025","Riley",-22.55,NA,1974-12-19,391023096274101,161,0,c(-96.460346, 39.173215),"1974","71-0",-96.460346,39.173215,NA,NA
"5026","Clay",-12.35,"CLAY CENTER NW",1974-12-18,392256097105701,27,0,c(-97.180469, 39.383106),"1974","71-0",-97.180469,39.383106,NA,NA
"5027","Riley",-21.88,NA,1974-09-23,391023096274101,161,0,c(-96.460346, 39.173215),"1974","71-0",-96.460346,39.173215,NA,NA
"5028","Riley",-16.42,NA,1974-03-21,390841096380802,161,0,c(-96.636574, 39.144864),"1974","71-0",-96.636574,39.144864,NA,NA
"5029","Riley",-12.96,NA,1974-03-21,390755096365701,161,0,c(-96.617836, 39.132048),"1974","71-0",-96.617836,39.132048,NA,NA
"5030","Riley",-15.04,NA,1974-03-21,390815096364901,161,0,c(-96.6155, 39.137494),"1974","71-0",-96.6155,39.137494,NA,NA
"5031","Riley",-17.1,NA,1974-12-19,390755096365701,161,0,c(-96.617836, 39.132048),"1974","71-0",-96.617836,39.132048,NA,NA
"5032","Riley",-16.98,NA,1974-06-20,390841096380802,161,0,c(-96.636574, 39.144864),"1974","71-0",-96.636574,39.144864,NA,NA
"5033","Riley",-16.2,NA,1974-06-20,390729096364901,161,0,c(-96.614539, 39.124937),"1974","71-0",-96.614539,39.124937,NA,NA
"5034","Shawnee",-14.95,NA,1974-03-21,390421095490201,177,0,c(-95.817768, 39.073044),"1974","71-0",-95.817768,39.073044,NA,NA
"5035","Shawnee",-17.85,NA,1974-03-21,390433095413401,177,0,c(-95.69336, 39.078049),"1974","71-0",-95.69336,39.078049,NA,NA
"5036","Shawnee",-23.6,NA,1974-12-16,390400095392101,177,0,c(-95.656326, 39.068985),"1974","71-0",-95.656326,39.068985,NA,NA
"5037","Pottawatomie",-21.55,NA,1974-09-23,391331096120101,149,0,c(-96.199798, 39.224987),"1974","71-0",-96.199798,39.224987,NA,NA
"5038","Pottawatomie",-20.85,NA,1974-12-19,391134096171301,149,0,c(-96.285721, 39.19296),"1974","71-0",-96.285721,39.19296,NA,NA
"5039","Pottawatomie",-16.24,NA,1974-12-19,391305096135201,149,0,c(-96.230056, 39.217862),"1974","71-0",-96.230056,39.217862,NA,NA
"5040","Wabaunsee",-7.54,NA,1974-06-20,391029096171301,197,0,c(-96.285538, 39.174634),"1974","71-0",-96.285538,39.174634,NA,NA
"5041","Wabaunsee",-16.96,NA,1974-06-20,390909096053101,197,0,c(-96.093167, 39.15251),"1974","71-0",-96.093167,39.15251,NA,NA
"5042","Shawnee",-22.84,NA,1974-06-20,390433095424002,177,0,c(-95.71193, 39.077927),"1974","71-0",-95.71193,39.077927,NA,NA
"5043","Shawnee",-17.7,NA,1974-03-19,390400095392101,177,0,c(-95.656326, 39.068985),"1974","71-0",-95.656326,39.068985,NA,NA
"5044","Pottawatomie",-14.25,NA,1974-02-13,391404096103601,149,0,c(-96.176344, 39.234066),"1974","71-0",-96.176344,39.234066,NA,NA
"5045","Pottawatomie",-24.55,"WAMEGO",1974-02-13,391417096161401,149,0,c(-96.269791, 39.23814),"1974","71-0",-96.269791,39.23814,NA,NA
"5046","Pottawatomie",-25.83,"WAMEGO",1974-06-20,391417096161401,149,0,c(-96.269791, 39.23814),"1974","71-0",-96.269791,39.23814,NA,NA
"5047","Shawnee",-23.01,NA,1974-01-01,390519095445301,177,0,c(-95.748524, 39.08899),"1974","71-0",-95.748524,39.08899,NA,NA
"5048","Shawnee",-24.38,NA,1974-05-01,390519095445301,177,0,c(-95.748524, 39.08899),"1974","71-0",-95.748524,39.08899,NA,NA
"5049","Shawnee",-25.72,NA,1974-09-01,390519095445301,177,0,c(-95.748524, 39.08899),"1974","71-0",-95.748524,39.08899,NA,NA
"5050","Wabaunsee",-16.55,NA,1974-03-21,390909096053101,197,0,c(-96.093167, 39.15251),"1974","71-0",-96.093167,39.15251,NA,NA
"5051","Shawnee",-11.16,NA,1974-06-20,390534095542901,177,0,c(-95.908576, 39.09352),"1974","71-0",-95.908576,39.09352,NA,NA
"5052","Jefferson",-23.98,NA,1974-09-24,390347095352701,87,0,c(-95.59094, 39.065247),"1974","71-0",-95.59094,39.065247,NA,NA
"5053","Pottawatomie",-17.33,NA,1974-03-21,391331096120101,149,0,c(-96.199798, 39.224987),"1974","71-0",-96.199798,39.224987,NA,NA
"5054","Pottawatomie",-22.88,NA,1974-02-13,391246096113501,149,0,c(-96.1929, 39.212323),"1974","71-0",-96.1929,39.212323,NA,NA
"5055","Pottawatomie",-25.64,"BELVUE",1974-03-21,391456096140801,149,0,c(-96.234528, 39.248867),"1974","71-0",-96.234528,39.248867,NA,NA
"5056","Pottawatomie",-24.88,"BELVUE",1974-06-20,391456096140801,149,0,c(-96.234528, 39.248867),"1974","71-0",-96.234528,39.248867,NA,NA
"5057","Shawnee",-13.8,NA,1974-12-19,390744096013401,177,0,c(-96.026209, 39.128814),"1974","71-0",-96.026209,39.128814,NA,NA
"5058","Shawnee",-15.84,NA,1974-12-19,390421095510601,177,0,c(-95.852437, 39.073517),"1974","71-0",-95.852437,39.073517,NA,NA
"5059","Pottawatomie",-21.25,NA,1974-12-19,391404096103601,149,0,c(-96.176344, 39.234066),"1974","71-0",-96.176344,39.234066,NA,NA
"5060","Pottawatomie",-11.35,"BELVUE",1974-06-20,391159096073701,149,0,c(-96.127576, 39.199521),"1974","71-0",-96.127576,39.199521,NA,NA
"5061","Shawnee",-13.1,NA,1974-09-23,390837096003001,177,0,c(-96.009043, 39.143095),"1974","71-0",-96.009043,39.143095,NA,NA
"5062","Shawnee",-10.6,NA,1974-03-21,390559095485301,177,0,c(-95.815449, 39.100295),"1974","71-0",-95.815449,39.100295,NA,NA
"5063","Shawnee",-13.63,NA,1974-03-19,390519095384701,177,0,c(-95.646727, 39.0905),"1974","71-0",-95.646727,39.0905,NA,NA
"5064","Shawnee",-22.03,NA,1974-03-19,390420095401101,177,0,c(-95.670654, 39.074509),"1974","71-0",-95.670654,39.074509,NA,NA
"5065","Shawnee",-23.09,NA,1974-06-18,390420095401101,177,0,c(-95.670654, 39.074509),"1974","71-0",-95.670654,39.074509,NA,NA
"5066","Shawnee",-12.44,NA,1974-09-23,390507095485301,177,0,c(-95.81551, 39.085739),"1974","71-0",-95.81551,39.085739,NA,NA
"5067","Shawnee",-20.65,NA,1974-09-23,390433095413401,177,0,c(-95.69336, 39.078049),"1974","71-0",-95.69336,39.078049,NA,NA
"5068","Shawnee",-22.3,NA,1974-03-21,390433095424002,177,0,c(-95.71193, 39.077927),"1974","71-0",-95.71193,39.077927,NA,NA
"5069","Wabaunsee",-7.9,NA,1974-03-21,391029096171301,197,0,c(-96.285538, 39.174634),"1974","71-0",-96.285538,39.174634,NA,NA
"5070","Shawnee",-34.3,NA,1974-12-19,390545095423201,177,0,c(-95.709611, 39.097564),"1974","71-0",-95.709611,39.097564,NA,NA
"5071","Shawnee",-26.05,NA,1974-12-16,390420095401101,177,0,c(-95.670654, 39.074509),"1974","71-0",-95.670654,39.074509,NA,NA
"5072","Jefferson",-20.1,NA,1974-03-19,390347095352701,87,0,c(-95.59094, 39.065247),"1974","71-0",-95.59094,39.065247,NA,NA
"5073","Shawnee",-8.57,NA,1974-06-20,390507095485301,177,0,c(-95.81551, 39.085739),"1974","71-0",-95.81551,39.085739,NA,NA
"5074","Shawnee",-13.38,NA,1974-12-19,390507095485301,177,0,c(-95.81551, 39.085739),"1974","71-0",-95.81551,39.085739,NA,NA
"5075","Pottawatomie",-16.15,NA,1974-02-13,391331096120101,149,0,c(-96.199798, 39.224987),"1974","71-0",-96.199798,39.224987,NA,NA
"5076","Pottawatomie",-27.8,NA,1974-12-19,391246096113501,149,0,c(-96.1929, 39.212323),"1974","71-0",-96.1929,39.212323,NA,NA
"5077","Pottawatomie",-19.54,NA,1974-09-23,391404096103601,149,0,c(-96.176344, 39.234066),"1974","71-0",-96.176344,39.234066,NA,NA
"5078","Pottawatomie",-12.3,NA,1974-03-21,391305096135201,149,0,c(-96.230056, 39.217862),"1974","71-0",-96.230056,39.217862,NA,NA
"5079","Pottawatomie",-10.48,"BELVUE",1974-02-13,391159096073701,149,0,c(-96.127576, 39.199521),"1974","71-0",-96.127576,39.199521,NA,NA
"5080","Pottawatomie",-14.35,"BELVUE",1974-09-23,391159096073701,149,0,c(-96.127576, 39.199521),"1974","71-0",-96.127576,39.199521,NA,NA
"5081","Shawnee",-25.3,NA,1974-08-01,390519095445301,177,0,c(-95.748524, 39.08899),"1974","71-0",-95.748524,39.08899,NA,NA
"5082","Shawnee",-33.2,NA,1974-12-19,390525095414301,177,0,c(-95.695557, 39.092209),"1974","71-0",-95.695557,39.092209,NA,NA
"5083","Shawnee",-33.75,NA,1974-09-23,390545095423201,177,0,c(-95.709611, 39.097564),"1974","71-0",-95.709611,39.097564,NA,NA
"5084","Shawnee",-10.04,NA,1974-06-20,390559095485301,177,0,c(-95.815449, 39.100295),"1974","71-0",-95.815449,39.100295,NA,NA
"5085","Shawnee",-12.5,NA,1974-03-21,390421095510601,177,0,c(-95.852437, 39.073517),"1974","71-0",-95.852437,39.073517,NA,NA
"5086","Shawnee",-19.3,NA,1974-06-18,390400095392101,177,0,c(-95.656326, 39.068985),"1974","71-0",-95.656326,39.068985,NA,NA
"5087","Pottawatomie",-17.38,NA,1974-06-20,391134096171301,149,0,c(-96.285721, 39.19296),"1974","71-0",-96.285721,39.19296,NA,NA
"5088","Pottawatomie",-11.9,NA,1974-06-20,391305096135201,149,0,c(-96.230056, 39.217862),"1974","71-0",-96.230056,39.217862,NA,NA
"5089","Shawnee",-31.75,NA,1974-06-20,390525095414301,177,0,c(-95.695557, 39.092209),"1974","71-0",-95.695557,39.092209,NA,NA
"5090","Shawnee",-15.58,NA,1974-06-18,390519095384701,177,0,c(-95.646727, 39.0905),"1974","71-0",-95.646727,39.0905,NA,NA
"5091","Pottawatomie",-22.98,NA,1974-12-19,391331096120101,149,0,c(-96.199798, 39.224987),"1974","71-0",-96.199798,39.224987,NA,NA
"5092","Pottawatomie",-10.22,NA,1974-03-21,391305096085401,149,0,c(-96.148512, 39.21774),"1974","71-0",-96.148512,39.21774,NA,NA
"5093","Pottawatomie",-13.37,NA,1974-06-20,391404096103601,149,0,c(-96.176344, 39.234066),"1974","71-0",-96.176344,39.234066,NA,NA
"5094","Pottawatomie",-29.9,"BELVUE",1974-09-23,391456096140801,149,0,c(-96.234528, 39.248867),"1974","71-0",-96.234528,39.248867,NA,NA
"5095","Shawnee",-10.75,NA,1974-03-21,390837096003001,177,0,c(-96.009043, 39.143095),"1974","71-0",-96.009043,39.143095,NA,NA
"5096","Shawnee",-22.93,NA,1974-09-24,390400095392101,177,0,c(-95.656326, 39.068985),"1974","71-0",-95.656326,39.068985,NA,NA
"5097","Pottawatomie",-16.1,NA,1974-06-20,391331096120101,149,0,c(-96.199798, 39.224987),"1974","71-0",-96.199798,39.224987,NA,NA
"5098","Pottawatomie",-7.7,NA,1974-06-20,391305096085401,149,0,c(-96.148512, 39.21774),"1974","71-0",-96.148512,39.21774,NA,NA
"5099","Pottawatomie",-20.14,NA,1974-09-23,391134096171301,149,0,c(-96.285721, 39.19296),"1974","71-0",-96.285721,39.19296,NA,NA
"5100","Pottawatomie",-25.57,"WAMEGO",1974-03-21,391417096161401,149,0,c(-96.269791, 39.23814),"1974","71-0",-96.269791,39.23814,NA,NA
"5101","Pottawatomie",-30.95,"BELVUE",1974-12-19,391456096140801,149,0,c(-96.234528, 39.248867),"1974","71-0",-96.234528,39.248867,NA,NA
"5102","Shawnee",-23.23,NA,1974-02-01,390519095445301,177,0,c(-95.748524, 39.08899),"1974","71-0",-95.748524,39.08899,NA,NA
"5103","Shawnee",-10.91,NA,1974-03-21,390744096013401,177,0,c(-96.026209, 39.128814),"1974","71-0",-96.026209,39.128814,NA,NA
"5104","Wabaunsee",-18.7,NA,1974-09-23,390909096053101,197,0,c(-96.093167, 39.15251),"1974","71-0",-96.093167,39.15251,NA,NA
"5105","Shawnee",-32.04,NA,1974-03-21,390545095423201,177,0,c(-95.709611, 39.097564),"1974","71-0",-95.709611,39.097564,NA,NA
"5106","Shawnee",-14.09,NA,1974-09-23,390534095542901,177,0,c(-95.908576, 39.09352),"1974","71-0",-95.908576,39.09352,NA,NA
"5107","Shawnee",-25.08,NA,1974-09-17,390420095401101,177,0,c(-95.670654, 39.074509),"1974","71-0",-95.670654,39.074509,NA,NA
"5108","Pottawatomie",-11.43,"BELVUE",1974-03-21,391159096073701,149,0,c(-96.127576, 39.199521),"1974","71-0",-96.127576,39.199521,NA,NA
"5109","Pottawatomie",-24.5,"BELVUE",1974-02-13,391456096140801,149,0,c(-96.234528, 39.248867),"1974","71-0",-96.234528,39.248867,NA,NA
"5110","Shawnee",-31.03,NA,1974-03-21,390525095414301,177,0,c(-95.695557, 39.092209),"1974","71-0",-95.695557,39.092209,NA,NA
"5111","Shawnee",-32.42,NA,1974-06-20,390545095423201,177,0,c(-95.709611, 39.097564),"1974","71-0",-95.709611,39.097564,NA,NA
"5112","Shawnee",-12.5,NA,1974-12-19,390837096003001,177,0,c(-96.009043, 39.143095),"1974","71-0",-96.009043,39.143095,NA,NA
"5113","Shawnee",-11.13,NA,1974-03-21,390534095542901,177,0,c(-95.908576, 39.09352),"1974","71-0",-95.908576,39.09352,NA,NA
"5114","Shawnee",-21.94,NA,1974-12-19,390433095413401,177,0,c(-95.69336, 39.078049),"1974","71-0",-95.69336,39.078049,NA,NA
"5115","Pottawatomie",-29.35,"WAMEGO",1974-09-23,391417096161401,149,0,c(-96.269791, 39.23814),"1974","71-0",-96.269791,39.23814,NA,NA
"5116","Pottawatomie",-30.9,"WAMEGO",1974-12-19,391417096161401,149,0,c(-96.269791, 39.23814),"1974","71-0",-96.269791,39.23814,NA,NA
"5117","Shawnee",-23.44,NA,1974-03-01,390519095445301,177,0,c(-95.748524, 39.08899),"1974","71-0",-95.748524,39.08899,NA,NA
"5118","Shawnee",-25.98,NA,1974-10-01,390519095445301,177,0,c(-95.748524, 39.08899),"1974","71-0",-95.748524,39.08899,NA,NA
"5119","Shawnee",-10.55,NA,1974-06-20,390837096003001,177,0,c(-96.009043, 39.143095),"1974","71-0",-96.009043,39.143095,NA,NA
"5120","Shawnee",-15.75,NA,1974-06-20,390421095490201,177,0,c(-95.817768, 39.073044),"1974","71-0",-95.817768,39.073044,NA,NA
"5121","Shawnee",-15.4,NA,1974-09-23,390421095510601,177,0,c(-95.852437, 39.073517),"1974","71-0",-95.852437,39.073517,NA,NA
"5122","Shawnee",-25.17,NA,1974-09-23,390433095424002,177,0,c(-95.71193, 39.077927),"1974","71-0",-95.71193,39.077927,NA,NA
"5123","Shawnee",-26.06,NA,1974-11-01,390519095445301,177,0,c(-95.748524, 39.08899),"1974","71-0",-95.748524,39.08899,NA,NA
"5124","Wabaunsee",-18.23,NA,1974-12-19,390909096053101,197,0,c(-96.093167, 39.15251),"1974","71-0",-96.093167,39.15251,NA,NA
"5125","Shawnee",-14.8,NA,1974-12-19,390534095542901,177,0,c(-95.908576, 39.09352),"1974","71-0",-95.908576,39.09352,NA,NA
"5126","Jefferson",-20.84,NA,1974-06-18,390347095352701,87,0,c(-95.59094, 39.065247),"1974","71-0",-95.59094,39.065247,NA,NA
"5127","Shawnee",-8.08,NA,1974-03-21,390507095485301,177,0,c(-95.81551, 39.085739),"1974","71-0",-95.81551,39.085739,NA,NA
"5128","Pottawatomie",-23.88,NA,1974-03-21,391246096113501,149,0,c(-96.1929, 39.212323),"1974","71-0",-96.1929,39.212323,NA,NA
"5129","Pottawatomie",-16.85,NA,1974-03-21,391134096171301,149,0,c(-96.285721, 39.19296),"1974","71-0",-96.285721,39.19296,NA,NA
"5130","Pottawatomie",-14.61,NA,1974-12-19,391305096085401,149,0,c(-96.148512, 39.21774),"1974","71-0",-96.148512,39.21774,NA,NA
"5131","Pottawatomie",-23.7,NA,1974-06-20,391246096113501,149,0,c(-96.1929, 39.212323),"1974","71-0",-96.1929,39.212323,NA,NA
"5132","Pottawatomie",-14.7,NA,1974-09-23,391305096135201,149,0,c(-96.230056, 39.217862),"1974","71-0",-96.230056,39.217862,NA,NA
"5133","Wabaunsee",-12.2,NA,1974-09-23,391029096171301,197,0,c(-96.285538, 39.174634),"1974","71-0",-96.285538,39.174634,NA,NA
"5134","Shawnee",-26.04,NA,1974-12-01,390519095445301,177,0,c(-95.748524, 39.08899),"1974","71-0",-95.748524,39.08899,NA,NA
"5135","Shawnee",-26.03,NA,1974-03-21,390525095404401,177,0,c(-95.679565, 39.092209),"1974","71-0",-95.679565,39.092209,NA,NA
"5136","Shawnee",-15.35,NA,1974-09-23,390559095485301,177,0,c(-95.815449, 39.100295),"1974","71-0",-95.815449,39.100295,NA,NA
"5137","Shawnee",-16.26,NA,1974-12-19,390559095485301,177,0,c(-95.815449, 39.100295),"1974","71-0",-95.815449,39.100295,NA,NA
"5138","Shawnee",-18.9,NA,1974-09-23,390421095490201,177,0,c(-95.817768, 39.073044),"1974","71-0",-95.817768,39.073044,NA,NA
"5139","Shawnee",-12.8,NA,1974-06-20,390421095510601,177,0,c(-95.852437, 39.073517),"1974","71-0",-95.852437,39.073517,NA,NA
"5140","Shawnee",-18.24,NA,1974-06-20,390433095413401,177,0,c(-95.69336, 39.078049),"1974","71-0",-95.69336,39.078049,NA,NA
"5141","Shawnee",-25.82,NA,1974-12-19,390433095424002,177,0,c(-95.71193, 39.077927),"1974","71-0",-95.71193,39.077927,NA,NA
"5142","Pottawatomie",-27.46,NA,1974-09-23,391246096113501,149,0,c(-96.1929, 39.212323),"1974","71-0",-96.1929,39.212323,NA,NA
"5143","Pottawatomie",-12.9,NA,1974-09-23,391305096085401,149,0,c(-96.148512, 39.21774),"1974","71-0",-96.148512,39.21774,NA,NA
"5144","Pottawatomie",-16.32,NA,1974-03-21,391404096103601,149,0,c(-96.176344, 39.234066),"1974","71-0",-96.176344,39.234066,NA,NA
"5145","Wabaunsee",-13.1,NA,1974-12-19,391029096171301,197,0,c(-96.285538, 39.174634),"1974","71-0",-96.285538,39.174634,NA,NA
"5146","Shawnee",-23.84,NA,1974-04-01,390519095445301,177,0,c(-95.748524, 39.08899),"1974","71-0",-95.748524,39.08899,NA,NA
"5147","Shawnee",-11.22,NA,1974-06-20,390744096013401,177,0,c(-96.026209, 39.128814),"1974","71-0",-96.026209,39.128814,NA,NA
"5148","Shawnee",-13.65,NA,1974-09-23,390744096013401,177,0,c(-96.026209, 39.128814),"1974","71-0",-96.026209,39.128814,NA,NA
"5149","Wabaunsee",-16,NA,1974-02-13,390909096053101,197,0,c(-96.093167, 39.15251),"1974","71-0",-96.093167,39.15251,NA,NA
"5150","Shawnee",-19.43,NA,1974-12-19,390421095490201,177,0,c(-95.817768, 39.073044),"1974","71-0",-95.817768,39.073044,NA,NA
"5151","Jefferson",-24.79,NA,1974-12-16,390347095352701,87,0,c(-95.59094, 39.065247),"1974","71-0",-95.59094,39.065247,NA,NA
"5152","Pottawatomie",-14.63,"BELVUE",1974-12-19,391159096073701,149,0,c(-96.127576, 39.199521),"1974","71-0",-96.127576,39.199521,NA,NA
"5153","Shawnee",-24.64,NA,1974-06-01,390519095445301,177,0,c(-95.748524, 39.08899),"1974","71-0",-95.748524,39.08899,NA,NA
"5154","Shawnee",-24.7,NA,1974-07-01,390519095445301,177,0,c(-95.748524, 39.08899),"1974","71-0",-95.748524,39.08899,NA,NA
"5155","Shawnee",-33,NA,1974-09-23,390525095414301,177,0,c(-95.695557, 39.092209),"1974","71-0",-95.695557,39.092209,NA,NA
"5156","Shawnee",-26.6,NA,1974-06-20,390525095404401,177,0,c(-95.679565, 39.092209),"1974","71-0",-95.679565,39.092209,NA,NA
"5157","Shawnee",-27.72,NA,1974-09-19,390525095404401,177,0,c(-95.679565, 39.092209),"1974","71-0",-95.679565,39.092209,NA,NA
"5158","Shawnee",-28.53,NA,1974-12-17,390525095404401,177,0,c(-95.679565, 39.092209),"1974","71-0",-95.679565,39.092209,NA,NA
"5159","Douglas",-29.41,"EUDORA",1974-12-16,385650095055901,45,0,c(-95.101673, 38.948719),"1974","71-0",-95.101673,38.948719,NA,NA
"5160","Douglas",-26.83,"LAWRENCE EAST",1974-08-10,385624095093701,45,0,c(-95.158271, 38.942388),"1974","71-0",-95.158271,38.942388,NA,NA
"5161","Douglas",-27.51,"LAWRENCE EAST",1974-09-30,385624095093701,45,0,c(-95.158271, 38.942388),"1974","71-0",-95.158271,38.942388,NA,NA
"5162","Douglas",-42.7,"LONE STAR",1974-03-20,384501095164901,45,0,c(-95.280083, 38.750373),"1974","71-0",-95.280083,38.750373,NA,NA
"5163","Johnson",-24.95,NA,1974-09-24,390300094514301,91,0,c(-94.864073, 39.051777),"1974","71-0",-94.864073,39.051777,NA,NA
"5164","Wyandotte",-19.35,NA,1974-01-31,390253094470501,209,0,c(-94.782954, 39.050176),"1974","71-0",-94.782954,39.050176,NA,NA
"5165","Wyandotte",-28.9,NA,1974-05-05,390253094470501,209,0,c(-94.782954, 39.050176),"1974","71-0",-94.782954,39.050176,NA,NA
"5166","Wyandotte",-32.35,NA,1974-08-01,390253094470501,209,0,c(-94.782954, 39.050176),"1974","71-0",-94.782954,39.050176,NA,NA
"5167","Wyandotte",-33.2,NA,1974-10-05,390253094470501,209,0,c(-94.782954, 39.050176),"1974","71-0",-94.782954,39.050176,NA,NA
"5168","Wyandotte",-33.5,NA,1974-10-25,390253094470501,209,0,c(-94.782954, 39.050176),"1974","71-0",-94.782954,39.050176,NA,NA
"5169","Douglas",-16.07,"MIDLAND",1974-02-10,390006095132301,45,0,c(-95.223996, 39.002366),"1974","71-0",-95.223996,39.002366,NA,NA
"5170","Douglas",-20.13,"MIDLAND",1974-08-20,390006095132301,45,0,c(-95.223996, 39.002366),"1974","71-0",-95.223996,39.002366,NA,NA
"5171","Douglas",-13.08,"MIDLAND",1974-12-16,390105095142901,45,0,c(-95.241034, 39.019639),"1974","71-0",-95.241034,39.019639,NA,NA
"5172","Johnson",-19.58,NA,1974-06-18,385841094553401,91,0,c(-94.926132, 38.979085),"1974","71-0",-94.926132,38.979085,NA,NA
"5173","Douglas",-21.54,"LAWRENCE EAST",1974-07-18,385723095093801,45,0,c(-95.159246, 38.957782),"1974","71-0",-95.159246,38.957782,NA,NA
"5174","Douglas",-15.85,"LAWRENCE EAST",1974-04-17,385657095085601,45,0,c(-95.14771, 38.95058),"1974","71-0",-95.14771,38.95058,NA,NA
"5175","Douglas",-24.9,"LAWRENCE EAST",1974-07-18,385657095093702,45,0,c(-95.159307, 38.950641),"1974","71-0",-95.159307,38.950641,NA,NA
"5176","Douglas",-24.92,"LAWRENCE EAST",1974-05-10,385624095093701,45,0,c(-95.158271, 38.942388),"1974","71-0",-95.158271,38.942388,NA,NA
"5177","Douglas",-27.21,"LAWRENCE EAST",1974-08-31,385624095093701,45,0,c(-95.158271, 38.942388),"1974","71-0",-95.158271,38.942388,NA,NA
"5178","Douglas",-27.56,"LAWRENCE EAST",1974-10-05,385624095093701,45,0,c(-95.158271, 38.942388),"1974","71-0",-95.158271,38.942388,NA,NA
"5179","Jefferson",-19.13,NA,1974-12-16,390446095260901,87,0,c(-95.436578, 39.080811),"1974","71-0",-95.436578,39.080811,NA,NA
"5180","Wyandotte",-17.25,NA,1974-01-25,390253094470501,209,0,c(-94.782954, 39.050176),"1974","71-0",-94.782954,39.050176,NA,NA
"5181","Wyandotte",-22.15,NA,1974-02-20,390253094470501,209,0,c(-94.782954, 39.050176),"1974","71-0",-94.782954,39.050176,NA,NA
"5182","Wyandotte",-29.9,NA,1974-04-10,390253094470501,209,0,c(-94.782954, 39.050176),"1974","71-0",-94.782954,39.050176,NA,NA
"5183","Wyandotte",-28.6,NA,1974-06-10,390253094470501,209,0,c(-94.782954, 39.050176),"1974","71-0",-94.782954,39.050176,NA,NA
"5184","Wyandotte",-33.1,NA,1974-10-20,390253094470501,209,0,c(-94.782954, 39.050176),"1974","71-0",-94.782954,39.050176,NA,NA
"5185","Wyandotte",-33.7,NA,1974-12-31,390253094470501,209,0,c(-94.782954, 39.050176),"1974","71-0",-94.782954,39.050176,NA,NA
"5186","Douglas",-16.42,"MIDLAND",1974-03-20,390006095132301,45,0,c(-95.223996, 39.002366),"1974","71-0",-95.223996,39.002366,NA,NA
"5187","Douglas",-16.59,"MIDLAND",1974-03-31,390006095132301,45,0,c(-95.223996, 39.002366),"1974","71-0",-95.223996,39.002366,NA,NA
"5188","Douglas",-7,"MIDLAND",1974-03-19,390105095142901,45,0,c(-95.241034, 39.019639),"1974","71-0",-95.241034,39.019639,NA,NA
"5189","Johnson",-11.7,NA,1974-06-18,385853094594901,91,0,c(-94.998171, 38.983113),"1974","71-0",-94.998171,38.983113,NA,NA
"5190","Jefferson",-10.54,NA,1974-09-24,390617095255301,87,0,c(-95.432199, 39.10614),"1974","71-0",-95.432199,39.10614,NA,NA
"5191","Douglas",-24.23,"LAWRENCE EAST",1974-04-05,385624095093701,45,0,c(-95.158271, 38.942388),"1974","71-0",-95.158271,38.942388,NA,NA
"5192","Douglas",-24.93,"LAWRENCE EAST",1974-05-05,385624095093701,45,0,c(-95.158271, 38.942388),"1974","71-0",-95.158271,38.942388,NA,NA
"5193","Johnson",-26.05,NA,1974-06-18,390319094515901,91,0,c(-94.868757, 39.057255),"1974","71-0",-94.868757,39.057255,NA,NA
"5194","Jefferson",-19.4,NA,1974-09-24,390354095175201,87,0,c(-95.297126, 39.066697),"1974","71-0",-95.297126,39.066697,NA,NA
"5195","Douglas",-15.98,"MIDLAND",1974-01-05,390006095132301,45,0,c(-95.223996, 39.002366),"1974","71-0",-95.223996,39.002366,NA,NA
"5196","Douglas",-17.64,"MIDLAND",1974-05-31,390006095132301,45,0,c(-95.223996, 39.002366),"1974","71-0",-95.223996,39.002366,NA,NA
"5197","Douglas",-20.47,"MIDLAND",1974-09-20,390006095132301,45,0,c(-95.223996, 39.002366),"1974","71-0",-95.223996,39.002366,NA,NA
"5198","Douglas",-19.95,"MIDLAND",1974-12-05,390006095132301,45,0,c(-95.223996, 39.002366),"1974","71-0",-95.223996,39.002366,NA,NA
"5199","Douglas",-20.08,"MIDLAND",1974-12-10,390006095132301,45,0,c(-95.223996, 39.002366),"1974","71-0",-95.223996,39.002366,NA,NA
"5200","Douglas",-24.27,"MIDLAND",1974-12-16,390144095143801,45,0,c(-95.243399, 39.030534),"1974","71-0",-95.243399,39.030534,NA,NA
"5201","Leavenworth",-19.2,NA,1974-12-16,385926094572001,103,0,c(-94.956544, 38.991902),"1974","71-0",-94.956544,38.991902,NA,NA
"5202","Johnson",-10.97,NA,1974-06-18,385906094585101,91,0,c(-94.982179, 38.986485),"1974","71-0",-94.982179,38.986485,NA,NA
"5203","Douglas",-25.85,"LAWRENCE EAST",1974-10-17,385657095093702,45,0,c(-95.159307, 38.950641),"1974","71-0",-95.159307,38.950641,NA,NA
"5204","Douglas",-24.44,"LAWRENCE EAST",1974-04-15,385624095093701,45,0,c(-95.158271, 38.942388),"1974","71-0",-95.158271,38.942388,NA,NA
"5205","Douglas",-24.5,"LAWRENCE EAST",1974-04-20,385624095093701,45,0,c(-95.158271, 38.942388),"1974","71-0",-95.158271,38.942388,NA,NA
"5206","Douglas",-26.96,"LAWRENCE EAST",1974-08-15,385624095093701,45,0,c(-95.158271, 38.942388),"1974","71-0",-95.158271,38.942388,NA,NA
"5207","Douglas",-27.46,"LAWRENCE EAST",1974-11-20,385624095093701,45,0,c(-95.158271, 38.942388),"1974","71-0",-95.158271,38.942388,NA,NA
"5208","Johnson",-25.76,NA,1974-12-16,390313094515101,91,0,c(-94.866453, 39.055424),"1974","71-0",-94.866453,39.055424,NA,NA
"5209","Wyandotte",-18.75,NA,1974-01-10,390253094470501,209,0,c(-94.782954, 39.050176),"1974","71-0",-94.782954,39.050176,NA,NA
"5210","Wyandotte",-32.9,NA,1974-09-15,390253094470501,209,0,c(-94.782954, 39.050176),"1974","71-0",-94.782954,39.050176,NA,NA
"5211","Wyandotte",-31.8,NA,1974-11-10,390253094470501,209,0,c(-94.782954, 39.050176),"1974","71-0",-94.782954,39.050176,NA,NA
"5212","Johnson",-24.25,NA,1974-12-16,385912094553201,91,0,c(-94.926132, 38.988133),"1974","71-0",-94.926132,38.988133,NA,NA
"5213","Douglas",-17.63,"MIDLAND",1974-05-05,390006095132301,45,0,c(-95.223996, 39.002366),"1974","71-0",-95.223996,39.002366,NA,NA
"5214","Douglas",-19.41,"MIDLAND",1974-07-31,390006095132301,45,0,c(-95.223996, 39.002366),"1974","71-0",-95.223996,39.002366,NA,NA
"5215","Douglas",-20.28,"MIDLAND",1974-08-25,390006095132301,45,0,c(-95.223996, 39.002366),"1974","71-0",-95.223996,39.002366,NA,NA
"5216","Douglas",-19.6,"MIDLAND",1974-11-10,390006095132301,45,0,c(-95.223996, 39.002366),"1974","71-0",-95.223996,39.002366,NA,NA
"5217","Leavenworth",-27,NA,1974-09-24,385932094584301,103,0,c(-94.979783, 38.993748),"1974","71-0",-94.979783,38.993748,NA,NA
"5218","Douglas",-16.5,"MIDLAND",1974-06-18,390006095143701,45,0,c(-95.242295, 39.006091),"1974","71-0",-95.242295,39.006091,NA,NA
"5219","Douglas",-19.37,"MIDLAND",1974-12-16,390006095143701,45,0,c(-95.242295, 39.006091),"1974","71-0",-95.242295,39.006091,NA,NA
"5220","Douglas",-9.38,"MIDLAND",1974-09-24,390032095143801,45,0,c(-95.243231, 39.010545),"1974","71-0",-95.243231,39.010545,NA,NA
"5221","Johnson",-23.32,NA,1974-09-24,385841094553401,91,0,c(-94.926132, 38.979085),"1974","71-0",-94.926132,38.979085,NA,NA
"5222","Douglas",-24.75,"EUDORA",1974-06-18,385650095055901,45,0,c(-95.101673, 38.948719),"1974","71-0",-95.101673,38.948719,NA,NA
"5223","Douglas",-21.95,"LAWRENCE EAST",1974-01-18,385657095093702,45,0,c(-95.159307, 38.950641),"1974","71-0",-95.159307,38.950641,NA,NA
"5224","Douglas",-23.83,"LAWRENCE EAST",1974-03-25,385624095093701,45,0,c(-95.158271, 38.942388),"1974","71-0",-95.158271,38.942388,NA,NA
"5225","Douglas",-27.24,"LAWRENCE EAST",1974-09-20,385624095093701,45,0,c(-95.158271, 38.942388),"1974","71-0",-95.158271,38.942388,NA,NA
"5226","Douglas",-41.12,"LONE STAR",1974-09-26,384501095164901,45,0,c(-95.280083, 38.750373),"1974","71-0",-95.280083,38.750373,NA,NA
"5227","Jefferson",-18.78,NA,1974-09-24,390453095311701,87,0,c(-95.521358, 39.08313),"1974","71-0",-95.521358,39.08313,NA,NA
"5228","Wyandotte",-18.15,NA,1974-01-20,390253094470501,209,0,c(-94.782954, 39.050176),"1974","71-0",-94.782954,39.050176,NA,NA
"5229","Wyandotte",-22.95,NA,1974-03-10,390253094470501,209,0,c(-94.782954, 39.050176),"1974","71-0",-94.782954,39.050176,NA,NA
"5230","Wyandotte",-29.5,NA,1974-06-05,390253094470501,209,0,c(-94.782954, 39.050176),"1974","71-0",-94.782954,39.050176,NA,NA
"5231","Wyandotte",-33.1,NA,1974-09-25,390253094470501,209,0,c(-94.782954, 39.050176),"1974","71-0",-94.782954,39.050176,NA,NA
"5232","Douglas",-20.34,"MIDLAND",1974-09-15,390006095132301,45,0,c(-95.223996, 39.002366),"1974","71-0",-95.223996,39.002366,NA,NA
"5233","Douglas",-20.56,"MIDLAND",1974-10-15,390006095132301,45,0,c(-95.223996, 39.002366),"1974","71-0",-95.223996,39.002366,NA,NA
"5234","Douglas",-19.52,"MIDLAND",1974-11-20,390006095132301,45,0,c(-95.223996, 39.002366),"1974","71-0",-95.223996,39.002366,NA,NA
"5235","Jefferson",-6.35,NA,1974-06-18,390617095255301,87,0,c(-95.432199, 39.10614),"1974","71-0",-95.432199,39.10614,NA,NA
"5236","Douglas",-25.06,"LAWRENCE EAST",1974-06-25,385624095093701,45,0,c(-95.158271, 38.942388),"1974","71-0",-95.158271,38.942388,NA,NA
"5237","Douglas",-25.65,"LAWRENCE EAST",1974-07-10,385624095093701,45,0,c(-95.158271, 38.942388),"1974","71-0",-95.158271,38.942388,NA,NA
"5238","Douglas",-26.23,"LAWRENCE EAST",1974-07-25,385624095093701,45,0,c(-95.158271, 38.942388),"1974","71-0",-95.158271,38.942388,NA,NA
"5239","Johnson",-21.5,NA,1974-06-18,390313094515101,91,0,c(-94.866453, 39.055424),"1974","71-0",-94.866453,39.055424,NA,NA
"5240","Jefferson",-20.32,NA,1974-09-24,390334095195801,87,0,c(-95.332145, 39.061097),"1974","71-0",-95.332145,39.061097,NA,NA
"5241","Wyandotte",-20.65,NA,1974-02-10,390253094470501,209,0,c(-94.782954, 39.050176),"1974","71-0",-94.782954,39.050176,NA,NA
"5242","Wyandotte",-22.55,NA,1974-03-05,390253094470501,209,0,c(-94.782954, 39.050176),"1974","71-0",-94.782954,39.050176,NA,NA
"5243","Wyandotte",-28.8,NA,1974-03-25,390253094470501,209,0,c(-94.782954, 39.050176),"1974","71-0",-94.782954,39.050176,NA,NA
"5244","Wyandotte",-29.3,NA,1974-03-31,390253094470501,209,0,c(-94.782954, 39.050176),"1974","71-0",-94.782954,39.050176,NA,NA
"5245","Wyandotte",-29.7,NA,1974-04-05,390253094470501,209,0,c(-94.782954, 39.050176),"1974","71-0",-94.782954,39.050176,NA,NA
"5246","Wyandotte",-30.3,NA,1974-04-15,390253094470501,209,0,c(-94.782954, 39.050176),"1974","71-0",-94.782954,39.050176,NA,NA
"5247","Wyandotte",-28.3,NA,1974-05-25,390253094470501,209,0,c(-94.782954, 39.050176),"1974","71-0",-94.782954,39.050176,NA,NA
"5248","Wyandotte",-32.6,NA,1974-08-20,390253094470501,209,0,c(-94.782954, 39.050176),"1974","71-0",-94.782954,39.050176,NA,NA
"5249","Wyandotte",-33,NA,1974-10-15,390253094470501,209,0,c(-94.782954, 39.050176),"1974","71-0",-94.782954,39.050176,NA,NA
"5250","Wyandotte",-31.2,NA,1974-11-05,390253094470501,209,0,c(-94.782954, 39.050176),"1974","71-0",-94.782954,39.050176,NA,NA
"5251","Wyandotte",-33.2,NA,1974-12-15,390253094470501,209,0,c(-94.782954, 39.050176),"1974","71-0",-94.782954,39.050176,NA,NA
"5252","Johnson",-18.82,NA,1974-06-18,385912094553201,91,0,c(-94.926132, 38.988133),"1974","71-0",-94.926132,38.988133,NA,NA
"5253","Douglas",-20.2,"MIDLAND",1974-09-10,390006095132301,45,0,c(-95.223996, 39.002366),"1974","71-0",-95.223996,39.002366,NA,NA
"5254","Douglas",-20.57,"MIDLAND",1974-09-25,390006095132301,45,0,c(-95.223996, 39.002366),"1974","71-0",-95.223996,39.002366,NA,NA
"5255","Douglas",-20.67,"MIDLAND",1974-09-30,390006095132301,45,0,c(-95.223996, 39.002366),"1974","71-0",-95.223996,39.002366,NA,NA
"5256","Douglas",-18.28,"MIDLAND",1974-03-19,390144095143801,45,0,c(-95.243399, 39.030534),"1974","71-0",-95.243399,39.030534,NA,NA
"5257","Douglas",-9.4,"MIDLAND",1974-06-18,390105095142901,45,0,c(-95.241034, 39.019639),"1974","71-0",-95.241034,39.019639,NA,NA
"5258","Douglas",-9.28,"MIDLAND",1974-12-16,390032095143801,45,0,c(-95.243231, 39.010545),"1974","71-0",-95.243231,39.010545,NA,NA
"5259","Douglas",-23.03,"LAWRENCE EAST",1974-10-17,385723095093801,45,0,c(-95.159246, 38.957782),"1974","71-0",-95.159246,38.957782,NA,NA
"5260","Douglas",-17.12,"LAWRENCE EAST",1974-07-18,385657095085601,45,0,c(-95.14771, 38.95058),"1974","71-0",-95.14771,38.95058,NA,NA
"5261","Douglas",-24.53,"LAWRENCE EAST",1974-06-05,385624095093701,45,0,c(-95.158271, 38.942388),"1974","71-0",-95.158271,38.942388,NA,NA
"5262","Douglas",-27.13,"LAWRENCE EAST",1974-08-25,385624095093701,45,0,c(-95.158271, 38.942388),"1974","71-0",-95.158271,38.942388,NA,NA
"5263","Douglas",-46.83,"LONE STAR",1974-06-19,384501095164901,45,0,c(-95.280083, 38.750373),"1974","71-0",-95.280083,38.750373,NA,NA
"5264","Jefferson",-12.52,NA,1974-03-19,390446095260901,87,0,c(-95.436578, 39.080811),"1974","71-0",-95.436578,39.080811,NA,NA
"5265","Wyandotte",-30.5,NA,1974-04-20,390253094470501,209,0,c(-94.782954, 39.050176),"1974","71-0",-94.782954,39.050176,NA,NA
"5266","Wyandotte",-28.9,NA,1974-05-31,390253094470501,209,0,c(-94.782954, 39.050176),"1974","71-0",-94.782954,39.050176,NA,NA
"5267","Wyandotte",-32.4,NA,1974-09-05,390253094470501,209,0,c(-94.782954, 39.050176),"1974","71-0",-94.782954,39.050176,NA,NA
"5268","Wyandotte",-33.2,NA,1974-09-30,390253094470501,209,0,c(-94.782954, 39.050176),"1974","71-0",-94.782954,39.050176,NA,NA
"5269","Wyandotte",-32.9,NA,1974-10-31,390253094470501,209,0,c(-94.782954, 39.050176),"1974","71-0",-94.782954,39.050176,NA,NA
"5270","Wyandotte",-32.7,NA,1974-11-25,390253094470501,209,0,c(-94.782954, 39.050176),"1974","71-0",-94.782954,39.050176,NA,NA
"5271","Douglas",-15.01,"MIDLAND",1974-01-10,390006095132301,45,0,c(-95.223996, 39.002366),"1974","71-0",-95.223996,39.002366,NA,NA
"5272","Douglas",-15.8,"MIDLAND",1974-01-25,390006095132301,45,0,c(-95.223996, 39.002366),"1974","71-0",-95.223996,39.002366,NA,NA
"5273","Douglas",-15.78,"MIDLAND",1974-01-31,390006095132301,45,0,c(-95.223996, 39.002366),"1974","71-0",-95.223996,39.002366,NA,NA
"5274","Douglas",-16.2,"MIDLAND",1974-02-15,390006095132301,45,0,c(-95.223996, 39.002366),"1974","71-0",-95.223996,39.002366,NA,NA
"5275","Douglas",-17.29,"MIDLAND",1974-04-20,390006095132301,45,0,c(-95.223996, 39.002366),"1974","71-0",-95.223996,39.002366,NA,NA
"5276","Douglas",-17.65,"MIDLAND",1974-05-10,390006095132301,45,0,c(-95.223996, 39.002366),"1974","71-0",-95.223996,39.002366,NA,NA
"5277","Douglas",-20.57,"MIDLAND",1974-10-20,390006095132301,45,0,c(-95.223996, 39.002366),"1974","71-0",-95.223996,39.002366,NA,NA
"5278","Douglas",-20.43,"MIDLAND",1974-12-25,390006095132301,45,0,c(-95.223996, 39.002366),"1974","71-0",-95.223996,39.002366,NA,NA
"5279","Leavenworth",-13.7,NA,1974-03-19,385926094572001,103,0,c(-94.956544, 38.991902),"1974","71-0",-94.956544,38.991902,NA,NA
"5280","Douglas",-24.18,"LAWRENCE EAST",1974-04-10,385624095093701,45,0,c(-95.158271, 38.942388),"1974","71-0",-95.158271,38.942388,NA,NA
"5281","Douglas",-26.49,"LAWRENCE EAST",1974-07-31,385624095093701,45,0,c(-95.158271, 38.942388),"1974","71-0",-95.158271,38.942388,NA,NA
"5282","Douglas",-26.71,"LAWRENCE EAST",1974-08-05,385624095093701,45,0,c(-95.158271, 38.942388),"1974","71-0",-95.158271,38.942388,NA,NA
"5283","Johnson",-21.87,NA,1974-03-19,390300094514301,91,0,c(-94.864073, 39.051777),"1974","71-0",-94.864073,39.051777,NA,NA
"5284","Jefferson",-19.4,NA,1974-12-16,390453095311701,87,0,c(-95.521358, 39.08313),"1974","71-0",-95.521358,39.08313,NA,NA
"5285","Wyandotte",-20.15,NA,1974-02-05,390253094470501,209,0,c(-94.782954, 39.050176),"1974","71-0",-94.782954,39.050176,NA,NA
"5286","Wyandotte",-29,NA,1974-05-15,390253094470501,209,0,c(-94.782954, 39.050176),"1974","71-0",-94.782954,39.050176,NA,NA
"5287","Douglas",-16.17,"MIDLAND",1974-02-25,390006095132301,45,0,c(-95.223996, 39.002366),"1974","71-0",-95.223996,39.002366,NA,NA
"5288","Douglas",-18.05,"MIDLAND",1974-07-05,390006095132301,45,0,c(-95.223996, 39.002366),"1974","71-0",-95.223996,39.002366,NA,NA
"5289","Douglas",-20.74,"MIDLAND",1974-10-10,390006095132301,45,0,c(-95.223996, 39.002366),"1974","71-0",-95.223996,39.002366,NA,NA
"5290","Douglas",-20.69,"MIDLAND",1974-10-25,390006095132301,45,0,c(-95.223996, 39.002366),"1974","71-0",-95.223996,39.002366,NA,NA
"5291","Douglas",-20.25,"MIDLAND",1974-06-18,390144095143801,45,0,c(-95.243399, 39.030534),"1974","71-0",-95.243399,39.030534,NA,NA
"5292","Douglas",-13.32,"MIDLAND",1974-09-24,390105095142901,45,0,c(-95.241034, 39.019639),"1974","71-0",-95.241034,39.019639,NA,NA
"5293","Douglas",-24.41,"LAWRENCE EAST",1974-01-15,385624095093701,45,0,c(-95.158271, 38.942388),"1974","71-0",-95.158271,38.942388,NA,NA
"5294","Douglas",-18.56,"LAWRENCE EAST",1974-10-17,385657095085601,45,0,c(-95.14771, 38.95058),"1974","71-0",-95.14771,38.95058,NA,NA
"5295","Douglas",-24.87,"LAWRENCE EAST",1974-04-30,385624095093701,45,0,c(-95.158271, 38.942388),"1974","71-0",-95.158271,38.942388,NA,NA
"5296","Douglas",-26.07,"LAWRENCE EAST",1974-07-20,385624095093701,45,0,c(-95.158271, 38.942388),"1974","71-0",-95.158271,38.942388,NA,NA
"5297","Douglas",-27.06,"LAWRENCE EAST",1974-09-10,385624095093701,45,0,c(-95.158271, 38.942388),"1974","71-0",-95.158271,38.942388,NA,NA
"5298","Jefferson",-13.97,NA,1974-06-18,390446095260901,87,0,c(-95.436578, 39.080811),"1974","71-0",-95.436578,39.080811,NA,NA
"5299","Jefferson",-14.1,NA,1974-03-19,390453095311701,87,0,c(-95.521358, 39.08313),"1974","71-0",-95.521358,39.08313,NA,NA
"5300","Jefferson",-15.55,NA,1974-03-19,390334095195801,87,0,c(-95.332145, 39.061097),"1974","71-0",-95.332145,39.061097,NA,NA
"5301","Wyandotte",-33.2,NA,1974-10-10,390253094470501,209,0,c(-94.782954, 39.050176),"1974","71-0",-94.782954,39.050176,NA,NA
"5302","Jefferson",-21,NA,1974-12-16,390354095175201,87,0,c(-95.297126, 39.066697),"1974","71-0",-95.297126,39.066697,NA,NA
"5303","Johnson",-18.22,NA,1974-03-19,385912094553201,91,0,c(-94.926132, 38.988133),"1974","71-0",-94.926132,38.988133,NA,NA
"5304","Douglas",-16.06,"MIDLAND",1974-01-20,390006095132301,45,0,c(-95.223996, 39.002366),"1974","71-0",-95.223996,39.002366,NA,NA
"5305","Douglas",-15.88,"MIDLAND",1974-02-05,390006095132301,45,0,c(-95.223996, 39.002366),"1974","71-0",-95.223996,39.002366,NA,NA
"5306","Douglas",-16.33,"MIDLAND",1974-03-10,390006095132301,45,0,c(-95.223996, 39.002366),"1974","71-0",-95.223996,39.002366,NA,NA
"5307","Douglas",-18.25,"MIDLAND",1974-07-10,390006095132301,45,0,c(-95.223996, 39.002366),"1974","71-0",-95.223996,39.002366,NA,NA
"5308","Douglas",-20.08,"MIDLAND",1974-09-05,390006095132301,45,0,c(-95.223996, 39.002366),"1974","71-0",-95.223996,39.002366,NA,NA
"5309","Douglas",-20.72,"MIDLAND",1974-10-05,390006095132301,45,0,c(-95.223996, 39.002366),"1974","71-0",-95.223996,39.002366,NA,NA
"5310","Johnson",-14.72,NA,1974-12-16,385906094585101,91,0,c(-94.982179, 38.986485),"1974","71-0",-94.982179,38.986485,NA,NA
"5311","Douglas",-23.97,"LAWRENCE EAST",1974-05-20,385624095093701,45,0,c(-95.158271, 38.942388),"1974","71-0",-95.158271,38.942388,NA,NA
"5312","Douglas",-27.02,"LAWRENCE EAST",1974-08-20,385624095093701,45,0,c(-95.158271, 38.942388),"1974","71-0",-95.158271,38.942388,NA,NA
"5313","Johnson",-28.07,NA,1974-12-16,390300094514301,91,0,c(-94.864073, 39.051777),"1974","71-0",-94.864073,39.051777,NA,NA
"5314","Jefferson",-14.68,NA,1974-06-18,390407095310901,87,0,c(-95.518871, 39.070801),"1974","71-0",-95.518871,39.070801,NA,NA
"5315","Johnson",-30.48,NA,1974-12-16,390319094515901,91,0,c(-94.868757, 39.057255),"1974","71-0",-94.868757,39.057255,NA,NA
"5316","Wyandotte",-28.3,NA,1974-06-15,390253094470501,209,0,c(-94.782954, 39.050176),"1974","71-0",-94.782954,39.050176,NA,NA
"5317","Wyandotte",-32.7,NA,1974-08-25,390253094470501,209,0,c(-94.782954, 39.050176),"1974","71-0",-94.782954,39.050176,NA,NA
"5318","Johnson",-22.95,NA,1974-09-24,385912094553201,91,0,c(-94.926132, 38.988133),"1974","71-0",-94.926132,38.988133,NA,NA
"5319","Douglas",-16.28,"MIDLAND",1974-03-05,390006095132301,45,0,c(-95.223996, 39.002366),"1974","71-0",-95.223996,39.002366,NA,NA
"5320","Douglas",-16.26,"MIDLAND",1974-03-15,390006095132301,45,0,c(-95.223996, 39.002366),"1974","71-0",-95.223996,39.002366,NA,NA
"5321","Douglas",-19.07,"MIDLAND",1974-07-25,390006095132301,45,0,c(-95.223996, 39.002366),"1974","71-0",-95.223996,39.002366,NA,NA
"5322","Douglas",-20.5,"MIDLAND",1974-12-31,390006095132301,45,0,c(-95.223996, 39.002366),"1974","71-0",-95.223996,39.002366,NA,NA
"5323","Leavenworth",-22.64,NA,1974-06-18,385932094584301,103,0,c(-94.979783, 38.993748),"1974","71-0",-94.979783,38.993748,NA,NA
"5324","Leavenworth",-27.2,NA,1974-12-16,385932094584301,103,0,c(-94.979783, 38.993748),"1974","71-0",-94.979783,38.993748,NA,NA
"5325","Douglas",-24.36,"LAWRENCE EAST",1974-01-10,385624095093701,45,0,c(-95.158271, 38.942388),"1974","71-0",-95.158271,38.942388,NA,NA
"5326","Jefferson",-9.95,NA,1974-12-16,390617095255301,87,0,c(-95.432199, 39.10614),"1974","71-0",-95.432199,39.10614,NA,NA
"5327","Douglas",-27.17,"LAWRENCE EAST",1974-09-15,385624095093701,45,0,c(-95.158271, 38.942388),"1974","71-0",-95.158271,38.942388,NA,NA
"5328","Johnson",-20.25,NA,1974-03-19,390313094515101,91,0,c(-94.866453, 39.055424),"1974","71-0",-94.866453,39.055424,NA,NA
"5329","Johnson",-30.05,NA,1974-09-24,390319094515901,91,0,c(-94.868757, 39.057255),"1974","71-0",-94.868757,39.057255,NA,NA
"5330","Wyandotte",-29.2,NA,1974-04-25,390253094470501,209,0,c(-94.782954, 39.050176),"1974","71-0",-94.782954,39.050176,NA,NA
"5331","Wyandotte",-29.4,NA,1974-05-10,390253094470501,209,0,c(-94.782954, 39.050176),"1974","71-0",-94.782954,39.050176,NA,NA
"5332","Wyandotte",-32.8,NA,1974-08-31,390253094470501,209,0,c(-94.782954, 39.050176),"1974","71-0",-94.782954,39.050176,NA,NA
"5333","Douglas",-17.52,"MIDLAND",1974-06-20,390006095132301,45,0,c(-95.223996, 39.002366),"1974","71-0",-95.223996,39.002366,NA,NA
"5334","Douglas",-18.53,"MIDLAND",1974-07-15,390006095132301,45,0,c(-95.223996, 39.002366),"1974","71-0",-95.223996,39.002366,NA,NA
"5335","Douglas",-19.66,"MIDLAND",1974-08-05,390006095132301,45,0,c(-95.223996, 39.002366),"1974","71-0",-95.223996,39.002366,NA,NA
"5336","Douglas",-20.2,"MIDLAND",1974-12-15,390006095132301,45,0,c(-95.223996, 39.002366),"1974","71-0",-95.223996,39.002366,NA,NA
"5337","Douglas",-24.55,"MIDLAND",1974-09-24,390144095143801,45,0,c(-95.243399, 39.030534),"1974","71-0",-95.243399,39.030534,NA,NA
"5338","Leavenworth",-21.73,NA,1974-03-19,385932094584301,103,0,c(-94.979783, 38.993748),"1974","71-0",-94.979783,38.993748,NA,NA
"5339","Douglas",-23.72,"LAWRENCE EAST",1974-03-20,385624095093701,45,0,c(-95.158271, 38.942388),"1974","71-0",-95.158271,38.942388,NA,NA
"5340","Douglas",-25.46,"LAWRENCE EAST",1974-07-05,385624095093701,45,0,c(-95.158271, 38.942388),"1974","71-0",-95.158271,38.942388,NA,NA
"5341","Douglas",-27.2,"LAWRENCE EAST",1974-09-05,385624095093701,45,0,c(-95.158271, 38.942388),"1974","71-0",-95.158271,38.942388,NA,NA
"5342","Douglas",-27.64,"LAWRENCE EAST",1974-10-10,385624095093701,45,0,c(-95.158271, 38.942388),"1974","71-0",-95.158271,38.942388,NA,NA
"5343","Jefferson",-17.85,NA,1974-09-24,390407095310901,87,0,c(-95.518871, 39.070801),"1974","71-0",-95.518871,39.070801,NA,NA
"5344","Johnson",-26.05,NA,1974-03-19,390319094515901,91,0,c(-94.868757, 39.057255),"1974","71-0",-94.868757,39.057255,NA,NA
"5345","Wyandotte",-22.15,NA,1974-02-25,390253094470501,209,0,c(-94.782954, 39.050176),"1974","71-0",-94.782954,39.050176,NA,NA
"5346","Wyandotte",-32.5,NA,1974-11-20,390253094470501,209,0,c(-94.782954, 39.050176),"1974","71-0",-94.782954,39.050176,NA,NA
"5347","Douglas",-17.5,"MIDLAND",1974-04-25,390006095132301,45,0,c(-95.223996, 39.002366),"1974","71-0",-95.223996,39.002366,NA,NA
"5348","Douglas",-17.28,"MIDLAND",1974-05-20,390006095132301,45,0,c(-95.223996, 39.002366),"1974","71-0",-95.223996,39.002366,NA,NA
"5349","Douglas",-17.41,"MIDLAND",1974-06-15,390006095132301,45,0,c(-95.223996, 39.002366),"1974","71-0",-95.223996,39.002366,NA,NA
"5350","Douglas",-20.32,"MIDLAND",1974-08-31,390006095132301,45,0,c(-95.223996, 39.002366),"1974","71-0",-95.223996,39.002366,NA,NA
"5351","Douglas",-20.3,"MIDLAND",1974-12-20,390006095132301,45,0,c(-95.223996, 39.002366),"1974","71-0",-95.223996,39.002366,NA,NA
"5352","Johnson",-18.96,NA,1974-03-19,385841094553401,91,0,c(-94.926132, 38.979085),"1974","71-0",-94.926132,38.979085,NA,NA
"5353","Douglas",-25.52,"EUDORA",1974-03-20,385650095055901,45,0,c(-95.101673, 38.948719),"1974","71-0",-95.101673,38.948719,NA,NA
"5354","Douglas",-24.84,"LAWRENCE EAST",1974-06-20,385624095093701,45,0,c(-95.158271, 38.942388),"1974","71-0",-95.158271,38.942388,NA,NA
"5355","Douglas",-25.19,"LAWRENCE EAST",1974-06-30,385624095093701,45,0,c(-95.158271, 38.942388),"1974","71-0",-95.158271,38.942388,NA,NA
"5356","Wyandotte",-19.15,NA,1974-01-05,390253094470501,209,0,c(-94.782954, 39.050176),"1974","71-0",-94.782954,39.050176,NA,NA
"5357","Wyandotte",-18.95,NA,1974-01-15,390253094470501,209,0,c(-94.782954, 39.050176),"1974","71-0",-94.782954,39.050176,NA,NA
"5358","Wyandotte",-21.35,NA,1974-02-15,390253094470501,209,0,c(-94.782954, 39.050176),"1974","71-0",-94.782954,39.050176,NA,NA
"5359","Wyandotte",-28.1,NA,1974-05-20,390253094470501,209,0,c(-94.782954, 39.050176),"1974","71-0",-94.782954,39.050176,NA,NA
"5360","Wyandotte",-28.77,NA,1974-06-18,390253094470501,209,0,c(-94.782954, 39.050176),"1974","71-0",-94.782954,39.050176,NA,NA
"5361","Wyandotte",-33.1,NA,1974-09-20,390253094470501,209,0,c(-94.782954, 39.050176),"1974","71-0",-94.782954,39.050176,NA,NA
"5362","Wyandotte",-33.5,NA,1974-12-20,390253094470501,209,0,c(-94.782954, 39.050176),"1974","71-0",-94.782954,39.050176,NA,NA
"5363","Douglas",-16.24,"MIDLAND",1974-02-20,390006095132301,45,0,c(-95.223996, 39.002366),"1974","71-0",-95.223996,39.002366,NA,NA
"5364","Douglas",-17.71,"MIDLAND",1974-06-05,390006095132301,45,0,c(-95.223996, 39.002366),"1974","71-0",-95.223996,39.002366,NA,NA
"5365","Douglas",-17.72,"MIDLAND",1974-06-25,390006095132301,45,0,c(-95.223996, 39.002366),"1974","71-0",-95.223996,39.002366,NA,NA
"5366","Douglas",-18.81,"MIDLAND",1974-07-20,390006095132301,45,0,c(-95.223996, 39.002366),"1974","71-0",-95.223996,39.002366,NA,NA
"5367","Douglas",-16.2,"MIDLAND",1974-03-19,390006095143701,45,0,c(-95.242295, 39.006091),"1974","71-0",-95.242295,39.006091,NA,NA
"5368","Douglas",-4.28,"MIDLAND",1974-03-19,390032095143801,45,0,c(-95.243231, 39.010545),"1974","71-0",-95.243231,39.010545,NA,NA
"5369","Johnson",-22.78,NA,1974-12-16,385841094553401,91,0,c(-94.926132, 38.979085),"1974","71-0",-94.926132,38.979085,NA,NA
"5370","Johnson",-14.84,NA,1974-09-24,385853094594901,91,0,c(-94.998171, 38.983113),"1974","71-0",-94.998171,38.983113,NA,NA
"5371","Johnson",-10.27,NA,1974-03-19,385906094585101,91,0,c(-94.982179, 38.986485),"1974","71-0",-94.982179,38.986485,NA,NA
"5372","Douglas",-24.3,"LAWRENCE EAST",1974-05-15,385624095093701,45,0,c(-95.158271, 38.942388),"1974","71-0",-95.158271,38.942388,NA,NA
"5373","Douglas",-27.3,"LAWRENCE EAST",1974-09-25,385624095093701,45,0,c(-95.158271, 38.942388),"1974","71-0",-95.158271,38.942388,NA,NA
"5374","Jefferson",-18.94,NA,1974-09-24,390446095260901,87,0,c(-95.436578, 39.080811),"1974","71-0",-95.436578,39.080811,NA,NA
"5375","Jefferson",-14.34,NA,1974-03-19,390407095310901,87,0,c(-95.518871, 39.070801),"1974","71-0",-95.518871,39.070801,NA,NA
"5376","Jefferson",-20.45,NA,1974-12-16,390334095195801,87,0,c(-95.332145, 39.061097),"1974","71-0",-95.332145,39.061097,NA,NA
"5377","Wyandotte",-28.5,NA,1974-03-20,390253094470501,209,0,c(-94.782954, 39.050176),"1974","71-0",-94.782954,39.050176,NA,NA
"5378","Wyandotte",-33.1,NA,1974-12-10,390253094470501,209,0,c(-94.782954, 39.050176),"1974","71-0",-94.782954,39.050176,NA,NA
"5379","Wyandotte",-33.6,NA,1974-12-25,390253094470501,209,0,c(-94.782954, 39.050176),"1974","71-0",-94.782954,39.050176,NA,NA
"5380","Jefferson",-13.97,NA,1974-06-18,390354095175201,87,0,c(-95.297126, 39.066697),"1974","71-0",-95.297126,39.066697,NA,NA
"5381","Douglas",-16.23,"MIDLAND",1974-01-15,390006095132301,45,0,c(-95.223996, 39.002366),"1974","71-0",-95.223996,39.002366,NA,NA
"5382","Douglas",-16.16,"MIDLAND",1974-02-28,390006095132301,45,0,c(-95.223996, 39.002366),"1974","71-0",-95.223996,39.002366,NA,NA
"5383","Douglas",-16.56,"MIDLAND",1974-03-25,390006095132301,45,0,c(-95.223996, 39.002366),"1974","71-0",-95.223996,39.002366,NA,NA
"5384","Douglas",-17.44,"MIDLAND",1974-05-25,390006095132301,45,0,c(-95.223996, 39.002366),"1974","71-0",-95.223996,39.002366,NA,NA
"5385","Douglas",-17.43,"MIDLAND",1974-06-10,390006095132301,45,0,c(-95.223996, 39.002366),"1974","71-0",-95.223996,39.002366,NA,NA
"5386","Douglas",-19.83,"MIDLAND",1974-11-05,390006095132301,45,0,c(-95.223996, 39.002366),"1974","71-0",-95.223996,39.002366,NA,NA
"5387","Douglas",-19.79,"MIDLAND",1974-11-25,390006095132301,45,0,c(-95.223996, 39.002366),"1974","71-0",-95.223996,39.002366,NA,NA
"5388","Douglas",-18.9,"MIDLAND",1974-09-24,390006095143701,45,0,c(-95.242295, 39.006091),"1974","71-0",-95.242295,39.006091,NA,NA
"5389","Douglas",-6.05,"MIDLAND",1974-06-18,390032095143801,45,0,c(-95.243231, 39.010545),"1974","71-0",-95.243231,39.010545,NA,NA
"5390","Douglas",-24.34,"LAWRENCE EAST",1974-01-05,385624095093701,45,0,c(-95.158271, 38.942388),"1974","71-0",-95.158271,38.942388,NA,NA
"5391","Douglas",-23.51,"LAWRENCE EAST",1974-02-15,385624095093701,45,0,c(-95.158271, 38.942388),"1974","71-0",-95.158271,38.942388,NA,NA
"5392","Johnson",-14.57,NA,1974-12-16,385853094594901,91,0,c(-94.998171, 38.983113),"1974","71-0",-94.998171,38.983113,NA,NA
"5393","Johnson",-14.97,NA,1974-09-24,385906094585101,91,0,c(-94.982179, 38.986485),"1974","71-0",-94.982179,38.986485,NA,NA
"5394","Douglas",-19.17,"LAWRENCE EAST",1974-01-18,385723095093801,45,0,c(-95.159246, 38.957782),"1974","71-0",-95.159246,38.957782,NA,NA
"5395","Douglas",-20.07,"LAWRENCE EAST",1974-04-17,385723095093801,45,0,c(-95.159246, 38.957782),"1974","71-0",-95.159246,38.957782,NA,NA
"5396","Douglas",-22.59,"LAWRENCE EAST",1974-04-17,385657095093702,45,0,c(-95.159307, 38.950641),"1974","71-0",-95.159307,38.950641,NA,NA
"5397","Douglas",-24.7,"LAWRENCE EAST",1974-04-25,385624095093701,45,0,c(-95.158271, 38.942388),"1974","71-0",-95.158271,38.942388,NA,NA
"5398","Douglas",-24.09,"LAWRENCE EAST",1974-05-25,385624095093701,45,0,c(-95.158271, 38.942388),"1974","71-0",-95.158271,38.942388,NA,NA
"5399","Douglas",-24.7,"LAWRENCE EAST",1974-06-10,385624095093701,45,0,c(-95.158271, 38.942388),"1974","71-0",-95.158271,38.942388,NA,NA
"5400","Douglas",-24.71,"LAWRENCE EAST",1974-06-15,385624095093701,45,0,c(-95.158271, 38.942388),"1974","71-0",-95.158271,38.942388,NA,NA
"5401","Douglas",-25.86,"LAWRENCE EAST",1974-07-15,385624095093701,45,0,c(-95.158271, 38.942388),"1974","71-0",-95.158271,38.942388,NA,NA
"5402","Johnson",-25.05,NA,1974-09-24,390313094515101,91,0,c(-94.866453, 39.055424),"1974","71-0",-94.866453,39.055424,NA,NA
"5403","Jefferson",-15.45,NA,1974-06-18,390453095311701,87,0,c(-95.521358, 39.08313),"1974","71-0",-95.521358,39.08313,NA,NA
"5404","Wyandotte",-29.4,NA,1974-04-30,390253094470501,209,0,c(-94.782954, 39.050176),"1974","71-0",-94.782954,39.050176,NA,NA
"5405","Wyandotte",-32.7,NA,1974-09-10,390253094470501,209,0,c(-94.782954, 39.050176),"1974","71-0",-94.782954,39.050176,NA,NA
"5406","Jefferson",-10.4,NA,1974-03-19,390354095175201,87,0,c(-95.297126, 39.066697),"1974","71-0",-95.297126,39.066697,NA,NA
"5407","Douglas",-19.85,"MIDLAND",1974-08-10,390006095132301,45,0,c(-95.223996, 39.002366),"1974","71-0",-95.223996,39.002366,NA,NA
"5408","Douglas",-20.05,"MIDLAND",1974-08-15,390006095132301,45,0,c(-95.223996, 39.002366),"1974","71-0",-95.223996,39.002366,NA,NA
"5409","Douglas",-20.53,"MIDLAND",1974-10-31,390006095132301,45,0,c(-95.223996, 39.002366),"1974","71-0",-95.223996,39.002366,NA,NA
"5410","Douglas",-19.6,"MIDLAND",1974-11-15,390006095132301,45,0,c(-95.223996, 39.002366),"1974","71-0",-95.223996,39.002366,NA,NA
"5411","Douglas",-19.85,"MIDLAND",1974-11-30,390006095132301,45,0,c(-95.223996, 39.002366),"1974","71-0",-95.223996,39.002366,NA,NA
"5412","Douglas",-26.54,"EUDORA",1974-09-24,385650095055901,45,0,c(-95.101673, 38.948719),"1974","71-0",-95.101673,38.948719,NA,NA
"5413","Douglas",-16.12,"LAWRENCE EAST",1974-01-18,385657095085601,45,0,c(-95.14771, 38.95058),"1974","71-0",-95.14771,38.95058,NA,NA
"5414","Douglas",-23.8,"LAWRENCE EAST",1974-03-31,385624095093701,45,0,c(-95.158271, 38.942388),"1974","71-0",-95.158271,38.942388,NA,NA
"5415","Douglas",-24.38,"LAWRENCE EAST",1974-05-31,385624095093701,45,0,c(-95.158271, 38.942388),"1974","71-0",-95.158271,38.942388,NA,NA
"5416","Douglas",-27.7,"LAWRENCE EAST",1974-10-15,385624095093701,45,0,c(-95.158271, 38.942388),"1974","71-0",-95.158271,38.942388,NA,NA
"5417","Douglas",-41.38,"LONE STAR",1974-12-20,384501095164901,45,0,c(-95.280083, 38.750373),"1974","71-0",-95.280083,38.750373,NA,NA
"5418","Johnson",-23.94,NA,1974-06-18,390300094514301,91,0,c(-94.864073, 39.051777),"1974","71-0",-94.864073,39.051777,NA,NA
"5419","Jefferson",-18.34,NA,1974-12-16,390407095310901,87,0,c(-95.518871, 39.070801),"1974","71-0",-95.518871,39.070801,NA,NA
"5420","Jefferson",-16.5,NA,1974-06-18,390334095195801,87,0,c(-95.332145, 39.061097),"1974","71-0",-95.332145,39.061097,NA,NA
"5421","Wyandotte",-22.35,NA,1974-02-28,390253094470501,209,0,c(-94.782954, 39.050176),"1974","71-0",-94.782954,39.050176,NA,NA
"5422","Wyandotte",-32.1,NA,1974-11-15,390253094470501,209,0,c(-94.782954, 39.050176),"1974","71-0",-94.782954,39.050176,NA,NA
"5423","Wyandotte",-32.7,NA,1974-11-30,390253094470501,209,0,c(-94.782954, 39.050176),"1974","71-0",-94.782954,39.050176,NA,NA
"5424","Wyandotte",-33,NA,1974-12-05,390253094470501,209,0,c(-94.782954, 39.050176),"1974","71-0",-94.782954,39.050176,NA,NA
"5425","Douglas",-17.6,"MIDLAND",1974-04-30,390006095132301,45,0,c(-95.223996, 39.002366),"1974","71-0",-95.223996,39.002366,NA,NA
"5426","Douglas",-17.34,"MIDLAND",1974-05-15,390006095132301,45,0,c(-95.223996, 39.002366),"1974","71-0",-95.223996,39.002366,NA,NA
"5427","Douglas",-17.95,"MIDLAND",1974-06-30,390006095132301,45,0,c(-95.223996, 39.002366),"1974","71-0",-95.223996,39.002366,NA,NA
"5428","Leavenworth",-15.5,NA,1974-06-18,385926094572001,103,0,c(-94.956544, 38.991902),"1974","71-0",-94.956544,38.991902,NA,NA
"5429","Leavenworth",-18.82,NA,1974-09-24,385926094572001,103,0,c(-94.956544, 38.991902),"1974","71-0",-94.956544,38.991902,NA,NA
"5430","Johnson",-9.78,NA,1974-03-19,385853094594901,91,0,c(-94.998171, 38.983113),"1974","71-0",-94.998171,38.983113,NA,NA
"5431","Jefferson",-6.06,NA,1974-03-19,390617095255301,87,0,c(-95.432199, 39.10614),"1974","71-0",-95.432199,39.10614,NA,NA
"5432","Wyandotte",-37.15,NA,1974-09-24,390319094460802,209,0,c(-94.766902, 39.057668),"1974","71-0",-94.766902,39.057668,NA,NA
"5433","Wyandotte",-38.8,NA,1974-06-18,390503094395902,209,0,c(-94.662147, 39.086842),"1974","71-0",-94.662147,39.086842,NA,NA
"5434","Wyandotte",-33.9,NA,1974-04-05,390352094453503,209,0,c(-94.757487, 39.066732),"1974","71-0",-94.757487,39.066732,NA,NA
"5435","Wyandotte",-25.29,NA,1974-02-08,390418094444502,209,0,c(-94.743814, 39.073995),"1974","71-0",-94.743814,39.073995,NA,NA
"5436","Wyandotte",-37.17,NA,1974-12-02,390352094453503,209,0,c(-94.757487, 39.066732),"1974","71-0",-94.757487,39.066732,NA,NA
"5437","Wyandotte",-22.66,NA,1974-03-19,390543094430601,209,0,c(-94.715798, 39.097691),"1974","71-0",-94.715798,39.097691,NA,NA
"5438","Wyandotte",-27.02,NA,1974-01-08,390418094444502,209,0,c(-94.743814, 39.073995),"1974","71-0",-94.743814,39.073995,NA,NA
"5439","Wyandotte",-39,NA,1974-12-16,390319094460802,209,0,c(-94.766902, 39.057668),"1974","71-0",-94.766902,39.057668,NA,NA
"5440","Wyandotte",-44.25,NA,1974-09-24,390503094395902,209,0,c(-94.662147, 39.086842),"1974","71-0",-94.662147,39.086842,NA,NA
"5441","Wyandotte",-34.17,NA,1974-05-01,390352094453503,209,0,c(-94.757487, 39.066732),"1974","71-0",-94.757487,39.066732,NA,NA
"5442","Wyandotte",-29.23,NA,1974-12-16,390543094430601,209,0,c(-94.715798, 39.097691),"1974","71-0",-94.715798,39.097691,NA,NA
"5443","Wyandotte",-34.77,NA,1974-11-01,390418094444502,209,0,c(-94.743814, 39.073995),"1974","71-0",-94.743814,39.073995,NA,NA
"5444","Wyandotte",-35.95,NA,1974-09-03,390319094460802,209,0,c(-94.766902, 39.057668),"1974","71-0",-94.766902,39.057668,NA,NA
"5445","Wyandotte",-37.03,NA,1974-10-01,390319094460802,209,0,c(-94.766902, 39.057668),"1974","71-0",-94.766902,39.057668,NA,NA
"5446","Wyandotte",-33,NA,1974-05-31,390352094453503,209,0,c(-94.757487, 39.066732),"1974","71-0",-94.757487,39.066732,NA,NA
"5447","Wyandotte",-28.4,NA,1974-04-05,390418094444502,209,0,c(-94.743814, 39.073995),"1974","71-0",-94.743814,39.073995,NA,NA
"5448","Wyandotte",-37.17,NA,1974-11-01,390352094453503,209,0,c(-94.757487, 39.066732),"1974","71-0",-94.757487,39.066732,NA,NA
"5449","Wyandotte",-28.52,NA,1974-09-24,390543094430601,209,0,c(-94.715798, 39.097691),"1974","71-0",-94.715798,39.097691,NA,NA
"5450","Wyandotte",-35,NA,1974-06-18,390319094460802,209,0,c(-94.766902, 39.057668),"1974","71-0",-94.766902,39.057668,NA,NA
"5451","Wyandotte",-36.95,NA,1974-12-02,390319094460802,209,0,c(-94.766902, 39.057668),"1974","71-0",-94.766902,39.057668,NA,NA
"5452","Wyandotte",-22.78,NA,1974-12-16,390431094374001,209,0,c(-94.622534, 39.077672),"1974","71-0",-94.622534,39.077672,NA,NA
"5453","Wyandotte",-36.33,NA,1974-09-03,390352094453503,209,0,c(-94.757487, 39.066732),"1974","71-0",-94.757487,39.066732,NA,NA
"5454","Wyandotte",-27.68,NA,1974-05-01,390418094444502,209,0,c(-94.743814, 39.073995),"1974","71-0",-94.743814,39.073995,NA,NA
"5455","Wyandotte",-32.02,NA,1974-12-02,390418094444502,209,0,c(-94.743814, 39.073995),"1974","71-0",-94.743814,39.073995,NA,NA
"5456","Wyandotte",-37.87,NA,1974-07-01,390319094460802,209,0,c(-94.766902, 39.057668),"1974","71-0",-94.766902,39.057668,NA,NA
"5457","Wyandotte",-33.78,NA,1974-11-01,390319094460802,209,0,c(-94.766902, 39.057668),"1974","71-0",-94.766902,39.057668,NA,NA
"5458","Wyandotte",-28.77,NA,1974-10-01,390418094444502,209,0,c(-94.743814, 39.073995),"1974","71-0",-94.743814,39.073995,NA,NA
"5459","Wyandotte",-44.9,NA,1974-12-16,390503094395902,209,0,c(-94.662147, 39.086842),"1974","71-0",-94.662147,39.086842,NA,NA
"5460","Wyandotte",-22.82,NA,1974-09-24,390431094374001,209,0,c(-94.622534, 39.077672),"1974","71-0",-94.622534,39.077672,NA,NA
"5461","Wyandotte",-23.57,NA,1974-06-18,390543094430601,209,0,c(-94.715798, 39.097691),"1974","71-0",-94.715798,39.097691,NA,NA
"5462","Wyandotte",-26.35,NA,1974-05-31,390418094444502,209,0,c(-94.743814, 39.073995),"1974","71-0",-94.743814,39.073995,NA,NA
"5463","Wyandotte",-30.12,NA,1974-01-08,390319094460802,209,0,c(-94.766902, 39.057668),"1974","71-0",-94.766902,39.057668,NA,NA
"5464","Wyandotte",-22.9,NA,1974-06-18,390431094374001,209,0,c(-94.622534, 39.077672),"1974","71-0",-94.622534,39.077672,NA,NA
"5465","Wyandotte",-31.77,NA,1974-07-01,390418094444502,209,0,c(-94.743814, 39.073995),"1974","71-0",-94.743814,39.073995,NA,NA
"5466","Wyandotte",-40.2,NA,1974-03-19,390503094395902,209,0,c(-94.662147, 39.086842),"1974","71-0",-94.662147,39.086842,NA,NA
"5467","Wyandotte",-32.17,NA,1974-01-08,390352094453503,209,0,c(-94.757487, 39.066732),"1974","71-0",-94.757487,39.066732,NA,NA
"5468","Wyandotte",-37.08,NA,1974-10-01,390352094453503,209,0,c(-94.757487, 39.066732),"1974","71-0",-94.757487,39.066732,NA,NA
"5469","Wyandotte",-35.3,NA,1974-03-19,390319094460802,209,0,c(-94.766902, 39.057668),"1974","71-0",-94.766902,39.057668,NA,NA
"5470","Wyandotte",-30.81,NA,1974-02-08,390352094453503,209,0,c(-94.757487, 39.066732),"1974","71-0",-94.757487,39.066732,NA,NA
"5471","Wyandotte",-32.74,NA,1974-02-08,390319094460802,209,0,c(-94.766902, 39.057668),"1974","71-0",-94.766902,39.057668,NA,NA
"5472","Wyandotte",-33.95,NA,1974-05-01,390319094460802,209,0,c(-94.766902, 39.057668),"1974","71-0",-94.766902,39.057668,NA,NA
"5473","Wyandotte",-34.53,NA,1974-05-31,390319094460802,209,0,c(-94.766902, 39.057668),"1974","71-0",-94.766902,39.057668,NA,NA
"5474","Wyandotte",-23.05,NA,1974-03-19,390431094374001,209,0,c(-94.622534, 39.077672),"1974","71-0",-94.622534,39.077672,NA,NA
"5475","Wyandotte",-35.25,NA,1974-07-01,390352094453503,209,0,c(-94.757487, 39.066732),"1974","71-0",-94.757487,39.066732,NA,NA
"5476","Wyandotte",-31.18,NA,1974-09-03,390418094444502,209,0,c(-94.743814, 39.073995),"1974","71-0",-94.743814,39.073995,NA,NA
"5477","Sherman",-203.19,NA,1974-01-14,393244102021801,181,0,c(-102.040861, 39.546295),"1974","215-144",-102.040861,39.546295,81.913887,"66-131"
"5478","Cheyenne",-210.56,NA,1974-02-05,394646102024701,23,0,c(-102.048559, 39.778878),"1974","215-144",-102.048559,39.778878,55.8112221,"0-65"
"5479","Cheyenne",-154.36,"Wheeler",1974-03-05,394507101433401,23,0,c(-101.72415, 39.751363),"1974","215-144",-101.72415,39.751363,62.1144524,"0-65"
"5480","Cheyenne",-206.74,NA,1974-02-05,393804101520201,23,0,c(-101.866422, 39.634592),"1974","215-144",-101.866422,39.634592,83.0958328,"66-131"
"5481","Rawlins",-148.53,"Dewey Ranch",1974-02-04,394013101155301,153,0,c(-101.263113, 39.671537),"1974","215-144",-101.263113,39.671537,68.9473419,"66-131"
"5482","Cheyenne",-152.53,"Bird City South",1974-02-06,394106101371301,23,0,c(-101.618147, 39.684375),"1974","215-144",-101.618147,39.684375,129.2136383,"66-131"
"5483","Cheyenne",-178.5,NA,1974-01-17,393738101435401,23,0,c(-101.730293, 39.627208),"1974","215-144",-101.730293,39.627208,132.9289551,"132-197"
"5484","Rawlins",-204.35,"MCDONALD SW",1974-01-18,395224101205101,153,0,c(-101.345777, 39.873273),"1974","215-144",-101.345777,39.873273,89.469841,"66-131"
"5485","Cheyenne",-9.55,"Heinzelman Canyon",1974-01-17,395606101391601,23,0,c(-101.654248, 39.935114),"1974","71-0",-101.654248,39.935114,10,"0-65"
"5486","Sherman",-188.44,"S of Crosby Creek",1974-01-15,393040101593201,181,0,c(-101.994359, 39.510195),"1974","215-144",-101.994359,39.510195,106.2419968,"66-131"
"5487","Sherman",-158.27,"Dewey Ranch SW",1974-01-17,393126101292601,181,0,c(-101.492344, 39.524218),"1974","215-144",-101.492344,39.524218,108.677597,"66-131"
"5488","Sherman",-190.19,"S of Crosby Creek",1974-06-11,393403101575901,181,0,c(-101.966759, 39.567715),"1974","215-144",-101.966759,39.567715,67.3661118,"66-131"
"5489","Sherman",-190.5,"Bonny Reservoir SE",1974-01-15,393020102022701,181,0,c(-102.041461, 39.505275),"1974","215-144",-102.041461,39.505275,95.6030579,"66-131"
"5490","Cheyenne",-154.94,"Wheeler",1974-02-05,394507101433401,23,0,c(-101.72415, 39.751363),"1974","215-144",-101.72415,39.751363,62.1144524,"0-65"
"5491","Cheyenne",-157.29,NA,1974-02-05,394218101444101,23,0,c(-101.743904, 39.704889),"1974","215-144",-101.743904,39.704889,84.0772324,"66-131"
"5492","Sherman",-183,NA,1974-01-14,393257101543001,181,0,c(-101.909255, 39.549098),"1974","215-144",-101.909255,39.549098,108.9153748,"66-131"
"5493","Sherman",-185.28,"S of Crosby Creek",1974-01-15,393403101575901,181,0,c(-101.966759, 39.567715),"1974","215-144",-101.966759,39.567715,67.3661118,"66-131"
"5494","Sherman",-187.95,"S of Crosby Creek",1974-12-04,393403101575901,181,0,c(-101.966759, 39.567715),"1974","215-144",-101.966759,39.567715,67.3661118,"66-131"
"5495","Rawlins",-160.99,NA,1974-02-04,394546101212701,153,0,c(-101.354917, 39.76312),"1974","215-144",-101.354917,39.76312,86.4950333,"66-131"
"5496","Cheyenne",-221.03,NA,1974-01-17,394428101360201,23,0,c(-101.597431, 39.74142),"1974","287-216",-101.597431,39.74142,91.7446594,"66-131"
"5497","Cheyenne",-157.04,"Wheeler",1974-06-11,394507101433401,23,0,c(-101.72415, 39.751363),"1974","215-144",-101.72415,39.751363,62.1144524,"0-65"
"5498","Cheyenne",-101.72,"Saint Francis",1974-02-05,394514101463001,23,0,c(-101.773251, 39.753613),"1974","143-72",-101.773251,39.753613,47.2983856,"0-65"
"5499","Cheyenne",-143.14,"Bird City South NW",1974-01-17,393751101403601,23,0,c(-101.674349, 39.630645),"1974","143-72",-101.674349,39.630645,128.4830475,"66-131"
"5500","Cheyenne",-208.7,NA,1974-02-05,393844101492101,23,0,c(-101.82185, 39.645426),"1974","215-144",-101.82185,39.645426,89.2045288,"66-131"
"5501","Cheyenne",-148.18,NA,1974-02-06,393942101384801,23,0,c(-101.643255, 39.661601),"1974","215-144",-101.643255,39.661601,128.3743591,"66-131"
"5502","Sherman",-193.58,"S of Crosby Creek",1974-09-11,393403101575901,181,0,c(-101.966759, 39.567715),"1974","215-144",-101.966759,39.567715,67.3661118,"66-131"
"5503","Rawlins",-201.52,"McDonald SW",1974-01-18,394711101233201,153,0,c(-101.391158, 39.785867),"1974","215-144",-101.391158,39.785867,96.6123123,"66-131"
"5504","Cheyenne",-223.84,"Bird City North",1974-12-04,394658101312601,23,0,c(-101.518343, 39.781065),"1974","287-216",-101.518343,39.781065,98.0659866,"66-131"
"5505","Cheyenne",-162.29,"Wheeler",1974-09-11,394507101433401,23,0,c(-101.72415, 39.751363),"1974","215-144",-101.72415,39.751363,62.1144524,"0-65"
"5506","Rawlins",-160.73,NA,1974-02-04,394342101171501,153,0,c(-101.285213, 39.72859),"1974","215-144",-101.285213,39.72859,62.3830338,"0-65"
"5507","Cheyenne",-125.4,"Drury Creek",1974-02-05,394139101482101,23,0,c(-101.804753, 39.693394),"1974","143-72",-101.804753,39.693394,65.9274063,"0-65"
"5508","Cheyenne",-112.5,"Saint Francis",1974-02-05,395100101484301,23,0,c(-101.810588, 39.850658),"1974","143-72",-101.810588,39.850658,10,"0-65"
"5509","Sherman",-185.2,"S of Crosby Creek",1974-03-05,393403101575901,181,0,c(-101.966759, 39.567715),"1974","215-144",-101.966759,39.567715,67.3661118,"66-131"
"5510","Sherman",-130.95,"Brewster NW",1974-01-17,392811101285301,181,0,c(-101.483843, 39.470219),"1974","143-72",-101.483843,39.470219,119.1685333,"66-131"
"5511","Rawlins",-207.4,"McDonald SW",1974-09-10,394711101233201,153,0,c(-101.391158, 39.785867),"1974","215-144",-101.391158,39.785867,96.6123123,"66-131"
"5512","Cheyenne",-140.13,"Bird City South NW",1974-02-06,394205101413101,23,0,c(-101.690349, 39.700974),"1974","143-72",-101.690349,39.700974,102.7014542,"66-131"
"5513","Cheyenne",-94.98,NA,1974-02-05,393955101574301,23,0,c(-101.962459, 39.665574),"1974","143-72",-101.962459,39.665574,43.6066818,"0-65"
"5514","Cheyenne",-8.76,NA,1974-01-17,395619101375201,23,0,c(-101.630847, 39.939194),"1974","71-0",-101.630847,39.939194,10,"0-65"
"5515","Cheyenne",-23.99,"Henkle Canyon",1974-09-10,395921101331801,23,0,c(-101.555945, 39.988395),"1974","71-0",-101.555945,39.988395,10,"0-65"
"5516","Cheyenne",-150.61,NA,1974-01-17,393658102003601,23,0,c(-102.011554, 39.616159),"1974","215-144",-102.011554,39.616159,61.8262672,"0-65"
"5517","Cheyenne",-156.48,NA,1974-03-05,393658102003601,23,0,c(-102.011554, 39.616159),"1974","215-144",-102.011554,39.616159,61.8262672,"0-65"
"5518","Cheyenne",-164.25,NA,1974-12-08,393658102003601,23,0,c(-102.011554, 39.616159),"1974","215-144",-102.011554,39.616159,61.8262672,"0-65"
"5519","Sherman",-182.5,"Ruleton NW",1974-01-16,392744101564801,181,0,c(-101.947558, 39.461596),"1974","215-144",-101.947558,39.461596,119.455513,"66-131"
"5520","Cheyenne",-222.09,"Bird City North",1974-01-17,394658101312601,23,0,c(-101.518343, 39.781065),"1974","287-216",-101.518343,39.781065,98.0659866,"66-131"
"5521","Cheyenne",-221.68,"Bird City North",1974-06-11,394658101312601,23,0,c(-101.518343, 39.781065),"1974","287-216",-101.518343,39.781065,98.0659866,"66-131"
"5522","Cheyenne",-20.79,NA,1974-02-05,394850101490002,23,0,c(-101.814953, 39.814613),"1974","71-0",-101.814953,39.814613,10,"0-65"
"5523","Cheyenne",-91.6,"Bird City South SE",1974-06-11,393625101342401,23,0,c(-101.572446, 39.607367),"1974","143-72",-101.572446,39.607367,141.7422791,"132-197"
"5524","Cheyenne",-161.2,NA,1974-09-11,393658102003601,23,0,c(-102.011554, 39.616159),"1974","215-144",-102.011554,39.616159,61.8262672,"0-65"
"5525","Cheyenne",-189.26,"South of Drury Creek",1974-01-18,393547101481501,23,0,c(-101.802253, 39.597375),"1974","215-144",-101.802253,39.597375,118.9518967,"66-131"
"5526","Cheyenne",-207.59,NA,1974-01-17,393415101593201,23,0,c(-101.992953, 39.570933),"1974","215-144",-101.992953,39.570933,66.349472,"66-131"
"5527","Thomas",-149.55,"Dewey Ranch SW",1974-01-17,392955101224301,193,0,c(-101.380541, 39.50025),"1974","215-144",-101.380541,39.50025,145.5871429,"132-197"
"5528","Cheyenne",-200.35,NA,1974-01-17,394316101265701,23,0,c(-101.447204, 39.721401),"1974","215-144",-101.447204,39.721401,96.2754822,"66-131"
"5529","Cheyenne",-17.85,NA,1974-01-18,394047102001901,23,0,c(-102.006809, 39.679361),"1974","71-0",-102.006809,39.679361,38.9384079,"0-65"
"5530","Cheyenne",-194.87,NA,1974-02-05,395212101503201,23,0,c(-101.841077, 39.869972),"1974","215-144",-101.841077,39.869972,10,"0-65"
"5531","Rawlins",-198.09,"McDonald",1974-01-18,394730101201001,153,0,c(-101.334839, 39.793027),"1974","215-144",-101.334839,39.793027,104.2608795,"66-131"
"5532","Cheyenne",-236.85,"Saint Francis SW",1974-02-05,395001101553501,23,0,c(-101.925958, 39.832892),"1974","287-216",-101.925958,39.832892,24.7973289,"0-65"
"5533","Sherman",-144.03,"Bird City South SW",1974-01-16,393225101401201,181,0,c(-101.669549, 39.540097),"1974","215-144",-101.669549,39.540097,174.9576874,"132-197"
"5534","Sherman",-181.82,"Kanorado NE",1974-01-15,392730102022801,181,0,c(-102.042961, 39.457926),"1974","215-144",-102.042961,39.457926,101.5352478,"66-131"
"5535","Sherman",-158.16,"Ruleton NE",1974-01-14,392948101493301,181,0,c(-101.827454, 39.496176),"1974","215-144",-101.827454,39.496176,135.8229218,"132-197"
"5536","Sherman",-147.54,NA,1974-01-16,392922101454001,181,0,c(-101.761484, 39.489788),"1974","215-144",-101.761484,39.489788,152.6507874,"132-197"
"5537","Cheyenne",-161.48,"Wheeler",1974-12-04,394507101433401,23,0,c(-101.72415, 39.751363),"1974","215-144",-101.72415,39.751363,62.1144524,"0-65"
"5538","Cheyenne",-23.21,"Henkle Canyon",1974-03-05,395921101331801,23,0,c(-101.555945, 39.988395),"1974","71-0",-101.555945,39.988395,10,"0-65"
"5539","Cheyenne",-91.89,"Bird City South SE",1974-03-05,393625101342401,23,0,c(-101.572446, 39.607367),"1974","143-72",-101.572446,39.607367,141.7422791,"132-197"
"5540","Sherman",-6.46,"Dewey Ranch SW",1974-01-17,393310101295101,181,0,c(-101.497344, 39.554568),"1974","71-0",-101.497344,39.554568,137.2191467,"132-197"
"5541","Sherman",-158.27,NA,1974-01-16,393403101503501,181,0,c(-101.843472, 39.567454),"1974","215-144",-101.843472,39.567454,121.4017487,"66-131"
"5542","Cheyenne",-191.41,"McDonald SW",1974-01-17,394507101245701,23,0,c(-101.413941, 39.753046),"1974","215-144",-101.413941,39.753046,83.3543701,"66-131"
"5543","Cheyenne",-208.32,NA,1974-02-05,394508101573301,23,0,c(-101.959688, 39.751855),"1974","215-144",-101.959688,39.751855,32.0506744,"0-65"
"5544","Cheyenne",-16.39,"Hale Ponds",1974-01-17,393915102015701,23,0,c(-102.035925, 39.653168),"1974","71-0",-102.035925,39.653168,38.8627777,"0-65"
"5545","Rawlins",-218.72,NA,1974-01-18,395230101243701,153,0,c(-101.408995, 39.875516),"1974","287-216",-101.408995,39.875516,62.5903091,"0-65"
"5546","Cheyenne",-12.02,"MC DONALD NW",1974-01-17,395829101362501,23,0,c(-101.606146, 39.975444),"1974","71-0",-101.606146,39.975444,10,"0-65"
"5547","Cheyenne",-158.55,NA,1974-06-11,393658102003601,23,0,c(-102.011554, 39.616159),"1974","215-144",-102.011554,39.616159,61.8262672,"0-65"
"5548","Cheyenne",-11.25,NA,1974-02-06,394547101492701,23,0,c(-101.823208, 39.76307),"1974","71-0",-101.823208,39.76307,14.2643833,"0-65"
"5549","Rawlins",-190.11,NA,1974-01-18,395224101180301,153,0,c(-101.298741, 39.873049),"1974","215-144",-101.298741,39.873049,108.0596771,"66-131"
"5550","Cheyenne",-232.54,NA,1974-01-18,395225101593601,23,0,c(-101.993976, 39.873451),"1974","287-216",-101.993976,39.873451,24.1789017,"0-65"
"5551","Cheyenne",-17.79,NA,1974-01-17,395125101413401,23,0,c(-101.69094, 39.857003),"1974","71-0",-101.69094,39.857003,43.7848778,"0-65"
"5552","Cheyenne",-23.2,"Henkle Canyon",1974-06-11,395921101331801,23,0,c(-101.555945, 39.988395),"1974","71-0",-101.555945,39.988395,10,"0-65"
"5553","Thomas",-95.57,"Brewster NE",1974-01-17,392903101190501,193,0,c(-101.32004, 39.48562),"1974","143-72",-101.32004,39.48562,125.655777,"66-131"
"5554","Rawlins",-214.18,"McDonald SW",1974-12-04,394711101233201,153,0,c(-101.391158, 39.785867),"1974","215-144",-101.391158,39.785867,96.6123123,"66-131"
"5555","Cheyenne",-139.1,"Wheeler",1974-01-17,394632101430001,23,0,c(-101.713949, 39.774573),"1974","143-72",-101.713949,39.774573,53.0782814,"0-65"
"5556","Cheyenne",-197.5,NA,1974-02-06,394356101395901,23,0,c(-101.663595, 39.732233),"1974","215-144",-101.663595,39.732233,86.6696243,"66-131"
"5557","Cheyenne",-131.79,NA,1974-02-05,394744101552701,23,0,c(-101.921662, 39.79728),"1974","143-72",-101.921662,39.79728,22.5611248,"0-65"
"5558","Cheyenne",-25.69,"Henkle Canyon",1974-12-04,395921101331801,23,0,c(-101.555945, 39.988395),"1974","71-0",-101.555945,39.988395,10,"0-65"
"5559","Rawlins",-206.64,"McDonald SW",1974-03-05,394711101233201,153,0,c(-101.391158, 39.785867),"1974","215-144",-101.391158,39.785867,96.6123123,"66-131"
"5560","Cheyenne",-92.2,"Bird City South SE",1974-02-05,393625101342401,23,0,c(-101.572446, 39.607367),"1974","143-72",-101.572446,39.607367,141.7422791,"132-197"
"5561","Cheyenne",-133.24,"Bird City South SW",1974-02-05,393508101390801,23,0,c(-101.649648, 39.586016),"1974","143-72",-101.649648,39.586016,152.558548,"132-197"
"5562","Cheyenne",-197.56,NA,1974-02-06,394250101334501,23,0,c(-101.560305, 39.714244),"1974","215-144",-101.560305,39.714244,111.8518982,"66-131"
"5563","Cheyenne",-14.74,"Crosby Creek",1974-02-05,394218101551201,23,0,c(-101.919557, 39.704864),"1974","71-0",-101.919557,39.704864,35.444973,"0-65"
"5564","Sherman",-167.33,"Dewey Ranch SW",1974-01-17,393132101272001,181,0,c(-101.455143, 39.525969),"1974","215-144",-101.455143,39.525969,121.9426193,"66-131"
"5565","Cheyenne",-220.82,NA,1974-02-05,393613101562101,23,0,c(-101.939179, 39.603602),"1974","287-216",-101.939179,39.603602,65.1997528,"0-65"
"5566","Sherman",-107.65,"Goodland NW",1974-01-16,392758101411201,181,0,c(-101.688449, 39.467068),"1974","143-72",-101.688449,39.467068,162.2391663,"132-197"
"5567","Sherman",-156.12,NA,1974-01-17,392856101255701,181,0,c(-101.433349, 39.483368),"1974","215-144",-101.433349,39.483368,116.4506912,"66-131"
"5568","Rawlins",-208.55,"McDonald SW",1974-06-11,394711101233201,153,0,c(-101.391158, 39.785867),"1974","215-144",-101.391158,39.785867,96.6123123,"66-131"
"5569","Cheyenne",-5.65,NA,1974-01-18,394652101481001,23,0,c(-101.801723, 39.781075),"1974","71-0",-101.801723,39.781075,18.8239002,"0-65"
"5570","Cheyenne",-5.59,NA,1974-02-05,395211101442001,23,0,c(-101.737816, 39.869622),"1974","71-0",-101.737816,39.869622,NA,NA
"5571","Cheyenne",-97.64,"Bird City South SE",1974-12-04,393625101342401,23,0,c(-101.572446, 39.607367),"1974","143-72",-101.572446,39.607367,141.7422791,"132-197"
"5572","Cheyenne",-201.15,NA,1974-01-17,393633101450001,23,0,c(-101.749597, 39.609126),"1974","215-144",-101.749597,39.609126,133.9754181,"132-197"
"5573","Cheyenne",-114.01,NA,1974-02-05,393507101334201,23,0,c(-101.56, 39.585492),"1974","143-72",-101.56,39.585492,142.8226929,"132-197"
"5574","Cheyenne",-147.37,"Dewey Ranch SW",1974-02-05,393704101273301,23,0,c(-101.459742, 39.619248),"1974","215-144",-101.459742,39.619248,141.9183807,"132-197"
"5575","Rawlins",-16.98,"Dewey Ranch SE",1974-02-04,393619101222101,153,0,c(-101.37192, 39.606893),"1974","71-0",-101.37192,39.606893,130.3308105,"66-131"
"5576","Cheyenne",-222.08,"Bird City North",1974-03-05,394658101312601,23,0,c(-101.518343, 39.781065),"1974","287-216",-101.518343,39.781065,98.0659866,"66-131"
"5577","Cheyenne",-69.51,NA,1974-02-05,394508101532301,23,0,c(-101.889357, 39.752221),"1974","71-0",-101.889357,39.752221,21.2335606,"0-65"
"5578","Cheyenne",-192.73,"Dewey Ranch NW",1974-02-06,394237101292901,23,0,c(-101.490843, 39.710476),"1974","215-144",-101.490843,39.710476,108.8495407,"66-131"
"5579","Rawlins",-173.51,"McDonald",1974-01-18,395033101183701,153,0,c(-101.306761, 39.843129),"1974","215-144",-101.306761,39.843129,125.5687714,"66-131"
"5580","Cheyenne",-23.04,"Henkle Canyon",1974-01-17,395921101331801,23,0,c(-101.555945, 39.988395),"1974","71-0",-101.555945,39.988395,10,"0-65"
"5581","Sherman",-157.5,"Ruleton NE",1974-01-15,392836101491801,181,0,c(-101.823154, 39.477426),"1974","215-144",-101.823154,39.477426,141.7225189,"132-197"
"5582","Cheyenne",-144.47,"Dewey Ranch NW",1974-02-06,394020101250801,23,0,c(-101.418141, 39.672247),"1974","215-144",-101.418141,39.672247,114.1106491,"66-131"
"5583","Cheyenne",-74.39,"Bird City South SE",1974-02-05,393724101321401,23,0,c(-101.536444, 39.624217),"1974","143-72",-101.536444,39.624217,141.7947235,"132-197"
"5584","Cheyenne",-210.93,"Saint Francis SW",1974-02-05,395120101545301,23,0,c(-101.913858, 39.855612),"1974","215-144",-101.913858,39.855612,24.7944508,"0-65"
"5585","Rawlins",-130.62,"Long Draw South",1974-02-06,393644100525501,153,0,c(-100.88183, 39.611573),"1974","143-72",-100.88183,39.611573,57.3947639,"0-65"
"5586","Thomas",-156.54,"Chardon SW",1974-03-05,393144101084301,193,0,c(-101.147436, 39.531261),"1974","215-144",-101.147436,39.531261,95.0585327,"66-131"
"5587","Thomas",-148.89,"Chardon SW",1974-06-05,393020101113101,193,0,c(-101.193737, 39.507471),"1974","215-144",-101.193737,39.507471,83.330986,"66-131"
"5588","Rawlins",-26.98,"Beardsley",1974-02-04,394637101122001,153,0,c(-101.202537, 39.777399),"1974","71-0",-101.202537,39.777399,19.1058807,"0-65"
"5589","Decatur",-11.7,"SELDEN NW",1974-02-06,394335100441701,39,0,c(-100.739517, 39.727314),"1974","71-0",-100.739517,39.727314,10.1552267,"0-65"
"5590","Rawlins",-114.87,"Chardon",1974-01-16,393914101053801,153,0,c(-101.092035, 39.654111),"1974","143-72",-101.092035,39.654111,126.8584671,"66-131"
"5591","Rawlins",-121.66,"Chardon NW",1974-02-04,393933101090001,153,0,c(-101.150136, 39.65981),"1974","143-72",-101.150136,39.65981,101.7956772,"66-131"
"5592","Thomas",-149.78,"Chardon SW",1974-01-05,393020101113101,193,0,c(-101.193737, 39.507471),"1974","215-144",-101.193737,39.507471,83.330986,"66-131"
"5593","Thomas",-149.44,"Chardon SW",1974-02-15,393020101113101,193,0,c(-101.193737, 39.507471),"1974","215-144",-101.193737,39.507471,83.330986,"66-131"
"5594","Thomas",-149.37,"Chardon SW",1974-02-25,393020101113101,193,0,c(-101.193737, 39.507471),"1974","215-144",-101.193737,39.507471,83.330986,"66-131"
"5595","Thomas",-149.4,"Chardon SW",1974-03-20,393020101113101,193,0,c(-101.193737, 39.507471),"1974","215-144",-101.193737,39.507471,83.330986,"66-131"
"5596","Thomas",-148.48,"Chardon SW",1974-06-15,393020101113101,193,0,c(-101.193737, 39.507471),"1974","215-144",-101.193737,39.507471,83.330986,"66-131"
"5597","Thomas",-149.63,"Chardon SW",1974-12-05,393020101113101,193,0,c(-101.193737, 39.507471),"1974","215-144",-101.193737,39.507471,83.330986,"66-131"
"5598","Rawlins",-148.26,"Midway",1974-12-04,394814100505201,153,0,c(-100.849503, 39.80448),"1974","215-144",-100.849503,39.80448,27.456749,"0-65"
"5599","Decatur",-88.87,"SELDEN NW",1974-01-15,394012100381301,39,0,c(-100.636716, 39.670201),"1974","143-72",-100.636716,39.670201,56.1682549,"0-65"
"5600","Rawlins",-10.48,"Ludell",1974-01-16,395130100555301,153,0,c(-100.931433, 39.858552),"1974","71-0",-100.931433,39.858552,24.9318085,"0-65"
"5601","Decatur",-31.88,"OBERLIN",1974-09-09,394846100314901,39,0,c(-100.529723, 39.813445),"1974","71-0",-100.529723,39.813445,34.9668999,"0-65"
"5602","Rawlins",-115.38,"Atwood NE",1974-01-16,395551101031601,153,0,c(-101.055036, 39.932321),"1974","143-72",-101.055036,39.932321,38.0985107,"0-65"
"5603","Sheridan",-106.38,"Selden SW",1974-01-15,393131100383701,179,0,c(-100.642124, 39.525174),"1974","143-72",-100.642124,39.525174,84.8358231,"66-131"
"5604","Thomas",-149.47,"Chardon SW",1974-02-28,393020101113101,193,0,c(-101.193737, 39.507471),"1974","215-144",-101.193737,39.507471,83.330986,"66-131"
"5605","Thomas",-149.02,"Chardon SW",1974-05-20,393020101113101,193,0,c(-101.193737, 39.507471),"1974","215-144",-101.193737,39.507471,83.330986,"66-131"
"5606","Thomas",-148.41,"Chardon SW",1974-06-20,393020101113101,193,0,c(-101.193737, 39.507471),"1974","215-144",-101.193737,39.507471,83.330986,"66-131"
"5607","Thomas",-150.28,"Chardon SW",1974-09-10,393020101113101,193,0,c(-101.193737, 39.507471),"1974","215-144",-101.193737,39.507471,83.330986,"66-131"
"5608","Sheridan",-149.79,NA,1974-09-10,392735100282501,179,0,c(-100.473365, 39.459843),"1974","215-144",-100.473365,39.459843,63.0817795,"0-65"
"5609","Rawlins",-23.32,NA,1974-01-16,394854101003101,153,0,c(-101.008334, 39.813902),"1974","71-0",-101.008334,39.813902,10,"0-65"
"5610","Thomas",-149.58,"Chardon SW",1974-02-10,393020101113101,193,0,c(-101.193737, 39.507471),"1974","215-144",-101.193737,39.507471,83.330986,"66-131"
"5611","Thomas",-149.39,"Chardon SW",1974-02-20,393020101113101,193,0,c(-101.193737, 39.507471),"1974","215-144",-101.193737,39.507471,83.330986,"66-131"
"5612","Thomas",-149.1,"Chardon SW",1974-04-25,393020101113101,193,0,c(-101.193737, 39.507471),"1974","215-144",-101.193737,39.507471,83.330986,"66-131"
"5613","Thomas",-148.93,"Chardon SW",1974-05-15,393020101113101,193,0,c(-101.193737, 39.507471),"1974","215-144",-101.193737,39.507471,83.330986,"66-131"
"5614","Thomas",-103.52,"Rexford",1974-01-17,392809100433901,193,0,c(-100.725725, 39.470184),"1974","143-72",-100.725725,39.470184,117.1457443,"66-131"
"5615","Decatur",-93.41,"Dresden North",1974-01-14,394241100263201,39,0,c(-100.44252, 39.711565),"1974","143-72",-100.44252,39.711565,59.7536812,"0-65"
"5616","Decatur",-35.19,"OBERLIN",1974-03-04,394846100314901,39,0,c(-100.529723, 39.813445),"1974","71-0",-100.529723,39.813445,34.9668999,"0-65"
"5617","Rawlins",-16.35,"Herndon",1974-01-16,395419100471001,153,0,c(-100.78773, 39.906004),"1974","71-0",-100.78773,39.906004,23.587862,"0-65"
"5618","Thomas",-149.1,"Chardon SW",1974-04-10,393020101113101,193,0,c(-101.193737, 39.507471),"1974","215-144",-101.193737,39.507471,83.330986,"66-131"
"5619","Thomas",-149.07,"Chardon SW",1974-05-31,393020101113101,193,0,c(-101.193737, 39.507471),"1974","215-144",-101.193737,39.507471,83.330986,"66-131"
"5620","Sheridan",-55.54,NA,1974-01-15,393012100294201,179,0,c(-100.496148, 39.503239),"1974","71-0",-100.496148,39.503239,78.7140427,"66-131"
"5621","Rawlins",-86.94,NA,1974-01-16,394538100464001,153,0,c(-100.779298, 39.760609),"1974","143-72",-100.779298,39.760609,24.3920231,"0-65"
"5622","Rawlins",-146.45,"Midway",1974-03-05,394814100505201,153,0,c(-100.849503, 39.80448),"1974","215-144",-100.849503,39.80448,27.456749,"0-65"
"5623","Rawlins",-146.88,"Midway",1974-06-11,394814100505201,153,0,c(-100.849503, 39.80448),"1974","215-144",-100.849503,39.80448,27.456749,"0-65"
"5624","Decatur",-30.78,"OBERLIN",1974-06-10,394846100314901,39,0,c(-100.529723, 39.813445),"1974","71-0",-100.529723,39.813445,34.9668999,"0-65"
"5625","Decatur",-17.99,"Oberlin NE",1974-01-15,395708100370701,39,0,c(-100.618627, 39.951595),"1974","71-0",-100.618627,39.951595,1.2772024,"0-65"
"5626","Decatur",-115.01,"Selden SW",1974-02-06,393440100395501,39,0,c(-100.665924, 39.578714),"1974","143-72",-100.665924,39.578714,100.1604233,"66-131"
"5627","Thomas",-138.86,"CHARDON SE",1974-06-10,393315101031501,193,0,c(-101.055106, 39.554766),"1974","143-72",-101.055106,39.554766,85.0413208,"66-131"
"5628","Rawlins",-133.98,NA,1974-02-04,393526101081201,153,0,c(-101.136997, 39.59009),"1974","143-72",-101.136997,39.59009,112.6200867,"66-131"
"5629","Sheridan",-99.44,"Selden",1974-01-15,393123100301401,179,0,c(-100.50422, 39.524004),"1974","143-72",-100.50422,39.524004,83.9464798,"66-131"
"5630","Thomas",-158.28,"Chardon SW",1974-06-10,393144101084301,193,0,c(-101.147436, 39.531261),"1974","215-144",-101.147436,39.531261,95.0585327,"66-131"
"5631","Thomas",-149.3,"Chardon SW",1974-03-10,393020101113101,193,0,c(-101.193737, 39.507471),"1974","215-144",-101.193737,39.507471,83.330986,"66-131"
"5632","Decatur",-96.74,"OBERLIN",1974-06-10,395155100315701,39,0,c(-100.533139, 39.865163),"1974","143-72",-100.533139,39.865163,46.7974472,"0-65"
"5633","Decatur",-18.16,"Oberlin NE",1974-12-03,395708100370701,39,0,c(-100.618627, 39.951595),"1974","71-0",-100.618627,39.951595,1.2772024,"0-65"
"5634","Thomas",-122.81,"Achilles SE",1974-01-17,393348100454501,193,0,c(-100.761827, 39.562234),"1974","143-72",-100.761827,39.562234,75.0167465,"66-131"
"5635","Thomas",-149.5,"Chardon SW",1974-01-25,393020101113101,193,0,c(-101.193737, 39.507471),"1974","215-144",-101.193737,39.507471,83.330986,"66-131"
"5636","Thomas",-149.16,"Chardon SW",1974-03-31,393020101113101,193,0,c(-101.193737, 39.507471),"1974","215-144",-101.193737,39.507471,83.330986,"66-131"
"5637","Decatur",-24.56,"SELDEN NE",1974-01-15,394432100370401,39,0,c(-100.615924, 39.741794),"1974","71-0",-100.615924,39.741794,4.6843348,"0-65"
"5638","Decatur",-132.69,"KANONA",1974-02-07,394504100293601,39,0,c(-100.494622, 39.750335),"1974","143-72",-100.494622,39.750335,45.1322136,"0-65"
"5639","Rawlins",-87.34,NA,1974-01-16,394204101033001,153,0,c(-101.057563, 39.700944),"1974","143-72",-101.057563,39.700944,81.1509781,"66-131"
"5640","Rawlins",-15.05,NA,1974-02-04,394210101112301,153,0,c(-101.188043, 39.703124),"1974","71-0",-101.188043,39.703124,45.752655,"0-65"
"5641","Rawlins",-30.81,NA,1974-12-04,394854101003101,153,0,c(-101.008334, 39.813902),"1974","71-0",-101.008334,39.813902,10,"0-65"
"5642","Decatur",-98.17,"OBERLIN SW",1974-03-04,394913100404701,39,0,c(-100.680227, 39.820994),"1974","143-72",-100.680227,39.820994,96.0181808,"66-131"
"5643","Decatur",-17.68,"Oberlin NE",1974-03-04,395708100370701,39,0,c(-100.618627, 39.951595),"1974","71-0",-100.618627,39.951595,1.2772024,"0-65"
"5644","Thomas",-149.73,"Chardon SW",1974-01-10,393020101113101,193,0,c(-101.193737, 39.507471),"1974","215-144",-101.193737,39.507471,83.330986,"66-131"
"5645","Thomas",-149.7,"Chardon SW",1974-01-31,393020101113101,193,0,c(-101.193737, 39.507471),"1974","215-144",-101.193737,39.507471,83.330986,"66-131"
"5646","Sheridan",-147.75,NA,1974-03-04,392735100282501,179,0,c(-100.473365, 39.459843),"1974","215-144",-100.473365,39.459843,63.0817795,"0-65"
"5647","Decatur",-98.14,"OBERLIN SW",1974-06-10,394913100404701,39,0,c(-100.680227, 39.820994),"1974","143-72",-100.680227,39.820994,96.0181808,"66-131"
"5648","Rawlins",-20.61,NA,1974-01-16,395229100523101,153,0,c(-100.87621, 39.874698),"1974","71-0",-100.87621,39.874698,24.143013,"0-65"
"5649","Decatur",-33.05,"OBERLIN",1974-12-03,394846100314901,39,0,c(-100.529723, 39.813445),"1974","71-0",-100.529723,39.813445,34.9668999,"0-65"
"5650","Thomas",-139.45,"CHARDON SE",1974-03-05,393315101031501,193,0,c(-101.055106, 39.554766),"1974","143-72",-101.055106,39.554766,85.0413208,"66-131"
"5651","Thomas",-149.73,"Chardon SW",1974-01-20,393020101113101,193,0,c(-101.193737, 39.507471),"1974","215-144",-101.193737,39.507471,83.330986,"66-131"
"5652","Thomas",-149.36,"Chardon SW",1974-03-05,393020101113101,193,0,c(-101.193737, 39.507471),"1974","215-144",-101.193737,39.507471,83.330986,"66-131"
"5653","Thomas",-114.43,"Gem",1974-01-17,392946100550001,193,0,c(-100.920197, 39.49623),"1974","143-72",-100.920197,39.49623,68.6357956,"66-131"
"5654","Rawlins",-171.56,"Atwood NW",1974-02-04,395308101114301,153,0,c(-101.193937, 39.884589),"1974","215-144",-101.193937,39.884589,47.2703476,"0-65"
"5655","Rawlins",-22.3,"Ludell",1974-01-16,395038100592301,153,0,c(-100.990534, 39.842852),"1974","71-0",-100.990534,39.842852,10,"0-65"
"5656","Decatur",-96.94,"OBERLIN",1974-03-04,395155100315701,39,0,c(-100.533139, 39.865163),"1974","143-72",-100.533139,39.865163,46.7974472,"0-65"
"5657","Decatur",-17.63,"Oberlin NE",1974-06-10,395708100370701,39,0,c(-100.618627, 39.951595),"1974","71-0",-100.618627,39.951595,1.2772024,"0-65"
"5658","Sheridan",-122.65,"Selden",1974-01-15,393235100322701,179,0,c(-100.543821, 39.542684),"1974","143-72",-100.543821,39.542684,87.0946426,"66-131"
"5659","Decatur",-8.39,"Dresden North",1974-01-14,393820100273201,39,0,c(-100.46052, 39.639364),"1974","71-0",-100.46052,39.639364,40.2564507,"0-65"
"5660","Rawlins",-19.07,"Chardon SE",1974-01-16,393533101030001,153,0,c(-101.050634, 39.591622),"1974","71-0",-101.050634,39.591622,97.7226944,"66-131"
"5661","Thomas",-149.42,"Chardon SW",1974-03-15,393020101113101,193,0,c(-101.193737, 39.507471),"1974","215-144",-101.193737,39.507471,83.330986,"66-131"
"5662","Thomas",-96.58,NA,1974-01-17,392756101084501,193,0,c(-101.147026, 39.466692),"1974","143-72",-101.147026,39.466692,93.6805801,"66-131"
"5663","Thomas",-156.66,"Chardon SW",1974-01-17,393144101084301,193,0,c(-101.147436, 39.531261),"1974","215-144",-101.147436,39.531261,95.0585327,"66-131"
"5664","Thomas",-149.62,"Chardon SW",1974-01-17,393020101113101,193,0,c(-101.193737, 39.507471),"1974","215-144",-101.193737,39.507471,83.330986,"66-131"
"5665","Thomas",-149.57,"Chardon SW",1974-02-05,393020101113101,193,0,c(-101.193737, 39.507471),"1974","215-144",-101.193737,39.507471,83.330986,"66-131"
"5666","Thomas",-149.14,"Chardon SW",1974-04-15,393020101113101,193,0,c(-101.193737, 39.507471),"1974","215-144",-101.193737,39.507471,83.330986,"66-131"
"5667","Thomas",-149.08,"Chardon SW",1974-05-05,393020101113101,193,0,c(-101.193737, 39.507471),"1974","215-144",-101.193737,39.507471,83.330986,"66-131"
"5668","Thomas",-149.02,"Chardon SW",1974-05-25,393020101113101,193,0,c(-101.193737, 39.507471),"1974","215-144",-101.193737,39.507471,83.330986,"66-131"
"5669","Thomas",-148.89,"Chardon SW",1974-06-10,393020101113101,193,0,c(-101.193737, 39.507471),"1974","215-144",-101.193737,39.507471,83.330986,"66-131"
"5670","Sheridan",-145.63,NA,1974-01-15,392814100311301,179,0,c(-100.521706, 39.470875),"1974","215-144",-100.521706,39.470875,66.1501465,"66-131"
"5671","Rawlins",-68.16,NA,1974-01-16,394703100463101,153,0,c(-100.776841, 39.784077),"1974","71-0",-100.776841,39.784077,35.2700462,"0-65"
"5672","Rawlins",-14.95,NA,1974-02-06,394012100442701,153,0,c(-100.74205, 39.670216),"1974","71-0",-100.74205,39.670216,11.5440588,"0-65"
"5673","Rawlins",-10.74,"Achilles",1974-01-16,394236100480601,153,0,c(-100.802161, 39.710432),"1974","71-0",-100.802161,39.710432,8.3576975,"0-65"
"5674","Rawlins",-30.49,NA,1974-02-04,395006101140801,153,0,c(-101.233333, 39.834822),"1974","71-0",-101.233333,39.834822,98.8171463,"66-131"
"5675","Rawlins",-19.55,"Atwood",1974-01-16,394802101030301,153,0,c(-101.049735, 39.799521),"1974","71-0",-101.049735,39.799521,10,"0-65"
"5676","Decatur",-96.41,"OBERLIN",1974-09-09,395155100315701,39,0,c(-100.533139, 39.865163),"1974","143-72",-100.533139,39.865163,46.7974472,"0-65"
"5677","Rawlins",-22.42,"Atwood",1974-02-04,394940101071501,153,0,c(-101.114136, 39.82752),"1974","71-0",-101.114136,39.82752,10,"0-65"
"5678","Thomas",-142.99,"CHARDON SE",1974-09-10,393315101031501,193,0,c(-101.055106, 39.554766),"1974","143-72",-101.055106,39.554766,85.0413208,"66-131"
"5679","Thomas",-143.15,"CHARDON SE",1974-12-04,393315101031501,193,0,c(-101.055106, 39.554766),"1974","143-72",-101.055106,39.554766,85.0413208,"66-131"
"5680","Decatur",-14.2,"SELDON NE",1974-02-07,393814100305401,39,0,c(-100.515121, 39.637104),"1974","71-0",-100.515121,39.637104,54.7932396,"0-65"
"5681","Thomas",-149.23,"Chardon SW",1974-03-25,393020101113101,193,0,c(-101.193737, 39.507471),"1974","215-144",-101.193737,39.507471,83.330986,"66-131"
"5682","Decatur",-12.53,"Selden",1974-01-14,393610100341701,39,0,c(-100.572922, 39.603154),"1974","71-0",-100.572922,39.603154,69.5236359,"66-131"
"5683","Rawlins",-30.12,NA,1974-09-10,394854101003101,153,0,c(-101.008334, 39.813902),"1974","71-0",-101.008334,39.813902,10,"0-65"
"5684","Decatur",-29.5,"OBERLIN",1974-01-15,394859100301701,39,0,c(-100.505423, 39.815885),"1974","71-0",-100.505423,39.815885,31.3279839,"0-65"
"5685","Decatur",-96.94,"OBERLIN",1974-01-15,395155100315701,39,0,c(-100.533139, 39.865163),"1974","143-72",-100.533139,39.865163,46.7974472,"0-65"
"5686","Decatur",-23.08,"OBERLIN",1974-01-15,394715100355501,39,0,c(-100.598124, 39.787125),"1974","71-0",-100.598124,39.787125,12.6405573,"0-65"
"5687","Sheridan",-135.03,NA,1974-01-15,393039100364801,179,0,c(-100.611858, 39.51067),"1974","143-72",-100.611858,39.51067,75.0846405,"66-131"
"5688","Thomas",-149.71,"Chardon SW",1974-01-15,393020101113101,193,0,c(-101.193737, 39.507471),"1974","215-144",-101.193737,39.507471,83.330986,"66-131"
"5689","Thomas",-159.18,"Chardon SE",1974-01-17,393223101045601,193,0,c(-101.082334, 39.540382),"1974","215-144",-101.082334,39.540382,93.1278534,"66-131"
"5690","Sheridan",-148.8,NA,1974-12-03,392735100282501,179,0,c(-100.473365, 39.459843),"1974","215-144",-100.473365,39.459843,63.0817795,"0-65"
"5691","Sheridan",-46.3,NA,1974-01-15,393012100263401,179,0,c(-100.442802, 39.503529),"1974","71-0",-100.442802,39.503529,68.3907318,"66-131"
"5692","Decatur",-87.09,"SELDEN NW",1974-02-06,394249100410601,39,0,c(-100.685973, 39.71378),"1974","143-72",-100.685973,39.71378,9.1599655,"0-65"
"5693","Rawlins",-15.04,NA,1974-01-16,394459101085801,153,0,c(-101.148187, 39.749816),"1974","71-0",-101.148187,39.749816,17.5045872,"0-65"
"5694","Rawlins",-87.3,NA,1974-03-05,394204101033001,153,0,c(-101.057563, 39.700944),"1974","143-72",-101.057563,39.700944,81.1509781,"66-131"
"5695","Decatur",-96.49,"OBERLIN",1974-12-03,395155100315701,39,0,c(-100.533139, 39.865163),"1974","143-72",-100.533139,39.865163,46.7974472,"0-65"
"5696","Decatur",-18.5,"Oberlin NE",1974-09-09,395708100370701,39,0,c(-100.618627, 39.951595),"1974","71-0",-100.618627,39.951595,1.2772024,"0-65"
"5697","Thomas",-114.84,"Achilles SE",1974-01-17,393236100505101,193,0,c(-100.849629, 39.544123),"1974","143-72",-100.849629,39.544123,85.2097092,"66-131"
"5698","Decatur",-11.8,"SELDEN NE",1974-01-14,393820100324401,39,0,c(-100.545817, 39.638951),"1974","71-0",-100.545817,39.638951,76.3313217,"66-131"
"5699","Thomas",-158.05,"Chardon SW",1974-12-04,393144101084301,193,0,c(-101.147436, 39.531261),"1974","215-144",-101.147436,39.531261,95.0585327,"66-131"
"5700","Thomas",-149.05,"Chardon SW",1974-04-20,393020101113101,193,0,c(-101.193737, 39.507471),"1974","215-144",-101.193737,39.507471,83.330986,"66-131"
"5701","Rawlins",-28.1,NA,1974-03-05,394854101003101,153,0,c(-101.008334, 39.813902),"1974","71-0",-101.008334,39.813902,10,"0-65"
"5702","Sheridan",-18.46,NA,1974-01-15,393348100383601,179,0,c(-100.642087, 39.56342),"1974","71-0",-100.642087,39.56342,88.9370956,"66-131"
"5703","Rawlins",-121.59,NA,1974-01-16,393552100453601,153,0,c(-100.760742, 39.598347),"1974","143-72",-100.760742,39.598347,52.2274094,"0-65"
"5704","Thomas",-152.92,"Colby",1974-01-17,392743101024401,193,0,c(-101.047133, 39.461653),"1974","215-144",-101.047133,39.461653,90.0437317,"66-131"
"5705","Thomas",-23.12,NA,1974-01-17,392914101012801,193,0,c(-101.025641, 39.487674),"1974","71-0",-101.025641,39.487674,82.3889542,"66-131"
"5706","Rawlins",-10.95,"Atwood",1974-02-06,394605101062601,153,0,c(-101.106948, 39.766833),"1974","71-0",-101.106948,39.766833,26.7367249,"0-65"
"5707","Rawlins",-44.7,"Achilles",1974-02-06,393742100464301,153,0,c(-100.778827, 39.628554),"1974","71-0",-100.778827,39.628554,18.6852608,"0-65"
"5708","Decatur",-30.15,"OBERLIN",1974-01-15,394846100314901,39,0,c(-100.529723, 39.813445),"1974","71-0",-100.529723,39.813445,34.9668999,"0-65"
"5709","Decatur",-27.86,"Traer",1974-01-15,395458100395501,39,0,c(-100.665228, 39.915254),"1974","71-0",-100.665228,39.915254,25.1194801,"0-65"
"5710","Thomas",-149.25,"Chardon SW",1974-04-05,393020101113101,193,0,c(-101.193737, 39.507471),"1974","215-144",-101.193737,39.507471,83.330986,"66-131"
"5711","Thomas",-149.12,"Chardon SW",1974-04-30,393020101113101,193,0,c(-101.193737, 39.507471),"1974","215-144",-101.193737,39.507471,83.330986,"66-131"
"5712","Thomas",-148.95,"Chardon SW",1974-05-10,393020101113101,193,0,c(-101.193737, 39.507471),"1974","215-144",-101.193737,39.507471,83.330986,"66-131"
"5713","Sheridan",-146.75,NA,1974-01-15,392735100282501,179,0,c(-100.473365, 39.459843),"1974","215-144",-100.473365,39.459843,63.0817795,"0-65"
"5714","Sheridan",-97.97,"Rexford NE",1974-01-15,392900100334201,179,0,c(-100.563821, 39.484284),"1974","143-72",-100.563821,39.484284,67.0839691,"66-131"
"5715","Rawlins",-87.41,NA,1974-06-10,394204101033001,153,0,c(-101.057563, 39.700944),"1974","143-72",-101.057563,39.700944,81.1509781,"66-131"
"5716","Decatur",-92.14,"Dresden North",1974-02-07,394011100295401,39,0,c(-100.499421, 39.669455),"1974","143-72",-100.499421,39.669455,53.5473747,"0-65"
"5717","Rawlins",-167.49,NA,1974-02-04,393736101141301,153,0,c(-101.236521, 39.627273),"1974","215-144",-101.236521,39.627273,103.8749084,"66-131"
"5718","Rawlins",-29.25,NA,1974-06-11,394854101003101,153,0,c(-101.008334, 39.813902),"1974","71-0",-101.008334,39.813902,10,"0-65"
"5719","Decatur",-29.11,"Oberlin NE",1974-01-15,395925100331901,39,0,c(-100.555202, 39.990931),"1974","71-0",-100.555202,39.990931,14.0069761,"0-65"
"5720","Sheridan",-134.7,NA,1974-01-15,393241100252601,179,0,c(-100.42382, 39.544819),"1974","143-72",-100.42382,39.544819,52.8504372,"0-65"
"5721","Sheridan",-95.12,NA,1974-01-14,392748100102601,179,0,c(-100.175217, 39.462864),"1974","143-72",-100.175217,39.462864,97.0056763,"66-131"
"5722","Norton",-26,"ALMENA SW",1974-03-14,395215099441301,137,0,c(-99.738064, 39.870582),"1974","71-0",-99.738064,39.870582,30.3194599,"0-65"
"5723","Norton",-26.1,NA,1974-08-29,395432099384001,137,0,c(-99.645652, 39.907738),"1974","71-0",-99.645652,39.907738,54.2195244,"0-65"
"5724","Decatur",-30.78,"Jennings",1974-06-10,394248100150801,39,0,c(-100.255216, 39.712174),"1974","71-0",-100.255216,39.712174,29.5060596,"0-65"
"5725","Decatur",-135.68,NA,1974-02-07,394005100114901,39,0,c(-100.197558, 39.6675),"1974","143-72",-100.197558,39.6675,42.5311584,"0-65"
"5726","Decatur",-104.83,"Jennings",1974-02-07,394208100221101,39,0,c(-100.371819, 39.701954),"1974","143-72",-100.371819,39.701954,59.0833435,"0-65"
"5727","Norton",-25.1,"ALMENA SW",1974-08-29,395215099441301,137,0,c(-99.738064, 39.870582),"1974","71-0",-99.738064,39.870582,30.3194599,"0-65"
"5728","Norton",-21.8,NA,1974-08-08,395451099394601,137,0,c(-99.663292, 39.913872),"1974","71-0",-99.663292,39.913872,49.3509483,"0-65"
"5729","Norton",-14.7,NA,1974-03-14,395432099384001,137,0,c(-99.645652, 39.907738),"1974","71-0",-99.645652,39.907738,54.2195244,"0-65"
"5730","Decatur",-135.08,"Dresden South",1974-01-14,393709100252601,39,0,c(-100.424519, 39.620194),"1974","143-72",-100.424519,39.620194,39.8177872,"0-65"
"5731","Graham",-109.1,"Morland NE",1974-12-03,392959100073201,65,0,c(-100.124162, 39.499628),"1974","143-72",-100.124162,39.499628,131.0986176,"66-131"
"5732","Sheridan",-157.33,NA,1974-01-14,393018100194201,179,0,c(-100.329137, 39.502933),"1974","215-144",-100.329137,39.502933,43.2821312,"0-65"
"5733","Decatur",-29.17,"Jennings",1974-12-03,394248100150801,39,0,c(-100.255216, 39.712174),"1974","71-0",-100.255216,39.712174,29.5060596,"0-65"
"5734","Norton",-41.09,NA,1974-06-10,394944100043801,137,0,c(-100.077985, 39.828588),"1974","71-0",-100.077985,39.828588,41.2121658,"0-65"
"5735","Decatur",-20.39,"Clayton SW",1974-01-14,393505100115901,39,0,c(-100.199413, 39.584164),"1974","71-0",-100.199413,39.584164,18.3734512,"0-65"
"5736","Graham",-65.56,NA,1974-12-03,393229099503801,65,0,c(-99.843477, 39.541692),"1974","71-0",-99.843477,39.541692,130.1743927,"66-131"
"5737","Graham",-107.58,"Morland NE",1974-06-10,392959100073201,65,0,c(-100.124162, 39.499628),"1974","143-72",-100.124162,39.499628,131.0986176,"66-131"
"5738","Norton",-25.5,"ALMENA SW",1974-05-15,395215099441301,137,0,c(-99.738064, 39.870582),"1974","71-0",-99.738064,39.870582,30.3194599,"0-65"
"5739","Norton",-21,NA,1974-07-09,395451099394601,137,0,c(-99.663292, 39.913872),"1974","71-0",-99.663292,39.913872,49.3509483,"0-65"
"5740","Norton",-22.8,NA,1974-10-30,395451099394601,137,0,c(-99.663292, 39.913872),"1974","71-0",-99.663292,39.913872,49.3509483,"0-65"
"5741","Graham",-105.18,"Morland NE",1974-03-04,392959100073201,65,0,c(-100.124162, 39.499628),"1974","143-72",-100.124162,39.499628,131.0986176,"66-131"
"5742","Sheridan",-29.01,NA,1974-01-14,393057100221201,179,0,c(-100.370946, 39.515782),"1974","71-0",-100.370946,39.515782,30.683073,"0-65"
"5743","Decatur",-75.07,"KANONA SE",1974-01-14,394517100221801,39,0,c(-100.372856, 39.754888),"1974","143-72",-100.372856,39.754888,56.5859756,"0-65"
"5744","Decatur",-29.04,"Jennings",1974-03-04,394248100150801,39,0,c(-100.255216, 39.712174),"1974","71-0",-100.255216,39.712174,29.5060596,"0-65"
"5745","Decatur",-128.06,"Jennings",1974-01-14,393853100150901,39,0,c(-100.255116, 39.648034),"1974","143-72",-100.255116,39.648034,57.5673218,"0-65"
"5746","Decatur",-28.65,"KANONA NE",1974-02-07,395307100243001,39,0,c(-100.408921, 39.885965),"1974","71-0",-100.408921,39.885965,15.2950249,"0-65"
"5747","Norton",-23.3,NA,1974-09-24,395451099394601,137,0,c(-99.663292, 39.913872),"1974","71-0",-99.663292,39.913872,49.3509483,"0-65"
"5748","Norton",-22.2,NA,1974-12-15,395451099394601,137,0,c(-99.663292, 39.913872),"1974","71-0",-99.663292,39.913872,49.3509483,"0-65"
"5749","Norton",-17.1,"ALMENA",1974-03-14,395451099384001,137,0,c(-99.644477, 39.913933),"1974","71-0",-99.644477,39.913933,53.6603279,"0-65"
"5750","Norton",-24.8,"ALMENA SW",1974-08-06,395215099441301,137,0,c(-99.738064, 39.870582),"1974","71-0",-99.738064,39.870582,30.3194599,"0-65"
"5751","Norton",-20.6,NA,1974-03-14,395451099394601,137,0,c(-99.663292, 39.913872),"1974","71-0",-99.663292,39.913872,49.3509483,"0-65"
"5752","Norton",-20.9,NA,1974-05-15,395451099394601,137,0,c(-99.663292, 39.913872),"1974","71-0",-99.663292,39.913872,49.3509483,"0-65"
"5753","Norton",-14.7,NA,1974-06-12,395432099384001,137,0,c(-99.645652, 39.907738),"1974","71-0",-99.645652,39.907738,54.2195244,"0-65"
"5754","Norton",-18.2,NA,1974-03-14,395425099393001,137,0,c(-99.658638, 39.90667),"1974","71-0",-99.658638,39.90667,52.931469,"0-65"
"5755","Decatur",-32.44,"Jennings",1974-09-09,394248100150801,39,0,c(-100.255216, 39.712174),"1974","71-0",-100.255216,39.712174,29.5060596,"0-65"
"5756","Norton",-24.7,"ALMENA SW",1974-07-09,395215099441301,137,0,c(-99.738064, 39.870582),"1974","71-0",-99.738064,39.870582,30.3194599,"0-65"
"5757","Decatur",-29.88,"KANONA NE",1974-01-15,395740100161901,39,0,c(-100.27587, 39.960912),"1974","71-0",-100.27587,39.960912,34.3182297,"0-65"
"5758","Norton",-20.1,NA,1974-12-15,395432099384001,137,0,c(-99.645652, 39.907738),"1974","71-0",-99.645652,39.907738,54.2195244,"0-65"
"5759","Decatur",-17.28,"Jennings",1974-02-07,394005100215501,39,0,c(-100.36619, 39.668615),"1974","71-0",-100.36619,39.668615,17.8701954,"0-65"
"5760","Decatur",-103.55,"Allison",1974-01-14,393557100214701,39,0,c(-100.364918, 39.598674),"1974","143-72",-100.364918,39.598674,15.7914267,"0-65"
"5761","Sheridan",-20.41,"Allison",1974-01-14,393228100211301,179,0,c(-100.352917, 39.541604),"1974","71-0",-100.352917,39.541604,29.0860653,"0-65"
"5762","Decatur",-127.76,"KANONA SE",1974-01-14,394544100172202,39,0,c(-100.292057, 39.761785),"1974","143-72",-100.292057,39.761785,39.9120979,"0-65"
"5763","Decatur",-87.1,"LYLE",1974-01-15,395358100124001,39,0,c(-100.214015, 39.899435),"1974","143-72",-100.214015,39.899435,35.0708809,"0-65"
"5764","Decatur",-32.37,"KANONA NE",1974-09-09,395740100161901,39,0,c(-100.27587, 39.960912),"1974","71-0",-100.27587,39.960912,34.3182297,"0-65"
"5765","Norton",-22.2,NA,1974-08-06,395432099384001,137,0,c(-99.645652, 39.907738),"1974","71-0",-99.645652,39.907738,54.2195244,"0-65"
"5766","Norton",-17,"ALMENA",1974-06-12,395451099384001,137,0,c(-99.644477, 39.913933),"1974","71-0",-99.644477,39.913933,53.6603279,"0-65"
"5767","Norton",-27.7,"ALMENA",1974-10-30,395451099384001,137,0,c(-99.644477, 39.913933),"1974","71-0",-99.644477,39.913933,53.6603279,"0-65"
"5768","Norton",-23,NA,1974-08-29,395451099394601,137,0,c(-99.663292, 39.913872),"1974","71-0",-99.663292,39.913872,49.3509483,"0-65"
"5769","Sheridan",-32.84,NA,1974-01-14,393314100190001,179,0,c(-100.316869, 39.553654),"1974","71-0",-100.316869,39.553654,37.3291054,"0-65"
"5770","Graham",-110.17,"Morland NE",1974-09-09,392959100073201,65,0,c(-100.124162, 39.499628),"1974","143-72",-100.124162,39.499628,131.0986176,"66-131"
"5771","Sheridan",-127.01,"Hoxie NE",1974-01-14,392847100152601,179,0,c(-100.259115, 39.479903),"1974","143-72",-100.259115,39.479903,75.11586,"66-131"
"5772","Norton",-21.1,NA,1974-06-12,395451099394601,137,0,c(-99.663292, 39.913872),"1974","71-0",-99.663292,39.913872,49.3509483,"0-65"
"5773","Norton",-25,NA,1974-09-24,395432099384001,137,0,c(-99.645652, 39.907738),"1974","71-0",-99.645652,39.907738,54.2195244,"0-65"
"5774","Decatur",-29.09,"Jennings",1974-01-14,394248100150801,39,0,c(-100.255216, 39.712174),"1974","71-0",-100.255216,39.712174,29.5060596,"0-65"
"5775","Decatur",-15.76,"Jennings",1974-01-14,394110100163301,39,0,c(-100.280217, 39.685494),"1974","71-0",-100.280217,39.685494,46.6111755,"0-65"
"5776","Norton",-24.8,"ALMENA SW",1974-06-12,395215099441301,137,0,c(-99.738064, 39.870582),"1974","71-0",-99.738064,39.870582,30.3194599,"0-65"
"5777","Norton",-26.1,"ALMENA SW",1974-12-15,395215099441301,137,0,c(-99.738064, 39.870582),"1974","71-0",-99.738064,39.870582,30.3194599,"0-65"
"5778","Norton",-40.79,NA,1974-09-09,394944100043801,137,0,c(-100.077985, 39.828588),"1974","71-0",-100.077985,39.828588,41.2121658,"0-65"
"5779","Norton",-15.7,NA,1974-07-09,395432099384001,137,0,c(-99.645652, 39.907738),"1974","71-0",-99.645652,39.907738,54.2195244,"0-65"
"5780","Norton",-22.1,NA,1974-10-30,395432099384001,137,0,c(-99.645652, 39.907738),"1974","71-0",-99.645652,39.907738,54.2195244,"0-65"
"5781","Decatur",-18.23,"Clayton SW",1974-01-14,393407100143101,39,0,c(-100.245815, 39.568914),"1974","71-0",-100.245815,39.568914,57.1275864,"0-65"
"5782","Norton",-16,NA,1974-05-15,395432099384001,137,0,c(-99.645652, 39.907738),"1974","71-0",-99.645652,39.907738,54.2195244,"0-65"
"5783","Norton",-40.86,NA,1974-12-03,394944100043801,137,0,c(-100.077985, 39.828588),"1974","71-0",-100.077985,39.828588,41.2121658,"0-65"
"5784","Norton",-17.9,NA,1974-06-12,395425099393001,137,0,c(-99.658638, 39.90667),"1974","71-0",-99.658638,39.90667,52.931469,"0-65"
"5785","Norton",-25.5,"ALMENA SW",1974-09-24,395215099441301,137,0,c(-99.738064, 39.870582),"1974","71-0",-99.738064,39.870582,30.3194599,"0-65"
"5786","Norton",-25.9,"ALMENA SW",1974-10-30,395215099441301,137,0,c(-99.738064, 39.870582),"1974","71-0",-99.738064,39.870582,30.3194599,"0-65"
"5787","Norton",-40.79,NA,1974-03-04,394944100043801,137,0,c(-100.077985, 39.828588),"1974","71-0",-100.077985,39.828588,41.2121658,"0-65"
"5788","Norton",-23,NA,1974-10-30,395425099393001,137,0,c(-99.658638, 39.90667),"1974","71-0",-99.658638,39.90667,52.931469,"0-65"
"5789","Osborne",-19.19,NA,1974-12-02,392736099005901,141,0,c(-99.016706, 39.45962),"1974","71-0",-99.016706,39.45962,NA,NA
"5790","Osborne",-16.1,NA,1974-03-14,392845098525002,141,0,c(-98.879875, 39.479823),"1974","71-0",-98.879875,39.479823,NA,NA
"5791","Smith",-11.37,"KIRWIN",1974-10-30,393940099035501,183,0,c(-99.066213, 39.660449),"1974","71-0",-99.066213,39.660449,NA,NA
"5792","Smith",-7.23,"GAYLORD",1974-10-30,393847098503501,183,0,c(-98.841664, 39.642841),"1974","71-0",-98.841664,39.642841,NA,NA
"5793","Smith",-9.95,NA,1974-08-01,393844098525301,183,0,c(-98.881461, 39.645824),"1974","71-0",-98.881461,39.645824,NA,NA
"5794","Osborne",-14.6,NA,1974-10-22,392756098595201,141,0,c(-98.998044, 39.464976),"1974","71-0",-98.998044,39.464976,NA,NA
"5795","Rooks",-16.2,NA,1974-03-13,392730099035001,163,0,c(-99.064575, 39.458018),"1974","71-0",-99.064575,39.458018,NA,NA
"5796","Osborne",-12.9,NA,1974-10-22,392832098525002,141,0,c(-98.879875, 39.476161),"1974","71-0",-98.879875,39.476161,NA,NA
"5797","Osborne",-21.2,NA,1974-06-06,392736099005901,141,0,c(-99.016706, 39.45962),"1974","71-0",-99.016706,39.45962,NA,NA
"5798","Osborne",-32.3,NA,1974-03-13,392815098572101,141,0,c(-98.955912, 39.470515),"1974","71-0",-98.955912,39.470515,NA,NA
"5799","Osborne",-31.5,NA,1974-03-13,392832098562701,141,0,c(-98.940409, 39.47523),"1974","71-0",-98.940409,39.47523,NA,NA
"5800","Osborne",-12.15,"Alton",1974-10-30,392845098544701,141,0,c(-98.913972, 39.480567),"1974","71-0",-98.913972,39.480567,NA,NA
"5801","Osborne",-5.9,NA,1974-08-05,392756098524602,141,0,c(-98.878654, 39.466105),"1974","71-0",-98.878654,39.466105,NA,NA
"5802","Phillips",-19.5,NA,1974-09-24,395820099295901,147,0,c(-99.498246, 39.971949),"1974","71-0",-99.498246,39.971949,30.8382683,"0-65"
"5803","Smith",-8.33,NA,1974-03-14,393936098511301,183,0,c(-98.851285, 39.661541),"1974","71-0",-98.851285,39.661541,NA,NA
"5804","Osborne",-14.5,NA,1974-08-05,392756098595201,141,0,c(-98.998044, 39.464976),"1974","71-0",-98.998044,39.464976,NA,NA
"5805","Rooks",-12.4,NA,1974-08-05,392730099035001,163,0,c(-99.064575, 39.458018),"1974","71-0",-99.064575,39.458018,NA,NA
"5806","Osborne",-8.8,NA,1974-08-05,392806098544701,141,0,c(-98.912836, 39.468333),"1974","71-0",-98.912836,39.468333,NA,NA
"5807","Rooks",-34.5,NA,1974-08-05,392736099044901,163,0,c(-99.080735, 39.459971),"1974","71-0",-99.080735,39.459971,NA,NA
"5808","Osborne",-16,NA,1974-08-05,392743099002601,141,0,c(-99.007307, 39.461375),"1974","71-0",-99.007307,39.461375,NA,NA
"5809","Osborne",-17.45,NA,1974-10-30,392743099002601,141,0,c(-99.007307, 39.461375),"1974","71-0",-99.007307,39.461375,NA,NA
"5810","Osborne",-12.3,"ALTON",1974-03-14,392819098535701,141,0,c(-98.898598, 39.472056),"1974","71-0",-98.898598,39.472056,NA,NA
"5811","Osborne",-15,NA,1974-10-30,392845098525002,141,0,c(-98.879875, 39.479823),"1974","71-0",-98.879875,39.479823,NA,NA
"5812","Phillips",-17.8,NA,1974-08-06,395820099295901,147,0,c(-99.498246, 39.971949),"1974","71-0",-99.498246,39.971949,30.8382683,"0-65"
"5813","Rooks",-17,NA,1974-10-22,392730099035001,163,0,c(-99.064575, 39.458018),"1974","71-0",-99.064575,39.458018,NA,NA
"5814","Osborne",-19.2,NA,1974-08-05,392806098535701,141,0,c(-98.898598, 39.468531),"1974","71-0",-98.898598,39.468531,NA,NA
"5815","Osborne",-33.1,"BLOOMINGTON",1974-03-14,392832098512701,141,0,c(-98.856604, 39.476359),"1974","71-0",-98.856604,39.476359,NA,NA
"5816","Osborne",-24.5,NA,1974-03-13,392806098562701,141,0,c(-98.940608, 39.467875),"1974","71-0",-98.940608,39.467875,NA,NA
"5817","Osborne",-17.3,NA,1974-03-13,392743099002601,141,0,c(-99.007307, 39.461375),"1974","71-0",-99.007307,39.461375,NA,NA
"5818","Osborne",-28.9,NA,1974-10-22,392819098561001,141,0,c(-98.935786, 39.471583),"1974","71-0",-98.935786,39.471583,NA,NA
"5819","Osborne",-10.5,"Alton",1974-03-14,392845098544701,141,0,c(-98.913972, 39.480567),"1974","71-0",-98.913972,39.480567,NA,NA
"5820","Osborne",-6.5,"Alton",1974-08-01,392845098544701,141,0,c(-98.913972, 39.480567),"1974","71-0",-98.913972,39.480567,NA,NA
"5821","Osborne",-30.5,NA,1974-08-05,392752098502101,141,0,c(-98.837744, 39.465465),"1974","71-0",-98.837744,39.465465,NA,NA
"5822","Smith",-9.48,"GAYLORD",1974-08-01,393847098503501,183,0,c(-98.841664, 39.642841),"1974","71-0",-98.841664,39.642841,NA,NA
"5823","Osborne",-20,NA,1974-03-14,392818098502101,141,0,c(-98.837805, 39.472744),"1974","71-0",-98.837805,39.472744,NA,NA
"5824","Osborne",-5.1,NA,1974-03-14,392756098524602,141,0,c(-98.878654, 39.466105),"1974","71-0",-98.878654,39.466105,NA,NA
"5825","Phillips",-18.9,NA,1974-12-15,395820099295901,147,0,c(-99.498246, 39.971949),"1974","71-0",-99.498246,39.971949,30.8382683,"0-65"
"5826","Smith",-24.35,NA,1974-03-12,393834098530601,183,0,c(-98.88494, 39.643154),"1974","71-0",-98.88494,39.643154,NA,NA
"5827","Smith",-24.68,NA,1974-03-14,393828098530601,183,0,c(-98.88494, 39.641338),"1974","71-0",-98.88494,39.641338,NA,NA
"5828","Smith",-24.6,NA,1974-08-01,393828098530601,183,0,c(-98.88494, 39.641338),"1974","71-0",-98.88494,39.641338,NA,NA
"5829","Rooks",-21.2,NA,1974-05-14,392743099035001,163,0,c(-99.064453, 39.461695),"1974","71-0",-99.064453,39.461695,NA,NA
"5830","Osborne",-20.2,NA,1974-10-30,392805098512701,141,0,c(-98.856604, 39.469111),"1974","71-0",-98.856604,39.469111,NA,NA
"5831","Osborne",-17.14,NA,1974-09-13,392736099005901,141,0,c(-99.016706, 39.45962),"1974","71-0",-99.016706,39.45962,NA,NA
"5832","Rooks",-35.5,NA,1974-03-13,392736099044901,163,0,c(-99.080735, 39.459971),"1974","71-0",-99.080735,39.459971,NA,NA
"5833","Phillips",-18.1,NA,1974-08-29,395820099295901,147,0,c(-99.498246, 39.971949),"1974","71-0",-99.498246,39.971949,30.8382683,"0-65"
"5834","Smith",-16.88,"CEDAR",1974-08-01,393920098553701,183,0,c(-98.925888, 39.654953),"1974","71-0",-98.925888,39.654953,NA,NA
"5835","Smith",-5.33,NA,1974-08-01,393936098511301,183,0,c(-98.851285, 39.661541),"1974","71-0",-98.851285,39.661541,NA,NA
"5836","Smith",-28.05,"CEDAR",1974-03-14,393844098550701,183,0,c(-98.918922, 39.645824),"1974","71-0",-98.918922,39.645824,NA,NA
"5837","Smith",-23.3,"CEDAR",1974-08-01,393844098550701,183,0,c(-98.918922, 39.645824),"1974","71-0",-98.918922,39.645824,NA,NA
"5838","Smith",-26.8,"CEDAR",1974-10-30,393844098550701,183,0,c(-98.918922, 39.645824),"1974","71-0",-98.918922,39.645824,NA,NA
"5839","Rooks",-16.92,NA,1974-10-30,392730099035001,163,0,c(-99.064575, 39.458018),"1974","71-0",-99.064575,39.458018,NA,NA
"5840","Osborne",-14.8,"ALTON",1974-08-05,392819098535701,141,0,c(-98.898598, 39.472056),"1974","71-0",-98.898598,39.472056,NA,NA
"5841","Osborne",-7,"ALTON",1974-03-14,392845098534001,141,0,c(-98.893914, 39.479243),"1974","71-0",-98.893914,39.479243,NA,NA
"5842","Phillips",-20.2,NA,1974-05-15,395820099295901,147,0,c(-99.498246, 39.971949),"1974","71-0",-99.498246,39.971949,30.8382683,"0-65"
"5843","Smith",-22.08,NA,1974-10-30,393910098561401,183,0,c(-98.937615, 39.653011),"1974","71-0",-98.937615,39.653011,NA,NA
"5844","Smith",-22.96,"Cedar",1974-10-30,393937098593701,183,0,c(-98.99203, 39.660011),"1974","71-0",-98.99203,39.660011,NA,NA
"5845","Osborne",-32.4,NA,1974-03-14,392805098491401,141,0,c(-98.819448, 39.468807),"1974","71-0",-98.819448,39.468807,NA,NA
"5846","Osborne",-20.3,NA,1974-08-05,392805098512701,141,0,c(-98.856604, 39.469111),"1974","71-0",-98.856604,39.469111,NA,NA
"5847","Osborne",-20.25,NA,1974-03-07,392736099005901,141,0,c(-99.016706, 39.45962),"1974","71-0",-99.016706,39.45962,NA,NA
"5848","Osborne",-24.25,NA,1974-10-30,392819098564401,141,0,c(-98.945231, 39.471522),"1974","71-0",-98.945231,39.471522,NA,NA
"5849","Osborne",-26.3,NA,1974-03-13,392753099011201,141,0,c(-99.020185, 39.464076),"1974","71-0",-99.020185,39.464076,NA,NA
"5850","Smith",-16.23,"KIRWIN",1974-08-01,393937099002701,183,0,c(-99.010181, 39.66167),"1974","71-0",-99.010181,39.66167,NA,NA
"5851","Osborne",-31.38,"BLOOMINGTON",1974-10-30,392832098512701,141,0,c(-98.856604, 39.476359),"1974","71-0",-98.856604,39.476359,NA,NA
"5852","Smith",-25.57,NA,1974-10-30,393805098514701,183,0,c(-98.86508, 39.634681),"1974","71-0",-98.86508,39.634681,NA,NA
"5853","Smith",-10.37,"KIRWIN",1974-03-12,393940099035501,183,0,c(-99.066213, 39.660449),"1974","71-0",-99.066213,39.660449,NA,NA
"5854","Smith",-9.5,NA,1974-10-30,393936098511301,183,0,c(-98.851285, 39.661541),"1974","71-0",-98.851285,39.661541,NA,NA
"5855","Smith",-25.35,NA,1974-10-30,393828098530601,183,0,c(-98.88494, 39.641338),"1974","71-0",-98.88494,39.641338,NA,NA
"5856","Osborne",-14.8,NA,1974-08-05,392806098525101,141,0,c(-98.879875, 39.468806),"1974","71-0",-98.879875,39.468806,NA,NA
"5857","Osborne",-31.72,NA,1974-10-30,392819098584101,141,0,c(-98.978191, 39.471354),"1974","71-0",-98.978191,39.471354,NA,NA
"5858","Osborne",-25.2,NA,1974-08-05,392806098562701,141,0,c(-98.940608, 39.467875),"1974","71-0",-98.940608,39.467875,NA,NA
"5859","Osborne",-12.7,NA,1974-03-14,392832098525002,141,0,c(-98.879875, 39.476161),"1974","71-0",-98.879875,39.476161,NA,NA
"5860","Osborne",-17.5,NA,1974-10-22,392743099002601,141,0,c(-99.007307, 39.461375),"1974","71-0",-99.007307,39.461375,NA,NA
"5861","Osborne",-12.3,"Alton",1974-10-22,392845098544701,141,0,c(-98.913972, 39.480567),"1974","71-0",-98.913972,39.480567,NA,NA
"5862","Osborne",-19,NA,1974-03-13,392819098580701,141,0,c(-98.968807, 39.4714),"1974","71-0",-98.968807,39.4714,NA,NA
"5863","Osborne",-7.6,NA,1974-03-14,392756098524601,141,0,c(-98.878654, 39.466105),"1974","71-0",-98.878654,39.466105,NA,NA
"5864","Phillips",-19.6,NA,1974-03-14,395820099295901,147,0,c(-99.498246, 39.971949),"1974","71-0",-99.498246,39.971949,30.8382683,"0-65"
"5865","Phillips",-19.1,NA,1974-07-09,395820099295901,147,0,c(-99.498246, 39.971949),"1974","71-0",-99.498246,39.971949,30.8382683,"0-65"
"5866","Smith",-17.8,"CEDAR",1974-03-14,393920098553701,183,0,c(-98.925888, 39.654953),"1974","71-0",-98.925888,39.654953,NA,NA
"5867","Smith",-25.1,NA,1974-10-30,393834098530601,183,0,c(-98.88494, 39.643154),"1974","71-0",-98.88494,39.643154,NA,NA
"5868","Osborne",-20.3,NA,1974-10-22,392805098512701,141,0,c(-98.856604, 39.469111),"1974","71-0",-98.856604,39.469111,NA,NA
"5869","Osborne",-31.2,NA,1974-03-13,392819098584101,141,0,c(-98.978191, 39.471354),"1974","71-0",-98.978191,39.471354,NA,NA
"5870","Osborne",-20.4,NA,1974-03-13,392740098564401,141,0,c(-98.945414, 39.460627),"1974","71-0",-98.945414,39.460627,NA,NA
"5871","Smith",-16.4,"KIRWIN",1974-10-30,393937099002701,183,0,c(-99.010181, 39.66167),"1974","71-0",-99.010181,39.66167,NA,NA
"5872","Phillips",-16.53,NA,1974-10-30,394016099051401,147,0,c(-99.084937, 39.670711),"1974","71-0",-99.084937,39.670711,NA,NA
"5873","Rooks",-18,NA,1974-03-13,392743099035001,163,0,c(-99.064453, 39.461695),"1974","71-0",-99.064453,39.461695,NA,NA
"5874","Osborne",-20.5,NA,1974-03-14,392805098512701,141,0,c(-98.856604, 39.469111),"1974","71-0",-98.856604,39.469111,NA,NA
"5875","Osborne",-27.2,NA,1974-08-05,392819098584101,141,0,c(-98.978191, 39.471354),"1974","71-0",-98.978191,39.471354,NA,NA
"5876","Osborne",-26.2,"BLOOMINGTON",1974-08-05,392832098512701,141,0,c(-98.856604, 39.476359),"1974","71-0",-98.856604,39.476359,NA,NA
"5877","Osborne",-12.8,NA,1974-08-05,392832098525002,141,0,c(-98.879875, 39.476161),"1974","71-0",-98.879875,39.476161,NA,NA
"5878","Osborne",-23.8,NA,1974-08-05,392740098564401,141,0,c(-98.945414, 39.460627),"1974","71-0",-98.945414,39.460627,NA,NA
"5879","Osborne",-21.7,NA,1974-08-05,392819098561001,141,0,c(-98.935786, 39.471583),"1974","71-0",-98.935786,39.471583,NA,NA
"5880","Phillips",-18.8,NA,1974-10-30,395820099295901,147,0,c(-99.498246, 39.971949),"1974","71-0",-99.498246,39.971949,30.8382683,"0-65"
"5881","Phillips",-14.7,NA,1974-08-01,394016099051401,147,0,c(-99.084937, 39.670711),"1974","71-0",-99.084937,39.670711,NA,NA
"5882","Osborne",-15.2,NA,1974-03-14,392806098525101,141,0,c(-98.879875, 39.468806),"1974","71-0",-98.879875,39.468806,NA,NA
"5883","Osborne",-17.5,NA,1974-03-14,392806098535701,141,0,c(-98.898598, 39.468531),"1974","71-0",-98.898598,39.468531,NA,NA
"5884","Osborne",-12.83,NA,1974-10-30,392832098525002,141,0,c(-98.879875, 39.476161),"1974","71-0",-98.879875,39.476161,NA,NA
"5885","Osborne",-21.7,NA,1974-10-22,392832098562701,141,0,c(-98.940409, 39.47523),"1974","71-0",-98.940409,39.47523,NA,NA
"5886","Osborne",-21.55,NA,1974-10-30,392832098562701,141,0,c(-98.940409, 39.47523),"1974","71-0",-98.940409,39.47523,NA,NA
"5887","Osborne",-17.13,NA,1974-10-30,392818098502101,141,0,c(-98.837805, 39.472744),"1974","71-0",-98.837805,39.472744,NA,NA
"5888","Osborne",-22.5,NA,1974-03-13,392819098561001,141,0,c(-98.935786, 39.471583),"1974","71-0",-98.935786,39.471583,NA,NA
"5889","Osborne",-26.6,NA,1974-08-05,392753099011201,141,0,c(-99.020185, 39.464076),"1974","71-0",-99.020185,39.464076,NA,NA
"5890","Osborne",-24.75,NA,1974-10-30,392753099011201,141,0,c(-99.020185, 39.464076),"1974","71-0",-99.020185,39.464076,NA,NA
"5891","Phillips",-20,NA,1974-06-17,395820099295901,147,0,c(-99.498246, 39.971949),"1974","71-0",-99.498246,39.971949,30.8382683,"0-65"
"5892","Smith",-8.23,"GAYLORD",1974-03-12,393847098503501,183,0,c(-98.841664, 39.642841),"1974","71-0",-98.841664,39.642841,NA,NA
"5893","Smith",-10.37,NA,1974-10-30,393844098525301,183,0,c(-98.881461, 39.645824),"1974","71-0",-98.881461,39.645824,NA,NA
"5894","Rooks",-18.1,NA,1974-08-05,392743099035001,163,0,c(-99.064453, 39.461695),"1974","71-0",-99.064453,39.461695,NA,NA
"5895","Osborne",-7.2,NA,1974-03-14,392806098544701,141,0,c(-98.912836, 39.468333),"1974","71-0",-98.912836,39.468333,NA,NA
"5896","Osborne",-31.4,"BLOOMINGTON",1974-10-22,392832098512701,141,0,c(-98.856604, 39.476359),"1974","71-0",-98.856604,39.476359,NA,NA
"5897","Osborne",-21.8,NA,1974-08-05,392832098562701,141,0,c(-98.940409, 39.47523),"1974","71-0",-98.940409,39.47523,NA,NA
"5898","Osborne",-25,NA,1974-08-05,392819098564401,141,0,c(-98.945231, 39.471522),"1974","71-0",-98.945231,39.471522,NA,NA
"5899","Osborne",-24.9,NA,1974-10-22,392753099011201,141,0,c(-99.020185, 39.464076),"1974","71-0",-99.020185,39.464076,NA,NA
"5900","Osborne",-7.9,NA,1974-08-05,392756098524601,141,0,c(-98.878654, 39.466105),"1974","71-0",-98.878654,39.466105,NA,NA
"5901","Osborne",-16.4,NA,1974-10-22,392818098502101,141,0,c(-98.837805, 39.472744),"1974","71-0",-98.837805,39.472744,NA,NA
"5902","Osborne",-15.1,NA,1974-10-22,392845098525002,141,0,c(-98.879875, 39.479823),"1974","71-0",-98.879875,39.479823,NA,NA
"5903","Osborne",-4.1,"ALTON",1974-08-05,392845098534001,141,0,c(-98.893914, 39.479243),"1974","71-0",-98.893914,39.479243,NA,NA
"5904","Osborne",-12.8,NA,1974-08-05,392819098580701,141,0,c(-98.968807, 39.4714),"1974","71-0",-98.968807,39.4714,NA,NA
"5905","Osborne",-3.9,NA,1974-08-05,392749098524701,141,0,c(-98.878776, 39.464289),"1974","71-0",-98.878776,39.464289,NA,NA
"5906","Smith",-7.92,"CEDAR",1974-03-12,393924098592001,183,0,c(-98.991374, 39.658172),"1974","71-0",-98.991374,39.658172,NA,NA
"5907","Smith",-10.95,"KIRWIN",1974-08-01,393940099035501,183,0,c(-99.066213, 39.660449),"1974","71-0",-99.066213,39.660449,NA,NA
"5908","Smith",-24.88,"Cedar",1974-08-01,393937098593701,183,0,c(-98.99203, 39.660011),"1974","71-0",-98.99203,39.660011,NA,NA
"5909","Osborne",-15.4,NA,1974-03-13,392756098595201,141,0,c(-98.998044, 39.464976),"1974","71-0",-98.998044,39.464976,NA,NA
"5910","Osborne",-15.33,NA,1974-10-30,392756098595201,141,0,c(-98.998044, 39.464976),"1974","71-0",-98.998044,39.464976,NA,NA
"5911","Rooks",-18.5,NA,1974-10-22,392743099035001,163,0,c(-99.064453, 39.461695),"1974","71-0",-99.064453,39.461695,NA,NA
"5912","Osborne",-16,NA,1974-08-05,392845098525002,141,0,c(-98.879875, 39.479823),"1974","71-0",-98.879875,39.479823,NA,NA
"5913","Osborne",-24.7,NA,1974-03-13,392819098564401,141,0,c(-98.945231, 39.471522),"1974","71-0",-98.945231,39.471522,NA,NA
"5914","Osborne",-8.33,"ALTON",1974-10-22,392845098534001,141,0,c(-98.893914, 39.479243),"1974","71-0",-98.893914,39.479243,NA,NA
"5915","Osborne",-2.6,NA,1974-03-14,392749098524701,141,0,c(-98.878776, 39.464289),"1974","71-0",-98.878776,39.464289,NA,NA
"5916","Osborne",-29.5,NA,1974-03-14,392752098502101,141,0,c(-98.837744, 39.465465),"1974","71-0",-98.837744,39.465465,NA,NA
"5917","Smith",-17.22,"CEDAR",1974-10-30,393920098553701,183,0,c(-98.925888, 39.654953),"1974","71-0",-98.925888,39.654953,NA,NA
"5918","Smith",-8,"CEDAR",1974-08-01,393924098592001,183,0,c(-98.991374, 39.658172),"1974","71-0",-98.991374,39.658172,NA,NA
"5919","Smith",-6.75,"CEDAR",1974-10-30,393924098592001,183,0,c(-98.991374, 39.658172),"1974","71-0",-98.991374,39.658172,NA,NA
"5920","Smith",-17.4,"KIRWIN",1974-03-12,393937099002701,183,0,c(-99.010181, 39.66167),"1974","71-0",-99.010181,39.66167,NA,NA
"5921","Smith",-23.75,NA,1974-03-14,393910098561401,183,0,c(-98.937615, 39.653011),"1974","71-0",-98.937615,39.653011,NA,NA
"5922","Smith",-22.92,NA,1974-08-01,393910098561401,183,0,c(-98.937615, 39.653011),"1974","71-0",-98.937615,39.653011,NA,NA
"5923","Smith",-26.05,"Cedar",1974-03-12,393937098593701,183,0,c(-98.99203, 39.660011),"1974","71-0",-98.99203,39.660011,NA,NA
"5924","Smith",-9.87,NA,1974-03-12,393844098525301,183,0,c(-98.881461, 39.645824),"1974","71-0",-98.881461,39.645824,NA,NA
"5925","Smith",-23.35,NA,1974-08-01,393834098530601,183,0,c(-98.88494, 39.643154),"1974","71-0",-98.88494,39.643154,NA,NA
"5926","Osborne",-22.23,"Portis",1974-03-07,393038098374501,141,0,c(-98.631187, 39.509991),"1974","71-0",-98.631187,39.509991,NA,NA
"5927","Smith",-20.72,"Harlan",1974-08-01,393524098470501,183,0,c(-98.785632, 39.589454),"1974","71-0",-98.785632,39.589454,NA,NA
"5928","Smith",-12.88,NA,1974-03-14,393712098482501,183,0,c(-98.806491, 39.620342),"1974","71-0",-98.806491,39.620342,NA,NA
"5929","Osborne",-16.23,"PORTIS",1974-03-07,393301098422901,141,0,c(-98.710373, 39.551601),"1974","71-0",-98.710373,39.551601,NA,NA
"5930","Osborne",-42.7,NA,1974-03-14,392726098444401,141,0,c(-98.747713, 39.458202),"1974","71-0",-98.747713,39.458202,NA,NA
"5931","Smith",-21.28,NA,1974-08-01,393540098480801,183,0,c(-98.804164, 39.595691),"1974","71-0",-98.804164,39.595691,NA,NA
"5932","Smith",-11.4,NA,1974-03-14,393738098480801,183,0,c(-98.801746, 39.627605),"1974","71-0",-98.801746,39.627605,NA,NA
"5933","Smith",-8,"HARLAN",1974-03-14,393425098471401,183,0,c(-98.786609, 39.574184),"1974","71-0",-98.786609,39.574184,NA,NA
"5934","Smith",-26.8,"HARLAN",1974-10-30,393448098470101,183,0,c(-98.783191, 39.580593),"1974","71-0",-98.783191,39.580593,NA,NA
"5935","Osborne",-24.17,NA,1974-08-01,393225098422501,141,0,c(-98.711403, 39.541431),"1974","71-0",-98.711403,39.541431,NA,NA
"5936","Osborne",-16.59,"PORTIS",1974-12-02,393301098422901,141,0,c(-98.710373, 39.551601),"1974","71-0",-98.710373,39.551601,NA,NA
"5937","Smith",-22.13,"HARLAN",1974-08-01,393448098470101,183,0,c(-98.783191, 39.580593),"1974","71-0",-98.783191,39.580593,NA,NA
"5938","Osborne",-16.14,"PORTIS",1974-09-13,393301098422901,141,0,c(-98.710373, 39.551601),"1974","71-0",-98.710373,39.551601,NA,NA
"5939","Osborne",-50.38,"Bloomington",1974-10-30,392739098465901,141,0,c(-98.783962, 39.460288),"1974","71-0",-98.783962,39.460288,NA,NA
"5940","Osborne",-23.25,"Portis",1974-09-13,393038098374501,141,0,c(-98.631187, 39.509991),"1974","71-0",-98.631187,39.509991,NA,NA
"5941","Osborne",-11.5,NA,1974-03-14,393330098355901,141,0,c(-98.7112, 39.55961),"1974","71-0",-98.7112,39.55961,NA,NA
"5942","Osborne",-23.42,NA,1974-03-14,393225098422501,141,0,c(-98.711403, 39.541431),"1974","71-0",-98.711403,39.541431,NA,NA
"5943","Osborne",-49.4,"Bloomington",1974-08-05,392739098465901,141,0,c(-98.783962, 39.460288),"1974","71-0",-98.783962,39.460288,NA,NA
"5944","Smith",-25.13,"Harlan",1974-03-14,393524098470501,183,0,c(-98.785632, 39.589454),"1974","71-0",-98.785632,39.589454,NA,NA
"5945","Osborne",-16.2,"PORTIS",1974-08-01,393251098422501,141,0,c(-98.711502, 39.547172),"1974","71-0",-98.711502,39.547172,NA,NA
"5946","Osborne",-21.98,"Portis",1974-06-06,393038098374501,141,0,c(-98.631187, 39.509991),"1974","71-0",-98.631187,39.509991,NA,NA
"5947","Osborne",-25.7,NA,1974-03-14,392729098454701,141,0,c(-98.765308, 39.458904),"1974","71-0",-98.765308,39.458904,NA,NA
"5948","Smith",-19.7,NA,1974-10-30,393540098480801,183,0,c(-98.804164, 39.595691),"1974","71-0",-98.804164,39.595691,NA,NA
"5949","Smith",-9.15,NA,1974-10-30,393422098450301,183,0,c(-98.750459, 39.57304),"1974","71-0",-98.750459,39.57304,NA,NA
"5950","Osborne",-53.6,"Bloomington",1974-03-14,392739098465901,141,0,c(-98.783962, 39.460288),"1974","71-0",-98.783962,39.460288,NA,NA
"5951","Smith",-11.23,NA,1974-10-30,393738098480801,183,0,c(-98.801746, 39.627605),"1974","71-0",-98.801746,39.627605,NA,NA
"5952","Mitchell",-31.3,"GLEN ELDER SOUTH",1974-03-27,392853098155301,123,0,c(-98.26553, 39.481318),"1974","71-0",-98.26553,39.481318,NA,NA
"5953","Smith",-20.38,"HARLAN",1974-03-14,393448098470101,183,0,c(-98.783191, 39.580593),"1974","71-0",-98.783191,39.580593,NA,NA
"5954","Smith",-7.98,NA,1974-03-14,393422098450301,183,0,c(-98.750459, 39.57304),"1974","71-0",-98.750459,39.57304,NA,NA
"5955","Osborne",-23.17,"Portis",1974-12-02,393038098374501,141,0,c(-98.631187, 39.509991),"1974","71-0",-98.631187,39.509991,NA,NA
"5956","Osborne",-50.4,"Bloomington",1974-10-22,392739098465901,141,0,c(-98.783962, 39.460288),"1974","71-0",-98.783962,39.460288,NA,NA
"5957","Smith",-13.3,NA,1974-10-30,393712098482501,183,0,c(-98.806491, 39.620342),"1974","71-0",-98.806491,39.620342,NA,NA
"5958","Osborne",-16.58,"PORTIS",1974-06-06,393301098422901,141,0,c(-98.710373, 39.551601),"1974","71-0",-98.710373,39.551601,NA,NA
"5959","Osborne",-42.7,NA,1974-08-05,392726098444401,141,0,c(-98.747713, 39.458202),"1974","71-0",-98.747713,39.458202,NA,NA
"5960","Osborne",-24.3,NA,1974-08-05,392729098454701,141,0,c(-98.765308, 39.458904),"1974","71-0",-98.765308,39.458904,NA,NA
"5961","Smith",-12.63,NA,1974-08-01,393712098482501,183,0,c(-98.806491, 39.620342),"1974","71-0",-98.806491,39.620342,NA,NA
"5962","Smith",-19.53,NA,1974-03-14,393540098480801,183,0,c(-98.804164, 39.595691),"1974","71-0",-98.804164,39.595691,NA,NA
"5963","Osborne",-16.12,"PORTIS",1974-03-14,393251098422501,141,0,c(-98.711502, 39.547172),"1974","71-0",-98.711502,39.547172,NA,NA
"5964","Osborne",-16.53,"PORTIS",1974-10-30,393251098422501,141,0,c(-98.711502, 39.547172),"1974","71-0",-98.711502,39.547172,NA,NA
"5965","Osborne",-42.2,"BLOOMINGTON",1974-03-14,392755098481901,141,0,c(-98.806675, 39.465847),"1974","71-0",-98.806675,39.465847,NA,NA
"5966","Osborne",-12.58,NA,1974-08-01,393330098355901,141,0,c(-98.7112, 39.55961),"1974","71-0",-98.7112,39.55961,NA,NA
"5967","Smith",-10.33,"HARLAN",1974-10-30,393425098471401,183,0,c(-98.786609, 39.574184),"1974","71-0",-98.786609,39.574184,NA,NA
"5968","Smith",-9.15,NA,1974-08-01,393422098450301,183,0,c(-98.750459, 39.57304),"1974","71-0",-98.750459,39.57304,NA,NA
"5969","Osborne",-24.5,NA,1974-10-30,393225098422501,141,0,c(-98.711403, 39.541431),"1974","71-0",-98.711403,39.541431,NA,NA
"5970","Clay",-3.1,"CLIFTON",1974-03-18,393341097173201,27,0,c(-97.290165, 39.560881),"1974","71-0",-97.290165,39.560881,NA,NA
"5971","Republic",-161.45,NA,1974-06-17,395952097410301,157,0,c(-97.684387, 39.9974),"1974","215-144",-97.684387,39.9974,NA,NA
"5972","Clay",-10.36,"CLAY CENTER NW",1974-12-18,392959097133801,27,0,c(-97.223994, 39.499468),"1974","71-0",-97.223994,39.499468,NA,NA
"5973","Cloud",-45.3,"Agenda",1974-12-18,393907097293701,29,0,c(-97.493478, 39.650671),"1974","71-0",-97.493478,39.650671,NA,NA
"5974","Republic",-158.43,NA,1974-03-18,395952097410301,157,0,c(-97.684387, 39.9974),"1974","215-144",-97.684387,39.9974,NA,NA
"5975","Republic",-138.95,"MUNDEN",1974-12-18,395926097363101,157,0,c(-97.609451, 39.989219),"1974","143-72",-97.609451,39.989219,NA,NA
"5976","Clay",-7.57,"CLIFTON",1974-09-18,393341097173201,27,0,c(-97.290165, 39.560881),"1974","71-0",-97.290165,39.560881,NA,NA
"5977","Clay",-4.35,"CLIFTON",1974-06-17,393341097173201,27,0,c(-97.290165, 39.560881),"1974","71-0",-97.290165,39.560881,NA,NA
"5978","Clay",-7.42,"CLIFTON",1974-12-18,393341097173201,27,0,c(-97.290165, 39.560881),"1974","71-0",-97.290165,39.560881,NA,NA
"5979","Clay",-7.8,"CLAY CENTER NW",1974-06-17,392959097133801,27,0,c(-97.223994, 39.499468),"1974","71-0",-97.223994,39.499468,NA,NA
"5980","Republic",-99.5,NA,1974-09-18,395952097410301,157,0,c(-97.684387, 39.9974),"1974","143-72",-97.684387,39.9974,NA,NA
"5981","Cloud",-43.92,"Agenda",1974-03-18,393907097293701,29,0,c(-97.493478, 39.650671),"1974","71-0",-97.493478,39.650671,NA,NA
"5982","Cloud",-44.04,"Agenda",1974-06-17,393907097293701,29,0,c(-97.493478, 39.650671),"1974","71-0",-97.493478,39.650671,NA,NA
"5983","Cloud",-48.5,"Agenda",1974-09-18,393907097293701,29,0,c(-97.493478, 39.650671),"1974","71-0",-97.493478,39.650671,NA,NA
"5984","Clay",-9.4,"CLAY CENTER NW",1974-09-18,392959097133801,27,0,c(-97.223994, 39.499468),"1974","71-0",-97.223994,39.499468,NA,NA
"5985","Clay",-6.36,"CLAY CENTER NW",1974-03-18,392959097133801,27,0,c(-97.223994, 39.499468),"1974","71-0",-97.223994,39.499468,NA,NA
"5986","Jackson",-76.4,NA,1974-06-21,393024095435701,85,0,c(-95.732805, 39.505701),"1974","143-72",-95.732805,39.505701,NA,NA
"5987","Jackson",-77.4,NA,1974-12-09,393024095435701,85,0,c(-95.732805, 39.505701),"1974","143-72",-95.732805,39.505701,NA,NA
"5988","Jackson",-76.22,NA,1974-03-15,393024095435701,85,0,c(-95.732805, 39.505701),"1974","143-72",-95.732805,39.505701,NA,NA
"5989","Jackson",-77.31,NA,1974-09-19,393024095435701,85,0,c(-95.732805, 39.505701),"1974","143-72",-95.732805,39.505701,NA,NA
