"","countyname","depth_to_water","town","date","ID","countycode","township","geometry","year","depth","lon","lat","sat","satcut"
"1","Morton",-43.38,NA,1976-01-22,370927101472401,129,0,c(-101.790299, 37.157098),"1976","71-0",-101.790299,37.157098,48.4226913,"0-65"
"2","Stevens",-94.54,NA,1976-01-22,370930101185001,189,0,c(-101.315057, 37.158091),"1976","143-72",-101.315057,37.158091,419.6160889,"393-459"
"3","Morton",-72.27,"Rolla NE",1976-01-22,371103101334301,129,0,c(-101.563638, 37.184785),"1976","143-72",-101.563638,37.184785,273.7145386,"263-328"
"4","Stevens",-186.88,NA,1976-01-21,371746101203601,189,0,c(-101.344782, 37.296243),"1976","215-144",-101.344782,37.296243,286.6643372,"263-328"
"5","Stanton",-137.53,NA,1976-01-22,372345101320801,187,0,c(-101.536087, 37.396583),"1976","143-72",-101.536087,37.396583,113.9638977,"66-131"
"6","Morton",-174.85,"Shore Airport SE",1976-01-22,372043101363101,129,0,c(-101.610442, 37.344952),"1976","215-144",-101.610442,37.344952,34.8524742,"0-65"
"7","Grant",-192.48,NA,1976-01-23,372515101235101,67,0,c(-101.397232, 37.421715),"1976","215-144",-101.397232,37.421715,147.7418823,"132-197"
"8","Grant",-188.69,NA,1976-03-09,372515101235101,67,0,c(-101.397232, 37.421715),"1976","215-144",-101.397232,37.421715,147.7418823,"132-197"
"9","Grant",-186.39,NA,1976-06-08,372515101235101,67,0,c(-101.397232, 37.421715),"1976","215-144",-101.397232,37.421715,147.7418823,"132-197"
"10","Grant",-197.9,NA,1976-09-15,372515101235101,67,0,c(-101.397232, 37.421715),"1976","215-144",-101.397232,37.421715,147.7418823,"132-197"
"11","Grant",-216.29,"Ulysses SW",1976-01-23,373009101234301,67,0,c(-101.394705, 37.503805),"1976","287-216",-101.394705,37.503805,195.8860016,"132-197"
"12","Stanton",-122.23,"Big Bow",1976-01-22,373031101350901,187,0,c(-101.585947, 37.50809),"1976","143-72",-101.585947,37.50809,157.9047699,"132-197"
"13","Stanton",-219.35,NA,1976-06-09,373018101521101,187,0,c(-101.869836, 37.506198),"1976","287-216",-101.869836,37.506198,10,"0-65"
"14","Stanton",-221.35,NA,1976-01-22,373202101523501,187,0,c(-101.876551, 37.535387),"1976","287-216",-101.876551,37.535387,10,"0-65"
"15","Grant",-186.82,NA,1976-01-21,373742101302001,67,0,c(-101.506413, 37.629336),"1976","215-144",-101.506413,37.629336,128.2467651,"66-131"
"16","Kearny",-72.05,"LAKIN SE",1976-01-16,374557101215101,93,0,c(-101.365013, 37.766161),"1976","143-72",-101.365013,37.766161,34.6219521,"0-65"
"17","Grant",-148.1,NA,1976-01-21,374142101175001,67,0,c(-101.298301, 37.695362),"1976","215-144",-101.298301,37.695362,86.9191437,"66-131"
"18","Grant",-135.77,NA,1976-03-11,374337101215501,67,0,c(-101.366294, 37.727068),"1976","143-72",-101.366294,37.727068,97.3774109,"66-131"
"19","Grant",-133.57,NA,1976-06-10,374337101215501,67,0,c(-101.366294, 37.727068),"1976","143-72",-101.366294,37.727068,97.3774109,"66-131"
"20","Grant",-163.81,NA,1976-01-22,374314101195601,67,0,c(-101.333091, 37.720706),"1976","215-144",-101.333091,37.720706,91.399559,"66-131"
"21","Stevens",-134.79,"Rolla SE",1976-01-22,370517101324601,189,0,c(-101.545538, 37.086326),"1976","143-72",-101.545538,37.086326,350.4580688,"328-393"
"22","Morton",-81.38,"Rolla NW",1976-01-22,370835101394701,129,0,c(-101.66434, 37.143245),"1976","143-72",-101.66434,37.143245,217.583252,"198-262"
"23","Morton",-81.86,"Rolla NW",1976-06-09,370835101394701,129,0,c(-101.66434, 37.143245),"1976","143-72",-101.66434,37.143245,217.583252,"198-262"
"24","Morton",-85.08,"Rolla NW",1976-09-14,370835101394701,129,0,c(-101.66434, 37.143245),"1976","143-72",-101.66434,37.143245,217.583252,"198-262"
"25","Stevens",-152.2,NA,1976-01-23,372036101320601,189,0,c(-101.53684, 37.343473),"1976","215-144",-101.53684,37.343473,104.7960129,"66-131"
"26","Stevens",-109.69,NA,1976-01-23,371845101262501,189,0,c(-101.442134, 37.312737),"1976","143-72",-101.442134,37.312737,216.9586792,"198-262"
"27","Stevens",-165.4,NA,1976-01-23,372049101282701,189,0,c(-101.476254, 37.347344),"1976","215-144",-101.476254,37.347344,123.1486282,"66-131"
"28","Stanton",-150.03,NA,1976-01-22,372336101360101,187,0,c(-101.600968, 37.393943),"1976","215-144",-101.600968,37.393943,55.2043381,"0-65"
"29","Grant",-263.91,NA,1976-01-23,372826101201102,67,0,c(-101.336123, 37.473839),"1976","287-216",-101.336123,37.473839,170.2646942,"132-197"
"30","Stanton",-123.94,"Shore Airport NE",1976-01-22,372550101333801,187,0,c(-101.561944, 37.431791),"1976","143-72",-101.561944,37.431791,118.6620026,"66-131"
"31","Grant",-147.87,NA,1976-01-05,373924101302501,67,0,c(-101.507574, 37.657457),"1976","215-144",-101.507574,37.657457,112.5698318,"66-131"
"32","Grant",-146.97,NA,1976-01-21,373924101302501,67,0,c(-101.507574, 37.657457),"1976","215-144",-101.507574,37.657457,112.5698318,"66-131"
"33","Grant",-147.75,NA,1976-02-05,373924101302501,67,0,c(-101.507574, 37.657457),"1976","215-144",-101.507574,37.657457,112.5698318,"66-131"
"34","Grant",-151.55,NA,1976-03-05,373924101302501,67,0,c(-101.507574, 37.657457),"1976","215-144",-101.507574,37.657457,112.5698318,"66-131"
"35","Grant",-153.87,NA,1976-04-05,373924101302501,67,0,c(-101.507574, 37.657457),"1976","215-144",-101.507574,37.657457,112.5698318,"66-131"
"36","Grant",-154.98,NA,1976-05-05,373924101302501,67,0,c(-101.507574, 37.657457),"1976","215-144",-101.507574,37.657457,112.5698318,"66-131"
"37","Grant",-152.28,NA,1976-06-05,373924101302501,67,0,c(-101.507574, 37.657457),"1976","215-144",-101.507574,37.657457,112.5698318,"66-131"
"38","Grant",-153.92,NA,1976-06-25,373924101302501,67,0,c(-101.507574, 37.657457),"1976","215-144",-101.507574,37.657457,112.5698318,"66-131"
"39","Grant",-156.7,NA,1976-08-05,373924101302501,67,0,c(-101.507574, 37.657457),"1976","215-144",-101.507574,37.657457,112.5698318,"66-131"
"40","Grant",-157.84,NA,1976-09-05,373924101302501,67,0,c(-101.507574, 37.657457),"1976","215-144",-101.507574,37.657457,112.5698318,"66-131"
"41","Grant",-157.73,NA,1976-10-05,373924101302501,67,0,c(-101.507574, 37.657457),"1976","215-144",-101.507574,37.657457,112.5698318,"66-131"
"42","Grant",-156.29,NA,1976-11-05,373924101302501,67,0,c(-101.507574, 37.657457),"1976","215-144",-101.507574,37.657457,112.5698318,"66-131"
"43","Grant",-154.4,NA,1976-12-05,373924101302501,67,0,c(-101.507574, 37.657457),"1976","215-144",-101.507574,37.657457,112.5698318,"66-131"
"44","Grant",-175.93,NA,1976-01-23,373220101234401,67,0,c(-101.395955, 37.539328),"1976","215-144",-101.395955,37.539328,247.8040771,"198-262"
"45","Grant",-149.31,NA,1976-01-21,373339101274901,67,0,c(-101.463704, 37.561147),"1976","215-144",-101.463704,37.561147,199.4597931,"198-262"
"46","Grant",-138.34,NA,1976-01-21,373414101285803,67,0,c(-101.483052, 37.571186),"1976","143-72",-101.483052,37.571186,176.0254517,"132-197"
"47","Grant",-139.71,NA,1976-03-11,373414101285803,67,0,c(-101.483052, 37.571186),"1976","143-72",-101.483052,37.571186,176.0254517,"132-197"
"48","Grant",-142.3,NA,1976-06-10,373414101285803,67,0,c(-101.483052, 37.571186),"1976","143-72",-101.483052,37.571186,176.0254517,"132-197"
"49","Grant",-145.96,NA,1976-09-15,373414101285803,67,0,c(-101.483052, 37.571186),"1976","215-144",-101.483052,37.571186,176.0254517,"132-197"
"50","Grant",-233.35,NA,1976-01-21,373530101154601,67,0,c(-101.264349, 37.591879),"1976","287-216",-101.264349,37.591879,175.0544434,"132-197"
"51","Grant",-236.8,NA,1976-03-09,373530101154601,67,0,c(-101.264349, 37.591879),"1976","287-216",-101.264349,37.591879,175.0544434,"132-197"
"52","Grant",-232.95,NA,1976-09-15,373530101154601,67,0,c(-101.264349, 37.591879),"1976","287-216",-101.264349,37.591879,175.0544434,"132-197"
"53","Grant",-166.93,NA,1976-01-22,374221101281501,67,0,c(-101.472549, 37.707236),"1976","215-144",-101.472549,37.707236,25.8945389,"0-65"
"54","Grant",-167.65,NA,1976-03-11,374221101281501,67,0,c(-101.472549, 37.707236),"1976","215-144",-101.472549,37.707236,25.8945389,"0-65"
"55","Grant",-176.49,NA,1976-06-10,374221101281501,67,0,c(-101.472549, 37.707236),"1976","215-144",-101.472549,37.707236,25.8945389,"0-65"
"56","Grant",-179.58,NA,1976-09-15,374221101281501,67,0,c(-101.472549, 37.707236),"1976","215-144",-101.472549,37.707236,25.8945389,"0-65"
"57","Hamilton",-135.42,"Syracuse West SW",1976-01-21,374708101562401,75,0,c(-101.941256, 37.787792),"1976","143-72",-101.941256,37.787792,25,"0-65"
"58","Hamilton",-136.44,"Syracuse West SW",1976-03-10,374708101562401,75,0,c(-101.941256, 37.787792),"1976","143-72",-101.941256,37.787792,25,"0-65"
"59","Hamilton",-125.86,"Syracuse West SW",1976-06-09,374708101562401,75,0,c(-101.941256, 37.787792),"1976","143-72",-101.941256,37.787792,25,"0-65"
"60","Stanton",-62.7,NA,1976-01-21,374105101412501,187,0,c(-101.691002, 37.685135),"1976","71-0",-101.691002,37.685135,82.1139069,"66-131"
"61","Stanton",-62.95,NA,1976-03-10,374105101412501,187,0,c(-101.691002, 37.685135),"1976","71-0",-101.691002,37.685135,82.1139069,"66-131"
"62","Stanton",-64.13,NA,1976-06-09,374105101412501,187,0,c(-101.691002, 37.685135),"1976","71-0",-101.691002,37.685135,82.1139069,"66-131"
"63","Stanton",-66.27,NA,1976-09-15,374105101412501,187,0,c(-101.691002, 37.685135),"1976","71-0",-101.691002,37.685135,82.1139069,"66-131"
"64","Grant",-129.82,NA,1976-01-22,374406101221501,67,0,c(-101.372749, 37.736037),"1976","143-72",-101.372749,37.736037,104.0755157,"66-131"
"65","Stanton",-86.02,NA,1976-01-21,374408101334101,187,0,c(-101.562522, 37.735458),"1976","143-72",-101.562522,37.735458,10,"0-65"
"66","Morton",-172.79,"Elkhart North",1976-01-21,370027101565601,129,0,c(-101.948846, 37.006323),"1976","215-144",-101.948846,37.006323,71.1005936,"66-131"
"67","Stevens",-143.21,NA,1976-01-22,370931101280201,189,0,c(-101.469236, 37.158645),"1976","143-72",-101.469236,37.158645,278.6194458,"263-328"
"68","Stevens",-148.78,NA,1976-03-10,370931101280201,189,0,c(-101.469236, 37.158645),"1976","215-144",-101.469236,37.158645,278.6194458,"263-328"
"69","Stevens",-140.42,NA,1976-06-08,370931101280201,189,0,c(-101.469236, 37.158645),"1976","143-72",-101.469236,37.158645,278.6194458,"263-328"
"70","Morton",-97.6,NA,1976-01-21,371143102010701,129,0,c(-102.018623, 37.195182),"1976","143-72",-102.018623,37.195182,30.1082401,"0-65"
"71","Grant",-249.69,"Wagon Bed Spring",1976-01-23,372759101210001,67,0,c(-101.350645, 37.467163),"1976","287-216",-101.350645,37.467163,164.4527588,"132-197"
"72","Grant",-213.58,NA,1976-01-22,372732101173201,67,0,c(-101.292666, 37.459343),"1976","215-144",-101.292666,37.459343,168.4847565,"132-197"
"73","Stanton",-186.91,"Richfield NW",1976-01-22,372629101551101,187,0,c(-101.920951, 37.441039),"1976","215-144",-101.920951,37.441039,10,"0-65"
"74","Stanton",-181.96,"Shore Airport",1976-01-22,372326101422301,187,0,c(-101.707645, 37.391761),"1976","215-144",-101.707645,37.391761,10,"0-65"
"75","Grant",-175.2,"Wagon Bed Spring NW",1976-01-23,372556101260201,67,0,c(-101.431743, 37.431842),"1976","215-144",-101.431743,37.431842,169.9463501,"132-197"
"76","Morton",-201.72,NA,1976-01-22,371833101341501,129,0,c(-101.573316, 37.309319),"1976","215-144",-101.573316,37.309319,66.645462,"66-131"
"77","Morton",-198.93,NA,1976-06-09,371833101341501,129,0,c(-101.573316, 37.309319),"1976","215-144",-101.573316,37.309319,66.645462,"66-131"
"78","Morton",-201.57,NA,1976-09-14,371833101341501,129,0,c(-101.573316, 37.309319),"1976","215-144",-101.573316,37.309319,66.645462,"66-131"
"79","Grant",-244.8,NA,1976-01-22,372818101182401,67,0,c(-101.306582, 37.472054),"1976","287-216",-101.306582,37.472054,170.9673767,"132-197"
"80","Grant",-220.36,NA,1976-01-23,372832101210801,67,0,c(-101.35213, 37.475685),"1976","287-216",-101.35213,37.475685,170.8186798,"132-197"
"81","Grant",-226,NA,1976-03-09,372832101210801,67,0,c(-101.35213, 37.475685),"1976","287-216",-101.35213,37.475685,170.8186798,"132-197"
"82","Grant",-225.4,NA,1976-06-08,372832101210801,67,0,c(-101.35213, 37.475685),"1976","287-216",-101.35213,37.475685,170.8186798,"132-197"
"83","Stanton",-154.78,"Big Bow NW",1976-01-21,373808101422201,187,0,c(-101.708057, 37.637291),"1976","215-144",-101.708057,37.637291,77.5620575,"66-131"
"84","Stanton",-252.19,NA,1976-01-22,373716101563001,187,0,c(-101.941967, 37.623001),"1976","287-216",-101.941967,37.623001,32.5326385,"0-65"
"85","Stanton",-113.15,"Big Bow NW",1976-01-21,374006101390601,187,0,c(-101.653157, 37.669057),"1976","143-72",-101.653157,37.669057,105.9932251,"66-131"
"86","Morton",-187.15,"Shore Airport SW",1976-01-22,371945101412701,129,0,c(-101.690933, 37.329295),"1976","215-144",-101.690933,37.329295,26.5557823,"0-65"
"87","Morton",-179.69,"Shore Airport SW",1976-06-09,371945101412701,129,0,c(-101.690933, 37.329295),"1976","215-144",-101.690933,37.329295,26.5557823,"0-65"
"88","Grant",-169.65,NA,1976-01-21,373707101292701,67,0,c(-101.49117, 37.61922),"1976","215-144",-101.49117,37.61922,133.1637726,"132-197"
"89","Grant",-193.58,NA,1976-03-11,373707101292701,67,0,c(-101.49117, 37.61922),"1976","215-144",-101.49117,37.61922,133.1637726,"132-197"
"90","Grant",-176.98,NA,1976-06-10,373707101292701,67,0,c(-101.49117, 37.61922),"1976","215-144",-101.49117,37.61922,133.1637726,"132-197"
"91","Grant",-180.73,NA,1976-09-15,373707101292701,67,0,c(-101.49117, 37.61922),"1976","215-144",-101.49117,37.61922,133.1637726,"132-197"
"92","Stanton",-163.38,NA,1976-01-21,373558101393901,187,0,c(-101.661398, 37.599733),"1976","215-144",-101.661398,37.599733,137.8203735,"132-197"
"93","Grant",-117.82,"Big Bow",1976-01-21,373015101300701,67,0,c(-101.502946, 37.505361),"1976","143-72",-101.502946,37.505361,182.3333435,"132-197"
"94","Stanton",-220.74,NA,1976-01-22,373353101432801,187,0,c(-101.725104, 37.565462),"1976","287-216",-101.725104,37.565462,80.4263916,"66-131"
"95","Stanton",-228.03,"Manter",1976-01-22,373433101563101,187,0,c(-101.940854, 37.578236),"1976","287-216",-101.940854,37.578236,10,"0-65"
"96","Stanton",-197.1,"Manter",1976-01-22,373202101561501,187,0,c(-101.938353, 37.535307),"1976","215-144",-101.938353,37.535307,10,"0-65"
"97","Stanton",-172.15,NA,1976-01-22,373413101504101,187,0,c(-101.844735, 37.571595),"1976","215-144",-101.844735,37.571595,32.7778473,"0-65"
"98","Hamilton",-128.06,NA,1976-01-21,374606101540201,75,0,c(-101.90109, 37.770001),"1976","143-72",-101.90109,37.770001,25,"0-65"
"99","Stanton",-143.72,NA,1976-01-21,374111101330802,187,0,c(-101.552741, 37.686494),"1976","143-72",-101.552741,37.686494,108.6349869,"66-131"
"100","Stevens",-184.9,"Rolla SE",1976-01-22,370057101324601,189,0,c(-101.546638, 37.015597),"1976","215-144",-101.546638,37.015597,265.3581848,"263-328"
"101","Morton",-174.22,NA,1976-01-22,370224101394601,129,0,c(-101.663037, 37.039058),"1976","215-144",-101.663037,37.039058,198.60849,"198-262"
"102","Morton",-172.52,NA,1976-06-09,370224101394601,129,0,c(-101.663037, 37.039058),"1976","215-144",-101.663037,37.039058,198.60849,"198-262"
"103","Morton",-38.97,"Elkhart North",1976-01-21,370717101544501,129,0,c(-101.912846, 37.120923),"1976","71-0",-101.912846,37.120923,28.8643799,"0-65"
"104","Morton",-89.42,"Elkhart NW",1976-01-21,371000101535601,129,0,c(-101.899846, 37.164973),"1976","143-72",-101.899846,37.164973,66.9166336,"66-131"
"105","Stanton",-149.42,NA,1976-01-22,372504101384901,187,0,c(-101.647545, 37.418831),"1976","215-144",-101.647545,37.418831,47.497673,"0-65"
"106","Stanton",-143.87,NA,1976-06-09,372504101384901,187,0,c(-101.647545, 37.418831),"1976","143-72",-101.647545,37.418831,47.497673,"0-65"
"107","Stanton",-149.81,NA,1976-09-14,372504101384901,187,0,c(-101.647545, 37.418831),"1976","215-144",-101.647545,37.418831,47.497673,"0-65"
"108","Morton",-141.59,NA,1976-01-22,371242101452201,129,0,c(-101.756348, 37.211648),"1976","143-72",-101.756348,37.211648,25,"0-65"
"109","Morton",-148.08,NA,1976-03-10,371242101452201,129,0,c(-101.756348, 37.211648),"1976","215-144",-101.756348,37.211648,25,"0-65"
"110","Morton",-158.04,NA,1976-06-09,371242101452201,129,0,c(-101.756348, 37.211648),"1976","215-144",-101.756348,37.211648,25,"0-65"
"111","Grant",-118.25,NA,1976-01-23,372442101304601,67,0,c(-101.513366, 37.41291),"1976","143-72",-101.513366,37.41291,130.2895813,"66-131"
"112","Stanton",-222.39,NA,1976-01-21,373907101510402,187,0,c(-101.851389, 37.653717),"1976","287-216",-101.851389,37.653717,36.0465546,"0-65"
"113","Grant",-243.55,NA,1976-03-11,373853101203603,67,0,c(-101.344488, 37.648243),"1976","287-216",-101.344488,37.648243,93.1214142,"66-131"
"114","Grant",-222.38,NA,1976-06-10,373853101203603,67,0,c(-101.344488, 37.648243),"1976","287-216",-101.344488,37.648243,93.1214142,"66-131"
"115","Grant",-236.23,NA,1976-09-15,373853101203603,67,0,c(-101.344488, 37.648243),"1976","287-216",-101.344488,37.648243,93.1214142,"66-131"
"116","Morton",-156.14,NA,1976-01-22,372243101364301,129,0,c(-101.612931, 37.379417),"1976","215-144",-101.612931,37.379417,46.123085,"0-65"
"117","Morton",-108.31,"Richfield SW",1976-01-21,371945101541201,129,0,c(-101.904449, 37.330671),"1976","143-72",-101.904449,37.330671,10,"0-65"
"118","Grant",-153.8,NA,1976-01-23,373102101205201,67,0,c(-101.347966, 37.517417),"1976","215-144",-101.347966,37.517417,204.1553955,"198-262"
"119","Stanton",-153.23,NA,1976-01-22,373433101320201,187,0,c(-101.534444, 37.576008),"1976","215-144",-101.534444,37.576008,166.473938,"132-197"
"120","Stanton",-152.57,NA,1976-06-09,373433101320201,187,0,c(-101.534444, 37.576008),"1976","215-144",-101.534444,37.576008,166.473938,"132-197"
"121","Stanton",-165.91,NA,1976-09-15,373433101320201,187,0,c(-101.534444, 37.576008),"1976","215-144",-101.534444,37.576008,166.473938,"132-197"
"122","Grant",-226.54,NA,1976-01-21,373339101154602,67,0,c(-101.264242, 37.560996),"1976","287-216",-101.264242,37.560996,188.3685608,"132-197"
"123","Grant",-131.77,NA,1976-01-22,374100101270501,67,0,c(-101.453548, 37.683867),"1976","143-72",-101.453548,37.683867,88.089447,"66-131"
"124","Grant",-153,NA,1976-03-11,374100101270501,67,0,c(-101.453548, 37.683867),"1976","215-144",-101.453548,37.683867,88.089447,"66-131"
"125","Grant",-138.2,NA,1976-06-10,374100101270501,67,0,c(-101.453548, 37.683867),"1976","143-72",-101.453548,37.683867,88.089447,"66-131"
"126","Grant",-154.4,NA,1976-09-15,374100101270501,67,0,c(-101.453548, 37.683867),"1976","215-144",-101.453548,37.683867,88.089447,"66-131"
"127","Stevens",-102.45,"Rolla SE",1976-01-22,370655101315801,189,0,c(-101.533137, 37.115476),"1976","143-72",-101.533137,37.115476,339.8289185,"328-393"
"128","Stevens",-114.6,NA,1976-01-22,370607101213201,189,0,c(-101.361537, 37.101736),"1976","143-72",-101.361537,37.101736,376.3613892,"328-393"
"129","Grant",-178.32,NA,1976-01-23,372739101242401,67,0,c(-101.40645, 37.461509),"1976","215-144",-101.40645,37.461509,175.5980225,"132-197"
"130","Grant",-151.89,NA,1976-01-23,372739101274001,67,0,c(-101.460939, 37.461555),"1976","215-144",-101.460939,37.461555,186.9017639,"132-197"
"131","Stevens",-110.46,NA,1976-01-23,371503101251201,189,0,c(-101.421562, 37.24727),"1976","143-72",-101.421562,37.24727,320.4859009,"263-328"
"132","Morton",-39.43,NA,1976-01-22,371245101494701,129,0,c(-101.829913, 37.212502),"1976","71-0",-101.829913,37.212502,35.8301544,"0-65"
"133","Stevens",-162.16,NA,1976-01-21,372201101211701,189,0,c(-101.356504, 37.367119),"1976","215-144",-101.356504,37.367119,119.6114197,"66-131"
"134","Grant",-141.77,"Wagon Bed Spring NW",1976-01-21,372832101265901,67,0,c(-101.447745, 37.47538),"1976","143-72",-101.447745,37.47538,190.0249939,"132-197"
"135","Grant",-148.77,"Wagon Bed Spring NW",1976-03-09,372832101265901,67,0,c(-101.447745, 37.47538),"1976","215-144",-101.447745,37.47538,190.0249939,"132-197"
"136","Grant",-144.91,"Wagon Bed Spring NW",1976-06-08,372832101265901,67,0,c(-101.447745, 37.47538),"1976","215-144",-101.447745,37.47538,190.0249939,"132-197"
"137","Grant",-159.01,"Wagon Bed Spring NW",1976-09-15,372832101265901,67,0,c(-101.447745, 37.47538),"1976","215-144",-101.447745,37.47538,190.0249939,"132-197"
"138","Stanton",-93.89,NA,1976-01-21,373854101365502,187,0,c(-101.616477, 37.648713),"1976","143-72",-101.616477,37.648713,146.8321381,"132-197"
"139","Morton",-66.35,"Richfield NW",1976-01-21,372243101591701,129,0,c(-101.990652, 37.379199),"1976","71-0",-101.990652,37.379199,10,"0-65"
"140","Grant",-184.1,NA,1976-01-22,373300101212501,67,0,c(-101.357442, 37.55007),"1976","215-144",-101.357442,37.55007,274.5405579,"263-328"
"141","Stanton",-164.44,NA,1976-01-22,373413101351701,187,0,c(-101.588887, 37.570636),"1976","215-144",-101.588887,37.570636,163.4486847,"132-197"
"142","Hamilton",-110.58,NA,1976-01-20,374734101441101,75,0,c(-101.736946, 37.793348),"1976","143-72",-101.736946,37.793348,10,"0-65"
"143","Grant",-140.93,NA,1976-01-22,374129101214201,67,0,c(-101.362754, 37.69176),"1976","143-72",-101.362754,37.69176,80.796402,"66-131"
"144","Stanton",-143.88,NA,1976-01-21,374243101523301,187,0,c(-101.876232, 37.713621),"1976","143-72",-101.876232,37.713621,36.1876144,"0-65"
"145","Grant",-148.86,"Ulysses NW",1976-01-22,374255101251501,67,0,c(-101.420849, 37.714547),"1976","215-144",-101.420849,37.714547,25,"0-65"
"146","Hamilton",-40.13,NA,1976-01-20,374414101453701,75,0,c(-101.760339, 37.738157),"1976","71-0",-101.760339,37.738157,57.5032806,"0-65"
"147","Kearny",-134.5,NA,1976-01-21,374820101292901,93,0,c(-101.492621, 37.80632),"1976","143-72",-101.492621,37.80632,10,"0-65"
"148","Stevens",-103.7,NA,1976-01-22,370356101193901,189,0,c(-101.328441, 37.065746),"1976","143-72",-101.328441,37.065746,386.4533691,"328-393"
"149","Grant",-144.71,"Wagon Bed Spring NW",1976-01-23,372608101273901,67,0,c(-101.461943, 37.435342),"1976","215-144",-101.461943,37.435342,173.4346313,"132-197"
"150","Grant",-174.82,NA,1976-01-22,372615101152101,67,0,c(-101.256349, 37.43763),"1976","215-144",-101.256349,37.43763,164.002594,"132-197"
"151","Morton",-139.6,"Elkhart NE",1976-01-22,371347101512101,129,0,c(-101.855346, 37.229323),"1976","143-72",-101.855346,37.229323,36.4466972,"0-65"
"152","Stevens",-127.33,"Wagon Bed Spring SE",1976-01-21,372128101163401,189,0,c(-101.27645, 37.358671),"1976","143-72",-101.27645,37.358671,105.3434143,"66-131"
"153","Stanton",-124.21,NA,1976-01-22,372827101330601,187,0,c(-101.552081, 37.474432),"1976","143-72",-101.552081,37.474432,153.1199036,"132-197"
"154","Grant",-142.57,"Wagon Bed Spring",1976-01-22,372357101171501,67,0,c(-101.287442, 37.399833),"1976","143-72",-101.287442,37.399833,118.4993057,"66-131"
"155","Grant",-145.13,"Wagon Bed Spring",1976-03-09,372357101171501,67,0,c(-101.287442, 37.399833),"1976","215-144",-101.287442,37.399833,118.4993057,"66-131"
"156","Grant",-144.43,"Wagon Bed Spring",1976-06-08,372357101171501,67,0,c(-101.287442, 37.399833),"1976","215-144",-101.287442,37.399833,118.4993057,"66-131"
"157","Grant",-157.77,"Wagon Bed Spring",1976-09-15,372357101171501,67,0,c(-101.287442, 37.399833),"1976","215-144",-101.287442,37.399833,118.4993057,"66-131"
"158","Stanton",-218.44,NA,1976-01-21,373901101573501,187,0,c(-101.960111, 37.652068),"1976","287-216",-101.960111,37.652068,31.0278206,"0-65"
"159","Stanton",-215.44,NA,1976-03-10,373901101573501,187,0,c(-101.960111, 37.652068),"1976","215-144",-101.960111,37.652068,31.0278206,"0-65"
"160","Stanton",-214.83,NA,1976-06-09,373901101573501,187,0,c(-101.960111, 37.652068),"1976","215-144",-101.960111,37.652068,31.0278206,"0-65"
"161","Stanton",-162.5,NA,1976-01-21,373755101453801,187,0,c(-101.760582, 37.633011),"1976","215-144",-101.760582,37.633011,91.6274261,"66-131"
"162","Stanton",-120.76,NA,1976-01-22,373024101313601,187,0,c(-101.527286, 37.507039),"1976","143-72",-101.527286,37.507039,175.7566833,"132-197"
"163","Grant",-140.23,NA,1976-01-21,373159101302301,67,0,c(-101.507038, 37.534108),"1976","143-72",-101.507038,37.534108,182.7784576,"132-197"
"164","Hamilton",-99.92,"Syracuse West SW",1976-01-21,374826101541402,75,0,c(-101.906457, 37.809284),"1976","143-72",-101.906457,37.809284,30.4719315,"0-65"
"165","Grant",-176.4,NA,1976-01-22,374103101281401,67,0,c(-101.471197, 37.684679),"1976","215-144",-101.471197,37.684679,90.6398773,"66-131"
"166","Stevens",-149.58,NA,1976-06-08,370654101252001,189,0,c(-101.423594, 37.116527),"1976","215-144",-101.423594,37.116527,322.5377808,"263-328"
"167","Stevens",-152.84,NA,1976-09-14,370654101252001,189,0,c(-101.423594, 37.116527),"1976","215-144",-101.423594,37.116527,322.5377808,"263-328"
"168","Stevens",-158.89,NA,1976-01-22,370504101310901,189,0,c(-101.520823, 37.083858),"1976","215-144",-101.520823,37.083858,344.4187622,"328-393"
"169","Stevens",-115.02,"Feterita",1976-01-22,371135101260901,189,0,c(-101.434836, 37.192725),"1976","143-72",-101.434836,37.192725,257.5141296,"198-262"
"170","Stevens",-78.31,"Hugoton",1976-01-22,371015101222101,189,0,c(-101.375136, 37.170225),"1976","143-72",-101.375136,37.170225,373.1126404,"328-393"
"171","Morton",-184.48,NA,1976-01-22,371625101332301,129,0,c(-101.558467, 37.273858),"1976","215-144",-101.558467,37.273858,128.7250061,"66-131"
"172","Morton",-22.6,"Richfield",1976-01-22,371531101460301,129,0,c(-101.766344, 37.258253),"1976","71-0",-101.766344,37.258253,35.3081512,"0-65"
"173","Morton",-71.27,NA,1976-01-21,371531102005901,129,0,c(-102.016914, 37.258932),"1976","71-0",-102.016914,37.258932,26.679493,"0-65"
"174","Morton",-69.03,"Richfield SW",1976-01-21,372043101572701,129,0,c(-101.95925, 37.34599),"1976","71-0",-101.95925,37.34599,10,"0-65"
"175","Morton",-68.03,"Richfield SW",1976-03-10,372043101572701,129,0,c(-101.95925, 37.34599),"1976","71-0",-101.95925,37.34599,10,"0-65"
"176","Morton",-69.41,"Richfield SW",1976-06-09,372043101572701,129,0,c(-101.95925, 37.34599),"1976","71-0",-101.95925,37.34599,10,"0-65"
"177","Morton",-67.74,"Richfield SW",1976-09-14,372043101572701,129,0,c(-101.95925, 37.34599),"1976","71-0",-101.95925,37.34599,10,"0-65"
"178","Morton",-92.79,NA,1976-01-20,371827101493501,129,0,c(-101.826847, 37.308036),"1976","143-72",-101.826847,37.308036,10,"0-65"
"179","Stevens",-157.89,"Wagon Bed Spring SE",1976-01-21,372016101201201,189,0,c(-101.338938, 37.337053),"1976","215-144",-101.338938,37.337053,137.6048584,"132-197"
"180","Stevens",-157.94,"Wagon Bed Spring SE",1976-03-09,372016101201201,189,0,c(-101.338938, 37.337053),"1976","215-144",-101.338938,37.337053,137.6048584,"132-197"
"181","Stevens",-163.86,"Wagon Bed Spring SE",1976-06-08,372016101201201,189,0,c(-101.338938, 37.337053),"1976","215-144",-101.338938,37.337053,137.6048584,"132-197"
"182","Stevens",-164.51,"Wagon Bed Spring SE",1976-09-14,372016101201201,189,0,c(-101.338938, 37.337053),"1976","215-144",-101.338938,37.337053,137.6048584,"132-197"
"183","Grant",-201.95,NA,1976-01-23,372654101210801,67,0,c(-101.351869, 37.448601),"1976","215-144",-101.351869,37.448601,151.5672455,"132-197"
"184","Stanton",-75.8,"Richfield NW",1976-01-22,372402101584001,187,0,c(-101.980452, 37.403529),"1976","143-72",-101.980452,37.403529,10,"0-65"
"185","Stanton",-199.93,NA,1976-01-22,372715101513901,187,0,c(-101.86165, 37.454829),"1976","215-144",-101.86165,37.454829,10,"0-65"
"186","Stanton",-164.69,"Johnson East",1976-01-21,373716101380902,187,0,c(-101.635165, 37.621434),"1976","215-144",-101.635165,37.621434,167.3129272,"132-197"
"187","Stanton",-172.53,"Johnson East",1976-03-10,373716101380902,187,0,c(-101.635165, 37.621434),"1976","215-144",-101.635165,37.621434,167.3129272,"132-197"
"188","Stanton",-175.31,"Johnson East",1976-06-09,373716101380902,187,0,c(-101.635165, 37.621434),"1976","215-144",-101.635165,37.621434,167.3129272,"132-197"
"189","Stanton",-201.91,"Johnson East",1976-09-15,373716101380902,187,0,c(-101.635165, 37.621434),"1976","215-144",-101.635165,37.621434,167.3129272,"132-197"
"190","Grant",-170.29,NA,1976-01-22,373741101213302,67,0,c(-101.360357, 37.628255),"1976","215-144",-101.360357,37.628255,120.1436996,"66-131"
"191","Grant",-186.98,NA,1976-01-21,373535101295101,67,0,c(-101.498006, 37.593937),"1976","215-144",-101.498006,37.593937,156.365799,"132-197"
"192","Hamilton",-204.73,NA,1976-01-20,374744101450401,75,0,c(-101.750984, 37.796095),"1976","215-144",-101.750984,37.796095,10,"0-65"
"193","Grant",-144.72,NA,1976-01-22,373716101250601,67,0,c(-101.418234, 37.621052),"1976","215-144",-101.418234,37.621052,133.1280823,"132-197"
"194","Grant",-155.25,NA,1976-03-11,373716101250601,67,0,c(-101.418234, 37.621052),"1976","215-144",-101.418234,37.621052,133.1280823,"132-197"
"195","Grant",-168.07,NA,1976-06-10,373716101250601,67,0,c(-101.418234, 37.621052),"1976","215-144",-101.418234,37.621052,133.1280823,"132-197"
"196","Grant",-179.95,NA,1976-09-15,373716101250601,67,0,c(-101.418234, 37.621052),"1976","215-144",-101.418234,37.621052,133.1280823,"132-197"
"197","Morton",-82.51,"Elkhart North",1976-01-21,370422101523401,129,0,c(-101.876744, 37.072273),"1976","143-72",-101.876744,37.072273,13.3421993,"0-65"
"198","Morton",-65.24,NA,1976-01-22,370743101462601,129,0,c(-101.774185, 37.127908),"1976","71-0",-101.774185,37.127908,57.7551498,"0-65"
"199","Morton",-144.47,NA,1976-01-21,371505101535601,129,0,c(-101.89919, 37.251823),"1976","215-144",-101.89919,37.251823,38.3081512,"0-65"
"200","Morton",-146.33,NA,1976-03-10,371505101535601,129,0,c(-101.89919, 37.251823),"1976","215-144",-101.89919,37.251823,38.3081512,"0-65"
"201","Morton",-144.71,NA,1976-06-09,371505101535601,129,0,c(-101.89919, 37.251823),"1976","215-144",-101.89919,37.251823,38.3081512,"0-65"
"202","Stevens",-151.07,"Wagon Bed Spring SE",1976-01-21,371621101194001,189,0,c(-101.329035, 37.271774),"1976","215-144",-101.329035,37.271774,352.2572021,"328-393"
"203","Stevens",-90.84,"Feterita",1976-01-22,371246101290701,189,0,c(-101.487836, 37.212295),"1976","143-72",-101.487836,37.212295,290.0194702,"263-328"
"204","Morton",-135.74,"Richfield",1976-01-21,372135101491101,129,0,c(-101.818514, 37.359855),"1976","143-72",-101.818514,37.359855,10,"0-65"
"205","Stevens",-58.49,NA,1976-01-23,371740101292401,189,0,c(-101.491755, 37.294579),"1976","71-0",-101.491755,37.294579,204.1724243,"198-262"
"206","Stanton",-88.06,NA,1976-01-22,372405102005301,187,0,c(-102.015956, 37.403018),"1976","143-72",-102.015956,37.403018,10,"0-65"
"207","Stanton",-88.87,NA,1976-03-10,372405102005301,187,0,c(-102.015956, 37.403018),"1976","143-72",-102.015956,37.403018,10,"0-65"
"208","Stanton",-85.77,NA,1976-06-09,372405102005301,187,0,c(-102.015956, 37.403018),"1976","143-72",-102.015956,37.403018,10,"0-65"
"209","Stanton",-89.94,NA,1976-09-14,372405102005301,187,0,c(-102.015956, 37.403018),"1976","143-72",-102.015956,37.403018,10,"0-65"
"210","Stanton",-198.54,NA,1976-01-21,373901101334801,187,0,c(-101.563986, 37.650362),"1976","215-144",-101.563986,37.650362,136.0345764,"132-197"
"211","Stanton",-155.1,"Johnson NE",1976-01-21,373901101464301,187,0,c(-101.779666, 37.650665),"1976","215-144",-101.779666,37.650665,92.6709824,"66-131"
"212","Grant",-170.68,NA,1976-01-22,374010101235301,67,0,c(-101.39913, 37.66994),"1976","215-144",-101.39913,37.66994,86.1494904,"66-131"
"213","Grant",-184.84,NA,1976-01-21,373758101313001,67,0,c(-101.525274, 37.633914),"1976","215-144",-101.525274,37.633914,130.2704315,"66-131"
"214","Grant",-191.43,NA,1976-03-11,373758101313001,67,0,c(-101.525274, 37.633914),"1976","215-144",-101.525274,37.633914,130.2704315,"66-131"
"215","Grant",-202.02,NA,1976-06-10,373758101313001,67,0,c(-101.525274, 37.633914),"1976","215-144",-101.525274,37.633914,130.2704315,"66-131"
"216","Grant",-204.51,NA,1976-09-15,373758101313001,67,0,c(-101.525274, 37.633914),"1976","215-144",-101.525274,37.633914,130.2704315,"66-131"
"217","Grant",-145.04,"ULYSSES NW",1976-01-22,373748101260301,67,0,c(-101.435348, 37.630069),"1976","215-144",-101.435348,37.630069,98.3020706,"66-131"
"218","Stevens",-113.36,NA,1976-01-23,371654101244001,189,0,c(-101.413036, 37.282584),"1976","143-72",-101.413036,37.282584,318.8713379,"263-328"
"219","Stanton",-118.88,"Big Bow",1976-01-21,373703101334001,187,0,c(-101.562498, 37.619252),"1976","143-72",-101.562498,37.619252,156.5352173,"132-197"
"220","Stanton",-119.36,"Big Bow",1976-03-10,373703101334001,187,0,c(-101.562498, 37.619252),"1976","143-72",-101.562498,37.619252,156.5352173,"132-197"
"221","Stanton",-120.48,"Big Bow",1976-06-09,373703101334001,187,0,c(-101.562498, 37.619252),"1976","143-72",-101.562498,37.619252,156.5352173,"132-197"
"222","Stanton",-123.42,"Big Bow",1976-09-15,373703101334001,187,0,c(-101.562498, 37.619252),"1976","143-72",-101.562498,37.619252,156.5352173,"132-197"
"223","Stanton",-231.32,NA,1976-01-22,373136101450601,187,0,c(-101.75167, 37.527469),"1976","287-216",-101.75167,37.527469,54.5164032,"0-65"
"224","Stanton",-232.63,NA,1976-03-10,373136101450601,187,0,c(-101.75167, 37.527469),"1976","287-216",-101.75167,37.527469,54.5164032,"0-65"
"225","Stanton",-233.77,NA,1976-06-09,373136101450601,187,0,c(-101.75167, 37.527469),"1976","287-216",-101.75167,37.527469,54.5164032,"0-65"
"226","Stanton",-236.86,NA,1976-09-14,373136101450601,187,0,c(-101.75167, 37.527469),"1976","287-216",-101.75167,37.527469,54.5164032,"0-65"
"227","Grant",-233.03,NA,1976-01-21,373326101155401,67,0,c(-101.266424, 37.55738),"1976","287-216",-101.266424,37.55738,188.6886139,"132-197"
"228","Grant",-149.9,NA,1976-01-21,373403101305601,67,0,c(-101.51624, 37.568623),"1976","215-144",-101.51624,37.568623,169.2978973,"132-197"
"229","Hamilton",-39.79,"Syracuse West SE",1976-01-21,374638101495001,75,0,c(-101.829753, 37.775383),"1976","71-0",-101.829753,37.775383,75,"66-131"
"230","Hamilton",-178.07,"Syracuse West SW",1976-01-21,374507101580601,75,0,c(-101.970457, 37.753112),"1976","215-144",-101.970457,37.753112,41.5140114,"0-65"
"231","Kearny",-124.17,NA,1976-01-22,374512101191501,93,0,c(-101.321617, 37.753374),"1976","143-72",-101.321617,37.753374,104.5660324,"66-131"
"232","Grant",-177.04,NA,1976-01-22,374038101260401,67,0,c(-101.434515, 37.677173),"1976","215-144",-101.434515,37.677173,85.2181396,"66-131"
"233","Stanton",-150.9,"Big Bow NE",1976-01-21,374039101343701,187,0,c(-101.576699, 37.678391),"1976","215-144",-101.576699,37.678391,101.9483185,"66-131"
"234","Stanton",-147.46,"Big Bow NE",1976-06-09,374039101343701,187,0,c(-101.576699, 37.678391),"1976","215-144",-101.576699,37.678391,101.9483185,"66-131"
"235","Seward",-117.71,"Liberal",1976-01-14,370023100550801,175,0,c(-100.917644, 37.005856),"1976","143-72",-100.917644,37.005856,479.9810486,"459-525"
"236","Seward",-206.96,"Sublette SW",1976-01-15,371641100594601,175,0,c(-100.996843, 37.278474),"1976","215-144",-100.996843,37.278474,202.8879242,"198-262"
"237","Seward",-237.82,NA,1976-01-15,371529101022001,175,0,c(-101.03981, 37.257989),"1976","287-216",-101.03981,37.257989,213.2106018,"198-262"
"238","Seward",-175.11,NA,1976-01-26,372112100390201,175,0,c(-100.651602, 37.354087),"1976","215-144",-100.651602,37.354087,252.283432,"198-262"
"239","Grant",-44.11,NA,1976-01-22,372444101125601,67,0,c(-101.215409, 37.412301),"1976","71-0",-101.215409,37.412301,159.5099487,"132-197"
"240","Grant",-176.11,"Moscow NW",1976-01-23,372826101125501,67,0,c(-101.216446, 37.474564),"1976","215-144",-101.216446,37.474564,227.346344,"198-262"
"241","Grant",-170.91,"Moscow NW",1976-03-09,372826101125501,67,0,c(-101.216446, 37.474564),"1976","215-144",-101.216446,37.474564,227.346344,"198-262"
"242","Grant",-175.81,"Moscow NW",1976-06-08,372826101125501,67,0,c(-101.216446, 37.474564),"1976","215-144",-101.216446,37.474564,227.346344,"198-262"
"243","Grant",-179.13,"Moscow NW",1976-09-15,372826101125501,67,0,c(-101.216446, 37.474564),"1976","215-144",-101.216446,37.474564,227.346344,"198-262"
"244","Haskell",-272.7,NA,1976-01-27,372827100533301,81,0,c(-100.892654, 37.47413),"1976","287-216",-100.892654,37.47413,231.7217865,"198-262"
"245","Meade",-182.85,NA,1976-01-14,372703100333301,119,0,c(-100.56023, 37.45202),"1976","215-144",-100.56023,37.45202,258.0777588,"198-262"
"246","Haskell",-222.23,NA,1976-01-27,372405100520501,81,0,c(-100.867689, 37.401376),"1976","287-216",-100.867689,37.401376,217.1811676,"198-262"
"247","Haskell",-228.48,NA,1976-03-03,372405100520501,81,0,c(-100.867689, 37.401376),"1976","287-216",-100.867689,37.401376,217.1811676,"198-262"
"248","Haskell",-234.38,NA,1976-06-22,372405100520501,81,0,c(-100.867689, 37.401376),"1976","287-216",-100.867689,37.401376,217.1811676,"198-262"
"249","Haskell",-172.78,"Wild Horse Lake",1976-01-27,373929100453601,81,0,c(-100.761438, 37.658774),"1976","215-144",-100.761438,37.658774,205.5494995,"198-262"
"250","Seward",-182.36,"Plains SW",1976-01-15,371706100432201,175,0,c(-100.725734, 37.28585),"1976","215-144",-100.725734,37.28585,200.6348267,"198-262"
"251","Seward",-200.02,NA,1976-01-26,372010100484001,175,0,c(-100.812693, 37.336021),"1976","215-144",-100.812693,37.336021,200.7607727,"198-262"
"252","Gray",-159.06,"Copeland SE",1976-01-26,373054100354401,69,0,c(-100.597631, 37.515029),"1976","215-144",-100.597631,37.515029,176.6936951,"132-197"
"253","Gray",-99.92,NA,1976-01-26,373247100291101,69,0,c(-100.487352, 37.546669),"1976","143-72",-100.487352,37.546669,137.5526276,"132-197"
"254","Gray",-102.21,NA,1976-03-03,373247100291101,69,0,c(-100.487352, 37.546669),"1976","143-72",-100.487352,37.546669,137.5526276,"132-197"
"255","Gray",-110.47,NA,1976-09-16,373247100291101,69,0,c(-100.487352, 37.546669),"1976","143-72",-100.487352,37.546669,137.5526276,"132-197"
"256","Gray",-115.12,NA,1976-01-26,373159100333301,69,0,c(-100.560108, 37.533868),"1976","143-72",-100.560108,37.533868,176.6197357,"132-197"
"257","Haskell",-264.66,NA,1976-01-28,373327100565701,81,0,c(-100.949663, 37.557795),"1976","287-216",-100.949663,37.557795,186.4937439,"132-197"
"258","Haskell",-186.04,NA,1976-01-27,373154100411301,81,0,c(-100.687752, 37.532098),"1976","215-144",-100.687752,37.532098,186.543808,"132-197"
"259","Finney",-94.49,"COPELAND NW",1976-01-30,374426100395001,55,0,c(-100.664863, 37.742685),"1976","143-72",-100.664863,37.742685,142.4666748,"132-197"
"260","Kearny",-90.49,NA,1976-01-23,374757101080401,93,0,c(-101.134283, 37.799246),"1976","143-72",-101.134283,37.799246,205.8705139,"198-262"
"261","Haskell",-145.8,"Wild Horse Lake",1976-01-27,374046100520101,81,0,c(-100.868562, 37.679444),"1976","215-144",-100.868562,37.679444,156.2878418,"132-197"
"262","Gray",-81.11,"Montezuma NW",1976-01-23,374417100280401,69,0,c(-100.467127, 37.737493),"1976","143-72",-100.467127,37.737493,17.6435623,"0-65"
"263","Gray",-83.33,"Montezuma NW",1976-06-22,374417100280401,69,0,c(-100.467127, 37.737493),"1976","143-72",-100.467127,37.737493,17.6435623,"0-65"
"264","Gray",-80.01,"Montezuma NW",1976-09-16,374417100280401,69,0,c(-100.467127, 37.737493),"1976","143-72",-100.467127,37.737493,17.6435623,"0-65"
"265","Haskell",-151.11,NA,1976-01-28,374136101020903,81,0,c(-101.036214, 37.693642),"1976","215-144",-101.036214,37.693642,180.7078247,"132-197"
"266","Haskell",-151.07,NA,1976-03-09,374136101020903,81,0,c(-101.036214, 37.693642),"1976","215-144",-101.036214,37.693642,180.7078247,"132-197"
"267","Haskell",-152.22,NA,1976-06-08,374136101020903,81,0,c(-101.036214, 37.693642),"1976","215-144",-101.036214,37.693642,180.7078247,"132-197"
"268","Haskell",-155.59,NA,1976-09-15,374136101020903,81,0,c(-101.036214, 37.693642),"1976","215-144",-101.036214,37.693642,180.7078247,"132-197"
"269","Stevens",-167.59,"Moscow",1976-01-21,372227101121501,189,0,c(-101.205041, 37.373424),"1976","215-144",-101.205041,37.373424,149.1322021,"132-197"
"270","Stevens",-167.54,"Moscow",1976-03-09,372227101121501,189,0,c(-101.205041, 37.373424),"1976","215-144",-101.205041,37.373424,149.1322021,"132-197"
"271","Stevens",-167.17,"Moscow",1976-06-08,372227101121501,189,0,c(-101.205041, 37.373424),"1976","215-144",-101.205041,37.373424,149.1322021,"132-197"
"272","Seward",-180.68,NA,1976-01-14,370039100441901,175,0,c(-100.73817, 37.009272),"1976","215-144",-100.73817,37.009272,354.1456909,"328-393"
"273","Seward",-206.45,NA,1976-01-16,370407100442702,175,0,c(-100.740778, 37.067056),"1976","215-144",-100.740778,37.067056,420.5600891,"393-459"
"274","Seward",-106.41,NA,1976-01-15,370503101015401,175,0,c(-101.031862, 37.08398),"1976","143-72",-101.031862,37.08398,458.8522339,"393-459"
"275","Haskell",-250.73,NA,1976-01-28,372924101025801,81,0,c(-101.049808, 37.490473),"1976","287-216",-101.049808,37.490473,180.7355652,"132-197"
"276","Haskell",-238.41,NA,1976-01-27,372622100510701,81,0,c(-100.851682, 37.439508),"1976","287-216",-100.851682,37.439508,213.278717,"198-262"
"277","Seward",-188.86,NA,1976-01-15,371319100435401,175,0,c(-100.733512, 37.221318),"1976","215-144",-100.733512,37.221318,235.9284973,"198-262"
"278","Stevens",-250.38,NA,1976-01-21,371858101053601,189,0,c(-101.094008, 37.315744),"1976","287-216",-101.094008,37.315744,151.1839142,"132-197"
"279","Haskell",-260.29,"Ryus",1976-01-28,372825101041201,81,0,c(-101.070546, 37.474944),"1976","287-216",-101.070546,37.474944,174.3772736,"132-197"
"280","Haskell",-259.58,NA,1976-01-28,372846100594901,81,0,c(-100.997318, 37.479609),"1976","287-216",-100.997318,37.479609,188.0842285,"132-197"
"281","Grant",-265.05,NA,1976-01-21,373807101133602,67,0,c(-101.227377, 37.635214),"1976","287-216",-101.227377,37.635214,131.7519531,"66-131"
"282","Grant",-277.85,NA,1976-01-21,373833101104901,67,0,c(-101.180502, 37.642585),"1976","287-216",-101.180502,37.642585,135.0696411,"132-197"
"283","Gray",-116.34,"Copeland NE",1976-01-26,373900100354401,69,0,c(-100.597732, 37.649594),"1976","143-72",-100.597732,37.649594,195.3683167,"132-197"
"284","Meade",-138.75,"Plains",1976-01-14,371938100302901,119,0,c(-100.508828, 37.329303),"1976","143-72",-100.508828,37.329303,272.947876,"263-328"
"285","Haskell",-224.61,NA,1976-01-27,373129100490301,81,0,c(-100.817579, 37.524851),"1976","287-216",-100.817579,37.524851,201.1058502,"198-262"
"286","Haskell",-275.35,NA,1976-01-28,373241100542201,81,0,c(-100.906205, 37.54484),"1976","287-216",-100.906205,37.54484,204.8965149,"198-262"
"287","Haskell",-302.5,NA,1976-02-02,373709100594901,81,0,c(-100.997806, 37.619424),"1976","359-288",-100.997806,37.619424,172.6998596,"132-197"
"288","Haskell",-249.35,NA,1976-01-28,373339101002201,81,0,c(-101.00716, 37.561212),"1976","287-216",-101.00716,37.561212,187.4740295,"132-197"
"289","Kearny",-49.97,NA,1976-01-23,374716101131901,93,0,c(-101.222907, 37.787983),"1976","71-0",-101.222907,37.787983,166.0020752,"132-197"
"290","Haskell",-199.84,"West of Copeland",1976-01-27,373556100464201,81,0,c(-100.779938, 37.598454),"1976","215-144",-100.779938,37.598454,197.9494934,"132-197"
"291","Haskell",-199.91,"West of Copeland",1976-03-03,373556100464201,81,0,c(-100.779938, 37.598454),"1976","215-144",-100.779938,37.598454,197.9494934,"132-197"
"292","Haskell",-204.66,"West of Copeland",1976-09-15,373556100464201,81,0,c(-100.779938, 37.598454),"1976","215-144",-100.779938,37.598454,197.9494934,"132-197"
"293","Seward",-76.57,"Woods SE",1976-01-15,370128101004001,175,0,c(-101.012446, 37.024926),"1976","143-72",-101.012446,37.024926,524.4818115,"459-525"
"294","Seward",-74.49,"Woods SE",1976-07-22,370128101004001,175,0,c(-101.012446, 37.024926),"1976","143-72",-101.012446,37.024926,524.4818115,"459-525"
"295","Stevens",-139.01,NA,1976-01-22,370619101102601,189,0,c(-101.174619, 37.105753),"1976","143-72",-101.174619,37.105753,396.0687866,"393-459"
"296","Meade",-194.26,"Kismet SE",1976-01-12,370423100344401,119,0,c(-100.579231, 37.072145),"1976","215-144",-100.579231,37.072145,454.3203735,"393-459"
"297","Meade",-160.33,NA,1976-03-03,370754100333501,119,0,c(-100.561038, 37.132684),"1976","215-144",-100.561038,37.132684,342.7835693,"328-393"
"298","Meade",-160,NA,1976-06-22,370754100333501,119,0,c(-100.561038, 37.132684),"1976","215-144",-100.561038,37.132684,342.7835693,"328-393"
"299","Stevens",-138.9,NA,1976-01-22,370831101114001,189,0,c(-101.195038, 37.142175),"1976","143-72",-101.195038,37.142175,402.0157471,"393-459"
"300","Stevens",-141.71,NA,1976-03-09,370831101114001,189,0,c(-101.195038, 37.142175),"1976","143-72",-101.195038,37.142175,402.0157471,"393-459"
"301","Stevens",-135.04,NA,1976-06-08,370831101114001,189,0,c(-101.195038, 37.142175),"1976","143-72",-101.195038,37.142175,402.0157471,"393-459"
"302","Seward",-56.84,NA,1976-01-14,370833100482401,175,0,c(-100.806453, 37.141869),"1976","71-0",-100.806453,37.141869,346.0340576,"328-393"
"303","Seward",-54.25,"Liberal NE",1976-01-14,370833100482402,175,0,c(-100.808038, 37.140843),"1976","71-0",-100.808038,37.140843,346.0340576,"328-393"
"304","Haskell",-266.31,NA,1976-01-28,372754100580201,81,0,c(-100.967775, 37.465006),"1976","287-216",-100.967775,37.465006,199.2650757,"198-262"
"305","Haskell",-228.11,NA,1976-01-27,372944100474902,81,0,c(-100.796039, 37.496555),"1976","287-216",-100.796039,37.496555,195.4545898,"132-197"
"306","Haskell",-229.55,NA,1976-06-22,372944100474902,81,0,c(-100.796039, 37.496555),"1976","287-216",-100.796039,37.496555,195.4545898,"132-197"
"307","Haskell",-232.51,NA,1976-09-16,372944100474902,81,0,c(-100.796039, 37.496555),"1976","287-216",-100.796039,37.496555,195.4545898,"132-197"
"308","Stevens",-139.39,"Moscow",1976-01-21,371621101082601,189,0,c(-101.140389, 37.271628),"1976","143-72",-101.140389,37.271628,212.688446,"198-262"
"309","Stevens",-128.16,NA,1976-01-22,371108101114801,189,0,c(-101.197443, 37.185572),"1976","143-72",-101.197443,37.185572,353.3330994,"328-393"
"310","Meade",-188.52,NA,1976-01-12,371421100354801,119,0,c(-100.597598, 37.239875),"1976","215-144",-100.597598,37.239875,241.3238831,"198-262"
"311","Meade",-141.27,"Lake Meade",1976-01-12,371425100272002,119,0,c(-100.456947, 37.241723),"1976","143-72",-100.456947,37.241723,239.4807281,"198-262"
"312","Grant",-266.45,NA,1976-01-21,373955101125101,67,0,c(-101.214927, 37.665213),"1976","287-216",-101.214927,37.665213,112.5374451,"66-131"
"313","Gray",-141.01,"Montezuma",1976-01-27,373651100294301,69,0,c(-100.497529, 37.613203),"1976","143-72",-100.497529,37.613203,144.7213745,"132-197"
"314","Stevens",-221.23,NA,1976-01-21,372220101103001,189,0,c(-101.175551, 37.372247),"1976","287-216",-101.175551,37.372247,141.4983063,"132-197"
"315","Gray",-141.38,"Copeland",1976-01-27,373709100374701,69,0,c(-100.629733, 37.620074),"1976","143-72",-100.629733,37.620074,220.2688904,"198-262"
"316","Gray",-133.84,"Copeland",1976-03-03,373709100374701,69,0,c(-100.629733, 37.620074),"1976","143-72",-100.629733,37.620074,220.2688904,"198-262"
"317","Gray",-143.95,"Copeland",1976-09-16,373709100374701,69,0,c(-100.629733, 37.620074),"1976","143-72",-100.629733,37.620074,220.2688904,"198-262"
"318","Haskell",-264.27,NA,1976-01-28,373220101030701,81,0,c(-101.052555, 37.539346),"1976","287-216",-101.052555,37.539346,193.9946594,"132-197"
"319","Haskell",-256.8,NA,1976-01-28,373228100595701,81,0,c(-101.000216, 37.541295),"1976","287-216",-101.000216,37.541295,186.4283752,"132-197"
"320","Haskell",-253.93,NA,1976-06-08,373228100595701,81,0,c(-101.000216, 37.541295),"1976","287-216",-101.000216,37.541295,186.4283752,"132-197"
"321","Grant",-261.55,NA,1976-01-21,373255101062501,67,0,c(-101.106999, 37.548318),"1976","287-216",-101.106999,37.548318,203.7857361,"198-262"
"322","Haskell",-222.16,NA,1976-01-27,373320100500001,81,0,c(-100.83357, 37.555842),"1976","287-216",-100.83357,37.555842,207.4917755,"198-262"
"323","Gray",-92.94,NA,1976-01-23,374806100322201,69,0,c(-100.540102, 37.800681),"1976","143-72",-100.540102,37.800681,104.375885,"66-131"
"324","Gray",-64.11,"Charleston",1976-01-23,374557100323401,69,0,c(-100.54283, 37.766323),"1976","71-0",-100.54283,37.766323,77.5795135,"66-131"
"325","Meade",-162.84,"Plains NE",1976-01-14,372454100361701,119,0,c(-100.606332, 37.416523),"1976","215-144",-100.606332,37.416523,260.2168274,"198-262"
"326","Meade",-163.74,"Plains NE",1976-03-03,372454100361701,119,0,c(-100.606332, 37.416523),"1976","215-144",-100.606332,37.416523,260.2168274,"198-262"
"327","Meade",-168.71,"Plains NE",1976-09-16,372454100361701,119,0,c(-100.606332, 37.416523),"1976","215-144",-100.606332,37.416523,260.2168274,"198-262"
"328","Seward",-208.84,"Kismet SW",1976-01-16,370407100442701,175,0,c(-100.741237, 37.067804),"1976","215-144",-100.741237,37.067804,420.5600891,"393-459"
"329","Seward",-129.38,"Liberal",1976-01-15,370602100572601,175,0,c(-100.957244, 37.099675),"1976","143-72",-100.957244,37.099675,413.805603,"393-459"
"330","Seward",-126.92,"Liberal",1976-03-03,370602100572601,175,0,c(-100.957244, 37.099675),"1976","143-72",-100.957244,37.099675,413.805603,"393-459"
"331","Seward",-127.25,"Liberal",1976-07-22,370602100572601,175,0,c(-100.957244, 37.099675),"1976","143-72",-100.957244,37.099675,413.805603,"393-459"
"332","Seward",-128.49,"Liberal",1976-09-16,370602100572601,175,0,c(-100.957244, 37.099675),"1976","143-72",-100.957244,37.099675,413.805603,"393-459"
"333","Haskell",-78.12,NA,1976-01-28,372436101042001,81,0,c(-101.072267, 37.410516),"1976","143-72",-101.072267,37.410516,157.1618958,"132-197"
"334","Haskell",-78.36,NA,1976-03-09,372436101042001,81,0,c(-101.072267, 37.410516),"1976","143-72",-101.072267,37.410516,157.1618958,"132-197"
"335","Haskell",-77.27,NA,1976-06-08,372436101042001,81,0,c(-101.072267, 37.410516),"1976","143-72",-101.072267,37.410516,157.1618958,"132-197"
"336","Haskell",-78.61,NA,1976-09-15,372436101042001,81,0,c(-101.072267, 37.410516),"1976","143-72",-101.072267,37.410516,157.1618958,"132-197"
"337","Seward",-206.77,NA,1976-01-15,371615100463701,175,0,c(-100.779735, 37.27119),"1976","215-144",-100.779735,37.27119,203.2883301,"198-262"
"338","Seward",-211.48,NA,1976-09-16,371615100463701,175,0,c(-100.779735, 37.27119),"1976","215-144",-100.779735,37.27119,203.2883301,"198-262"
"339","Seward",-192.08,"Sublette SW",1976-01-26,372010100555101,175,0,c(-100.932142, 37.336054),"1976","215-144",-100.932142,37.336054,245.827301,"198-262"
"340","Grant",-192.4,"Moscow NW",1976-01-22,372528101114301,67,0,c(-101.194743, 37.424744),"1976","215-144",-101.194743,37.424744,171.8446655,"132-197"
"341","Gray",-117.03,NA,1976-01-27,373957100333201,69,0,c(-100.560108, 37.666863),"1976","143-72",-100.560108,37.666863,142.830658,"132-197"
"342","Seward",-199.91,NA,1976-01-26,371825100474301,175,0,c(-100.797128, 37.306967),"1976","215-144",-100.797128,37.306967,198.2849426,"198-262"
"343","Stevens",-209.05,NA,1976-01-21,371950101102901,189,0,c(-101.175367, 37.330331),"1976","215-144",-101.175367,37.330331,160.7243652,"132-197"
"344","Stevens",-209.69,NA,1976-03-09,371950101102901,189,0,c(-101.175367, 37.330331),"1976","215-144",-101.175367,37.330331,160.7243652,"132-197"
"345","Stevens",-204.79,NA,1976-06-08,371950101102901,189,0,c(-101.175367, 37.330331),"1976","215-144",-101.175367,37.330331,160.7243652,"132-197"
"346","Stevens",-211.34,NA,1976-09-14,371950101102901,189,0,c(-101.175367, 37.330331),"1976","215-144",-101.175367,37.330331,160.7243652,"132-197"
"347","Haskell",-205.95,NA,1976-01-27,373432100474001,81,0,c(-100.794751, 37.57583),"1976","215-144",-100.794751,37.57583,197.6294861,"132-197"
"348","Grant",-216.7,NA,1976-01-21,373339101112801,67,0,c(-101.191411, 37.561058),"1976","287-216",-101.191411,37.561058,179.0099182,"132-197"
"349","Grant",-213.45,NA,1976-03-09,373339101112801,67,0,c(-101.191411, 37.561058),"1976","215-144",-101.191411,37.561058,179.0099182,"132-197"
"350","Grant",-213.11,NA,1976-06-08,373339101112801,67,0,c(-101.191411, 37.561058),"1976","215-144",-101.191411,37.561058,179.0099182,"132-197"
"351","Grant",-217.86,NA,1976-09-15,373339101112801,67,0,c(-101.191411, 37.561058),"1976","287-216",-101.191411,37.561058,179.0099182,"132-197"
"352","Haskell",-105.31,NA,1976-01-27,374305100451101,81,0,c(-100.753611, 37.717523),"1976","143-72",-100.753611,37.717523,229.9771118,"198-262"
"353","Gray",-78.92,NA,1976-01-27,374126100343401,69,0,c(-100.576176, 37.692131),"1976","143-72",-100.576176,37.692131,117.5805359,"66-131"
"354","Gray",-78.23,NA,1976-03-03,374126100343401,69,0,c(-100.576176, 37.692131),"1976","143-72",-100.576176,37.692131,117.5805359,"66-131"
"355","Gray",-83.34,NA,1976-09-16,374126100343401,69,0,c(-100.576176, 37.692131),"1976","143-72",-100.576176,37.692131,117.5805359,"66-131"
"356","Gray",-72.3,NA,1976-01-27,374249100292201,69,0,c(-100.490586, 37.713463),"1976","143-72",-100.490586,37.713463,31.8629837,"0-65"
"357","Grant",-203.9,"Hickok NW",1976-01-21,374203101095101,67,0,c(-101.163948, 37.700771),"1976","215-144",-101.163948,37.700771,109.2319489,"66-131"
"358","Grant",-208.7,"Hickok NW",1976-03-09,374203101095101,67,0,c(-101.163948, 37.700771),"1976","215-144",-101.163948,37.700771,109.2319489,"66-131"
"359","Grant",-205.69,"Hickok NW",1976-06-08,374203101095101,67,0,c(-101.163948, 37.700771),"1976","215-144",-101.163948,37.700771,109.2319489,"66-131"
"360","Finney",-108.87,"GARDEN CITY 3 NE",1976-01-30,374420100472201,55,0,c(-100.790051, 37.739389),"1976","143-72",-100.790051,37.739389,264.2825928,"263-328"
"361","Meade",-187.5,NA,1976-01-12,370403100344402,119,0,c(-100.578129, 37.06724),"1976","215-144",-100.578129,37.06724,442.7352295,"393-459"
"362","Stevens",-136.18,NA,1976-01-22,370533101101801,189,0,c(-101.172361, 37.093119),"1976","143-72",-101.172361,37.093119,396.2972717,"393-459"
"363","Grant",-265.1,"Ryus",1976-01-21,372754101065801,67,0,c(-101.114245, 37.464854),"1976","287-216",-101.114245,37.464854,167.8155212,"132-197"
"364","Haskell",-207.12,NA,1976-01-27,372640100414601,81,0,c(-100.697014, 37.444696),"1976","215-144",-100.697014,37.444696,226.4204102,"198-262"
"365","Haskell",-213.39,NA,1976-03-03,372640100414601,81,0,c(-100.697014, 37.444696),"1976","215-144",-100.697014,37.444696,226.4204102,"198-262"
"366","Haskell",-217.09,NA,1976-06-22,372640100414601,81,0,c(-100.697014, 37.444696),"1976","287-216",-100.697014,37.444696,226.4204102,"198-262"
"367","Haskell",-215.69,NA,1976-09-16,372640100414601,81,0,c(-100.697014, 37.444696),"1976","215-144",-100.697014,37.444696,226.4204102,"198-262"
"368","Haskell",-235.14,NA,1976-01-28,372425100583501,81,0,c(-100.976747, 37.406869),"1976","287-216",-100.976747,37.406869,198.6303101,"198-262"
"369","Haskell",-234.99,NA,1976-03-09,372425100583501,81,0,c(-100.976747, 37.406869),"1976","287-216",-100.976747,37.406869,198.6303101,"198-262"
"370","Haskell",-236.32,NA,1976-06-08,372425100583501,81,0,c(-100.976747, 37.406869),"1976","287-216",-100.976747,37.406869,198.6303101,"198-262"
"371","Seward",-165.63,"Woods",1976-01-15,371339101025301,175,0,c(-101.049541, 37.227904),"1976","215-144",-101.049541,37.227904,257.0864258,"198-262"
"372","Seward",-206.35,"Sublette SE",1976-01-15,371524100504201,175,0,c(-100.846338, 37.256891),"1976","215-144",-100.846338,37.256891,214.5825195,"198-262"
"373","Seward",-194.37,NA,1976-01-15,371410100394301,175,0,c(-100.663747, 37.236136),"1976","215-144",-100.663747,37.236136,176.5490723,"132-197"
"374","Meade",-153.76,NA,1976-01-14,372117100354701,119,0,c(-100.597331, 37.355603),"1976","215-144",-100.597331,37.355603,251.1871033,"198-262"
"375","Seward",-199.55,NA,1976-01-25,372128101035901,175,0,c(-101.067843, 37.357194),"1976","215-144",-101.067843,37.357194,147.1395569,"132-197"
"376","Haskell",-211.62,NA,1976-01-28,374011101020901,81,0,c(-101.036336, 37.670174),"1976","215-144",-101.036336,37.670174,177.8426208,"132-197"
"377","Gray",-144,NA,1976-01-27,373714100344601,69,0,c(-100.581632, 37.620704),"1976","215-144",-100.581632,37.620704,218.737915,"198-262"
"378","Haskell",-276.74,NA,1976-01-28,373558100563201,81,0,c(-100.942888, 37.599664),"1976","287-216",-100.942888,37.599664,167.1336212,"132-197"
"379","Haskell",-279.73,NA,1976-03-09,373558100563201,81,0,c(-100.942888, 37.599664),"1976","287-216",-100.942888,37.599664,167.1336212,"132-197"
"380","Haskell",-278.03,NA,1976-06-08,373558100563201,81,0,c(-100.942888, 37.599664),"1976","287-216",-100.942888,37.599664,167.1336212,"132-197"
"381","Haskell",-282.62,NA,1976-09-07,373558100563201,81,0,c(-100.942888, 37.599664),"1976","287-216",-100.942888,37.599664,167.1336212,"132-197"
"382","Gray",-138.86,"Copeland SE",1976-01-27,373614100331601,69,0,c(-100.556631, 37.605694),"1976","143-72",-100.556631,37.605694,220.438446,"198-262"
"383","Gray",-152.44,"Copeland SE",1976-09-16,373614100331601,69,0,c(-100.556631, 37.605694),"1976","215-144",-100.556631,37.605694,220.438446,"198-262"
"384","Haskell",-277.49,NA,1976-01-28,373411101031501,81,0,c(-101.055057, 37.570184),"1976","287-216",-101.055057,37.570184,206.2101288,"198-262"
"385","Haskell",-241.51,NA,1976-01-28,373043100594901,81,0,c(-100.997623, 37.512217),"1976","287-216",-100.997623,37.512217,185.8302612,"132-197"
"386","Gray",-82.79,NA,1976-01-23,374722100370201,69,0,c(-100.617543, 37.789421),"1976","143-72",-100.617543,37.789421,120.8287277,"66-131"
"387","Haskell",-115.68,"Copeland NW",1976-01-27,374044100395001,81,0,c(-100.664238, 37.678326),"1976","143-72",-100.664238,37.678326,203.9670715,"198-262"
"388","Finney",-104.41,"GARDEN CITY 3 NE",1976-01-30,374417100451901,55,0,c(-100.754937, 37.736654),"1976","143-72",-100.754937,37.736654,241.7496033,"198-262"
"389","Seward",-114.27,"Woods SE",1976-01-15,370523101004901,175,0,c(-101.013045, 37.089696),"1976","143-72",-101.013045,37.089696,463.5941772,"459-525"
"390","Meade",-116.08,NA,1976-01-14,372738100283901,119,0,c(-100.478196, 37.461114),"1976","143-72",-100.478196,37.461114,257.358429,"198-262"
"391","Haskell",-190.44,NA,1976-01-27,372904100421101,81,0,c(-100.703851, 37.48475),"1976","215-144",-100.703851,37.48475,198.8560333,"198-262"
"392","Meade",-150.86,"Plains NE",1976-01-14,372455100301701,119,0,c(-100.506629, 37.416173),"1976","215-144",-100.506629,37.416173,310.5223999,"263-328"
"393","Seward",-213.69,NA,1976-01-15,371648100520301,175,0,c(-100.867871, 37.279807),"1976","215-144",-100.867871,37.279807,212.219574,"198-262"
"394","Seward",-19.99,NA,1976-01-26,371444100550101,175,0,c(-100.917478, 37.245293),"1976","71-0",-100.917478,37.245293,243.6060486,"198-262"
"395","Seward",-20.06,NA,1976-03-03,371444100550101,175,0,c(-100.917478, 37.245293),"1976","71-0",-100.917478,37.245293,243.6060486,"198-262"
"396","Seward",-19.27,NA,1976-07-22,371444100550101,175,0,c(-100.917478, 37.245293),"1976","71-0",-100.917478,37.245293,243.6060486,"198-262"
"397","Seward",-19.55,NA,1976-09-16,371444100550101,175,0,c(-100.917478, 37.245293),"1976","71-0",-100.917478,37.245293,243.6060486,"198-262"
"398","Meade",-175.23,NA,1976-01-12,371302100331402,119,0,c(-100.554491, 37.217934),"1976","215-144",-100.554491,37.217934,266.6624756,"263-328"
"399","Stevens",-157.66,NA,1976-01-21,371931101134301,189,0,c(-101.229732, 37.325067),"1976","215-144",-101.229732,37.325067,192.3056335,"132-197"
"400","Stevens",-253.89,NA,1976-01-21,371733101060901,189,0,c(-101.103025, 37.292276),"1976","287-216",-101.103025,37.292276,172.62883,"132-197"
"401","Stevens",-256.52,NA,1976-03-09,371733101060901,189,0,c(-101.103025, 37.292276),"1976","287-216",-101.103025,37.292276,172.62883,"132-197"
"402","Stevens",-256.65,NA,1976-06-08,371733101060901,189,0,c(-101.103025, 37.292276),"1976","287-216",-101.103025,37.292276,172.62883,"132-197"
"403","Stevens",-265.45,NA,1976-09-14,371733101060901,189,0,c(-101.103025, 37.292276),"1976","287-216",-101.103025,37.292276,172.62883,"132-197"
"404","Haskell",-222.23,NA,1976-01-27,372405100515601,81,0,c(-100.86584, 37.401994),"1976","287-216",-100.86584,37.401994,217.1811676,"198-262"
"405","Haskell",-228.48,NA,1976-03-03,372405100515601,81,0,c(-100.86584, 37.401994),"1976","287-216",-100.86584,37.401994,217.1811676,"198-262"
"406","Haskell",-234.38,NA,1976-06-22,372405100515601,81,0,c(-100.86584, 37.401994),"1976","287-216",-100.86584,37.401994,217.1811676,"198-262"
"407","Meade",-144.83,NA,1976-01-14,372403100312301,119,0,c(-100.524111, 37.400963),"1976","215-144",-100.524111,37.400963,301.5898438,"263-328"
"408","Haskell",-192.91,NA,1976-01-27,372404100432601,81,0,c(-100.72419, 37.401131),"1976","215-144",-100.72419,37.401131,237.7102203,"198-262"
"409","Haskell",-237.78,NA,1976-01-28,373716100495901,81,0,c(-100.833326, 37.621118),"1976","287-216",-100.833326,37.621118,189.8050537,"132-197"
"410","Haskell",-213.65,NA,1976-01-28,374013100564001,81,0,c(-100.944887, 37.670358),"1976","215-144",-100.944887,37.670358,160.6648407,"132-197"
"411","Haskell",-216.59,NA,1976-06-08,374013100564001,81,0,c(-100.944887, 37.670358),"1976","287-216",-100.944887,37.670358,160.6648407,"132-197"
"412","Finney",-133.79,"PLYMELL",1976-01-30,374645100481901,55,0,c(-100.806839, 37.780424),"1976","143-72",-100.806839,37.780424,285.7262573,"263-328"
"413","Gray",-151.78,NA,1976-01-26,373340100375501,69,0,c(-100.633047, 37.561212),"1976","215-144",-100.633047,37.561212,198.4937744,"198-262"
"414","Haskell",-125.16,"Wild Horse Lake",1976-01-27,374343100520801,81,0,c(-100.870742, 37.729794),"1976","143-72",-100.870742,37.729794,200.5233459,"198-262"
"415","Kearny",-65.44,"Deerfield SW",1976-01-23,374902101122201,93,0,c(-101.206749, 37.81528),"1976","71-0",-101.206749,37.81528,191.270813,"132-197"
"416","Haskell",-223.54,NA,1976-01-27,372733100474901,81,0,c(-100.797069, 37.459329),"1976","287-216",-100.797069,37.459329,197.8424988,"132-197"
"417","Haskell",-223.21,NA,1976-09-16,372733100474901,81,0,c(-100.797069, 37.459329),"1976","287-216",-100.797069,37.459329,197.8424988,"132-197"
"418","Gray",-163.63,NA,1976-01-26,372855100335801,69,0,c(-100.565931, 37.482354),"1976","215-144",-100.565931,37.482354,210.9627075,"198-262"
"419","Meade",-178.48,"Plains",1976-01-12,371618100354701,119,0,c(-100.59863, 37.272852),"1976","215-144",-100.59863,37.272852,267.3525391,"263-328"
"420","Meade",-151.99,NA,1976-01-13,372513100274101,119,0,c(-100.461627, 37.419623),"1976","215-144",-100.461627,37.419623,290.8287964,"263-328"
"421","Haskell",-260.55,"Satanta",1976-01-28,372958100563301,81,0,c(-100.943744, 37.498955),"1976","287-216",-100.943744,37.498955,196.5372009,"132-197"
"422","Haskell",-258.61,"Satanta",1976-06-08,372958100563301,81,0,c(-100.943744, 37.498955),"1976","287-216",-100.943744,37.498955,196.5372009,"132-197"
"423","Haskell",-210.58,"Sublette",1976-01-27,372549100485501,81,0,c(-100.815539, 37.431094),"1976","215-144",-100.815539,37.431094,200.0086365,"198-262"
"424","Haskell",-230.34,NA,1976-01-28,373901100555101,81,0,c(-100.931215, 37.65043),"1976","287-216",-100.931215,37.65043,156.5454407,"132-197"
"425","Gray",-143.88,NA,1976-01-27,373855100385301,69,0,c(-100.648994, 37.648309),"1976","143-72",-100.648994,37.648309,215.5671082,"198-262"
"426","Meade",-149.39,NA,1976-01-14,371711100301701,119,0,c(-100.505494, 37.287636),"1976","215-144",-100.505494,37.287636,272.62146,"263-328"
"427","Seward",-188.98,NA,1976-01-26,372239100464501,175,0,c(-100.779537, 37.377932),"1976","215-144",-100.779537,37.377932,215.0079651,"198-262"
"428","Haskell",-292.93,NA,1976-06-08,373642101011201,81,0,c(-101.020771, 37.612024),"1976","359-288",-101.020771,37.612024,182.3106689,"132-197"
"429","Grant",-265,NA,1976-01-21,373643101083701,67,0,c(-101.144063, 37.611747),"1976","287-216",-101.144063,37.611747,174.9444885,"132-197"
"430","Haskell",-244.73,"West of Copeland",1976-01-27,373018100521101,81,0,c(-100.870541, 37.504305),"1976","287-216",-100.870541,37.504305,220.8812866,"198-262"
"431","Haskell",-236.01,NA,1976-01-28,373710100521001,81,0,c(-100.869399, 37.61947),"1976","287-216",-100.869399,37.61947,176.8745117,"132-197"
"432","Haskell",-236.61,NA,1976-03-09,373710100521001,81,0,c(-100.869399, 37.61947),"1976","287-216",-100.869399,37.61947,176.8745117,"132-197"
"433","Haskell",-180.39,"Copeland",1976-01-27,373352100411301,81,0,c(-100.688535, 37.564094),"1976","215-144",-100.688535,37.564094,193.8433075,"132-197"
"434","Haskell",-119.14,NA,1976-01-27,374125100432401,81,0,c(-100.724191, 37.690072),"1976","143-72",-100.724191,37.690072,214.7320099,"198-262"
"435","Finney",-140.35,NA,1976-02-02,374533101045801,55,0,c(-101.08309, 37.760413),"1976","143-72",-101.08309,37.760413,216.1655884,"198-262"
"436","Finney",-136.53,"GARDEN CITY SW",1976-01-29,374553100534701,55,0,c(-100.897233, 37.764993),"1976","143-72",-100.897233,37.764993,264.708374,"263-328"
"437","Finney",-132.58,"GARDEN CITY SW",1976-06-10,374553100534701,55,0,c(-100.897233, 37.764993),"1976","143-72",-100.897233,37.764993,264.708374,"263-328"
"438","Finney",-138.9,"GARDEN CITY SW",1976-09-15,374553100534701,55,0,c(-100.897233, 37.764993),"1976","143-72",-100.897233,37.764993,264.708374,"263-328"
"439","Finney",-82.33,"GARDEN CITY SW",1976-01-29,374757100524901,55,0,c(-100.880981, 37.7996),"1976","143-72",-100.880981,37.7996,305.7468567,"263-328"
"440","Seward",-7.2,"Liberal NE",1976-01-15,371148100510701,175,0,c(-100.850838, 37.196222),"1976","71-0",-100.850838,37.196222,282.7840576,"263-328"
"441","Seward",-188.7,NA,1976-01-26,372159100432201,175,0,c(-100.72419, 37.366706),"1976","215-144",-100.72419,37.366706,238.233429,"198-262"
"442","Seward",-188.27,NA,1976-03-03,372159100432201,175,0,c(-100.72419, 37.366706),"1976","215-144",-100.72419,37.366706,238.233429,"198-262"
"443","Seward",-197.46,NA,1976-09-16,372159100432201,175,0,c(-100.72419, 37.366706),"1976","215-144",-100.72419,37.366706,238.233429,"198-262"
"444","Grant",-214.05,NA,1976-01-21,372951101091001,67,0,c(-101.152103, 37.497476),"1976","215-144",-101.152103,37.497476,196.2341766,"132-197"
"445","Gray",-112.08,"Meade NW",1976-01-26,372957100291101,69,0,c(-100.488329, 37.499804),"1976","143-72",-100.488329,37.499804,189.1755371,"132-197"
"446","Haskell",-189.38,NA,1976-01-27,373814100411301,81,0,c(-100.687752, 37.63746),"1976","215-144",-100.687752,37.63746,222.824295,"198-262"
"447","Grant",-270.7,"Hickok SE",1976-01-21,373426101055101,67,0,c(-101.099347, 37.573993),"1976","287-216",-101.099347,37.573993,221.4152222,"198-262"
"448","Haskell",-184.18,NA,1976-01-27,373218100432101,81,0,c(-100.725136, 37.539874),"1976","215-144",-100.725136,37.539874,178.4241943,"132-197"
"449","Haskell",-209.02,NA,1976-01-27,373433100435801,81,0,c(-100.733332, 37.575677),"1976","215-144",-100.733332,37.575677,192.7392883,"132-197"
"450","Haskell",-271.23,"North of Satanta",1976-01-28,373340100522701,81,0,c(-100.875942, 37.561975),"1976","287-216",-100.875942,37.561975,212.7549286,"198-262"
"451","Haskell",-103.11,NA,1976-01-27,374222100460901,81,0,c(-100.769359, 37.706628),"1976","143-72",-100.769359,37.706628,227.2024841,"198-262"
"452","Finney",-82.03,"PIERCEVILLE SW",1976-01-29,374840100391301,55,0,c(-100.652633, 37.812643),"1976","143-72",-100.652633,37.812643,141.2610474,"132-197"
"453","Gray",-82.35,"Copeland NW",1976-01-27,374317100375501,69,0,c(-100.634233, 37.722043),"1976","143-72",-100.634233,37.722043,103.0592499,"66-131"
"454","Haskell",-210.35,NA,1976-01-27,372827100453801,81,0,c(-100.760691, 37.473962),"1976","215-144",-100.760691,37.473962,193.6109619,"132-197"
"455","Meade",-54.17,NA,1976-01-13,372743100162501,119,0,c(-100.276361, 37.464943),"1976","71-0",-100.276361,37.464943,190.1746521,"132-197"
"456","Meade",-8.99,NA,1976-01-13,372452100153801,119,0,c(-100.262735, 37.417412),"1976","71-0",-100.262735,37.417412,244.6885071,"198-262"
"457","Meade",-8.79,NA,1976-03-03,372452100153801,119,0,c(-100.262735, 37.417412),"1976","71-0",-100.262735,37.417412,244.6885071,"198-262"
"458","Meade",-7.54,NA,1976-06-22,372452100153801,119,0,c(-100.262735, 37.417412),"1976","71-0",-100.262735,37.417412,244.6885071,"198-262"
"459","Meade",-9.83,NA,1976-09-16,372452100153801,119,0,c(-100.262735, 37.417412),"1976","71-0",-100.262735,37.417412,244.6885071,"198-262"
"460","Meade",-90.18,NA,1976-01-13,371931100115502,119,0,c(-100.199692, 37.328903),"1976","143-72",-100.199692,37.328903,107.1641388,"66-131"
"461","Meade",-25.53,NA,1976-01-13,372316100125001,119,0,c(-100.215142, 37.391809),"1976","71-0",-100.215142,37.391809,183.5232239,"132-197"
"462","Gray",-169.44,"Haggard",1976-01-26,373848100155901,69,0,c(-100.269121, 37.649852),"1976","215-144",-100.269121,37.649852,95.2324371,"66-131"
"463","Ford",-90,"BUCKLIN",1976-08-17,373222099400301,57,0,c(-99.667379, 37.53887),"1976","143-72",-99.667379,37.53887,75.1978836,"66-131"
"464","Ford",-138,"FORT DODGE SW",1976-11-01,373318099532701,57,0,c(-99.893479, 37.558551),"1976","143-72",-99.893479,37.558551,108.5825348,"66-131"
"465","Ford",-138.06,"FORT DODGE SW",1976-11-22,373318099532701,57,0,c(-99.893479, 37.558551),"1976","143-72",-99.893479,37.558551,108.5825348,"66-131"
"466","Ford",-97.36,"BUCKLIN",1976-03-22,373309099384901,57,0,c(-99.645121, 37.556441),"1976","143-72",-99.645121,37.556441,52.6679764,"0-65"
"467","Ford",-100.18,"BUCKLIN",1976-09-21,373309099384901,57,0,c(-99.645121, 37.556441),"1976","143-72",-99.645121,37.556441,52.6679764,"0-65"
"468","Ford",-98.53,"BUCKLIN",1976-12-20,373309099384901,57,0,c(-99.645121, 37.556441),"1976","143-72",-99.645121,37.556441,52.6679764,"0-65"
"469","Ford",-51.2,NA,1976-12-28,374416099573602,57,0,c(-99.961775, 37.744039),"1976","71-0",-99.961775,37.744039,119.2307663,"66-131"
"470","Ford",-26.01,NA,1976-03-22,374409099573601,57,0,c(-99.961714, 37.742223),"1976","71-0",-99.961714,37.742223,119.2307663,"66-131"
"471","Ford",-36.34,NA,1976-12-28,374409099573601,57,0,c(-99.961714, 37.742223),"1976","71-0",-99.961714,37.742223,119.2307663,"66-131"
"472","Ford",-29.5,NA,1976-03-22,374409099582501,57,0,c(-99.975326, 37.742406),"1976","71-0",-99.975326,37.742406,125.9997559,"66-131"
"473","Ford",-39.35,NA,1976-06-29,374409099582501,57,0,c(-99.975326, 37.742406),"1976","71-0",-99.975326,37.742406,125.9997559,"66-131"
"474","Ford",-28.64,NA,1976-09-22,374409099582501,57,0,c(-99.975326, 37.742406),"1976","71-0",-99.975326,37.742406,125.9997559,"66-131"
"475","Ford",-23.22,NA,1976-12-21,374409099582501,57,0,c(-99.975326, 37.742406),"1976","71-0",-99.975326,37.742406,125.9997559,"66-131"
"476","Meade",-17,"Lake Meade",1976-01-12,370857100234601,119,0,c(-100.398925, 37.150525),"1976","71-0",-100.398925,37.150525,133.5642242,"132-197"
"477","Meade",-16.28,"Lake Meade",1976-03-03,370857100234601,119,0,c(-100.398925, 37.150525),"1976","71-0",-100.398925,37.150525,133.5642242,"132-197"
"478","Meade",-6.42,NA,1976-01-13,371534100203501,119,0,c(-100.343319, 37.261041),"1976","71-0",-100.343319,37.261041,173.9315796,"132-197"
"479","Meade",-128.79,NA,1976-01-14,372200100214001,119,0,c(-100.363124, 37.368444),"1976","143-72",-100.363124,37.368444,276.8536377,"263-328"
"480","Ford",-48,"FORD",1976-11-22,373930099503401,57,0,c(-99.842082, 37.659032),"1976","71-0",-99.842082,37.659032,73.7714386,"66-131"
"481","Ford",-146,"FORT DODGE",1976-02-02,373828099585701,57,0,c(-99.982467, 37.640295),"1976","215-144",-99.982467,37.640295,63.5305939,"0-65"
"482","Ford",-26.73,NA,1976-12-28,374356099572801,57,0,c(-99.95944, 37.738576),"1976","71-0",-99.95944,37.738576,114.5335999,"66-131"
"483","Ford",-50.03,"BELLEFONT",1976-12-28,374535099433401,57,0,c(-99.729469, 37.766041),"1976","71-0",-99.729469,37.766041,24.836092,"0-65"
"484","Ford",-181.25,NA,1976-12-28,374653099485601,57,0,c(-99.815897, 37.788045),"1976","215-144",-99.815897,37.788045,27.2859135,"0-65"
"485","Ford",-20.72,"Fort Dodge",1976-03-22,374337099561401,57,0,c(-99.94031, 37.73289),"1976","71-0",-99.94031,37.73289,115.1942444,"66-131"
"486","Ford",-29.58,"Fort Dodge",1976-06-29,374337099561401,57,0,c(-99.94031, 37.73289),"1976","71-0",-99.94031,37.73289,115.1942444,"66-131"
"487","Ford",-39.96,"Fort Dodge",1976-09-22,374337099561401,57,0,c(-99.94031, 37.73289),"1976","71-0",-99.94031,37.73289,115.1942444,"66-131"
"488","Ford",-26.06,"Fort Dodge",1976-12-21,374337099561401,57,0,c(-99.94031, 37.73289),"1976","71-0",-99.94031,37.73289,115.1942444,"66-131"
"489","Gray",-67.19,"Montezuma NW",1976-01-27,374411100235101,69,0,c(-100.397325, 37.736802),"1976","71-0",-100.397325,37.736802,72.5862656,"66-131"
"490","Clark",-20.61,"ASHLAND",1976-03-18,370822099452801,25,0,c(-99.75901, 37.137063),"1976","71-0",-99.75901,37.137063,NA,NA
"491","Clark",-20.61,"ASHLAND",1976-09-21,370822099452801,25,0,c(-99.75901, 37.137063),"1976","71-0",-99.75901,37.137063,NA,NA
"492","Meade",-84.88,"Lake Meade",1976-01-12,370819100250601,119,0,c(-100.420206, 37.139455),"1976","143-72",-100.420206,37.139455,156.0869141,"132-197"
"493","Gray",-97.58,NA,1976-01-26,373108100255401,69,0,c(-100.432617, 37.519341),"1976","143-72",-100.432617,37.519341,82.6523666,"66-131"
"494","Meade",-28.73,"Fowler",1976-01-13,372746100103701,119,0,c(-100.180021, 37.467837),"1976","71-0",-100.180021,37.467837,132.3891754,"132-197"
"495","Meade",-29.04,NA,1976-01-13,372620100114301,119,0,c(-100.197425, 37.443184),"1976","71-0",-100.197425,37.443184,152.8367462,"132-197"
"496","Meade",-9.87,"Meade NE",1976-01-13,372307100171401,119,0,c(-100.289022, 37.387604),"1976","71-0",-100.289022,37.387604,269.5099792,"263-328"
"497","Meade",-9.76,"Meade NE",1976-03-03,372307100171401,119,0,c(-100.289022, 37.387604),"1976","71-0",-100.289022,37.387604,269.5099792,"263-328"
"498","Meade",-8.56,"Meade NE",1976-06-22,372307100171401,119,0,c(-100.289022, 37.387604),"1976","71-0",-100.289022,37.387604,269.5099792,"263-328"
"499","Meade",-9.81,"Meade NE",1976-09-16,372307100171401,119,0,c(-100.289022, 37.387604),"1976","71-0",-100.289022,37.387604,269.5099792,"263-328"
"500","Ford",-17.32,"Fort Dodge",1976-03-22,374356099584201,57,0,c(-99.980911, 37.73847),"1976","71-0",-99.980911,37.73847,129.6621704,"66-131"
"501","Ford",-27.12,"Fort Dodge",1976-06-29,374356099584201,57,0,c(-99.980911, 37.73847),"1976","71-0",-99.980911,37.73847,129.6621704,"66-131"
"502","Ford",-19.39,"Fort Dodge",1976-09-22,374356099584201,57,0,c(-99.980911, 37.73847),"1976","71-0",-99.980911,37.73847,129.6621704,"66-131"
"503","Ford",-15.19,"Fort Dodge",1976-12-21,374356099584201,57,0,c(-99.980911, 37.73847),"1976","71-0",-99.980911,37.73847,129.6621704,"66-131"
"504","Ford",-16.54,"Fort Dodge",1976-03-22,374337099572801,57,0,c(-99.96066, 37.73265),"1976","71-0",-99.96066,37.73265,116.5309982,"66-131"
"505","Ford",-38.23,"Fort Dodge",1976-06-29,374337099572801,57,0,c(-99.96066, 37.73265),"1976","71-0",-99.96066,37.73265,116.5309982,"66-131"
"506","Ford",-16.93,NA,1976-12-28,374409099590601,57,0,c(-99.986541, 37.742528),"1976","71-0",-99.986541,37.742528,129.804306,"66-131"
"507","Ford",-32.49,NA,1976-12-28,374410099571101,57,0,c(-99.955, 37.742177),"1976","71-0",-99.955,37.742177,115.5149918,"66-131"
"508","Ford",-35.15,NA,1976-12-28,374422099580101,57,0,c(-99.968612, 37.745931),"1976","71-0",-99.968612,37.745931,122.8463593,"66-131"
"509","Clark",-140.05,"Simmons Creek",1976-03-18,372758099520401,25,0,c(-99.870362, 37.469129),"1976","143-72",-99.870362,37.469129,27.0206871,"0-65"
"510","Clark",-142.17,"Simmons Creek",1976-06-21,372758099520401,25,0,c(-99.870362, 37.469129),"1976","143-72",-99.870362,37.469129,27.0206871,"0-65"
"511","Clark",-140.3,"Simmons Creek",1976-09-21,372758099520401,25,0,c(-99.870362, 37.469129),"1976","143-72",-99.870362,37.469129,27.0206871,"0-65"
"512","Clark",-140.6,"Simmons Creek",1976-12-20,372758099520401,25,0,c(-99.870362, 37.469129),"1976","143-72",-99.870362,37.469129,27.0206871,"0-65"
"513","Meade",-101.92,NA,1976-01-13,372821100210901,119,0,c(-100.353314, 37.4739),"1976","143-72",-100.353314,37.4739,186.0617371,"132-197"
"514","Ford",-140,"FORT DODGE",1976-06-01,373827099581101,57,0,c(-99.97116, 37.640158),"1976","143-72",-99.97116,37.640158,70.5877838,"66-131"
"515","Gray",-151.81,NA,1976-01-27,373557100235102,69,0,c(-100.398664, 37.599541),"1976","215-144",-100.398664,37.599541,34.2649384,"0-65"
"516","Ford",-97,"FORT DODGE SW",1976-08-23,373358099550801,57,0,c(-99.91953, 37.566371),"1976","143-72",-99.91953,37.566371,106.4853058,"66-131"
"517","Ford",-116,"KINGSDOWN",1976-08-25,373538099450101,57,0,c(-99.750161, 37.594656),"1976","143-72",-99.750161,37.594656,55.551178,"0-65"
"518","Ford",-25.3,NA,1976-12-28,374356099575201,57,0,c(-99.966277, 37.738652),"1976","71-0",-99.966277,37.738652,123.0897217,"66-131"
"519","Ford",-114.34,"DODGE CITY",1976-09-28,374741100070001,57,0,c(-100.118457, 37.797705),"1976","143-72",-100.118457,37.797705,101.3006897,"66-131"
"520","Ford",-154.9,NA,1976-12-28,374713099443101,57,0,c(-99.745323, 37.793171),"1976","215-144",-99.745323,37.793171,10,"0-65"
"521","Gray",-8.11,"Cimarron",1976-01-26,374714100182601,69,0,c(-100.309471, 37.788222),"1976","71-0",-100.309471,37.788222,115.1457214,"66-131"
"522","Ford",-17.72,"Fort Dodge",1976-03-22,374245099563001,57,0,c(-99.94334, 37.7183),"1976","71-0",-99.94334,37.7183,105.0960999,"66-131"
"523","Ford",-29.88,"Fort Dodge",1976-06-29,374245099563001,57,0,c(-99.94334, 37.7183),"1976","71-0",-99.94334,37.7183,105.0960999,"66-131"
"524","Ford",-22.85,"Fort Dodge",1976-09-22,374245099563001,57,0,c(-99.94334, 37.7183),"1976","71-0",-99.94334,37.7183,105.0960999,"66-131"
"525","Gray",-83.11,"Haggard",1976-01-26,374251100182601,69,0,c(-100.310072, 37.716172),"1976","143-72",-100.310072,37.716172,39.4624901,"0-65"
"526","Ford",-26.45,NA,1976-12-28,374409099581701,57,0,c(-99.973052, 37.742391),"1976","71-0",-99.973052,37.742391,125.9997559,"66-131"
"527","Ford",-28.63,NA,1976-12-28,374409099581702,57,0,c(-99.973052, 37.742391),"1976","71-0",-99.973052,37.742391,125.9997559,"66-131"
"528","Ford",-141.89,NA,1976-12-28,374423099562201,57,0,c(-99.941374, 37.745656),"1976","143-72",-99.941374,37.745656,110.714035,"66-131"
"529","Gray",-65.79,NA,1976-01-27,372909100131201,69,0,c(-100.221917, 37.488869),"1976","71-0",-100.221917,37.488869,81.1069031,"66-131"
"530","Meade",-42.67,NA,1976-01-13,372719100124901,119,0,c(-100.215142, 37.459725),"1976","71-0",-100.215142,37.459725,142.1052551,"132-197"
"531","Meade",-30.05,"Fowler",1976-01-13,372539100142501,119,0,c(-100.243402, 37.42974),"1976","71-0",-100.243402,37.42974,213.5606079,"198-262"
"532","Gray",-108.31,NA,1976-01-26,373015100245701,69,0,c(-100.416991, 37.504662),"1976","143-72",-100.416991,37.504662,108.2487564,"66-131"
"533","Ford",-151.41,NA,1976-12-28,374515099573001,57,0,c(-99.966459, 37.76035),"1976","215-144",-99.966459,37.76035,106.0087585,"66-131"
"534","Ford",-128.72,NA,1976-12-28,374502099565501,57,0,c(-99.950468, 37.756551),"1976","143-72",-99.950468,37.756551,108.5030975,"66-131"
"535","Ford",-169.29,"Spearville",1976-01-05,374725099485601,57,0,c(-99.816426, 37.797599),"1976","215-144",-99.816426,37.797599,25.0045261,"0-65"
"536","Ford",-172.37,"Spearville",1976-06-28,374725099485601,57,0,c(-99.816426, 37.797599),"1976","215-144",-99.816426,37.797599,25.0045261,"0-65"
"537","Ford",-176.56,"Spearville",1976-09-22,374725099485601,57,0,c(-99.816426, 37.797599),"1976","215-144",-99.816426,37.797599,25.0045261,"0-65"
"538","Ford",-173.13,"Spearville",1976-12-28,374725099485601,57,0,c(-99.816426, 37.797599),"1976","215-144",-99.816426,37.797599,25.0045261,"0-65"
"539","Ford",-147.4,NA,1976-12-28,374654099454901,57,0,c(-99.765847, 37.787693),"1976","215-144",-99.765847,37.787693,10,"0-65"
"540","Ford",-15.64,NA,1976-12-28,374415099584201,57,0,c(-99.979888, 37.744283),"1976","71-0",-99.979888,37.744283,125.9997559,"66-131"
"541","Gray",-25.32,"Cimarron",1976-01-26,374820100220502,69,0,c(-100.365623, 37.806572),"1976","71-0",-100.365623,37.806572,118.2437592,"66-131"
"542","Gray",-108.17,"Meade NE",1976-01-27,372942100192201,69,0,c(-100.322623, 37.496793),"1976","143-72",-100.322623,37.496793,149.0709534,"132-197"
"543","Ford",-108,"ASHLAND NW",1976-12-27,372825099434501,57,0,c(-99.730247, 37.473777),"1976","143-72",-99.730247,37.473777,42.1457214,"0-65"
"544","Ford",-110,"SOUTH DODGE",1976-07-30,373829100002101,57,0,c(-100.005051, 37.642294),"1976","143-72",-100.005051,37.642294,52.1992531,"0-65"
"545","Ford",-41,"BUCKLIN",1976-10-30,373659099404301,57,0,c(-99.679783, 37.62067),"1976","71-0",-99.679783,37.62067,25.5708027,"0-65"
"546","Meade",-162.72,"Missler",1976-01-14,371938100250102,119,0,c(-100.417226, 37.328853),"1976","215-144",-100.417226,37.328853,230.2567139,"198-262"
"547","Ford",-136,"FORT DODGE",1976-01-01,373748099581101,57,0,c(-99.968978, 37.62908),"1976","143-72",-99.968978,37.62908,82.1977386,"66-131"
"548","Ford",-125,"KINGSDOWN",1976-05-24,373342099522101,57,0,c(-99.872968, 37.561026),"1976","143-72",-99.872968,37.561026,108.5391235,"66-131"
"549","Ford",-56.9,NA,1976-03-22,374632099381801,57,0,c(-99.640843, 37.782429),"1976","71-0",-99.640843,37.782429,26.8758469,"0-65"
"550","Ford",-64.55,NA,1976-06-29,374632099381801,57,0,c(-99.640843, 37.782429),"1976","71-0",-99.640843,37.782429,26.8758469,"0-65"
"551","Ford",-73.65,NA,1976-09-22,374632099381801,57,0,c(-99.640843, 37.782429),"1976","143-72",-99.640843,37.782429,26.8758469,"0-65"
"552","Ford",-60.13,NA,1976-12-21,374632099381801,57,0,c(-99.640843, 37.782429),"1976","71-0",-99.640843,37.782429,26.8758469,"0-65"
"553","Gray",-35.13,"Cimarron",1976-01-26,374502100153401,69,0,c(-100.26082, 37.753572),"1976","71-0",-100.26082,37.753572,108.3918152,"66-131"
"554","Ford",-8.42,"Ford",1976-03-22,374048099474001,57,0,c(-99.79676, 37.686928),"1976","71-0",-99.79676,37.686928,10,"0-65"
"555","Ford",-55.42,"Ford",1976-09-22,374048099474001,57,0,c(-99.79676, 37.686928),"1976","71-0",-99.79676,37.686928,10,"0-65"
"556","Ford",-27.23,"Ford",1976-12-21,374048099474001,57,0,c(-99.79676, 37.686928),"1976","71-0",-99.79676,37.686928,10,"0-65"
"557","Gray",-86.21,"Montezuma NW",1976-01-27,374001100254501,69,0,c(-100.429154, 37.66772),"1976","143-72",-100.429154,37.66772,64.569664,"0-65"
"558","Ford",-157,"FORT DODGE SW",1976-11-01,373131099591001,57,0,c(-99.988532, 37.530621),"1976","215-144",-99.988532,37.530621,48.4045258,"0-65"
"559","Ford",-157.36,"FORT DODGE SW",1976-11-19,373131099591001,57,0,c(-99.988532, 37.530621),"1976","215-144",-99.988532,37.530621,48.4045258,"0-65"
"560","Ford",-100,"FORT DODGE SW",1976-04-19,373528099553501,57,0,c(-99.93493, 37.591441),"1976","143-72",-99.93493,37.591441,111.0300522,"66-131"
"561","Ford",-24.41,"Fort Dodge",1976-03-22,374356099573601,57,0,c(-99.96165, 37.73894),"1976","71-0",-99.96165,37.73894,118.6846771,"66-131"
"562","Ford",-35.19,"Fort Dodge",1976-06-29,374356099573601,57,0,c(-99.96165, 37.73894),"1976","71-0",-99.96165,37.73894,118.6846771,"66-131"
"563","Ford",-31.41,"Fort Dodge",1976-09-22,374356099573601,57,0,c(-99.96165, 37.73894),"1976","71-0",-99.96165,37.73894,118.6846771,"66-131"
"564","Ford",-27.21,"Fort Dodge",1976-12-21,374356099573601,57,0,c(-99.96165, 37.73894),"1976","71-0",-99.96165,37.73894,118.6846771,"66-131"
"565","Ford",-18.1,NA,1976-12-28,374356099581701,57,0,c(-99.97293, 37.738744),"1976","71-0",-99.97293,37.738744,127.0583344,"66-131"
"566","Ford",-136.86,"Wright",1976-03-22,374442099573601,57,0,c(-99.96068, 37.7523),"1976","143-72",-99.96068,37.7523,112.6618652,"66-131"
"567","Ford",-147.04,"Wright",1976-06-29,374442099573601,57,0,c(-99.96068, 37.7523),"1976","215-144",-99.96068,37.7523,112.6618652,"66-131"
"568","Ford",-140.95,"Wright",1976-09-28,374442099573601,57,0,c(-99.96068, 37.7523),"1976","143-72",-99.96068,37.7523,112.6618652,"66-131"
"569","Ford",-140.64,"Wright",1976-12-21,374442099573601,57,0,c(-99.96068, 37.7523),"1976","143-72",-99.96068,37.7523,112.6618652,"66-131"
"570","Ford",-181.07,NA,1976-12-28,374725099492001,57,0,c(-99.822733, 37.797185),"1976","215-144",-99.822733,37.797185,25.8164005,"0-65"
"571","Ford",-43.87,NA,1976-12-28,374416099573601,57,0,c(-99.961775, 37.744039),"1976","71-0",-99.961775,37.744039,119.2307663,"66-131"
"572","Ford",-37.59,NA,1976-12-28,374422099582501,57,0,c(-99.975387, 37.746007),"1976","71-0",-99.975387,37.746007,125.9997559,"66-131"
"573","Gray",-100.59,"Meade NW",1976-01-26,372922100232701,69,0,c(-100.392625, 37.489343),"1976","143-72",-100.392625,37.489343,126.2110367,"66-131"
"574","Gray",-101.99,"Meade NW",1976-06-22,372922100232701,69,0,c(-100.392625, 37.489343),"1976","143-72",-100.392625,37.489343,126.2110367,"66-131"
"575","Meade",-115.59,"Meade NW",1976-01-13,372638100241701,119,0,c(-100.406626, 37.443653),"1976","143-72",-100.406626,37.443653,306.4900513,"263-328"
"576","Meade",-28.09,"Meade",1976-01-13,372026100162402,119,0,c(-100.27307, 37.342935),"1976","71-0",-100.27307,37.342935,160.3096924,"132-197"
"577","Meade",-66.72,"Meade",1976-01-15,371732100214701,119,0,c(-100.363724, 37.292754),"1976","71-0",-100.363724,37.292754,268.5789185,"263-328"
"578","Meade",-67.08,"Meade",1976-03-03,371732100214701,119,0,c(-100.363724, 37.292754),"1976","71-0",-100.363724,37.292754,268.5789185,"263-328"
"579","Meade",-68.39,"Meade",1976-06-22,371732100214701,119,0,c(-100.363724, 37.292754),"1976","71-0",-100.363724,37.292754,268.5789185,"263-328"
"580","Meade",-70.18,"Meade",1976-09-16,371732100214701,119,0,c(-100.363724, 37.292754),"1976","71-0",-100.363724,37.292754,268.5789185,"263-328"
"581","Ford",-64.75,"ENSIGN SW",1976-03-03,372957100110901,57,0,c(-100.189519, 37.503852),"1976","71-0",-100.189519,37.503852,68.5083923,"66-131"
"582","Ford",-67.43,"ENSIGN SW",1976-06-22,372957100110901,57,0,c(-100.189519, 37.503852),"1976","71-0",-100.189519,37.503852,68.5083923,"66-131"
"583","Ford",-72.63,"ENSIGN SW",1976-09-16,372957100110901,57,0,c(-100.189519, 37.503852),"1976","143-72",-100.189519,37.503852,68.5083923,"66-131"
"584","Gray",-169.28,NA,1976-01-26,373947100134201,69,0,c(-100.229896, 37.665458),"1976","215-144",-100.229896,37.665458,81.2267151,"66-131"
"585","Gray",-169.14,NA,1976-03-03,373947100134201,69,0,c(-100.229896, 37.665458),"1976","215-144",-100.229896,37.665458,81.2267151,"66-131"
"586","Gray",-169.32,NA,1976-06-22,373947100134201,69,0,c(-100.229896, 37.665458),"1976","215-144",-100.229896,37.665458,81.2267151,"66-131"
"587","Ford",-10.2,NA,1976-03-22,374445100025501,57,0,c(-100.050218, 37.750143),"1976","71-0",-100.050218,37.750143,124.5000458,"66-131"
"588","Ford",-10.17,NA,1976-06-30,374445100025501,57,0,c(-100.050218, 37.750143),"1976","71-0",-100.050218,37.750143,124.5000458,"66-131"
"589","Ford",-11.57,NA,1976-09-22,374445100025501,57,0,c(-100.050218, 37.750143),"1976","71-0",-100.050218,37.750143,124.5000458,"66-131"
"590","Ford",-11.33,NA,1976-12-21,374445100025501,57,0,c(-100.050218, 37.750143),"1976","71-0",-100.050218,37.750143,124.5000458,"66-131"
"591","Ford",-140.1,"SOUTH DODGE",1976-03-22,373838100053901,57,0,c(-100.096215, 37.649391),"1976","143-72",-100.096215,37.649391,19.6833458,"0-65"
"592","Ford",-142.23,"SOUTH DODGE",1976-06-29,373838100053901,57,0,c(-100.096215, 37.649391),"1976","143-72",-100.096215,37.649391,19.6833458,"0-65"
"593","Ford",-144.62,"SOUTH DODGE",1976-09-22,373838100053901,57,0,c(-100.096215, 37.649391),"1976","215-144",-100.096215,37.649391,19.6833458,"0-65"
"594","Ford",-141.75,"SOUTH DODGE",1976-12-21,373838100053901,57,0,c(-100.096215, 37.649391),"1976","143-72",-100.096215,37.649391,19.6833458,"0-65"
"595","Gray",-129.75,"Haggard",1976-01-26,374231100154201,69,0,c(-100.26472, 37.710222),"1976","143-72",-100.26472,37.710222,70.3595123,"66-131"
"596","Ford",-31.12,"Fort Dodge",1976-03-22,374357099570301,57,0,c(-99.95183, 37.7382),"1976","71-0",-99.95183,37.7382,109.8614197,"66-131"
"597","Ford",-48.41,"Fort Dodge",1976-06-29,374357099570301,57,0,c(-99.95183, 37.7382),"1976","71-0",-99.95183,37.7382,109.8614197,"66-131"
"598","Ford",-35.91,"Fort Dodge",1976-09-22,374357099570301,57,0,c(-99.95183, 37.7382),"1976","71-0",-99.95183,37.7382,109.8614197,"66-131"
"599","Ford",-32.73,"Fort Dodge",1976-12-21,374357099570301,57,0,c(-99.95183, 37.7382),"1976","71-0",-99.95183,37.7382,109.8614197,"66-131"
"600","Ford",-136.05,NA,1976-12-28,374449099561401,57,0,c(-99.939131, 37.752843),"1976","143-72",-99.939131,37.752843,107.562149,"66-131"
"601","Ford",-78.53,"FORT DODGE",1976-03-22,374146099570301,57,0,c(-99.952925, 37.702138),"1976","143-72",-99.952925,37.702138,26.7873592,"0-65"
"602","Ford",-106.38,"FORT DODGE",1976-06-29,374146099570301,57,0,c(-99.952925, 37.702138),"1976","143-72",-99.952925,37.702138,26.7873592,"0-65"
"603","Ford",-80.92,"FORT DODGE",1976-09-22,374146099570301,57,0,c(-99.952925, 37.702138),"1976","143-72",-99.952925,37.702138,26.7873592,"0-65"
"604","Ford",-9.8,"FT DODGE",1976-01-05,374258099555701,57,0,c(-99.93613, 37.72142),"1976","71-0",-99.93613,37.72142,112.2313385,"66-131"
"605","Ford",-9.8,"FT DODGE",1976-01-10,374258099555701,57,0,c(-99.93613, 37.72142),"1976","71-0",-99.93613,37.72142,112.2313385,"66-131"
"606","Ford",-9.63,"FT DODGE",1976-01-15,374258099555701,57,0,c(-99.93613, 37.72142),"1976","71-0",-99.93613,37.72142,112.2313385,"66-131"
"607","Ford",-9.58,"FT DODGE",1976-01-20,374258099555701,57,0,c(-99.93613, 37.72142),"1976","71-0",-99.93613,37.72142,112.2313385,"66-131"
"608","Ford",-9.47,"FT DODGE",1976-01-25,374258099555701,57,0,c(-99.93613, 37.72142),"1976","71-0",-99.93613,37.72142,112.2313385,"66-131"
"609","Ford",-9.57,"FT DODGE",1976-01-31,374258099555701,57,0,c(-99.93613, 37.72142),"1976","71-0",-99.93613,37.72142,112.2313385,"66-131"
"610","Ford",-9.47,"FT DODGE",1976-02-05,374258099555701,57,0,c(-99.93613, 37.72142),"1976","71-0",-99.93613,37.72142,112.2313385,"66-131"
"611","Ford",-9.78,"FT DODGE",1976-02-10,374258099555701,57,0,c(-99.93613, 37.72142),"1976","71-0",-99.93613,37.72142,112.2313385,"66-131"
"612","Ford",-10.1,"FT DODGE",1976-02-15,374258099555701,57,0,c(-99.93613, 37.72142),"1976","71-0",-99.93613,37.72142,112.2313385,"66-131"
"613","Ford",-11.39,"FT DODGE",1976-02-20,374258099555701,57,0,c(-99.93613, 37.72142),"1976","71-0",-99.93613,37.72142,112.2313385,"66-131"
"614","Ford",-10.01,"FT DODGE",1976-02-25,374258099555701,57,0,c(-99.93613, 37.72142),"1976","71-0",-99.93613,37.72142,112.2313385,"66-131"
"615","Ford",-11.43,"FT DODGE",1976-02-29,374258099555701,57,0,c(-99.93613, 37.72142),"1976","71-0",-99.93613,37.72142,112.2313385,"66-131"
"616","Ford",-10.86,"FT DODGE",1976-03-05,374258099555701,57,0,c(-99.93613, 37.72142),"1976","71-0",-99.93613,37.72142,112.2313385,"66-131"
"617","Ford",-9.96,"FT DODGE",1976-03-10,374258099555701,57,0,c(-99.93613, 37.72142),"1976","71-0",-99.93613,37.72142,112.2313385,"66-131"
"618","Ford",-9.76,"FT DODGE",1976-03-15,374258099555701,57,0,c(-99.93613, 37.72142),"1976","71-0",-99.93613,37.72142,112.2313385,"66-131"
"619","Ford",-11.87,"FT DODGE",1976-03-20,374258099555701,57,0,c(-99.93613, 37.72142),"1976","71-0",-99.93613,37.72142,112.2313385,"66-131"
"620","Ford",-15.6,"FT DODGE",1976-03-25,374258099555701,57,0,c(-99.93613, 37.72142),"1976","71-0",-99.93613,37.72142,112.2313385,"66-131"
"621","Ford",-14.08,"FT DODGE",1976-03-31,374258099555701,57,0,c(-99.93613, 37.72142),"1976","71-0",-99.93613,37.72142,112.2313385,"66-131"
"622","Ford",-17.69,"FT DODGE",1976-04-05,374258099555701,57,0,c(-99.93613, 37.72142),"1976","71-0",-99.93613,37.72142,112.2313385,"66-131"
"623","Ford",-26.76,"FT DODGE",1976-04-10,374258099555701,57,0,c(-99.93613, 37.72142),"1976","71-0",-99.93613,37.72142,112.2313385,"66-131"
"624","Ford",-21.65,"FT DODGE",1976-04-15,374258099555701,57,0,c(-99.93613, 37.72142),"1976","71-0",-99.93613,37.72142,112.2313385,"66-131"
"625","Ford",-15.29,"FT DODGE",1976-04-20,374258099555701,57,0,c(-99.93613, 37.72142),"1976","71-0",-99.93613,37.72142,112.2313385,"66-131"
"626","Ford",-10.94,"FT DODGE",1976-04-25,374258099555701,57,0,c(-99.93613, 37.72142),"1976","71-0",-99.93613,37.72142,112.2313385,"66-131"
"627","Ford",-11.44,"FT DODGE",1976-04-30,374258099555701,57,0,c(-99.93613, 37.72142),"1976","71-0",-99.93613,37.72142,112.2313385,"66-131"
"628","Ford",-10.02,"FT DODGE",1976-05-05,374258099555701,57,0,c(-99.93613, 37.72142),"1976","71-0",-99.93613,37.72142,112.2313385,"66-131"
"629","Ford",-9.68,"FT DODGE",1976-05-10,374258099555701,57,0,c(-99.93613, 37.72142),"1976","71-0",-99.93613,37.72142,112.2313385,"66-131"
"630","Ford",-9.18,"FT DODGE",1976-05-15,374258099555701,57,0,c(-99.93613, 37.72142),"1976","71-0",-99.93613,37.72142,112.2313385,"66-131"
"631","Ford",-9.84,"FT DODGE",1976-05-20,374258099555701,57,0,c(-99.93613, 37.72142),"1976","71-0",-99.93613,37.72142,112.2313385,"66-131"
"632","Ford",-9.95,"FT DODGE",1976-05-25,374258099555701,57,0,c(-99.93613, 37.72142),"1976","71-0",-99.93613,37.72142,112.2313385,"66-131"
"633","Ford",-10.16,"FT DODGE",1976-05-31,374258099555701,57,0,c(-99.93613, 37.72142),"1976","71-0",-99.93613,37.72142,112.2313385,"66-131"
"634","Ford",-16.05,"FT DODGE",1976-06-05,374258099555701,57,0,c(-99.93613, 37.72142),"1976","71-0",-99.93613,37.72142,112.2313385,"66-131"
"635","Ford",-19.1,"FT DODGE",1976-06-10,374258099555701,57,0,c(-99.93613, 37.72142),"1976","71-0",-99.93613,37.72142,112.2313385,"66-131"
"636","Ford",-31.16,"FT DODGE",1976-06-30,374258099555701,57,0,c(-99.93613, 37.72142),"1976","71-0",-99.93613,37.72142,112.2313385,"66-131"
"637","Ford",-35.44,"FT DODGE",1976-07-20,374258099555701,57,0,c(-99.93613, 37.72142),"1976","71-0",-99.93613,37.72142,112.2313385,"66-131"
"638","Ford",-37.33,"FT DODGE",1976-07-25,374258099555701,57,0,c(-99.93613, 37.72142),"1976","71-0",-99.93613,37.72142,112.2313385,"66-131"
"639","Ford",-38.25,"FT DODGE",1976-07-31,374258099555701,57,0,c(-99.93613, 37.72142),"1976","71-0",-99.93613,37.72142,112.2313385,"66-131"
"640","Ford",-35.82,"FT DODGE",1976-08-05,374258099555701,57,0,c(-99.93613, 37.72142),"1976","71-0",-99.93613,37.72142,112.2313385,"66-131"
"641","Ford",-39.2,"FT DODGE",1976-08-10,374258099555701,57,0,c(-99.93613, 37.72142),"1976","71-0",-99.93613,37.72142,112.2313385,"66-131"
"642","Ford",-39.05,"FT DODGE",1976-08-15,374258099555701,57,0,c(-99.93613, 37.72142),"1976","71-0",-99.93613,37.72142,112.2313385,"66-131"
"643","Ford",-37.1,"FT DODGE",1976-08-20,374258099555701,57,0,c(-99.93613, 37.72142),"1976","71-0",-99.93613,37.72142,112.2313385,"66-131"
"644","Ford",-35.96,"FT DODGE",1976-08-25,374258099555701,57,0,c(-99.93613, 37.72142),"1976","71-0",-99.93613,37.72142,112.2313385,"66-131"
"645","Ford",-39.14,"FT DODGE",1976-08-31,374258099555701,57,0,c(-99.93613, 37.72142),"1976","71-0",-99.93613,37.72142,112.2313385,"66-131"
"646","Ford",-15.86,"FT DODGE",1976-09-25,374258099555701,57,0,c(-99.93613, 37.72142),"1976","71-0",-99.93613,37.72142,112.2313385,"66-131"
"647","Ford",-14.72,"FT DODGE",1976-09-30,374258099555701,57,0,c(-99.93613, 37.72142),"1976","71-0",-99.93613,37.72142,112.2313385,"66-131"
"648","Ford",-14.85,"FT DODGE",1976-10-05,374258099555701,57,0,c(-99.93613, 37.72142),"1976","71-0",-99.93613,37.72142,112.2313385,"66-131"
"649","Ford",-13.39,"FT DODGE",1976-10-10,374258099555701,57,0,c(-99.93613, 37.72142),"1976","71-0",-99.93613,37.72142,112.2313385,"66-131"
"650","Ford",-14.09,"FT DODGE",1976-10-15,374258099555701,57,0,c(-99.93613, 37.72142),"1976","71-0",-99.93613,37.72142,112.2313385,"66-131"
"651","Ford",-13.08,"FT DODGE",1976-10-20,374258099555701,57,0,c(-99.93613, 37.72142),"1976","71-0",-99.93613,37.72142,112.2313385,"66-131"
"652","Ford",-13.9,"FT DODGE",1976-10-25,374258099555701,57,0,c(-99.93613, 37.72142),"1976","71-0",-99.93613,37.72142,112.2313385,"66-131"
"653","Ford",-15.8,"FT DODGE",1976-10-31,374258099555701,57,0,c(-99.93613, 37.72142),"1976","71-0",-99.93613,37.72142,112.2313385,"66-131"
"654","Ford",-17.33,"FT DODGE",1976-11-05,374258099555701,57,0,c(-99.93613, 37.72142),"1976","71-0",-99.93613,37.72142,112.2313385,"66-131"
"655","Ford",-14.8,"FT DODGE",1976-11-10,374258099555701,57,0,c(-99.93613, 37.72142),"1976","71-0",-99.93613,37.72142,112.2313385,"66-131"
"656","Ford",-15.22,"FT DODGE",1976-11-15,374258099555701,57,0,c(-99.93613, 37.72142),"1976","71-0",-99.93613,37.72142,112.2313385,"66-131"
"657","Ford",-17.77,"FT DODGE",1976-11-20,374258099555701,57,0,c(-99.93613, 37.72142),"1976","71-0",-99.93613,37.72142,112.2313385,"66-131"
"658","Ford",-13.5,"FT DODGE",1976-12-25,374258099555701,57,0,c(-99.93613, 37.72142),"1976","71-0",-99.93613,37.72142,112.2313385,"66-131"
"659","Ford",-12.12,"FT DODGE",1976-12-31,374258099555701,57,0,c(-99.93613, 37.72142),"1976","71-0",-99.93613,37.72142,112.2313385,"66-131"
"660","Edwards",-38.95,"CENTERVIEW",1976-03-17,374803099210201,47,0,c(-99.350979, 37.805849),"1976","71-0",-99.350979,37.805849,125.1701508,"66-131"
"661","Edwards",-38.73,"CENTERVIEW",1976-06-29,374803099210201,47,0,c(-99.350979, 37.805849),"1976","71-0",-99.350979,37.805849,125.1701508,"66-131"
"662","Kiowa",-13.5,"Greensburg NE",1976-03-18,374117099193001,97,0,c(-99.327225, 37.689574),"1976","71-0",-99.327225,37.689574,118.9040146,"66-131"
"663","Kiowa",-13.49,"Greensburg NE",1976-06-21,374117099193001,97,0,c(-99.327225, 37.689574),"1976","71-0",-99.327225,37.689574,118.9040146,"66-131"
"664","Kiowa",-14.3,"Greensburg NE",1976-09-21,374117099193001,97,0,c(-99.327225, 37.689574),"1976","71-0",-99.327225,37.689574,118.9040146,"66-131"
"665","Kiowa",-15.05,"Greensburg NE",1976-12-20,374117099193001,97,0,c(-99.327225, 37.689574),"1976","71-0",-99.327225,37.689574,118.9040146,"66-131"
"666","Pratt",-16.45,NA,1976-03-18,374648098522901,151,0,c(-98.875542, 37.779711),"1976","71-0",-98.875542,37.779711,180.9039917,"132-197"
"667","Pratt",-16.53,NA,1976-09-20,374648098522901,151,0,c(-98.875542, 37.779711),"1976","71-0",-98.875542,37.779711,180.9039917,"132-197"
"668","Pratt",-16.48,NA,1976-12-20,374648098522901,151,0,c(-98.875542, 37.779711),"1976","71-0",-98.875542,37.779711,180.9039917,"132-197"
"669","Edwards",-43.87,"CENTERVIEW",1976-09-20,374803099205401,47,0,c(-99.34866, 37.805803),"1976","71-0",-99.34866,37.805803,125.1701508,"66-131"
"670","Edwards",-45.58,"CENTERVIEW",1976-12-21,374803099205401,47,0,c(-99.34866, 37.805803),"1976","71-0",-99.34866,37.805803,125.1701508,"66-131"
"671","Barber",-19.83,"AETNA",1976-12-20,370522098575401,7,0,c(-98.966, 37.088621),"1976","71-0",-98.966,37.088621,NA,NA
"672","Barber",-36.23,"SUN CITY SW",1976-12-20,372003098594401,7,0,c(-98.995933, 37.33419),"1976","71-0",-98.995933,37.33419,NA,NA
"673","Kiowa",-29.22,"Haviland NW",1976-03-18,374054099104501,97,0,c(-99.18199, 37.683232),"1976","71-0",-99.18199,37.683232,134.7836914,"132-197"
"674","Kiowa",-27.6,"Haviland NW",1976-06-21,374054099104501,97,0,c(-99.18199, 37.683232),"1976","71-0",-99.18199,37.683232,134.7836914,"132-197"
"675","Kiowa",-29.79,"Haviland NW",1976-09-21,374054099104501,97,0,c(-99.18199, 37.683232),"1976","71-0",-99.18199,37.683232,134.7836914,"132-197"
"676","Kiowa",-30.16,"Haviland NW",1976-12-20,374054099104501,97,0,c(-99.18199, 37.683232),"1976","71-0",-99.18199,37.683232,134.7836914,"132-197"
"677","Ford",-7.05,NA,1976-03-22,374559099343801,57,0,c(-99.579302, 37.773639),"1976","71-0",-99.579302,37.773639,45.6314163,"0-65"
"678","Ford",-6.94,NA,1976-06-29,374559099343801,57,0,c(-99.579302, 37.773639),"1976","71-0",-99.579302,37.773639,45.6314163,"0-65"
"679","Ford",-7.92,NA,1976-09-22,374559099343801,57,0,c(-99.579302, 37.773639),"1976","71-0",-99.579302,37.773639,45.6314163,"0-65"
"680","Ford",-7.93,NA,1976-12-21,374559099343801,57,0,c(-99.579302, 37.773639),"1976","71-0",-99.579302,37.773639,45.6314163,"0-65"
"681","Kiowa",-19.49,"Haviland NW",1976-03-18,374201099135401,97,0,c(-99.231897, 37.704226),"1976","71-0",-99.231897,37.704226,161.6461029,"132-197"
"682","Kiowa",-18.34,"Haviland NW",1976-06-21,374201099135401,97,0,c(-99.231897, 37.704226),"1976","71-0",-99.231897,37.704226,161.6461029,"132-197"
"683","Kiowa",-20.49,"Haviland NW",1976-09-21,374201099135401,97,0,c(-99.231897, 37.704226),"1976","71-0",-99.231897,37.704226,161.6461029,"132-197"
"684","Kiowa",-20.45,"Haviland NW",1976-12-20,374201099135401,97,0,c(-99.231897, 37.704226),"1976","71-0",-99.231897,37.704226,161.6461029,"132-197"
"685","Barber",-102.35,"AETNA",1976-12-20,370047098552901,7,0,c(-98.926507, 37.011351),"1976","143-72",-98.926507,37.011351,NA,NA
"686","Kiowa",-39.6,"GREENSBURG NW",1976-03-18,374001099282201,97,0,c(-99.472002, 37.67134),"1976","71-0",-99.472002,37.67134,97.9053268,"66-131"
"687","Kiowa",-41.75,"GREENSBURG NW",1976-06-21,374001099282201,97,0,c(-99.472002, 37.67134),"1976","71-0",-99.472002,37.67134,97.9053268,"66-131"
"688","Kiowa",-40.67,"GREENSBURG NW",1976-12-20,374001099282201,97,0,c(-99.472002, 37.67134),"1976","71-0",-99.472002,37.67134,97.9053268,"66-131"
"689","Comanche",-71.4,"COLDWATER",1976-03-18,371958099190101,33,0,c(-99.316574, 37.333281),"1976","71-0",-99.316574,37.333281,25,"0-65"
"690","Comanche",-72.63,"COLDWATER",1976-06-21,371958099190101,33,0,c(-99.316574, 37.333281),"1976","143-72",-99.316574,37.333281,25,"0-65"
"691","Comanche",-74.19,"COLDWATER",1976-09-21,371958099190101,33,0,c(-99.316574, 37.333281),"1976","143-72",-99.316574,37.333281,25,"0-65"
"692","Comanche",-69.7,"COLDWATER",1976-12-20,371958099190101,33,0,c(-99.316574, 37.333281),"1976","71-0",-99.316574,37.333281,25,"0-65"
"693","Barber",-4.19,"GERLANE",1976-03-18,371414098334701,7,0,c(-98.565286, 37.238808),"1976","71-0",-98.565286,37.238808,NA,NA
"694","Barber",-4.09,"GERLANE",1976-06-21,371414098334701,7,0,c(-98.565286, 37.238808),"1976","71-0",-98.565286,37.238808,NA,NA
"695","Barber",-4.55,"GERLANE",1976-09-21,371414098334701,7,0,c(-98.565286, 37.238808),"1976","71-0",-98.565286,37.238808,NA,NA
"696","Barber",-4.26,"GERLANE",1976-12-20,371414098334701,7,0,c(-98.565286, 37.238808),"1976","71-0",-98.565286,37.238808,NA,NA
"697","Reno",-24.85,"TTuron",1976-03-19,374637098272501,155,0,c(-98.460031, 37.776441),"1976","71-0",-98.460031,37.776441,111.0355072,"66-131"
"698","Reno",-24.16,"TTuron",1976-09-23,374637098272501,155,0,c(-98.460031, 37.776441),"1976","71-0",-98.460031,37.776441,111.0355072,"66-131"
"699","Reno",-24.33,"TTuron",1976-12-22,374637098272501,155,0,c(-98.460031, 37.776441),"1976","71-0",-98.460031,37.776441,111.0355072,"66-131"
"700","Kingman",-51.2,"Cunningham",1976-03-23,374309098232301,95,0,c(-98.392286, 37.71805),"1976","71-0",-98.392286,37.71805,93.6089401,"66-131"
"701","Kingman",-50.87,"Cunningham",1976-06-02,374309098232301,95,0,c(-98.392286, 37.71805),"1976","71-0",-98.392286,37.71805,93.6089401,"66-131"
"702","Kingman",-51.84,"Cunningham",1976-09-23,374309098232301,95,0,c(-98.392286, 37.71805),"1976","71-0",-98.392286,37.71805,93.6089401,"66-131"
"703","Kingman",-51.24,"Cunningham",1976-12-27,374309098232301,95,0,c(-98.392286, 37.71805),"1976","71-0",-98.392286,37.71805,93.6089401,"66-131"
"704","Pratt",-89.3,NA,1976-03-18,373140098410701,151,0,c(-98.685166, 37.528126),"1976","143-72",-98.685166,37.528126,133.6733093,"132-197"
"705","Pratt",-87.95,NA,1976-06-21,373140098410701,151,0,c(-98.685166, 37.528126),"1976","143-72",-98.685166,37.528126,133.6733093,"132-197"
"706","Pratt",-88.67,NA,1976-09-21,373140098410701,151,0,c(-98.685166, 37.528126),"1976","143-72",-98.685166,37.528126,133.6733093,"132-197"
"707","Pratt",-88.97,NA,1976-12-20,373140098410701,151,0,c(-98.685166, 37.528126),"1976","143-72",-98.685166,37.528126,133.6733093,"132-197"
"708","Kingman",-27.21,"ALANEDA",1976-03-23,373422098063301,95,0,c(-98.109625, 37.576689),"1976","71-0",-98.109625,37.576689,70.7506638,"66-131"
"709","Kingman",-27.5,"ALANEDA",1976-09-23,373422098063301,95,0,c(-98.109625, 37.576689),"1976","71-0",-98.109625,37.576689,70.7506638,"66-131"
"710","Kingman",-27.68,"ALANEDA",1976-12-27,373422098063301,95,0,c(-98.109625, 37.576689),"1976","71-0",-98.109625,37.576689,70.7506638,"66-131"
"711","Pratt",-45.24,"Pratt",1976-03-18,374438098441601,151,0,c(-98.738536, 37.74335),"1976","71-0",-98.738536,37.74335,180.9084473,"132-197"
"712","Pratt",-44.8,"Pratt",1976-06-21,374438098441601,151,0,c(-98.738536, 37.74335),"1976","71-0",-98.738536,37.74335,180.9084473,"132-197"
"713","Pratt",-47.19,"Pratt",1976-09-20,374438098441601,151,0,c(-98.738536, 37.74335),"1976","71-0",-98.738536,37.74335,180.9084473,"132-197"
"714","Pratt",-46.4,"Pratt",1976-12-20,374438098441601,151,0,c(-98.738536, 37.74335),"1976","71-0",-98.738536,37.74335,180.9084473,"132-197"
"715","Barber",-4.03,"GERLANE",1976-03-18,370837098314201,7,0,c(-98.530127, 37.144541),"1976","71-0",-98.530127,37.144541,NA,NA
"716","Barber",-4.16,"GERLANE",1976-06-21,370837098314201,7,0,c(-98.530127, 37.144541),"1976","71-0",-98.530127,37.144541,NA,NA
"717","Barber",-4.62,"GERLANE",1976-09-21,370837098314201,7,0,c(-98.530127, 37.144541),"1976","71-0",-98.530127,37.144541,NA,NA
"718","Barber",-3.9,"GERLANE",1976-12-20,370837098314201,7,0,c(-98.530127, 37.144541),"1976","71-0",-98.530127,37.144541,NA,NA
"719","Barber",-15.22,"MEDICINE LODGE SW",1976-03-18,371710098374501,7,0,c(-98.630358, 37.288091),"1976","71-0",-98.630358,37.288091,NA,NA
"720","Barber",-15.04,"MEDICINE LODGE SW",1976-06-21,371710098374501,7,0,c(-98.630358, 37.288091),"1976","71-0",-98.630358,37.288091,NA,NA
"721","Barber",-16.05,"MEDICINE LODGE SW",1976-09-21,371710098374501,7,0,c(-98.630358, 37.288091),"1976","71-0",-98.630358,37.288091,NA,NA
"722","Barber",-15.53,"MEDICINE LODGE SW",1976-12-20,371710098374501,7,0,c(-98.630358, 37.288091),"1976","71-0",-98.630358,37.288091,NA,NA
"723","Pratt",-75.77,NA,1976-03-18,374152098343101,151,0,c(-98.575481, 37.697177),"1976","143-72",-98.575481,37.697177,139.458252,"132-197"
"724","Pratt",-76.25,NA,1976-07-02,374152098343101,151,0,c(-98.575481, 37.697177),"1976","143-72",-98.575481,37.697177,139.458252,"132-197"
"725","Pratt",-76.59,NA,1976-09-21,374152098343101,151,0,c(-98.575481, 37.697177),"1976","143-72",-98.575481,37.697177,139.458252,"132-197"
"726","Pratt",-76.69,NA,1976-12-20,374152098343101,151,0,c(-98.575481, 37.697177),"1976","143-72",-98.575481,37.697177,139.458252,"132-197"
"727","Pratt",-42.64,"Cairo",1976-03-18,374403098372302,151,0,c(-98.622747, 37.732967),"1976","71-0",-98.622747,37.732967,175.0185394,"132-197"
"728","Pratt",-42.96,"Cairo",1976-07-02,374403098372302,151,0,c(-98.622747, 37.732967),"1976","71-0",-98.622747,37.732967,175.0185394,"132-197"
"729","Pratt",-43.95,"Cairo",1976-09-21,374403098372302,151,0,c(-98.622747, 37.732967),"1976","71-0",-98.622747,37.732967,175.0185394,"132-197"
"730","Pratt",-44.14,"Cairo",1976-12-20,374403098372302,151,0,c(-98.622747, 37.732967),"1976","71-0",-98.622747,37.732967,175.0185394,"132-197"
"731","Pratt",-56.22,"Coats NE",1976-03-18,374217098474101,151,0,c(-98.793528, 37.704818),"1976","71-0",-98.793528,37.704818,170.3772278,"132-197"
"732","Pratt",-56.04,"Coats NE",1976-06-21,374217098474101,151,0,c(-98.793528, 37.704818),"1976","71-0",-98.793528,37.704818,170.3772278,"132-197"
"733","Pratt",-57.85,"Coats NE",1976-09-20,374217098474101,151,0,c(-98.793528, 37.704818),"1976","71-0",-98.793528,37.704818,170.3772278,"132-197"
"734","Pratt",-56.92,"Coats NE",1976-12-20,374217098474101,151,0,c(-98.793528, 37.704818),"1976","71-0",-98.793528,37.704818,170.3772278,"132-197"
"735","Pratt",-44.77,"Cairo",1976-03-18,374403098372301,151,0,c(-98.622848, 37.732868),"1976","71-0",-98.622848,37.732868,175.0185394,"132-197"
"736","Pratt",-44.75,"Cairo",1976-07-02,374403098372301,151,0,c(-98.622848, 37.732868),"1976","71-0",-98.622848,37.732868,175.0185394,"132-197"
"737","Pratt",-45.53,"Cairo",1976-09-21,374403098372301,151,0,c(-98.622848, 37.732868),"1976","71-0",-98.622848,37.732868,175.0185394,"132-197"
"738","Pratt",-45.57,"Cairo",1976-12-20,374403098372301,151,0,c(-98.622848, 37.732868),"1976","71-0",-98.622848,37.732868,175.0185394,"132-197"
"739","Sedgwick",-19.23,"Colwich",1976-03-23,374811097310301,173,0,c(-97.518721, 37.801457),"1976","71-0",-97.518721,37.801457,195.7327881,"132-197"
"740","Sedgwick",-19.39,"Colwich",1976-07-02,374811097310301,173,0,c(-97.518721, 37.801457),"1976","71-0",-97.518721,37.801457,195.7327881,"132-197"
"741","Sedgwick",-19.73,"Colwich",1976-09-23,374811097310301,173,0,c(-97.518721, 37.801457),"1976","71-0",-97.518721,37.801457,195.7327881,"132-197"
"742","Sedgwick",-20.21,"Colwich",1976-12-27,374811097310301,173,0,c(-97.518721, 37.801457),"1976","71-0",-97.518721,37.801457,195.7327881,"132-197"
"743","Sedgwick",-17.05,"WICHITA WEST",1976-03-23,373802097241801,173,0,c(-97.407208, 37.632541),"1976","71-0",-97.407208,37.632541,NA,NA
"744","Sedgwick",-16.67,"WICHITA WEST",1976-07-02,373802097241801,173,0,c(-97.407208, 37.632541),"1976","71-0",-97.407208,37.632541,NA,NA
"745","Sedgwick",-17.37,"WICHITA WEST",1976-09-23,373802097241801,173,0,c(-97.407208, 37.632541),"1976","71-0",-97.407208,37.632541,NA,NA
"746","Sedgwick",-17.7,"WICHITA WEST",1976-12-27,373802097241801,173,0,c(-97.407208, 37.632541),"1976","71-0",-97.407208,37.632541,NA,NA
"747","Sedgwick",-25.32,NA,1976-01-01,374725097351501,173,0,c(-97.589444, 37.786389),"1976","71-0",-97.589444,37.786389,58.9524345,"0-65"
"748","Sedgwick",-25.01,NA,1976-06-30,374725097351501,173,0,c(-97.589444, 37.786389),"1976","71-0",-97.589444,37.786389,58.9524345,"0-65"
"749","Sedgwick",-26.03,NA,1976-10-01,374725097351501,173,0,c(-97.589444, 37.786389),"1976","71-0",-97.589444,37.786389,58.9524345,"0-65"
"750","Sedgwick",-26.32,NA,1976-12-28,374725097351501,173,0,c(-97.589444, 37.786389),"1976","71-0",-97.589444,37.786389,58.9524345,"0-65"
"751","Sedgwick",-28.63,"BAYNEVILLE",1976-03-23,373710097244201,173,0,c(-97.413166, 37.617768),"1976","71-0",-97.413166,37.617768,NA,NA
"752","Sedgwick",-28,"BAYNEVILLE",1976-07-02,373710097244201,173,0,c(-97.413166, 37.617768),"1976","71-0",-97.413166,37.617768,NA,NA
"753","Sedgwick",-28.98,"BAYNEVILLE",1976-09-23,373710097244201,173,0,c(-97.413166, 37.617768),"1976","71-0",-97.413166,37.617768,NA,NA
"754","Sedgwick",-28.88,"BAYNEVILLE",1976-12-27,373710097244201,173,0,c(-97.413166, 37.617768),"1976","71-0",-97.413166,37.617768,NA,NA
"755","Sedgwick",-22.03,NA,1976-03-23,374606097285101,173,0,c(-97.481998, 37.766583),"1976","71-0",-97.481998,37.766583,114.4644699,"66-131"
"756","Sedgwick",-22.32,NA,1976-07-02,374606097285101,173,0,c(-97.481998, 37.766583),"1976","71-0",-97.481998,37.766583,114.4644699,"66-131"
"757","Sedgwick",-23.23,NA,1976-09-23,374606097285101,173,0,c(-97.481998, 37.766583),"1976","71-0",-97.481998,37.766583,114.4644699,"66-131"
"758","Sedgwick",-23.31,NA,1976-12-27,374606097285101,173,0,c(-97.481998, 37.766583),"1976","71-0",-97.481998,37.766583,114.4644699,"66-131"
"759","Sedgwick",-17.8,"BAYNEVILLE",1976-03-23,373730097235301,173,0,c(-97.403934, 37.62326),"1976","71-0",-97.403934,37.62326,NA,NA
"760","Sedgwick",-14.77,"BAYNEVILLE",1976-07-02,373730097235301,173,0,c(-97.403934, 37.62326),"1976","71-0",-97.403934,37.62326,NA,NA
"761","Sedgwick",-15.23,"BAYNEVILLE",1976-09-23,373730097235301,173,0,c(-97.403934, 37.62326),"1976","71-0",-97.403934,37.62326,NA,NA
"762","Sedgwick",-15.15,"BAYNEVILLE",1976-12-27,373730097235301,173,0,c(-97.403934, 37.62326),"1976","71-0",-97.403934,37.62326,NA,NA
"763","Sedgwick",-12.43,NA,1976-03-23,374837097342001,173,0,c(-97.574177, 37.807385),"1976","71-0",-97.574177,37.807385,140.3693542,"132-197"
"764","Sedgwick",-12.46,NA,1976-07-02,374837097342001,173,0,c(-97.574177, 37.807385),"1976","71-0",-97.574177,37.807385,140.3693542,"132-197"
"765","Sedgwick",-14.06,NA,1976-09-23,374837097342001,173,0,c(-97.574177, 37.807385),"1976","71-0",-97.574177,37.807385,140.3693542,"132-197"
"766","Sedgwick",-13.71,NA,1976-12-27,374837097342001,173,0,c(-97.574177, 37.807385),"1976","71-0",-97.574177,37.807385,140.3693542,"132-197"
"767","Sedgwick",-5.11,NA,1976-01-01,374705097253601,173,0,c(-97.427083, 37.781528),"1976","71-0",-97.427083,37.781528,108.9587555,"66-131"
"768","Sedgwick",-4.26,NA,1976-06-30,374705097253601,173,0,c(-97.427083, 37.781528),"1976","71-0",-97.427083,37.781528,108.9587555,"66-131"
"769","Sedgwick",-5.67,NA,1976-10-01,374705097253601,173,0,c(-97.427083, 37.781528),"1976","71-0",-97.427083,37.781528,108.9587555,"66-131"
"770","Sedgwick",-5.95,NA,1976-12-28,374705097253601,173,0,c(-97.427083, 37.781528),"1976","71-0",-97.427083,37.781528,108.9587555,"66-131"
"771","Sedgwick",-13.56,NA,1976-01-01,374651097195901,173,0,c(-97.335417, 37.78125),"1976","71-0",-97.335417,37.78125,1.4878571,"0-65"
"772","Sedgwick",-13.49,NA,1976-06-30,374651097195901,173,0,c(-97.335417, 37.78125),"1976","71-0",-97.335417,37.78125,1.4878571,"0-65"
"773","Sedgwick",-13.98,NA,1976-10-01,374651097195901,173,0,c(-97.335417, 37.78125),"1976","71-0",-97.335417,37.78125,1.4878571,"0-65"
"774","Sedgwick",-14.9,NA,1976-12-28,374651097195901,173,0,c(-97.335417, 37.78125),"1976","71-0",-97.335417,37.78125,1.4878571,"0-65"
"775","Sedgwick",-25.51,NA,1976-01-01,374837097320101,173,0,c(-97.536528, 37.808333),"1976","71-0",-97.536528,37.808333,220.8691711,"198-262"
"776","Sedgwick",-25.61,NA,1976-03-23,374837097320101,173,0,c(-97.536528, 37.808333),"1976","71-0",-97.536528,37.808333,220.8691711,"198-262"
"777","Sedgwick",-25.3,NA,1976-06-30,374837097320101,173,0,c(-97.536528, 37.808333),"1976","71-0",-97.536528,37.808333,220.8691711,"198-262"
"778","Sedgwick",-25.62,NA,1976-07-02,374837097320101,173,0,c(-97.536528, 37.808333),"1976","71-0",-97.536528,37.808333,220.8691711,"198-262"
"779","Sedgwick",-27.04,NA,1976-09-23,374837097320101,173,0,c(-97.536528, 37.808333),"1976","71-0",-97.536528,37.808333,220.8691711,"198-262"
"780","Sedgwick",-26.83,NA,1976-10-01,374837097320101,173,0,c(-97.536528, 37.808333),"1976","71-0",-97.536528,37.808333,220.8691711,"198-262"
"781","Sedgwick",-26.85,NA,1976-12-28,374837097320101,173,0,c(-97.536528, 37.808333),"1976","71-0",-97.536528,37.808333,220.8691711,"198-262"
"782","Sedgwick",-24.22,NA,1976-03-23,374428097284301,173,0,c(-97.480735, 37.737034),"1976","71-0",-97.480735,37.737034,15.1164284,"0-65"
"783","Sedgwick",-24.48,NA,1976-07-02,374428097284301,173,0,c(-97.480735, 37.737034),"1976","71-0",-97.480735,37.737034,15.1164284,"0-65"
"784","Sedgwick",-25.16,NA,1976-09-23,374428097284301,173,0,c(-97.480735, 37.737034),"1976","71-0",-97.480735,37.737034,15.1164284,"0-65"
"785","Sedgwick",-25.38,NA,1976-12-27,374428097284301,173,0,c(-97.480735, 37.737034),"1976","71-0",-97.480735,37.737034,15.1164284,"0-65"
"786","Sedgwick",-7.22,"Maize",1976-01-01,374659097280201,173,0,c(-97.469444, 37.780556),"1976","71-0",-97.469444,37.780556,172.2578278,"132-197"
"787","Sedgwick",-6.58,"Maize",1976-03-23,374659097280201,173,0,c(-97.469444, 37.780556),"1976","71-0",-97.469444,37.780556,172.2578278,"132-197"
"788","Sedgwick",-5.97,"Maize",1976-06-30,374659097280201,173,0,c(-97.469444, 37.780556),"1976","71-0",-97.469444,37.780556,172.2578278,"132-197"
"789","Sedgwick",-5.58,"Maize",1976-07-02,374659097280201,173,0,c(-97.469444, 37.780556),"1976","71-0",-97.469444,37.780556,172.2578278,"132-197"
"790","Sedgwick",-7.64,"Maize",1976-09-23,374659097280201,173,0,c(-97.469444, 37.780556),"1976","71-0",-97.469444,37.780556,172.2578278,"132-197"
"791","Sedgwick",-7.55,"Maize",1976-10-01,374659097280201,173,0,c(-97.469444, 37.780556),"1976","71-0",-97.469444,37.780556,172.2578278,"132-197"
"792","Sedgwick",-7.6,"Maize",1976-12-28,374659097280201,173,0,c(-97.469444, 37.780556),"1976","71-0",-97.469444,37.780556,172.2578278,"132-197"
"793","Sedgwick",-14.42,NA,1976-03-23,374606097305501,173,0,c(-97.516056, 37.766141),"1976","71-0",-97.516056,37.766141,59.96521,"0-65"
"794","Sedgwick",-15.78,NA,1976-07-02,374606097305501,173,0,c(-97.516056, 37.766141),"1976","71-0",-97.516056,37.766141,59.96521,"0-65"
"795","Sedgwick",-17.19,NA,1976-09-23,374606097305501,173,0,c(-97.516056, 37.766141),"1976","71-0",-97.516056,37.766141,59.96521,"0-65"
"796","Sedgwick",-17.42,NA,1976-12-27,374606097305501,173,0,c(-97.516056, 37.766141),"1976","71-0",-97.516056,37.766141,59.96521,"0-65"
"797","Sedgwick",-6.72,NA,1976-03-23,374843097295801,173,0,c(-97.499767, 37.811956),"1976","71-0",-97.499767,37.811956,207.8647461,"198-262"
"798","Sedgwick",-5.44,NA,1976-07-02,374843097295801,173,0,c(-97.499767, 37.811956),"1976","71-0",-97.499767,37.811956,207.8647461,"198-262"
"799","Sedgwick",-7.63,NA,1976-12-27,374843097295801,173,0,c(-97.499767, 37.811956),"1976","71-0",-97.499767,37.811956,207.8647461,"198-262"
"800","Kingman",-23.1,"Norwich",1976-09-23,372659097491801,95,0,c(-97.821696, 37.447864),"1976","71-0",-97.821696,37.447864,41.6606598,"0-65"
"801","Kingman",-21.88,"Norwich",1976-12-27,372659097491801,95,0,c(-97.821696, 37.447864),"1976","71-0",-97.821696,37.447864,41.6606598,"0-65"
"802","Sedgwick",-10.17,"Wichita West",1976-01-05,374007097232201,173,0,c(-97.39139, 37.668),"1976","71-0",-97.39139,37.668,NA,NA
"803","Sedgwick",-10.22,"Wichita West",1976-01-10,374007097232201,173,0,c(-97.39139, 37.668),"1976","71-0",-97.39139,37.668,NA,NA
"804","Sedgwick",-10.25,"Wichita West",1976-01-15,374007097232201,173,0,c(-97.39139, 37.668),"1976","71-0",-97.39139,37.668,NA,NA
"805","Sedgwick",-10.29,"Wichita West",1976-01-20,374007097232201,173,0,c(-97.39139, 37.668),"1976","71-0",-97.39139,37.668,NA,NA
"806","Sedgwick",-10.28,"Wichita West",1976-01-25,374007097232201,173,0,c(-97.39139, 37.668),"1976","71-0",-97.39139,37.668,NA,NA
"807","Sedgwick",-10.31,"Wichita West",1976-01-30,374007097232201,173,0,c(-97.39139, 37.668),"1976","71-0",-97.39139,37.668,NA,NA
"808","Sedgwick",-10.34,"Wichita West",1976-02-05,374007097232201,173,0,c(-97.39139, 37.668),"1976","71-0",-97.39139,37.668,NA,NA
"809","Sedgwick",-10.34,"Wichita West",1976-02-10,374007097232201,173,0,c(-97.39139, 37.668),"1976","71-0",-97.39139,37.668,NA,NA
"810","Sedgwick",-10.33,"Wichita West",1976-02-15,374007097232201,173,0,c(-97.39139, 37.668),"1976","71-0",-97.39139,37.668,NA,NA
"811","Sedgwick",-10.36,"Wichita West",1976-02-20,374007097232201,173,0,c(-97.39139, 37.668),"1976","71-0",-97.39139,37.668,NA,NA
"812","Sedgwick",-10.44,"Wichita West",1976-02-25,374007097232201,173,0,c(-97.39139, 37.668),"1976","71-0",-97.39139,37.668,NA,NA
"813","Sedgwick",-10.41,"Wichita West",1976-02-29,374007097232201,173,0,c(-97.39139, 37.668),"1976","71-0",-97.39139,37.668,NA,NA
"814","Sedgwick",-10.46,"Wichita West",1976-03-05,374007097232201,173,0,c(-97.39139, 37.668),"1976","71-0",-97.39139,37.668,NA,NA
"815","Sedgwick",-10.44,"Wichita West",1976-03-10,374007097232201,173,0,c(-97.39139, 37.668),"1976","71-0",-97.39139,37.668,NA,NA
"816","Sedgwick",-10.42,"Wichita West",1976-03-15,374007097232201,173,0,c(-97.39139, 37.668),"1976","71-0",-97.39139,37.668,NA,NA
"817","Sedgwick",-10.45,"Wichita West",1976-03-20,374007097232201,173,0,c(-97.39139, 37.668),"1976","71-0",-97.39139,37.668,NA,NA
"818","Sedgwick",-10.47,"Wichita West",1976-03-25,374007097232201,173,0,c(-97.39139, 37.668),"1976","71-0",-97.39139,37.668,NA,NA
"819","Sedgwick",-10.48,"Wichita West",1976-03-31,374007097232201,173,0,c(-97.39139, 37.668),"1976","71-0",-97.39139,37.668,NA,NA
"820","Sedgwick",-10.48,"Wichita West",1976-04-05,374007097232201,173,0,c(-97.39139, 37.668),"1976","71-0",-97.39139,37.668,NA,NA
"821","Sedgwick",-10.51,"Wichita West",1976-04-10,374007097232201,173,0,c(-97.39139, 37.668),"1976","71-0",-97.39139,37.668,NA,NA
"822","Sedgwick",-10.52,"Wichita West",1976-04-15,374007097232201,173,0,c(-97.39139, 37.668),"1976","71-0",-97.39139,37.668,NA,NA
"823","Sedgwick",-10.49,"Wichita West",1976-04-20,374007097232201,173,0,c(-97.39139, 37.668),"1976","71-0",-97.39139,37.668,NA,NA
"824","Sedgwick",-10.4,"Wichita West",1976-04-25,374007097232201,173,0,c(-97.39139, 37.668),"1976","71-0",-97.39139,37.668,NA,NA
"825","Sedgwick",-10.14,"Wichita West",1976-04-30,374007097232201,173,0,c(-97.39139, 37.668),"1976","71-0",-97.39139,37.668,NA,NA
"826","Sedgwick",-10.05,"Wichita West",1976-05-05,374007097232201,173,0,c(-97.39139, 37.668),"1976","71-0",-97.39139,37.668,NA,NA
"827","Sedgwick",-9.96,"Wichita West",1976-05-10,374007097232201,173,0,c(-97.39139, 37.668),"1976","71-0",-97.39139,37.668,NA,NA
"828","Sedgwick",-9.97,"Wichita West",1976-05-15,374007097232201,173,0,c(-97.39139, 37.668),"1976","71-0",-97.39139,37.668,NA,NA
"829","Sedgwick",-10.04,"Wichita West",1976-05-20,374007097232201,173,0,c(-97.39139, 37.668),"1976","71-0",-97.39139,37.668,NA,NA
"830","Sedgwick",-10.04,"Wichita West",1976-05-25,374007097232201,173,0,c(-97.39139, 37.668),"1976","71-0",-97.39139,37.668,NA,NA
"831","Sedgwick",-9.92,"Wichita West",1976-05-31,374007097232201,173,0,c(-97.39139, 37.668),"1976","71-0",-97.39139,37.668,NA,NA
"832","Sedgwick",-9.97,"Wichita West",1976-06-05,374007097232201,173,0,c(-97.39139, 37.668),"1976","71-0",-97.39139,37.668,NA,NA
"833","Sedgwick",-10.05,"Wichita West",1976-06-10,374007097232201,173,0,c(-97.39139, 37.668),"1976","71-0",-97.39139,37.668,NA,NA
"834","Sedgwick",-10.15,"Wichita West",1976-06-15,374007097232201,173,0,c(-97.39139, 37.668),"1976","71-0",-97.39139,37.668,NA,NA
"835","Sedgwick",-10.15,"Wichita West",1976-06-20,374007097232201,173,0,c(-97.39139, 37.668),"1976","71-0",-97.39139,37.668,NA,NA
"836","Sedgwick",-10.12,"Wichita West",1976-06-25,374007097232201,173,0,c(-97.39139, 37.668),"1976","71-0",-97.39139,37.668,NA,NA
"837","Sedgwick",-10.17,"Wichita West",1976-06-30,374007097232201,173,0,c(-97.39139, 37.668),"1976","71-0",-97.39139,37.668,NA,NA
"838","Sedgwick",-9.63,"Wichita West",1976-07-05,374007097232201,173,0,c(-97.39139, 37.668),"1976","71-0",-97.39139,37.668,NA,NA
"839","Sedgwick",-9.64,"Wichita West",1976-07-10,374007097232201,173,0,c(-97.39139, 37.668),"1976","71-0",-97.39139,37.668,NA,NA
"840","Sedgwick",-9.69,"Wichita West",1976-07-15,374007097232201,173,0,c(-97.39139, 37.668),"1976","71-0",-97.39139,37.668,NA,NA
"841","Sedgwick",-9.69,"Wichita West",1976-07-20,374007097232201,173,0,c(-97.39139, 37.668),"1976","71-0",-97.39139,37.668,NA,NA
"842","Sedgwick",-9.76,"Wichita West",1976-07-25,374007097232201,173,0,c(-97.39139, 37.668),"1976","71-0",-97.39139,37.668,NA,NA
"843","Sedgwick",-9.92,"Wichita West",1976-07-31,374007097232201,173,0,c(-97.39139, 37.668),"1976","71-0",-97.39139,37.668,NA,NA
"844","Sedgwick",-10.03,"Wichita West",1976-08-05,374007097232201,173,0,c(-97.39139, 37.668),"1976","71-0",-97.39139,37.668,NA,NA
"845","Sedgwick",-10.12,"Wichita West",1976-08-10,374007097232201,173,0,c(-97.39139, 37.668),"1976","71-0",-97.39139,37.668,NA,NA
"846","Sedgwick",-10.17,"Wichita West",1976-08-15,374007097232201,173,0,c(-97.39139, 37.668),"1976","71-0",-97.39139,37.668,NA,NA
"847","Sedgwick",-10.31,"Wichita West",1976-08-20,374007097232201,173,0,c(-97.39139, 37.668),"1976","71-0",-97.39139,37.668,NA,NA
"848","Sedgwick",-10.38,"Wichita West",1976-08-25,374007097232201,173,0,c(-97.39139, 37.668),"1976","71-0",-97.39139,37.668,NA,NA
"849","Sedgwick",-10.47,"Wichita West",1976-08-31,374007097232201,173,0,c(-97.39139, 37.668),"1976","71-0",-97.39139,37.668,NA,NA
"850","Sedgwick",-10.54,"Wichita West",1976-09-05,374007097232201,173,0,c(-97.39139, 37.668),"1976","71-0",-97.39139,37.668,NA,NA
"851","Sedgwick",-10.59,"Wichita West",1976-09-10,374007097232201,173,0,c(-97.39139, 37.668),"1976","71-0",-97.39139,37.668,NA,NA
"852","Sedgwick",-10.64,"Wichita West",1976-09-15,374007097232201,173,0,c(-97.39139, 37.668),"1976","71-0",-97.39139,37.668,NA,NA
"853","Sedgwick",-10.67,"Wichita West",1976-09-20,374007097232201,173,0,c(-97.39139, 37.668),"1976","71-0",-97.39139,37.668,NA,NA
"854","Sedgwick",-10.7,"Wichita West",1976-09-25,374007097232201,173,0,c(-97.39139, 37.668),"1976","71-0",-97.39139,37.668,NA,NA
"855","Sedgwick",-10.7,"Wichita West",1976-09-30,374007097232201,173,0,c(-97.39139, 37.668),"1976","71-0",-97.39139,37.668,NA,NA
"856","Sedgwick",-10.72,"Wichita West",1976-10-05,374007097232201,173,0,c(-97.39139, 37.668),"1976","71-0",-97.39139,37.668,NA,NA
"857","Sedgwick",-10.77,"Wichita West",1976-10-10,374007097232201,173,0,c(-97.39139, 37.668),"1976","71-0",-97.39139,37.668,NA,NA
"858","Sedgwick",-10.81,"Wichita West",1976-10-15,374007097232201,173,0,c(-97.39139, 37.668),"1976","71-0",-97.39139,37.668,NA,NA
"859","Sedgwick",-10.84,"Wichita West",1976-10-20,374007097232201,173,0,c(-97.39139, 37.668),"1976","71-0",-97.39139,37.668,NA,NA
"860","Sedgwick",-10.84,"Wichita West",1976-10-25,374007097232201,173,0,c(-97.39139, 37.668),"1976","71-0",-97.39139,37.668,NA,NA
"861","Sedgwick",-10.85,"Wichita West",1976-10-31,374007097232201,173,0,c(-97.39139, 37.668),"1976","71-0",-97.39139,37.668,NA,NA
"862","Sedgwick",-10.87,"Wichita West",1976-11-10,374007097232201,173,0,c(-97.39139, 37.668),"1976","71-0",-97.39139,37.668,NA,NA
"863","Sedgwick",-10.88,"Wichita West",1976-11-15,374007097232201,173,0,c(-97.39139, 37.668),"1976","71-0",-97.39139,37.668,NA,NA
"864","Sedgwick",-12.29,NA,1976-03-23,374837097342002,173,0,c(-97.574177, 37.807385),"1976","71-0",-97.574177,37.807385,140.3693542,"132-197"
"865","Sedgwick",-12.36,NA,1976-07-02,374837097342002,173,0,c(-97.574177, 37.807385),"1976","71-0",-97.574177,37.807385,140.3693542,"132-197"
"866","Sedgwick",-14.02,NA,1976-09-23,374837097342002,173,0,c(-97.574177, 37.807385),"1976","71-0",-97.574177,37.807385,140.3693542,"132-197"
"867","Sedgwick",-13.6,NA,1976-12-27,374837097342002,173,0,c(-97.574177, 37.807385),"1976","71-0",-97.574177,37.807385,140.3693542,"132-197"
"868","Sedgwick",-19.05,NA,1976-03-23,374744097303001,173,0,c(-97.51015, 37.7935),"1976","71-0",-97.51015,37.7935,170.3819733,"132-197"
"869","Sedgwick",-19.83,NA,1976-07-02,374744097303001,173,0,c(-97.51015, 37.7935),"1976","71-0",-97.51015,37.7935,170.3819733,"132-197"
"870","Sedgwick",-21.32,NA,1976-09-23,374744097303001,173,0,c(-97.51015, 37.7935),"1976","71-0",-97.51015,37.7935,170.3819733,"132-197"
"871","Sedgwick",-21.11,NA,1976-12-27,374744097303001,173,0,c(-97.51015, 37.7935),"1976","71-0",-97.51015,37.7935,170.3819733,"132-197"
"872","Sedgwick",-24.89,"WICHITA WEST",1976-03-23,374428097284302,173,0,c(-97.480735, 37.737034),"1976","71-0",-97.480735,37.737034,15.1164284,"0-65"
"873","Sedgwick",-25.08,"WICHITA WEST",1976-07-02,374428097284302,173,0,c(-97.480735, 37.737034),"1976","71-0",-97.480735,37.737034,15.1164284,"0-65"
"874","Sedgwick",-25.82,"WICHITA WEST",1976-09-23,374428097284302,173,0,c(-97.480735, 37.737034),"1976","71-0",-97.480735,37.737034,15.1164284,"0-65"
"875","Sedgwick",-25.9,"WICHITA WEST",1976-12-27,374428097284302,173,0,c(-97.480735, 37.737034),"1976","71-0",-97.480735,37.737034,15.1164284,"0-65"
"876","Sedgwick",-21.15,"COLWICH",1976-03-23,374718097312801,173,0,c(-97.52679, 37.784748),"1976","71-0",-97.52679,37.784748,147.9239197,"132-197"
"877","Sedgwick",-22.2,"COLWICH",1976-07-02,374718097312801,173,0,c(-97.52679, 37.784748),"1976","71-0",-97.52679,37.784748,147.9239197,"132-197"
"878","Sedgwick",-23.39,"COLWICH",1976-09-23,374718097312801,173,0,c(-97.52679, 37.784748),"1976","71-0",-97.52679,37.784748,147.9239197,"132-197"
"879","Sedgwick",-23.03,"COLWICH",1976-12-27,374718097312801,173,0,c(-97.52679, 37.784748),"1976","71-0",-97.52679,37.784748,147.9239197,"132-197"
"880","Sedgwick",-9.41,"Maize",1976-03-23,374843097295802,173,0,c(-97.501579, 37.809227),"1976","71-0",-97.501579,37.809227,207.8647461,"198-262"
"881","Sedgwick",-9.82,"Maize",1976-07-02,374843097295802,173,0,c(-97.501579, 37.809227),"1976","71-0",-97.501579,37.809227,207.8647461,"198-262"
"882","Sedgwick",-10.85,"Maize",1976-09-23,374843097295802,173,0,c(-97.501579, 37.809227),"1976","71-0",-97.501579,37.809227,207.8647461,"198-262"
"883","Sedgwick",-10.85,"Maize",1976-12-27,374843097295802,173,0,c(-97.501579, 37.809227),"1976","71-0",-97.501579,37.809227,207.8647461,"198-262"
"884","Sedgwick",-24.65,"Colwich",1976-03-23,374600097331401,173,0,c(-97.554113, 37.76451),"1976","71-0",-97.554113,37.76451,34.0668945,"0-65"
"885","Sedgwick",-24.7,"Colwich",1976-07-02,374600097331401,173,0,c(-97.554113, 37.76451),"1976","71-0",-97.554113,37.76451,34.0668945,"0-65"
"886","Sedgwick",-25.36,"Colwich",1976-09-23,374600097331401,173,0,c(-97.554113, 37.76451),"1976","71-0",-97.554113,37.76451,34.0668945,"0-65"
"887","Sedgwick",-25.71,"Colwich",1976-12-27,374600097331401,173,0,c(-97.554113, 37.76451),"1976","71-0",-97.554113,37.76451,34.0668945,"0-65"
"888","Sedgwick",-17.19,"Maize",1976-03-23,374658097295701,173,0,c(-97.499897, 37.780069),"1976","71-0",-97.499897,37.780069,130.135376,"66-131"
"889","Sedgwick",-17.37,"Maize",1976-07-02,374658097295701,173,0,c(-97.499897, 37.780069),"1976","71-0",-97.499897,37.780069,130.135376,"66-131"
"890","Sedgwick",-18.91,"Maize",1976-09-23,374658097295701,173,0,c(-97.499897, 37.780069),"1976","71-0",-97.499897,37.780069,130.135376,"66-131"
"891","Sedgwick",-18.87,"Maize",1976-12-27,374658097295701,173,0,c(-97.499897, 37.780069),"1976","71-0",-97.499897,37.780069,130.135376,"66-131"
"892","Butler",-38.02,"AUGUSTA SE",1976-12-15,373529096452501,15,0,c(-96.753541, 37.591221),"1976","71-0",-96.753541,37.591221,NA,NA
"893","Butler",-34.39,"LEON",1976-12-15,374143096520001,15,0,c(-96.867986, 37.694812),"1976","71-0",-96.867986,37.694812,NA,NA
"894","Butler",-22.6,"BENTON",1976-12-15,374552097054601,15,0,c(-97.097363, 37.764221),"1976","71-0",-97.097363,37.764221,NA,NA
"895","Butler",-60.7,"GORDON",1976-12-15,373118096590001,15,0,c(-96.986749, 37.520513),"1976","71-0",-96.986749,37.520513,NA,NA
"896","Neosho",-16.4,NA,1976-03-09,374100095244801,133,0,c(-95.414749, 37.683046),"1976","71-0",-95.414749,37.683046,NA,NA
"897","Neosho",-15.7,NA,1976-06-21,374100095244801,133,0,c(-95.414749, 37.683046),"1976","71-0",-95.414749,37.683046,NA,NA
"898","Neosho",-16.6,NA,1976-09-13,374100095244801,133,0,c(-95.414749, 37.683046),"1976","71-0",-95.414749,37.683046,NA,NA
"899","Neosho",-17.4,NA,1976-12-06,374100095244801,133,0,c(-95.414749, 37.683046),"1976","71-0",-95.414749,37.683046,NA,NA
"900","Labette",-13.1,NA,1976-03-09,372026095060702,99,0,c(-95.102831, 37.341246),"1976","71-0",-95.102831,37.341246,NA,NA
"901","Labette",-13.63,NA,1976-06-21,372026095060702,99,0,c(-95.102831, 37.341246),"1976","71-0",-95.102831,37.341246,NA,NA
"902","Labette",-15.5,NA,1976-09-13,372026095060702,99,0,c(-95.102831, 37.341246),"1976","71-0",-95.102831,37.341246,NA,NA
"903","Labette",-15.77,NA,1976-12-06,372026095060702,99,0,c(-95.102831, 37.341246),"1976","71-0",-95.102831,37.341246,NA,NA
"904","Cherokee",-80.28,"BAXTER SPRINGS",1976-01-05,370514094373901,21,0,c(-94.627287, 37.08667),"1976","143-72",-94.627287,37.08667,NA,NA
"905","Cherokee",-80.92,"BAXTER SPRINGS",1976-01-10,370514094373901,21,0,c(-94.627287, 37.08667),"1976","143-72",-94.627287,37.08667,NA,NA
"906","Cherokee",-80.62,"BAXTER SPRINGS",1976-01-15,370514094373901,21,0,c(-94.627287, 37.08667),"1976","143-72",-94.627287,37.08667,NA,NA
"907","Cherokee",-81.19,"BAXTER SPRINGS",1976-01-20,370514094373901,21,0,c(-94.627287, 37.08667),"1976","143-72",-94.627287,37.08667,NA,NA
"908","Cherokee",-80.84,"BAXTER SPRINGS",1976-01-25,370514094373901,21,0,c(-94.627287, 37.08667),"1976","143-72",-94.627287,37.08667,NA,NA
"909","Cherokee",-80.33,"BAXTER SPRINGS",1976-01-31,370514094373901,21,0,c(-94.627287, 37.08667),"1976","143-72",-94.627287,37.08667,NA,NA
"910","Cherokee",-81,"BAXTER SPRINGS",1976-02-05,370514094373901,21,0,c(-94.627287, 37.08667),"1976","143-72",-94.627287,37.08667,NA,NA
"911","Cherokee",-80.94,"BAXTER SPRINGS",1976-02-10,370514094373901,21,0,c(-94.627287, 37.08667),"1976","143-72",-94.627287,37.08667,NA,NA
"912","Cherokee",-81.44,"BAXTER SPRINGS",1976-02-15,370514094373901,21,0,c(-94.627287, 37.08667),"1976","143-72",-94.627287,37.08667,NA,NA
"913","Cherokee",-81.31,"BAXTER SPRINGS",1976-02-20,370514094373901,21,0,c(-94.627287, 37.08667),"1976","143-72",-94.627287,37.08667,NA,NA
"914","Cherokee",-81.6,"BAXTER SPRINGS",1976-02-25,370514094373901,21,0,c(-94.627287, 37.08667),"1976","143-72",-94.627287,37.08667,NA,NA
"915","Cherokee",-81.81,"BAXTER SPRINGS",1976-02-29,370514094373901,21,0,c(-94.627287, 37.08667),"1976","143-72",-94.627287,37.08667,NA,NA
"916","Cherokee",-81.68,"BAXTER SPRINGS",1976-03-05,370514094373901,21,0,c(-94.627287, 37.08667),"1976","143-72",-94.627287,37.08667,NA,NA
"917","Cherokee",-81.42,"BAXTER SPRINGS",1976-03-10,370514094373901,21,0,c(-94.627287, 37.08667),"1976","143-72",-94.627287,37.08667,NA,NA
"918","Cherokee",-81.21,"BAXTER SPRINGS",1976-03-15,370514094373901,21,0,c(-94.627287, 37.08667),"1976","143-72",-94.627287,37.08667,NA,NA
"919","Cherokee",-80.9,"BAXTER SPRINGS",1976-03-20,370514094373901,21,0,c(-94.627287, 37.08667),"1976","143-72",-94.627287,37.08667,NA,NA
"920","Cherokee",-80.77,"BAXTER SPRINGS",1976-03-25,370514094373901,21,0,c(-94.627287, 37.08667),"1976","143-72",-94.627287,37.08667,NA,NA
"921","Cherokee",-80.75,"BAXTER SPRINGS",1976-03-31,370514094373901,21,0,c(-94.627287, 37.08667),"1976","143-72",-94.627287,37.08667,NA,NA
"922","Cherokee",-80.54,"BAXTER SPRINGS",1976-04-05,370514094373901,21,0,c(-94.627287, 37.08667),"1976","143-72",-94.627287,37.08667,NA,NA
"923","Cherokee",-80.65,"BAXTER SPRINGS",1976-04-10,370514094373901,21,0,c(-94.627287, 37.08667),"1976","143-72",-94.627287,37.08667,NA,NA
"924","Cherokee",-80.71,"BAXTER SPRINGS",1976-04-15,370514094373901,21,0,c(-94.627287, 37.08667),"1976","143-72",-94.627287,37.08667,NA,NA
"925","Cherokee",-80.38,"BAXTER SPRINGS",1976-04-20,370514094373901,21,0,c(-94.627287, 37.08667),"1976","143-72",-94.627287,37.08667,NA,NA
"926","Cherokee",-79.88,"BAXTER SPRINGS",1976-04-25,370514094373901,21,0,c(-94.627287, 37.08667),"1976","143-72",-94.627287,37.08667,NA,NA
"927","Cherokee",-78.5,"BAXTER SPRINGS",1976-04-30,370514094373901,21,0,c(-94.627287, 37.08667),"1976","143-72",-94.627287,37.08667,NA,NA
"928","Cherokee",-77.78,"BAXTER SPRINGS",1976-05-05,370514094373901,21,0,c(-94.627287, 37.08667),"1976","143-72",-94.627287,37.08667,NA,NA
"929","Cherokee",-78.03,"BAXTER SPRINGS",1976-05-10,370514094373901,21,0,c(-94.627287, 37.08667),"1976","143-72",-94.627287,37.08667,NA,NA
"930","Cherokee",-84.04,"BAXTER SPRINGS",1976-05-15,370514094373901,21,0,c(-94.627287, 37.08667),"1976","143-72",-94.627287,37.08667,NA,NA
"931","Cherokee",-85.83,"BAXTER SPRINGS",1976-05-25,370514094373901,21,0,c(-94.627287, 37.08667),"1976","143-72",-94.627287,37.08667,NA,NA
"932","Cherokee",-81.36,"BAXTER SPRINGS",1976-05-31,370514094373901,21,0,c(-94.627287, 37.08667),"1976","143-72",-94.627287,37.08667,NA,NA
"933","Cherokee",-79.83,"BAXTER SPRINGS",1976-06-05,370514094373901,21,0,c(-94.627287, 37.08667),"1976","143-72",-94.627287,37.08667,NA,NA
"934","Cherokee",-78.26,"BAXTER SPRINGS",1976-06-10,370514094373901,21,0,c(-94.627287, 37.08667),"1976","143-72",-94.627287,37.08667,NA,NA
"935","Cherokee",-77.47,"BAXTER SPRINGS",1976-06-15,370514094373901,21,0,c(-94.627287, 37.08667),"1976","143-72",-94.627287,37.08667,NA,NA
"936","Cherokee",-77.33,"BAXTER SPRINGS",1976-06-20,370514094373901,21,0,c(-94.627287, 37.08667),"1976","143-72",-94.627287,37.08667,NA,NA
"937","Cherokee",-76.63,"BAXTER SPRINGS",1976-06-25,370514094373901,21,0,c(-94.627287, 37.08667),"1976","143-72",-94.627287,37.08667,NA,NA
"938","Cherokee",-75.7,"BAXTER SPRINGS",1976-06-30,370514094373901,21,0,c(-94.627287, 37.08667),"1976","143-72",-94.627287,37.08667,NA,NA
"939","Cherokee",-73.95,"BAXTER SPRINGS",1976-07-05,370514094373901,21,0,c(-94.627287, 37.08667),"1976","143-72",-94.627287,37.08667,NA,NA
"940","Cherokee",-73.1,"BAXTER SPRINGS",1976-07-10,370514094373901,21,0,c(-94.627287, 37.08667),"1976","143-72",-94.627287,37.08667,NA,NA
"941","Cherokee",-73.4,"BAXTER SPRINGS",1976-07-15,370514094373901,21,0,c(-94.627287, 37.08667),"1976","143-72",-94.627287,37.08667,NA,NA
"942","Cherokee",-73.73,"BAXTER SPRINGS",1976-07-20,370514094373901,21,0,c(-94.627287, 37.08667),"1976","143-72",-94.627287,37.08667,NA,NA
"943","Cherokee",-74.43,"BAXTER SPRINGS",1976-07-25,370514094373901,21,0,c(-94.627287, 37.08667),"1976","143-72",-94.627287,37.08667,NA,NA
"944","Cherokee",-75.15,"BAXTER SPRINGS",1976-07-31,370514094373901,21,0,c(-94.627287, 37.08667),"1976","143-72",-94.627287,37.08667,NA,NA
"945","Cherokee",-75.76,"BAXTER SPRINGS",1976-08-05,370514094373901,21,0,c(-94.627287, 37.08667),"1976","143-72",-94.627287,37.08667,NA,NA
"946","Cherokee",-76.28,"BAXTER SPRINGS",1976-08-10,370514094373901,21,0,c(-94.627287, 37.08667),"1976","143-72",-94.627287,37.08667,NA,NA
"947","Cherokee",-76.4,"BAXTER SPRINGS",1976-08-15,370514094373901,21,0,c(-94.627287, 37.08667),"1976","143-72",-94.627287,37.08667,NA,NA
"948","Cherokee",-77.02,"BAXTER SPRINGS",1976-08-20,370514094373901,21,0,c(-94.627287, 37.08667),"1976","143-72",-94.627287,37.08667,NA,NA
"949","Cherokee",-77.35,"BAXTER SPRINGS",1976-08-25,370514094373901,21,0,c(-94.627287, 37.08667),"1976","143-72",-94.627287,37.08667,NA,NA
"950","Cherokee",-78.64,"BAXTER SPRINGS",1976-08-31,370514094373901,21,0,c(-94.627287, 37.08667),"1976","143-72",-94.627287,37.08667,NA,NA
"951","Cherokee",-79,"BAXTER SPRINGS",1976-09-05,370514094373901,21,0,c(-94.627287, 37.08667),"1976","143-72",-94.627287,37.08667,NA,NA
"952","Cherokee",-79.16,"BAXTER SPRINGS",1976-09-10,370514094373901,21,0,c(-94.627287, 37.08667),"1976","143-72",-94.627287,37.08667,NA,NA
"953","Cherokee",-78.8,"BAXTER SPRINGS",1976-09-15,370514094373901,21,0,c(-94.627287, 37.08667),"1976","143-72",-94.627287,37.08667,NA,NA
"954","Cherokee",-79.21,"BAXTER SPRINGS",1976-09-20,370514094373901,21,0,c(-94.627287, 37.08667),"1976","143-72",-94.627287,37.08667,NA,NA
"955","Cherokee",-79.23,"BAXTER SPRINGS",1976-09-25,370514094373901,21,0,c(-94.627287, 37.08667),"1976","143-72",-94.627287,37.08667,NA,NA
"956","Cherokee",-80.89,"BAXTER SPRINGS",1976-11-05,370514094373901,21,0,c(-94.627287, 37.08667),"1976","143-72",-94.627287,37.08667,NA,NA
"957","Cherokee",-80.65,"BAXTER SPRINGS",1976-11-10,370514094373901,21,0,c(-94.627287, 37.08667),"1976","143-72",-94.627287,37.08667,NA,NA
"958","Cherokee",-80.32,"BAXTER SPRINGS",1976-11-15,370514094373901,21,0,c(-94.627287, 37.08667),"1976","143-72",-94.627287,37.08667,NA,NA
"959","Cherokee",-80.75,"BAXTER SPRINGS",1976-11-20,370514094373901,21,0,c(-94.627287, 37.08667),"1976","143-72",-94.627287,37.08667,NA,NA
"960","Cherokee",-80.73,"BAXTER SPRINGS",1976-11-25,370514094373901,21,0,c(-94.627287, 37.08667),"1976","143-72",-94.627287,37.08667,NA,NA
"961","Cherokee",-81.11,"BAXTER SPRINGS",1976-11-30,370514094373901,21,0,c(-94.627287, 37.08667),"1976","143-72",-94.627287,37.08667,NA,NA
"962","Cherokee",-81.45,"BAXTER SPRINGS",1976-12-05,370514094373901,21,0,c(-94.627287, 37.08667),"1976","143-72",-94.627287,37.08667,NA,NA
"963","Cherokee",-81.57,"BAXTER SPRINGS",1976-12-10,370514094373901,21,0,c(-94.627287, 37.08667),"1976","143-72",-94.627287,37.08667,NA,NA
"964","Cherokee",-81.52,"BAXTER SPRINGS",1976-12-15,370514094373901,21,0,c(-94.627287, 37.08667),"1976","143-72",-94.627287,37.08667,NA,NA
"965","Cherokee",-81.3,"BAXTER SPRINGS",1976-12-20,370514094373901,21,0,c(-94.627287, 37.08667),"1976","143-72",-94.627287,37.08667,NA,NA
"966","Cherokee",-81.3,"BAXTER SPRINGS",1976-12-25,370514094373901,21,0,c(-94.627287, 37.08667),"1976","143-72",-94.627287,37.08667,NA,NA
"967","Cherokee",-80.78,"BAXTER SPRINGS",1976-12-31,370514094373901,21,0,c(-94.627287, 37.08667),"1976","143-72",-94.627287,37.08667,NA,NA
"968","Cherokee",-78.88,"CRESTLIN",1976-03-09,371055094401701,21,0,c(-94.669297, 37.181632),"1976","143-72",-94.669297,37.181632,NA,NA
"969","Cherokee",-79.5,"CRESTLIN",1976-04-28,371055094401701,21,0,c(-94.669297, 37.181632),"1976","143-72",-94.669297,37.181632,NA,NA
"970","Cherokee",-78.73,"CRESTLIN",1976-06-21,371055094401701,21,0,c(-94.669297, 37.181632),"1976","143-72",-94.669297,37.181632,NA,NA
"971","Cherokee",-77.5,"CRESTLIN",1976-07-27,371055094401701,21,0,c(-94.669297, 37.181632),"1976","143-72",-94.669297,37.181632,NA,NA
"972","Cherokee",-77.9,"CRESTLIN",1976-09-13,371055094401701,21,0,c(-94.669297, 37.181632),"1976","143-72",-94.669297,37.181632,NA,NA
"973","Cherokee",-80.57,"CRESTLIN",1976-11-02,371055094401701,21,0,c(-94.669297, 37.181632),"1976","143-72",-94.669297,37.181632,NA,NA
"974","Cherokee",-79.42,"CRESTLIN",1976-12-06,371055094401701,21,0,c(-94.669297, 37.181632),"1976","143-72",-94.669297,37.181632,NA,NA
"975","Hamilton",-51.31,"Syracuse East",1976-01-20,375416101394401,75,0,c(-101.659449, 37.909244),"1976","71-0",-101.659449,37.909244,10,"0-65"
"976","Kearny",-52.38,NA,1976-01-22,375115101195902,93,0,c(-101.33303, 37.854297),"1976","71-0",-101.33303,37.854297,25,"0-65"
"977","Kearny",-140.37,"LEOTI 3 SE",1976-01-16,380452101170901,93,0,c(-101.284145, 38.08137),"1976","143-72",-101.284145,38.08137,40.7163849,"0-65"
"978","Hamilton",-20.59,"Syracuse East",1976-03-10,375815101442401,75,0,c(-101.742849, 37.971283),"1976","71-0",-101.742849,37.971283,NA,NA
"979","Hamilton",-18.81,"Syracuse East",1976-09-14,375815101442401,75,0,c(-101.742849, 37.971283),"1976","71-0",-101.742849,37.971283,NA,NA
"980","Hamilton",-9.49,"Syracuse West NW",1976-01-19,375953101553901,75,0,c(-101.928426, 37.998193),"1976","71-0",-101.928426,37.998193,NA,NA
"981","Hamilton",-13.28,"Kendall",1976-01-20,375643101355001,75,0,c(-101.596448, 37.946235),"1976","71-0",-101.596448,37.946235,NA,NA
"982","Hamilton",-28.15,"East Bridge Crk S",1976-01-19,380105101534401,75,0,c(-101.896555, 38.018443),"1976","71-0",-101.896555,38.018443,NA,NA
"983","Wichita",-98.99,NA,1976-01-19,381844101152101,203,0,c(-101.255856, 38.312231),"1976","143-72",-101.255856,38.312231,10,"0-65"
"984","Wichita",-140.46,"Selkirk SE",1976-01-19,381840101324401,203,0,c(-101.544944, 38.310697),"1976","143-72",-101.544944,38.310697,82.2151642,"66-131"
"985","Greeley",-90.39,NA,1976-01-20,383228101525901,71,0,c(-101.88406, 38.5392),"1976","143-72",-101.88406,38.5392,10,"0-65"
"986","Greeley",-89.6,NA,1976-03-16,383228101525901,71,0,c(-101.88406, 38.5392),"1976","143-72",-101.88406,38.5392,10,"0-65"
"987","Greeley",-89.71,NA,1976-06-15,383228101525901,71,0,c(-101.88406, 38.5392),"1976","143-72",-101.88406,38.5392,10,"0-65"
"988","Greeley",-90.73,NA,1976-09-21,383228101525901,71,0,c(-101.88406, 38.5392),"1976","143-72",-101.88406,38.5392,10,"0-65"
"989","Hamilton",-184.5,NA,1976-01-19,381027101355301,75,0,c(-101.596012, 38.175019),"1976","215-144",-101.596012,38.175019,10,"0-65"
"990","Wichita",-89.29,"LEOTI NW",1976-01-19,382707101240301,203,0,c(-101.402906, 38.451388),"1976","143-72",-101.402906,38.451388,17.269825,"0-65"
"991","Greeley",-178.44,"North of Tribune",1976-01-20,383220101470801,71,0,c(-101.787084, 38.538215),"1976","215-144",-101.787084,38.538215,32.406517,"0-65"
"992","Greeley",-171.3,"North of Tribune",1976-06-15,383220101470801,71,0,c(-101.787084, 38.538215),"1976","215-144",-101.787084,38.538215,32.406517,"0-65"
"993","Greeley",-183.41,"North of Tribune",1976-09-21,383220101470801,71,0,c(-101.787084, 38.538215),"1976","215-144",-101.787084,38.538215,32.406517,"0-65"
"994","Wichita",-123.48,NA,1976-01-19,383254101295701,203,0,c(-101.500671, 38.547349),"1976","143-72",-101.500671,38.547349,28.1519203,"0-65"
"995","Wichita",-47.27,NA,1976-01-19,383526101172901,203,0,c(-101.293936, 38.591197),"1976","71-0",-101.293936,38.591197,37.8930054,"0-65"
"996","Wichita",-115.76,"Sainte Theresa Chrch",1976-01-19,383406101314401,203,0,c(-101.531743, 38.567315),"1976","143-72",-101.531743,38.567315,36.2269745,"0-65"
"997","Wichita",-139.75,NA,1976-01-19,383816101264801,203,0,c(-101.448912, 38.63652),"1976","143-72",-101.448912,38.63652,33.985714,"0-65"
"998","Wichita",-144.18,NA,1976-07-15,383816101264801,203,0,c(-101.448912, 38.63652),"1976","215-144",-101.448912,38.63652,33.985714,"0-65"
"999","Wichita",-149.65,NA,1976-09-21,383816101264801,203,0,c(-101.448912, 38.63652),"1976","215-144",-101.448912,38.63652,33.985714,"0-65"
"1000","Wichita",-147.24,NA,1976-01-19,383348101162301,203,0,c(-101.274956, 38.562538),"1976","215-144",-101.274956,38.562538,38.8552628,"0-65"
"1001","Kearny",-62.2,"Lakin SE",1976-01-22,375115101165801,93,0,c(-101.282676, 37.854542),"1976","71-0",-101.282676,37.854542,182.9231567,"132-197"
"1002","Kearny",-62.55,"Lakin SE",1976-03-11,375115101165801,93,0,c(-101.282676, 37.854542),"1976","71-0",-101.282676,37.854542,182.9231567,"132-197"
"1003","Kearny",-62.71,"Lakin SE",1976-06-03,375115101165801,93,0,c(-101.282676, 37.854542),"1976","71-0",-101.282676,37.854542,182.9231567,"132-197"
"1004","Kearny",-71.12,"Lakin SE",1976-09-20,375115101165801,93,0,c(-101.282676, 37.854542),"1976","71-0",-101.282676,37.854542,182.9231567,"132-197"
"1005","Kearny",-15.72,"Lakin SE",1976-01-22,375219101213801,93,0,c(-101.359028, 37.871518),"1976","71-0",-101.359028,37.871518,15.6833553,"0-65"
"1006","Hamilton",-156,NA,1976-01-21,375154101564101,75,0,c(-101.944899, 37.863901),"1976","215-144",-101.944899,37.863901,10,"0-65"
"1007","Kearny",-24.62,"Lakin",1976-01-16,375246101184601,93,0,c(-101.311198, 37.878948),"1976","71-0",-101.311198,37.878948,151.3224335,"132-197"
"1008","Hamilton",-130.22,NA,1976-01-19,380309101345301,75,0,c(-101.580747, 38.053465),"1976","143-72",-101.580747,38.053465,10,"0-65"
"1009","Hamilton",-8.26,"Holly East",1976-01-19,380124102010201,75,0,c(-102.018013, 38.022897),"1976","71-0",-102.018013,38.022897,NA,NA
"1010","Kearny",-67.18,NA,1976-01-23,374919101154601,93,0,c(-101.263694, 37.822285),"1976","71-0",-101.263694,37.822285,178.4238892,"132-197"
"1011","Kearny",-66.9,NA,1976-03-11,374919101154601,93,0,c(-101.263694, 37.822285),"1976","71-0",-101.263694,37.822285,178.4238892,"132-197"
"1012","Kearny",-65.07,NA,1976-06-03,374919101154601,93,0,c(-101.263694, 37.822285),"1976","71-0",-101.263694,37.822285,178.4238892,"132-197"
"1013","Kearny",-70.31,NA,1976-09-20,374919101154601,93,0,c(-101.263694, 37.822285),"1976","71-0",-101.263694,37.822285,178.4238892,"132-197"
"1014","Kearny",-94.67,NA,1976-01-16,375807101160201,93,0,c(-101.266545, 37.968724),"1976","143-72",-101.266545,37.968724,123.7154617,"66-131"
"1015","Hamilton",-25.79,"East Bridge Crk S",1976-01-19,380210101584801,75,0,c(-101.980058, 38.034613),"1976","71-0",-101.980058,38.034613,NA,NA
"1016","Hamilton",-16.38,"Syracuse West",1976-01-19,375841101453401,75,0,c(-101.760393, 37.977754),"1976","71-0",-101.760393,37.977754,NA,NA
"1017","Wichita",-139.28,NA,1976-01-19,381635101313701,203,0,c(-101.52704, 38.276888),"1976","143-72",-101.52704,38.276888,53.8380661,"0-65"
"1018","Greeley",-189.4,NA,1976-01-20,381819101404501,71,0,c(-101.679158, 38.305436),"1976","215-144",-101.679158,38.305436,10,"0-65"
"1019","Wichita",-79.32,"LEOTI",1976-01-19,382913101163001,203,0,c(-101.276436, 38.486257),"1976","143-72",-101.276436,38.486257,45.7803459,"0-65"
"1020","Wichita",-133.28,"Coronado Cemetery",1976-01-05,383210101183401,203,0,c(-101.312536, 38.537748),"1976","143-72",-101.312536,38.537748,32.6286926,"0-65"
"1021","Wichita",-135.7,"Coronado Cemetery",1976-02-05,383210101183401,203,0,c(-101.312536, 38.537748),"1976","143-72",-101.312536,38.537748,32.6286926,"0-65"
"1022","Wichita",-136.91,"Coronado Cemetery",1976-03-05,383210101183401,203,0,c(-101.312536, 38.537748),"1976","143-72",-101.312536,38.537748,32.6286926,"0-65"
"1023","Wichita",-136.65,"Coronado Cemetery",1976-04-05,383210101183401,203,0,c(-101.312536, 38.537748),"1976","143-72",-101.312536,38.537748,32.6286926,"0-65"
"1024","Wichita",-135.62,"Coronado Cemetery",1976-05-05,383210101183401,203,0,c(-101.312536, 38.537748),"1976","143-72",-101.312536,38.537748,32.6286926,"0-65"
"1025","Wichita",-134.92,"Coronado Cemetery",1976-06-05,383210101183401,203,0,c(-101.312536, 38.537748),"1976","143-72",-101.312536,38.537748,32.6286926,"0-65"
"1026","Wichita",-137.05,"Coronado Cemetery",1976-07-05,383210101183401,203,0,c(-101.312536, 38.537748),"1976","143-72",-101.312536,38.537748,32.6286926,"0-65"
"1027","Wichita",-138.04,"Coronado Cemetery",1976-08-05,383210101183401,203,0,c(-101.312536, 38.537748),"1976","143-72",-101.312536,38.537748,32.6286926,"0-65"
"1028","Wichita",-138.95,"Coronado Cemetery",1976-09-05,383210101183401,203,0,c(-101.312536, 38.537748),"1976","143-72",-101.312536,38.537748,32.6286926,"0-65"
"1029","Wichita",-138.1,"Coronado Cemetery",1976-10-05,383210101183401,203,0,c(-101.312536, 38.537748),"1976","143-72",-101.312536,38.537748,32.6286926,"0-65"
"1030","Wichita",-137.25,"Coronado Cemetery",1976-11-05,383210101183401,203,0,c(-101.312536, 38.537748),"1976","143-72",-101.312536,38.537748,32.6286926,"0-65"
"1031","Wichita",-138.2,"Coronado Cemetery",1976-12-05,383210101183401,203,0,c(-101.312536, 38.537748),"1976","143-72",-101.312536,38.537748,32.6286926,"0-65"
"1032","Wichita",-126.59,NA,1976-01-19,383321101240401,203,0,c(-101.403805, 38.554903),"1976","143-72",-101.403805,38.554903,30.9931793,"0-65"
"1033","Wichita",-145.09,NA,1976-01-19,383016101282601,203,0,c(-101.475521, 38.502837),"1976","215-144",-101.475521,38.502837,58.829422,"0-65"
"1034","Wichita",-138.63,"Selkirk SE",1976-01-19,382118101335801,203,0,c(-101.567145, 38.353967),"1976","143-72",-101.567145,38.353967,51.3195877,"0-65"
"1035","Wichita",-116.2,"Selkirk",1976-01-19,382633101332401,203,0,c(-101.556627, 38.441867),"1976","143-72",-101.556627,38.441867,29.0537605,"0-65"
"1036","Wichita",-124.9,NA,1976-01-20,383652101162301,203,0,c(-101.274484, 38.613634),"1976","143-72",-101.274484,38.613634,39.651123,"0-65"
"1037","Wichita",-122.59,NA,1976-01-19,383346101275301,203,0,c(-101.467291, 38.561316),"1976","143-72",-101.467291,38.561316,29.49646,"0-65"
"1038","Wichita",-134.63,NA,1976-01-19,383559101193301,203,0,c(-101.327708, 38.59865),"1976","143-72",-101.327708,38.59865,38.8691559,"0-65"
"1039","Wichita",-122.94,NA,1976-01-20,383705101151701,203,0,c(-101.257036, 38.618247),"1976","143-72",-101.257036,38.618247,38.6414948,"0-65"
"1040","Greeley",-159.95,NA,1976-01-20,383736101505601,71,0,c(-101.84968, 38.624434),"1976","215-144",-101.84968,38.624434,22.8034325,"0-65"
"1041","Hamilton",-30.52,"Kendall",1976-01-20,375413101341701,75,0,c(-101.570049, 37.904495),"1976","71-0",-101.570049,37.904495,NA,NA
"1042","Hamilton",-219.03,"Syracuse East SW",1976-01-20,375116101410801,75,0,c(-101.68715, 37.854914),"1976","287-216",-101.68715,37.854914,10,"0-65"
"1043","Hamilton",-238.7,"Durkee Creek NE",1976-01-20,375446102013601,75,0,c(-102.025659, 37.913282),"1976","287-216",-102.025659,37.913282,10,"0-65"
"1044","Kearny",-248.65,"LEOTI 3 SW",1976-01-16,380153101255501,93,0,c(-101.430684, 38.032488),"1976","287-216",-101.430684,38.032488,31.8821831,"0-65"
"1045","Hamilton",-10.25,"East Bridge Crk S",1976-01-19,380111101594702,75,0,c(-101.995859, 38.020593),"1976","71-0",-101.995859,38.020593,NA,NA
"1046","Hamilton",-279.05,"Sand Creek",1976-01-19,380105101433601,75,0,c(-101.728749, 38.018934),"1976","287-216",-101.728749,38.018934,10,"0-65"
"1047","Hamilton",-112.7,"Durkee Creek NE",1976-01-19,375749102010201,75,0,c(-102.017533, 37.963913),"1976","143-72",-102.017533,37.963913,10,"0-65"
"1048","Wichita",-147.09,NA,1976-01-19,383223101151601,203,0,c(-101.255623, 38.538929),"1976","215-144",-101.255623,38.538929,42.4737854,"0-65"
"1049","Wichita",-129.06,"SELKIRK",1976-01-19,382831101321702,203,0,c(-101.538544, 38.474017),"1976","143-72",-101.538544,38.474017,30.4971657,"0-65"
"1050","Greeley",-130.64,NA,1976-01-20,382810101360701,71,0,c(-101.601875, 38.468636),"1976","143-72",-101.601875,38.468636,32.4411621,"0-65"
"1051","Wichita",-114.76,NA,1976-01-19,383029101324201,203,0,c(-101.546587, 38.507188),"1976","143-72",-101.546587,38.507188,34.128624,"0-65"
"1052","Wichita",-120.28,NA,1976-01-19,383644101280201,203,0,c(-101.468338, 38.611053),"1976","143-72",-101.468338,38.611053,37.7585716,"0-65"
"1053","Greeley",-122.78,"Sainte Theresa Chrch",1976-01-20,383405101363901,71,0,c(-101.612963, 38.566165),"1976","143-72",-101.612963,38.566165,50.0764389,"0-65"
"1054","Greeley",-125.59,"Sainte Theresa Chrch",1976-03-16,383405101363901,71,0,c(-101.612963, 38.566165),"1976","143-72",-101.612963,38.566165,50.0764389,"0-65"
"1055","Greeley",-126.98,"Sainte Theresa Chrch",1976-06-15,383405101363901,71,0,c(-101.612963, 38.566165),"1976","143-72",-101.612963,38.566165,50.0764389,"0-65"
"1056","Greeley",-133.78,"Sainte Theresa Chrch",1976-09-21,383405101363901,71,0,c(-101.612963, 38.566165),"1976","143-72",-101.612963,38.566165,50.0764389,"0-65"
"1057","Wichita",-119.78,NA,1976-01-19,383815101320001,203,0,c(-101.535463, 38.636214),"1976","143-72",-101.535463,38.636214,47.6065483,"0-65"
"1058","Wichita",-93.55,"Coronado Cemetery",1976-01-19,383414101212801,203,0,c(-101.359038, 38.569467),"1976","143-72",-101.359038,38.569467,40.3501434,"0-65"
"1059","Greeley",-133.5,"W of Sainte Theresa",1976-01-20,383418101435701,71,0,c(-101.733566, 38.569532),"1976","143-72",-101.733566,38.569532,62.708786,"0-65"
"1060","Greeley",-134.79,"W of Sainte Theresa",1976-06-15,383418101435701,71,0,c(-101.733566, 38.569532),"1976","143-72",-101.733566,38.569532,62.708786,"0-65"
"1061","Greeley",-136.5,"W of Sainte Theresa",1976-09-21,383418101435701,71,0,c(-101.733566, 38.569532),"1976","143-72",-101.733566,38.569532,62.708786,"0-65"
"1062","Greeley",-95.39,NA,1976-01-20,383736101424201,71,0,c(-101.711996, 38.624587),"1976","143-72",-101.711996,38.624587,35.5487289,"0-65"
"1063","Kearny",-32.31,"Deerfield",1976-01-16,375702101145602,93,0,c(-101.248647, 37.95017),"1976","71-0",-101.248647,37.95017,271.8301697,"263-328"
"1064","Kearny",-233.29,"LEOTI 3 SE",1976-01-16,380057101181401,93,0,c(-101.303947, 38.016819),"1976","287-216",-101.303947,38.016819,46.1592102,"0-65"
"1065","Hamilton",-191,"North of Sand Creek",1976-01-19,381422101385501,75,0,c(-101.648947, 38.240487),"1976","215-144",-101.648947,38.240487,10,"0-65"
"1066","Wichita",-139.29,"Carwood Cemetery",1976-01-19,383109101293201,203,0,c(-101.494642, 38.517437),"1976","143-72",-101.494642,38.517437,37.5145721,"0-65"
"1067","Wichita",-122.01,NA,1976-01-19,383051101154901,203,0,c(-101.264885, 38.513402),"1976","143-72",-101.264885,38.513402,44.1311646,"0-65"
"1068","Greeley",-132.48,NA,1976-01-20,383055101445401,71,0,c(-101.748909, 38.51387),"1976","143-72",-101.748909,38.51387,38.2059174,"0-65"
"1069","Wichita",-120.07,NA,1976-01-19,382900101195601,203,0,c(-101.334406, 38.482441),"1976","143-72",-101.334406,38.482441,32.5023956,"0-65"
"1070","Wichita",-129,"RUSSELL SPRINGS 3 SE",1976-01-19,383130101215201,203,0,c(-101.36671, 38.524081),"1976","143-72",-101.36671,38.524081,25.7738991,"0-65"
"1071","Wichita",-51.41,"Leoti NW",1976-01-19,382851101291601,203,0,c(-101.488542, 38.480287),"1976","71-0",-101.488542,38.480287,84.3959656,"66-131"
"1072","Wichita",-81.46,NA,1976-01-19,382620101272901,203,0,c(-101.458693, 38.438495),"1976","143-72",-101.458693,38.438495,41.5479813,"0-65"
"1073","Wichita",-126.61,NA,1976-01-19,383644101231501,203,0,c(-101.389828, 38.611329),"1976","143-72",-101.389828,38.611329,38.3622894,"0-65"
"1074","Wichita",-76.39,NA,1976-01-19,383328101185101,203,0,c(-101.316172, 38.557086),"1976","143-72",-101.316172,38.557086,35.4624176,"0-65"
"1075","Greeley",-110.23,"M Ladder Creek East",1976-12-09,383815101415101,71,0,c(-101.697348, 38.635364),"1976","143-72",-101.697348,38.635364,31.7746315,"0-65"
"1076","Wichita",-110.46,NA,1976-01-19,383551101294901,203,0,c(-101.49849, 38.596359),"1976","143-72",-101.49849,38.596359,38.3861313,"0-65"
"1077","Hamilton",-10.83,"Syracuse East",1976-01-20,375624101385301,75,0,c(-101.649859, 37.940224),"1976","71-0",-101.649859,37.940224,NA,NA
"1078","Kearny",-69.82,NA,1976-01-21,375059101273101,93,0,c(-101.458335, 37.850526),"1976","71-0",-101.458335,37.850526,NA,NA
"1079","Hamilton",-141.11,NA,1976-01-20,375209102022601,75,0,c(-102.037614, 37.869473),"1976","143-72",-102.037614,37.869473,20.5866108,"0-65"
"1080","Hamilton",-10.63,NA,1976-01-20,375557101383901,75,0,c(-101.643821, 37.933364),"1976","71-0",-101.643821,37.933364,NA,NA
"1081","Hamilton",-91.33,"Syracuse East SE",1976-01-20,375149101341601,75,0,c(-101.570249, 37.864775),"1976","143-72",-101.570249,37.864775,10,"0-65"
"1082","Kearny",-255.01,"LEOTI 3 SW",1976-01-16,380108101234301,93,0,c(-101.395347, 38.019718),"1976","287-216",-101.395347,38.019718,31.527317,"0-65"
"1083","Hamilton",-22.06,"Holly East",1976-01-19,380223102010301,75,0,c(-102.01706, 38.039633),"1976","71-0",-102.01706,38.039633,NA,NA
"1084","Hamilton",-26.88,"Syracuse West",1976-01-19,375927101454301,75,0,c(-101.76205, 37.991163),"1976","71-0",-101.76205,37.991163,10,"0-65"
"1085","Wichita",-114.06,NA,1976-01-19,381643101254101,203,0,c(-101.428223, 38.279026),"1976","143-72",-101.428223,38.279026,10,"0-65"
"1086","Hamilton",-160.69,"Syracuse West NW",1976-01-20,375544101553801,75,0,c(-101.927256, 37.928783),"1976","215-144",-101.927256,37.928783,10,"0-65"
"1087","Kearny",-28.1,"Lakin SW",1976-01-21,374917101242701,93,0,c(-101.406249, 37.819117),"1976","71-0",-101.406249,37.819117,NA,NA
"1088","Hamilton",-120.91,NA,1976-01-20,374945101350601,75,0,c(-101.584739, 37.830184),"1976","143-72",-101.584739,37.830184,10,"0-65"
"1089","Kearny",-208.22,NA,1976-01-16,380405101224601,93,0,c(-101.378193, 38.068866),"1976","215-144",-101.378193,38.068866,39.9167786,"0-65"
"1090","Kearny",-214.59,NA,1976-03-11,380405101224601,93,0,c(-101.378193, 38.068866),"1976","215-144",-101.378193,38.068866,39.9167786,"0-65"
"1091","Kearny",-216.41,NA,1976-06-03,380405101224601,93,0,c(-101.378193, 38.068866),"1976","287-216",-101.378193,38.068866,39.9167786,"0-65"
"1092","Kearny",-212.78,NA,1976-09-20,380405101224601,93,0,c(-101.378193, 38.068866),"1976","215-144",-101.378193,38.068866,39.9167786,"0-65"
"1093","Hamilton",-12.74,"East Bridge Crk S",1976-01-19,380025101553001,75,0,c(-101.926656, 38.008093),"1976","71-0",-101.926656,38.008093,NA,NA
"1094","Greeley",-38.51,NA,1976-01-20,383247101572001,71,0,c(-101.955335, 38.544601),"1976","71-0",-101.955335,38.544601,10,"0-65"
"1095","Wichita",-132.61,"Sainte Theresa Chrch",1976-01-19,383227101314401,203,0,c(-101.529743, 38.539566),"1976","143-72",-101.529743,38.539566,28.7803421,"0-65"
"1096","Wichita",-100.87,NA,1976-01-19,382707101211901,203,0,c(-101.356929, 38.451481),"1976","143-72",-101.356929,38.451481,21.3253269,"0-65"
"1097","Wichita",-77.06,"Leoti",1976-01-19,382431101170201,203,0,c(-101.283937, 38.40901),"1976","143-72",-101.283937,38.40901,10,"0-65"
"1098","Wichita",-123.84,NA,1976-01-19,383038101183401,203,0,c(-101.311456, 38.509678),"1976","143-72",-101.311456,38.509678,36.5239944,"0-65"
"1099","Wichita",-43.92,NA,1976-01-19,383512101275401,203,0,c(-101.466064, 38.585679),"1976","71-0",-101.466064,38.585679,35.3785133,"0-65"
"1100","Wichita",-121.16,NA,1976-01-20,383652101172901,203,0,c(-101.29304, 38.613573),"1976","143-72",-101.29304,38.613573,39.7935219,"0-65"
"1101","Greeley",-115.3,NA,1976-01-20,383802101350001,71,0,c(-101.584475, 38.632216),"1976","143-72",-101.584475,38.632216,49.7889023,"0-65"
"1102","Kearny",-41.37,"Kendall",1976-01-22,375328101305701,93,0,c(-101.516648, 37.890945),"1976","71-0",-101.516648,37.890945,NA,NA
"1103","Kearny",-20.59,"Deerfield",1976-01-23,375327101145501,93,0,c(-101.248373, 37.890934),"1976","71-0",-101.248373,37.890934,212.3414307,"198-262"
"1104","Hamilton",-81.65,NA,1976-01-20,374931101321201,75,0,c(-101.537299, 37.826385),"1976","143-72",-101.537299,37.826385,10,"0-65"
"1105","Kearny",-11.28,"Lakin",1976-01-16,375305101215502,93,0,c(-101.366735, 37.884447),"1976","71-0",-101.366735,37.884447,15.2634869,"0-65"
"1106","Kearny",-10.96,"Lakin",1976-03-11,375305101215502,93,0,c(-101.366735, 37.884447),"1976","71-0",-101.366735,37.884447,15.2634869,"0-65"
"1107","Kearny",-10.9,"Lakin",1976-06-03,375305101215502,93,0,c(-101.366735, 37.884447),"1976","71-0",-101.366735,37.884447,15.2634869,"0-65"
"1108","Kearny",-11.99,"Lakin",1976-09-20,375305101215502,93,0,c(-101.366735, 37.884447),"1976","71-0",-101.366735,37.884447,15.2634869,"0-65"
"1109","Hamilton",-9.14,"Kendall",1976-01-20,375531101342601,75,0,c(-101.573548, 37.926165),"1976","71-0",-101.573548,37.926165,NA,NA
"1110","Hamilton",-9.88,"Syracuse East",1976-01-20,375650101390001,75,0,c(-101.649249, 37.947294),"1976","71-0",-101.649249,37.947294,NA,NA
"1111","Kearny",-246.29,"LEOTI 3 SE",1976-01-16,380056101200901,93,0,c(-101.334737, 38.015995),"1976","287-216",-101.334737,38.015995,38.8848991,"0-65"
"1112","Wichita",-122.66,NA,1976-01-19,383228101250901,203,0,c(-101.422132, 38.540331),"1976","143-72",-101.422132,38.540331,26.4145069,"0-65"
"1113","Wichita",-127.43,NA,1976-06-16,383228101250901,203,0,c(-101.422132, 38.540331),"1976","143-72",-101.422132,38.540331,26.4145069,"0-65"
"1114","Wichita",-133.71,NA,1976-09-22,383228101250901,203,0,c(-101.422132, 38.540331),"1976","143-72",-101.422132,38.540331,26.4145069,"0-65"
"1115","Hamilton",-130.22,NA,1976-01-19,380823101345401,75,0,c(-101.579289, 38.141053),"1976","143-72",-101.579289,38.141053,10,"0-65"
"1116","Hamilton",-177.82,NA,1976-01-19,380849101370701,75,0,c(-101.616475, 38.147904),"1976","215-144",-101.616475,38.147904,10,"0-65"
"1117","Wichita",-122.72,NA,1976-01-19,382342101332401,203,0,c(-101.557146, 38.394579),"1976","143-72",-101.557146,38.394579,44.2092743,"0-65"
"1118","Wichita",-136.59,"LEOTI NW",1976-01-19,382845101262301,203,0,c(-101.442198, 38.478442),"1976","143-72",-101.442198,38.478442,37.3153229,"0-65"
"1119","Greeley",-125.5,"W of Sainte Theresa",1976-01-20,383028101402701,71,0,c(-101.673748, 38.506816),"1976","143-72",-101.673748,38.506816,37.0230217,"0-65"
"1120","Wichita",-75.48,NA,1976-01-19,382622101151501,203,0,c(-101.255563, 38.439229),"1976","143-72",-101.255563,38.439229,24.0494576,"0-65"
"1121","Greeley",-77.37,NA,1976-01-20,383650101381601,71,0,c(-101.639713, 38.612014),"1976","143-72",-101.639713,38.612014,48.8010559,"0-65"
"1122","Greeley",-77.13,NA,1976-03-16,383650101381601,71,0,c(-101.639713, 38.612014),"1976","143-72",-101.639713,38.612014,48.8010559,"0-65"
"1123","Greeley",-79.36,NA,1976-06-15,383650101381601,71,0,c(-101.639713, 38.612014),"1976","143-72",-101.639713,38.612014,48.8010559,"0-65"
"1124","Greeley",-77.54,NA,1976-09-21,383650101381601,71,0,c(-101.639713, 38.612014),"1976","143-72",-101.639713,38.612014,48.8010559,"0-65"
"1125","Hamilton",-15.87,"Kendall",1976-01-20,375512101343401,75,0,c(-101.575348, 37.920495),"1976","71-0",-101.575348,37.920495,NA,NA
"1126","Kearny",-64.56,"DEERFIELD SW",1976-01-23,375057101095801,93,0,c(-101.27584, 37.849186),"1976","71-0",-101.27584,37.849186,183.1983337,"132-197"
"1127","Hamilton",-138.98,"Syracuse West SW",1976-01-20,375031101594501,75,0,c(-101.995958, 37.842112),"1976","143-72",-101.995958,37.842112,28.6731071,"0-65"
"1128","Hamilton",-28.1,"Syracuse East",1976-01-21,375722101402101,75,0,c(-101.672849, 37.957514),"1976","71-0",-101.672849,37.957514,NA,NA
"1129","Hamilton",-64.52,"Syracuse West",1976-01-21,375538101453401,75,0,c(-101.76055, 37.927583),"1976","71-0",-101.76055,37.927583,NA,NA
"1130","Hamilton",-17.07,"Holly East",1976-01-19,380236102023501,75,0,c(-102.04316, 38.043893),"1976","71-0",-102.04316,38.043893,NA,NA
"1131","Hamilton",-21.38,"East Bridge Crk S",1976-01-19,380105101544101,75,0,c(-101.91092, 38.018984),"1976","71-0",-101.91092,38.018984,NA,NA
"1132","Wichita",-136.07,NA,1976-01-19,383043101240301,203,0,c(-101.403561, 38.511172),"1976","143-72",-101.403561,38.511172,17.5005074,"0-65"
"1133","Wichita",-138.19,NA,1976-01-19,383103101261501,203,0,c(-101.440488, 38.516619),"1976","143-72",-101.440488,38.516619,29.5409355,"0-65"
"1134","Wichita",-146.55,"Leoti NW",1976-01-20,382852101250901,203,0,c(-101.42284, 38.480738),"1976","215-144",-101.42284,38.480738,12.0792866,"0-65"
"1135","Wichita",-153.55,"Leoti NW",1976-06-16,382852101250901,203,0,c(-101.42284, 38.480738),"1976","215-144",-101.42284,38.480738,12.0792866,"0-65"
"1136","Wichita",-152.69,"Leoti NW",1976-09-22,382852101250901,203,0,c(-101.42284, 38.480738),"1976","215-144",-101.42284,38.480738,12.0792866,"0-65"
"1137","Wichita",-104.88,NA,1976-01-19,382204101293301,203,0,c(-101.492753, 38.367586),"1976","143-72",-101.492753,38.367586,47.3462677,"0-65"
"1138","Greeley",-139.65,NA,1976-01-20,383557101402601,71,0,c(-101.675697, 38.596577),"1976","143-72",-101.675697,38.596577,50.7638626,"0-65"
"1139","Greeley",-176.79,NA,1976-01-20,383604101443001,71,0,c(-101.74195, 38.598983),"1976","215-144",-101.74195,38.598983,38.9960098,"0-65"
"1140","Greeley",-117.97,NA,1976-01-20,383637101472601,71,0,c(-101.791772, 38.60826),"1976","143-72",-101.791772,38.60826,21.905735,"0-65"
"1141","Greeley",-129.15,NA,1976-01-20,383339101395901,71,0,c(-101.667668, 38.559158),"1976","143-72",-101.667668,38.559158,53.6325302,"0-65"
"1142","Wichita",-138.49,"Beulah Cemetery",1976-01-20,383757101204701,203,0,c(-101.349238, 38.631416),"1976","143-72",-101.349238,38.631416,33.8077545,"0-65"
"1143","Wichita",-118.08,"Carwood Cemetery",1976-01-19,383551101255001,203,0,c(-101.433372, 38.597545),"1976","143-72",-101.433372,38.597545,39.3519783,"0-65"
"1144","Finney",-43.15,"Garden City East",1976-02-17,375624100511301,55,0,c(-100.852589, 37.939383),"1976","71-0",-100.852589,37.939383,215.4691772,"198-262"
"1145","Finney",-21.07,"PIERCEVILLE",1976-02-17,375327100415801,55,0,c(-100.700187, 37.891563),"1976","71-0",-100.700187,37.891563,117.0635986,"66-131"
"1146","Finney",-106.84,"GARDEN CITY W",1976-01-29,375239100552401,55,0,c(-100.924743, 37.876904),"1976","143-72",-100.924743,37.876904,392.7521362,"328-393"
"1147","Finney",-109.89,"GARDEN CITY W",1976-06-03,375239100552401,55,0,c(-100.924743, 37.876904),"1976","143-72",-100.924743,37.876904,392.7521362,"328-393"
"1148","Gray",-120.88,"Cimarron NW",1976-01-23,375258100281701,69,0,c(-100.473826, 37.885371),"1976","143-72",-100.473826,37.885371,139.0392914,"132-197"
"1149","Finney",-115.87,"WOLF",1976-01-29,380319101012301,55,0,c(-101.023682, 38.055246),"1976","143-72",-101.023682,38.055246,184.3269043,"132-197"
"1150","Finney",-144.2,"WOLF",1976-12-29,380319101012301,55,0,c(-101.023682, 38.055246),"1976","215-144",-101.023682,38.055246,184.3269043,"132-197"
"1151","Finney",-76,"SCOTT CITY 4 SE",1976-01-01,380146100331301,55,0,c(-100.554627, 38.030691),"1976","143-72",-100.554627,38.030691,24.8591042,"0-65"
"1152","Finney",-76,"SCOTT CITY 4 SE",1976-01-08,380146100331301,55,0,c(-100.554627, 38.030691),"1976","143-72",-100.554627,38.030691,24.8591042,"0-65"
"1153","Finney",-132.51,"WHITE WOMAN BOTTOMS",1976-01-21,380411100474401,55,0,c(-100.795647, 38.069923),"1976","143-72",-100.795647,38.069923,80.9129333,"66-131"
"1154","Finney",-95.3,"GARDEN CITY SW",1976-02-17,375146100570201,55,0,c(-100.951006, 37.863153),"1976","143-72",-100.951006,37.863153,396.8807373,"393-459"
"1155","Finney",-119.57,"LOWE",1976-01-29,380339100582401,55,0,c(-100.974136, 38.060815),"1976","143-72",-100.974136,38.060815,154.5892639,"132-197"
"1156","Finney",-141.48,"LOWE",1976-12-28,380339100582401,55,0,c(-100.974136, 38.060815),"1976","143-72",-100.974136,38.060815,154.5892639,"132-197"
"1157","Finney",-70.88,"TENNIS NE",1976-01-19,381242100514201,55,0,c(-100.860934, 38.210702),"1976","71-0",-100.860934,38.210702,47.6436844,"0-65"
"1158","Finney",-75.65,"TENNIS NE",1976-03-18,381242100514201,55,0,c(-100.860934, 38.210702),"1976","143-72",-100.860934,38.210702,47.6436844,"0-65"
"1159","Finney",-76.59,"TENNIS NE",1976-06-23,381242100514201,55,0,c(-100.860934, 38.210702),"1976","143-72",-100.860934,38.210702,47.6436844,"0-65"
"1160","Finney",-88.2,"TENNIS NE",1976-09-22,381242100514201,55,0,c(-100.860934, 38.210702),"1976","143-72",-100.860934,38.210702,47.6436844,"0-65"
"1161","Finney",-73.1,"TENNIS NE",1976-12-30,381242100514201,55,0,c(-100.860934, 38.210702),"1976","143-72",-100.860934,38.210702,47.6436844,"0-65"
"1162","Finney",-37,NA,1976-01-08,381548100384201,55,0,c(-100.646057, 38.263158),"1976","71-0",-100.646057,38.263158,10,"0-65"
"1163","Lane",-80.2,"Shields",1976-01-19,383222100283401,101,0,c(-100.477317, 38.539916),"1976","143-72",-100.477317,38.539916,42.2736778,"0-65"
"1164","Scott",-114.66,"Lake Scott SW",1976-01-20,383053100573701,171,0,c(-100.962228, 38.514239),"1976","143-72",-100.962228,38.514239,60.9449921,"0-65"
"1165","Scott",-92.08,"Lake Scott SW",1976-01-19,383046100594901,171,0,c(-100.999029, 38.511569),"1976","143-72",-100.999029,38.511569,39.2529297,"0-65"
"1166","Scott",-92.33,"Lake Scott SW",1976-03-16,383046100594901,171,0,c(-100.999029, 38.511569),"1976","143-72",-100.999029,38.511569,39.2529297,"0-65"
"1167","Scott",-92.35,"Lake Scott SW",1976-06-15,383046100594901,171,0,c(-100.999029, 38.511569),"1976","143-72",-100.999029,38.511569,39.2529297,"0-65"
"1168","Scott",-94.07,"Lake Scott SW",1976-09-21,383046100594901,171,0,c(-100.999029, 38.511569),"1976","143-72",-100.999029,38.511569,39.2529297,"0-65"
"1169","Finney",-147.4,"WOLF NE",1976-12-30,380932101045601,55,0,c(-101.084641, 38.158823),"1976","215-144",-101.084641,38.158823,50.8000717,"0-65"
"1170","Finney",-80.75,"TENNIS",1976-01-20,380801100554801,55,0,c(-100.930488, 38.133423),"1976","143-72",-100.930488,38.133423,56.8953171,"0-65"
"1171","Finney",-89.5,"TENNIS",1976-09-22,380801100554801,55,0,c(-100.930488, 38.133423),"1976","143-72",-100.930488,38.133423,56.8953171,"0-65"
"1172","Finney",-79.9,"TENNIS",1976-12-30,380801100554801,55,0,c(-100.930488, 38.133423),"1976","143-72",-100.930488,38.133423,56.8953171,"0-65"
"1173","Scott",-54.27,NA,1976-01-19,382427101042001,171,0,c(-101.073904, 38.407034),"1976","71-0",-101.073904,38.407034,24.2702312,"0-65"
"1174","Scott",-102.5,NA,1976-01-19,382954101045502,171,0,c(-101.083012, 38.497838),"1976","143-72",-101.083012,38.497838,27.8881321,"0-65"
"1175","Lane",-115.35,NA,1976-01-19,383605100343101,101,0,c(-100.576042, 38.601167),"1976","143-72",-100.576042,38.601167,47.215065,"0-65"
"1176","Lane",-91.53,"Shields",1976-01-19,383551100275501,101,0,c(-100.468566, 38.597532),"1976","143-72",-100.468566,38.597532,29.8382416,"0-65"
"1177","Scott",-144.44,"Lake Scott",1976-01-20,383738100582001,171,0,c(-100.972128, 38.626947),"1976","215-144",-100.972128,38.626947,29.3847389,"0-65"
"1178","Finney",-8.64,NA,1976-02-17,375400100450701,55,0,c(-100.752679, 37.90107),"1976","71-0",-100.752679,37.90107,163.5677643,"132-197"
"1179","Finney",-71.42,"Deerfield NE",1976-03-11,375456101050301,55,0,c(-101.084746, 37.915693),"1976","71-0",-101.084746,37.915693,196.7312775,"132-197"
"1180","Finney",-72.18,"Deerfield NE",1976-06-03,375456101050301,55,0,c(-101.084746, 37.915693),"1976","143-72",-101.084746,37.915693,196.7312775,"132-197"
"1181","Finney",-81.69,"Deerfield NE",1976-09-20,375456101050301,55,0,c(-101.084746, 37.915693),"1976","143-72",-101.084746,37.915693,196.7312775,"132-197"
"1182","Finney",-80.78,"PLYMELL",1976-01-29,374951100520201,55,0,c(-100.867812, 37.831445),"1976","143-72",-100.867812,37.831445,323.6017456,"263-328"
"1183","Finney",-88.12,"PLYMELL",1976-09-23,374951100520201,55,0,c(-100.867812, 37.831445),"1976","143-72",-100.867812,37.831445,323.6017456,"263-328"
"1184","Gray",-12.45,"Pierceville SW",1976-01-23,375159100384101,69,0,c(-100.646632, 37.871892),"1976","71-0",-100.646632,37.871892,110.0856781,"66-131"
"1185","Finney",-82.45,"SCOTT CITY 4 SW",1976-01-21,380202100394701,55,0,c(-100.664031, 38.034121),"1976","143-72",-100.664031,38.034121,50.2462807,"0-65"
"1186","Finney",-83.17,"SCOTT CITY 4 SW",1976-12-28,380202100394701,55,0,c(-100.664031, 38.034121),"1976","143-72",-100.664031,38.034121,50.2462807,"0-65"
"1187","Kearny",-86.07,"Wolf",1976-01-16,380153101071302,93,0,c(-101.120135, 38.031501),"1976","143-72",-101.120135,38.031501,260.8872681,"198-262"
"1188","Finney",-95.08,"SCOTT CITY 4 SW",1976-01-21,380435100422401,55,0,c(-100.705431, 38.076291),"1976","143-72",-100.705431,38.076291,50.9045372,"0-65"
"1189","Finney",-134.03,"LOWE",1976-01-29,380438100595401,55,0,c(-100.996292, 38.077096),"1976","143-72",-100.996292,38.077096,122.7734985,"66-131"
"1190","Finney",-159.8,"LOWE",1976-12-29,380438100595401,55,0,c(-100.996292, 38.077096),"1976","215-144",-100.996292,38.077096,122.7734985,"66-131"
"1191","Finney",-68.85,"GARDEN CITY SW",1976-01-29,374905100545201,55,0,c(-100.915055, 37.818292),"1976","71-0",-100.915055,37.818292,331.5267334,"328-393"
"1192","Kearny",-70.28,NA,1976-01-23,375011101142201,93,0,c(-101.239463, 37.83646),"1976","71-0",-101.239463,37.83646,192.04953,"132-197"
"1193","Finney",-103.61,"SCOTT CITY 4 SW",1976-01-21,380013100415901,55,0,c(-100.699773, 38.003729),"1976","143-72",-100.699773,38.003729,82.5603333,"66-131"
"1194","Finney",-99.61,"TENNIS",1976-01-19,381155100473701,55,0,c(-100.792632, 38.199241),"1976","143-72",-100.792632,38.199241,49.11866,"0-65"
"1195","Finney",-107.02,"WOLF NE",1976-02-24,381400101025302,55,0,c(-101.050061, 38.233086),"1976","143-72",-101.050061,38.233086,26.0738602,"0-65"
"1196","Scott",-86.87,"SHALLOW WATER",1976-01-19,381710100562601,171,0,c(-100.940743, 38.285621),"1976","143-72",-100.940743,38.285621,33.8295898,"0-65"
"1197","Scott",-119.89,NA,1976-01-19,383106101020201,171,0,c(-101.034732, 38.517658),"1976","143-72",-101.034732,38.517658,29.0145226,"0-65"
"1198","Finney",-90.21,"TENNIS",1976-01-20,380807100574302,55,0,c(-100.962521, 38.135292),"1976","143-72",-100.962521,38.135292,41.4977303,"0-65"
"1199","Finney",-100.05,"TENNIS",1976-12-30,380807100574302,55,0,c(-100.962521, 38.135292),"1976","143-72",-100.962521,38.135292,41.4977303,"0-65"
"1200","Scott",-59.18,NA,1976-01-19,382342100544901,171,0,c(-100.914234, 38.394628),"1976","71-0",-100.914234,38.394628,73.2410126,"66-131"
"1201","Lane",-98.02,"Cheyenne Creek",1976-01-20,383743100295901,101,0,c(-100.500866, 38.627432),"1976","143-72",-100.500866,38.627432,41.7983513,"0-65"
"1202","Finney",-81.09,"Garden City SW",1976-01-29,375002100542601,55,0,c(-100.906942, 37.833524),"1976","143-72",-100.906942,37.833524,353.9524841,"328-393"
"1203","Finney",-81.37,"Garden City SW",1976-03-18,375002100542601,55,0,c(-100.906942, 37.833524),"1976","143-72",-100.906942,37.833524,353.9524841,"328-393"
"1204","Finney",-87.37,"Garden City SW",1976-06-23,375002100542601,55,0,c(-100.906942, 37.833524),"1976","143-72",-100.906942,37.833524,353.9524841,"328-393"
"1205","Finney",-103.74,"Garden City SW",1976-09-23,375002100542601,55,0,c(-100.906942, 37.833524),"1976","143-72",-100.906942,37.833524,353.9524841,"328-393"
"1206","Gray",-18.36,NA,1976-01-23,375151100354901,69,0,c(-100.597827, 37.865409),"1976","71-0",-100.597827,37.865409,114.5301819,"66-131"
"1207","Finney",-108.27,"WOLF",1976-01-05,380201101030101,55,0,c(-101.052174, 38.032793),"1976","143-72",-101.052174,38.032793,238.384079,"198-262"
"1208","Finney",-104.98,"WOLF",1976-02-05,380201101030101,55,0,c(-101.052174, 38.032793),"1976","143-72",-101.052174,38.032793,238.384079,"198-262"
"1209","Finney",-119.75,"WOLF",1976-03-05,380201101030101,55,0,c(-101.052174, 38.032793),"1976","143-72",-101.052174,38.032793,238.384079,"198-262"
"1210","Finney",-144.62,"WOLF",1976-04-05,380201101030101,55,0,c(-101.052174, 38.032793),"1976","215-144",-101.052174,38.032793,238.384079,"198-262"
"1211","Finney",-138.55,"WOLF",1976-05-05,380201101030101,55,0,c(-101.052174, 38.032793),"1976","143-72",-101.052174,38.032793,238.384079,"198-262"
"1212","Finney",-147.25,"WOLF",1976-06-05,380201101030101,55,0,c(-101.052174, 38.032793),"1976","215-144",-101.052174,38.032793,238.384079,"198-262"
"1213","Finney",-142.4,"WOLF",1976-07-05,380201101030101,55,0,c(-101.052174, 38.032793),"1976","143-72",-101.052174,38.032793,238.384079,"198-262"
"1214","Finney",-155.97,"WOLF",1976-08-05,380201101030101,55,0,c(-101.052174, 38.032793),"1976","215-144",-101.052174,38.032793,238.384079,"198-262"
"1215","Finney",-152.6,"WOLF",1976-09-05,380201101030101,55,0,c(-101.052174, 38.032793),"1976","215-144",-101.052174,38.032793,238.384079,"198-262"
"1216","Finney",-144.42,"WOLF",1976-10-05,380201101030101,55,0,c(-101.052174, 38.032793),"1976","215-144",-101.052174,38.032793,238.384079,"198-262"
"1217","Finney",-133.84,"WOLF",1976-11-05,380201101030101,55,0,c(-101.052174, 38.032793),"1976","143-72",-101.052174,38.032793,238.384079,"198-262"
"1218","Finney",-129.7,"WOLF",1976-12-31,380201101030101,55,0,c(-101.052174, 38.032793),"1976","143-72",-101.052174,38.032793,238.384079,"198-262"
"1219","Finney",-75.27,"LOWE",1976-01-29,380155100543401,55,0,c(-100.91084, 38.032193),"1976","143-72",-100.91084,38.032193,207.7573853,"198-262"
"1220","Finney",-131.1,"LOWE",1976-12-29,380155100543401,55,0,c(-100.91084, 38.032193),"1976","143-72",-100.91084,38.032193,207.7573853,"198-262"
"1221","Finney",-134.35,"WOLF",1976-01-20,380603101045501,55,0,c(-101.083512, 38.10038),"1976","143-72",-101.083512,38.10038,102.8574219,"66-131"
"1222","Finney",-122.67,"Wolf",1976-12-29,380115101032601,55,0,c(-101.058334, 38.020593),"1976","143-72",-101.058334,38.020593,260.0325317,"198-262"
"1223","Kearny",-51.49,"Wolf SW",1976-01-16,380118101104802,93,0,c(-101.180266, 38.022821),"1976","71-0",-101.180266,38.022821,76.327095,"66-131"
"1224","Finney",-72.31,"PLYMELL",1976-01-29,375145100485701,55,0,c(-100.817939, 37.862093),"1976","143-72",-100.817939,37.862093,228.8877869,"198-262"
"1225","Kearny",-72.67,"Deerfield SW",1976-01-23,374920101105701,93,0,c(-101.188665, 37.819875),"1976","143-72",-101.188665,37.819875,201.5187531,"198-262"
"1226","Finney",-102.96,"WOLF",1976-01-20,380405101031801,55,0,c(-101.055863, 38.067757),"1976","143-72",-101.055863,38.067757,159.1605835,"132-197"
"1227","Finney",-126.85,"WOLF",1976-12-29,380405101031801,55,0,c(-101.055863, 38.067757),"1976","143-72",-101.055863,38.067757,159.1605835,"132-197"
"1228","Finney",-55.47,NA,1976-01-29,375003100411701,55,0,c(-100.688972, 37.835228),"1976","71-0",-100.688972,37.835228,139.0182648,"132-197"
"1229","Finney",-102.08,"WOLF",1976-01-26,380109101014001,55,0,c(-101.028322, 38.018808),"1976","143-72",-101.028322,38.018808,241.1795197,"198-262"
"1230","Finney",-122.57,"WOLF",1976-12-29,380109101014001,55,0,c(-101.028322, 38.018808),"1976","143-72",-101.028322,38.018808,241.1795197,"198-262"
"1231","Finney",-136,"WHITE WOMAN BOTTOMS",1976-12-28,380220100485001,55,0,c(-100.814218, 38.039161),"1976","143-72",-100.814218,38.039161,131.7532043,"66-131"
"1232","Gray",-113.6,"Pierceville NE",1976-01-23,375736100331301,69,0,c(-100.553128, 37.960701),"1976","143-72",-100.553128,37.960701,65.3278198,"0-65"
"1233","Finney",-83.36,"KALVESTA SW",1976-01-23,380006100293001,55,0,c(-100.491125, 38.00255),"1976","143-72",-100.491125,38.00255,46.6168671,"0-65"
"1234","Finney",-64.51,NA,1976-01-19,381538100543401,55,0,c(-100.910209, 38.260673),"1976","71-0",-100.910209,38.260673,47.6633835,"0-65"
"1235","Scott",-104.17,NA,1976-01-20,383223100473801,171,0,c(-100.79547, 38.540163),"1976","143-72",-100.79547,38.540163,33.9168243,"0-65"
"1236","Scott",-96.32,NA,1976-01-19,382810100594001,171,0,c(-100.995776, 38.468709),"1976","143-72",-100.995776,38.468709,46.9008484,"0-65"
"1237","Scott",-96.27,NA,1976-01-20,382947100522901,171,0,c(-100.876022, 38.49622),"1976","143-72",-100.876022,38.49622,87.0673294,"66-131"
"1238","Scott",-95.24,NA,1976-03-02,382947100522901,171,0,c(-100.876022, 38.49622),"1976","143-72",-100.876022,38.49622,87.0673294,"66-131"
"1239","Scott",-102.48,NA,1976-06-16,382947100522901,171,0,c(-100.876022, 38.49622),"1976","143-72",-100.876022,38.49622,87.0673294,"66-131"
"1240","Scott",-131.66,NA,1976-01-20,383527100485401,171,0,c(-100.816633, 38.591051),"1976","143-72",-100.816633,38.591051,25.3024998,"0-65"
"1241","Scott",-80.33,NA,1976-01-19,382204100544001,171,0,c(-100.911687, 38.367468),"1976","143-72",-100.911687,38.367468,74.4157562,"66-131"
"1242","Lane",-110,NA,1976-11-01,383624100305601,101,0,c(-100.51859, 38.606735),"1976","143-72",-100.51859,38.606735,42.2666664,"0-65"
"1243","Scott",-125.8,"Lake Scott SW",1976-01-20,383448100555801,171,0,c(-100.934027, 38.579288),"1976","143-72",-100.934027,38.579288,51.0691109,"0-65"
"1244","Scott",-120.16,"Pence SE",1976-01-19,383448101044801,171,0,c(-101.082431, 38.578808),"1976","143-72",-101.082431,38.578808,49.2636604,"0-65"
"1245","Lane",-120,NA,1976-11-01,383711100370001,101,0,c(-100.61749, 38.620366),"1976","143-72",-100.61749,38.620366,46.3279915,"0-65"
"1246","Finney",-100.12,"Garden City West",1976-02-19,375516100555601,55,0,c(-100.933742, 37.920424),"1976","143-72",-100.933742,37.920424,282.967041,"263-328"
"1247","Kearny",-59.72,"Deerfield",1976-01-23,375307101103901,93,0,c(-101.177147, 37.886441),"1976","71-0",-101.177147,37.886441,249.4031067,"198-262"
"1248","Kearny",-62.42,"Deerfield",1976-06-03,375307101103901,93,0,c(-101.177147, 37.886441),"1976","71-0",-101.177147,37.886441,249.4031067,"198-262"
"1249","Kearny",-68.06,"Deerfield",1976-09-20,375307101103901,93,0,c(-101.177147, 37.886441),"1976","71-0",-101.177147,37.886441,249.4031067,"198-262"
"1250","Finney",-23.58,NA,1976-01-29,375720100545901,55,0,c(-100.916701, 37.955972),"1976","71-0",-100.916701,37.955972,219.8154602,"198-262"
"1251","Finney",-33.1,NA,1976-02-17,375505100473901,55,0,c(-100.79481, 37.918526),"1976","71-0",-100.79481,37.918526,208.8885803,"198-262"
"1252","Finney",-35.15,NA,1976-12-30,375505100473901,55,0,c(-100.79481, 37.918526),"1976","71-0",-100.79481,37.918526,208.8885803,"198-262"
"1253","Finney",-70.88,"Deerfield NE",1976-03-11,375404101021201,55,0,c(-101.038346, 37.901643),"1976","71-0",-101.038346,37.901643,232.1382751,"198-262"
"1254","Finney",-71.17,"Deerfield NE",1976-06-03,375404101021201,55,0,c(-101.038346, 37.901643),"1976","71-0",-101.038346,37.901643,232.1382751,"198-262"
"1255","Finney",-74.21,"Deerfield NE",1976-09-20,375404101021201,55,0,c(-101.038346, 37.901643),"1976","143-72",-101.038346,37.901643,232.1382751,"198-262"
"1256","Finney",-84.48,"GARDEN CITY W",1976-01-29,375449100574301,55,0,c(-100.961144, 37.913344),"1976","143-72",-100.961144,37.913344,296.6975098,"263-328"
"1257","Finney",-71.4,"GARDEN CITY W",1976-03-18,375449100574301,55,0,c(-100.961144, 37.913344),"1976","71-0",-100.961144,37.913344,296.6975098,"263-328"
"1258","Finney",-85.89,"GARDEN CITY W",1976-06-03,375449100574301,55,0,c(-100.961144, 37.913344),"1976","143-72",-100.961144,37.913344,296.6975098,"263-328"
"1259","Finney",-102.52,"GARDEN CITY W",1976-09-23,375449100574301,55,0,c(-100.961144, 37.913344),"1976","143-72",-100.961144,37.913344,296.6975098,"263-328"
"1260","Finney",-102.01,"WOLF",1976-01-20,380253101045501,55,0,c(-101.084344, 38.046943),"1976","143-72",-101.084344,38.046943,234.8615112,"198-262"
"1261","Finney",-128.97,"WOLF",1976-12-29,380253101045501,55,0,c(-101.084344, 38.046943),"1976","143-72",-101.084344,38.046943,234.8615112,"198-262"
"1262","Finney",-71.46,"LOWE",1976-01-21,380346100554001,55,0,c(-100.928281, 38.062935),"1976","71-0",-100.928281,38.062935,146.8017883,"132-197"
"1263","Finney",-116.8,"LOWE",1976-12-29,380346100554001,55,0,c(-100.928281, 38.062935),"1976","143-72",-100.928281,38.062935,146.8017883,"132-197"
"1264","Finney",-71.8,"LOWE",1976-01-21,380221100525601,55,0,c(-100.882336, 38.039406),"1976","71-0",-100.882336,38.039406,171.7020569,"132-197"
"1265","Finney",-110.9,"LOWE",1976-12-28,380221100525601,55,0,c(-100.882336, 38.039406),"1976","143-72",-100.882336,38.039406,171.7020569,"132-197"
"1266","Finney",-88.56,"GARDEN CITY W",1976-01-15,375707100570201,55,0,c(-100.951005, 37.953805),"1976","143-72",-100.951005,37.953805,239.4880066,"198-262"
"1267","Scott",-75.7,"Shallow Water",1976-11-01,381716100540601,171,0,c(-100.901734, 38.286882),"1976","143-72",-100.901734,38.286882,49.9637718,"0-65"
"1268","Scott",-113.35,"Tractor",1976-01-20,382947100495001,171,0,c(-100.833127, 38.497258),"1976","143-72",-100.833127,38.497258,62.1295509,"0-65"
"1269","Scott",-125.61,"Pence SE",1976-01-19,383250101012901,171,0,c(-101.026429, 38.547359),"1976","143-72",-101.026429,38.547359,32.0764542,"0-65"
"1270","Finney",-20.1,NA,1976-01-08,381043100274201,55,0,c(-100.462687, 38.178074),"1976","71-0",-100.462687,38.178074,NA,NA
"1271","Scott",-66.6,"Modoc",1976-01-19,382552101002001,171,0,c(-101.007331, 38.431401),"1976","71-0",-101.007331,38.431401,53.7220039,"0-65"
"1272","Scott",-106.79,"Modoc",1976-01-19,382756101015201,171,0,c(-101.032531, 38.46449),"1976","143-72",-101.032531,38.46449,22.9936829,"0-65"
"1273","Scott",-107.57,"Modoc",1976-06-16,382756101015201,171,0,c(-101.032531, 38.46449),"1976","143-72",-101.032531,38.46449,22.9936829,"0-65"
"1274","Scott",-109.85,"Modoc",1976-09-22,382756101015201,171,0,c(-101.032531, 38.46449),"1976","143-72",-101.032531,38.46449,22.9936829,"0-65"
"1275","Scott",-108.19,NA,1976-01-20,383211100541801,171,0,c(-100.906797, 38.536348),"1976","143-72",-100.906797,38.536348,80.7088623,"66-131"
"1276","Scott",-126.59,"Lake Scott SE",1976-01-20,383316100505801,171,0,c(-100.851043, 38.555085),"1976","143-72",-100.851043,38.555085,49.2951889,"0-65"
"1277","Scott",-125.91,"Lake Scott SE",1976-03-02,383316100505801,171,0,c(-100.851043, 38.555085),"1976","143-72",-100.851043,38.555085,49.2951889,"0-65"
"1278","Scott",-127.58,"Lake Scott SE",1976-06-16,383316100505801,171,0,c(-100.851043, 38.555085),"1976","143-72",-100.851043,38.555085,49.2951889,"0-65"
"1279","Scott",-133.63,"Lake Scott SE",1976-09-09,383316100505801,171,0,c(-100.851043, 38.555085),"1976","143-72",-100.851043,38.555085,49.2951889,"0-65"
"1280","Finney",-72.72,"GARDEN CITY W",1976-01-29,375614100562101,55,0,c(-100.939743, 37.937694),"1976","143-72",-100.939743,37.937694,236.7416687,"198-262"
"1281","Finney",-75.8,"GARDEN CITY W",1976-03-18,375614100562101,55,0,c(-100.939743, 37.937694),"1976","143-72",-100.939743,37.937694,236.7416687,"198-262"
"1282","Finney",-80.69,"GARDEN CITY W",1976-06-03,375614100562101,55,0,c(-100.939743, 37.937694),"1976","143-72",-100.939743,37.937694,236.7416687,"198-262"
"1283","Finney",-91.54,"GARDEN CITY W",1976-09-23,375614100562101,55,0,c(-100.939743, 37.937694),"1976","143-72",-100.939743,37.937694,236.7416687,"198-262"
"1284","Finney",-92.39,NA,1976-02-19,375259101043801,55,0,c(-101.079853, 37.882256),"1976","143-72",-101.079853,37.882256,201.9775848,"198-262"
"1285","Finney",-72.2,"SCOTT CITY 4 SE",1976-01-01,380446100371901,55,0,c(-100.617528, 38.082071),"1976","143-72",-100.617528,38.082071,17.3736382,"0-65"
"1286","Finney",-72.2,"SCOTT CITY 4 SE",1976-01-08,380446100371901,55,0,c(-100.617528, 38.082071),"1976","143-72",-100.617528,38.082071,17.3736382,"0-65"
"1287","Kearny",-112.84,"Wolf",1976-01-16,380344101071301,93,0,c(-101.120134, 38.062156),"1976","143-72",-101.120134,38.062156,185.9543152,"132-197"
"1288","Kearny",-113.97,"Wolf",1976-03-11,380344101071301,93,0,c(-101.120134, 38.062156),"1976","143-72",-101.120134,38.062156,185.9543152,"132-197"
"1289","Kearny",-115.54,"Wolf",1976-06-03,380344101071301,93,0,c(-101.120134, 38.062156),"1976","143-72",-101.120134,38.062156,185.9543152,"132-197"
"1290","Kearny",-116.26,"Wolf",1976-09-20,380344101071301,93,0,c(-101.120134, 38.062156),"1976","143-72",-101.120134,38.062156,185.9543152,"132-197"
"1291","Finney",-98.47,"LOWE",1976-01-21,380109100570201,55,0,c(-100.951742, 38.018244),"1976","143-72",-100.951742,38.018244,217.0845642,"198-262"
"1292","Finney",-106.92,"LOWE",1976-09-22,380109100570201,55,0,c(-100.951742, 38.018244),"1976","143-72",-100.951742,38.018244,217.0845642,"198-262"
"1293","Finney",-122.27,"LOWE",1976-12-29,380109100570201,55,0,c(-100.951742, 38.018244),"1976","143-72",-100.951742,38.018244,217.0845642,"198-262"
"1294","Gray",-97.92,NA,1976-01-23,375950100341901,69,0,c(-100.571946, 37.99729),"1976","143-72",-100.571946,37.99729,46.0524216,"0-65"
"1295","Kearny",-40.31,"Deerfield",1976-01-16,375828101103101,93,0,c(-101.175236, 37.973841),"1976","71-0",-101.175236,37.973841,255.8293915,"198-262"
"1296","Gray",-127.96,NA,1976-01-23,375825100380101,69,0,c(-100.633731, 37.974249),"1976","143-72",-100.633731,37.974249,69.5827332,"66-131"
"1297","Finney",-89.59,"GARDEN CITY W",1976-01-29,375654100553201,55,0,c(-100.924542, 37.950144),"1976","143-72",-100.924542,37.950144,226.9909973,"198-262"
"1298","Finney",-98.25,"GARDEN CITY W",1976-03-18,375654100553201,55,0,c(-100.924542, 37.950144),"1976","143-72",-100.924542,37.950144,226.9909973,"198-262"
"1299","Finney",-103.36,"GARDEN CITY W",1976-06-03,375654100553201,55,0,c(-100.924542, 37.950144),"1976","143-72",-100.924542,37.950144,226.9909973,"198-262"
"1300","Finney",-108.16,"GARDEN CITY W",1976-09-23,375654100553201,55,0,c(-100.924542, 37.950144),"1976","143-72",-100.924542,37.950144,226.9909973,"198-262"
"1301","Kearny",-16.62,"Deerfield",1976-01-16,375644101092502,93,0,c(-101.157537, 37.945011),"1976","71-0",-101.157537,37.945011,276.0914612,"263-328"
"1302","Finney",-27.8,"Garden City West",1976-12-30,375812100550701,55,0,c(-100.918944, 37.970514),"1976","71-0",-100.918944,37.970514,225.3491669,"198-262"
"1303","Kearny",-16.32,"Deerfield NE",1976-01-16,375738101071302,93,0,c(-101.120075, 37.960456),"1976","71-0",-101.120075,37.960456,291.4324951,"263-328"
"1304","Kearny",-15.84,"Deerfield NE",1976-03-11,375738101071302,93,0,c(-101.120075, 37.960456),"1976","71-0",-101.120075,37.960456,291.4324951,"263-328"
"1305","Kearny",-16.38,"Deerfield NE",1976-06-03,375738101071302,93,0,c(-101.120075, 37.960456),"1976","71-0",-101.120075,37.960456,291.4324951,"263-328"
"1306","Finney",-45.63,NA,1976-01-19,381458100444501,55,0,c(-100.746341, 38.249075),"1976","71-0",-100.746341,38.249075,10,"0-65"
"1307","Finney",-61.42,"TENNIS",1976-01-19,381419100583201,55,0,c(-100.976862, 38.238686),"1976","71-0",-100.976862,38.238686,31.2073002,"0-65"
"1308","Finney",-89.71,"WHITE WOMAN BOTTOMS",1976-01-19,380715100503701,55,0,c(-100.840635, 38.120092),"1976","143-72",-100.840635,38.120092,36.4068604,"0-65"
"1309","Finney",-99.6,"WHITE WOMAN BOTTOMS",1976-12-30,380715100503701,55,0,c(-100.840635, 38.120092),"1976","143-72",-100.840635,38.120092,36.4068604,"0-65"
"1310","Scott",-118.33,NA,1976-01-20,383237100581901,171,0,c(-100.973313, 38.542988),"1976","143-72",-100.973313,38.542988,51.0242996,"0-65"
"1311","Finney",-95.49,"WOLF NE",1976-01-20,380945101014801,55,0,c(-101.03054, 38.163093),"1976","143-72",-101.03054,38.163093,23.8762321,"0-65"
"1312","Finney",-103,"WOLF NE",1976-12-30,380945101014801,55,0,c(-101.03054, 38.163093),"1976","143-72",-101.03054,38.163093,23.8762321,"0-65"
"1313","Finney",-45.13,"LOWE",1976-01-20,380616100530402,55,0,c(-100.884699, 38.104714),"1976","71-0",-100.884699,38.104714,74.7934341,"66-131"
"1314","Finney",-59.89,"LOWE",1976-03-17,380616100530402,55,0,c(-100.884699, 38.104714),"1976","71-0",-100.884699,38.104714,74.7934341,"66-131"
"1315","Finney",-77.17,"LOWE",1976-06-23,380616100530402,55,0,c(-100.884699, 38.104714),"1976","143-72",-100.884699,38.104714,74.7934341,"66-131"
"1316","Finney",-80.7,"LOWE",1976-09-22,380616100530402,55,0,c(-100.884699, 38.104714),"1976","143-72",-100.884699,38.104714,74.7934341,"66-131"
"1317","Finney",-62.37,"LOWE",1976-12-28,380616100530402,55,0,c(-100.884699, 38.104714),"1976","71-0",-100.884699,38.104714,74.7934341,"66-131"
"1318","Scott",-101.26,"Scott City",1976-03-17,382401100565301,171,0,c(-100.950431, 38.400321),"1976","143-72",-100.950431,38.400321,32.0112534,"0-65"
"1319","Scott",-107.01,"Scott City",1976-09-22,382401100565301,171,0,c(-100.950431, 38.400321),"1976","143-72",-100.950431,38.400321,32.0112534,"0-65"
"1320","Wichita",-107.33,"Marienthal",1976-01-19,382902101090301,203,0,c(-101.152133, 38.48314),"1976","143-72",-101.152133,38.48314,17.6551819,"0-65"
"1321","Wichita",-114.37,"Marienthal",1976-09-22,382902101090301,203,0,c(-101.152133, 38.48314),"1976","143-72",-101.152133,38.48314,17.6551819,"0-65"
"1322","Lane",-81.48,"Healy",1976-01-20,383130100354301,101,0,c(-100.594921, 38.525637),"1976","143-72",-100.594921,38.525637,75.8765945,"66-131"
"1323","Lane",-89.12,"Healy",1976-09-09,383130100354301,101,0,c(-100.594921, 38.525637),"1976","143-72",-100.594921,38.525637,75.8765945,"66-131"
"1324","Lane",-69.8,"Manning",1976-11-01,383130100383801,101,0,c(-100.644822, 38.525787),"1976","71-0",-100.644822,38.525787,72.3139114,"66-131"
"1325","Scott",-78.51,NA,1976-01-20,382854100454601,171,0,c(-100.765563, 38.481967),"1976","143-72",-100.765563,38.481967,38.4426727,"0-65"
"1326","Scott",-96.83,NA,1976-01-20,383256100420701,171,0,c(-100.704082, 38.548891),"1976","143-72",-100.704082,38.548891,54.7523842,"0-65"
"1327","Wichita",-113.52,NA,1976-01-19,382618101074001,203,0,c(-101.128958, 38.437765),"1976","143-72",-101.128958,38.437765,28.7169914,"0-65"
"1328","Wichita",-128.77,NA,1976-01-19,383448101133801,203,0,c(-101.228324, 38.579181),"1976","143-72",-101.228324,38.579181,38.7165642,"0-65"
"1329","Scott",-153.64,"Pence",1976-01-19,383804101062801,171,0,c(-101.110032, 38.634297),"1976","215-144",-101.110032,38.634297,16.1716785,"0-65"
"1330","Scott",-133.8,"Lake Scott SE",1976-01-20,383724100474001,171,0,c(-100.796424, 38.623976),"1976","143-72",-100.796424,38.623976,17.9940434,"0-65"
"1331","Finney",-78.27,"Plymell",1976-01-29,375020100474201,55,0,c(-100.795838, 37.839753),"1976","143-72",-100.795838,37.839753,244.4213867,"198-262"
"1332","Finney",-106.35,NA,1976-02-24,375121101000201,55,0,c(-101.001163, 37.855752),"1976","143-72",-101.001163,37.855752,307.8713989,"263-328"
"1333","Kearny",-77.82,"Deerfield SW",1976-01-23,375124101080201,93,0,c(-101.134447, 37.857801),"1976","143-72",-101.134447,37.857801,220.5754395,"198-262"
"1334","Kearny",-78.13,"Deerfield SW",1976-03-11,375124101080201,93,0,c(-101.134447, 37.857801),"1976","143-72",-101.134447,37.857801,220.5754395,"198-262"
"1335","Kearny",-80.26,"Deerfield SW",1976-06-03,375124101080201,93,0,c(-101.134447, 37.857801),"1976","143-72",-101.134447,37.857801,220.5754395,"198-262"
"1336","Kearny",-89.36,"Deerfield SW",1976-09-20,375124101080201,93,0,c(-101.134447, 37.857801),"1976","143-72",-101.134447,37.857801,220.5754395,"198-262"
"1337","Finney",-105.89,"GARDEN CITY W",1976-01-29,375239100574301,55,0,c(-100.961244, 37.876724),"1976","143-72",-100.961244,37.876724,390.3110962,"328-393"
"1338","Finney",-105.13,"GARDEN CITY W",1976-03-18,375239100574301,55,0,c(-100.961244, 37.876724),"1976","143-72",-100.961244,37.876724,390.3110962,"328-393"
"1339","Finney",-106.37,"GARDEN CITY W",1976-06-03,375239100574301,55,0,c(-100.961244, 37.876724),"1976","143-72",-100.961244,37.876724,390.3110962,"328-393"
"1340","Finney",-117.93,"GARDEN CITY W",1976-09-23,375239100574301,55,0,c(-100.961244, 37.876724),"1976","143-72",-100.961244,37.876724,390.3110962,"328-393"
"1341","Gray",-137.68,"Pierceville NE",1976-01-23,375339100331401,69,0,c(-100.555129, 37.896072),"1976","143-72",-100.555129,37.896072,98.1261749,"66-131"
"1342","Finney",-95.02,"SCOTT CITY 4 SW",1976-01-19,380613100412601,55,0,c(-100.690678, 38.103537),"1976","143-72",-100.690678,38.103537,32.5580025,"0-65"
"1343","Finney",-24.45,NA,1976-02-17,375149100435301,55,0,c(-100.732109, 37.864586),"1976","71-0",-100.732109,37.864586,141.836792,"132-197"
"1344","Finney",-125.45,"WOLF",1976-01-20,380510101024501,55,0,c(-101.046647, 38.086037),"1976","143-72",-101.046647,38.086037,115.8550873,"66-131"
"1345","Finney",-139.55,"WOLF",1976-12-29,380510101024501,55,0,c(-101.046647, 38.086037),"1976","143-72",-101.046647,38.086037,115.8550873,"66-131"
"1346","Gray",-101.35,"Pierceville NE",1976-01-23,375735100302001,69,0,c(-100.506226, 37.960821),"1976","143-72",-100.506226,37.960821,103.5974121,"66-131"
"1347","Finney",-91.49,NA,1976-01-28,375936100484901,55,0,c(-100.814158, 37.993812),"1976","143-72",-100.814158,37.993812,188.7895203,"132-197"
"1348","Finney",-91.45,NA,1976-03-02,375936100484901,55,0,c(-100.814158, 37.993812),"1976","143-72",-100.814158,37.993812,188.7895203,"132-197"
"1349","Finney",-93.71,NA,1976-06-10,375936100484901,55,0,c(-100.814158, 37.993812),"1976","143-72",-100.814158,37.993812,188.7895203,"132-197"
"1350","Finney",-97.85,NA,1976-09-23,375936100484901,55,0,c(-100.814158, 37.993812),"1976","143-72",-100.814158,37.993812,188.7895203,"132-197"
"1351","Finney",-94.34,NA,1976-12-30,375936100484901,55,0,c(-100.814158, 37.993812),"1976","143-72",-100.814158,37.993812,188.7895203,"132-197"
"1352","Kearny",-20.8,"Deerfield NE",1976-09-20,375738101071301,93,0,c(-101.120075, 37.960456),"1976","71-0",-101.120075,37.960456,291.4324951,"263-328"
"1353","Finney",-94.4,"LOWE",1976-12-28,380033100523501,55,0,c(-100.879539, 38.007753),"1976","143-72",-100.879539,38.007753,200.0732117,"198-262"
"1354","Scott",-105.63,"Pawnee Mound",1976-01-19,381847100510201,171,0,c(-100.850231, 38.311871),"1976","143-72",-100.850231,38.311871,37.1380234,"0-65"
"1355","Wichita",-52.75,NA,1976-01-19,381900101104901,203,0,c(-101.179988, 38.315985),"1976","71-0",-101.179988,38.315985,19.277256,"0-65"
"1356","Scott",-82.23,"Modoc SE",1976-01-19,381557101014701,171,0,c(-101.029837, 38.264963),"1976","143-72",-101.029837,38.264963,23.1241531,"0-65"
"1357","Scott",-106.59,NA,1976-01-19,381921100592801,171,0,c(-100.991835, 38.322422),"1976","143-72",-100.991835,38.322422,16.2288456,"0-65"
"1358","Scott",-120.85,NA,1976-01-19,383238101052101,171,0,c(-101.090336, 38.542759),"1976","143-72",-101.090336,38.542759,45.6961403,"0-65"
"1359","Lane",-64.3,"Healy",1976-01-20,383056100311801,101,0,c(-100.524019, 38.514457),"1976","71-0",-100.524019,38.514457,36.0053596,"0-65"
"1360","Wichita",-127.74,NA,1976-01-19,382921101120501,203,0,c(-101.202826, 38.488164),"1976","143-72",-101.202826,38.488164,30.7453671,"0-65"
"1361","Scott",-109,"Pence SE",1976-11-01,383106101062701,171,0,c(-101.109631, 38.51776),"1976","143-72",-101.109631,38.51776,39.6196594,"0-65"
"1362","Wichita",-139.96,"Pence SW",1976-01-19,383231101105201,203,0,c(-101.182833, 38.541219),"1976","143-72",-101.182833,38.541219,42.1619606,"0-65"
"1363","Finney",-69.62,"TENNIS",1976-01-19,381005100554001,55,0,c(-100.928217, 38.168079),"1976","71-0",-100.928217,38.168079,60.439991,"0-65"
"1364","Scott",-64.51,NA,1976-01-19,382730100553102,171,0,c(-100.926439, 38.457799),"1976","71-0",-100.926439,38.457799,94.534462,"66-131"
"1365","Scott",-64.78,NA,1976-03-17,382730100553102,171,0,c(-100.926439, 38.457799),"1976","71-0",-100.926439,38.457799,94.534462,"66-131"
"1366","Scott",-65.46,NA,1976-06-16,382730100553102,171,0,c(-100.926439, 38.457799),"1976","71-0",-100.926439,38.457799,94.534462,"66-131"
"1367","Scott",-66.79,NA,1976-09-22,382730100553102,171,0,c(-100.926439, 38.457799),"1976","71-0",-100.926439,38.457799,94.534462,"66-131"
"1368","Scott",-114.18,"Modoc",1976-01-19,382704101041301,171,0,c(-101.072232, 38.45152),"1976","143-72",-101.072232,38.45152,24.0960808,"0-65"
"1369","Scott",-120.82,NA,1976-01-19,382718101064201,171,0,c(-101.112982, 38.454137),"1976","143-72",-101.112982,38.454137,27.3022957,"0-65"
"1370","Scott",-82.32,NA,1976-01-20,382333100460001,171,0,c(-100.769517, 38.392948),"1976","143-72",-100.769517,38.392948,10,"0-65"
"1371","Wichita",-127.6,"Pence SW",1976-01-19,383033101130402,203,0,c(-101.219034, 38.50827),"1976","143-72",-101.219034,38.50827,40.0496597,"0-65"
"1372","Scott",-72.47,"GRIGSTON",1976-01-20,382841100420601,171,0,c(-100.704725, 38.478728),"1976","143-72",-100.704725,38.478728,44.472702,"0-65"
"1373","Scott",-92.33,NA,1976-01-19,382112100570001,171,0,c(-100.950735, 38.352606),"1976","143-72",-100.950735,38.352606,36.0346985,"0-65"
"1374","Scott",-91.79,"Shallow Water",1976-01-05,382013100583901,171,0,c(-100.978934, 38.336792),"1976","143-72",-100.978934,38.336792,18.383749,"0-65"
"1375","Scott",-91.84,"Shallow Water",1976-02-05,382013100583901,171,0,c(-100.978934, 38.336792),"1976","143-72",-100.978934,38.336792,18.383749,"0-65"
"1376","Scott",-91.82,"Shallow Water",1976-03-05,382013100583901,171,0,c(-100.978934, 38.336792),"1976","143-72",-100.978934,38.336792,18.383749,"0-65"
"1377","Scott",-91.85,"Shallow Water",1976-04-05,382013100583901,171,0,c(-100.978934, 38.336792),"1976","143-72",-100.978934,38.336792,18.383749,"0-65"
"1378","Scott",-91.98,"Shallow Water",1976-05-05,382013100583901,171,0,c(-100.978934, 38.336792),"1976","143-72",-100.978934,38.336792,18.383749,"0-65"
"1379","Scott",-92.08,"Shallow Water",1976-06-05,382013100583901,171,0,c(-100.978934, 38.336792),"1976","143-72",-100.978934,38.336792,18.383749,"0-65"
"1380","Scott",-92.09,"Shallow Water",1976-07-05,382013100583901,171,0,c(-100.978934, 38.336792),"1976","143-72",-100.978934,38.336792,18.383749,"0-65"
"1381","Scott",-92.22,"Shallow Water",1976-08-05,382013100583901,171,0,c(-100.978934, 38.336792),"1976","143-72",-100.978934,38.336792,18.383749,"0-65"
"1382","Scott",-92.29,"Shallow Water",1976-09-05,382013100583901,171,0,c(-100.978934, 38.336792),"1976","143-72",-100.978934,38.336792,18.383749,"0-65"
"1383","Scott",-92.33,"Shallow Water",1976-10-05,382013100583901,171,0,c(-100.978934, 38.336792),"1976","143-72",-100.978934,38.336792,18.383749,"0-65"
"1384","Scott",-92.47,"Shallow Water",1976-11-05,382013100583901,171,0,c(-100.978934, 38.336792),"1976","143-72",-100.978934,38.336792,18.383749,"0-65"
"1385","Scott",-92.51,"Shallow Water",1976-12-05,382013100583901,171,0,c(-100.978934, 38.336792),"1976","143-72",-100.978934,38.336792,18.383749,"0-65"
"1386","Scott",-135.58,NA,1976-01-20,383454100581101,171,0,c(-100.971177, 38.580981),"1976","143-72",-100.971177,38.580981,41.8953476,"0-65"
"1387","Scott",-143.6,NA,1976-01-19,383553101005701,171,0,c(-101.016588, 38.59714),"1976","143-72",-101.016588,38.59714,36.3586388,"0-65"
"1388","Scott",-118,NA,1976-11-01,383415100542701,171,0,c(-100.908493, 38.570315),"1976","143-72",-100.908493,38.570315,58.2866821,"0-65"
"1389","Wichita",-130.5,NA,1976-01-20,383416101103601,203,0,c(-101.176933, 38.568698),"1976","143-72",-101.176933,38.568698,41.0498047,"0-65"
"1390","Scott",-149.7,NA,1976-01-19,383712101041601,171,0,c(-101.072193, 38.618822),"1976","215-144",-101.072193,38.618822,27.5501041,"0-65"
"1391","Finney",-86.46,"GARDEN CITY W",1976-01-29,375357100563701,55,0,c(-100.942943, 37.898624),"1976","143-72",-100.942943,37.898624,343.1939087,"328-393"
"1392","Finney",-85.95,"GARDEN CITY W",1976-03-18,375357100563701,55,0,c(-100.942943, 37.898624),"1976","143-72",-100.942943,37.898624,343.1939087,"328-393"
"1393","Finney",-87.32,"GARDEN CITY W",1976-06-03,375357100563701,55,0,c(-100.942943, 37.898624),"1976","143-72",-100.942943,37.898624,343.1939087,"328-393"
"1394","Finney",-111.21,"GARDEN CITY W",1976-09-23,375357100563701,55,0,c(-100.942943, 37.898624),"1976","143-72",-100.942943,37.898624,343.1939087,"328-393"
"1395","Finney",-81,"DEERFIELD SE",1976-02-24,375002101020401,55,0,c(-101.034846, 37.833173),"1976","143-72",-101.034846,37.833173,227.8800354,"198-262"
"1396","Finney",-81.03,"DEERFIELD SE",1976-03-18,375002101020401,55,0,c(-101.034846, 37.833173),"1976","143-72",-101.034846,37.833173,227.8800354,"198-262"
"1397","Finney",-81.68,"DEERFIELD SE",1976-06-10,375002101020401,55,0,c(-101.034846, 37.833173),"1976","143-72",-101.034846,37.833173,227.8800354,"198-262"
"1398","Finney",-86.87,"DEERFIELD SE",1976-09-23,375002101020401,55,0,c(-101.034846, 37.833173),"1976","143-72",-101.034846,37.833173,227.8800354,"198-262"
"1399","Finney",-122.82,"Pierceville",1976-01-28,375558100430401,55,0,c(-100.718534, 37.933372),"1976","143-72",-100.718534,37.933372,114.8662033,"66-131"
"1400","Finney",-126.18,"Pierceville",1976-06-10,375558100430401,55,0,c(-100.718534, 37.933372),"1976","143-72",-100.718534,37.933372,114.8662033,"66-131"
"1401","Finney",-130.47,"Pierceville",1976-09-23,375558100430401,55,0,c(-100.718534, 37.933372),"1976","143-72",-100.718534,37.933372,114.8662033,"66-131"
"1402","Finney",-69.69,"LOWE",1976-01-21,380319100524801,55,0,c(-100.880138, 38.055718),"1976","71-0",-100.880138,38.055718,148.9424286,"132-197"
"1403","Finney",-104.1,"LOWE",1976-12-28,380319100524801,55,0,c(-100.880138, 38.055718),"1976","143-72",-100.880138,38.055718,148.9424286,"132-197"
"1404","Finney",-28.54,NA,1976-01-28,375918100562102,55,0,c(-100.939758, 37.988321),"1976","71-0",-100.939758,37.988321,237.9250488,"198-262"
"1405","Kearny",-18.33,NA,1976-01-16,375643101113702,93,0,c(-101.193669, 37.945456),"1976","71-0",-101.193669,37.945456,242.6943054,"198-262"
"1406","Finney",-130.43,"WHITE WOMAN BOTTOMS",1976-02-24,380035100475201,55,0,c(-100.798288, 38.010093),"1976","143-72",-100.798288,38.010093,148.1427917,"132-197"
"1407","Finney",-141.8,"WHITE WOMAN BOTTOMS",1976-12-28,380035100475201,55,0,c(-100.798288, 38.010093),"1976","143-72",-100.798288,38.010093,148.1427917,"132-197"
"1408","Finney",-125.94,"PIERCEVILLE",1976-01-28,375841100411801,55,0,c(-100.688405, 37.979957),"1976","143-72",-100.688405,37.979957,86.3350143,"66-131"
"1409","Scott",-75.56,NA,1976-01-19,381618100554501,171,0,c(-100.928963, 38.27143),"1976","143-72",-100.928963,38.27143,43.6228485,"0-65"
"1410","Finney",-92.8,"WOLF NE",1976-02-24,381340101010701,55,0,c(-101.020938, 38.228523),"1976","143-72",-101.020938,38.228523,27.2681274,"0-65"
"1411","Finney",-92.86,"WOLF NE",1976-03-11,381340101010701,55,0,c(-101.020938, 38.228523),"1976","143-72",-101.020938,38.228523,27.2681274,"0-65"
"1412","Finney",-95.12,"WOLF NE",1976-06-10,381340101010701,55,0,c(-101.020938, 38.228523),"1976","143-72",-101.020938,38.228523,27.2681274,"0-65"
"1413","Finney",-102.49,"WOLF NE",1976-09-22,381340101010701,55,0,c(-101.020938, 38.228523),"1976","143-72",-101.020938,38.228523,27.2681274,"0-65"
"1414","Scott",-69.81,NA,1976-01-19,381946100540601,171,0,c(-100.902089, 38.329489),"1976","71-0",-100.902089,38.329489,61.4982986,"0-65"
"1415","Scott",-71.43,NA,1976-03-02,381946100540601,171,0,c(-100.902089, 38.329489),"1976","71-0",-100.902089,38.329489,61.4982986,"0-65"
"1416","Scott",-72.88,NA,1976-06-16,381946100540601,171,0,c(-100.902089, 38.329489),"1976","143-72",-100.902089,38.329489,61.4982986,"0-65"
"1417","Scott",-76.13,NA,1976-09-09,381946100540601,171,0,c(-100.902089, 38.329489),"1976","143-72",-100.902089,38.329489,61.4982986,"0-65"
"1418","Lane",-63.48,"Dighton",1976-01-19,382925100271801,101,0,c(-100.458517, 38.491107),"1976","71-0",-100.458517,38.491107,34.9628296,"0-65"
"1419","Finney",-91.75,"SCOTT CITY 4 NW",1976-01-08,380856100403702,55,0,c(-100.677004, 38.148962),"1976","143-72",-100.677004,38.148962,23.5503082,"0-65"
"1420","Finney",-59.41,"TENNIS NE",1976-01-19,380932100511801,55,0,c(-100.856035, 38.159652),"1976","71-0",-100.856035,38.159652,105.1201172,"66-131"
"1421","Finney",-94.86,"SCOTT CITY 4 NW",1976-01-19,380831100431301,55,0,c(-100.720463, 38.141928),"1976","143-72",-100.720463,38.141928,43.6454163,"0-65"
"1422","Wichita",-35.24,NA,1976-01-19,382236101130201,203,0,c(-101.218256, 38.375723),"1976","71-0",-101.218256,38.375723,10,"0-65"
"1423","Scott",-51.92,NA,1976-01-19,382711100553101,171,0,c(-100.926439, 38.452367),"1976","71-0",-100.926439,38.452367,95.6820221,"66-131"
"1424","Scott",-80.79,NA,1976-01-19,382829100531001,171,0,c(-100.88762, 38.474476),"1976","143-72",-100.88762,38.474476,93.477005,"66-131"
"1425","Scott",-112.5,NA,1976-12-01,382105100592901,171,0,c(-100.99224, 38.35102),"1976","143-72",-100.99224,38.35102,26.224369,"0-65"
"1426","Scott",-92.34,NA,1976-01-19,382039100555401,171,0,c(-100.932196, 38.343649),"1976","143-72",-100.932196,38.343649,46.6766357,"0-65"
"1427","Lane",-86.34,"Healy",1976-01-19,383433100353601,101,0,c(-100.59442, 38.576206),"1976","143-72",-100.59442,38.576206,50.1720924,"0-65"
"1428","Lane",-86.4,"Healy",1976-03-02,383433100353601,101,0,c(-100.59442, 38.576206),"1976","143-72",-100.59442,38.576206,50.1720924,"0-65"
"1429","Lane",-86.87,"Healy",1976-06-16,383433100353601,101,0,c(-100.59442, 38.576206),"1976","143-72",-100.59442,38.576206,50.1720924,"0-65"
"1430","Lane",-87.42,"Healy",1976-09-09,383433100353601,101,0,c(-100.59442, 38.576206),"1976","143-72",-100.59442,38.576206,50.1720924,"0-65"
"1431","Scott",-116.48,NA,1976-01-20,383434100453101,171,0,c(-100.761777, 38.576235),"1976","143-72",-100.761777,38.576235,30.9437332,"0-65"
"1432","Scott",-11.2,NA,1976-01-20,383810100552601,171,0,c(-100.924789, 38.635209),"1976","71-0",-100.924789,38.635209,23.8828621,"0-65"
"1433","Scott",-134.15,NA,1976-01-19,383633101073401,171,0,c(-101.126832, 38.607977),"1976","143-72",-101.126832,38.607977,26.7528763,"0-65"
"1434","Scott",-135.17,NA,1976-03-16,383633101073401,171,0,c(-101.126832, 38.607977),"1976","143-72",-101.126832,38.607977,26.7528763,"0-65"
"1435","Scott",-136.06,NA,1976-06-15,383633101073401,171,0,c(-101.126832, 38.607977),"1976","143-72",-101.126832,38.607977,26.7528763,"0-65"
"1436","Scott",-139.99,NA,1976-09-21,383633101073401,171,0,c(-101.126832, 38.607977),"1976","143-72",-101.126832,38.607977,26.7528763,"0-65"
"1437","Wichita",-136.49,NA,1976-01-20,383712101133001,203,0,c(-101.226311, 38.61928),"1976","143-72",-101.226311,38.61928,34.4011917,"0-65"
"1438","Kearny",-75.2,"DEERFIELD",1976-01-23,375454101075401,93,0,c(-101.130647, 37.915722),"1976","143-72",-101.130647,37.915722,238.0653381,"198-262"
"1439","Kearny",-74.53,"DEERFIELD",1976-03-11,375454101075401,93,0,c(-101.130647, 37.915722),"1976","143-72",-101.130647,37.915722,238.0653381,"198-262"
"1440","Kearny",-75.14,"DEERFIELD",1976-06-03,375454101075401,93,0,c(-101.130647, 37.915722),"1976","143-72",-101.130647,37.915722,238.0653381,"198-262"
"1441","Kearny",-83.35,"DEERFIELD",1976-09-20,375454101075401,93,0,c(-101.130647, 37.915722),"1976","143-72",-101.130647,37.915722,238.0653381,"198-262"
"1442","Finney",-12.08,"GARDEN CITY E",1976-02-17,375613100472702,55,0,c(-100.792117, 37.937653),"1976","71-0",-100.792117,37.937653,200.6536713,"198-262"
"1443","Finney",-14.49,"GARDEN CITY E",1976-12-30,375613100472702,55,0,c(-100.792117, 37.937653),"1976","71-0",-100.792117,37.937653,200.6536713,"198-262"
"1444","Finney",-65.62,"PLYMELL",1976-01-29,374931100453501,55,0,c(-100.760637, 37.827053),"1976","71-0",-100.760637,37.827053,193.8534851,"132-197"
"1445","Finney",-120.71,"LOWE",1976-01-20,380543100582401,55,0,c(-100.973952, 38.095361),"1976","143-72",-100.973952,38.095361,83.1219635,"66-131"
"1446","Finney",-143.35,"LOWE",1976-12-28,380543100582401,55,0,c(-100.973952, 38.095361),"1976","143-72",-100.973952,38.095361,83.1219635,"66-131"
"1447","Finney",-71.58,NA,1976-01-29,375143100461201,55,0,c(-100.770823, 37.862755),"1976","71-0",-100.770823,37.862755,188.5870209,"132-197"
"1448","Gray",-124.21,NA,1976-01-23,375732100363001,69,0,c(-100.608569, 37.959509),"1976","143-72",-100.608569,37.959509,74.2090607,"66-131"
"1449","Gray",-125.86,NA,1976-03-02,375732100363001,69,0,c(-100.608569, 37.959509),"1976","143-72",-100.608569,37.959509,74.2090607,"66-131"
"1450","Gray",-126.99,NA,1976-06-16,375732100363001,69,0,c(-100.608569, 37.959509),"1976","143-72",-100.608569,37.959509,74.2090607,"66-131"
"1451","Finney",-94.48,"LOWE",1976-01-29,380102100575101,55,0,c(-100.965043, 38.017175),"1976","143-72",-100.965043,38.017175,217.9598083,"198-262"
"1452","Kearny",-136.91,"WOLF SW",1976-01-16,380500101110501,93,0,c(-101.185044, 38.083021),"1976","143-72",-101.185044,38.083021,33.8302422,"0-65"
"1453","Scott",-107.07,NA,1976-03-17,381822100575701,171,0,c(-100.966301, 38.305396),"1976","143-72",-100.966301,38.305396,12.7226887,"0-65"
"1454","Scott",-115.41,NA,1976-09-22,381822100575701,171,0,c(-100.966301, 38.305396),"1976","143-72",-100.966301,38.305396,12.7226887,"0-65"
"1455","Finney",-109.6,NA,1976-01-20,380648101004301,55,0,c(-101.012404, 38.113458),"1976","143-72",-101.012404,38.113458,46.526638,"0-65"
"1456","Finney",-111.79,NA,1976-03-17,380648101004301,55,0,c(-101.012404, 38.113458),"1976","143-72",-101.012404,38.113458,46.526638,"0-65"
"1457","Finney",-118.82,NA,1976-06-10,380648101004301,55,0,c(-101.012404, 38.113458),"1976","143-72",-101.012404,38.113458,46.526638,"0-65"
"1458","Finney",-125.18,NA,1976-09-22,380648101004301,55,0,c(-101.012404, 38.113458),"1976","143-72",-101.012404,38.113458,46.526638,"0-65"
"1459","Finney",-126.8,NA,1976-12-30,380648101004301,55,0,c(-101.012404, 38.113458),"1976","143-72",-101.012404,38.113458,46.526638,"0-65"
"1460","Finney",-70.03,"TENNIS NE",1976-01-19,381453100511001,55,0,c(-100.853445, 38.247703),"1976","71-0",-100.853445,38.247703,33.7014236,"0-65"
"1461","Finney",-81.8,"TENNIS NE",1976-12-30,381453100511001,55,0,c(-100.853445, 38.247703),"1976","143-72",-100.853445,38.247703,33.7014236,"0-65"
"1462","Scott",-68.6,NA,1976-01-19,381557100523301,171,0,c(-100.87377, 38.265937),"1976","71-0",-100.87377,38.265937,40.7100372,"0-65"
"1463","Scott",-85.64,NA,1976-01-19,381710100562602,171,0,c(-100.940743, 38.285621),"1976","143-72",-100.940743,38.285621,33.8295898,"0-65"
"1464","Wichita",-150.74,"Pence SW",1976-01-19,383251101141001,203,0,c(-101.238156, 38.545957),"1976","215-144",-101.238156,38.545957,43.3154297,"0-65"
"1465","Wichita",-153.41,"Pence SW",1976-06-16,383251101141001,203,0,c(-101.238156, 38.545957),"1976","215-144",-101.238156,38.545957,43.3154297,"0-65"
"1466","Wichita",-158.43,"Pence SW",1976-09-22,383251101141001,203,0,c(-101.238156, 38.545957),"1976","215-144",-101.238156,38.545957,43.3154297,"0-65"
"1467","Kearny",-122.67,"Wolf SW",1976-01-16,380713101075501,93,0,c(-101.131942, 38.119652),"1976","143-72",-101.131942,38.119652,41.9817429,"0-65"
"1468","Finney",-66.52,"TENNIS",1976-01-01,380840100573401,55,0,c(-100.96246, 38.144356),"1976","71-0",-100.96246,38.144356,39.7093201,"0-65"
"1469","Scott",-80.1,"Shallow Water",1976-01-19,382144100523501,171,0,c(-100.878231, 38.36235),"1976","143-72",-100.878231,38.36235,92.4857178,"66-131"
"1470","Scott",-81.42,"Shallow Water",1976-03-02,382144100523501,171,0,c(-100.878231, 38.36235),"1976","143-72",-100.878231,38.36235,92.4857178,"66-131"
"1471","Scott",-44.48,NA,1976-01-19,382441100543301,171,0,c(-100.9098, 38.41165),"1976","71-0",-100.9098,38.41165,92.1101074,"66-131"
"1472","Scott",-49.67,"Scott City",1976-01-05,382539100541601,171,0,c(-100.90593, 38.4281),"1976","71-0",-100.90593,38.4281,114.7562103,"66-131"
"1473","Scott",-49.48,"Scott City",1976-02-05,382539100541601,171,0,c(-100.90593, 38.4281),"1976","71-0",-100.90593,38.4281,114.7562103,"66-131"
"1474","Scott",-50.71,"Scott City",1976-03-05,382539100541601,171,0,c(-100.90593, 38.4281),"1976","71-0",-100.90593,38.4281,114.7562103,"66-131"
"1475","Scott",-52.86,"Scott City",1976-04-05,382539100541601,171,0,c(-100.90593, 38.4281),"1976","71-0",-100.90593,38.4281,114.7562103,"66-131"
"1476","Scott",-52.28,"Scott City",1976-05-05,382539100541601,171,0,c(-100.90593, 38.4281),"1976","71-0",-100.90593,38.4281,114.7562103,"66-131"
"1477","Scott",-51.34,"Scott City",1976-06-05,382539100541601,171,0,c(-100.90593, 38.4281),"1976","71-0",-100.90593,38.4281,114.7562103,"66-131"
"1478","Scott",-53.28,"Scott City",1976-07-05,382539100541601,171,0,c(-100.90593, 38.4281),"1976","71-0",-100.90593,38.4281,114.7562103,"66-131"
"1479","Scott",-55.42,"Scott City",1976-08-05,382539100541601,171,0,c(-100.90593, 38.4281),"1976","71-0",-100.90593,38.4281,114.7562103,"66-131"
"1480","Scott",-56.83,"Scott City",1976-09-05,382539100541601,171,0,c(-100.90593, 38.4281),"1976","71-0",-100.90593,38.4281,114.7562103,"66-131"
"1481","Scott",-56.29,"Scott City",1976-10-05,382539100541601,171,0,c(-100.90593, 38.4281),"1976","71-0",-100.90593,38.4281,114.7562103,"66-131"
"1482","Scott",-54.72,"Scott City",1976-11-05,382539100541601,171,0,c(-100.90593, 38.4281),"1976","71-0",-100.90593,38.4281,114.7562103,"66-131"
"1483","Scott",-53.77,"Scott City",1976-12-05,382539100541601,171,0,c(-100.90593, 38.4281),"1976","71-0",-100.90593,38.4281,114.7562103,"66-131"
"1484","Scott",-118.1,"SHALLOW WATER",1976-01-19,382223100594602,171,0,c(-100.998053, 38.372532),"1976","143-72",-100.998053,38.372532,41.9734688,"0-65"
"1485","Scott",-117.46,"SHALLOW WATER",1976-03-17,382223100594602,171,0,c(-100.998053, 38.372532),"1976","143-72",-100.998053,38.372532,41.9734688,"0-65"
"1486","Scott",-122.12,"SHALLOW WATER",1976-09-22,382223100594602,171,0,c(-100.998053, 38.372532),"1976","143-72",-100.998053,38.372532,41.9734688,"0-65"
"1487","Scott",-117.86,NA,1976-01-20,383158100503301,171,0,c(-100.843932, 38.532596),"1976","143-72",-100.843932,38.532596,54.4227524,"0-65"
"1488","Scott",-79.28,NA,1976-01-19,382032101023101,171,0,c(-101.042977, 38.341743),"1976","143-72",-101.042977,38.341743,38.1684036,"0-65"
"1489","Scott",-123,"MANNING",1976-12-01,383559100445101,171,0,c(-100.751724, 38.599356),"1976","143-72",-100.751724,38.599356,29.326334,"0-65"
"1490","Lane",-82.7,NA,1976-11-01,383354100370701,101,0,c(-100.619379, 38.564973),"1976","143-72",-100.619379,38.564973,60.786293,"0-65"
"1491","Scott",-106,NA,1976-12-01,383414100430401,171,0,c(-100.720455, 38.570757),"1976","143-72",-100.720455,38.570757,46.31213,"0-65"
"1492","Lane",-122.75,"Healy NW",1976-01-20,383743100393801,101,0,c(-100.662627, 38.627922),"1976","143-72",-100.662627,38.627922,53.0523453,"0-65"
"1493","Ford",-184.39,NA,1976-12-29,375031099482101,57,0,c(-99.806925, 37.841175),"1976","215-144",-99.806925,37.841175,10,"0-65"
"1494","Ford",-200.1,NA,1976-01-05,375241099482901,57,0,c(-99.809244, 37.877567),"1976","215-144",-99.809244,37.877567,10,"0-65"
"1495","Ford",-194.63,NA,1976-03-22,375241099482901,57,0,c(-99.809244, 37.877567),"1976","215-144",-99.809244,37.877567,10,"0-65"
"1496","Ford",-205.76,NA,1976-06-28,375241099482901,57,0,c(-99.809244, 37.877567),"1976","215-144",-99.809244,37.877567,10,"0-65"
"1497","Ford",-216.71,NA,1976-09-22,375241099482901,57,0,c(-99.809244, 37.877567),"1976","287-216",-99.809244,37.877567,10,"0-65"
"1498","Ford",-210.81,NA,1976-12-29,375241099482901,57,0,c(-99.809244, 37.877567),"1976","215-144",-99.809244,37.877567,10,"0-65"
"1499","Hodgeman",-256.25,NA,1976-01-06,380604099583101,83,0,c(-99.975872, 38.101306),"1976","287-216",-99.975872,38.101306,NA,NA
"1500","Hodgeman",-107.37,"Jetmore SE",1976-01-06,380412099473801,83,0,c(-99.794184, 38.069148),"1976","143-72",-99.794184,38.069148,NA,NA
"1501","Gray",-135.15,"Cimarron",1976-01-23,375018100171901,69,0,c(-100.29152, 37.839321),"1976","143-72",-100.29152,37.839321,123.3806305,"66-131"
"1502","Gray",-65.01,"Cimarron NE",1976-01-23,375811100145901,69,0,c(-100.253918, 37.97175),"1976","71-0",-100.253918,37.97175,40.4657745,"0-65"
"1503","Hodgeman",-243.44,"Jetmore",1976-01-06,375958099530101,83,0,c(-99.884837, 38.000189),"1976","287-216",-99.884837,38.000189,10,"0-65"
"1504","Hodgeman",-223.3,"Jetmore",1976-03-24,375958099530101,83,0,c(-99.884837, 38.000189),"1976","287-216",-99.884837,38.000189,10,"0-65"
"1505","Hodgeman",-228.66,"Jetmore",1976-07-06,375958099530101,83,0,c(-99.884837, 38.000189),"1976","287-216",-99.884837,38.000189,10,"0-65"
"1506","Hodgeman",-268.33,"Jetmore",1976-09-28,375958099530101,83,0,c(-99.884837, 38.000189),"1976","287-216",-99.884837,38.000189,10,"0-65"
"1507","Gray",-90.41,NA,1976-01-23,375844100222201,69,0,c(-100.374186, 37.980184),"1976","143-72",-100.374186,37.980184,64.3176727,"0-65"
"1508","Lane",-94.85,"Shields SE",1976-01-19,383227100165301,101,0,c(-100.283262, 38.538249),"1976","143-72",-100.283262,38.538249,28.8439369,"0-65"
"1509","Hodgeman",-180.38,NA,1976-01-06,380701099535801,83,0,c(-99.902876, 38.118218),"1976","215-144",-99.902876,38.118218,NA,NA
"1510","Ness",-83.98,"Ness City NE",1976-12-23,382526099492301,135,0,c(-99.82317, 38.424916),"1976","143-72",-99.82317,38.424916,NA,NA
"1511","Lane",-89.6,"Shields",1976-11-01,383155100243401,101,0,c(-100.411215, 38.532336),"1976","143-72",-100.411215,38.532336,36.3194618,"0-65"
"1512","Lane",-98.04,"Shields",1976-01-19,383314100225601,101,0,c(-100.384644, 38.553546),"1976","143-72",-100.384644,38.553546,29.565712,"0-65"
"1513","Lane",-98.25,"Shields",1976-03-02,383314100225601,101,0,c(-100.384644, 38.553546),"1976","143-72",-100.384644,38.553546,29.565712,"0-65"
"1514","Lane",-105.45,"Shields",1976-09-09,383314100225601,101,0,c(-100.384644, 38.553546),"1976","143-72",-100.384644,38.553546,29.565712,"0-65"
"1515","Ford",-133.05,"Bellefont",1976-01-05,375028099434701,57,0,c(-99.730934, 37.841119),"1976","143-72",-99.730934,37.841119,10,"0-65"
"1516","Ford",-130.23,"Bellefont",1976-03-22,375028099434701,57,0,c(-99.730934, 37.841119),"1976","143-72",-99.730934,37.841119,10,"0-65"
"1517","Ford",-129.57,"Bellefont",1976-06-28,375028099434701,57,0,c(-99.730934, 37.841119),"1976","143-72",-99.730934,37.841119,10,"0-65"
"1518","Ford",-133.16,"Bellefont",1976-09-22,375028099434701,57,0,c(-99.730934, 37.841119),"1976","143-72",-99.730934,37.841119,10,"0-65"
"1519","Ford",-136.06,"Bellefont",1976-12-28,375028099434701,57,0,c(-99.730934, 37.841119),"1976","143-72",-99.730934,37.841119,10,"0-65"
"1520","Gray",-111.18,"Cimarron NW",1976-01-23,375451100254401,69,0,c(-100.429424, 37.914291),"1976","143-72",-100.429424,37.914291,105.859726,"66-131"
"1521","Hodgeman",-152.54,NA,1976-01-06,380544099525201,83,0,c(-99.881693, 38.096255),"1976","215-144",-99.881693,38.096255,NA,NA
"1522","Hodgeman",-190.2,NA,1976-03-24,380544099525201,83,0,c(-99.881693, 38.096255),"1976","215-144",-99.881693,38.096255,NA,NA
"1523","Hodgeman",-187.5,NA,1976-07-06,380544099525201,83,0,c(-99.881693, 38.096255),"1976","215-144",-99.881693,38.096255,NA,NA
"1524","Ford",-165.05,NA,1976-12-29,374945099503301,57,0,c(-99.843669, 37.828541),"1976","215-144",-99.843669,37.828541,10,"0-65"
"1525","Hodgeman",-42.89,"Jetmore SE",1976-01-06,380504099504001,83,0,c(-99.845035, 38.085218),"1976","71-0",-99.845035,38.085218,NA,NA
"1526","Hodgeman",-91.92,"Jetmore SE",1976-03-24,380504099504001,83,0,c(-99.845035, 38.085218),"1976","143-72",-99.845035,38.085218,NA,NA
"1527","Hodgeman",-83.84,"Jetmore SE",1976-07-06,380504099504001,83,0,c(-99.845035, 38.085218),"1976","143-72",-99.845035,38.085218,NA,NA
"1528","Hodgeman",-70,"Jetmore SE",1976-09-28,380504099504001,83,0,c(-99.845035, 38.085218),"1976","71-0",-99.845035,38.085218,NA,NA
"1529","Finney",-61.9,NA,1976-01-08,380333100143301,55,0,c(-100.243153, 38.059925),"1976","71-0",-100.243153,38.059925,NA,NA
"1530","Finney",-61.84,NA,1976-03-02,380333100143301,55,0,c(-100.243153, 38.059925),"1976","71-0",-100.243153,38.059925,NA,NA
"1531","Finney",-61.93,NA,1976-06-16,380333100143301,55,0,c(-100.243153, 38.059925),"1976","71-0",-100.243153,38.059925,NA,NA
"1532","Finney",-62.44,NA,1976-09-09,380333100143301,55,0,c(-100.243153, 38.059925),"1976","71-0",-100.243153,38.059925,NA,NA
"1533","Ness",-34.3,"Ness City",1976-01-09,382645099551201,135,0,c(-99.919903, 38.446196),"1976","71-0",-99.919903,38.446196,NA,NA
"1534","Ford",-105.8,"Spearville NE",1976-01-05,375307099492701,57,0,c(-99.826306, 37.884099),"1976","143-72",-99.826306,37.884099,NA,NA
"1535","Ford",-107.45,"Spearville NE",1976-02-05,375307099492701,57,0,c(-99.826306, 37.884099),"1976","143-72",-99.826306,37.884099,NA,NA
"1536","Ford",-108.65,"Spearville NE",1976-03-05,375307099492701,57,0,c(-99.826306, 37.884099),"1976","143-72",-99.826306,37.884099,NA,NA
"1537","Ford",-109.47,"Spearville NE",1976-04-05,375307099492701,57,0,c(-99.826306, 37.884099),"1976","143-72",-99.826306,37.884099,NA,NA
"1538","Ford",-109.76,"Spearville NE",1976-05-05,375307099492701,57,0,c(-99.826306, 37.884099),"1976","143-72",-99.826306,37.884099,NA,NA
"1539","Ford",-103.14,"Spearville NE",1976-06-30,375307099492701,57,0,c(-99.826306, 37.884099),"1976","143-72",-99.826306,37.884099,NA,NA
"1540","Ford",-103.23,"Spearville NE",1976-07-05,375307099492701,57,0,c(-99.826306, 37.884099),"1976","143-72",-99.826306,37.884099,NA,NA
"1541","Ford",-104.65,"Spearville NE",1976-08-05,375307099492701,57,0,c(-99.826306, 37.884099),"1976","143-72",-99.826306,37.884099,NA,NA
"1542","Ford",-106.38,"Spearville NE",1976-09-05,375307099492701,57,0,c(-99.826306, 37.884099),"1976","143-72",-99.826306,37.884099,NA,NA
"1543","Ford",-107.92,"Spearville NE",1976-10-05,375307099492701,57,0,c(-99.826306, 37.884099),"1976","143-72",-99.826306,37.884099,NA,NA
"1544","Ford",-109.29,"Spearville NE",1976-11-05,375307099492701,57,0,c(-99.826306, 37.884099),"1976","143-72",-99.826306,37.884099,NA,NA
"1545","Ford",-111.18,"Spearville NE",1976-12-05,375307099492701,57,0,c(-99.826306, 37.884099),"1976","143-72",-99.826306,37.884099,NA,NA
"1546","Hodgeman",-91.29,"Jetmore SE",1976-01-06,380351099461501,83,0,c(-99.771203, 38.063998),"1976","143-72",-99.771203,38.063998,NA,NA
"1547","Hodgeman",-89.35,"Jetmore SE",1976-03-24,380351099461501,83,0,c(-99.771203, 38.063998),"1976","143-72",-99.771203,38.063998,NA,NA
"1548","Hodgeman",-114.23,"Jetmore SE",1976-07-06,380351099461501,83,0,c(-99.771203, 38.063998),"1976","143-72",-99.771203,38.063998,NA,NA
"1549","Hodgeman",-99.93,"Jetmore SE",1976-09-28,380351099461501,83,0,c(-99.771203, 38.063998),"1976","143-72",-99.771203,38.063998,NA,NA
"1550","Hodgeman",-222.42,NA,1976-01-06,380123099581401,83,0,c(-99.971646, 38.023304),"1976","287-216",-99.971646,38.023304,NA,NA
"1551","Hodgeman",-217.8,NA,1976-03-24,380123099581401,83,0,c(-99.971646, 38.023304),"1976","287-216",-99.971646,38.023304,NA,NA
"1552","Hodgeman",-218.97,NA,1976-07-06,380123099581401,83,0,c(-99.971646, 38.023304),"1976","287-216",-99.971646,38.023304,NA,NA
"1553","Hodgeman",-223.51,NA,1976-09-28,380123099581401,83,0,c(-99.971646, 38.023304),"1976","287-216",-99.971646,38.023304,NA,NA
"1554","Hodgeman",-35.89,NA,1976-12-28,375728099474701,83,0,c(-99.797814, 37.957554),"1976","71-0",-99.797814,37.957554,NA,NA
"1555","Ness",-37.63,"Ness City SW",1976-03-24,381550099532001,135,0,c(-99.888378, 38.263862),"1976","71-0",-99.888378,38.263862,NA,NA
"1556","Ness",-37.68,"Ness City SW",1976-06-22,381550099532001,135,0,c(-99.888378, 38.263862),"1976","71-0",-99.888378,38.263862,NA,NA
"1557","Ness",-37.8,"Ness City SW",1976-09-27,381550099532001,135,0,c(-99.888378, 38.263862),"1976","71-0",-99.888378,38.263862,NA,NA
"1558","Ness",-37.91,"Ness City SW",1976-12-23,381550099532001,135,0,c(-99.888378, 38.263862),"1976","71-0",-99.888378,38.263862,NA,NA
"1559","Hodgeman",-277.72,NA,1976-01-06,380827099572502,83,0,c(-99.957668, 38.14136),"1976","287-216",-99.957668,38.14136,10,"0-65"
"1560","Hodgeman",-341.88,NA,1976-09-28,380827099572502,83,0,c(-99.957668, 38.14136),"1976","359-288",-99.957668,38.14136,10,"0-65"
"1561","Ness",-21.33,"Ness City",1976-03-24,382447099534801,135,0,c(-99.898473, 38.413336),"1976","71-0",-99.898473,38.413336,NA,NA
"1562","Ness",-21.28,"Ness City",1976-06-22,382447099534801,135,0,c(-99.898473, 38.413336),"1976","71-0",-99.898473,38.413336,NA,NA
"1563","Ness",-21.97,"Ness City",1976-09-27,382447099534801,135,0,c(-99.898473, 38.413336),"1976","71-0",-99.898473,38.413336,NA,NA
"1564","Ness",-22.26,"Ness City",1976-12-23,382447099534801,135,0,c(-99.898473, 38.413336),"1976","71-0",-99.898473,38.413336,NA,NA
"1565","Lane",-87.1,"Alamota",1976-01-19,382857100154501,101,0,c(-100.264012, 38.480699),"1976","143-72",-100.264012,38.480699,10,"0-65"
"1566","Lane",-85.91,"Alamota",1976-03-02,382857100154501,101,0,c(-100.264012, 38.480699),"1976","143-72",-100.264012,38.480699,10,"0-65"
"1567","Lane",-85.85,"Alamota",1976-06-16,382857100154501,101,0,c(-100.264012, 38.480699),"1976","143-72",-100.264012,38.480699,10,"0-65"
"1568","Lane",-86.88,"Alamota",1976-09-09,382857100154501,101,0,c(-100.264012, 38.480699),"1976","143-72",-100.264012,38.480699,10,"0-65"
"1569","Gray",-89.34,NA,1976-01-23,375520100202701,69,0,c(-100.342569, 37.924185),"1976","143-72",-100.342569,37.924185,54.6350784,"0-65"
"1570","Gray",-91.36,NA,1976-03-02,375520100202701,69,0,c(-100.342569, 37.924185),"1976","143-72",-100.342569,37.924185,54.6350784,"0-65"
"1571","Gray",-91.51,NA,1976-06-16,375520100202701,69,0,c(-100.342569, 37.924185),"1976","143-72",-100.342569,37.924185,54.6350784,"0-65"
"1572","Gray",-93.17,NA,1976-09-09,375520100202701,69,0,c(-100.342569, 37.924185),"1976","143-72",-100.342569,37.924185,54.6350784,"0-65"
"1573","Hodgeman",-55.54,NA,1976-12-28,375550099492601,83,0,c(-99.825464, 37.930332),"1976","71-0",-99.825464,37.930332,NA,NA
"1574","Ford",-204.2,NA,1976-12-28,375338099463301,57,0,c(-99.777062, 37.894001),"1976","215-144",-99.777062,37.894001,10,"0-65"
"1575","Hodgeman",-154.55,"Jetmore",1976-01-06,380609099540701,83,0,c(-99.902066, 38.103333),"1976","215-144",-99.902066,38.103333,NA,NA
"1576","Hodgeman",-185.87,"Jetmore",1976-03-24,380609099540701,83,0,c(-99.902066, 38.103333),"1976","215-144",-99.902066,38.103333,NA,NA
"1577","Hodgeman",-184.38,"Jetmore",1976-07-06,380609099540701,83,0,c(-99.902066, 38.103333),"1976","215-144",-99.902066,38.103333,NA,NA
"1578","Hodgeman",-203,"Jetmore",1976-09-28,380609099540701,83,0,c(-99.902066, 38.103333),"1976","215-144",-99.902066,38.103333,NA,NA
"1579","Hodgeman",-44.98,"Jetmore SE",1976-01-06,380432099505701,83,0,c(-99.849535, 38.076898),"1976","71-0",-99.849535,38.076898,NA,NA
"1580","Hodgeman",-136.87,"Jetmore",1976-01-06,380530099551301,83,0,c(-99.920277, 38.093588),"1976","143-72",-99.920277,38.093588,NA,NA
"1581","Hodgeman",-155.2,"Jetmore",1976-03-24,380530099551301,83,0,c(-99.920277, 38.093588),"1976","215-144",-99.920277,38.093588,NA,NA
"1582","Hodgeman",-158.13,"Jetmore",1976-07-06,380530099551301,83,0,c(-99.920277, 38.093588),"1976","215-144",-99.920277,38.093588,NA,NA
"1583","Hodgeman",-190.79,"Jetmore",1976-09-28,380530099551301,83,0,c(-99.920277, 38.093588),"1976","215-144",-99.920277,38.093588,NA,NA
"1584","Ness",-6.58,"Utica SW",1976-01-09,383129100142402,135,0,c(-100.241711, 38.521546),"1976","71-0",-100.241711,38.521546,4.6107712,"0-65"
"1585","Finney",-173.5,"HORSE THIEF CANYON N",1976-01-08,380823100144801,55,0,c(-100.247516, 38.139338),"1976","215-144",-100.247516,38.139338,NA,NA
"1586","Finney",-168.66,"HORSE THIEF CANYON N",1976-03-02,380823100144801,55,0,c(-100.247516, 38.139338),"1976","215-144",-100.247516,38.139338,NA,NA
"1587","Finney",-187.27,"HORSE THIEF CANYON N",1976-09-09,380823100144801,55,0,c(-100.247516, 38.139338),"1976","215-144",-100.247516,38.139338,NA,NA
"1588","Ford",-146.23,"Spearville NE",1976-01-05,375353099482001,57,0,c(-99.808075, 37.898299),"1976","215-144",-99.808075,37.898299,10,"0-65"
"1589","Ford",-136.13,"Spearville NE",1976-03-22,375353099482001,57,0,c(-99.808075, 37.898299),"1976","143-72",-99.808075,37.898299,10,"0-65"
"1590","Ford",-152.41,"Spearville NE",1976-06-28,375353099482001,57,0,c(-99.808075, 37.898299),"1976","215-144",-99.808075,37.898299,10,"0-65"
"1591","Ford",-166.04,"Spearville NE",1976-09-22,375353099482001,57,0,c(-99.808075, 37.898299),"1976","215-144",-99.808075,37.898299,10,"0-65"
"1592","Ford",-156.41,"Spearville NE",1976-12-28,375353099482001,57,0,c(-99.808075, 37.898299),"1976","215-144",-99.808075,37.898299,10,"0-65"
"1593","Hodgeman",-255.26,"HORSE THIEF CANYON",1976-03-24,380207100031301,83,0,c(-100.053695, 38.036213),"1976","287-216",-100.053695,38.036213,10,"0-65"
"1594","Hodgeman",-296.16,"HORSE THIEF CANYON",1976-09-28,380207100031301,83,0,c(-100.053695, 38.036213),"1976","359-288",-100.053695,38.036213,10,"0-65"
"1595","Finney",-74.9,"KALVESTA SW",1976-01-01,380149100223801,55,0,c(-100.376921, 38.03065),"1976","143-72",-100.376921,38.03065,46.465126,"0-65"
"1596","Finney",-74.9,"KALVESTA SW",1976-01-08,380149100223801,55,0,c(-100.376921, 38.03065),"1976","143-72",-100.376921,38.03065,46.465126,"0-65"
"1597","Hodgeman",-176.54,NA,1976-01-06,380517099565201,83,0,c(-99.94804, 38.08887),"1976","215-144",-99.94804,38.08887,NA,NA
"1598","Hodgeman",-191.54,NA,1976-03-24,380517099565201,83,0,c(-99.94804, 38.08887),"1976","215-144",-99.94804,38.08887,NA,NA
"1599","Hodgeman",-204.3,NA,1976-07-06,380517099565201,83,0,c(-99.94804, 38.08887),"1976","215-144",-99.94804,38.08887,NA,NA
"1600","Hodgeman",-231.07,NA,1976-09-28,380517099565201,83,0,c(-99.94804, 38.08887),"1976","287-216",-99.94804,38.08887,NA,NA
"1601","Finney",-76.6,"KALVESTA SW",1976-01-01,380003100223001,55,0,c(-100.376221, 38.00109),"1976","143-72",-100.376221,38.00109,59.3324928,"0-65"
"1602","Finney",-76.6,"KALVESTA SW",1976-01-08,380003100223001,55,0,c(-100.376221, 38.00109),"1976","143-72",-100.376221,38.00109,59.3324928,"0-65"
"1603","Gray",-68.81,"Cimarron NE",1976-01-23,375819100185601,69,0,c(-100.31822, 37.97224),"1976","71-0",-100.31822,37.97224,27.3865814,"0-65"
"1604","Finney",-84,"KALVESTA",1976-01-01,380208100155501,55,0,c(-100.267517, 38.035499),"1976","143-72",-100.267517,38.035499,10,"0-65"
"1605","Finney",-84,"KALVESTA",1976-01-08,380208100155501,55,0,c(-100.267517, 38.035499),"1976","143-72",-100.267517,38.035499,10,"0-65"
"1606","Hodgeman",-29.94,"Hanston NW",1976-03-24,380752099414101,83,0,c(-99.696871, 38.131537),"1976","71-0",-99.696871,38.131537,56.2321854,"0-65"
"1607","Hodgeman",-31,"Hanston NW",1976-06-22,380752099414101,83,0,c(-99.696871, 38.131537),"1976","71-0",-99.696871,38.131537,56.2321854,"0-65"
"1608","Hodgeman",-34.49,"Hanston NW",1976-09-27,380752099414101,83,0,c(-99.696871, 38.131537),"1976","71-0",-99.696871,38.131537,56.2321854,"0-65"
"1609","Hodgeman",-32.56,"Hanston NW",1976-12-23,380752099414101,83,0,c(-99.696871, 38.131537),"1976","71-0",-99.696871,38.131537,56.2321854,"0-65"
"1610","Ness",-35.82,"Bazine SW",1976-01-09,381609099434801,135,0,c(-99.73132, 38.269746),"1976","71-0",-99.73132,38.269746,30.7343044,"0-65"
"1611","Hodgeman",-281.29,"Jetmore NW",1976-01-06,380833099560201,83,0,c(-99.935627, 38.142618),"1976","287-216",-99.935627,38.142618,10,"0-65"
"1612","Lane",-95.05,"Shields SE",1976-01-19,383320100201101,101,0,c(-100.33983, 38.553283),"1976","143-72",-100.33983,38.553283,18.2866879,"0-65"
"1613","Ford",-160.8,NA,1976-12-29,374959099521201,57,0,c(-99.870814, 37.832279),"1976","215-144",-99.870814,37.832279,10,"0-65"
"1614","Hodgeman",-157.22,"Jetmore",1976-01-06,380352099550501,83,0,c(-99.917507, 38.066088),"1976","215-144",-99.917507,38.066088,NA,NA
"1615","Hodgeman",-167.83,"Jetmore",1976-03-24,380352099550501,83,0,c(-99.917507, 38.066088),"1976","215-144",-99.917507,38.066088,NA,NA
"1616","Hodgeman",-172.1,"Jetmore",1976-07-06,380352099550501,83,0,c(-99.917507, 38.066088),"1976","215-144",-99.917507,38.066088,NA,NA
"1617","Hodgeman",-200.94,"Jetmore",1976-09-28,380352099550501,83,0,c(-99.917507, 38.066088),"1976","215-144",-99.917507,38.066088,NA,NA
"1618","Ford",-183.08,NA,1976-12-29,375005099483701,57,0,c(-99.811487, 37.833958),"1976","215-144",-99.811487,37.833958,10,"0-65"
"1619","Ness",-22.32,"Beeler SW",1976-01-09,381946100141801,135,0,c(-100.239413, 38.328017),"1976","71-0",-100.239413,38.328017,NA,NA
"1620","Hodgeman",-47.98,"Hanston NW",1976-01-01,381430099414001,83,0,c(-99.698368, 38.243437),"1976","71-0",-99.698368,38.243437,25,"0-65"
"1621","Hodgeman",-44.68,"Hanston NW",1976-03-24,381430099414001,83,0,c(-99.698368, 38.243437),"1976","71-0",-99.698368,38.243437,25,"0-65"
"1622","Hodgeman",-44.68,"Hanston NW",1976-06-22,381430099414001,83,0,c(-99.698368, 38.243437),"1976","71-0",-99.698368,38.243437,25,"0-65"
"1623","Hodgeman",-51.36,"Hanston NW",1976-09-27,381430099414001,83,0,c(-99.698368, 38.243437),"1976","71-0",-99.698368,38.243437,25,"0-65"
"1624","Hodgeman",-48.62,"Hanston NW",1976-12-23,381430099414001,83,0,c(-99.698368, 38.243437),"1976","71-0",-99.698368,38.243437,25,"0-65"
"1625","Ness",-23.95,"Laird",1976-01-09,382656100055901,135,0,c(-100.100508, 38.448516),"1976","71-0",-100.100508,38.448516,NA,NA
"1626","Ford",-180.3,NA,1976-12-29,374951099482901,57,0,c(-99.809122, 37.830357),"1976","215-144",-99.809122,37.830357,10,"0-65"
"1627","Ford",-62.34,"Spearville",1976-01-05,375206099451001,57,0,c(-99.753734, 37.868939),"1976","71-0",-99.753734,37.868939,10,"0-65"
"1628","Ford",-62.38,"Spearville",1976-03-22,375206099451001,57,0,c(-99.753734, 37.868939),"1976","71-0",-99.753734,37.868939,10,"0-65"
"1629","Ford",-62.33,"Spearville",1976-06-28,375206099451001,57,0,c(-99.753734, 37.868939),"1976","71-0",-99.753734,37.868939,10,"0-65"
"1630","Ford",-62.16,"Spearville",1976-09-22,375206099451001,57,0,c(-99.753734, 37.868939),"1976","71-0",-99.753734,37.868939,10,"0-65"
"1631","Ford",-62.13,"Spearville",1976-12-28,375206099451001,57,0,c(-99.753734, 37.868939),"1976","71-0",-99.753734,37.868939,10,"0-65"
"1632","Ford",-140.8,NA,1976-12-29,375011099475601,57,0,c(-99.800089, 37.835758),"1976","143-72",-99.800089,37.835758,10,"0-65"
"1633","Hodgeman",-315.3,"Hrse Thief Cnyn SW",1976-03-02,380335100132701,83,0,c(-100.225616, 38.059249),"1976","359-288",-100.225616,38.059249,10,"0-65"
"1634","Hodgeman",-317.3,"Hrse Thief Cnyn SW",1976-06-16,380335100132701,83,0,c(-100.225616, 38.059249),"1976","359-288",-100.225616,38.059249,10,"0-65"
"1635","Hodgeman",-321.3,"Hrse Thief Cnyn SW",1976-09-09,380335100132701,83,0,c(-100.225616, 38.059249),"1976","359-288",-100.225616,38.059249,10,"0-65"
"1636","Hodgeman",-281.71,"Jetmore NW",1976-01-06,380827099564301,83,0,c(-99.944787, 38.142398),"1976","287-216",-99.944787,38.142398,10,"0-65"
"1637","Hodgeman",-167.79,"Jetmore",1976-01-06,380616099550401,83,0,c(-99.917377, 38.104768),"1976","215-144",-99.917377,38.104768,10,"0-65"
"1638","Hodgeman",-63.27,NA,1976-03-24,375502100090801,83,0,c(-100.154215, 37.91917),"1976","71-0",-100.154215,37.91917,19.3486156,"0-65"
"1639","Hodgeman",-63.33,NA,1976-07-06,375502100090801,83,0,c(-100.154215, 37.91917),"1976","71-0",-100.154215,37.91917,19.3486156,"0-65"
"1640","Hodgeman",-63.38,NA,1976-09-28,375502100090801,83,0,c(-100.154215, 37.91917),"1976","71-0",-100.154215,37.91917,19.3486156,"0-65"
"1641","Ford",-185.2,NA,1976-12-29,374945099483701,57,0,c(-99.811426, 37.828541),"1976","215-144",-99.811426,37.828541,10,"0-65"
"1642","Ness",-36.28,"Ness City SE",1976-03-24,381728099470701,135,0,c(-99.787081, 38.291036),"1976","71-0",-99.787081,38.291036,NA,NA
"1643","Ness",-37.68,"Ness City SE",1976-06-22,381728099470701,135,0,c(-99.787081, 38.291036),"1976","71-0",-99.787081,38.291036,NA,NA
"1644","Ness",-38.05,"Ness City SE",1976-09-27,381728099470701,135,0,c(-99.787081, 38.291036),"1976","71-0",-99.787081,38.291036,NA,NA
"1645","Ness",-37.89,"Ness City SE",1976-12-23,381728099470701,135,0,c(-99.787081, 38.291036),"1976","71-0",-99.787081,38.291036,NA,NA
"1646","Ness",-31.42,"Bazine",1976-03-24,382632099411501,135,0,c(-99.688276, 38.442795),"1976","71-0",-99.688276,38.442795,NA,NA
"1647","Ness",-31.54,"Bazine",1976-06-22,382632099411501,135,0,c(-99.688276, 38.442795),"1976","71-0",-99.688276,38.442795,NA,NA
"1648","Ness",-33.02,"Bazine",1976-09-27,382632099411501,135,0,c(-99.688276, 38.442795),"1976","71-0",-99.688276,38.442795,NA,NA
"1649","Ness",-32.15,"Bazine",1976-12-23,382632099411501,135,0,c(-99.688276, 38.442795),"1976","71-0",-99.688276,38.442795,NA,NA
"1650","Lane",-100.83,"Shields",1976-01-19,383452100243601,101,0,c(-100.413515, 38.579233),"1976","143-72",-100.413515,38.579233,22.8673077,"0-65"
"1651","Edwards",-60.55,"ROZEL SW",1976-03-22,380145099241301,47,0,c(-99.404504, 38.032451),"1976","71-0",-99.404504,38.032451,28.6320953,"0-65"
"1652","Edwards",-60.37,"ROZEL SW",1976-07-06,380145099241301,47,0,c(-99.404504, 38.032451),"1976","71-0",-99.404504,38.032451,28.6320953,"0-65"
"1653","Edwards",-60.39,"ROZEL SW",1976-09-20,380145099241301,47,0,c(-99.404504, 38.032451),"1976","71-0",-99.404504,38.032451,28.6320953,"0-65"
"1654","Edwards",-60.17,"ROZEL SW",1976-12-21,380145099241301,47,0,c(-99.404504, 38.032451),"1976","71-0",-99.404504,38.032451,28.6320953,"0-65"
"1655","Stafford",-17.55,"Macksville",1976-05-03,375859098574001,185,0,c(-98.962126, 37.985815),"1976","71-0",-98.962126,37.985815,47.9804802,"0-65"
"1656","Pawnee",-47.35,NA,1976-03-24,380929099241101,145,0,c(-99.404506, 38.160095),"1976","71-0",-99.404506,38.160095,38.9832077,"0-65"
"1657","Pawnee",-50.94,NA,1976-12-23,380929099241101,145,0,c(-99.404506, 38.160095),"1976","71-0",-99.404506,38.160095,38.9832077,"0-65"
"1658","Rush",-24.28,"ALEXANDER",1976-03-24,382848099304201,165,0,c(-99.511564, 38.480466),"1976","71-0",-99.511564,38.480466,NA,NA
"1659","Rush",-24.21,"ALEXANDER",1976-06-22,382848099304201,165,0,c(-99.511564, 38.480466),"1976","71-0",-99.511564,38.480466,NA,NA
"1660","Rush",-25.29,"ALEXANDER",1976-09-27,382848099304201,165,0,c(-99.511564, 38.480466),"1976","71-0",-99.511564,38.480466,NA,NA
"1661","Rush",-25.01,"ALEXANDER",1976-12-23,382848099304201,165,0,c(-99.511564, 38.480466),"1976","71-0",-99.511564,38.480466,NA,NA
"1662","Rush",-28.14,"Timken",1976-03-24,382835099105401,165,0,c(-99.179894, 38.476528),"1976","71-0",-99.179894,38.476528,25,"0-65"
"1663","Rush",-28.49,"Timken",1976-06-22,382835099105401,165,0,c(-99.179894, 38.476528),"1976","71-0",-99.179894,38.476528,25,"0-65"
"1664","Rush",-33.4,"Timken",1976-09-27,382835099105401,165,0,c(-99.179894, 38.476528),"1976","71-0",-99.179894,38.476528,25,"0-65"
"1665","Rush",-31.59,"Timken",1976-12-23,382835099105401,165,0,c(-99.179894, 38.476528),"1976","71-0",-99.179894,38.476528,25,"0-65"
"1666","Pawnee",-17.43,"Fort Larned",1976-03-24,381021099074601,145,0,c(-99.128032, 38.174149),"1976","71-0",-99.128032,38.174149,46.140274,"0-65"
"1667","Pawnee",-17.29,"Fort Larned",1976-06-22,381021099074601,145,0,c(-99.128032, 38.174149),"1976","71-0",-99.128032,38.174149,46.140274,"0-65"
"1668","Pawnee",-17.47,"Fort Larned",1976-09-27,381021099074601,145,0,c(-99.128032, 38.174149),"1976","71-0",-99.128032,38.174149,46.140274,"0-65"
"1669","Pawnee",-17.05,"Fort Larned",1976-12-23,381021099074601,145,0,c(-99.128032, 38.174149),"1976","71-0",-99.128032,38.174149,46.140274,"0-65"
"1670","Edwards",-17.39,"TROUSDALE",1976-03-17,374940099065101,47,0,c(-99.115603, 37.829804),"1976","71-0",-99.115603,37.829804,155.5123138,"132-197"
"1671","Edwards",-17.34,"TROUSDALE",1976-06-29,374940099065101,47,0,c(-99.115603, 37.829804),"1976","71-0",-99.115603,37.829804,155.5123138,"132-197"
"1672","Edwards",-17.54,"TROUSDALE",1976-09-20,374940099065101,47,0,c(-99.115603, 37.829804),"1976","71-0",-99.115603,37.829804,155.5123138,"132-197"
"1673","Edwards",-17.92,"TROUSDALE",1976-12-21,374940099065101,47,0,c(-99.115603, 37.829804),"1976","71-0",-99.115603,37.829804,155.5123138,"132-197"
"1674","Rush",-33.26,NA,1976-12-23,382914099104601,165,0,c(-99.178662, 38.487394),"1976","71-0",-99.178662,38.487394,25,"0-65"
"1675","Rush",-27.25,NA,1976-03-24,382908099105401,165,0,c(-99.181027, 38.485609),"1976","71-0",-99.181027,38.485609,25,"0-65"
"1676","Rush",-27.46,NA,1976-06-22,382908099105401,165,0,c(-99.181027, 38.485609),"1976","71-0",-99.181027,38.485609,25,"0-65"
"1677","Rush",-29.34,NA,1976-09-27,382908099105401,165,0,c(-99.181027, 38.485609),"1976","71-0",-99.181027,38.485609,25,"0-65"
"1678","Rush",-29.47,NA,1976-12-23,382908099105401,165,0,c(-99.181027, 38.485609),"1976","71-0",-99.181027,38.485609,25,"0-65"
"1679","Edwards",-9.85,"KINSLEY",1976-03-17,375513099231701,47,0,c(-99.386926, 37.920817),"1976","71-0",-99.386926,37.920817,43.1457672,"0-65"
"1680","Edwards",-9.58,"KINSLEY",1976-06-28,375513099231701,47,0,c(-99.386926, 37.920817),"1976","71-0",-99.386926,37.920817,43.1457672,"0-65"
"1681","Edwards",-10.11,"KINSLEY",1976-09-20,375513099231701,47,0,c(-99.386926, 37.920817),"1976","71-0",-99.386926,37.920817,43.1457672,"0-65"
"1682","Edwards",-9.82,"KINSLEY",1976-12-29,375513099231701,47,0,c(-99.386926, 37.920817),"1976","71-0",-99.386926,37.920817,43.1457672,"0-65"
"1683","Edwards",-26.85,"BELPRE NW",1976-03-22,375445099143901,47,0,c(-99.24453, 37.913636),"1976","71-0",-99.24453,37.913636,67.5668182,"66-131"
"1684","Edwards",-27.27,"BELPRE NW",1976-06-28,375445099143901,47,0,c(-99.24453, 37.913636),"1976","71-0",-99.24453,37.913636,67.5668182,"66-131"
"1685","Edwards",-28.62,"BELPRE NW",1976-09-20,375445099143901,47,0,c(-99.24453, 37.913636),"1976","71-0",-99.24453,37.913636,67.5668182,"66-131"
"1686","Edwards",-28.7,"BELPRE NW",1976-12-29,375445099143901,47,0,c(-99.24453, 37.913636),"1976","71-0",-99.24453,37.913636,67.5668182,"66-131"
"1687","Pawnee",-26.89,NA,1976-03-24,381047099185301,145,0,c(-99.314578, 38.180894),"1976","71-0",-99.314578,38.180894,8.2026176,"0-65"
"1688","Pawnee",-26.26,NA,1976-06-22,381047099185301,145,0,c(-99.314578, 38.180894),"1976","71-0",-99.314578,38.180894,8.2026176,"0-65"
"1689","Pawnee",-28.29,NA,1976-09-27,381047099185301,145,0,c(-99.314578, 38.180894),"1976","71-0",-99.314578,38.180894,8.2026176,"0-65"
"1690","Pawnee",-28.43,NA,1976-12-23,381047099185301,145,0,c(-99.314578, 38.180894),"1976","71-0",-99.314578,38.180894,8.2026176,"0-65"
"1691","Pawnee",-38.97,"Burdett",1976-03-24,381207099325201,145,0,c(-99.552173, 38.204016),"1976","71-0",-99.552173,38.204016,10.7996159,"0-65"
"1692","Pawnee",-39.41,"Burdett",1976-06-22,381207099325201,145,0,c(-99.552173, 38.204016),"1976","71-0",-99.552173,38.204016,10.7996159,"0-65"
"1693","Pawnee",-42.72,"Burdett",1976-09-27,381207099325201,145,0,c(-99.552173, 38.204016),"1976","71-0",-99.552173,38.204016,10.7996159,"0-65"
"1694","Pawnee",-42.84,"Burdett",1976-12-23,381207099325201,145,0,c(-99.552173, 38.204016),"1976","71-0",-99.552173,38.204016,10.7996159,"0-65"
"1695","Rush",-30.95,NA,1976-03-24,382742099174001,165,0,c(-99.29507, 38.4621),"1976","71-0",-99.29507,38.4621,0.0000053,"0-65"
"1696","Rush",-30.92,NA,1976-06-22,382742099174001,165,0,c(-99.29507, 38.4621),"1976","71-0",-99.29507,38.4621,0.0000053,"0-65"
"1697","Rush",-31.56,NA,1976-09-27,382742099174001,165,0,c(-99.29507, 38.4621),"1976","71-0",-99.29507,38.4621,0.0000053,"0-65"
"1698","Rush",-32.1,NA,1976-12-23,382742099174001,165,0,c(-99.29507, 38.4621),"1976","71-0",-99.29507,38.4621,0.0000053,"0-65"
"1699","Ness",-29.83,"Alexander",1976-01-09,382749099352001,135,0,c(-99.589023, 38.465245),"1976","71-0",-99.589023,38.465245,NA,NA
"1700","Edwards",-22.34,"CENTERVIEW",1976-03-17,374931099182901,47,0,c(-99.309324, 37.825533),"1976","71-0",-99.309324,37.825533,111.8502808,"66-131"
"1701","Edwards",-24.4,"CENTERVIEW",1976-09-20,374931099182901,47,0,c(-99.309324, 37.825533),"1976","71-0",-99.309324,37.825533,111.8502808,"66-131"
"1702","Edwards",-23.52,"CENTERVIEW",1976-12-21,374931099182901,47,0,c(-99.309324, 37.825533),"1976","71-0",-99.309324,37.825533,111.8502808,"66-131"
"1703","Edwards",-18.28,"BELPRE NW",1976-03-22,375629099075901,47,0,c(-99.132617, 37.942033),"1976","71-0",-99.132617,37.942033,143.953064,"132-197"
"1704","Edwards",-18.02,"BELPRE NW",1976-06-28,375629099075901,47,0,c(-99.132617, 37.942033),"1976","71-0",-99.132617,37.942033,143.953064,"132-197"
"1705","Edwards",-19.97,"BELPRE NW",1976-09-20,375629099075901,47,0,c(-99.132617, 37.942033),"1976","71-0",-99.132617,37.942033,143.953064,"132-197"
"1706","Edwards",-19.56,"BELPRE NW",1976-12-29,375629099075901,47,0,c(-99.132617, 37.942033),"1976","71-0",-99.132617,37.942033,143.953064,"132-197"
"1707","Pawnee",-33.48,"Fort Larned",1976-03-24,380826099134501,145,0,c(-99.22359, 38.143278),"1976","71-0",-99.22359,38.143278,41.7543106,"0-65"
"1708","Pawnee",-39.55,"Fort Larned",1976-06-22,380826099134501,145,0,c(-99.22359, 38.143278),"1976","71-0",-99.22359,38.143278,41.7543106,"0-65"
"1709","Pawnee",-37.47,"Fort Larned",1976-09-27,380826099134501,145,0,c(-99.22359, 38.143278),"1976","71-0",-99.22359,38.143278,41.7543106,"0-65"
"1710","Pawnee",-34.73,"Fort Larned",1976-12-23,380826099134501,145,0,c(-99.22359, 38.143278),"1976","71-0",-99.22359,38.143278,41.7543106,"0-65"
"1711","Pawnee",-26.62,"Larned",1976-03-24,380744099023201,145,0,c(-99.042227, 38.130774),"1976","71-0",-99.042227,38.130774,66.090271,"66-131"
"1712","Pawnee",-26.34,"Larned",1976-06-22,380744099023201,145,0,c(-99.042227, 38.130774),"1976","71-0",-99.042227,38.130774,66.090271,"66-131"
"1713","Pawnee",-26.88,"Larned",1976-09-27,380744099023201,145,0,c(-99.042227, 38.130774),"1976","71-0",-99.042227,38.130774,66.090271,"66-131"
"1714","Pawnee",-27.75,"Larned",1976-12-23,380744099023201,145,0,c(-99.042227, 38.130774),"1976","71-0",-99.042227,38.130774,66.090271,"66-131"
"1715","Rush",-31.03,NA,1976-12-23,382848099102901,165,0,c(-99.174069, 38.480146),"1976","71-0",-99.174069,38.480146,25,"0-65"
"1716","Pawnee",-9.34,"ROZEL SE",1976-03-22,380105099174801,145,0,c(-99.295807, 38.019566),"1976","71-0",-99.295807,38.019566,41.1616287,"0-65"
"1717","Pawnee",-9.07,"ROZEL SE",1976-07-06,380105099174801,145,0,c(-99.295807, 38.019566),"1976","71-0",-99.295807,38.019566,41.1616287,"0-65"
"1718","Pawnee",-9.55,"ROZEL SE",1976-09-20,380105099174801,145,0,c(-99.295807, 38.019566),"1976","71-0",-99.295807,38.019566,41.1616287,"0-65"
"1719","Pawnee",-9.47,"ROZEL SE",1976-12-21,380105099174801,145,0,c(-99.295807, 38.019566),"1976","71-0",-99.295807,38.019566,41.1616287,"0-65"
"1720","Edwards",-18.82,"LEWIS",1976-03-22,375346099174801,47,0,c(-99.296108, 37.898066),"1976","71-0",-99.296108,37.898066,83.4523849,"66-131"
"1721","Edwards",-21.84,"LEWIS",1976-06-29,375346099174801,47,0,c(-99.296108, 37.898066),"1976","71-0",-99.296108,37.898066,83.4523849,"66-131"
"1722","Edwards",-20.57,"LEWIS",1976-09-20,375346099174801,47,0,c(-99.296108, 37.898066),"1976","71-0",-99.296108,37.898066,83.4523849,"66-131"
"1723","Edwards",-20.55,"LEWIS",1976-12-21,375346099174801,47,0,c(-99.296108, 37.898066),"1976","71-0",-99.296108,37.898066,83.4523849,"66-131"
"1724","Pawnee",-18.01,NA,1976-03-24,375958099032001,145,0,c(-99.055434, 38.001068),"1976","71-0",-99.055434,38.001068,80.5099716,"66-131"
"1725","Pawnee",-16.78,NA,1976-06-22,375958099032001,145,0,c(-99.055434, 38.001068),"1976","71-0",-99.055434,38.001068,80.5099716,"66-131"
"1726","Pawnee",-18.53,NA,1976-09-27,375958099032001,145,0,c(-99.055434, 38.001068),"1976","71-0",-99.055434,38.001068,80.5099716,"66-131"
"1727","Pawnee",-18.57,NA,1976-12-23,375958099032001,145,0,c(-99.055434, 38.001068),"1976","71-0",-99.055434,38.001068,80.5099716,"66-131"
"1728","Pawnee",-21.28,"Radium",1976-03-24,381022098570002,145,0,c(-98.949406, 38.174064),"1976","71-0",-98.949406,38.174064,181.5342712,"132-197"
"1729","Pawnee",-29.49,"Radium",1976-06-22,381022098570002,145,0,c(-98.949406, 38.174064),"1976","71-0",-98.949406,38.174064,181.5342712,"132-197"
"1730","Pawnee",-23.44,"Radium",1976-09-27,381022098570002,145,0,c(-98.949406, 38.174064),"1976","71-0",-98.949406,38.174064,181.5342712,"132-197"
"1731","Pawnee",-21.82,"Radium",1976-12-23,381022098570002,145,0,c(-98.949406, 38.174064),"1976","71-0",-98.949406,38.174064,181.5342712,"132-197"
"1732","Barton",-12.94,"HEIZER",1976-03-24,382704098593803,9,0,c(-98.994505, 38.451196),"1976","71-0",-98.994505,38.451196,31.6355572,"0-65"
"1733","Barton",-12.89,"HEIZER",1976-06-22,382704098593803,9,0,c(-98.994505, 38.451196),"1976","71-0",-98.994505,38.451196,31.6355572,"0-65"
"1734","Barton",-17.57,"HEIZER",1976-09-27,382704098593803,9,0,c(-98.994505, 38.451196),"1976","71-0",-98.994505,38.451196,31.6355572,"0-65"
"1735","Barton",-15.87,"HEIZER",1976-12-23,382704098593803,9,0,c(-98.994505, 38.451196),"1976","71-0",-98.994505,38.451196,31.6355572,"0-65"
"1736","Rush",-28.7,NA,1976-03-24,382821099262301,165,0,c(-99.43792, 38.47362),"1976","71-0",-99.43792,38.47362,NA,NA
"1737","Rush",-29.81,NA,1976-06-22,382821099262301,165,0,c(-99.43792, 38.47362),"1976","71-0",-99.43792,38.47362,NA,NA
"1738","Rush",-32.6,NA,1976-09-27,382821099262301,165,0,c(-99.43792, 38.47362),"1976","71-0",-99.43792,38.47362,NA,NA
"1739","Rush",-31.78,NA,1976-12-23,382821099262301,165,0,c(-99.43792, 38.47362),"1976","71-0",-99.43792,38.47362,NA,NA
"1740","Rush",-27.53,"Timken",1976-03-24,382822099104601,165,0,c(-99.179418, 38.473093),"1976","71-0",-99.179418,38.473093,25,"0-65"
"1741","Rush",-27.25,"Timken",1976-06-22,382822099104601,165,0,c(-99.179418, 38.473093),"1976","71-0",-99.179418,38.473093,25,"0-65"
"1742","Rush",-31.42,"Timken",1976-09-27,382822099104601,165,0,c(-99.179418, 38.473093),"1976","71-0",-99.179418,38.473093,25,"0-65"
"1743","Rush",-31.08,"Timken",1976-12-23,382822099104601,165,0,c(-99.179418, 38.473093),"1976","71-0",-99.179418,38.473093,25,"0-65"
"1744","Rush",-27.8,NA,1976-03-24,382835099341201,165,0,c(-99.568309, 38.477462),"1976","71-0",-99.568309,38.477462,NA,NA
"1745","Rush",-29.21,NA,1976-06-22,382835099341201,165,0,c(-99.568309, 38.477462),"1976","71-0",-99.568309,38.477462,NA,NA
"1746","Rush",-32.26,NA,1976-09-27,382835099341201,165,0,c(-99.568309, 38.477462),"1976","71-0",-99.568309,38.477462,NA,NA
"1747","Rush",-30.58,NA,1976-12-23,382835099341201,165,0,c(-99.568309, 38.477462),"1976","71-0",-99.568309,38.477462,NA,NA
"1748","Stafford",-30.7,"Saint John SW",1976-03-17,380136098544001,185,0,c(-98.91309, 38.029282),"1976","71-0",-98.91309,38.029282,45.9787369,"0-65"
"1749","Stafford",-34.22,"Saint John SW",1976-06-22,380136098544001,185,0,c(-98.91309, 38.029282),"1976","71-0",-98.91309,38.029282,45.9787369,"0-65"
"1750","Stafford",-36.62,"Saint John SW",1976-09-20,380136098544001,185,0,c(-98.91309, 38.029282),"1976","71-0",-98.91309,38.029282,45.9787369,"0-65"
"1751","Stafford",-31.43,"Saint John SW",1976-12-21,380136098544001,185,0,c(-98.91309, 38.029282),"1976","71-0",-98.91309,38.029282,45.9787369,"0-65"
"1752","Pawnee",-39.85,NA,1976-03-24,381147099272701,145,0,c(-99.460343, 38.197885),"1976","71-0",-99.460343,38.197885,22.0147858,"0-65"
"1753","Pawnee",-40.28,NA,1976-06-22,381147099272701,145,0,c(-99.460343, 38.197885),"1976","71-0",-99.460343,38.197885,22.0147858,"0-65"
"1754","Pawnee",-42.74,NA,1976-09-27,381147099272701,145,0,c(-99.460343, 38.197885),"1976","71-0",-99.460343,38.197885,22.0147858,"0-65"
"1755","Pawnee",-41.88,NA,1976-12-23,381147099272701,145,0,c(-99.460343, 38.197885),"1976","71-0",-99.460343,38.197885,22.0147858,"0-65"
"1756","Pawnee",-19.76,"Radium",1976-03-24,381022098570001,145,0,c(-98.949342, 38.174165),"1976","71-0",-98.949342,38.174165,181.5342712,"132-197"
"1757","Pawnee",-19.69,"Radium",1976-06-22,381022098570001,145,0,c(-98.949342, 38.174165),"1976","71-0",-98.949342,38.174165,181.5342712,"132-197"
"1758","Pawnee",-20.6,"Radium",1976-09-27,381022098570001,145,0,c(-98.949342, 38.174165),"1976","71-0",-98.949342,38.174165,181.5342712,"132-197"
"1759","Pawnee",-20.47,"Radium",1976-12-23,381022098570001,145,0,c(-98.949342, 38.174165),"1976","71-0",-98.949342,38.174165,181.5342712,"132-197"
"1760","Rush",-31.49,"Rush Center",1976-12-23,382710099183001,165,0,c(-99.308533, 38.454423),"1976","71-0",-99.308533,38.454423,0.0000042,"0-65"
"1761","Rush",-33.54,"RUSH CENTER",1976-12-23,382755099173201,165,0,c(-99.291642, 38.466444),"1976","71-0",-99.291642,38.466444,0.0000199,"0-65"
"1762","Rush",-27.67,"Timken",1976-03-24,382848099104601,165,0,c(-99.179638, 38.479433),"1976","71-0",-99.179638,38.479433,25,"0-65"
"1763","Rush",-27.37,"Timken",1976-06-22,382848099104601,165,0,c(-99.179638, 38.479433),"1976","71-0",-99.179638,38.479433,25,"0-65"
"1764","Rush",-32.9,"Timken",1976-09-27,382848099104601,165,0,c(-99.179638, 38.479433),"1976","71-0",-99.179638,38.479433,25,"0-65"
"1765","Rush",-31.58,"Timken",1976-12-23,382848099104601,165,0,c(-99.179638, 38.479433),"1976","71-0",-99.179638,38.479433,25,"0-65"
"1766","Barton",-17,"HEIZER",1976-03-24,382249098572801,9,0,c(-98.960393, 38.379194),"1976","71-0",-98.960393,38.379194,25,"0-65"
"1767","Barton",-17.04,"HEIZER",1976-06-22,382249098572801,9,0,c(-98.960393, 38.379194),"1976","71-0",-98.960393,38.379194,25,"0-65"
"1768","Barton",-19.7,"HEIZER",1976-09-27,382249098572801,9,0,c(-98.960393, 38.379194),"1976","71-0",-98.960393,38.379194,25,"0-65"
"1769","Barton",-18.23,"HEIZER",1976-12-23,382249098572801,9,0,c(-98.960393, 38.379194),"1976","71-0",-98.960393,38.379194,25,"0-65"
"1770","Stafford",-12.33,NA,1976-03-17,375605098480401,185,0,c(-98.801501, 37.937149),"1976","71-0",-98.801501,37.937149,116.8709412,"66-131"
"1771","Stafford",-10.72,NA,1976-06-28,375605098480401,185,0,c(-98.801501, 37.937149),"1976","71-0",-98.801501,37.937149,116.8709412,"66-131"
"1772","Stafford",-12.27,NA,1976-09-20,375605098480401,185,0,c(-98.801501, 37.937149),"1976","71-0",-98.801501,37.937149,116.8709412,"66-131"
"1773","Stafford",-11.98,NA,1976-12-21,375605098480401,185,0,c(-98.801501, 37.937149),"1976","71-0",-98.801501,37.937149,116.8709412,"66-131"
"1774","Rice",-11.13,"Chase",1976-03-19,381918098152601,159,0,c(-98.25774, 38.322778),"1976","71-0",-98.25774,38.322778,124.9053574,"66-131"
"1775","Rice",-10.96,"Chase",1976-06-23,381918098152601,159,0,c(-98.25774, 38.322778),"1976","71-0",-98.25774,38.322778,124.9053574,"66-131"
"1776","Rice",-12.93,"Chase",1976-09-24,381918098152601,159,0,c(-98.25774, 38.322778),"1976","71-0",-98.25774,38.322778,124.9053574,"66-131"
"1777","Rice",-13.73,"Chase",1976-12-22,381918098152601,159,0,c(-98.25774, 38.322778),"1976","71-0",-98.25774,38.322778,124.9053574,"66-131"
"1778","Ellsworth",-35.15,"LORRAINE",1976-06-23,383236098194702,53,0,c(-98.330751, 38.543071),"1976","71-0",-98.330751,38.543071,10,"0-65"
"1779","Ellsworth",-35.54,"LORRAINE",1976-09-24,383236098194702,53,0,c(-98.330751, 38.543071),"1976","71-0",-98.330751,38.543071,10,"0-65"
"1780","Ellsworth",-36.16,"LORRAINE",1976-12-22,383236098194702,53,0,c(-98.330751, 38.543071),"1976","71-0",-98.330751,38.543071,10,"0-65"
"1781","Ellsworth",-88.36,"LORRAINE",1976-03-19,383150098211001,53,0,c(-98.353355, 38.530009),"1976","143-72",-98.353355,38.530009,10,"0-65"
"1782","Ellsworth",-90.14,"LORRAINE",1976-06-23,383150098211001,53,0,c(-98.353355, 38.530009),"1976","143-72",-98.353355,38.530009,10,"0-65"
"1783","Ellsworth",-102.91,"LORRAINE",1976-09-24,383150098211001,53,0,c(-98.353355, 38.530009),"1976","143-72",-98.353355,38.530009,10,"0-65"
"1784","Ellsworth",-90.25,"LORRAINE",1976-12-22,383150098211001,53,0,c(-98.353355, 38.530009),"1976","143-72",-98.353355,38.530009,10,"0-65"
"1785","Ellsworth",-21.4,"LORRAINE",1976-03-19,383335098204601,53,0,c(-98.346335, 38.558909),"1976","71-0",-98.346335,38.558909,10,"0-65"
"1786","Ellsworth",-21.47,"LORRAINE",1976-06-23,383335098204601,53,0,c(-98.346335, 38.558909),"1976","71-0",-98.346335,38.558909,10,"0-65"
"1787","Ellsworth",-23.13,"LORRAINE",1976-09-24,383335098204601,53,0,c(-98.346335, 38.558909),"1976","71-0",-98.346335,38.558909,10,"0-65"
"1788","Ellsworth",-23.59,"LORRAINE",1976-12-22,383335098204601,53,0,c(-98.346335, 38.558909),"1976","71-0",-98.346335,38.558909,10,"0-65"
"1789","Reno",-23.69,"Plevna",1976-03-19,380000098171701,155,0,c(-98.288695, 37.999214),"1976","71-0",-98.288695,37.999214,88.6426086,"66-131"
"1790","Reno",-19.65,"Plevna",1976-06-23,380000098171701,155,0,c(-98.288695, 37.999214),"1976","71-0",-98.288695,37.999214,88.6426086,"66-131"
"1791","Reno",-23.76,"Plevna",1976-09-24,380000098171701,155,0,c(-98.288695, 37.999214),"1976","71-0",-98.288695,37.999214,88.6426086,"66-131"
"1792","Reno",-24.98,"Plevna",1976-12-22,380000098171701,155,0,c(-98.288695, 37.999214),"1976","71-0",-98.288695,37.999214,88.6426086,"66-131"
"1793","Rice",-70.52,"Lorraine",1976-03-19,383058098194601,159,0,c(-98.329534, 38.515122),"1976","71-0",-98.329534,38.515122,10,"0-65"
"1794","Rice",-78.3,"Lorraine",1976-06-23,383058098194601,159,0,c(-98.329534, 38.515122),"1976","143-72",-98.329534,38.515122,10,"0-65"
"1795","Rice",-71.3,"Lorraine",1976-09-24,383058098194601,159,0,c(-98.329534, 38.515122),"1976","71-0",-98.329534,38.515122,10,"0-65"
"1796","Rice",-63.14,"Lorraine",1976-12-22,383058098194601,159,0,c(-98.329534, 38.515122),"1976","71-0",-98.329534,38.515122,10,"0-65"
"1797","Rice",-34.13,"Chase NW",1976-03-19,382840098230601,159,0,c(-98.386244, 38.47685),"1976","71-0",-98.386244,38.47685,10,"0-65"
"1798","Rice",-33.97,"Chase NW",1976-06-23,382840098230601,159,0,c(-98.386244, 38.47685),"1976","71-0",-98.386244,38.47685,10,"0-65"
"1799","Rice",-36.45,"Chase NW",1976-09-24,382840098230601,159,0,c(-98.386244, 38.47685),"1976","71-0",-98.386244,38.47685,10,"0-65"
"1800","Rice",-36,"Chase NW",1976-12-22,382840098230601,159,0,c(-98.386244, 38.47685),"1976","71-0",-98.386244,38.47685,10,"0-65"
"1801","Ellsworth",-35.27,"LORRAINE",1976-03-19,383210098211002,53,0,c(-98.353355, 38.535441),"1976","71-0",-98.353355,38.535441,10,"0-65"
"1802","Ellsworth",-31.73,"LORRAINE",1976-06-23,383210098211002,53,0,c(-98.353355, 38.535441),"1976","71-0",-98.353355,38.535441,10,"0-65"
"1803","Ellsworth",-32.07,"LORRAINE",1976-09-24,383210098211002,53,0,c(-98.353355, 38.535441),"1976","71-0",-98.353355,38.535441,10,"0-65"
"1804","Ellsworth",-32.3,"LORRAINE",1976-12-22,383210098211002,53,0,c(-98.353355, 38.535441),"1976","71-0",-98.353355,38.535441,10,"0-65"
"1805","Stafford",-16.57,"Stafford NW",1976-03-17,375433098444601,185,0,c(-98.74591, 37.91132),"1976","71-0",-98.74591,37.91132,151.4024048,"132-197"
"1806","Stafford",-11.63,"Stafford NW",1976-06-21,375433098444601,185,0,c(-98.74591, 37.91132),"1976","71-0",-98.74591,37.91132,151.4024048,"132-197"
"1807","Stafford",-15.65,"Stafford NW",1976-09-21,375433098444601,185,0,c(-98.74591, 37.91132),"1976","71-0",-98.74591,37.91132,151.4024048,"132-197"
"1808","Stafford",-14.86,"Stafford NW",1976-12-20,375433098444601,185,0,c(-98.74591, 37.91132),"1976","71-0",-98.74591,37.91132,151.4024048,"132-197"
"1809","Reno",-31.76,"Yaggy",1976-03-19,380008098011901,155,0,c(-98.023217, 38.001262),"1976","71-0",-98.023217,38.001262,70.1671753,"66-131"
"1810","Reno",-31.83,"Yaggy",1976-06-23,380008098011901,155,0,c(-98.023217, 38.001262),"1976","71-0",-98.023217,38.001262,70.1671753,"66-131"
"1811","Reno",-32.75,"Yaggy",1976-09-24,380008098011901,155,0,c(-98.023217, 38.001262),"1976","71-0",-98.023217,38.001262,70.1671753,"66-131"
"1812","Reno",-32.51,"Yaggy",1976-12-22,380008098011901,155,0,c(-98.023217, 38.001262),"1976","71-0",-98.023217,38.001262,70.1671753,"66-131"
"1813","Ellsworth",-81.44,NA,1976-03-19,383236098194701,53,0,c(-98.329931, 38.542735),"1976","143-72",-98.329931,38.542735,10,"0-65"
"1814","Ellsworth",-105.26,NA,1976-06-23,383236098194701,53,0,c(-98.329931, 38.542735),"1976","143-72",-98.329931,38.542735,10,"0-65"
"1815","Ellsworth",-117.08,NA,1976-09-24,383236098194701,53,0,c(-98.329931, 38.542735),"1976","143-72",-98.329931,38.542735,10,"0-65"
"1816","Ellsworth",-85.32,NA,1976-12-22,383236098194701,53,0,c(-98.329931, 38.542735),"1976","143-72",-98.329931,38.542735,10,"0-65"
"1817","Stafford",-5.2,"Hudson NW",1976-03-19,381120098434802,185,0,c(-98.731513, 38.188913),"1976","71-0",-98.731513,38.188913,154.5834808,"132-197"
"1818","Stafford",-3.73,"Hudson NW",1976-06-22,381120098434802,185,0,c(-98.731513, 38.188913),"1976","71-0",-98.731513,38.188913,154.5834808,"132-197"
"1819","Stafford",-6.06,"Hudson NW",1976-09-27,381120098434802,185,0,c(-98.731513, 38.188913),"1976","71-0",-98.731513,38.188913,154.5834808,"132-197"
"1820","Stafford",-5.19,"Hudson NW",1976-12-23,381120098434802,185,0,c(-98.731513, 38.188913),"1976","71-0",-98.731513,38.188913,154.5834808,"132-197"
"1821","Stafford",-6.81,"Saint John North",1976-06-22,380333098465901,185,0,c(-98.78435, 38.060397),"1976","71-0",-98.78435,38.060397,98.555603,"66-131"
"1822","Stafford",-7.97,"Saint John North",1976-09-28,380333098465901,185,0,c(-98.78435, 38.060397),"1976","71-0",-98.78435,38.060397,98.555603,"66-131"
"1823","Stafford",-7.64,"Saint John North",1976-12-23,380333098465901,185,0,c(-98.78435, 38.060397),"1976","71-0",-98.78435,38.060397,98.555603,"66-131"
"1824","Ellsworth",-94.42,NA,1976-03-19,383210098211001,53,0,c(-98.353285, 38.53614),"1976","143-72",-98.353285,38.53614,10,"0-65"
"1825","Ellsworth",-97.36,NA,1976-06-23,383210098211001,53,0,c(-98.353285, 38.53614),"1976","143-72",-98.353285,38.53614,10,"0-65"
"1826","Ellsworth",-115.07,NA,1976-09-24,383210098211001,53,0,c(-98.353285, 38.53614),"1976","143-72",-98.353285,38.53614,10,"0-65"
"1827","Ellsworth",-98.45,NA,1976-12-22,383210098211001,53,0,c(-98.353285, 38.53614),"1976","143-72",-98.353285,38.53614,10,"0-65"
"1828","Ellsworth",-32.14,NA,1976-03-19,383334098194702,53,0,c(-98.329992, 38.559031),"1976","71-0",-98.329992,38.559031,10,"0-65"
"1829","Ellsworth",-31.74,NA,1976-06-23,383334098194702,53,0,c(-98.329992, 38.559031),"1976","71-0",-98.329992,38.559031,10,"0-65"
"1830","Ellsworth",-32.91,NA,1976-09-24,383334098194702,53,0,c(-98.329992, 38.559031),"1976","71-0",-98.329992,38.559031,10,"0-65"
"1831","Ellsworth",-33.36,NA,1976-12-22,383334098194702,53,0,c(-98.329992, 38.559031),"1976","71-0",-98.329992,38.559031,10,"0-65"
"1832","Rice",-53.94,"LORRAINE",1976-03-19,383058098194602,159,0,c(-98.330054, 38.515528),"1976","71-0",-98.330054,38.515528,10,"0-65"
"1833","Rice",-57.22,"LORRAINE",1976-06-23,383058098194602,159,0,c(-98.330054, 38.515528),"1976","71-0",-98.330054,38.515528,10,"0-65"
"1834","Rice",-58.19,"LORRAINE",1976-09-24,383058098194602,159,0,c(-98.330054, 38.515528),"1976","71-0",-98.330054,38.515528,10,"0-65"
"1835","Rice",-55.83,"LORRAINE",1976-12-22,383058098194602,159,0,c(-98.330054, 38.515528),"1976","71-0",-98.330054,38.515528,10,"0-65"
"1836","Stafford",-12.26,"Saint John North",1976-03-19,380617098460101,185,0,c(-98.766416, 38.104181),"1976","71-0",-98.766416,38.104181,183.5020752,"132-197"
"1837","Stafford",-10.75,"Saint John North",1976-06-22,380617098460101,185,0,c(-98.766416, 38.104181),"1976","71-0",-98.766416,38.104181,183.5020752,"132-197"
"1838","Stafford",-12.92,"Saint John North",1976-09-27,380617098460101,185,0,c(-98.766416, 38.104181),"1976","71-0",-98.766416,38.104181,183.5020752,"132-197"
"1839","Stafford",-12.02,"Saint John North",1976-12-23,380617098460101,185,0,c(-98.766416, 38.104181),"1976","71-0",-98.766416,38.104181,183.5020752,"132-197"
"1840","Ellsworth",-85.8,NA,1976-03-19,383334098194701,53,0,c(-98.331022, 38.558283),"1976","143-72",-98.331022,38.558283,10,"0-65"
"1841","Ellsworth",-102.05,NA,1976-06-23,383334098194701,53,0,c(-98.331022, 38.558283),"1976","143-72",-98.331022,38.558283,10,"0-65"
"1842","Ellsworth",-122.32,NA,1976-09-24,383334098194701,53,0,c(-98.331022, 38.558283),"1976","143-72",-98.331022,38.558283,10,"0-65"
"1843","Ellsworth",-90.06,NA,1976-12-22,383334098194701,53,0,c(-98.331022, 38.558283),"1976","143-72",-98.331022,38.558283,10,"0-65"
"1844","Harvey",-24.95,NA,1976-01-01,375625097305602,79,0,c(-97.518611, 37.94125),"1976","71-0",-97.518611,37.94125,166.8974304,"132-197"
"1845","Harvey",-25.25,NA,1976-06-30,375625097305602,79,0,c(-97.518611, 37.94125),"1976","71-0",-97.518611,37.94125,166.8974304,"132-197"
"1846","Harvey",-27.9,NA,1976-10-01,375625097305602,79,0,c(-97.518611, 37.94125),"1976","71-0",-97.518611,37.94125,166.8974304,"132-197"
"1847","Harvey",-27.28,NA,1976-12-21,375625097305602,79,0,c(-97.518611, 37.94125),"1976","71-0",-97.518611,37.94125,166.8974304,"132-197"
"1848","Harvey",-24.06,NA,1976-02-20,375633097355003,79,0,c(-97.599861, 37.941528),"1976","71-0",-97.599861,37.941528,184.8429565,"132-197"
"1849","Harvey",-25.43,NA,1976-03-26,375633097355003,79,0,c(-97.599861, 37.941528),"1976","71-0",-97.599861,37.941528,184.8429565,"132-197"
"1850","Harvey",-25.32,NA,1976-04-28,375633097355003,79,0,c(-97.599861, 37.941528),"1976","71-0",-97.599861,37.941528,184.8429565,"132-197"
"1851","Harvey",-24.82,NA,1976-05-24,375633097355003,79,0,c(-97.599861, 37.941528),"1976","71-0",-97.599861,37.941528,184.8429565,"132-197"
"1852","Harvey",-26.1,NA,1976-06-24,375633097355003,79,0,c(-97.599861, 37.941528),"1976","71-0",-97.599861,37.941528,184.8429565,"132-197"
"1853","Harvey",-27.74,NA,1976-07-26,375633097355003,79,0,c(-97.599861, 37.941528),"1976","71-0",-97.599861,37.941528,184.8429565,"132-197"
"1854","Harvey",-28.87,NA,1976-08-31,375633097355003,79,0,c(-97.599861, 37.941528),"1976","71-0",-97.599861,37.941528,184.8429565,"132-197"
"1855","Harvey",-29.95,NA,1976-09-24,375633097355003,79,0,c(-97.599861, 37.941528),"1976","71-0",-97.599861,37.941528,184.8429565,"132-197"
"1856","Harvey",-26.6,NA,1976-11-24,375633097355003,79,0,c(-97.599861, 37.941528),"1976","71-0",-97.599861,37.941528,184.8429565,"132-197"
"1857","Harvey",-26.24,NA,1976-12-16,375633097355003,79,0,c(-97.599861, 37.941528),"1976","71-0",-97.599861,37.941528,184.8429565,"132-197"
"1858","Harvey",-25.85,NA,1976-02-27,375633097364003,79,0,c(-97.610694, 37.941528),"1976","71-0",-97.610694,37.941528,166.6586304,"132-197"
"1859","Harvey",-25.04,NA,1976-03-19,375633097364003,79,0,c(-97.610694, 37.941528),"1976","71-0",-97.610694,37.941528,166.6586304,"132-197"
"1860","Harvey",-25.11,NA,1976-04-21,375633097364003,79,0,c(-97.610694, 37.941528),"1976","71-0",-97.610694,37.941528,166.6586304,"132-197"
"1861","Harvey",-21.68,NA,1976-05-19,375633097364003,79,0,c(-97.610694, 37.941528),"1976","71-0",-97.610694,37.941528,166.6586304,"132-197"
"1862","Harvey",-22.06,NA,1976-06-22,375633097364003,79,0,c(-97.610694, 37.941528),"1976","71-0",-97.610694,37.941528,166.6586304,"132-197"
"1863","Harvey",-26.48,NA,1976-07-20,375633097364003,79,0,c(-97.610694, 37.941528),"1976","71-0",-97.610694,37.941528,166.6586304,"132-197"
"1864","Harvey",-26.75,NA,1976-08-19,375633097364003,79,0,c(-97.610694, 37.941528),"1976","71-0",-97.610694,37.941528,166.6586304,"132-197"
"1865","Harvey",-27.55,NA,1976-09-21,375633097364003,79,0,c(-97.610694, 37.941528),"1976","71-0",-97.610694,37.941528,166.6586304,"132-197"
"1866","Harvey",-21.05,NA,1976-11-29,375633097364003,79,0,c(-97.610694, 37.941528),"1976","71-0",-97.610694,37.941528,166.6586304,"132-197"
"1867","Harvey",-26.66,NA,1976-12-29,375633097364003,79,0,c(-97.610694, 37.941528),"1976","71-0",-97.610694,37.941528,166.6586304,"132-197"
"1868","Sedgwick",-9.55,NA,1976-01-01,375316097305501,173,0,c(-97.517639, 37.887917),"1976","71-0",-97.517639,37.887917,191.7724915,"132-197"
"1869","Sedgwick",-10.29,NA,1976-06-30,375316097305501,173,0,c(-97.517639, 37.887917),"1976","71-0",-97.517639,37.887917,191.7724915,"132-197"
"1870","Sedgwick",-11.28,NA,1976-10-01,375316097305501,173,0,c(-97.517639, 37.887917),"1976","71-0",-97.517639,37.887917,191.7724915,"132-197"
"1871","Sedgwick",-12.22,NA,1976-12-21,375316097305501,173,0,c(-97.517639, 37.887917),"1976","71-0",-97.517639,37.887917,191.7724915,"132-197"
"1872","Harvey",-12.6,NA,1976-01-01,375718097373801,79,0,c(-97.629028, 37.955833),"1976","71-0",-97.629028,37.955833,138.6068115,"132-197"
"1873","Harvey",-12.8,NA,1976-06-30,375718097373801,79,0,c(-97.629028, 37.955833),"1976","71-0",-97.629028,37.955833,138.6068115,"132-197"
"1874","Harvey",-13.72,NA,1976-10-01,375718097373801,79,0,c(-97.629028, 37.955833),"1976","71-0",-97.629028,37.955833,138.6068115,"132-197"
"1875","Harvey",-13.94,NA,1976-12-22,375718097373801,79,0,c(-97.629028, 37.955833),"1976","71-0",-97.629028,37.955833,138.6068115,"132-197"
"1876","Sedgwick",-11.25,NA,1976-02-23,375210097273703,173,0,c(-97.463056, 37.86875),"1976","71-0",-97.463056,37.86875,151.2447662,"132-197"
"1877","Sedgwick",-12.02,NA,1976-03-18,375210097273703,173,0,c(-97.463056, 37.86875),"1976","71-0",-97.463056,37.86875,151.2447662,"132-197"
"1878","Sedgwick",-11.93,NA,1976-04-21,375210097273703,173,0,c(-97.463056, 37.86875),"1976","71-0",-97.463056,37.86875,151.2447662,"132-197"
"1879","Sedgwick",-12.56,NA,1976-05-27,375210097273703,173,0,c(-97.463056, 37.86875),"1976","71-0",-97.463056,37.86875,151.2447662,"132-197"
"1880","Sedgwick",-16.03,NA,1976-06-23,375210097273703,173,0,c(-97.463056, 37.86875),"1976","71-0",-97.463056,37.86875,151.2447662,"132-197"
"1881","Sedgwick",-12.62,NA,1976-07-28,375210097273703,173,0,c(-97.463056, 37.86875),"1976","71-0",-97.463056,37.86875,151.2447662,"132-197"
"1882","Sedgwick",-13.47,NA,1976-08-19,375210097273703,173,0,c(-97.463056, 37.86875),"1976","71-0",-97.463056,37.86875,151.2447662,"132-197"
"1883","Sedgwick",-13.22,NA,1976-09-24,375210097273703,173,0,c(-97.463056, 37.86875),"1976","71-0",-97.463056,37.86875,151.2447662,"132-197"
"1884","Sedgwick",-13.75,NA,1976-11-29,375210097273703,173,0,c(-97.463056, 37.86875),"1976","71-0",-97.463056,37.86875,151.2447662,"132-197"
"1885","Sedgwick",-14.29,NA,1976-12-20,375210097273703,173,0,c(-97.463056, 37.86875),"1976","71-0",-97.463056,37.86875,151.2447662,"132-197"
"1886","Sedgwick",-16.26,NA,1976-01-01,375039097234201,173,0,c(-97.396011, 37.844006),"1976","71-0",-97.396011,37.844006,65.0145111,"0-65"
"1887","Sedgwick",-16.5,NA,1976-01-19,375039097234201,173,0,c(-97.396011, 37.844006),"1976","71-0",-97.396011,37.844006,65.0145111,"0-65"
"1888","Sedgwick",-16.71,NA,1976-02-20,375039097234201,173,0,c(-97.396011, 37.844006),"1976","71-0",-97.396011,37.844006,65.0145111,"0-65"
"1889","Sedgwick",-16.94,NA,1976-03-19,375039097234201,173,0,c(-97.396011, 37.844006),"1976","71-0",-97.396011,37.844006,65.0145111,"0-65"
"1890","Sedgwick",-17.19,NA,1976-04-20,375039097234201,173,0,c(-97.396011, 37.844006),"1976","71-0",-97.396011,37.844006,65.0145111,"0-65"
"1891","Sedgwick",-16.4,NA,1976-05-20,375039097234201,173,0,c(-97.396011, 37.844006),"1976","71-0",-97.396011,37.844006,65.0145111,"0-65"
"1892","Sedgwick",-17.12,NA,1976-06-21,375039097234201,173,0,c(-97.396011, 37.844006),"1976","71-0",-97.396011,37.844006,65.0145111,"0-65"
"1893","Sedgwick",-17.12,NA,1976-06-30,375039097234201,173,0,c(-97.396011, 37.844006),"1976","71-0",-97.396011,37.844006,65.0145111,"0-65"
"1894","Sedgwick",-16.93,NA,1976-07-20,375039097234201,173,0,c(-97.396011, 37.844006),"1976","71-0",-97.396011,37.844006,65.0145111,"0-65"
"1895","Sedgwick",-28.74,NA,1976-08-20,375039097234201,173,0,c(-97.396011, 37.844006),"1976","71-0",-97.396011,37.844006,65.0145111,"0-65"
"1896","Sedgwick",-18.11,NA,1976-09-20,375039097234201,173,0,c(-97.396011, 37.844006),"1976","71-0",-97.396011,37.844006,65.0145111,"0-65"
"1897","Sedgwick",-18.05,NA,1976-10-01,375039097234201,173,0,c(-97.396011, 37.844006),"1976","71-0",-97.396011,37.844006,65.0145111,"0-65"
"1898","Sedgwick",-18.29,NA,1976-10-20,375039097234201,173,0,c(-97.396011, 37.844006),"1976","71-0",-97.396011,37.844006,65.0145111,"0-65"
"1899","Sedgwick",-18.38,NA,1976-11-19,375039097234201,173,0,c(-97.396011, 37.844006),"1976","71-0",-97.396011,37.844006,65.0145111,"0-65"
"1900","Sedgwick",-18.62,NA,1976-12-20,375039097234201,173,0,c(-97.396011, 37.844006),"1976","71-0",-97.396011,37.844006,65.0145111,"0-65"
"1901","Sedgwick",-7.87,NA,1976-01-01,375118097285301,173,0,c(-97.4825, 37.854306),"1976","71-0",-97.4825,37.854306,176.0880432,"132-197"
"1902","Sedgwick",-7.89,NA,1976-06-30,375118097285301,173,0,c(-97.4825, 37.854306),"1976","71-0",-97.4825,37.854306,176.0880432,"132-197"
"1903","Sedgwick",-9.05,NA,1976-10-01,375118097285301,173,0,c(-97.4825, 37.854306),"1976","71-0",-97.4825,37.854306,176.0880432,"132-197"
"1904","Sedgwick",-9.56,NA,1976-12-21,375118097285301,173,0,c(-97.4825, 37.854306),"1976","71-0",-97.4825,37.854306,176.0880432,"132-197"
"1905","Sedgwick",-8.45,NA,1976-01-01,375118097285303,173,0,c(-97.4825, 37.854306),"1976","71-0",-97.4825,37.854306,176.0880432,"132-197"
"1906","Sedgwick",-8.55,NA,1976-06-30,375118097285303,173,0,c(-97.4825, 37.854306),"1976","71-0",-97.4825,37.854306,176.0880432,"132-197"
"1907","Sedgwick",-9.83,NA,1976-10-01,375118097285303,173,0,c(-97.4825, 37.854306),"1976","71-0",-97.4825,37.854306,176.0880432,"132-197"
"1908","Sedgwick",-10.23,NA,1976-12-21,375118097285303,173,0,c(-97.4825, 37.854306),"1976","71-0",-97.4825,37.854306,176.0880432,"132-197"
"1909","Sedgwick",-13.54,NA,1976-02-19,375256097281103,173,0,c(-97.471944, 37.883056),"1976","71-0",-97.471944,37.883056,154.9406738,"132-197"
"1910","Sedgwick",-13.89,NA,1976-03-18,375256097281103,173,0,c(-97.471944, 37.883056),"1976","71-0",-97.471944,37.883056,154.9406738,"132-197"
"1911","Sedgwick",-14.87,NA,1976-04-28,375256097281103,173,0,c(-97.471944, 37.883056),"1976","71-0",-97.471944,37.883056,154.9406738,"132-197"
"1912","Sedgwick",-14.42,NA,1976-05-19,375256097281103,173,0,c(-97.471944, 37.883056),"1976","71-0",-97.471944,37.883056,154.9406738,"132-197"
"1913","Sedgwick",-14.85,NA,1976-06-22,375256097281103,173,0,c(-97.471944, 37.883056),"1976","71-0",-97.471944,37.883056,154.9406738,"132-197"
"1914","Sedgwick",-15.8,NA,1976-07-29,375256097281103,173,0,c(-97.471944, 37.883056),"1976","71-0",-97.471944,37.883056,154.9406738,"132-197"
"1915","Sedgwick",-16.35,NA,1976-08-19,375256097281103,173,0,c(-97.471944, 37.883056),"1976","71-0",-97.471944,37.883056,154.9406738,"132-197"
"1916","Sedgwick",-16.45,NA,1976-09-21,375256097281103,173,0,c(-97.471944, 37.883056),"1976","71-0",-97.471944,37.883056,154.9406738,"132-197"
"1917","Sedgwick",-16.85,NA,1976-11-23,375256097281103,173,0,c(-97.471944, 37.883056),"1976","71-0",-97.471944,37.883056,154.9406738,"132-197"
"1918","Sedgwick",-17.11,NA,1976-12-16,375256097281103,173,0,c(-97.471944, 37.883056),"1976","71-0",-97.471944,37.883056,154.9406738,"132-197"
"1919","Sedgwick",-6.68,NA,1976-01-01,375256097330501,173,0,c(-97.555278, 37.883056),"1976","71-0",-97.555278,37.883056,153.9964447,"132-197"
"1920","Sedgwick",-6.83,NA,1976-06-30,375256097330501,173,0,c(-97.555278, 37.883056),"1976","71-0",-97.555278,37.883056,153.9964447,"132-197"
"1921","Sedgwick",-8.44,NA,1976-10-01,375256097330501,173,0,c(-97.555278, 37.883056),"1976","71-0",-97.555278,37.883056,153.9964447,"132-197"
"1922","Sedgwick",-8.76,NA,1976-12-21,375256097330501,173,0,c(-97.555278, 37.883056),"1976","71-0",-97.555278,37.883056,153.9964447,"132-197"
"1923","Sedgwick",-7.65,NA,1976-01-01,375256097342701,173,0,c(-97.580139, 37.882778),"1976","71-0",-97.580139,37.882778,119.3446121,"66-131"
"1924","Sedgwick",-7.79,NA,1976-06-30,375256097342701,173,0,c(-97.580139, 37.882778),"1976","71-0",-97.580139,37.882778,119.3446121,"66-131"
"1925","Sedgwick",-9.22,NA,1976-10-01,375256097342701,173,0,c(-97.580139, 37.882778),"1976","71-0",-97.580139,37.882778,119.3446121,"66-131"
"1926","Sedgwick",-9.59,NA,1976-12-27,375256097342701,173,0,c(-97.580139, 37.882778),"1976","71-0",-97.580139,37.882778,119.3446121,"66-131"
"1927","Sedgwick",-13.65,NA,1976-01-01,375355097273701,173,0,c(-97.463611, 37.898056),"1976","71-0",-97.463611,37.898056,142.6809387,"132-197"
"1928","Sedgwick",-14.86,NA,1976-06-28,375355097273701,173,0,c(-97.463611, 37.898056),"1976","71-0",-97.463611,37.898056,142.6809387,"132-197"
"1929","Sedgwick",-16.55,NA,1976-10-01,375355097273701,173,0,c(-97.463611, 37.898056),"1976","71-0",-97.463611,37.898056,142.6809387,"132-197"
"1930","Sedgwick",-17.25,NA,1976-12-21,375355097273701,173,0,c(-97.463611, 37.898056),"1976","71-0",-97.463611,37.898056,142.6809387,"132-197"
"1931","Harvey",-27.77,NA,1976-02-20,375559097320903,79,0,c(-97.537222, 37.933889),"1976","71-0",-97.537222,37.933889,180.2573547,"132-197"
"1932","Harvey",-28.18,NA,1976-03-17,375559097320903,79,0,c(-97.537222, 37.933889),"1976","71-0",-97.537222,37.933889,180.2573547,"132-197"
"1933","Harvey",-28.67,NA,1976-04-21,375559097320903,79,0,c(-97.537222, 37.933889),"1976","71-0",-97.537222,37.933889,180.2573547,"132-197"
"1934","Harvey",-28.61,NA,1976-05-24,375559097320903,79,0,c(-97.537222, 37.933889),"1976","71-0",-97.537222,37.933889,180.2573547,"132-197"
"1935","Harvey",-33.89,NA,1976-06-22,375559097320903,79,0,c(-97.537222, 37.933889),"1976","71-0",-97.537222,37.933889,180.2573547,"132-197"
"1936","Harvey",-34.08,NA,1976-07-20,375559097320903,79,0,c(-97.537222, 37.933889),"1976","71-0",-97.537222,37.933889,180.2573547,"132-197"
"1937","Harvey",-39.37,NA,1976-08-19,375559097320903,79,0,c(-97.537222, 37.933889),"1976","71-0",-97.537222,37.933889,180.2573547,"132-197"
"1938","Harvey",-31.27,NA,1976-09-30,375559097320903,79,0,c(-97.537222, 37.933889),"1976","71-0",-97.537222,37.933889,180.2573547,"132-197"
"1939","Harvey",-28.7,NA,1976-11-29,375559097320903,79,0,c(-97.537222, 37.933889),"1976","71-0",-97.537222,37.933889,180.2573547,"132-197"
"1940","Harvey",-30.08,NA,1976-12-20,375559097320903,79,0,c(-97.537222, 37.933889),"1976","71-0",-97.537222,37.933889,180.2573547,"132-197"
"1941","Sedgwick",-19.5,NA,1976-02-27,375348097281901,173,0,c(-97.474306, 37.896806),"1976","71-0",-97.474306,37.896806,155.2947083,"132-197"
"1942","Sedgwick",-18.5,NA,1976-03-18,375348097281901,173,0,c(-97.474306, 37.896806),"1976","71-0",-97.474306,37.896806,155.2947083,"132-197"
"1943","Sedgwick",-19,NA,1976-04-22,375348097281901,173,0,c(-97.474306, 37.896806),"1976","71-0",-97.474306,37.896806,155.2947083,"132-197"
"1944","Sedgwick",-19.5,NA,1976-05-18,375348097281901,173,0,c(-97.474306, 37.896806),"1976","71-0",-97.474306,37.896806,155.2947083,"132-197"
"1945","Sedgwick",-21.5,NA,1976-06-30,375348097281901,173,0,c(-97.474306, 37.896806),"1976","71-0",-97.474306,37.896806,155.2947083,"132-197"
"1946","Sedgwick",-20,NA,1976-07-20,375348097281901,173,0,c(-97.474306, 37.896806),"1976","71-0",-97.474306,37.896806,155.2947083,"132-197"
"1947","Sedgwick",-23,NA,1976-08-31,375348097281901,173,0,c(-97.474306, 37.896806),"1976","71-0",-97.474306,37.896806,155.2947083,"132-197"
"1948","Sedgwick",-22,NA,1976-09-21,375348097281901,173,0,c(-97.474306, 37.896806),"1976","71-0",-97.474306,37.896806,155.2947083,"132-197"
"1949","Sedgwick",-23,NA,1976-11-30,375348097281901,173,0,c(-97.474306, 37.896806),"1976","71-0",-97.474306,37.896806,155.2947083,"132-197"
"1950","Sedgwick",-22,NA,1976-12-27,375348097281901,173,0,c(-97.474306, 37.896806),"1976","71-0",-97.474306,37.896806,155.2947083,"132-197"
"1951","Sedgwick",-18,NA,1976-02-20,375348097292601,173,0,c(-97.492083, 37.8975),"1976","71-0",-97.492083,37.8975,165.7713928,"132-197"
"1952","Sedgwick",-18,NA,1976-03-26,375348097292601,173,0,c(-97.492083, 37.8975),"1976","71-0",-97.492083,37.8975,165.7713928,"132-197"
"1953","Sedgwick",-18,NA,1976-04-26,375348097292601,173,0,c(-97.492083, 37.8975),"1976","71-0",-97.492083,37.8975,165.7713928,"132-197"
"1954","Sedgwick",-17.5,NA,1976-05-18,375348097292601,173,0,c(-97.492083, 37.8975),"1976","71-0",-97.492083,37.8975,165.7713928,"132-197"
"1955","Sedgwick",-18.5,NA,1976-06-22,375348097292601,173,0,c(-97.492083, 37.8975),"1976","71-0",-97.492083,37.8975,165.7713928,"132-197"
"1956","Sedgwick",-18.5,NA,1976-07-20,375348097292601,173,0,c(-97.492083, 37.8975),"1976","71-0",-97.492083,37.8975,165.7713928,"132-197"
"1957","Sedgwick",-19,NA,1976-08-19,375348097292601,173,0,c(-97.492083, 37.8975),"1976","71-0",-97.492083,37.8975,165.7713928,"132-197"
"1958","Sedgwick",-18.5,NA,1976-09-21,375348097292601,173,0,c(-97.492083, 37.8975),"1976","71-0",-97.492083,37.8975,165.7713928,"132-197"
"1959","Sedgwick",-20.5,NA,1976-11-30,375348097292601,173,0,c(-97.492083, 37.8975),"1976","71-0",-97.492083,37.8975,165.7713928,"132-197"
"1960","Sedgwick",-21.5,NA,1976-12-16,375348097292601,173,0,c(-97.492083, 37.8975),"1976","71-0",-97.492083,37.8975,165.7713928,"132-197"
"1961","Harvey",-20,NA,1976-01-01,375718097352601,79,0,c(-97.592361, 37.955833),"1976","71-0",-97.592361,37.955833,220.3438721,"198-262"
"1962","Harvey",-19.77,NA,1976-06-30,375718097352601,79,0,c(-97.592361, 37.955833),"1976","71-0",-97.592361,37.955833,220.3438721,"198-262"
"1963","Harvey",-19.71,NA,1976-10-01,375718097352601,79,0,c(-97.592361, 37.955833),"1976","71-0",-97.592361,37.955833,220.3438721,"198-262"
"1964","Harvey",-19.68,NA,1976-12-22,375718097352601,79,0,c(-97.592361, 37.955833),"1976","71-0",-97.592361,37.955833,220.3438721,"198-262"
"1965","Harvey",-7.95,NA,1976-01-09,380601097362801,79,0,c(-97.609513, 38.100414),"1976","71-0",-97.609513,38.100414,97.3915939,"66-131"
"1966","Harvey",-42.96,NA,1976-02-17,380054097342202,79,0,c(-97.575972, 38.014167),"1976","71-0",-97.575972,38.014167,205.0233459,"198-262"
"1967","Harvey",-40.08,NA,1976-03-17,380054097342202,79,0,c(-97.575972, 38.014167),"1976","71-0",-97.575972,38.014167,205.0233459,"198-262"
"1968","Harvey",-43.94,NA,1976-04-20,380054097342202,79,0,c(-97.575972, 38.014167),"1976","71-0",-97.575972,38.014167,205.0233459,"198-262"
"1969","Harvey",-41.66,NA,1976-05-27,380054097342202,79,0,c(-97.575972, 38.014167),"1976","71-0",-97.575972,38.014167,205.0233459,"198-262"
"1970","Harvey",-44.74,NA,1976-06-29,380054097342202,79,0,c(-97.575972, 38.014167),"1976","71-0",-97.575972,38.014167,205.0233459,"198-262"
"1971","Harvey",-45.57,NA,1976-07-20,380054097342202,79,0,c(-97.575972, 38.014167),"1976","71-0",-97.575972,38.014167,205.0233459,"198-262"
"1972","Harvey",-53.53,NA,1976-08-25,380054097342202,79,0,c(-97.575972, 38.014167),"1976","71-0",-97.575972,38.014167,205.0233459,"198-262"
"1973","Harvey",-47.19,NA,1976-09-15,380054097342202,79,0,c(-97.575972, 38.014167),"1976","71-0",-97.575972,38.014167,205.0233459,"198-262"
"1974","Harvey",-44.68,NA,1976-11-22,380054097342202,79,0,c(-97.575972, 38.014167),"1976","71-0",-97.575972,38.014167,205.0233459,"198-262"
"1975","Harvey",-44.75,NA,1976-12-16,380054097342202,79,0,c(-97.575972, 38.014167),"1976","71-0",-97.575972,38.014167,205.0233459,"198-262"
"1976","Harvey",-33,NA,1976-02-18,375902097334803,79,0,c(-97.565417, 37.984861),"1976","71-0",-97.565417,37.984861,201.8410339,"198-262"
"1977","Harvey",-33.27,NA,1976-03-17,375902097334803,79,0,c(-97.565417, 37.984861),"1976","71-0",-97.565417,37.984861,201.8410339,"198-262"
"1978","Harvey",-33.94,NA,1976-04-23,375902097334803,79,0,c(-97.565417, 37.984861),"1976","71-0",-97.565417,37.984861,201.8410339,"198-262"
"1979","Harvey",-34.16,NA,1976-05-18,375902097334803,79,0,c(-97.565417, 37.984861),"1976","71-0",-97.565417,37.984861,201.8410339,"198-262"
"1980","Harvey",-34.89,NA,1976-06-30,375902097334803,79,0,c(-97.565417, 37.984861),"1976","71-0",-97.565417,37.984861,201.8410339,"198-262"
"1981","Harvey",-34.18,NA,1976-07-20,375902097334803,79,0,c(-97.565417, 37.984861),"1976","71-0",-97.565417,37.984861,201.8410339,"198-262"
"1982","Harvey",-39.06,NA,1976-08-30,375902097334803,79,0,c(-97.565417, 37.984861),"1976","71-0",-97.565417,37.984861,201.8410339,"198-262"
"1983","Harvey",-36.69,NA,1976-09-15,375902097334803,79,0,c(-97.565417, 37.984861),"1976","71-0",-97.565417,37.984861,201.8410339,"198-262"
"1984","Harvey",-35.25,NA,1976-11-30,375902097334803,79,0,c(-97.565417, 37.984861),"1976","71-0",-97.565417,37.984861,201.8410339,"198-262"
"1985","Harvey",-34.93,NA,1976-12-21,375902097334803,79,0,c(-97.565417, 37.984861),"1976","71-0",-97.565417,37.984861,201.8410339,"198-262"
"1986","Harvey",-27.65,NA,1976-02-18,375902097341302,79,0,c(-97.57375, 37.983333),"1976","71-0",-97.57375,37.983333,208.4711456,"198-262"
"1987","Harvey",-27.8,NA,1976-03-17,375902097341302,79,0,c(-97.57375, 37.983333),"1976","71-0",-97.57375,37.983333,208.4711456,"198-262"
"1988","Harvey",-27.75,NA,1976-04-20,375902097341302,79,0,c(-97.57375, 37.983333),"1976","71-0",-97.57375,37.983333,208.4711456,"198-262"
"1989","Harvey",-27.34,NA,1976-05-24,375902097341302,79,0,c(-97.57375, 37.983333),"1976","71-0",-97.57375,37.983333,208.4711456,"198-262"
"1990","Harvey",-27.75,NA,1976-06-22,375902097341302,79,0,c(-97.57375, 37.983333),"1976","71-0",-97.57375,37.983333,208.4711456,"198-262"
"1991","Harvey",-27.99,NA,1976-07-23,375902097341302,79,0,c(-97.57375, 37.983333),"1976","71-0",-97.57375,37.983333,208.4711456,"198-262"
"1992","Harvey",-30.05,NA,1976-08-30,375902097341302,79,0,c(-97.57375, 37.983333),"1976","71-0",-97.57375,37.983333,208.4711456,"198-262"
"1993","Harvey",-29.98,NA,1976-09-15,375902097341302,79,0,c(-97.57375, 37.983333),"1976","71-0",-97.57375,37.983333,208.4711456,"198-262"
"1994","Harvey",-29.19,NA,1976-11-22,375902097341302,79,0,c(-97.57375, 37.983333),"1976","71-0",-97.57375,37.983333,208.4711456,"198-262"
"1995","Harvey",-27.99,NA,1976-12-16,375902097341302,79,0,c(-97.57375, 37.983333),"1976","71-0",-97.57375,37.983333,208.4711456,"198-262"
"1996","Harvey",-13.07,NA,1976-02-23,375652097364001,79,0,c(-97.610694, 37.947778),"1976","71-0",-97.610694,37.947778,174.6498566,"132-197"
"1997","Harvey",-12.78,NA,1976-03-19,375652097364001,79,0,c(-97.610694, 37.947778),"1976","71-0",-97.610694,37.947778,174.6498566,"132-197"
"1998","Harvey",-13.56,NA,1976-04-21,375652097364001,79,0,c(-97.610694, 37.947778),"1976","71-0",-97.610694,37.947778,174.6498566,"132-197"
"1999","Harvey",-12.64,NA,1976-05-28,375652097364001,79,0,c(-97.610694, 37.947778),"1976","71-0",-97.610694,37.947778,174.6498566,"132-197"
"2000","Harvey",-12.99,NA,1976-06-30,375652097364001,79,0,c(-97.610694, 37.947778),"1976","71-0",-97.610694,37.947778,174.6498566,"132-197"
"2001","Harvey",-13.32,NA,1976-07-23,375652097364001,79,0,c(-97.610694, 37.947778),"1976","71-0",-97.610694,37.947778,174.6498566,"132-197"
"2002","Harvey",-13.02,NA,1976-08-25,375652097364001,79,0,c(-97.610694, 37.947778),"1976","71-0",-97.610694,37.947778,174.6498566,"132-197"
"2003","Harvey",-11.67,NA,1976-09-30,375652097364001,79,0,c(-97.610694, 37.947778),"1976","71-0",-97.610694,37.947778,174.6498566,"132-197"
"2004","Harvey",-11.8,NA,1976-11-23,375652097364001,79,0,c(-97.610694, 37.947778),"1976","71-0",-97.610694,37.947778,174.6498566,"132-197"
"2005","Harvey",-13.56,NA,1976-12-16,375652097364001,79,0,c(-97.610694, 37.947778),"1976","71-0",-97.610694,37.947778,174.6498566,"132-197"
"2006","Harvey",-26.2,NA,1976-02-18,375810097334002,79,0,c(-97.562439, 37.970547),"1976","71-0",-97.562439,37.970547,200.254303,"198-262"
"2007","Harvey",-26.22,NA,1976-03-17,375810097334002,79,0,c(-97.562439, 37.970547),"1976","71-0",-97.562439,37.970547,200.254303,"198-262"
"2008","Harvey",-26.5,NA,1976-04-20,375810097334002,79,0,c(-97.562439, 37.970547),"1976","71-0",-97.562439,37.970547,200.254303,"198-262"
"2009","Harvey",-26.34,NA,1976-05-24,375810097334002,79,0,c(-97.562439, 37.970547),"1976","71-0",-97.562439,37.970547,200.254303,"198-262"
"2010","Harvey",-26.2,NA,1976-06-22,375810097334002,79,0,c(-97.562439, 37.970547),"1976","71-0",-97.562439,37.970547,200.254303,"198-262"
"2011","Harvey",-26.36,NA,1976-07-21,375810097334002,79,0,c(-97.562439, 37.970547),"1976","71-0",-97.562439,37.970547,200.254303,"198-262"
"2012","Harvey",-27.03,NA,1976-08-19,375810097334002,79,0,c(-97.562439, 37.970547),"1976","71-0",-97.562439,37.970547,200.254303,"198-262"
"2013","Harvey",-27.69,NA,1976-09-15,375810097334002,79,0,c(-97.562439, 37.970547),"1976","71-0",-97.562439,37.970547,200.254303,"198-262"
"2014","Harvey",-27.62,NA,1976-11-22,375810097334002,79,0,c(-97.562439, 37.970547),"1976","71-0",-97.562439,37.970547,200.254303,"198-262"
"2015","Harvey",-27.34,NA,1976-12-16,375810097334002,79,0,c(-97.562439, 37.970547),"1976","71-0",-97.562439,37.970547,200.254303,"198-262"
"2016","Harvey",-18.36,NA,1976-01-01,375724097310501,79,0,c(-97.520417, 37.956944),"1976","71-0",-97.520417,37.956944,163.5195007,"132-197"
"2017","Harvey",-18.29,NA,1976-06-30,375724097310501,79,0,c(-97.520417, 37.956944),"1976","71-0",-97.520417,37.956944,163.5195007,"132-197"
"2018","Harvey",-19.81,NA,1976-10-01,375724097310501,79,0,c(-97.520417, 37.956944),"1976","71-0",-97.520417,37.956944,163.5195007,"132-197"
"2019","Harvey",-19.86,NA,1976-12-21,375724097310501,79,0,c(-97.520417, 37.956944),"1976","71-0",-97.520417,37.956944,163.5195007,"132-197"
"2020","Harvey",-37,NA,1976-02-23,375935097342101,79,0,c(-97.574444, 37.992917),"1976","71-0",-97.574444,37.992917,208.9154968,"198-262"
"2021","Harvey",-36,NA,1976-03-26,375935097342101,79,0,c(-97.574444, 37.992917),"1976","71-0",-97.574444,37.992917,208.9154968,"198-262"
"2022","Harvey",-39,NA,1976-04-29,375935097342101,79,0,c(-97.574444, 37.992917),"1976","71-0",-97.574444,37.992917,208.9154968,"198-262"
"2023","Harvey",-38,NA,1976-05-25,375935097342101,79,0,c(-97.574444, 37.992917),"1976","71-0",-97.574444,37.992917,208.9154968,"198-262"
"2024","Harvey",-38.5,NA,1976-06-22,375935097342101,79,0,c(-97.574444, 37.992917),"1976","71-0",-97.574444,37.992917,208.9154968,"198-262"
"2025","Harvey",-39,NA,1976-07-20,375935097342101,79,0,c(-97.574444, 37.992917),"1976","71-0",-97.574444,37.992917,208.9154968,"198-262"
"2026","Harvey",-42.5,NA,1976-08-31,375935097342101,79,0,c(-97.574444, 37.992917),"1976","71-0",-97.574444,37.992917,208.9154968,"198-262"
"2027","Harvey",-38,NA,1976-09-21,375935097342101,79,0,c(-97.574444, 37.992917),"1976","71-0",-97.574444,37.992917,208.9154968,"198-262"
"2028","Harvey",-38,NA,1976-11-29,375935097342101,79,0,c(-97.574444, 37.992917),"1976","71-0",-97.574444,37.992917,208.9154968,"198-262"
"2029","Harvey",-38,NA,1976-12-21,375935097342101,79,0,c(-97.574444, 37.992917),"1976","71-0",-97.574444,37.992917,208.9154968,"198-262"
"2030","Reno",-6.9,"HUTCHINSON SE",1976-01-15,380021097482801,155,0,c(-97.807265, 38.002978),"1976","71-0",-97.807265,38.002978,184.2758789,"132-197"
"2031","Harvey",-14.61,NA,1976-01-01,380139097322701,79,0,c(-97.543333, 38.028472),"1976","71-0",-97.543333,38.028472,173.2327576,"132-197"
"2032","Harvey",-13.93,NA,1976-06-30,380139097322701,79,0,c(-97.543333, 38.028472),"1976","71-0",-97.543333,38.028472,173.2327576,"132-197"
"2033","Harvey",-17.68,NA,1976-10-01,380139097322701,79,0,c(-97.543333, 38.028472),"1976","71-0",-97.543333,38.028472,173.2327576,"132-197"
"2034","Harvey",-13.14,NA,1976-12-22,380139097322701,79,0,c(-97.543333, 38.028472),"1976","71-0",-97.543333,38.028472,173.2327576,"132-197"
"2035","Harvey",-34.1,NA,1976-01-01,375929097320201,79,0,c(-97.536944, 37.992222),"1976","71-0",-97.536944,37.992222,182.1081696,"132-197"
"2036","Harvey",-36.39,NA,1976-06-30,375929097320201,79,0,c(-97.536944, 37.992222),"1976","71-0",-97.536944,37.992222,182.1081696,"132-197"
"2037","Harvey",-38.74,NA,1976-10-01,375929097320201,79,0,c(-97.536944, 37.992222),"1976","71-0",-97.536944,37.992222,182.1081696,"132-197"
"2038","Harvey",-35.24,NA,1976-12-22,375929097320201,79,0,c(-97.536944, 37.992222),"1976","71-0",-97.536944,37.992222,182.1081696,"132-197"
"2039","Harvey",-18.22,NA,1976-01-01,375909097305701,79,0,c(-97.518472, 37.985278),"1976","71-0",-97.518472,37.985278,166.4452362,"132-197"
"2040","Harvey",-18.81,NA,1976-06-30,375909097305701,79,0,c(-97.518472, 37.985278),"1976","71-0",-97.518472,37.985278,166.4452362,"132-197"
"2041","Harvey",-20.86,NA,1976-10-01,375909097305701,79,0,c(-97.518472, 37.985278),"1976","71-0",-97.518472,37.985278,166.4452362,"132-197"
"2042","Harvey",-20.21,NA,1976-12-21,375909097305701,79,0,c(-97.518472, 37.985278),"1976","71-0",-97.518472,37.985278,166.4452362,"132-197"
"2043","Harvey",-30.71,NA,1976-02-18,375843097321001,79,0,c(-97.537997, 37.978306),"1976","71-0",-97.537997,37.978306,178.0298157,"132-197"
"2044","Harvey",-28.71,NA,1976-03-17,375843097321001,79,0,c(-97.537997, 37.978306),"1976","71-0",-97.537997,37.978306,178.0298157,"132-197"
"2045","Harvey",-30.71,NA,1976-04-21,375843097321001,79,0,c(-97.537997, 37.978306),"1976","71-0",-97.537997,37.978306,178.0298157,"132-197"
"2046","Harvey",-31.71,NA,1976-05-19,375843097321001,79,0,c(-97.537997, 37.978306),"1976","71-0",-97.537997,37.978306,178.0298157,"132-197"
"2047","Harvey",-30.71,NA,1976-06-29,375843097321001,79,0,c(-97.537997, 37.978306),"1976","71-0",-97.537997,37.978306,178.0298157,"132-197"
"2048","Harvey",-30.71,NA,1976-07-20,375843097321001,79,0,c(-97.537997, 37.978306),"1976","71-0",-97.537997,37.978306,178.0298157,"132-197"
"2049","Harvey",-34.71,NA,1976-08-19,375843097321001,79,0,c(-97.537997, 37.978306),"1976","71-0",-97.537997,37.978306,178.0298157,"132-197"
"2050","Harvey",-30.71,NA,1976-09-21,375843097321001,79,0,c(-97.537997, 37.978306),"1976","71-0",-97.537997,37.978306,178.0298157,"132-197"
"2051","Harvey",-32.71,NA,1976-11-22,375843097321001,79,0,c(-97.537997, 37.978306),"1976","71-0",-97.537997,37.978306,178.0298157,"132-197"
"2052","Harvey",-30.71,NA,1976-12-20,375843097321001,79,0,c(-97.537997, 37.978306),"1976","71-0",-97.537997,37.978306,178.0298157,"132-197"
"2053","McPherson",-18.99,NA,1976-01-08,381635097272101,113,0,c(-97.455439, 38.276178),"1976","71-0",-97.455439,38.276178,48.9551125,"0-65"
"2054","Harvey",-17.95,NA,1976-01-09,381016097232301,79,0,c(-97.39129, 38.170863),"1976","71-0",-97.39129,38.170863,6.4009418,"0-65"
"2055","McPherson",-32.05,"HALSTEAD NW",1976-01-08,381405097400801,113,0,c(-97.670603, 38.235542),"1976","71-0",-97.670603,38.235542,124.2101746,"66-131"
"2056","Harvey",-43.7,"Moundridge",1976-01-09,380950097340901,79,0,c(-97.571669, 38.163427),"1976","71-0",-97.571669,38.163427,68.1383133,"66-131"
"2057","McPherson",-44.77,"MOUNDRIDGE",1976-01-08,381247097350801,113,0,c(-97.585326, 38.212835),"1976","71-0",-97.585326,38.212835,58.0187912,"0-65"
"2058","McPherson",-76.87,NA,1976-01-06,382142097415901,113,0,c(-97.700135, 38.361306),"1976","143-72",-97.700135,38.361306,81.7222366,"66-131"
"2059","McPherson",-83.99,"MCPHERSON NORTH",1976-01-05,382333097420701,113,0,c(-97.703279, 38.392808),"1976","143-72",-97.703279,38.392808,113.1166306,"66-131"
"2060","Reno",-27.19,NA,1976-01-15,375527097481001,155,0,c(-97.803856, 37.924008),"1976","71-0",-97.803856,37.924008,69.4123001,"66-131"
"2061","Harvey",-17.81,NA,1976-02-18,375513097295902,79,0,c(-97.500556, 37.921528),"1976","71-0",-97.500556,37.921528,165.5948944,"132-197"
"2062","Harvey",-17.83,NA,1976-03-18,375513097295902,79,0,c(-97.500556, 37.921528),"1976","71-0",-97.500556,37.921528,165.5948944,"132-197"
"2063","Harvey",-18.3,NA,1976-04-22,375513097295902,79,0,c(-97.500556, 37.921528),"1976","71-0",-97.500556,37.921528,165.5948944,"132-197"
"2064","Harvey",-18.45,NA,1976-05-18,375513097295902,79,0,c(-97.500556, 37.921528),"1976","71-0",-97.500556,37.921528,165.5948944,"132-197"
"2065","Harvey",-19.67,NA,1976-06-24,375513097295902,79,0,c(-97.500556, 37.921528),"1976","71-0",-97.500556,37.921528,165.5948944,"132-197"
"2066","Harvey",-19.14,NA,1976-07-20,375513097295902,79,0,c(-97.500556, 37.921528),"1976","71-0",-97.500556,37.921528,165.5948944,"132-197"
"2067","Harvey",-20.39,NA,1976-08-31,375513097295902,79,0,c(-97.500556, 37.921528),"1976","71-0",-97.500556,37.921528,165.5948944,"132-197"
"2068","Harvey",-20.1,NA,1976-09-21,375513097295902,79,0,c(-97.500556, 37.921528),"1976","71-0",-97.500556,37.921528,165.5948944,"132-197"
"2069","Harvey",-20.5,NA,1976-11-23,375513097295902,79,0,c(-97.500556, 37.921528),"1976","71-0",-97.500556,37.921528,165.5948944,"132-197"
"2070","Harvey",-20.37,NA,1976-12-27,375513097295902,79,0,c(-97.500556, 37.921528),"1976","71-0",-97.500556,37.921528,165.5948944,"132-197"
"2071","Sedgwick",-18,NA,1976-02-18,375415097285401,173,0,c(-97.483333, 37.904306),"1976","71-0",-97.483333,37.904306,158.9574432,"132-197"
"2072","Sedgwick",-18,NA,1976-03-18,375415097285401,173,0,c(-97.483333, 37.904306),"1976","71-0",-97.483333,37.904306,158.9574432,"132-197"
"2073","Sedgwick",-18.5,NA,1976-04-22,375415097285401,173,0,c(-97.483333, 37.904306),"1976","71-0",-97.483333,37.904306,158.9574432,"132-197"
"2074","Sedgwick",-17.5,NA,1976-05-19,375415097285401,173,0,c(-97.483333, 37.904306),"1976","71-0",-97.483333,37.904306,158.9574432,"132-197"
"2075","Sedgwick",-18,NA,1976-06-24,375415097285401,173,0,c(-97.483333, 37.904306),"1976","71-0",-97.483333,37.904306,158.9574432,"132-197"
"2076","Sedgwick",-19,NA,1976-07-23,375415097285401,173,0,c(-97.483333, 37.904306),"1976","71-0",-97.483333,37.904306,158.9574432,"132-197"
"2077","Sedgwick",-19,NA,1976-08-19,375415097285401,173,0,c(-97.483333, 37.904306),"1976","71-0",-97.483333,37.904306,158.9574432,"132-197"
"2078","Sedgwick",-19,NA,1976-09-21,375415097285401,173,0,c(-97.483333, 37.904306),"1976","71-0",-97.483333,37.904306,158.9574432,"132-197"
"2079","Sedgwick",-20.5,NA,1976-11-23,375415097285401,173,0,c(-97.483333, 37.904306),"1976","71-0",-97.483333,37.904306,158.9574432,"132-197"
"2080","Sedgwick",-21,NA,1976-12-16,375415097285401,173,0,c(-97.483333, 37.904306),"1976","71-0",-97.483333,37.904306,158.9574432,"132-197"
"2081","Reno",-27.19,NA,1976-01-15,375507097474501,155,0,c(-97.79708, 37.91856),"1976","71-0",-97.79708,37.91856,61.273201,"0-65"
"2082","Sedgwick",-12.09,NA,1976-01-01,375111097252701,173,0,c(-97.426806, 37.854028),"1976","71-0",-97.426806,37.854028,122.5894394,"66-131"
"2083","Sedgwick",-12.68,NA,1976-06-30,375111097252701,173,0,c(-97.426806, 37.854028),"1976","71-0",-97.426806,37.854028,122.5894394,"66-131"
"2084","Sedgwick",-13.65,NA,1976-10-01,375111097252701,173,0,c(-97.426806, 37.854028),"1976","71-0",-97.426806,37.854028,122.5894394,"66-131"
"2085","Sedgwick",-13.93,NA,1976-12-21,375111097252701,173,0,c(-97.426806, 37.854028),"1976","71-0",-97.426806,37.854028,122.5894394,"66-131"
"2086","Sedgwick",-12.62,NA,1976-02-19,375230097273703,173,0,c(-97.46375, 37.874583),"1976","71-0",-97.46375,37.874583,149.999176,"132-197"
"2087","Sedgwick",-16.07,NA,1976-03-31,375230097273703,173,0,c(-97.46375, 37.874583),"1976","71-0",-97.46375,37.874583,149.999176,"132-197"
"2088","Sedgwick",-13.08,NA,1976-04-21,375230097273703,173,0,c(-97.46375, 37.874583),"1976","71-0",-97.46375,37.874583,149.999176,"132-197"
"2089","Sedgwick",-13.65,NA,1976-05-19,375230097273703,173,0,c(-97.46375, 37.874583),"1976","71-0",-97.46375,37.874583,149.999176,"132-197"
"2090","Sedgwick",-13.53,NA,1976-06-22,375230097273703,173,0,c(-97.46375, 37.874583),"1976","71-0",-97.46375,37.874583,149.999176,"132-197"
"2091","Sedgwick",-14.74,NA,1976-07-23,375230097273703,173,0,c(-97.46375, 37.874583),"1976","71-0",-97.46375,37.874583,149.999176,"132-197"
"2092","Sedgwick",-15.15,NA,1976-08-23,375230097273703,173,0,c(-97.46375, 37.874583),"1976","71-0",-97.46375,37.874583,149.999176,"132-197"
"2093","Sedgwick",-16.02,NA,1976-09-21,375230097273703,173,0,c(-97.46375, 37.874583),"1976","71-0",-97.46375,37.874583,149.999176,"132-197"
"2094","Sedgwick",-15.75,NA,1976-11-23,375230097273703,173,0,c(-97.46375, 37.874583),"1976","71-0",-97.46375,37.874583,149.999176,"132-197"
"2095","Sedgwick",-15.4,NA,1976-12-16,375230097273703,173,0,c(-97.46375, 37.874583),"1976","71-0",-97.46375,37.874583,149.999176,"132-197"
"2096","Sedgwick",-14.82,NA,1976-01-01,375204097310301,173,0,c(-97.519167, 37.86875),"1976","71-0",-97.519167,37.86875,199.7245331,"198-262"
"2097","Sedgwick",-15.57,NA,1976-06-30,375204097310301,173,0,c(-97.519167, 37.86875),"1976","71-0",-97.519167,37.86875,199.7245331,"198-262"
"2098","Sedgwick",-16.67,NA,1976-10-01,375204097310301,173,0,c(-97.519167, 37.86875),"1976","71-0",-97.519167,37.86875,199.7245331,"198-262"
"2099","Sedgwick",-17.09,NA,1976-12-23,375204097310301,173,0,c(-97.519167, 37.86875),"1976","71-0",-97.519167,37.86875,199.7245331,"198-262"
"2100","Sedgwick",-6.2,"Colwich",1976-01-01,375204097320001,173,0,c(-97.537149, 37.868669),"1976","71-0",-97.537149,37.868669,186.0897827,"132-197"
"2101","Sedgwick",-5.41,"Colwich",1976-06-30,375204097320001,173,0,c(-97.537149, 37.868669),"1976","71-0",-97.537149,37.868669,186.0897827,"132-197"
"2102","Sedgwick",-8.06,"Colwich",1976-10-01,375204097320001,173,0,c(-97.537149, 37.868669),"1976","71-0",-97.537149,37.868669,186.0897827,"132-197"
"2103","Sedgwick",-7.6,"Colwich",1976-12-21,375204097320001,173,0,c(-97.537149, 37.868669),"1976","71-0",-97.537149,37.868669,186.0897827,"132-197"
"2104","Harvey",-2.49,NA,1976-01-01,375448097405503,79,0,c(-97.683889, 37.9125),"1976","71-0",-97.683889,37.9125,223.3004761,"198-262"
"2105","Harvey",-3.12,NA,1976-06-28,375448097405503,79,0,c(-97.683889, 37.9125),"1976","71-0",-97.683889,37.9125,223.3004761,"198-262"
"2106","Harvey",-4.3,NA,1976-10-01,375448097405503,79,0,c(-97.683889, 37.9125),"1976","71-0",-97.683889,37.9125,223.3004761,"198-262"
"2107","Harvey",-3.93,NA,1976-12-22,375448097405503,79,0,c(-97.683889, 37.9125),"1976","71-0",-97.683889,37.9125,223.3004761,"198-262"
"2108","Sedgwick",-13.67,NA,1976-02-19,375256097281102,173,0,c(-97.471944, 37.883056),"1976","71-0",-97.471944,37.883056,154.9406738,"132-197"
"2109","Sedgwick",-13.83,NA,1976-03-18,375256097281102,173,0,c(-97.471944, 37.883056),"1976","71-0",-97.471944,37.883056,154.9406738,"132-197"
"2110","Sedgwick",-14.79,NA,1976-04-28,375256097281102,173,0,c(-97.471944, 37.883056),"1976","71-0",-97.471944,37.883056,154.9406738,"132-197"
"2111","Sedgwick",-14.48,NA,1976-05-19,375256097281102,173,0,c(-97.471944, 37.883056),"1976","71-0",-97.471944,37.883056,154.9406738,"132-197"
"2112","Sedgwick",-14.31,NA,1976-06-22,375256097281102,173,0,c(-97.471944, 37.883056),"1976","71-0",-97.471944,37.883056,154.9406738,"132-197"
"2113","Sedgwick",-15.58,NA,1976-07-29,375256097281102,173,0,c(-97.471944, 37.883056),"1976","71-0",-97.471944,37.883056,154.9406738,"132-197"
"2114","Sedgwick",-16.13,NA,1976-08-19,375256097281102,173,0,c(-97.471944, 37.883056),"1976","71-0",-97.471944,37.883056,154.9406738,"132-197"
"2115","Sedgwick",-16.53,NA,1976-09-21,375256097281102,173,0,c(-97.471944, 37.883056),"1976","71-0",-97.471944,37.883056,154.9406738,"132-197"
"2116","Sedgwick",-16.79,NA,1976-11-23,375256097281102,173,0,c(-97.471944, 37.883056),"1976","71-0",-97.471944,37.883056,154.9406738,"132-197"
"2117","Sedgwick",-16.92,NA,1976-12-16,375256097281102,173,0,c(-97.471944, 37.883056),"1976","71-0",-97.471944,37.883056,154.9406738,"132-197"
"2118","Sedgwick",-10.92,NA,1976-01-01,375441097264001,173,0,c(-97.445556, 37.912083),"1976","71-0",-97.445556,37.912083,112.2654266,"66-131"
"2119","Sedgwick",-7.87,NA,1976-06-30,375441097264001,173,0,c(-97.445556, 37.912083),"1976","71-0",-97.445556,37.912083,112.2654266,"66-131"
"2120","Sedgwick",-11.63,NA,1976-10-01,375441097264001,173,0,c(-97.445556, 37.912083),"1976","71-0",-97.445556,37.912083,112.2654266,"66-131"
"2121","Sedgwick",-12.69,NA,1976-12-21,375441097264001,173,0,c(-97.445556, 37.912083),"1976","71-0",-97.445556,37.912083,112.2654266,"66-131"
"2122","Sedgwick",-9.3,"BENTLY",1976-02-20,375355097340301,173,0,c(-97.56875, 37.898194),"1976","71-0",-97.56875,37.898194,137.8708496,"132-197"
"2123","Sedgwick",-11.3,"BENTLY",1976-03-31,375355097340301,173,0,c(-97.56875, 37.898194),"1976","71-0",-97.56875,37.898194,137.8708496,"132-197"
"2124","Sedgwick",-9.77,"BENTLY",1976-04-21,375355097340301,173,0,c(-97.56875, 37.898194),"1976","71-0",-97.56875,37.898194,137.8708496,"132-197"
"2125","Sedgwick",-9.6,"BENTLY",1976-05-24,375355097340301,173,0,c(-97.56875, 37.898194),"1976","71-0",-97.56875,37.898194,137.8708496,"132-197"
"2126","Sedgwick",-9.53,"BENTLY",1976-06-22,375355097340301,173,0,c(-97.56875, 37.898194),"1976","71-0",-97.56875,37.898194,137.8708496,"132-197"
"2127","Sedgwick",-9.82,"BENTLY",1976-07-27,375355097340301,173,0,c(-97.56875, 37.898194),"1976","71-0",-97.56875,37.898194,137.8708496,"132-197"
"2128","Sedgwick",-10.3,"BENTLY",1976-08-19,375355097340301,173,0,c(-97.56875, 37.898194),"1976","71-0",-97.56875,37.898194,137.8708496,"132-197"
"2129","Sedgwick",-10.62,"BENTLY",1976-09-21,375355097340301,173,0,c(-97.56875, 37.898194),"1976","71-0",-97.56875,37.898194,137.8708496,"132-197"
"2130","Sedgwick",-11.07,"BENTLY",1976-11-23,375355097340301,173,0,c(-97.56875, 37.898194),"1976","71-0",-97.56875,37.898194,137.8708496,"132-197"
"2131","Sedgwick",-11.25,"BENTLY",1976-12-16,375355097340301,173,0,c(-97.56875, 37.898194),"1976","71-0",-97.56875,37.898194,137.8708496,"132-197"
"2132","Sedgwick",-9.15,NA,1976-01-01,375356097352401,173,0,c(-97.592361, 37.898056),"1976","71-0",-97.592361,37.898056,131.0279999,"66-131"
"2133","Sedgwick",-8.96,NA,1976-06-30,375356097352401,173,0,c(-97.592361, 37.898056),"1976","71-0",-97.592361,37.898056,131.0279999,"66-131"
"2134","Sedgwick",-10.13,NA,1976-10-01,375356097352401,173,0,c(-97.592361, 37.898056),"1976","71-0",-97.592361,37.898056,131.0279999,"66-131"
"2135","Sedgwick",-10.72,NA,1976-12-22,375356097352401,173,0,c(-97.592361, 37.898056),"1976","71-0",-97.592361,37.898056,131.0279999,"66-131"
"2136","Harvey",-23.78,NA,1976-01-28,375540097305602,79,0,c(-97.51875, 37.928639),"1976","71-0",-97.51875,37.928639,167.1837463,"132-197"
"2137","Harvey",-19.78,NA,1976-02-27,375540097305602,79,0,c(-97.51875, 37.928639),"1976","71-0",-97.51875,37.928639,167.1837463,"132-197"
"2138","Harvey",-19.02,NA,1976-03-18,375540097305602,79,0,c(-97.51875, 37.928639),"1976","71-0",-97.51875,37.928639,167.1837463,"132-197"
"2139","Harvey",-19.63,NA,1976-04-22,375540097305602,79,0,c(-97.51875, 37.928639),"1976","71-0",-97.51875,37.928639,167.1837463,"132-197"
"2140","Harvey",-21.41,NA,1976-05-19,375540097305602,79,0,c(-97.51875, 37.928639),"1976","71-0",-97.51875,37.928639,167.1837463,"132-197"
"2141","Harvey",-20.63,NA,1976-06-22,375540097305602,79,0,c(-97.51875, 37.928639),"1976","71-0",-97.51875,37.928639,167.1837463,"132-197"
"2142","Harvey",-22.02,NA,1976-07-29,375540097305602,79,0,c(-97.51875, 37.928639),"1976","71-0",-97.51875,37.928639,167.1837463,"132-197"
"2143","Harvey",-23.68,NA,1976-08-25,375540097305602,79,0,c(-97.51875, 37.928639),"1976","71-0",-97.51875,37.928639,167.1837463,"132-197"
"2144","Harvey",-23.64,NA,1976-09-30,375540097305602,79,0,c(-97.51875, 37.928639),"1976","71-0",-97.51875,37.928639,167.1837463,"132-197"
"2145","Harvey",-22.9,NA,1976-11-22,375540097305602,79,0,c(-97.51875, 37.928639),"1976","71-0",-97.51875,37.928639,167.1837463,"132-197"
"2146","Harvey",-22.68,NA,1976-12-27,375540097305602,79,0,c(-97.51875, 37.928639),"1976","71-0",-97.51875,37.928639,167.1837463,"132-197"
"2147","Harvey",-21.64,NA,1976-02-23,375540097323402,79,0,c(-97.544306, 37.926944),"1976","71-0",-97.544306,37.926944,192.9073486,"132-197"
"2148","Harvey",-22.32,NA,1976-03-23,375540097323402,79,0,c(-97.544306, 37.926944),"1976","71-0",-97.544306,37.926944,192.9073486,"132-197"
"2149","Harvey",-23.6,NA,1976-04-23,375540097323402,79,0,c(-97.544306, 37.926944),"1976","71-0",-97.544306,37.926944,192.9073486,"132-197"
"2150","Harvey",-22.62,NA,1976-05-19,375540097323402,79,0,c(-97.544306, 37.926944),"1976","71-0",-97.544306,37.926944,192.9073486,"132-197"
"2151","Harvey",-23.52,NA,1976-06-22,375540097323402,79,0,c(-97.544306, 37.926944),"1976","71-0",-97.544306,37.926944,192.9073486,"132-197"
"2152","Harvey",-25.08,NA,1976-07-23,375540097323402,79,0,c(-97.544306, 37.926944),"1976","71-0",-97.544306,37.926944,192.9073486,"132-197"
"2153","Harvey",-26.15,NA,1976-08-31,375540097323402,79,0,c(-97.544306, 37.926944),"1976","71-0",-97.544306,37.926944,192.9073486,"132-197"
"2154","Harvey",-24.47,NA,1976-09-21,375540097323402,79,0,c(-97.544306, 37.926944),"1976","71-0",-97.544306,37.926944,192.9073486,"132-197"
"2155","Harvey",-24.55,NA,1976-11-24,375540097323402,79,0,c(-97.544306, 37.926944),"1976","71-0",-97.544306,37.926944,192.9073486,"132-197"
"2156","Harvey",-24.57,NA,1976-12-28,375540097323402,79,0,c(-97.544306, 37.926944),"1976","71-0",-97.544306,37.926944,192.9073486,"132-197"
"2157","Sedgwick",-14.57,NA,1976-02-18,375348097302301,173,0,c(-97.508611, 37.897778),"1976","71-0",-97.508611,37.897778,182.928894,"132-197"
"2158","Sedgwick",-13.74,NA,1976-03-18,375348097302301,173,0,c(-97.508611, 37.897778),"1976","71-0",-97.508611,37.897778,182.928894,"132-197"
"2159","Sedgwick",-14.83,NA,1976-04-22,375348097302301,173,0,c(-97.508611, 37.897778),"1976","71-0",-97.508611,37.897778,182.928894,"132-197"
"2160","Sedgwick",-15.68,NA,1976-05-24,375348097302301,173,0,c(-97.508611, 37.897778),"1976","71-0",-97.508611,37.897778,182.928894,"132-197"
"2161","Sedgwick",-15.81,NA,1976-06-22,375348097302301,173,0,c(-97.508611, 37.897778),"1976","71-0",-97.508611,37.897778,182.928894,"132-197"
"2162","Sedgwick",-15.93,NA,1976-07-20,375348097302301,173,0,c(-97.508611, 37.897778),"1976","71-0",-97.508611,37.897778,182.928894,"132-197"
"2163","Sedgwick",-16.72,NA,1976-08-25,375348097302301,173,0,c(-97.508611, 37.897778),"1976","71-0",-97.508611,37.897778,182.928894,"132-197"
"2164","Sedgwick",-16.86,NA,1976-09-21,375348097302301,173,0,c(-97.508611, 37.897778),"1976","71-0",-97.508611,37.897778,182.928894,"132-197"
"2165","Sedgwick",-18.6,NA,1976-11-29,375348097302301,173,0,c(-97.508611, 37.897778),"1976","71-0",-97.508611,37.897778,182.928894,"132-197"
"2166","Sedgwick",-17.4,NA,1976-12-27,375348097302301,173,0,c(-97.508611, 37.897778),"1976","71-0",-97.508611,37.897778,182.928894,"132-197"
"2167","Harvey",-19.5,NA,1976-02-23,375447097295901,79,0,c(-97.501111, 37.912778),"1976","71-0",-97.501111,37.912778,173.1341248,"132-197"
"2168","Harvey",-19,NA,1976-03-18,375447097295901,79,0,c(-97.501111, 37.912778),"1976","71-0",-97.501111,37.912778,173.1341248,"132-197"
"2169","Harvey",-19,NA,1976-04-22,375447097295901,79,0,c(-97.501111, 37.912778),"1976","71-0",-97.501111,37.912778,173.1341248,"132-197"
"2170","Harvey",-19.5,NA,1976-05-24,375447097295901,79,0,c(-97.501111, 37.912778),"1976","71-0",-97.501111,37.912778,173.1341248,"132-197"
"2171","Harvey",-19,NA,1976-06-24,375447097295901,79,0,c(-97.501111, 37.912778),"1976","71-0",-97.501111,37.912778,173.1341248,"132-197"
"2172","Harvey",-20,NA,1976-07-23,375447097295901,79,0,c(-97.501111, 37.912778),"1976","71-0",-97.501111,37.912778,173.1341248,"132-197"
"2173","Harvey",-20,NA,1976-08-19,375447097295901,79,0,c(-97.501111, 37.912778),"1976","71-0",-97.501111,37.912778,173.1341248,"132-197"
"2174","Harvey",-21,NA,1976-09-21,375447097295901,79,0,c(-97.501111, 37.912778),"1976","71-0",-97.501111,37.912778,173.1341248,"132-197"
"2175","Harvey",-21,NA,1976-11-23,375447097295901,79,0,c(-97.501111, 37.912778),"1976","71-0",-97.501111,37.912778,173.1341248,"132-197"
"2176","Harvey",-21,NA,1976-12-16,375447097295901,79,0,c(-97.501111, 37.912778),"1976","71-0",-97.501111,37.912778,173.1341248,"132-197"
"2177","Harvey",-6.1,NA,1976-01-01,375447097351601,79,0,c(-97.591806, 37.9125),"1976","71-0",-97.591806,37.9125,142.1188965,"132-197"
"2178","Harvey",-6.19,NA,1976-06-30,375447097351601,79,0,c(-97.591806, 37.9125),"1976","71-0",-97.591806,37.9125,142.1188965,"132-197"
"2179","Harvey",-7.04,NA,1976-10-01,375447097351601,79,0,c(-97.591806, 37.9125),"1976","71-0",-97.591806,37.9125,142.1188965,"132-197"
"2180","Harvey",-7.68,NA,1976-12-22,375447097351601,79,0,c(-97.591806, 37.9125),"1976","71-0",-97.591806,37.9125,142.1188965,"132-197"
"2181","Harvey",-14.72,NA,1976-01-01,375718097320201,79,0,c(-97.537083, 37.955694),"1976","71-0",-97.537083,37.955694,179.5787354,"132-197"
"2182","Harvey",-13.62,NA,1976-06-30,375718097320201,79,0,c(-97.537083, 37.955694),"1976","71-0",-97.537083,37.955694,179.5787354,"132-197"
"2183","Harvey",-15.06,NA,1976-10-01,375718097320201,79,0,c(-97.537083, 37.955694),"1976","71-0",-97.537083,37.955694,179.5787354,"132-197"
"2184","Harvey",-15.95,NA,1976-12-21,375718097320201,79,0,c(-97.537083, 37.955694),"1976","71-0",-97.537083,37.955694,179.5787354,"132-197"
"2185","Harvey",-7.95,"Halstead",1976-01-09,380601097363601,79,0,c(-97.612491, 38.100548),"1976","71-0",-97.612491,38.100548,97.3915939,"66-131"
"2186","Harvey",-29.27,NA,1976-01-01,380324097352001,79,0,c(-97.590882, 38.056881),"1976","71-0",-97.590882,38.056881,207.9659882,"198-262"
"2187","Harvey",-27.77,NA,1976-06-30,380324097352001,79,0,c(-97.590882, 38.056881),"1976","71-0",-97.590882,38.056881,207.9659882,"198-262"
"2188","Harvey",-32.87,NA,1976-10-01,380324097352001,79,0,c(-97.590882, 38.056881),"1976","71-0",-97.590882,38.056881,207.9659882,"198-262"
"2189","Harvey",-31.18,NA,1976-12-22,380324097352001,79,0,c(-97.590882, 38.056881),"1976","71-0",-97.590882,38.056881,207.9659882,"198-262"
"2190","Reno",-24.5,NA,1976-01-30,380423097522801,155,0,c(-97.875145, 38.073101),"1976","71-0",-97.875145,38.073101,36.6683426,"0-65"
"2191","Sedgwick",-10.18,NA,1976-01-01,375303097252701,173,0,c(-97.426806, 37.883472),"1976","71-0",-97.426806,37.883472,100.1800232,"66-131"
"2192","Sedgwick",-9.33,NA,1976-06-30,375303097252701,173,0,c(-97.426806, 37.883472),"1976","71-0",-97.426806,37.883472,100.1800232,"66-131"
"2193","Sedgwick",-10.9,NA,1976-10-01,375303097252701,173,0,c(-97.426806, 37.883472),"1976","71-0",-97.426806,37.883472,100.1800232,"66-131"
"2194","Sedgwick",-11.29,NA,1976-12-21,375303097252701,173,0,c(-97.426806, 37.883472),"1976","71-0",-97.426806,37.883472,100.1800232,"66-131"
"2195","Harvey",-38.86,"BURRTON",1976-01-01,380509097394701,79,0,c(-97.665139, 38.086667),"1976","71-0",-97.665139,38.086667,161.0106964,"132-197"
"2196","Harvey",-34.71,"BURRTON",1976-06-30,380509097394701,79,0,c(-97.665139, 38.086667),"1976","71-0",-97.665139,38.086667,161.0106964,"132-197"
"2197","Harvey",-42.22,"BURRTON",1976-10-01,380509097394701,79,0,c(-97.665139, 38.086667),"1976","71-0",-97.665139,38.086667,161.0106964,"132-197"
"2198","Harvey",-41.15,"BURRTON",1976-12-22,380509097394701,79,0,c(-97.665139, 38.086667),"1976","71-0",-97.665139,38.086667,161.0106964,"132-197"
"2199","Harvey",-38.62,"BURRTON",1976-01-01,380509097394702,79,0,c(-97.665139, 38.086667),"1976","71-0",-97.665139,38.086667,161.0106964,"132-197"
"2200","Harvey",-34.51,"BURRTON",1976-06-30,380509097394702,79,0,c(-97.665139, 38.086667),"1976","71-0",-97.665139,38.086667,161.0106964,"132-197"
"2201","Harvey",-42.03,"BURRTON",1976-10-01,380509097394702,79,0,c(-97.665139, 38.086667),"1976","71-0",-97.665139,38.086667,161.0106964,"132-197"
"2202","Harvey",-40.78,"BURRTON",1976-12-22,380509097394702,79,0,c(-97.665139, 38.086667),"1976","71-0",-97.665139,38.086667,161.0106964,"132-197"
"2203","Harvey",-36.5,NA,1976-01-28,375903097363301,79,0,c(-97.610694, 37.984583),"1976","71-0",-97.610694,37.984583,206.9248047,"198-262"
"2204","Harvey",-22.5,NA,1976-02-19,375903097363301,79,0,c(-97.610694, 37.984583),"1976","71-0",-97.610694,37.984583,206.9248047,"198-262"
"2205","Harvey",-36.5,NA,1976-03-19,375903097363301,79,0,c(-97.610694, 37.984583),"1976","71-0",-97.610694,37.984583,206.9248047,"198-262"
"2206","Harvey",-25,NA,1976-04-21,375903097363301,79,0,c(-97.610694, 37.984583),"1976","71-0",-97.610694,37.984583,206.9248047,"198-262"
"2207","Harvey",-24.5,NA,1976-05-19,375903097363301,79,0,c(-97.610694, 37.984583),"1976","71-0",-97.610694,37.984583,206.9248047,"198-262"
"2208","Harvey",-29.5,NA,1976-06-24,375903097363301,79,0,c(-97.610694, 37.984583),"1976","71-0",-97.610694,37.984583,206.9248047,"198-262"
"2209","Harvey",-35.5,NA,1976-07-20,375903097363301,79,0,c(-97.610694, 37.984583),"1976","71-0",-97.610694,37.984583,206.9248047,"198-262"
"2210","Harvey",-42,NA,1976-08-25,375903097363301,79,0,c(-97.610694, 37.984583),"1976","71-0",-97.610694,37.984583,206.9248047,"198-262"
"2211","Harvey",-34.5,NA,1976-09-21,375903097363301,79,0,c(-97.610694, 37.984583),"1976","71-0",-97.610694,37.984583,206.9248047,"198-262"
"2212","Harvey",-31.5,NA,1976-11-29,375903097363301,79,0,c(-97.610694, 37.984583),"1976","71-0",-97.610694,37.984583,206.9248047,"198-262"
"2213","Harvey",-29,NA,1976-12-21,375903097363301,79,0,c(-97.610694, 37.984583),"1976","71-0",-97.610694,37.984583,206.9248047,"198-262"
"2214","Harvey",-21,NA,1976-02-19,375903097363303,79,0,c(-97.610556, 37.985),"1976","71-0",-97.610556,37.985,206.9248047,"198-262"
"2215","Harvey",-33.31,NA,1976-03-19,375903097363303,79,0,c(-97.610556, 37.985),"1976","71-0",-97.610556,37.985,206.9248047,"198-262"
"2216","Harvey",-22.06,NA,1976-04-21,375903097363303,79,0,c(-97.610556, 37.985),"1976","71-0",-97.610556,37.985,206.9248047,"198-262"
"2217","Harvey",-22.18,NA,1976-05-19,375903097363303,79,0,c(-97.610556, 37.985),"1976","71-0",-97.610556,37.985,206.9248047,"198-262"
"2218","Harvey",-27.01,NA,1976-06-24,375903097363303,79,0,c(-97.610556, 37.985),"1976","71-0",-97.610556,37.985,206.9248047,"198-262"
"2219","Harvey",-33.34,NA,1976-07-20,375903097363303,79,0,c(-97.610556, 37.985),"1976","71-0",-97.610556,37.985,206.9248047,"198-262"
"2220","Harvey",-39.42,NA,1976-08-25,375903097363303,79,0,c(-97.610556, 37.985),"1976","71-0",-97.610556,37.985,206.9248047,"198-262"
"2221","Harvey",-34.13,NA,1976-09-30,375903097363303,79,0,c(-97.610556, 37.985),"1976","71-0",-97.610556,37.985,206.9248047,"198-262"
"2222","Harvey",-28.95,NA,1976-11-29,375903097363303,79,0,c(-97.610556, 37.985),"1976","71-0",-97.610556,37.985,206.9248047,"198-262"
"2223","Harvey",-25.74,NA,1976-12-21,375903097363303,79,0,c(-97.610556, 37.985),"1976","71-0",-97.610556,37.985,206.9248047,"198-262"
"2224","Harvey",-23,NA,1976-02-19,375658097320201,79,0,c(-97.536528, 37.951111),"1976","71-0",-97.536528,37.951111,181.0086823,"132-197"
"2225","Harvey",-22,NA,1976-03-17,375658097320201,79,0,c(-97.536528, 37.951111),"1976","71-0",-97.536528,37.951111,181.0086823,"132-197"
"2226","Harvey",-21,NA,1976-04-26,375658097320201,79,0,c(-97.536528, 37.951111),"1976","71-0",-97.536528,37.951111,181.0086823,"132-197"
"2227","Harvey",-21,NA,1976-05-18,375658097320201,79,0,c(-97.536528, 37.951111),"1976","71-0",-97.536528,37.951111,181.0086823,"132-197"
"2228","Harvey",-20.5,NA,1976-06-22,375658097320201,79,0,c(-97.536528, 37.951111),"1976","71-0",-97.536528,37.951111,181.0086823,"132-197"
"2229","Harvey",-20,NA,1976-07-20,375658097320201,79,0,c(-97.536528, 37.951111),"1976","71-0",-97.536528,37.951111,181.0086823,"132-197"
"2230","Harvey",-20.5,NA,1976-08-19,375658097320201,79,0,c(-97.536528, 37.951111),"1976","71-0",-97.536528,37.951111,181.0086823,"132-197"
"2231","Harvey",-20,NA,1976-09-21,375658097320201,79,0,c(-97.536528, 37.951111),"1976","71-0",-97.536528,37.951111,181.0086823,"132-197"
"2232","Harvey",-22.68,NA,1976-11-22,375658097320201,79,0,c(-97.536528, 37.951111),"1976","71-0",-97.536528,37.951111,181.0086823,"132-197"
"2233","Harvey",-22.81,NA,1976-12-16,375658097320201,79,0,c(-97.536528, 37.951111),"1976","71-0",-97.536528,37.951111,181.0086823,"132-197"
"2234","Harvey",-28.77,NA,1976-01-01,375817097274501,79,0,c(-97.464028, 37.970694),"1976","71-0",-97.464028,37.970694,127.9868164,"66-131"
"2235","Harvey",-28.03,NA,1976-06-30,375817097274501,79,0,c(-97.464028, 37.970694),"1976","71-0",-97.464028,37.970694,127.9868164,"66-131"
"2236","Harvey",-32.2,NA,1976-10-01,375817097274501,79,0,c(-97.464028, 37.970694),"1976","71-0",-97.464028,37.970694,127.9868164,"66-131"
"2237","Harvey",-31.66,NA,1976-12-21,375817097274501,79,0,c(-97.464028, 37.970694),"1976","71-0",-97.464028,37.970694,127.9868164,"66-131"
"2238","Reno",-21.2,"Haven",1976-01-15,375823097514501,155,0,c(-97.862129, 37.973612),"1976","71-0",-97.862129,37.973612,132.0973511,"132-197"
"2239","Harvey",-16.22,NA,1976-01-01,380002097374001,79,0,c(-97.628961, 37.999683),"1976","71-0",-97.628961,37.999683,183.1860504,"132-197"
"2240","Harvey",-16.19,NA,1976-06-30,380002097374001,79,0,c(-97.628961, 37.999683),"1976","71-0",-97.628961,37.999683,183.1860504,"132-197"
"2241","Harvey",-16.82,NA,1976-10-01,380002097374001,79,0,c(-97.628961, 37.999683),"1976","71-0",-97.628961,37.999683,183.1860504,"132-197"
"2242","Harvey",-17.11,NA,1976-12-22,380002097374001,79,0,c(-97.628961, 37.999683),"1976","71-0",-97.628961,37.999683,183.1860504,"132-197"
"2243","Harvey",-10.69,NA,1976-01-01,375811097373001,79,0,c(-97.628611, 37.970417),"1976","71-0",-97.628611,37.970417,182.2189941,"132-197"
"2244","Harvey",-10.98,NA,1976-06-30,375811097373001,79,0,c(-97.628611, 37.970417),"1976","71-0",-97.628611,37.970417,182.2189941,"132-197"
"2245","Harvey",-11.19,NA,1976-10-01,375811097373001,79,0,c(-97.628611, 37.970417),"1976","71-0",-97.628611,37.970417,182.2189941,"132-197"
"2246","Harvey",-11.58,NA,1976-12-22,375811097373001,79,0,c(-97.628611, 37.970417),"1976","71-0",-97.628611,37.970417,182.2189941,"132-197"
"2247","Harvey",-16.05,NA,1976-02-19,375817097363203,79,0,c(-97.610833, 37.971389),"1976","71-0",-97.610833,37.971389,205.7940674,"198-262"
"2248","Harvey",-17.28,NA,1976-03-19,375817097363203,79,0,c(-97.610833, 37.971389),"1976","71-0",-97.610833,37.971389,205.7940674,"198-262"
"2249","Harvey",-16.47,NA,1976-04-21,375817097363203,79,0,c(-97.610833, 37.971389),"1976","71-0",-97.610833,37.971389,205.7940674,"198-262"
"2250","Harvey",-18.35,NA,1976-05-28,375817097363203,79,0,c(-97.610833, 37.971389),"1976","71-0",-97.610833,37.971389,205.7940674,"198-262"
"2251","Harvey",-17.47,NA,1976-06-22,375817097363203,79,0,c(-97.610833, 37.971389),"1976","71-0",-97.610833,37.971389,205.7940674,"198-262"
"2252","Harvey",-17.97,NA,1976-07-20,375817097363203,79,0,c(-97.610833, 37.971389),"1976","71-0",-97.610833,37.971389,205.7940674,"198-262"
"2253","Harvey",-19.45,NA,1976-08-30,375817097363203,79,0,c(-97.610833, 37.971389),"1976","71-0",-97.610833,37.971389,205.7940674,"198-262"
"2254","Harvey",-19.05,NA,1976-09-21,375817097363203,79,0,c(-97.610833, 37.971389),"1976","71-0",-97.610833,37.971389,205.7940674,"198-262"
"2255","Harvey",-18.72,NA,1976-11-29,375817097363203,79,0,c(-97.610833, 37.971389),"1976","71-0",-97.610833,37.971389,205.7940674,"198-262"
"2256","Harvey",-17.35,NA,1976-12-16,375817097363203,79,0,c(-97.610833, 37.971389),"1976","71-0",-97.610833,37.971389,205.7940674,"198-262"
"2257","Harvey",-19.02,NA,1976-01-16,375935097264001,79,0,c(-97.446591, 37.993085),"1976","71-0",-97.446591,37.993085,106.8225861,"66-131"
"2258","Harvey",-25.02,NA,1976-01-01,380140097365901,79,0,c(-97.616389, 38.028611),"1976","71-0",-97.616389,38.028611,214.9059448,"198-262"
"2259","Harvey",-24.91,NA,1976-06-30,380140097365901,79,0,c(-97.616389, 38.028611),"1976","71-0",-97.616389,38.028611,214.9059448,"198-262"
"2260","Harvey",-28.05,NA,1976-10-01,380140097365901,79,0,c(-97.616389, 38.028611),"1976","71-0",-97.616389,38.028611,214.9059448,"198-262"
"2261","Harvey",-26.81,NA,1976-12-22,380140097365901,79,0,c(-97.616389, 38.028611),"1976","71-0",-97.616389,38.028611,214.9059448,"198-262"
"2262","Harvey",-30.28,NA,1976-01-01,375910097352701,79,0,c(-97.592222, 37.985139),"1976","71-0",-97.592222,37.985139,211.9548645,"198-262"
"2263","Harvey",-30.19,NA,1976-06-30,375910097352701,79,0,c(-97.592222, 37.985139),"1976","71-0",-97.592222,37.985139,211.9548645,"198-262"
"2264","Harvey",-31.01,NA,1976-10-01,375910097352701,79,0,c(-97.592222, 37.985139),"1976","71-0",-97.592222,37.985139,211.9548645,"198-262"
"2265","Harvey",-30.94,NA,1976-12-22,375910097352701,79,0,c(-97.592222, 37.985139),"1976","71-0",-97.592222,37.985139,211.9548645,"198-262"
"2266","Harvey",-31.25,NA,1976-02-18,375843097321002,79,0,c(-97.537222, 37.979583),"1976","71-0",-97.537222,37.979583,178.0298157,"132-197"
"2267","Harvey",-30.85,NA,1976-03-17,375843097321002,79,0,c(-97.537222, 37.979583),"1976","71-0",-97.537222,37.979583,178.0298157,"132-197"
"2268","Harvey",-31.44,NA,1976-04-21,375843097321002,79,0,c(-97.537222, 37.979583),"1976","71-0",-97.537222,37.979583,178.0298157,"132-197"
"2269","Harvey",-32.58,NA,1976-05-19,375843097321002,79,0,c(-97.537222, 37.979583),"1976","71-0",-97.537222,37.979583,178.0298157,"132-197"
"2270","Harvey",-31.84,NA,1976-06-29,375843097321002,79,0,c(-97.537222, 37.979583),"1976","71-0",-97.537222,37.979583,178.0298157,"132-197"
"2271","Harvey",-31.42,NA,1976-07-20,375843097321002,79,0,c(-97.537222, 37.979583),"1976","71-0",-97.537222,37.979583,178.0298157,"132-197"
"2272","Harvey",-35.67,NA,1976-08-19,375843097321002,79,0,c(-97.537222, 37.979583),"1976","71-0",-97.537222,37.979583,178.0298157,"132-197"
"2273","Harvey",-32.05,NA,1976-09-21,375843097321002,79,0,c(-97.537222, 37.979583),"1976","71-0",-97.537222,37.979583,178.0298157,"132-197"
"2274","Harvey",-33.05,NA,1976-11-22,375843097321002,79,0,c(-97.537222, 37.979583),"1976","71-0",-97.537222,37.979583,178.0298157,"132-197"
"2275","Harvey",-31.3,NA,1976-12-20,375843097321002,79,0,c(-97.537222, 37.979583),"1976","71-0",-97.537222,37.979583,178.0298157,"132-197"
"2276","Harvey",-15.39,NA,1976-02-16,375843097363302,79,0,c(-97.610556, 37.977917),"1976","71-0",-97.610556,37.977917,203.6569672,"198-262"
"2277","Harvey",-15.22,NA,1976-03-22,375843097363302,79,0,c(-97.610556, 37.977917),"1976","71-0",-97.610556,37.977917,203.6569672,"198-262"
"2278","Harvey",-15.48,NA,1976-04-21,375843097363302,79,0,c(-97.610556, 37.977917),"1976","71-0",-97.610556,37.977917,203.6569672,"198-262"
"2279","Harvey",-15.28,NA,1976-05-19,375843097363302,79,0,c(-97.610556, 37.977917),"1976","71-0",-97.610556,37.977917,203.6569672,"198-262"
"2280","Harvey",-15.29,NA,1976-06-22,375843097363302,79,0,c(-97.610556, 37.977917),"1976","71-0",-97.610556,37.977917,203.6569672,"198-262"
"2281","Harvey",-15.05,NA,1976-07-23,375843097363302,79,0,c(-97.610556, 37.977917),"1976","71-0",-97.610556,37.977917,203.6569672,"198-262"
"2282","Harvey",-15.79,NA,1976-08-23,375843097363302,79,0,c(-97.610556, 37.977917),"1976","71-0",-97.610556,37.977917,203.6569672,"198-262"
"2283","Harvey",-15.92,NA,1976-09-30,375843097363302,79,0,c(-97.610556, 37.977917),"1976","71-0",-97.610556,37.977917,203.6569672,"198-262"
"2284","Harvey",-16.3,NA,1976-11-23,375843097363302,79,0,c(-97.610556, 37.977917),"1976","71-0",-97.610556,37.977917,203.6569672,"198-262"
"2285","Harvey",-16.18,NA,1976-12-16,375843097363302,79,0,c(-97.610556, 37.977917),"1976","71-0",-97.610556,37.977917,203.6569672,"198-262"
"2286","Harvey",-17.77,"BURRTON",1976-01-01,380331097395402,79,0,c(-97.666094, 38.057792),"1976","71-0",-97.666094,38.057792,252.0494843,"198-262"
"2287","Harvey",-43.88,"BURRTON",1976-06-30,380331097395402,79,0,c(-97.666094, 38.057792),"1976","71-0",-97.666094,38.057792,252.0494843,"198-262"
"2288","Harvey",-49.69,"BURRTON",1976-10-01,380331097395402,79,0,c(-97.666094, 38.057792),"1976","71-0",-97.666094,38.057792,252.0494843,"198-262"
"2289","Harvey",-25.22,"BURRTON",1976-12-22,380331097395402,79,0,c(-97.666094, 38.057792),"1976","71-0",-97.666094,38.057792,252.0494843,"198-262"
"2290","McPherson",-11.05,NA,1976-01-08,381813097295901,113,0,c(-97.499645, 38.303247),"1976","71-0",-97.499645,38.303247,42.0241699,"0-65"
"2291","McPherson",-10.52,NA,1976-01-07,381919097334301,113,0,c(-97.561703, 38.321007),"1976","71-0",-97.561703,38.321007,43.3841934,"0-65"
"2292","McPherson",-38.51,NA,1976-01-07,381919097363701,113,0,c(-97.610915, 38.321176),"1976","71-0",-97.610915,38.321176,50.0056076,"0-65"
"2293","McPherson",-22.7,"LINDSBORG",1976-03-11,383210097442801,113,0,c(-97.741409, 38.535499),"1976","71-0",-97.741409,38.535499,NA,NA
"2294","McPherson",-21.25,"LINDSBORG",1976-06-02,383210097442801,113,0,c(-97.741409, 38.535499),"1976","71-0",-97.741409,38.535499,NA,NA
"2295","McPherson",-26.36,"LINDSBORG",1976-09-08,383210097442801,113,0,c(-97.741409, 38.535499),"1976","71-0",-97.741409,38.535499,NA,NA
"2296","McPherson",-25.1,"LINDSBORG",1976-12-07,383210097442801,113,0,c(-97.741409, 38.535499),"1976","71-0",-97.741409,38.535499,NA,NA
"2297","McPherson",-46.54,NA,1976-01-06,382116097264701,113,0,c(-97.44648, 38.354302),"1976","71-0",-97.44648,38.354302,60.9202805,"0-65"
"2298","McPherson",-25.4,NA,1976-03-11,383400097400301,113,0,c(-97.66766, 38.566276),"1976","71-0",-97.66766,38.566276,NA,NA
"2299","McPherson",-24.5,NA,1976-06-02,383400097400301,113,0,c(-97.66766, 38.566276),"1976","71-0",-97.66766,38.566276,NA,NA
"2300","McPherson",-26.56,NA,1976-09-08,383400097400301,113,0,c(-97.66766, 38.566276),"1976","71-0",-97.66766,38.566276,NA,NA
"2301","McPherson",-26.37,NA,1976-12-07,383400097400301,113,0,c(-97.66766, 38.566276),"1976","71-0",-97.66766,38.566276,NA,NA
"2302","McPherson",-17.55,"Langley",1976-06-02,383514097552401,113,0,c(-97.923772, 38.586987),"1976","71-0",-97.923772,38.586987,NA,NA
"2303","McPherson",-17.66,"Langley",1976-09-08,383514097552401,113,0,c(-97.923772, 38.586987),"1976","71-0",-97.923772,38.586987,NA,NA
"2304","McPherson",-17.97,"Langley",1976-12-07,383514097552401,113,0,c(-97.923772, 38.586987),"1976","71-0",-97.923772,38.586987,NA,NA
"2305","Harvey",-23,NA,1976-02-23,375625097310402,79,0,c(-97.520556, 37.939722),"1976","71-0",-97.520556,37.939722,170.227356,"132-197"
"2306","Harvey",-22.73,NA,1976-03-18,375625097310402,79,0,c(-97.520556, 37.939722),"1976","71-0",-97.520556,37.939722,170.227356,"132-197"
"2307","Harvey",-23.3,NA,1976-04-22,375625097310402,79,0,c(-97.520556, 37.939722),"1976","71-0",-97.520556,37.939722,170.227356,"132-197"
"2308","Harvey",-23.16,NA,1976-05-18,375625097310402,79,0,c(-97.520556, 37.939722),"1976","71-0",-97.520556,37.939722,170.227356,"132-197"
"2309","Harvey",-23.56,NA,1976-06-28,375625097310402,79,0,c(-97.520556, 37.939722),"1976","71-0",-97.520556,37.939722,170.227356,"132-197"
"2310","Harvey",-24.83,NA,1976-07-23,375625097310402,79,0,c(-97.520556, 37.939722),"1976","71-0",-97.520556,37.939722,170.227356,"132-197"
"2311","Harvey",-27.18,NA,1976-08-25,375625097310402,79,0,c(-97.520556, 37.939722),"1976","71-0",-97.520556,37.939722,170.227356,"132-197"
"2312","Harvey",-26.82,NA,1976-09-21,375625097310402,79,0,c(-97.520556, 37.939722),"1976","71-0",-97.520556,37.939722,170.227356,"132-197"
"2313","Harvey",-25.75,NA,1976-11-22,375625097310402,79,0,c(-97.520556, 37.939722),"1976","71-0",-97.520556,37.939722,170.227356,"132-197"
"2314","Harvey",-25.93,NA,1976-12-20,375625097310402,79,0,c(-97.520556, 37.939722),"1976","71-0",-97.520556,37.939722,170.227356,"132-197"
"2315","Sedgwick",-9.57,NA,1976-02-20,375441097341102,173,0,c(-97.573611, 37.912083),"1976","71-0",-97.573611,37.912083,161.2699432,"132-197"
"2316","Sedgwick",-9.8,NA,1976-03-19,375441097341102,173,0,c(-97.573611, 37.912083),"1976","71-0",-97.573611,37.912083,161.2699432,"132-197"
"2317","Sedgwick",-9.97,NA,1976-04-21,375441097341102,173,0,c(-97.573611, 37.912083),"1976","71-0",-97.573611,37.912083,161.2699432,"132-197"
"2318","Sedgwick",-9.31,NA,1976-05-25,375441097341102,173,0,c(-97.573611, 37.912083),"1976","71-0",-97.573611,37.912083,161.2699432,"132-197"
"2319","Sedgwick",-9.6,NA,1976-06-28,375441097341102,173,0,c(-97.573611, 37.912083),"1976","71-0",-97.573611,37.912083,161.2699432,"132-197"
"2320","Sedgwick",-8.95,NA,1976-07-20,375441097341102,173,0,c(-97.573611, 37.912083),"1976","71-0",-97.573611,37.912083,161.2699432,"132-197"
"2321","Sedgwick",-9.82,NA,1976-08-25,375441097341102,173,0,c(-97.573611, 37.912083),"1976","71-0",-97.573611,37.912083,161.2699432,"132-197"
"2322","Sedgwick",-10.27,NA,1976-09-28,375441097341102,173,0,c(-97.573611, 37.912083),"1976","71-0",-97.573611,37.912083,161.2699432,"132-197"
"2323","Sedgwick",-11.03,NA,1976-11-23,375441097341102,173,0,c(-97.573611, 37.912083),"1976","71-0",-97.573611,37.912083,161.2699432,"132-197"
"2324","Sedgwick",-11.27,NA,1976-12-16,375441097341102,173,0,c(-97.573611, 37.912083),"1976","71-0",-97.573611,37.912083,161.2699432,"132-197"
"2325","Sedgwick",-10.69,NA,1976-02-23,375415097333801,173,0,c(-97.562639, 37.904861),"1976","71-0",-97.562639,37.904861,154.6398926,"132-197"
"2326","Sedgwick",-10.65,NA,1976-03-19,375415097333801,173,0,c(-97.562639, 37.904861),"1976","71-0",-97.562639,37.904861,154.6398926,"132-197"
"2327","Sedgwick",-11.02,NA,1976-04-26,375415097333801,173,0,c(-97.562639, 37.904861),"1976","71-0",-97.562639,37.904861,154.6398926,"132-197"
"2328","Sedgwick",-10.4,NA,1976-05-19,375415097333801,173,0,c(-97.562639, 37.904861),"1976","71-0",-97.562639,37.904861,154.6398926,"132-197"
"2329","Sedgwick",-11.82,NA,1976-06-29,375415097333801,173,0,c(-97.562639, 37.904861),"1976","71-0",-97.562639,37.904861,154.6398926,"132-197"
"2330","Sedgwick",-10.16,NA,1976-07-20,375415097333801,173,0,c(-97.562639, 37.904861),"1976","71-0",-97.562639,37.904861,154.6398926,"132-197"
"2331","Sedgwick",-10.94,NA,1976-08-19,375415097333801,173,0,c(-97.562639, 37.904861),"1976","71-0",-97.562639,37.904861,154.6398926,"132-197"
"2332","Sedgwick",-11.28,NA,1976-09-27,375415097333801,173,0,c(-97.562639, 37.904861),"1976","71-0",-97.562639,37.904861,154.6398926,"132-197"
"2333","Sedgwick",-12.42,NA,1976-11-29,375415097333801,173,0,c(-97.562639, 37.904861),"1976","71-0",-97.562639,37.904861,154.6398926,"132-197"
"2334","Sedgwick",-13.28,NA,1976-12-20,375415097333801,173,0,c(-97.562639, 37.904861),"1976","71-0",-97.562639,37.904861,154.6398926,"132-197"
"2335","Sedgwick",-13.63,NA,1976-02-18,375421097285401,173,0,c(-97.482222, 37.905417),"1976","71-0",-97.482222,37.905417,158.9574432,"132-197"
"2336","Sedgwick",-13.94,NA,1976-03-18,375421097285401,173,0,c(-97.482222, 37.905417),"1976","71-0",-97.482222,37.905417,158.9574432,"132-197"
"2337","Sedgwick",-14.55,NA,1976-04-22,375421097285401,173,0,c(-97.482222, 37.905417),"1976","71-0",-97.482222,37.905417,158.9574432,"132-197"
"2338","Sedgwick",-14.23,NA,1976-05-19,375421097285401,173,0,c(-97.482222, 37.905417),"1976","71-0",-97.482222,37.905417,158.9574432,"132-197"
"2339","Sedgwick",-15.45,NA,1976-06-24,375421097285401,173,0,c(-97.482222, 37.905417),"1976","71-0",-97.482222,37.905417,158.9574432,"132-197"
"2340","Sedgwick",-15.33,NA,1976-07-23,375421097285401,173,0,c(-97.482222, 37.905417),"1976","71-0",-97.482222,37.905417,158.9574432,"132-197"
"2341","Sedgwick",-15.9,NA,1976-09-18,375421097285401,173,0,c(-97.482222, 37.905417),"1976","71-0",-97.482222,37.905417,158.9574432,"132-197"
"2342","Sedgwick",-16.3,NA,1976-09-21,375421097285401,173,0,c(-97.482222, 37.905417),"1976","71-0",-97.482222,37.905417,158.9574432,"132-197"
"2343","Sedgwick",-16.92,NA,1976-11-23,375421097285401,173,0,c(-97.482222, 37.905417),"1976","71-0",-97.482222,37.905417,158.9574432,"132-197"
"2344","Sedgwick",-17.1,NA,1976-12-16,375421097285401,173,0,c(-97.482222, 37.905417),"1976","71-0",-97.482222,37.905417,158.9574432,"132-197"
"2345","Sedgwick",-6.13,NA,1976-01-01,375210097305501,173,0,c(-97.518889, 37.868889),"1976","71-0",-97.518889,37.868889,199.7245331,"198-262"
"2346","Sedgwick",-6.49,NA,1976-06-30,375210097305501,173,0,c(-97.518889, 37.868889),"1976","71-0",-97.518889,37.868889,199.7245331,"198-262"
"2347","Sedgwick",-7.47,NA,1976-10-01,375210097305501,173,0,c(-97.518889, 37.868889),"1976","71-0",-97.518889,37.868889,199.7245331,"198-262"
"2348","Sedgwick",-17.54,NA,1976-12-23,375210097305501,173,0,c(-97.518889, 37.868889),"1976","71-0",-97.518889,37.868889,199.7245331,"198-262"
"2349","Sedgwick",-11.23,NA,1976-01-01,375118097273701,173,0,c(-97.463611, 37.854306),"1976","71-0",-97.463611,37.854306,156.890152,"132-197"
"2350","Sedgwick",-11.71,NA,1976-06-30,375118097273701,173,0,c(-97.463611, 37.854306),"1976","71-0",-97.463611,37.854306,156.890152,"132-197"
"2351","Sedgwick",-13,NA,1976-10-01,375118097273701,173,0,c(-97.463611, 37.854306),"1976","71-0",-97.463611,37.854306,156.890152,"132-197"
"2352","Sedgwick",-13.34,NA,1976-12-21,375118097273701,173,0,c(-97.463611, 37.854306),"1976","71-0",-97.463611,37.854306,156.890152,"132-197"
"2353","Sedgwick",-6.2,NA,1976-01-01,375441097243001,173,0,c(-97.408889, 37.912083),"1976","71-0",-97.408889,37.912083,65.467659,"0-65"
"2354","Sedgwick",-6.75,NA,1976-06-30,375441097243001,173,0,c(-97.408889, 37.912083),"1976","71-0",-97.408889,37.912083,65.467659,"0-65"
"2355","Sedgwick",-7.58,NA,1976-10-01,375441097243001,173,0,c(-97.408889, 37.912083),"1976","71-0",-97.408889,37.912083,65.467659,"0-65"
"2356","Sedgwick",-8.34,NA,1976-12-21,375441097243001,173,0,c(-97.408889, 37.912083),"1976","71-0",-97.408889,37.912083,65.467659,"0-65"
"2357","Sedgwick",-16.1,NA,1976-01-01,375441097320901,173,0,c(-97.537222, 37.912083),"1976","71-0",-97.537222,37.912083,193.5877686,"132-197"
"2358","Sedgwick",-17.28,NA,1976-06-28,375441097320901,173,0,c(-97.537222, 37.912083),"1976","71-0",-97.537222,37.912083,193.5877686,"132-197"
"2359","Sedgwick",-18.1,NA,1976-10-01,375441097320901,173,0,c(-97.537222, 37.912083),"1976","71-0",-97.537222,37.912083,193.5877686,"132-197"
"2360","Sedgwick",-18.76,NA,1976-12-21,375441097320901,173,0,c(-97.537222, 37.912083),"1976","71-0",-97.537222,37.912083,193.5877686,"132-197"
"2361","Sedgwick",-16.4,NA,1976-01-01,375355097264001,173,0,c(-97.445694, 37.897917),"1976","71-0",-97.445694,37.897917,113.9017868,"66-131"
"2362","Sedgwick",-16.33,NA,1976-06-30,375355097264001,173,0,c(-97.445694, 37.897917),"1976","71-0",-97.445694,37.897917,113.9017868,"66-131"
"2363","Sedgwick",-16.59,NA,1976-10-01,375355097264001,173,0,c(-97.445694, 37.897917),"1976","71-0",-97.445694,37.897917,113.9017868,"66-131"
"2364","Sedgwick",-18.03,NA,1976-12-21,375355097264001,173,0,c(-97.445694, 37.897917),"1976","71-0",-97.445694,37.897917,113.9017868,"66-131"
"2365","Harvey",-11.05,NA,1976-01-01,375540097274501,79,0,c(-97.464058, 37.927019),"1976","71-0",-97.464058,37.927019,130.473999,"66-131"
"2366","Harvey",-13.83,NA,1976-06-28,375540097274501,79,0,c(-97.464058, 37.927019),"1976","71-0",-97.464058,37.927019,130.473999,"66-131"
"2367","Harvey",-13.44,NA,1976-10-01,375540097274501,79,0,c(-97.464058, 37.927019),"1976","71-0",-97.464058,37.927019,130.473999,"66-131"
"2368","Harvey",-14.84,NA,1976-12-21,375540097274501,79,0,c(-97.464058, 37.927019),"1976","71-0",-97.464058,37.927019,130.473999,"66-131"
"2369","Harvey",-20,NA,1976-02-27,375540097305601,79,0,c(-97.518194, 37.927361),"1976","71-0",-97.518194,37.927361,167.1837463,"132-197"
"2370","Harvey",-21,NA,1976-03-18,375540097305601,79,0,c(-97.518194, 37.927361),"1976","71-0",-97.518194,37.927361,167.1837463,"132-197"
"2371","Harvey",-20.5,NA,1976-04-22,375540097305601,79,0,c(-97.518194, 37.927361),"1976","71-0",-97.518194,37.927361,167.1837463,"132-197"
"2372","Harvey",-22.5,NA,1976-05-19,375540097305601,79,0,c(-97.518194, 37.927361),"1976","71-0",-97.518194,37.927361,167.1837463,"132-197"
"2373","Harvey",-21.5,NA,1976-06-22,375540097305601,79,0,c(-97.518194, 37.927361),"1976","71-0",-97.518194,37.927361,167.1837463,"132-197"
"2374","Harvey",-21.5,NA,1976-07-29,375540097305601,79,0,c(-97.518194, 37.927361),"1976","71-0",-97.518194,37.927361,167.1837463,"132-197"
"2375","Harvey",-23,NA,1976-08-25,375540097305601,79,0,c(-97.518194, 37.927361),"1976","71-0",-97.518194,37.927361,167.1837463,"132-197"
"2376","Harvey",-22.5,NA,1976-09-30,375540097305601,79,0,c(-97.518194, 37.927361),"1976","71-0",-97.518194,37.927361,167.1837463,"132-197"
"2377","Harvey",-19.5,NA,1976-11-22,375540097305601,79,0,c(-97.518194, 37.927361),"1976","71-0",-97.518194,37.927361,167.1837463,"132-197"
"2378","Harvey",-19.5,NA,1976-12-27,375540097305601,79,0,c(-97.518194, 37.927361),"1976","71-0",-97.518194,37.927361,167.1837463,"132-197"
"2379","Harvey",-24.25,"Bentley",1976-02-19,375540097320901,79,0,c(-97.537238, 37.9268),"1976","71-0",-97.537238,37.9268,183.3930969,"132-197"
"2380","Harvey",-25.84,"Bentley",1976-03-17,375540097320901,79,0,c(-97.537238, 37.9268),"1976","71-0",-97.537238,37.9268,183.3930969,"132-197"
"2381","Harvey",-26.31,"Bentley",1976-04-21,375540097320901,79,0,c(-97.537238, 37.9268),"1976","71-0",-97.537238,37.9268,183.3930969,"132-197"
"2382","Harvey",-27.38,"Bentley",1976-05-19,375540097320901,79,0,c(-97.537238, 37.9268),"1976","71-0",-97.537238,37.9268,183.3930969,"132-197"
"2383","Harvey",-30.77,"Bentley",1976-06-29,375540097320901,79,0,c(-97.537238, 37.9268),"1976","71-0",-97.537238,37.9268,183.3930969,"132-197"
"2384","Harvey",-28.71,"Bentley",1976-07-20,375540097320901,79,0,c(-97.537238, 37.9268),"1976","71-0",-97.537238,37.9268,183.3930969,"132-197"
"2385","Harvey",-29.34,"Bentley",1976-09-21,375540097320901,79,0,c(-97.537238, 37.9268),"1976","71-0",-97.537238,37.9268,183.3930969,"132-197"
"2386","Harvey",-30.42,"Bentley",1976-11-23,375540097320901,79,0,c(-97.537238, 37.9268),"1976","71-0",-97.537238,37.9268,183.3930969,"132-197"
"2387","Harvey",-28,"Bentley",1976-12-20,375540097320901,79,0,c(-97.537238, 37.9268),"1976","71-0",-97.537238,37.9268,183.3930969,"132-197"
"2388","Sedgwick",-17.19,NA,1976-02-20,375348097292602,173,0,c(-97.490417, 37.897639),"1976","71-0",-97.490417,37.897639,165.7713928,"132-197"
"2389","Sedgwick",-17.52,NA,1976-03-26,375348097292602,173,0,c(-97.490417, 37.897639),"1976","71-0",-97.490417,37.897639,165.7713928,"132-197"
"2390","Sedgwick",-17.96,NA,1976-04-26,375348097292602,173,0,c(-97.490417, 37.897639),"1976","71-0",-97.490417,37.897639,165.7713928,"132-197"
"2391","Sedgwick",-17.66,NA,1976-05-18,375348097292602,173,0,c(-97.490417, 37.897639),"1976","71-0",-97.490417,37.897639,165.7713928,"132-197"
"2392","Sedgwick",-18.18,NA,1976-06-22,375348097292602,173,0,c(-97.490417, 37.897639),"1976","71-0",-97.490417,37.897639,165.7713928,"132-197"
"2393","Sedgwick",-18.31,NA,1976-07-20,375348097292602,173,0,c(-97.490417, 37.897639),"1976","71-0",-97.490417,37.897639,165.7713928,"132-197"
"2394","Sedgwick",-19.23,NA,1976-08-19,375348097292602,173,0,c(-97.490417, 37.897639),"1976","71-0",-97.490417,37.897639,165.7713928,"132-197"
"2395","Sedgwick",-19.66,NA,1976-09-21,375348097292602,173,0,c(-97.490417, 37.897639),"1976","71-0",-97.490417,37.897639,165.7713928,"132-197"
"2396","Sedgwick",-20.17,NA,1976-11-30,375348097292602,173,0,c(-97.490417, 37.897639),"1976","71-0",-97.490417,37.897639,165.7713928,"132-197"
"2397","Sedgwick",-20.32,NA,1976-12-16,375348097292602,173,0,c(-97.490417, 37.897639),"1976","71-0",-97.490417,37.897639,165.7713928,"132-197"
"2398","Sedgwick",-17.5,NA,1976-02-18,375348097294201,173,0,c(-97.497917, 37.897778),"1976","71-0",-97.497917,37.897778,170.9035645,"132-197"
"2399","Sedgwick",-17.85,NA,1976-03-18,375348097294201,173,0,c(-97.497917, 37.897778),"1976","71-0",-97.497917,37.897778,170.9035645,"132-197"
"2400","Sedgwick",-17.62,NA,1976-04-22,375348097294201,173,0,c(-97.497917, 37.897778),"1976","71-0",-97.497917,37.897778,170.9035645,"132-197"
"2401","Sedgwick",-17.6,NA,1976-05-18,375348097294201,173,0,c(-97.497917, 37.897778),"1976","71-0",-97.497917,37.897778,170.9035645,"132-197"
"2402","Sedgwick",-18.72,NA,1976-06-24,375348097294201,173,0,c(-97.497917, 37.897778),"1976","71-0",-97.497917,37.897778,170.9035645,"132-197"
"2403","Sedgwick",-18.58,NA,1976-07-23,375348097294201,173,0,c(-97.497917, 37.897778),"1976","71-0",-97.497917,37.897778,170.9035645,"132-197"
"2404","Sedgwick",-19.89,NA,1976-08-23,375348097294201,173,0,c(-97.497917, 37.897778),"1976","71-0",-97.497917,37.897778,170.9035645,"132-197"
"2405","Sedgwick",-19.52,NA,1976-09-21,375348097294201,173,0,c(-97.497917, 37.897778),"1976","71-0",-97.497917,37.897778,170.9035645,"132-197"
"2406","Sedgwick",-20.37,NA,1976-11-23,375348097294201,173,0,c(-97.497917, 37.897778),"1976","71-0",-97.497917,37.897778,170.9035645,"132-197"
"2407","Sedgwick",-19.95,NA,1976-12-16,375348097294201,173,0,c(-97.497917, 37.897778),"1976","71-0",-97.497917,37.897778,170.9035645,"132-197"
"2408","Sedgwick",-15.18,NA,1976-02-18,375348097305602,173,0,c(-97.518611, 37.896667),"1976","71-0",-97.518611,37.896667,192.005249,"132-197"
"2409","Sedgwick",-15.15,NA,1976-03-18,375348097305602,173,0,c(-97.518611, 37.896667),"1976","71-0",-97.518611,37.896667,192.005249,"132-197"
"2410","Sedgwick",-15.41,NA,1976-04-21,375348097305602,173,0,c(-97.518611, 37.896667),"1976","71-0",-97.518611,37.896667,192.005249,"132-197"
"2411","Sedgwick",-16.62,NA,1976-05-19,375348097305602,173,0,c(-97.518611, 37.896667),"1976","71-0",-97.518611,37.896667,192.005249,"132-197"
"2412","Sedgwick",-15.18,NA,1976-06-28,375348097305602,173,0,c(-97.518611, 37.896667),"1976","71-0",-97.518611,37.896667,192.005249,"132-197"
"2413","Sedgwick",-16.13,NA,1976-07-23,375348097305602,173,0,c(-97.518611, 37.896667),"1976","71-0",-97.518611,37.896667,192.005249,"132-197"
"2414","Sedgwick",-16.64,NA,1976-08-19,375348097305602,173,0,c(-97.518611, 37.896667),"1976","71-0",-97.518611,37.896667,192.005249,"132-197"
"2415","Sedgwick",-18.15,NA,1976-09-30,375348097305602,173,0,c(-97.518611, 37.896667),"1976","71-0",-97.518611,37.896667,192.005249,"132-197"
"2416","Sedgwick",-17.47,NA,1976-11-23,375348097305602,173,0,c(-97.518611, 37.896667),"1976","71-0",-97.518611,37.896667,192.005249,"132-197"
"2417","Sedgwick",-17.7,NA,1976-12-16,375348097305602,173,0,c(-97.518611, 37.896667),"1976","71-0",-97.518611,37.896667,192.005249,"132-197"
"2418","Harvey",-16.84,NA,1976-01-01,375718097274501,79,0,c(-97.464028, 37.955972),"1976","71-0",-97.464028,37.955972,118.1418304,"66-131"
"2419","Harvey",-16.41,NA,1976-06-30,375718097274501,79,0,c(-97.464028, 37.955972),"1976","71-0",-97.464028,37.955972,118.1418304,"66-131"
"2420","Harvey",-18.82,NA,1976-10-01,375718097274501,79,0,c(-97.464028, 37.955972),"1976","71-0",-97.464028,37.955972,118.1418304,"66-131"
"2421","Harvey",-19.11,NA,1976-12-21,375718097274501,79,0,c(-97.464028, 37.955972),"1976","71-0",-97.464028,37.955972,118.1418304,"66-131"
"2422","Sedgwick",-5.5,"BENTLY",1976-01-01,375253097315601,173,0,c(-97.536944, 37.883194),"1976","71-0",-97.536944,37.883194,190.4207916,"132-197"
"2423","Sedgwick",-5.13,"BENTLY",1976-06-30,375253097315601,173,0,c(-97.536944, 37.883194),"1976","71-0",-97.536944,37.883194,190.4207916,"132-197"
"2424","Sedgwick",-6.94,"BENTLY",1976-10-01,375253097315601,173,0,c(-97.536944, 37.883194),"1976","71-0",-97.536944,37.883194,190.4207916,"132-197"
"2425","Harvey",-34.79,"HALSTEAD",1976-01-09,380443097323701,79,0,c(-97.546197, 38.079442),"1976","71-0",-97.546197,38.079442,112.2142944,"66-131"
"2426","Reno",-10.45,NA,1976-01-15,380202097421001,155,0,c(-97.704227, 38.034023),"1976","71-0",-97.704227,38.034023,226.2381287,"198-262"
"2427","Harvey",-6.95,NA,1976-01-01,380324097341502,79,0,c(-97.573472, 38.057778),"1976","71-0",-97.573472,38.057778,180.5232239,"132-197"
"2428","Harvey",-5.7,NA,1976-06-28,380324097341502,79,0,c(-97.573472, 38.057778),"1976","71-0",-97.573472,38.057778,180.5232239,"132-197"
"2429","Harvey",-9.95,NA,1976-10-01,380324097341502,79,0,c(-97.573472, 38.057778),"1976","71-0",-97.573472,38.057778,180.5232239,"132-197"
"2430","Harvey",-8.75,NA,1976-12-22,380324097341502,79,0,c(-97.573472, 38.057778),"1976","71-0",-97.573472,38.057778,180.5232239,"132-197"
"2431","Harvey",-24.62,NA,1976-01-01,380146097352001,79,0,c(-97.591944, 38.028889),"1976","71-0",-97.591944,38.028889,212.0413818,"198-262"
"2432","Harvey",-25.51,NA,1976-06-30,380146097352001,79,0,c(-97.591944, 38.028889),"1976","71-0",-97.591944,38.028889,212.0413818,"198-262"
"2433","Harvey",-28.52,NA,1976-10-01,380146097352001,79,0,c(-97.591944, 38.028889),"1976","71-0",-97.591944,38.028889,212.0413818,"198-262"
"2434","Harvey",-27.42,NA,1976-12-22,380146097352001,79,0,c(-97.591944, 38.028889),"1976","71-0",-97.591944,38.028889,212.0413818,"198-262"
"2435","Harvey",-11.53,"BURRTON",1976-01-01,380146097394502,79,0,c(-97.665556, 38.029167),"1976","71-0",-97.665556,38.029167,174.4131317,"132-197"
"2436","Harvey",-11.17,"BURRTON",1976-06-30,380146097394502,79,0,c(-97.665556, 38.029167),"1976","71-0",-97.665556,38.029167,174.4131317,"132-197"
"2437","Harvey",-12.16,"BURRTON",1976-10-01,380146097394502,79,0,c(-97.665556, 38.029167),"1976","71-0",-97.665556,38.029167,174.4131317,"132-197"
"2438","Harvey",-12.24,"BURRTON",1976-12-22,380146097394502,79,0,c(-97.665556, 38.029167),"1976","71-0",-97.665556,38.029167,174.4131317,"132-197"
"2439","Harvey",-11.9,NA,1976-01-01,380318097392901,79,0,c(-97.659444, 38.054306),"1976","71-0",-97.659444,38.054306,231.4132996,"198-262"
"2440","Harvey",-7.99,NA,1976-06-28,380318097392901,79,0,c(-97.659444, 38.054306),"1976","71-0",-97.659444,38.054306,231.4132996,"198-262"
"2441","Harvey",-11.88,NA,1976-10-01,380318097392901,79,0,c(-97.659444, 38.054306),"1976","71-0",-97.659444,38.054306,231.4132996,"198-262"
"2442","Harvey",-13.03,NA,1976-12-22,380318097392901,79,0,c(-97.659444, 38.054306),"1976","71-0",-97.659444,38.054306,231.4132996,"198-262"
"2443","Harvey",-41.65,NA,1976-01-01,380054097324401,79,0,c(-97.546528, 38.014306),"1976","71-0",-97.546528,38.014306,183.6772919,"132-197"
"2444","Harvey",-37.22,NA,1976-06-30,380054097324401,79,0,c(-97.546528, 38.014306),"1976","71-0",-97.546528,38.014306,183.6772919,"132-197"
"2445","Harvey",-48.8,NA,1976-10-01,380054097324401,79,0,c(-97.546528, 38.014306),"1976","71-0",-97.546528,38.014306,183.6772919,"132-197"
"2446","Harvey",-42.19,NA,1976-12-22,380054097324401,79,0,c(-97.546528, 38.014306),"1976","71-0",-97.546528,38.014306,183.6772919,"132-197"
"2447","Harvey",-42,NA,1976-02-19,380054097334901,79,0,c(-97.565417, 38.014722),"1976","71-0",-97.565417,38.014722,189.9531555,"132-197"
"2448","Harvey",-39,NA,1976-03-23,380054097334901,79,0,c(-97.565417, 38.014722),"1976","71-0",-97.565417,38.014722,189.9531555,"132-197"
"2449","Harvey",-42.5,NA,1976-04-29,380054097334901,79,0,c(-97.565417, 38.014722),"1976","71-0",-97.565417,38.014722,189.9531555,"132-197"
"2450","Harvey",-40,NA,1976-05-18,380054097334901,79,0,c(-97.565417, 38.014722),"1976","71-0",-97.565417,38.014722,189.9531555,"132-197"
"2451","Harvey",-48,NA,1976-06-30,380054097334901,79,0,c(-97.565417, 38.014722),"1976","71-0",-97.565417,38.014722,189.9531555,"132-197"
"2452","Harvey",-52,NA,1976-07-23,380054097334901,79,0,c(-97.565417, 38.014722),"1976","71-0",-97.565417,38.014722,189.9531555,"132-197"
"2453","Harvey",-56.5,NA,1976-08-19,380054097334901,79,0,c(-97.565417, 38.014722),"1976","71-0",-97.565417,38.014722,189.9531555,"132-197"
"2454","Harvey",-48,NA,1976-09-15,380054097334901,79,0,c(-97.565417, 38.014722),"1976","71-0",-97.565417,38.014722,189.9531555,"132-197"
"2455","Harvey",-44.4,NA,1976-11-22,380054097334901,79,0,c(-97.565417, 38.014722),"1976","71-0",-97.565417,38.014722,189.9531555,"132-197"
"2456","Harvey",-44.25,NA,1976-12-16,380054097334901,79,0,c(-97.565417, 38.014722),"1976","71-0",-97.565417,38.014722,189.9531555,"132-197"
"2457","Reno",-24.91,NA,1976-01-15,380528097504901,155,0,c(-97.847374, 38.091045),"1976","71-0",-97.847374,38.091045,98.0324249,"66-131"
"2458","Harvey",-27.22,NA,1976-01-09,380225097275401,79,0,c(-97.467236, 38.040325),"1976","71-0",-97.467236,38.040325,73.5306702,"66-131"
"2459","Harvey",-5.41,"PATTERSON",1976-01-01,375725097404802,79,0,c(-97.683889, 37.95625),"1976","71-0",-97.683889,37.95625,138.9560089,"132-197"
"2460","Harvey",-5.07,"PATTERSON",1976-06-30,375725097404802,79,0,c(-97.683889, 37.95625),"1976","71-0",-97.683889,37.95625,138.9560089,"132-197"
"2461","Harvey",-5.84,"PATTERSON",1976-10-01,375725097404802,79,0,c(-97.683889, 37.95625),"1976","71-0",-97.683889,37.95625,138.9560089,"132-197"
"2462","Harvey",-6.68,"PATTERSON",1976-12-22,375725097404802,79,0,c(-97.683889, 37.95625),"1976","71-0",-97.683889,37.95625,138.9560089,"132-197"
"2463","Harvey",-7.64,NA,1976-01-01,375903097383701,79,0,c(-97.647083, 37.985),"1976","71-0",-97.647083,37.985,140.9737701,"132-197"
"2464","Harvey",-7.59,NA,1976-06-30,375903097383701,79,0,c(-97.647083, 37.985),"1976","71-0",-97.647083,37.985,140.9737701,"132-197"
"2465","Harvey",-8.57,NA,1976-10-01,375903097383701,79,0,c(-97.647083, 37.985),"1976","71-0",-97.647083,37.985,140.9737701,"132-197"
"2466","Harvey",-8.78,NA,1976-12-22,375903097383701,79,0,c(-97.647083, 37.985),"1976","71-0",-97.647083,37.985,140.9737701,"132-197"
"2467","Reno",-7.4,"Haven",1976-01-15,375915097471301,155,0,c(-97.789139, 37.988731),"1976","71-0",-97.789139,37.988731,279.6531067,"263-328"
"2468","Harvey",-11.52,NA,1976-02-23,375652097364002,79,0,c(-97.610556, 37.947361),"1976","71-0",-97.610556,37.947361,174.6498566,"132-197"
"2469","Harvey",-11.52,NA,1976-03-19,375652097364002,79,0,c(-97.610556, 37.947361),"1976","71-0",-97.610556,37.947361,174.6498566,"132-197"
"2470","Harvey",-11.74,NA,1976-04-21,375652097364002,79,0,c(-97.610556, 37.947361),"1976","71-0",-97.610556,37.947361,174.6498566,"132-197"
"2471","Harvey",-11.08,NA,1976-05-28,375652097364002,79,0,c(-97.610556, 37.947361),"1976","71-0",-97.610556,37.947361,174.6498566,"132-197"
"2472","Harvey",-11.16,NA,1976-06-30,375652097364002,79,0,c(-97.610556, 37.947361),"1976","71-0",-97.610556,37.947361,174.6498566,"132-197"
"2473","Harvey",-11.32,NA,1976-07-23,375652097364002,79,0,c(-97.610556, 37.947361),"1976","71-0",-97.610556,37.947361,174.6498566,"132-197"
"2474","Harvey",-12.5,NA,1976-08-25,375652097364002,79,0,c(-97.610556, 37.947361),"1976","71-0",-97.610556,37.947361,174.6498566,"132-197"
"2475","Harvey",-12.69,NA,1976-09-30,375652097364002,79,0,c(-97.610556, 37.947361),"1976","71-0",-97.610556,37.947361,174.6498566,"132-197"
"2476","Harvey",-12.65,NA,1976-11-23,375652097364002,79,0,c(-97.610556, 37.947361),"1976","71-0",-97.610556,37.947361,174.6498566,"132-197"
"2477","Harvey",-12.75,NA,1976-12-16,375652097364002,79,0,c(-97.610556, 37.947361),"1976","71-0",-97.610556,37.947361,174.6498566,"132-197"
"2478","Harvey",-7.41,NA,1976-01-01,375639097384402,79,0,c(-97.647361, 37.945),"1976","71-0",-97.647361,37.945,123.7049713,"66-131"
"2479","Harvey",-6.54,NA,1976-06-28,375639097384402,79,0,c(-97.647361, 37.945),"1976","71-0",-97.647361,37.945,123.7049713,"66-131"
"2480","Harvey",-7.94,NA,1976-10-01,375639097384402,79,0,c(-97.647361, 37.945),"1976","71-0",-97.647361,37.945,123.7049713,"66-131"
"2481","Harvey",-8.98,NA,1976-12-22,375639097384402,79,0,c(-97.647361, 37.945),"1976","71-0",-97.647361,37.945,123.7049713,"66-131"
"2482","Harvey",-38,NA,1976-02-19,380001097341301,79,0,c(-97.573056, 38.000139),"1976","71-0",-97.573056,38.000139,206.3803253,"198-262"
"2483","Harvey",-38,NA,1976-03-17,380001097341301,79,0,c(-97.573056, 38.000139),"1976","71-0",-97.573056,38.000139,206.3803253,"198-262"
"2484","Harvey",-38,NA,1976-04-20,380001097341301,79,0,c(-97.573056, 38.000139),"1976","71-0",-97.573056,38.000139,206.3803253,"198-262"
"2485","Harvey",-38,NA,1976-05-18,380001097341301,79,0,c(-97.573056, 38.000139),"1976","71-0",-97.573056,38.000139,206.3803253,"198-262"
"2486","Harvey",-40,NA,1976-06-25,380001097341301,79,0,c(-97.573056, 38.000139),"1976","71-0",-97.573056,38.000139,206.3803253,"198-262"
"2487","Harvey",-44.5,NA,1976-07-23,380001097341301,79,0,c(-97.573056, 38.000139),"1976","71-0",-97.573056,38.000139,206.3803253,"198-262"
"2488","Harvey",-43,NA,1976-08-23,380001097341301,79,0,c(-97.573056, 38.000139),"1976","71-0",-97.573056,38.000139,206.3803253,"198-262"
"2489","Harvey",-41,NA,1976-09-15,380001097341301,79,0,c(-97.573056, 38.000139),"1976","71-0",-97.573056,38.000139,206.3803253,"198-262"
"2490","Harvey",-39.5,NA,1976-11-22,380001097341301,79,0,c(-97.573056, 38.000139),"1976","71-0",-97.573056,38.000139,206.3803253,"198-262"
"2491","Harvey",-39.5,NA,1976-12-16,380001097341301,79,0,c(-97.573056, 38.000139),"1976","71-0",-97.573056,38.000139,206.3803253,"198-262"
"2492","Harvey",-28.39,NA,1976-01-01,375955097284601,79,0,c(-97.481806, 37.999306),"1976","71-0",-97.481806,37.999306,118.1095352,"66-131"
"2493","Harvey",-27.9,NA,1976-06-30,375955097284601,79,0,c(-97.481806, 37.999306),"1976","71-0",-97.481806,37.999306,118.1095352,"66-131"
"2494","Harvey",-30.55,NA,1976-10-01,375955097284601,79,0,c(-97.481806, 37.999306),"1976","71-0",-97.481806,37.999306,118.1095352,"66-131"
"2495","Harvey",-31.42,NA,1976-12-21,375955097284601,79,0,c(-97.481806, 37.999306),"1976","71-0",-97.481806,37.999306,118.1095352,"66-131"
"2496","Harvey",-13.24,NA,1976-01-01,375817097363201,79,0,c(-97.610556, 37.970833),"1976","71-0",-97.610556,37.970833,205.7940674,"198-262"
"2497","Harvey",-13.39,NA,1976-06-30,375817097363201,79,0,c(-97.610556, 37.970833),"1976","71-0",-97.610556,37.970833,205.7940674,"198-262"
"2498","Harvey",-13.97,NA,1976-10-01,375817097363201,79,0,c(-97.610556, 37.970833),"1976","71-0",-97.610556,37.970833,205.7940674,"198-262"
"2499","Harvey",-14.25,NA,1976-12-22,375817097363201,79,0,c(-97.610556, 37.970833),"1976","71-0",-97.610556,37.970833,205.7940674,"198-262"
"2500","Harvey",-21.4,NA,1976-02-19,375817097363204,79,0,c(-97.610556, 37.970833),"1976","71-0",-97.610556,37.970833,205.7940674,"198-262"
"2501","Harvey",-32.48,NA,1976-03-19,375817097363204,79,0,c(-97.610556, 37.970833),"1976","71-0",-97.610556,37.970833,205.7940674,"198-262"
"2502","Harvey",-22.42,NA,1976-04-21,375817097363204,79,0,c(-97.610556, 37.970833),"1976","71-0",-97.610556,37.970833,205.7940674,"198-262"
"2503","Harvey",-32.58,NA,1976-05-28,375817097363204,79,0,c(-97.610556, 37.970833),"1976","71-0",-97.610556,37.970833,205.7940674,"198-262"
"2504","Harvey",-29.12,NA,1976-06-22,375817097363204,79,0,c(-97.610556, 37.970833),"1976","71-0",-97.610556,37.970833,205.7940674,"198-262"
"2505","Harvey",-32.36,NA,1976-07-20,375817097363204,79,0,c(-97.610556, 37.970833),"1976","71-0",-97.610556,37.970833,205.7940674,"198-262"
"2506","Harvey",-35.66,NA,1976-08-30,375817097363204,79,0,c(-97.610556, 37.970833),"1976","71-0",-97.610556,37.970833,205.7940674,"198-262"
"2507","Harvey",-31.45,NA,1976-09-21,375817097363204,79,0,c(-97.610556, 37.970833),"1976","71-0",-97.610556,37.970833,205.7940674,"198-262"
"2508","Harvey",-30.08,NA,1976-11-29,375817097363204,79,0,c(-97.610556, 37.970833),"1976","71-0",-97.610556,37.970833,205.7940674,"198-262"
"2509","Harvey",-29.35,NA,1976-12-16,375817097363204,79,0,c(-97.610556, 37.970833),"1976","71-0",-97.610556,37.970833,205.7940674,"198-262"
"2510","Reno",-8.64,"Hutchinson SE",1976-01-15,380139097481201,155,0,c(-97.804394, 38.026928),"1976","71-0",-97.804394,38.026928,94.5076141,"66-131"
"2511","Harvey",-16.33,NA,1976-01-01,375955097295201,79,0,c(-97.5, 37.999444),"1976","71-0",-97.5,37.999444,131.2831573,"66-131"
"2512","Harvey",-14.54,NA,1976-06-30,375955097295201,79,0,c(-97.5, 37.999444),"1976","71-0",-97.5,37.999444,131.2831573,"66-131"
"2513","Harvey",-16.34,NA,1976-10-01,375955097295201,79,0,c(-97.5, 37.999444),"1976","71-0",-97.5,37.999444,131.2831573,"66-131"
"2514","Harvey",-17.23,NA,1976-12-21,375955097295201,79,0,c(-97.5, 37.999444),"1976","71-0",-97.5,37.999444,131.2831573,"66-131"
"2515","Harvey",-32.92,NA,1976-02-19,380021097341302,79,0,c(-97.573611, 38.005),"1976","71-0",-97.573611,38.005,205.608551,"198-262"
"2516","Harvey",-32.73,NA,1976-03-17,380021097341302,79,0,c(-97.573611, 38.005),"1976","71-0",-97.573611,38.005,205.608551,"198-262"
"2517","Harvey",-33.36,NA,1976-04-26,380021097341302,79,0,c(-97.573611, 38.005),"1976","71-0",-97.573611,38.005,205.608551,"198-262"
"2518","Harvey",-32.5,NA,1976-05-26,380021097341302,79,0,c(-97.573611, 38.005),"1976","71-0",-97.573611,38.005,205.608551,"198-262"
"2519","Harvey",-33.18,NA,1976-06-22,380021097341302,79,0,c(-97.573611, 38.005),"1976","71-0",-97.573611,38.005,205.608551,"198-262"
"2520","Harvey",-34.21,NA,1976-07-20,380021097341302,79,0,c(-97.573611, 38.005),"1976","71-0",-97.573611,38.005,205.608551,"198-262"
"2521","Harvey",-36.62,NA,1976-08-31,380021097341302,79,0,c(-97.573611, 38.005),"1976","71-0",-97.573611,38.005,205.608551,"198-262"
"2522","Harvey",-35.58,NA,1976-09-15,380021097341302,79,0,c(-97.573611, 38.005),"1976","71-0",-97.573611,38.005,205.608551,"198-262"
"2523","Harvey",-34.2,NA,1976-11-30,380021097341302,79,0,c(-97.573611, 38.005),"1976","71-0",-97.573611,38.005,205.608551,"198-262"
"2524","Harvey",-33.87,NA,1976-12-29,380021097341302,79,0,c(-97.573611, 38.005),"1976","71-0",-97.573611,38.005,205.608551,"198-262"
"2525","Harvey",-31.56,NA,1976-02-18,375836097330702,79,0,c(-97.555278, 37.975972),"1976","71-0",-97.555278,37.975972,184.6026459,"132-197"
"2526","Harvey",-31.64,NA,1976-03-17,375836097330702,79,0,c(-97.555278, 37.975972),"1976","71-0",-97.555278,37.975972,184.6026459,"132-197"
"2527","Harvey",-34.02,NA,1976-04-20,375836097330702,79,0,c(-97.555278, 37.975972),"1976","71-0",-97.555278,37.975972,184.6026459,"132-197"
"2528","Harvey",-32.1,NA,1976-05-18,375836097330702,79,0,c(-97.555278, 37.975972),"1976","71-0",-97.555278,37.975972,184.6026459,"132-197"
"2529","Harvey",-32.53,NA,1976-06-22,375836097330702,79,0,c(-97.555278, 37.975972),"1976","71-0",-97.555278,37.975972,184.6026459,"132-197"
"2530","Harvey",-33.89,NA,1976-07-19,375836097330702,79,0,c(-97.555278, 37.975972),"1976","71-0",-97.555278,37.975972,184.6026459,"132-197"
"2531","Harvey",-36.68,NA,1976-08-20,375836097330702,79,0,c(-97.555278, 37.975972),"1976","71-0",-97.555278,37.975972,184.6026459,"132-197"
"2532","Harvey",-34.7,NA,1976-09-21,375836097330702,79,0,c(-97.555278, 37.975972),"1976","71-0",-97.555278,37.975972,184.6026459,"132-197"
"2533","Harvey",-32.28,NA,1976-11-22,375836097330702,79,0,c(-97.555278, 37.975972),"1976","71-0",-97.555278,37.975972,184.6026459,"132-197"
"2534","Harvey",-33.02,NA,1976-12-20,375836097330702,79,0,c(-97.555278, 37.975972),"1976","71-0",-97.555278,37.975972,184.6026459,"132-197"
"2535","Harvey",-31.27,NA,1976-02-19,375836097334001,79,0,c(-97.564544, 37.977706),"1976","71-0",-97.564544,37.977706,200.9033356,"198-262"
"2536","Harvey",-30.62,NA,1976-03-25,375836097334001,79,0,c(-97.564544, 37.977706),"1976","71-0",-97.564544,37.977706,200.9033356,"198-262"
"2537","Harvey",-31.72,NA,1976-04-21,375836097334001,79,0,c(-97.564544, 37.977706),"1976","71-0",-97.564544,37.977706,200.9033356,"198-262"
"2538","Harvey",-32.5,NA,1976-05-24,375836097334001,79,0,c(-97.564544, 37.977706),"1976","71-0",-97.564544,37.977706,200.9033356,"198-262"
"2539","Harvey",-31.47,NA,1976-06-22,375836097334001,79,0,c(-97.564544, 37.977706),"1976","71-0",-97.564544,37.977706,200.9033356,"198-262"
"2540","Harvey",-33.32,NA,1976-07-23,375836097334001,79,0,c(-97.564544, 37.977706),"1976","71-0",-97.564544,37.977706,200.9033356,"198-262"
"2541","Harvey",-33.1,NA,1976-08-20,375836097334001,79,0,c(-97.564544, 37.977706),"1976","71-0",-97.564544,37.977706,200.9033356,"198-262"
"2542","Harvey",-33.66,NA,1976-09-15,375836097334001,79,0,c(-97.564544, 37.977706),"1976","71-0",-97.564544,37.977706,200.9033356,"198-262"
"2543","Harvey",-32.14,NA,1976-11-22,375836097334001,79,0,c(-97.564544, 37.977706),"1976","71-0",-97.564544,37.977706,200.9033356,"198-262"
"2544","Harvey",-32.27,NA,1976-12-16,375836097334001,79,0,c(-97.564544, 37.977706),"1976","71-0",-97.564544,37.977706,200.9033356,"198-262"
"2545","Harvey",-12.17,NA,1976-01-01,380139097322702,79,0,c(-97.543333, 38.028472),"1976","71-0",-97.543333,38.028472,173.2327576,"132-197"
"2546","Harvey",-13.87,NA,1976-06-30,380139097322702,79,0,c(-97.543333, 38.028472),"1976","71-0",-97.543333,38.028472,173.2327576,"132-197"
"2547","Harvey",-15.85,NA,1976-10-01,380139097322702,79,0,c(-97.543333, 38.028472),"1976","71-0",-97.543333,38.028472,173.2327576,"132-197"
"2548","Harvey",-15.66,NA,1976-12-22,380139097322702,79,0,c(-97.543333, 38.028472),"1976","71-0",-97.543333,38.028472,173.2327576,"132-197"
"2549","Harvey",-14.76,NA,1976-01-01,375909097285401,79,0,c(-97.483183, 37.985756),"1976","71-0",-97.483183,37.985756,125.7496185,"66-131"
"2550","Harvey",-14.12,NA,1976-06-30,375909097285401,79,0,c(-97.483183, 37.985756),"1976","71-0",-97.483183,37.985756,125.7496185,"66-131"
"2551","Harvey",-17.2,NA,1976-10-01,375909097285401,79,0,c(-97.483183, 37.985756),"1976","71-0",-97.483183,37.985756,125.7496185,"66-131"
"2552","Harvey",-17.59,NA,1976-12-21,375909097285401,79,0,c(-97.483183, 37.985756),"1976","71-0",-97.483183,37.985756,125.7496185,"66-131"
"2553","Harvey",-30,NA,1976-02-18,375744097330701,79,0,c(-97.554722, 37.962778),"1976","71-0",-97.554722,37.962778,193.4259491,"132-197"
"2554","Harvey",-28,NA,1976-03-17,375744097330701,79,0,c(-97.554722, 37.962778),"1976","71-0",-97.554722,37.962778,193.4259491,"132-197"
"2555","Harvey",-28,NA,1976-04-23,375744097330701,79,0,c(-97.554722, 37.962778),"1976","71-0",-97.554722,37.962778,193.4259491,"132-197"
"2556","Harvey",-28,NA,1976-05-18,375744097330701,79,0,c(-97.554722, 37.962778),"1976","71-0",-97.554722,37.962778,193.4259491,"132-197"
"2557","Harvey",-27,NA,1976-06-22,375744097330701,79,0,c(-97.554722, 37.962778),"1976","71-0",-97.554722,37.962778,193.4259491,"132-197"
"2558","Harvey",-27,NA,1976-07-19,375744097330701,79,0,c(-97.554722, 37.962778),"1976","71-0",-97.554722,37.962778,193.4259491,"132-197"
"2559","Harvey",-29,NA,1976-08-23,375744097330701,79,0,c(-97.554722, 37.962778),"1976","71-0",-97.554722,37.962778,193.4259491,"132-197"
"2560","Harvey",-27.5,NA,1976-09-21,375744097330701,79,0,c(-97.554722, 37.962778),"1976","71-0",-97.554722,37.962778,193.4259491,"132-197"
"2561","Harvey",-30.5,NA,1976-11-30,375744097330701,79,0,c(-97.554722, 37.962778),"1976","71-0",-97.554722,37.962778,193.4259491,"132-197"
"2562","Harvey",-30,NA,1976-12-27,375744097330701,79,0,c(-97.554722, 37.962778),"1976","71-0",-97.554722,37.962778,193.4259491,"132-197"
"2563","Harvey",-27.38,NA,1976-02-27,375843097341301,79,0,c(-97.573194, 37.978472),"1976","71-0",-97.573194,37.978472,209.1830292,"198-262"
"2564","Harvey",-26.88,NA,1976-03-17,375843097341301,79,0,c(-97.573194, 37.978472),"1976","71-0",-97.573194,37.978472,209.1830292,"198-262"
"2565","Harvey",-26.88,NA,1976-04-20,375843097341301,79,0,c(-97.573194, 37.978472),"1976","71-0",-97.573194,37.978472,209.1830292,"198-262"
"2566","Harvey",-27.38,NA,1976-05-18,375843097341301,79,0,c(-97.573194, 37.978472),"1976","71-0",-97.573194,37.978472,209.1830292,"198-262"
"2567","Harvey",-26.88,NA,1976-06-23,375843097341301,79,0,c(-97.573194, 37.978472),"1976","71-0",-97.573194,37.978472,209.1830292,"198-262"
"2568","Harvey",-27.38,NA,1976-07-20,375843097341301,79,0,c(-97.573194, 37.978472),"1976","71-0",-97.573194,37.978472,209.1830292,"198-262"
"2569","Harvey",-28.88,NA,1976-08-19,375843097341301,79,0,c(-97.573194, 37.978472),"1976","71-0",-97.573194,37.978472,209.1830292,"198-262"
"2570","Harvey",-27.88,NA,1976-09-21,375843097341301,79,0,c(-97.573194, 37.978472),"1976","71-0",-97.573194,37.978472,209.1830292,"198-262"
"2571","Harvey",-27.88,NA,1976-11-22,375843097341301,79,0,c(-97.573194, 37.978472),"1976","71-0",-97.573194,37.978472,209.1830292,"198-262"
"2572","Harvey",-26.88,NA,1976-12-16,375843097341301,79,0,c(-97.573194, 37.978472),"1976","71-0",-97.573194,37.978472,209.1830292,"198-262"
"2573","Reno",-21.67,NA,1976-01-30,380331097512202,155,0,c(-97.856575, 38.058422),"1976","71-0",-97.856575,38.058422,43.1183586,"0-65"
"2574","Harvey",-19.82,"HALSTEAD",1976-01-09,380653097340801,79,0,c(-97.569461, 38.115873),"1976","71-0",-97.569461,38.115873,53.8493996,"0-65"
"2575","McPherson",-57.69,NA,1976-01-07,381846097395502,113,0,c(-97.666077, 38.312463),"1976","71-0",-97.666077,38.312463,55.2216377,"0-65"
"2576","McPherson",-33.54,"McPherson South",1976-01-07,381649097443601,113,0,c(-97.744524, 38.278792),"1976","71-0",-97.744524,38.278792,73.7562103,"66-131"
"2577","McPherson",-30.85,NA,1976-01-16,381451097370501,113,0,c(-97.618775, 38.247644),"1976","71-0",-97.618775,38.247644,67.7666779,"66-131"
"2578","McPherson",-20.41,"MCPHERSON SOUTH",1976-01-08,381530097443401,113,0,c(-97.744519, 38.258543),"1976","71-0",-97.744519,38.258543,54.5355721,"0-65"
"2579","McPherson",-16.3,NA,1976-01-08,381346097295401,113,0,c(-97.499386, 38.229303),"1976","71-0",-97.499386,38.229303,33.2466888,"0-65"
"2580","McPherson",-23.85,"HALSTEAD NW",1976-01-08,381122097435901,113,0,c(-97.732362, 38.188408),"1976","71-0",-97.732362,38.188408,76.6132355,"66-131"
"2581","McPherson",-105.55,"McPherson North",1976-01-05,382702097420701,113,0,c(-97.702353, 38.450625),"1976","143-72",-97.702353,38.450625,87.201828,"66-131"
"2582","McPherson",-12.64,NA,1976-03-11,383302097485401,113,0,c(-97.815248, 38.550469),"1976","71-0",-97.815248,38.550469,NA,NA
"2583","McPherson",-12.1,NA,1976-06-02,383302097485401,113,0,c(-97.815248, 38.550469),"1976","71-0",-97.815248,38.550469,NA,NA
"2584","McPherson",-15.6,NA,1976-09-08,383302097485401,113,0,c(-97.815248, 38.550469),"1976","71-0",-97.815248,38.550469,NA,NA
"2585","McPherson",-15.35,NA,1976-12-07,383302097485401,113,0,c(-97.815248, 38.550469),"1976","71-0",-97.815248,38.550469,NA,NA
"2586","Harvey",-21.87,NA,1976-02-19,375540097320902,79,0,c(-97.537222, 37.926806),"1976","71-0",-97.537222,37.926806,183.3930969,"132-197"
"2587","Harvey",-21.98,NA,1976-03-19,375540097320902,79,0,c(-97.537222, 37.926806),"1976","71-0",-97.537222,37.926806,183.3930969,"132-197"
"2588","Harvey",-22.17,NA,1976-04-21,375540097320902,79,0,c(-97.537222, 37.926806),"1976","71-0",-97.537222,37.926806,183.3930969,"132-197"
"2589","Harvey",-22.32,NA,1976-05-19,375540097320902,79,0,c(-97.537222, 37.926806),"1976","71-0",-97.537222,37.926806,183.3930969,"132-197"
"2590","Harvey",-22.68,NA,1976-06-29,375540097320902,79,0,c(-97.537222, 37.926806),"1976","71-0",-97.537222,37.926806,183.3930969,"132-197"
"2591","Harvey",-22.67,NA,1976-07-20,375540097320902,79,0,c(-97.537222, 37.926806),"1976","71-0",-97.537222,37.926806,183.3930969,"132-197"
"2592","Harvey",-24.62,NA,1976-08-25,375540097320902,79,0,c(-97.537222, 37.926806),"1976","71-0",-97.537222,37.926806,183.3930969,"132-197"
"2593","Harvey",-23.92,NA,1976-09-21,375540097320902,79,0,c(-97.537222, 37.926806),"1976","71-0",-97.537222,37.926806,183.3930969,"132-197"
"2594","Harvey",-24.1,NA,1976-11-23,375540097320902,79,0,c(-97.537222, 37.926806),"1976","71-0",-97.537222,37.926806,183.3930969,"132-197"
"2595","Harvey",-24.18,NA,1976-12-20,375540097320902,79,0,c(-97.537222, 37.926806),"1976","71-0",-97.537222,37.926806,183.3930969,"132-197"
"2596","Harvey",-24.89,NA,1976-01-01,375955097351901,79,0,c(-97.591806, 37.999444),"1976","71-0",-97.591806,37.999444,218.9234009,"198-262"
"2597","Harvey",-24.99,NA,1976-06-30,375955097351901,79,0,c(-97.591806, 37.999444),"1976","71-0",-97.591806,37.999444,218.9234009,"198-262"
"2598","Harvey",-17.14,NA,1976-10-01,375955097351901,79,0,c(-97.591806, 37.999444),"1976","71-0",-97.591806,37.999444,218.9234009,"198-262"
"2599","Harvey",-26.32,NA,1976-12-22,375955097351901,79,0,c(-97.591806, 37.999444),"1976","71-0",-97.591806,37.999444,218.9234009,"198-262"
"2600","Harvey",-20,NA,1976-02-18,375513097295901,79,0,c(-97.50125, 37.920139),"1976","71-0",-97.50125,37.920139,170.8976288,"132-197"
"2601","Harvey",-21.5,NA,1976-03-18,375513097295901,79,0,c(-97.50125, 37.920139),"1976","71-0",-97.50125,37.920139,170.8976288,"132-197"
"2602","Harvey",-22,NA,1976-04-22,375513097295901,79,0,c(-97.50125, 37.920139),"1976","71-0",-97.50125,37.920139,170.8976288,"132-197"
"2603","Harvey",-21,NA,1976-05-18,375513097295901,79,0,c(-97.50125, 37.920139),"1976","71-0",-97.50125,37.920139,170.8976288,"132-197"
"2604","Harvey",-23,NA,1976-06-24,375513097295901,79,0,c(-97.50125, 37.920139),"1976","71-0",-97.50125,37.920139,170.8976288,"132-197"
"2605","Harvey",-24.5,NA,1976-07-20,375513097295901,79,0,c(-97.50125, 37.920139),"1976","71-0",-97.50125,37.920139,170.8976288,"132-197"
"2606","Harvey",-26,NA,1976-08-31,375513097295901,79,0,c(-97.50125, 37.920139),"1976","71-0",-97.50125,37.920139,170.8976288,"132-197"
"2607","Harvey",-22,NA,1976-09-21,375513097295901,79,0,c(-97.50125, 37.920139),"1976","71-0",-97.50125,37.920139,170.8976288,"132-197"
"2608","Harvey",-25,NA,1976-11-23,375513097295901,79,0,c(-97.50125, 37.920139),"1976","71-0",-97.50125,37.920139,170.8976288,"132-197"
"2609","Harvey",-24,NA,1976-12-27,375513097295901,79,0,c(-97.50125, 37.920139),"1976","71-0",-97.50125,37.920139,170.8976288,"132-197"
"2610","Sedgwick",-16.15,NA,1976-01-01,375415097295101,173,0,c(-97.500278, 37.905139),"1976","71-0",-97.500278,37.905139,171.8778381,"132-197"
"2611","Sedgwick",-17.84,NA,1976-06-30,375415097295101,173,0,c(-97.500278, 37.905139),"1976","71-0",-97.500278,37.905139,171.8778381,"132-197"
"2612","Sedgwick",-18.85,NA,1976-10-01,375415097295101,173,0,c(-97.500278, 37.905139),"1976","71-0",-97.500278,37.905139,171.8778381,"132-197"
"2613","Sedgwick",-19.62,NA,1976-12-21,375415097295101,173,0,c(-97.500278, 37.905139),"1976","71-0",-97.500278,37.905139,171.8778381,"132-197"
"2614","Harvey",-15.65,NA,1976-01-01,375625097273701,79,0,c(-97.463611, 37.941389),"1976","71-0",-97.463611,37.941389,116.9687958,"66-131"
"2615","Harvey",-16.17,NA,1976-06-30,375625097273701,79,0,c(-97.463611, 37.941389),"1976","71-0",-97.463611,37.941389,116.9687958,"66-131"
"2616","Harvey",-20.76,NA,1976-10-01,375625097273701,79,0,c(-97.463611, 37.941389),"1976","71-0",-97.463611,37.941389,116.9687958,"66-131"
"2617","Harvey",-18.96,NA,1976-12-21,375625097273701,79,0,c(-97.463611, 37.941389),"1976","71-0",-97.463611,37.941389,116.9687958,"66-131"
"2618","Harvey",-15.16,NA,1976-02-20,375633097355002,79,0,c(-97.599861, 37.941528),"1976","71-0",-97.599861,37.941528,184.8429565,"132-197"
"2619","Harvey",-15.57,NA,1976-03-26,375633097355002,79,0,c(-97.599861, 37.941528),"1976","71-0",-97.599861,37.941528,184.8429565,"132-197"
"2620","Harvey",-15.62,NA,1976-04-28,375633097355002,79,0,c(-97.599861, 37.941528),"1976","71-0",-97.599861,37.941528,184.8429565,"132-197"
"2621","Harvey",-15.19,NA,1976-05-24,375633097355002,79,0,c(-97.599861, 37.941528),"1976","71-0",-97.599861,37.941528,184.8429565,"132-197"
"2622","Harvey",-16.11,NA,1976-06-24,375633097355002,79,0,c(-97.599861, 37.941528),"1976","71-0",-97.599861,37.941528,184.8429565,"132-197"
"2623","Harvey",-15.65,NA,1976-07-26,375633097355002,79,0,c(-97.599861, 37.941528),"1976","71-0",-97.599861,37.941528,184.8429565,"132-197"
"2624","Harvey",-16.3,NA,1976-08-31,375633097355002,79,0,c(-97.599861, 37.941528),"1976","71-0",-97.599861,37.941528,184.8429565,"132-197"
"2625","Harvey",-16.46,NA,1976-09-24,375633097355002,79,0,c(-97.599861, 37.941528),"1976","71-0",-97.599861,37.941528,184.8429565,"132-197"
"2626","Harvey",-16.63,NA,1976-11-24,375633097355002,79,0,c(-97.599861, 37.941528),"1976","71-0",-97.599861,37.941528,184.8429565,"132-197"
"2627","Harvey",-16.43,NA,1976-12-16,375633097355002,79,0,c(-97.599861, 37.941528),"1976","71-0",-97.599861,37.941528,184.8429565,"132-197"
"2628","Sedgwick",-10.99,NA,1976-02-27,375421097341102,173,0,c(-97.573611, 37.905972),"1976","71-0",-97.573611,37.905972,146.8540192,"132-197"
"2629","Sedgwick",-10.99,NA,1976-03-19,375421097341102,173,0,c(-97.573611, 37.905972),"1976","71-0",-97.573611,37.905972,146.8540192,"132-197"
"2630","Sedgwick",-11.74,NA,1976-04-26,375421097341102,173,0,c(-97.573611, 37.905972),"1976","71-0",-97.573611,37.905972,146.8540192,"132-197"
"2631","Sedgwick",-10.5,NA,1976-05-19,375421097341102,173,0,c(-97.573611, 37.905972),"1976","71-0",-97.573611,37.905972,146.8540192,"132-197"
"2632","Sedgwick",-11.49,NA,1976-06-23,375421097341102,173,0,c(-97.573611, 37.905972),"1976","71-0",-97.573611,37.905972,146.8540192,"132-197"
"2633","Sedgwick",-10.65,NA,1976-07-23,375421097341102,173,0,c(-97.573611, 37.905972),"1976","71-0",-97.573611,37.905972,146.8540192,"132-197"
"2634","Sedgwick",-11.71,NA,1976-08-31,375421097341102,173,0,c(-97.573611, 37.905972),"1976","71-0",-97.573611,37.905972,146.8540192,"132-197"
"2635","Sedgwick",-11.57,NA,1976-09-21,375421097341102,173,0,c(-97.573611, 37.905972),"1976","71-0",-97.573611,37.905972,146.8540192,"132-197"
"2636","Sedgwick",-12.56,NA,1976-11-29,375421097341102,173,0,c(-97.573611, 37.905972),"1976","71-0",-97.573611,37.905972,146.8540192,"132-197"
"2637","Sedgwick",-13.09,NA,1976-12-29,375421097341102,173,0,c(-97.573611, 37.905972),"1976","71-0",-97.573611,37.905972,146.8540192,"132-197"
"2638","Harvey",-26.85,NA,1976-01-01,375632097295101,79,0,c(-97.500297, 37.941539),"1976","71-0",-97.500297,37.941539,163.3537598,"132-197"
"2639","Harvey",-26.78,NA,1976-06-30,375632097295101,79,0,c(-97.500297, 37.941539),"1976","71-0",-97.500297,37.941539,163.3537598,"132-197"
"2640","Harvey",-26.7,NA,1976-10-01,375632097295101,79,0,c(-97.500297, 37.941539),"1976","71-0",-97.500297,37.941539,163.3537598,"132-197"
"2641","Harvey",-26.72,NA,1976-12-21,375632097295101,79,0,c(-97.500297, 37.941539),"1976","71-0",-97.500297,37.941539,163.3537598,"132-197"
"2642","Harvey",-22.84,NA,1976-02-18,375632097313702,79,0,c(-97.530278, 37.941528),"1976","71-0",-97.530278,37.941528,175.8279266,"132-197"
"2643","Harvey",-24.12,NA,1976-03-26,375632097313702,79,0,c(-97.530278, 37.941528),"1976","71-0",-97.530278,37.941528,175.8279266,"132-197"
"2644","Harvey",-23.88,NA,1976-04-26,375632097313702,79,0,c(-97.530278, 37.941528),"1976","71-0",-97.530278,37.941528,175.8279266,"132-197"
"2645","Harvey",-23.37,NA,1976-05-18,375632097313702,79,0,c(-97.530278, 37.941528),"1976","71-0",-97.530278,37.941528,175.8279266,"132-197"
"2646","Harvey",-24.99,NA,1976-06-22,375632097313702,79,0,c(-97.530278, 37.941528),"1976","71-0",-97.530278,37.941528,175.8279266,"132-197"
"2647","Harvey",-27.32,NA,1976-07-30,375632097313702,79,0,c(-97.530278, 37.941528),"1976","71-0",-97.530278,37.941528,175.8279266,"132-197"
"2648","Harvey",-27.8,NA,1976-08-30,375632097313702,79,0,c(-97.530278, 37.941528),"1976","71-0",-97.530278,37.941528,175.8279266,"132-197"
"2649","Harvey",-26.35,NA,1976-09-21,375632097313702,79,0,c(-97.530278, 37.941528),"1976","71-0",-97.530278,37.941528,175.8279266,"132-197"
"2650","Harvey",-25.7,NA,1976-11-22,375632097313702,79,0,c(-97.530278, 37.941528),"1976","71-0",-97.530278,37.941528,175.8279266,"132-197"
"2651","Harvey",-25.5,NA,1976-12-16,375632097313702,79,0,c(-97.530278, 37.941528),"1976","71-0",-97.530278,37.941528,175.8279266,"132-197"
"2652","Sedgwick",-12.16,NA,1976-02-19,375230097273702,173,0,c(-97.46375, 37.874583),"1976","71-0",-97.46375,37.874583,149.999176,"132-197"
"2653","Sedgwick",-13.1,NA,1976-03-31,375230097273702,173,0,c(-97.46375, 37.874583),"1976","71-0",-97.46375,37.874583,149.999176,"132-197"
"2654","Sedgwick",-12.42,NA,1976-04-21,375230097273702,173,0,c(-97.46375, 37.874583),"1976","71-0",-97.46375,37.874583,149.999176,"132-197"
"2655","Sedgwick",-12.88,NA,1976-05-19,375230097273702,173,0,c(-97.46375, 37.874583),"1976","71-0",-97.46375,37.874583,149.999176,"132-197"
"2656","Sedgwick",-13.02,NA,1976-06-22,375230097273702,173,0,c(-97.46375, 37.874583),"1976","71-0",-97.46375,37.874583,149.999176,"132-197"
"2657","Sedgwick",-13.1,NA,1976-07-23,375230097273702,173,0,c(-97.46375, 37.874583),"1976","71-0",-97.46375,37.874583,149.999176,"132-197"
"2658","Sedgwick",-14.12,NA,1976-08-23,375230097273702,173,0,c(-97.46375, 37.874583),"1976","71-0",-97.46375,37.874583,149.999176,"132-197"
"2659","Sedgwick",-14.65,NA,1976-09-21,375230097273702,173,0,c(-97.46375, 37.874583),"1976","71-0",-97.46375,37.874583,149.999176,"132-197"
"2660","Sedgwick",-15.1,NA,1976-11-23,375230097273702,173,0,c(-97.46375, 37.874583),"1976","71-0",-97.46375,37.874583,149.999176,"132-197"
"2661","Sedgwick",-15.05,NA,1976-12-16,375230097273702,173,0,c(-97.46375, 37.874583),"1976","71-0",-97.46375,37.874583,149.999176,"132-197"
"2662","Harvey",-3.17,NA,1976-01-01,375448097405502,79,0,c(-97.683889, 37.9125),"1976","71-0",-97.683889,37.9125,223.3004761,"198-262"
"2663","Harvey",-3.28,NA,1976-06-28,375448097405502,79,0,c(-97.683889, 37.9125),"1976","71-0",-97.683889,37.9125,223.3004761,"198-262"
"2664","Harvey",-4.54,NA,1976-10-01,375448097405502,79,0,c(-97.683889, 37.9125),"1976","71-0",-97.683889,37.9125,223.3004761,"198-262"
"2665","Harvey",-4.13,NA,1976-12-22,375448097405502,79,0,c(-97.683889, 37.9125),"1976","71-0",-97.683889,37.9125,223.3004761,"198-262"
"2666","Sedgwick",-15.55,NA,1976-02-19,375256097274502,173,0,c(-97.464028, 37.883056),"1976","71-0",-97.464028,37.883056,149.7455902,"132-197"
"2667","Sedgwick",-16.1,NA,1976-03-18,375256097274502,173,0,c(-97.464028, 37.883056),"1976","71-0",-97.464028,37.883056,149.7455902,"132-197"
"2668","Sedgwick",-16.26,NA,1976-04-21,375256097274502,173,0,c(-97.464028, 37.883056),"1976","71-0",-97.464028,37.883056,149.7455902,"132-197"
"2669","Sedgwick",-16.68,NA,1976-05-24,375256097274502,173,0,c(-97.464028, 37.883056),"1976","71-0",-97.464028,37.883056,149.7455902,"132-197"
"2670","Sedgwick",-17.29,NA,1976-06-29,375256097274502,173,0,c(-97.464028, 37.883056),"1976","71-0",-97.464028,37.883056,149.7455902,"132-197"
"2671","Sedgwick",-16.59,NA,1976-07-20,375256097274502,173,0,c(-97.464028, 37.883056),"1976","71-0",-97.464028,37.883056,149.7455902,"132-197"
"2672","Sedgwick",-18.09,NA,1976-08-30,375256097274502,173,0,c(-97.464028, 37.883056),"1976","71-0",-97.464028,37.883056,149.7455902,"132-197"
"2673","Sedgwick",-18.62,NA,1976-09-27,375256097274502,173,0,c(-97.464028, 37.883056),"1976","71-0",-97.464028,37.883056,149.7455902,"132-197"
"2674","Sedgwick",-19.22,NA,1976-11-24,375256097274502,173,0,c(-97.464028, 37.883056),"1976","71-0",-97.464028,37.883056,149.7455902,"132-197"
"2675","Sedgwick",-19.47,NA,1976-12-21,375256097274502,173,0,c(-97.464028, 37.883056),"1976","71-0",-97.464028,37.883056,149.7455902,"132-197"
"2676","Sedgwick",-15.68,NA,1976-02-19,375256097274503,173,0,c(-97.464028, 37.883056),"1976","71-0",-97.464028,37.883056,149.7455902,"132-197"
"2677","Sedgwick",-16.2,NA,1976-03-18,375256097274503,173,0,c(-97.464028, 37.883056),"1976","71-0",-97.464028,37.883056,149.7455902,"132-197"
"2678","Sedgwick",-16.48,NA,1976-04-21,375256097274503,173,0,c(-97.464028, 37.883056),"1976","71-0",-97.464028,37.883056,149.7455902,"132-197"
"2679","Sedgwick",-16.7,NA,1976-05-24,375256097274503,173,0,c(-97.464028, 37.883056),"1976","71-0",-97.464028,37.883056,149.7455902,"132-197"
"2680","Sedgwick",-17.13,NA,1976-06-29,375256097274503,173,0,c(-97.464028, 37.883056),"1976","71-0",-97.464028,37.883056,149.7455902,"132-197"
"2681","Sedgwick",-16.65,NA,1976-07-20,375256097274503,173,0,c(-97.464028, 37.883056),"1976","71-0",-97.464028,37.883056,149.7455902,"132-197"
"2682","Sedgwick",-18.2,NA,1976-08-30,375256097274503,173,0,c(-97.464028, 37.883056),"1976","71-0",-97.464028,37.883056,149.7455902,"132-197"
"2683","Sedgwick",-18.88,NA,1976-09-27,375256097274503,173,0,c(-97.464028, 37.883056),"1976","71-0",-97.464028,37.883056,149.7455902,"132-197"
"2684","Sedgwick",-19.14,NA,1976-11-24,375256097274503,173,0,c(-97.464028, 37.883056),"1976","71-0",-97.464028,37.883056,149.7455902,"132-197"
"2685","Sedgwick",-19.42,NA,1976-12-21,375256097274503,173,0,c(-97.464028, 37.883056),"1976","71-0",-97.464028,37.883056,149.7455902,"132-197"
"2686","Harvey",-22.17,NA,1976-02-23,375540097323403,79,0,c(-97.544306, 37.926944),"1976","71-0",-97.544306,37.926944,192.9073486,"132-197"
"2687","Harvey",-23.24,NA,1976-03-23,375540097323403,79,0,c(-97.544306, 37.926944),"1976","71-0",-97.544306,37.926944,192.9073486,"132-197"
"2688","Harvey",-27.38,NA,1976-04-23,375540097323403,79,0,c(-97.544306, 37.926944),"1976","71-0",-97.544306,37.926944,192.9073486,"132-197"
"2689","Harvey",-24.05,NA,1976-05-19,375540097323403,79,0,c(-97.544306, 37.926944),"1976","71-0",-97.544306,37.926944,192.9073486,"132-197"
"2690","Harvey",-26.66,NA,1976-06-22,375540097323403,79,0,c(-97.544306, 37.926944),"1976","71-0",-97.544306,37.926944,192.9073486,"132-197"
"2691","Harvey",-30.99,NA,1976-07-23,375540097323403,79,0,c(-97.544306, 37.926944),"1976","71-0",-97.544306,37.926944,192.9073486,"132-197"
"2692","Harvey",-30.66,NA,1976-08-31,375540097323403,79,0,c(-97.544306, 37.926944),"1976","71-0",-97.544306,37.926944,192.9073486,"132-197"
"2693","Harvey",-25,NA,1976-09-21,375540097323403,79,0,c(-97.544306, 37.926944),"1976","71-0",-97.544306,37.926944,192.9073486,"132-197"
"2694","Harvey",-26.12,NA,1976-11-24,375540097323403,79,0,c(-97.544306, 37.926944),"1976","71-0",-97.544306,37.926944,192.9073486,"132-197"
"2695","Harvey",-25.84,NA,1976-12-28,375540097323403,79,0,c(-97.544306, 37.926944),"1976","71-0",-97.544306,37.926944,192.9073486,"132-197"
"2696","Sedgwick",-10.65,NA,1976-01-01,375355097320101,173,0,c(-97.536667, 37.898056),"1976","71-0",-97.536667,37.898056,198.6500854,"198-262"
"2697","Sedgwick",-11.53,NA,1976-06-30,375355097320101,173,0,c(-97.536667, 37.898056),"1976","71-0",-97.536667,37.898056,198.6500854,"198-262"
"2698","Sedgwick",-12.05,NA,1976-10-01,375355097320101,173,0,c(-97.536667, 37.898056),"1976","71-0",-97.536667,37.898056,198.6500854,"198-262"
"2699","Sedgwick",-13.16,NA,1976-12-21,375355097320101,173,0,c(-97.536667, 37.898056),"1976","71-0",-97.536667,37.898056,198.6500854,"198-262"
"2700","Sedgwick",-11.71,NA,1976-02-20,375355097333001,173,0,c(-97.56, 37.897917),"1976","71-0",-97.56,37.897917,149.0459137,"132-197"
"2701","Sedgwick",-13.69,NA,1976-03-22,375355097333001,173,0,c(-97.56, 37.897917),"1976","71-0",-97.56,37.897917,149.0459137,"132-197"
"2702","Sedgwick",-12.9,NA,1976-04-21,375355097333001,173,0,c(-97.56, 37.897917),"1976","71-0",-97.56,37.897917,149.0459137,"132-197"
"2703","Sedgwick",-12,NA,1976-05-19,375355097333001,173,0,c(-97.56, 37.897917),"1976","71-0",-97.56,37.897917,149.0459137,"132-197"
"2704","Sedgwick",-12.64,NA,1976-06-22,375355097333001,173,0,c(-97.56, 37.897917),"1976","71-0",-97.56,37.897917,149.0459137,"132-197"
"2705","Sedgwick",-13.3,NA,1976-07-29,375355097333001,173,0,c(-97.56, 37.897917),"1976","71-0",-97.56,37.897917,149.0459137,"132-197"
"2706","Sedgwick",-14.81,NA,1976-08-31,375355097333001,173,0,c(-97.56, 37.897917),"1976","71-0",-97.56,37.897917,149.0459137,"132-197"
"2707","Sedgwick",-13.66,NA,1976-09-21,375355097333001,173,0,c(-97.56, 37.897917),"1976","71-0",-97.56,37.897917,149.0459137,"132-197"
"2708","Sedgwick",-14.72,NA,1976-11-23,375355097333001,173,0,c(-97.56, 37.897917),"1976","71-0",-97.56,37.897917,149.0459137,"132-197"
"2709","Sedgwick",-15.59,NA,1976-12-20,375355097333001,173,0,c(-97.56, 37.897917),"1976","71-0",-97.56,37.897917,149.0459137,"132-197"
"2710","Harvey",-9.13,NA,1976-01-01,375447097273701,79,0,c(-97.463714, 37.912403),"1976","71-0",-97.463714,37.912403,145.8815308,"132-197"
"2711","Harvey",-10.8,NA,1976-06-28,375447097273701,79,0,c(-97.463714, 37.912403),"1976","71-0",-97.463714,37.912403,145.8815308,"132-197"
"2712","Harvey",-12.26,NA,1976-10-01,375447097273701,79,0,c(-97.463714, 37.912403),"1976","71-0",-97.463714,37.912403,145.8815308,"132-197"
"2713","Harvey",-13.92,NA,1976-12-21,375447097273701,79,0,c(-97.463714, 37.912403),"1976","71-0",-97.463714,37.912403,145.8815308,"132-197"
"2714","Sedgwick",-6.97,NA,1976-01-01,375348097341901,173,0,c(-97.57375, 37.897778),"1976","71-0",-97.57375,37.897778,129.6610718,"66-131"
"2715","Sedgwick",-7.09,NA,1976-06-30,375348097341901,173,0,c(-97.57375, 37.897778),"1976","71-0",-97.57375,37.897778,129.6610718,"66-131"
"2716","Sedgwick",-8.28,NA,1976-10-01,375348097341901,173,0,c(-97.57375, 37.897778),"1976","71-0",-97.57375,37.897778,129.6610718,"66-131"
"2717","Sedgwick",-9.04,NA,1976-12-22,375348097341901,173,0,c(-97.57375, 37.897778),"1976","71-0",-97.57375,37.897778,129.6610718,"66-131"
"2718","Harvey",-18.58,NA,1976-01-01,375533097295901,79,0,c(-97.500833, 37.926806),"1976","71-0",-97.500833,37.926806,163.6226196,"132-197"
"2719","Harvey",-19.55,NA,1976-06-30,375533097295901,79,0,c(-97.500833, 37.926806),"1976","71-0",-97.500833,37.926806,163.6226196,"132-197"
"2720","Harvey",-21.55,NA,1976-10-01,375533097295901,79,0,c(-97.500833, 37.926806),"1976","71-0",-97.500833,37.926806,163.6226196,"132-197"
"2721","Harvey",-21.68,NA,1976-12-21,375533097295901,79,0,c(-97.500833, 37.926806),"1976","71-0",-97.500833,37.926806,163.6226196,"132-197"
"2722","Harvey",-34.63,"Halstead",1976-01-09,380318097364301,79,0,c(-97.615149, 38.054104),"1976","71-0",-97.615149,38.054104,218.8471375,"198-262"
"2723","Harvey",-26.44,NA,1976-01-01,380239097395402,79,0,c(-97.665722, 38.043333),"1976","71-0",-97.665722,38.043333,203.8455811,"198-262"
"2724","Harvey",-25.63,NA,1976-06-30,380239097395402,79,0,c(-97.665722, 38.043333),"1976","71-0",-97.665722,38.043333,203.8455811,"198-262"
"2725","Harvey",-28.45,NA,1976-10-01,380239097395402,79,0,c(-97.665722, 38.043333),"1976","71-0",-97.665722,38.043333,203.8455811,"198-262"
"2726","Harvey",-28.07,NA,1976-12-22,380239097395402,79,0,c(-97.665722, 38.043333),"1976","71-0",-97.665722,38.043333,203.8455811,"198-262"
"2727","Harvey",-20.53,NA,1976-02-19,375658097320202,79,0,c(-97.537083, 37.949861),"1976","71-0",-97.537083,37.949861,181.0086823,"132-197"
"2728","Harvey",-20.62,NA,1976-04-26,375658097320202,79,0,c(-97.537083, 37.949861),"1976","71-0",-97.537083,37.949861,181.0086823,"132-197"
"2729","Harvey",-19.48,NA,1976-05-18,375658097320202,79,0,c(-97.537083, 37.949861),"1976","71-0",-97.537083,37.949861,181.0086823,"132-197"
"2730","Harvey",-20.6,NA,1976-06-17,375658097320202,79,0,c(-97.537083, 37.949861),"1976","71-0",-97.537083,37.949861,181.0086823,"132-197"
"2731","Harvey",-19.11,NA,1976-06-22,375658097320202,79,0,c(-97.537083, 37.949861),"1976","71-0",-97.537083,37.949861,181.0086823,"132-197"
"2732","Harvey",-18.93,NA,1976-07-20,375658097320202,79,0,c(-97.537083, 37.949861),"1976","71-0",-97.537083,37.949861,181.0086823,"132-197"
"2733","Harvey",-19.44,NA,1976-08-19,375658097320202,79,0,c(-97.537083, 37.949861),"1976","71-0",-97.537083,37.949861,181.0086823,"132-197"
"2734","Harvey",-20.37,NA,1976-09-21,375658097320202,79,0,c(-97.537083, 37.949861),"1976","71-0",-97.537083,37.949861,181.0086823,"132-197"
"2735","Harvey",-21.1,NA,1976-11-22,375658097320202,79,0,c(-97.537083, 37.949861),"1976","71-0",-97.537083,37.949861,181.0086823,"132-197"
"2736","Harvey",-21.22,NA,1976-12-16,375658097320202,79,0,c(-97.537083, 37.949861),"1976","71-0",-97.537083,37.949861,181.0086823,"132-197"
"2737","Harvey",-22.17,NA,1976-01-01,380048097362501,79,0,c(-97.610178, 38.014),"1976","71-0",-97.610178,38.014,216.2524719,"198-262"
"2738","Harvey",-22.77,NA,1976-06-30,380048097362501,79,0,c(-97.610178, 38.014),"1976","71-0",-97.610178,38.014,216.2524719,"198-262"
"2739","Harvey",-25.5,NA,1976-10-01,380048097362501,79,0,c(-97.610178, 38.014),"1976","71-0",-97.610178,38.014,216.2524719,"198-262"
"2740","Harvey",-23.81,NA,1976-12-22,380048097362501,79,0,c(-97.610178, 38.014),"1976","71-0",-97.610178,38.014,216.2524719,"198-262"
"2741","Harvey",-28,NA,1976-02-18,375810097334001,79,0,c(-97.563889, 37.970139),"1976","71-0",-97.563889,37.970139,200.254303,"198-262"
"2742","Harvey",-28,NA,1976-03-17,375810097334001,79,0,c(-97.563889, 37.970139),"1976","71-0",-97.563889,37.970139,200.254303,"198-262"
"2743","Harvey",-29,NA,1976-04-20,375810097334001,79,0,c(-97.563889, 37.970139),"1976","71-0",-97.563889,37.970139,200.254303,"198-262"
"2744","Harvey",-27,NA,1976-05-24,375810097334001,79,0,c(-97.563889, 37.970139),"1976","71-0",-97.563889,37.970139,200.254303,"198-262"
"2745","Harvey",-28,NA,1976-06-22,375810097334001,79,0,c(-97.563889, 37.970139),"1976","71-0",-97.563889,37.970139,200.254303,"198-262"
"2746","Harvey",-29,NA,1976-07-21,375810097334001,79,0,c(-97.563889, 37.970139),"1976","71-0",-97.563889,37.970139,200.254303,"198-262"
"2747","Harvey",-31.5,NA,1976-08-19,375810097334001,79,0,c(-97.563889, 37.970139),"1976","71-0",-97.563889,37.970139,200.254303,"198-262"
"2748","Harvey",-29.5,NA,1976-09-15,375810097334001,79,0,c(-97.563889, 37.970139),"1976","71-0",-97.563889,37.970139,200.254303,"198-262"
"2749","Harvey",-28,NA,1976-11-22,375810097334001,79,0,c(-97.563889, 37.970139),"1976","71-0",-97.563889,37.970139,200.254303,"198-262"
"2750","Harvey",-28,NA,1976-12-16,375810097334001,79,0,c(-97.563889, 37.970139),"1976","71-0",-97.563889,37.970139,200.254303,"198-262"
"2751","Harvey",-26.78,NA,1976-01-01,375810097342101,79,0,c(-97.574167, 37.970556),"1976","71-0",-97.574167,37.970556,209.9563599,"198-262"
"2752","Harvey",-28.33,NA,1976-06-28,375810097342101,79,0,c(-97.574167, 37.970556),"1976","71-0",-97.574167,37.970556,209.9563599,"198-262"
"2753","Harvey",-28.63,NA,1976-10-01,375810097342101,79,0,c(-97.574167, 37.970556),"1976","71-0",-97.574167,37.970556,209.9563599,"198-262"
"2754","Harvey",-28.77,NA,1976-12-22,375810097342101,79,0,c(-97.574167, 37.970556),"1976","71-0",-97.574167,37.970556,209.9563599,"198-262"
"2755","Harvey",-33.12,NA,1976-01-01,380001097342101,79,0,c(-97.573889, 37.999722),"1976","71-0",-97.573889,37.999722,206.3803253,"198-262"
"2756","Harvey",-33.67,NA,1976-06-30,380001097342101,79,0,c(-97.573889, 37.999722),"1976","71-0",-97.573889,37.999722,206.3803253,"198-262"
"2757","Harvey",-36.27,NA,1976-10-01,380001097342101,79,0,c(-97.573889, 37.999722),"1976","71-0",-97.573889,37.999722,206.3803253,"198-262"
"2758","Harvey",-34.71,NA,1976-12-22,380001097342101,79,0,c(-97.573889, 37.999722),"1976","71-0",-97.573889,37.999722,206.3803253,"198-262"
"2759","Harvey",-5.52,"PATTERSON",1976-01-01,380002097401701,79,0,c(-97.674522, 37.999872),"1976","71-0",-97.674522,37.999872,125.8531723,"66-131"
"2760","Harvey",-5.18,"PATTERSON",1976-06-30,380002097401701,79,0,c(-97.674522, 37.999872),"1976","71-0",-97.674522,37.999872,125.8531723,"66-131"
"2761","Harvey",-6.27,"PATTERSON",1976-10-01,380002097401701,79,0,c(-97.674522, 37.999872),"1976","71-0",-97.674522,37.999872,125.8531723,"66-131"
"2762","Harvey",-6.56,"PATTERSON",1976-12-22,380002097401701,79,0,c(-97.674522, 37.999872),"1976","71-0",-97.674522,37.999872,125.8531723,"66-131"
"2763","Harvey",-9.59,"PATTERSON",1976-01-01,375811097415501,79,0,c(-97.701806, 37.970417),"1976","71-0",-97.701806,37.970417,179.7404633,"132-197"
"2764","Harvey",-8.19,"PATTERSON",1976-06-30,375811097415501,79,0,c(-97.701806, 37.970417),"1976","71-0",-97.701806,37.970417,179.7404633,"132-197"
"2765","Harvey",-10.13,"PATTERSON",1976-10-01,375811097415501,79,0,c(-97.701806, 37.970417),"1976","71-0",-97.701806,37.970417,179.7404633,"132-197"
"2766","Harvey",-10.64,"PATTERSON",1976-12-22,375811097415501,79,0,c(-97.701806, 37.970417),"1976","71-0",-97.701806,37.970417,179.7404633,"132-197"
"2767","Harvey",-26.53,NA,1976-02-18,375817097330701,79,0,c(-97.555278, 37.97125),"1976","71-0",-97.555278,37.97125,184.97612,"132-197"
"2768","Harvey",-26.56,NA,1976-03-17,375817097330701,79,0,c(-97.555278, 37.97125),"1976","71-0",-97.555278,37.97125,184.97612,"132-197"
"2769","Harvey",-26.88,NA,1976-04-29,375817097330701,79,0,c(-97.555278, 37.97125),"1976","71-0",-97.555278,37.97125,184.97612,"132-197"
"2770","Harvey",-26.65,NA,1976-05-18,375817097330701,79,0,c(-97.555278, 37.97125),"1976","71-0",-97.555278,37.97125,184.97612,"132-197"
"2771","Harvey",-26.6,NA,1976-06-24,375817097330701,79,0,c(-97.555278, 37.97125),"1976","71-0",-97.555278,37.97125,184.97612,"132-197"
"2772","Harvey",-26.64,NA,1976-07-22,375817097330701,79,0,c(-97.555278, 37.97125),"1976","71-0",-97.555278,37.97125,184.97612,"132-197"
"2773","Harvey",-27.61,NA,1976-08-30,375817097330701,79,0,c(-97.555278, 37.97125),"1976","71-0",-97.555278,37.97125,184.97612,"132-197"
"2774","Harvey",-28,NA,1976-09-21,375817097330701,79,0,c(-97.555278, 37.97125),"1976","71-0",-97.555278,37.97125,184.97612,"132-197"
"2775","Harvey",-27.9,NA,1976-11-22,375817097330701,79,0,c(-97.555278, 37.97125),"1976","71-0",-97.555278,37.97125,184.97612,"132-197"
"2776","Harvey",-27.76,NA,1976-12-20,375817097330701,79,0,c(-97.555278, 37.97125),"1976","71-0",-97.555278,37.97125,184.97612,"132-197"
"2777","Harvey",-11.7,NA,1976-02-25,375817097365701,79,0,c(-97.61875, 37.970833),"1976","71-0",-97.61875,37.970833,198.3068542,"198-262"
"2778","Harvey",-11.19,NA,1976-03-19,375817097365701,79,0,c(-97.61875, 37.970833),"1976","71-0",-97.61875,37.970833,198.3068542,"198-262"
"2779","Harvey",-12.22,NA,1976-04-23,375817097365701,79,0,c(-97.61875, 37.970833),"1976","71-0",-97.61875,37.970833,198.3068542,"198-262"
"2780","Harvey",-12.07,NA,1976-05-24,375817097365701,79,0,c(-97.61875, 37.970833),"1976","71-0",-97.61875,37.970833,198.3068542,"198-262"
"2781","Harvey",-11.58,NA,1976-06-30,375817097365701,79,0,c(-97.61875, 37.970833),"1976","71-0",-97.61875,37.970833,198.3068542,"198-262"
"2782","Harvey",-11.99,NA,1976-07-23,375817097365701,79,0,c(-97.61875, 37.970833),"1976","71-0",-97.61875,37.970833,198.3068542,"198-262"
"2783","Harvey",-12.34,NA,1976-08-19,375817097365701,79,0,c(-97.61875, 37.970833),"1976","71-0",-97.61875,37.970833,198.3068542,"198-262"
"2784","Harvey",-12.2,NA,1976-09-24,375817097365701,79,0,c(-97.61875, 37.970833),"1976","71-0",-97.61875,37.970833,198.3068542,"198-262"
"2785","Harvey",-12.9,NA,1976-11-23,375817097365701,79,0,c(-97.61875, 37.970833),"1976","71-0",-97.61875,37.970833,198.3068542,"198-262"
"2786","Harvey",-12.26,NA,1976-12-16,375817097365701,79,0,c(-97.61875, 37.970833),"1976","71-0",-97.61875,37.970833,198.3068542,"198-262"
"2787","Reno",-8.64,NA,1976-01-15,380136097481601,155,0,c(-97.804877, 38.026531),"1976","71-0",-97.804877,38.026531,94.5076141,"66-131"
"2788","Harvey",-28.25,NA,1976-02-19,375836097334002,79,0,c(-97.564583, 37.975972),"1976","71-0",-97.564583,37.975972,200.9033356,"198-262"
"2789","Harvey",-28.02,NA,1976-03-25,375836097334002,79,0,c(-97.564583, 37.975972),"1976","71-0",-97.564583,37.975972,200.9033356,"198-262"
"2790","Harvey",-28.24,NA,1976-04-21,375836097334002,79,0,c(-97.564583, 37.975972),"1976","71-0",-97.564583,37.975972,200.9033356,"198-262"
"2791","Harvey",-28.99,NA,1976-05-24,375836097334002,79,0,c(-97.564583, 37.975972),"1976","71-0",-97.564583,37.975972,200.9033356,"198-262"
"2792","Harvey",-27.94,NA,1976-06-22,375836097334002,79,0,c(-97.564583, 37.975972),"1976","71-0",-97.564583,37.975972,200.9033356,"198-262"
"2793","Harvey",-28.1,NA,1976-07-23,375836097334002,79,0,c(-97.564583, 37.975972),"1976","71-0",-97.564583,37.975972,200.9033356,"198-262"
"2794","Harvey",-29.41,NA,1976-08-20,375836097334002,79,0,c(-97.564583, 37.975972),"1976","71-0",-97.564583,37.975972,200.9033356,"198-262"
"2795","Harvey",-30.07,NA,1976-09-15,375836097334002,79,0,c(-97.564583, 37.975972),"1976","71-0",-97.564583,37.975972,200.9033356,"198-262"
"2796","Harvey",-29.39,NA,1976-11-22,375836097334002,79,0,c(-97.564583, 37.975972),"1976","71-0",-97.564583,37.975972,200.9033356,"198-262"
"2797","Harvey",-29.04,NA,1976-12-16,375836097334002,79,0,c(-97.564583, 37.975972),"1976","71-0",-97.564583,37.975972,200.9033356,"198-262"
"2798","Harvey",-43.73,NA,1976-01-01,375909097273701,79,0,c(-97.463472, 37.985278),"1976","71-0",-97.463472,37.985278,120.1410599,"66-131"
"2799","Harvey",-43.72,NA,1976-06-30,375909097273701,79,0,c(-97.463472, 37.985278),"1976","71-0",-97.463472,37.985278,120.1410599,"66-131"
"2800","Harvey",-48.03,NA,1976-10-01,375909097273701,79,0,c(-97.463472, 37.985278),"1976","71-0",-97.463472,37.985278,120.1410599,"66-131"
"2801","Harvey",-47.19,NA,1976-12-21,375909097273701,79,0,c(-97.463472, 37.985278),"1976","71-0",-97.463472,37.985278,120.1410599,"66-131"
"2802","Harvey",-19.68,NA,1976-02-27,375744097321002,79,0,c(-97.538406, 37.962262),"1976","71-0",-97.538406,37.962262,179.4243927,"132-197"
"2803","Harvey",-20.06,NA,1976-03-31,375744097321002,79,0,c(-97.538406, 37.962262),"1976","71-0",-97.538406,37.962262,179.4243927,"132-197"
"2804","Harvey",-19.74,NA,1976-04-21,375744097321002,79,0,c(-97.538406, 37.962262),"1976","71-0",-97.538406,37.962262,179.4243927,"132-197"
"2805","Harvey",-18.77,NA,1976-05-18,375744097321002,79,0,c(-97.538406, 37.962262),"1976","71-0",-97.538406,37.962262,179.4243927,"132-197"
"2806","Harvey",-19.17,NA,1976-06-22,375744097321002,79,0,c(-97.538406, 37.962262),"1976","71-0",-97.538406,37.962262,179.4243927,"132-197"
"2807","Harvey",-18.51,NA,1976-07-23,375744097321002,79,0,c(-97.538406, 37.962262),"1976","71-0",-97.538406,37.962262,179.4243927,"132-197"
"2808","Harvey",-19.04,NA,1976-08-19,375744097321002,79,0,c(-97.538406, 37.962262),"1976","71-0",-97.538406,37.962262,179.4243927,"132-197"
"2809","Harvey",-20.05,NA,1976-09-24,375744097321002,79,0,c(-97.538406, 37.962262),"1976","71-0",-97.538406,37.962262,179.4243927,"132-197"
"2810","Harvey",-20.1,NA,1976-11-22,375744097321002,79,0,c(-97.538406, 37.962262),"1976","71-0",-97.538406,37.962262,179.4243927,"132-197"
"2811","Harvey",-20.37,NA,1976-12-27,375744097321002,79,0,c(-97.538406, 37.962262),"1976","71-0",-97.538406,37.962262,179.4243927,"132-197"
"2812","Harvey",-23,NA,1976-02-19,375843097363301,79,0,c(-97.610694, 37.978611),"1976","71-0",-97.610694,37.978611,203.6569672,"198-262"
"2813","Harvey",-37,NA,1976-03-22,375843097363301,79,0,c(-97.610694, 37.978611),"1976","71-0",-97.610694,37.978611,203.6569672,"198-262"
"2814","Harvey",-25,NA,1976-04-21,375843097363301,79,0,c(-97.610694, 37.978611),"1976","71-0",-97.610694,37.978611,203.6569672,"198-262"
"2815","Harvey",-25,NA,1976-05-19,375843097363301,79,0,c(-97.610694, 37.978611),"1976","71-0",-97.610694,37.978611,203.6569672,"198-262"
"2816","Harvey",-39,NA,1976-06-22,375843097363301,79,0,c(-97.610694, 37.978611),"1976","71-0",-97.610694,37.978611,203.6569672,"198-262"
"2817","Harvey",-39.5,NA,1976-07-23,375843097363301,79,0,c(-97.610694, 37.978611),"1976","71-0",-97.610694,37.978611,203.6569672,"198-262"
"2818","Harvey",-46,NA,1976-08-23,375843097363301,79,0,c(-97.610694, 37.978611),"1976","71-0",-97.610694,37.978611,203.6569672,"198-262"
"2819","Harvey",-40,NA,1976-09-30,375843097363301,79,0,c(-97.610694, 37.978611),"1976","71-0",-97.610694,37.978611,203.6569672,"198-262"
"2820","Harvey",-42.5,NA,1976-11-23,375843097363301,79,0,c(-97.610694, 37.978611),"1976","71-0",-97.610694,37.978611,203.6569672,"198-262"
"2821","Harvey",-40,NA,1976-12-16,375843097363301,79,0,c(-97.610694, 37.978611),"1976","71-0",-97.610694,37.978611,203.6569672,"198-262"
"2822","Reno",-21.2,NA,1976-01-15,375843097512001,155,0,c(-97.856515, 37.978268),"1976","71-0",-97.856515,37.978268,140.5936737,"132-197"
"2823","McPherson",-11.33,"Canton SW",1976-01-07,381813097253201,113,0,c(-97.426546, 38.303909),"1976","71-0",-97.426546,38.303909,60.6985283,"0-65"
"2824","McPherson",-35.27,"McPherson South",1976-01-08,381504097415701,113,0,c(-97.699423, 38.251392),"1976","71-0",-97.699423,38.251392,172.8939819,"132-197"
"2825","Harvey",-28.5,"HALSTEAD NW",1976-01-15,380838097400501,79,0,c(-97.668975, 38.143273),"1976","71-0",-97.668975,38.143273,163.0091553,"132-197"
"2826","McPherson",-100.68,"MCPHERSON NORTH",1976-01-05,382518097430501,113,0,c(-97.718953, 38.420487),"1976","143-72",-97.718953,38.420487,87.9265137,"66-131"
"2827","McPherson",-6.85,NA,1976-01-06,382702097281101,113,0,c(-97.469596, 38.450355),"1976","71-0",-97.469596,38.450355,NA,NA
"2828","McPherson",-46.54,"Canton SW",1976-01-06,382110097265601,113,0,c(-97.450213, 38.351641),"1976","71-0",-97.450213,38.351641,64.0667572,"0-65"
"2829","Harvey",-9.22,NA,1976-01-01,375718097284601,79,0,c(-97.482083, 37.955694),"1976","71-0",-97.482083,37.955694,137.5438843,"132-197"
"2830","Harvey",-10.18,NA,1976-06-28,375718097284601,79,0,c(-97.482083, 37.955694),"1976","71-0",-97.482083,37.955694,137.5438843,"132-197"
"2831","Harvey",-12.72,NA,1976-10-01,375718097284601,79,0,c(-97.482083, 37.955694),"1976","71-0",-97.482083,37.955694,137.5438843,"132-197"
"2832","Harvey",-12.54,NA,1976-12-21,375718097284601,79,0,c(-97.482083, 37.955694),"1976","71-0",-97.482083,37.955694,137.5438843,"132-197"
"2833","Sedgwick",-17.48,NA,1976-02-19,375329097284503,173,0,c(-97.481944, 37.890556),"1976","71-0",-97.481944,37.890556,160.7912445,"132-197"
"2834","Sedgwick",-17.62,NA,1976-03-23,375329097284503,173,0,c(-97.481944, 37.890556),"1976","71-0",-97.481944,37.890556,160.7912445,"132-197"
"2835","Sedgwick",-17.93,NA,1976-04-21,375329097284503,173,0,c(-97.481944, 37.890556),"1976","71-0",-97.481944,37.890556,160.7912445,"132-197"
"2836","Sedgwick",-17.55,NA,1976-05-18,375329097284503,173,0,c(-97.481944, 37.890556),"1976","71-0",-97.481944,37.890556,160.7912445,"132-197"
"2837","Sedgwick",-18.23,NA,1976-06-28,375329097284503,173,0,c(-97.481944, 37.890556),"1976","71-0",-97.481944,37.890556,160.7912445,"132-197"
"2838","Sedgwick",-19.37,NA,1976-07-30,375329097284503,173,0,c(-97.481944, 37.890556),"1976","71-0",-97.481944,37.890556,160.7912445,"132-197"
"2839","Sedgwick",-20.12,NA,1976-08-30,375329097284503,173,0,c(-97.481944, 37.890556),"1976","71-0",-97.481944,37.890556,160.7912445,"132-197"
"2840","Sedgwick",-19.65,NA,1976-09-21,375329097284503,173,0,c(-97.481944, 37.890556),"1976","71-0",-97.481944,37.890556,160.7912445,"132-197"
"2841","Sedgwick",-20.3,NA,1976-11-30,375329097284503,173,0,c(-97.481944, 37.890556),"1976","71-0",-97.481944,37.890556,160.7912445,"132-197"
"2842","Sedgwick",-20.24,NA,1976-12-20,375329097284503,173,0,c(-97.481944, 37.890556),"1976","71-0",-97.481944,37.890556,160.7912445,"132-197"
"2843","Sedgwick",-19.2,NA,1976-02-23,375441097310401,173,0,c(-97.519167, 37.912222),"1976","71-0",-97.519167,37.912222,183.6001282,"132-197"
"2844","Sedgwick",-19.16,NA,1976-03-29,375441097310401,173,0,c(-97.519167, 37.912222),"1976","71-0",-97.519167,37.912222,183.6001282,"132-197"
"2845","Sedgwick",-19.66,NA,1976-04-26,375441097310401,173,0,c(-97.519167, 37.912222),"1976","71-0",-97.519167,37.912222,183.6001282,"132-197"
"2846","Sedgwick",-20.03,NA,1976-05-20,375441097310401,173,0,c(-97.519167, 37.912222),"1976","71-0",-97.519167,37.912222,183.6001282,"132-197"
"2847","Sedgwick",-19.82,NA,1976-06-22,375441097310401,173,0,c(-97.519167, 37.912222),"1976","71-0",-97.519167,37.912222,183.6001282,"132-197"
"2848","Sedgwick",-20.31,NA,1976-07-23,375441097310401,173,0,c(-97.519167, 37.912222),"1976","71-0",-97.519167,37.912222,183.6001282,"132-197"
"2849","Sedgwick",-21.42,NA,1976-08-31,375441097310401,173,0,c(-97.519167, 37.912222),"1976","71-0",-97.519167,37.912222,183.6001282,"132-197"
"2850","Sedgwick",-21.38,NA,1976-09-21,375441097310401,173,0,c(-97.519167, 37.912222),"1976","71-0",-97.519167,37.912222,183.6001282,"132-197"
"2851","Sedgwick",-21.48,NA,1976-11-22,375441097310401,173,0,c(-97.519167, 37.912222),"1976","71-0",-97.519167,37.912222,183.6001282,"132-197"
"2852","Sedgwick",-21.5,NA,1976-12-16,375441097310401,173,0,c(-97.519167, 37.912222),"1976","71-0",-97.519167,37.912222,183.6001282,"132-197"
"2853","Sedgwick",-20.02,NA,1976-02-20,375441097341103,173,0,c(-97.573611, 37.912083),"1976","71-0",-97.573611,37.912083,161.2699432,"132-197"
"2854","Sedgwick",-20.38,NA,1976-03-19,375441097341103,173,0,c(-97.573611, 37.912083),"1976","71-0",-97.573611,37.912083,161.2699432,"132-197"
"2855","Sedgwick",-20.16,NA,1976-04-21,375441097341103,173,0,c(-97.573611, 37.912083),"1976","71-0",-97.573611,37.912083,161.2699432,"132-197"
"2856","Sedgwick",-26.98,NA,1976-05-25,375441097341103,173,0,c(-97.573611, 37.912083),"1976","71-0",-97.573611,37.912083,161.2699432,"132-197"
"2857","Sedgwick",-21.93,NA,1976-06-28,375441097341103,173,0,c(-97.573611, 37.912083),"1976","71-0",-97.573611,37.912083,161.2699432,"132-197"
"2858","Sedgwick",-20.63,NA,1976-07-20,375441097341103,173,0,c(-97.573611, 37.912083),"1976","71-0",-97.573611,37.912083,161.2699432,"132-197"
"2859","Sedgwick",-27.81,NA,1976-08-25,375441097341103,173,0,c(-97.573611, 37.912083),"1976","71-0",-97.573611,37.912083,161.2699432,"132-197"
"2860","Sedgwick",-26.43,NA,1976-09-28,375441097341103,173,0,c(-97.573611, 37.912083),"1976","71-0",-97.573611,37.912083,161.2699432,"132-197"
"2861","Sedgwick",-23.73,NA,1976-11-23,375441097341103,173,0,c(-97.573611, 37.912083),"1976","71-0",-97.573611,37.912083,161.2699432,"132-197"
"2862","Sedgwick",-21.97,NA,1976-12-16,375441097341103,173,0,c(-97.573611, 37.912083),"1976","71-0",-97.573611,37.912083,161.2699432,"132-197"
"2863","Harvey",-7.12,NA,1976-01-01,375540097362301,79,0,c(-97.610278, 37.927083),"1976","71-0",-97.610278,37.927083,156.455658,"132-197"
"2864","Harvey",-7.13,NA,1976-06-30,375540097362301,79,0,c(-97.610278, 37.927083),"1976","71-0",-97.610278,37.927083,156.455658,"132-197"
"2865","Harvey",-8.09,NA,1976-10-01,375540097362301,79,0,c(-97.610278, 37.927083),"1976","71-0",-97.610278,37.927083,156.455658,"132-197"
"2866","Harvey",-8.79,NA,1976-12-22,375540097362301,79,0,c(-97.610278, 37.927083),"1976","71-0",-97.610278,37.927083,156.455658,"132-197"
"2867","Harvey",-4.6,NA,1976-01-01,375540097373701,79,0,c(-97.629722, 37.927361),"1976","71-0",-97.629722,37.927361,155.9155579,"132-197"
"2868","Harvey",-4.53,NA,1976-06-30,375540097373701,79,0,c(-97.629722, 37.927361),"1976","71-0",-97.629722,37.927361,155.9155579,"132-197"
"2869","Harvey",-5.45,NA,1976-10-01,375540097373701,79,0,c(-97.629722, 37.927361),"1976","71-0",-97.629722,37.927361,155.9155579,"132-197"
"2870","Harvey",-5.97,NA,1976-12-22,375540097373701,79,0,c(-97.629722, 37.927361),"1976","71-0",-97.629722,37.927361,155.9155579,"132-197"
"2871","Sedgwick",-15.37,NA,1976-02-18,375355097284502,173,0,c(-97.481944, 37.899861),"1976","71-0",-97.481944,37.899861,159.9887848,"132-197"
"2872","Sedgwick",-15.28,NA,1976-03-18,375355097284502,173,0,c(-97.481944, 37.899861),"1976","71-0",-97.481944,37.899861,159.9887848,"132-197"
"2873","Sedgwick",-15.87,NA,1976-04-22,375355097284502,173,0,c(-97.481944, 37.899861),"1976","71-0",-97.481944,37.899861,159.9887848,"132-197"
"2874","Sedgwick",-15.88,NA,1976-05-19,375355097284502,173,0,c(-97.481944, 37.899861),"1976","71-0",-97.481944,37.899861,159.9887848,"132-197"
"2875","Sedgwick",-16.5,NA,1976-06-22,375355097284502,173,0,c(-97.481944, 37.899861),"1976","71-0",-97.481944,37.899861,159.9887848,"132-197"
"2876","Sedgwick",-16.85,NA,1976-07-29,375355097284502,173,0,c(-97.481944, 37.899861),"1976","71-0",-97.481944,37.899861,159.9887848,"132-197"
"2877","Sedgwick",-18.12,NA,1976-08-30,375355097284502,173,0,c(-97.481944, 37.899861),"1976","71-0",-97.481944,37.899861,159.9887848,"132-197"
"2878","Sedgwick",-18.67,NA,1976-09-27,375355097284502,173,0,c(-97.481944, 37.899861),"1976","71-0",-97.481944,37.899861,159.9887848,"132-197"
"2879","Sedgwick",-18.4,NA,1976-11-23,375355097284502,173,0,c(-97.481944, 37.899861),"1976","71-0",-97.481944,37.899861,159.9887848,"132-197"
"2880","Sedgwick",-18.71,NA,1976-12-20,375355097284502,173,0,c(-97.481944, 37.899861),"1976","71-0",-97.481944,37.899861,159.9887848,"132-197"
"2881","Sedgwick",-11.2,NA,1976-02-20,375355097333002,173,0,c(-97.560833, 37.897917),"1976","71-0",-97.560833,37.897917,149.0459137,"132-197"
"2882","Sedgwick",-11.92,NA,1976-03-22,375355097333002,173,0,c(-97.560833, 37.897917),"1976","71-0",-97.560833,37.897917,149.0459137,"132-197"
"2883","Sedgwick",-10.94,NA,1976-04-21,375355097333002,173,0,c(-97.560833, 37.897917),"1976","71-0",-97.560833,37.897917,149.0459137,"132-197"
"2884","Sedgwick",-10.1,NA,1976-05-19,375355097333002,173,0,c(-97.560833, 37.897917),"1976","71-0",-97.560833,37.897917,149.0459137,"132-197"
"2885","Sedgwick",-10.79,NA,1976-06-22,375355097333002,173,0,c(-97.560833, 37.897917),"1976","71-0",-97.560833,37.897917,149.0459137,"132-197"
"2886","Sedgwick",-11.22,NA,1976-07-29,375355097333002,173,0,c(-97.560833, 37.897917),"1976","71-0",-97.560833,37.897917,149.0459137,"132-197"
"2887","Sedgwick",-12.79,NA,1976-08-31,375355097333002,173,0,c(-97.560833, 37.897917),"1976","71-0",-97.560833,37.897917,149.0459137,"132-197"
"2888","Sedgwick",-11.72,NA,1976-09-21,375355097333002,173,0,c(-97.560833, 37.897917),"1976","71-0",-97.560833,37.897917,149.0459137,"132-197"
"2889","Sedgwick",-12.78,NA,1976-11-23,375355097333002,173,0,c(-97.560833, 37.897917),"1976","71-0",-97.560833,37.897917,149.0459137,"132-197"
"2890","Sedgwick",-13.47,NA,1976-12-20,375355097333002,173,0,c(-97.560833, 37.897917),"1976","71-0",-97.560833,37.897917,149.0459137,"132-197"
"2891","Harvey",-15.83,NA,1976-02-18,375451097291401,79,0,c(-97.490556, 37.912778),"1976","71-0",-97.490556,37.912778,164.5970612,"132-197"
"2892","Harvey",-15.83,NA,1976-03-26,375451097291401,79,0,c(-97.490556, 37.912778),"1976","71-0",-97.490556,37.912778,164.5970612,"132-197"
"2893","Harvey",-16.83,NA,1976-04-26,375451097291401,79,0,c(-97.490556, 37.912778),"1976","71-0",-97.490556,37.912778,164.5970612,"132-197"
"2894","Harvey",-16.83,NA,1976-05-18,375451097291401,79,0,c(-97.490556, 37.912778),"1976","71-0",-97.490556,37.912778,164.5970612,"132-197"
"2895","Harvey",-15.83,NA,1976-06-28,375451097291401,79,0,c(-97.490556, 37.912778),"1976","71-0",-97.490556,37.912778,164.5970612,"132-197"
"2896","Harvey",-18.37,NA,1976-07-23,375451097291401,79,0,c(-97.490556, 37.912778),"1976","71-0",-97.490556,37.912778,164.5970612,"132-197"
"2897","Harvey",-18.78,NA,1976-08-19,375451097291401,79,0,c(-97.490556, 37.912778),"1976","71-0",-97.490556,37.912778,164.5970612,"132-197"
"2898","Harvey",-18,NA,1976-09-21,375451097291401,79,0,c(-97.490556, 37.912778),"1976","71-0",-97.490556,37.912778,164.5970612,"132-197"
"2899","Harvey",-18.83,NA,1976-11-29,375451097291401,79,0,c(-97.490556, 37.912778),"1976","71-0",-97.490556,37.912778,164.5970612,"132-197"
"2900","Harvey",-18.83,NA,1976-12-20,375451097291401,79,0,c(-97.490556, 37.912778),"1976","71-0",-97.490556,37.912778,164.5970612,"132-197"
"2901","Harvey",-12.74,NA,1976-01-01,375540097285401,79,0,c(-97.482222, 37.926944),"1976","71-0",-97.482222,37.926944,157.3434296,"132-197"
"2902","Harvey",-14.57,NA,1976-06-30,375540097285401,79,0,c(-97.482222, 37.926944),"1976","71-0",-97.482222,37.926944,157.3434296,"132-197"
"2903","Harvey",-15.81,NA,1976-10-01,375540097285401,79,0,c(-97.482222, 37.926944),"1976","71-0",-97.482222,37.926944,157.3434296,"132-197"
"2904","Harvey",-16.77,NA,1976-12-21,375540097285401,79,0,c(-97.482222, 37.926944),"1976","71-0",-97.482222,37.926944,157.3434296,"132-197"
"2905","Sedgwick",-18,NA,1976-02-18,375348097295101,173,0,c(-97.499583, 37.897639),"1976","71-0",-97.499583,37.897639,170.9035645,"132-197"
"2906","Sedgwick",-18,NA,1976-03-18,375348097295101,173,0,c(-97.499583, 37.897639),"1976","71-0",-97.499583,37.897639,170.9035645,"132-197"
"2907","Sedgwick",-17,NA,1976-04-22,375348097295101,173,0,c(-97.499583, 37.897639),"1976","71-0",-97.499583,37.897639,170.9035645,"132-197"
"2908","Sedgwick",-17.5,NA,1976-05-18,375348097295101,173,0,c(-97.499583, 37.897639),"1976","71-0",-97.499583,37.897639,170.9035645,"132-197"
"2909","Sedgwick",-18.5,NA,1976-06-24,375348097295101,173,0,c(-97.499583, 37.897639),"1976","71-0",-97.499583,37.897639,170.9035645,"132-197"
"2910","Sedgwick",-18.5,NA,1976-07-23,375348097295101,173,0,c(-97.499583, 37.897639),"1976","71-0",-97.499583,37.897639,170.9035645,"132-197"
"2911","Sedgwick",-19,NA,1976-08-23,375348097295101,173,0,c(-97.499583, 37.897639),"1976","71-0",-97.499583,37.897639,170.9035645,"132-197"
"2912","Sedgwick",-19,NA,1976-09-21,375348097295101,173,0,c(-97.499583, 37.897639),"1976","71-0",-97.499583,37.897639,170.9035645,"132-197"
"2913","Sedgwick",-20,NA,1976-11-23,375348097295101,173,0,c(-97.499583, 37.897639),"1976","71-0",-97.499583,37.897639,170.9035645,"132-197"
"2914","Sedgwick",-19.5,NA,1976-12-16,375348097295101,173,0,c(-97.499583, 37.897639),"1976","71-0",-97.499583,37.897639,170.9035645,"132-197"
"2915","Sedgwick",-16,NA,1976-02-18,375348097303101,173,0,c(-97.510278, 37.897639),"1976","71-0",-97.510278,37.897639,182.928894,"132-197"
"2916","Sedgwick",-16,NA,1976-03-18,375348097303101,173,0,c(-97.510278, 37.897639),"1976","71-0",-97.510278,37.897639,182.928894,"132-197"
"2917","Sedgwick",-16,NA,1976-04-22,375348097303101,173,0,c(-97.510278, 37.897639),"1976","71-0",-97.510278,37.897639,182.928894,"132-197"
"2918","Sedgwick",-17,NA,1976-05-24,375348097303101,173,0,c(-97.510278, 37.897639),"1976","71-0",-97.510278,37.897639,182.928894,"132-197"
"2919","Sedgwick",-17,NA,1976-06-22,375348097303101,173,0,c(-97.510278, 37.897639),"1976","71-0",-97.510278,37.897639,182.928894,"132-197"
"2920","Sedgwick",-17,NA,1976-07-20,375348097303101,173,0,c(-97.510278, 37.897639),"1976","71-0",-97.510278,37.897639,182.928894,"132-197"
"2921","Sedgwick",-18,NA,1976-08-25,375348097303101,173,0,c(-97.510278, 37.897639),"1976","71-0",-97.510278,37.897639,182.928894,"132-197"
"2922","Sedgwick",-18,NA,1976-09-21,375348097303101,173,0,c(-97.510278, 37.897639),"1976","71-0",-97.510278,37.897639,182.928894,"132-197"
"2923","Sedgwick",-20,NA,1976-11-29,375348097303101,173,0,c(-97.510278, 37.897639),"1976","71-0",-97.510278,37.897639,182.928894,"132-197"
"2924","Sedgwick",-19,NA,1976-12-27,375348097303101,173,0,c(-97.510278, 37.897639),"1976","71-0",-97.510278,37.897639,182.928894,"132-197"
"2925","Harvey",-20.65,NA,1976-02-23,375447097295902,79,0,c(-97.502778, 37.912361),"1976","71-0",-97.502778,37.912361,173.1341248,"132-197"
"2926","Harvey",-20.74,NA,1976-03-18,375447097295902,79,0,c(-97.502778, 37.912361),"1976","71-0",-97.502778,37.912361,173.1341248,"132-197"
"2927","Harvey",-22.06,NA,1976-04-22,375447097295902,79,0,c(-97.502778, 37.912361),"1976","71-0",-97.502778,37.912361,173.1341248,"132-197"
"2928","Harvey",-21.31,NA,1976-05-24,375447097295902,79,0,c(-97.502778, 37.912361),"1976","71-0",-97.502778,37.912361,173.1341248,"132-197"
"2929","Harvey",-21.41,NA,1976-06-22,375447097295902,79,0,c(-97.502778, 37.912361),"1976","71-0",-97.502778,37.912361,173.1341248,"132-197"
"2930","Harvey",-21.39,NA,1976-07-23,375447097295902,79,0,c(-97.502778, 37.912361),"1976","71-0",-97.502778,37.912361,173.1341248,"132-197"
"2931","Harvey",-21.95,NA,1976-08-19,375447097295902,79,0,c(-97.502778, 37.912361),"1976","71-0",-97.502778,37.912361,173.1341248,"132-197"
"2932","Harvey",-22.6,NA,1976-09-21,375447097295902,79,0,c(-97.502778, 37.912361),"1976","71-0",-97.502778,37.912361,173.1341248,"132-197"
"2933","Harvey",-23.05,NA,1976-11-23,375447097295902,79,0,c(-97.502778, 37.912361),"1976","71-0",-97.502778,37.912361,173.1341248,"132-197"
"2934","Harvey",-23.13,NA,1976-12-16,375447097295902,79,0,c(-97.502778, 37.912361),"1976","71-0",-97.502778,37.912361,173.1341248,"132-197"
"2935","Sedgwick",-5.12,"BENTLY",1976-01-01,375253097315602,173,0,c(-97.536944, 37.883194),"1976","71-0",-97.536944,37.883194,190.4207916,"132-197"
"2936","Sedgwick",-4.84,"BENTLY",1976-06-30,375253097315602,173,0,c(-97.536944, 37.883194),"1976","71-0",-97.536944,37.883194,190.4207916,"132-197"
"2937","Sedgwick",-6.67,"BENTLY",1976-10-01,375253097315602,173,0,c(-97.536944, 37.883194),"1976","71-0",-97.536944,37.883194,190.4207916,"132-197"
"2938","Reno",-10.97,NA,1976-03-19,380601097592501,155,0,c(-97.99081, 38.099361),"1976","71-0",-97.99081,38.099361,46.7110977,"0-65"
"2939","Reno",-10.3,NA,1976-06-23,380601097592501,155,0,c(-97.99081, 38.099361),"1976","71-0",-97.99081,38.099361,46.7110977,"0-65"
"2940","Reno",-11.42,NA,1976-09-24,380601097592501,155,0,c(-97.99081, 38.099361),"1976","71-0",-97.99081,38.099361,46.7110977,"0-65"
"2941","Reno",-11.28,NA,1976-12-22,380601097592501,155,0,c(-97.99081, 38.099361),"1976","71-0",-97.99081,38.099361,46.7110977,"0-65"
"2942","Harvey",-3.97,NA,1976-01-01,380324097341501,79,0,c(-97.573472, 38.057778),"1976","71-0",-97.573472,38.057778,180.5232239,"132-197"
"2943","Harvey",-1.65,NA,1976-06-28,380324097341501,79,0,c(-97.573472, 38.057778),"1976","71-0",-97.573472,38.057778,180.5232239,"132-197"
"2944","Harvey",-7.2,NA,1976-10-01,380324097341501,79,0,c(-97.573472, 38.057778),"1976","71-0",-97.573472,38.057778,180.5232239,"132-197"
"2945","Harvey",-7.78,NA,1976-12-22,380324097341501,79,0,c(-97.573472, 38.057778),"1976","71-0",-97.573472,38.057778,180.5232239,"132-197"
"2946","Harvey",-46,NA,1976-02-27,380054097342201,79,0,c(-97.574583, 38.014722),"1976","71-0",-97.574583,38.014722,199.7637482,"198-262"
"2947","Harvey",-40,NA,1976-03-17,380054097342201,79,0,c(-97.574583, 38.014722),"1976","71-0",-97.574583,38.014722,199.7637482,"198-262"
"2948","Harvey",-43.5,NA,1976-04-20,380054097342201,79,0,c(-97.574583, 38.014722),"1976","71-0",-97.574583,38.014722,199.7637482,"198-262"
"2949","Harvey",-42,NA,1976-05-27,380054097342201,79,0,c(-97.574583, 38.014722),"1976","71-0",-97.574583,38.014722,199.7637482,"198-262"
"2950","Harvey",-45.5,NA,1976-06-29,380054097342201,79,0,c(-97.574583, 38.014722),"1976","71-0",-97.574583,38.014722,199.7637482,"198-262"
"2951","Harvey",-46.5,NA,1976-07-20,380054097342201,79,0,c(-97.574583, 38.014722),"1976","71-0",-97.574583,38.014722,199.7637482,"198-262"
"2952","Harvey",-54,NA,1976-08-25,380054097342201,79,0,c(-97.574583, 38.014722),"1976","71-0",-97.574583,38.014722,199.7637482,"198-262"
"2953","Harvey",-46,NA,1976-09-15,380054097342201,79,0,c(-97.574583, 38.014722),"1976","71-0",-97.574583,38.014722,199.7637482,"198-262"
"2954","Harvey",-46.5,NA,1976-11-22,380054097342201,79,0,c(-97.574583, 38.014722),"1976","71-0",-97.574583,38.014722,199.7637482,"198-262"
"2955","Harvey",-48.5,NA,1976-12-16,380054097342201,79,0,c(-97.574583, 38.014722),"1976","71-0",-97.574583,38.014722,199.7637482,"198-262"
"2956","Harvey",-11.64,NA,1976-01-01,380239097395403,79,0,c(-97.665694, 38.043333),"1976","71-0",-97.665694,38.043333,203.8455811,"198-262"
"2957","Harvey",-10.94,NA,1976-06-30,380239097395403,79,0,c(-97.665694, 38.043333),"1976","71-0",-97.665694,38.043333,203.8455811,"198-262"
"2958","Harvey",-12.65,NA,1976-10-01,380239097395403,79,0,c(-97.665694, 38.043333),"1976","71-0",-97.665694,38.043333,203.8455811,"198-262"
"2959","Harvey",-12.53,NA,1976-12-22,380239097395403,79,0,c(-97.665694, 38.043333),"1976","71-0",-97.665694,38.043333,203.8455811,"198-262"
"2960","Reno",-27,NA,1976-01-30,380350097522801,155,0,c(-97.874963, 38.063976),"1976","71-0",-97.874963,38.063976,33.2551727,"0-65"
"2961","Harvey",-31,NA,1976-02-18,375902097341301,79,0,c(-97.573194, 37.984583),"1976","71-0",-97.573194,37.984583,207.1409149,"198-262"
"2962","Harvey",-31,NA,1976-03-17,375902097341301,79,0,c(-97.573194, 37.984583),"1976","71-0",-97.573194,37.984583,207.1409149,"198-262"
"2963","Harvey",-31.5,NA,1976-04-20,375902097341301,79,0,c(-97.573194, 37.984583),"1976","71-0",-97.573194,37.984583,207.1409149,"198-262"
"2964","Harvey",-30,NA,1976-05-24,375902097341301,79,0,c(-97.573194, 37.984583),"1976","71-0",-97.573194,37.984583,207.1409149,"198-262"
"2965","Harvey",-31.5,NA,1976-06-22,375902097341301,79,0,c(-97.573194, 37.984583),"1976","71-0",-97.573194,37.984583,207.1409149,"198-262"
"2966","Harvey",-32,NA,1976-07-23,375902097341301,79,0,c(-97.573194, 37.984583),"1976","71-0",-97.573194,37.984583,207.1409149,"198-262"
"2967","Harvey",-34,NA,1976-08-30,375902097341301,79,0,c(-97.573194, 37.984583),"1976","71-0",-97.573194,37.984583,207.1409149,"198-262"
"2968","Harvey",-34,NA,1976-09-15,375902097341301,79,0,c(-97.573194, 37.984583),"1976","71-0",-97.573194,37.984583,207.1409149,"198-262"
"2969","Harvey",-33,NA,1976-11-22,375902097341301,79,0,c(-97.573194, 37.984583),"1976","71-0",-97.573194,37.984583,207.1409149,"198-262"
"2970","Harvey",-32.5,NA,1976-12-16,375902097341301,79,0,c(-97.573194, 37.984583),"1976","71-0",-97.573194,37.984583,207.1409149,"198-262"
"2971","Harvey",-30,NA,1976-02-19,375817097321001,79,0,c(-97.537917, 37.970972),"1976","71-0",-97.537917,37.970972,176.2811432,"132-197"
"2972","Harvey",-28,NA,1976-03-17,375817097321001,79,0,c(-97.537917, 37.970972),"1976","71-0",-97.537917,37.970972,176.2811432,"132-197"
"2973","Harvey",-30,NA,1976-04-21,375817097321001,79,0,c(-97.537917, 37.970972),"1976","71-0",-97.537917,37.970972,176.2811432,"132-197"
"2974","Harvey",-28,NA,1976-05-27,375817097321001,79,0,c(-97.537917, 37.970972),"1976","71-0",-97.537917,37.970972,176.2811432,"132-197"
"2975","Harvey",-29,NA,1976-06-22,375817097321001,79,0,c(-97.537917, 37.970972),"1976","71-0",-97.537917,37.970972,176.2811432,"132-197"
"2976","Harvey",-28,NA,1976-07-23,375817097321001,79,0,c(-97.537917, 37.970972),"1976","71-0",-97.537917,37.970972,176.2811432,"132-197"
"2977","Harvey",-27,NA,1976-09-21,375817097321001,79,0,c(-97.537917, 37.970972),"1976","71-0",-97.537917,37.970972,176.2811432,"132-197"
"2978","Harvey",-30,NA,1976-11-30,375817097321001,79,0,c(-97.537917, 37.970972),"1976","71-0",-97.537917,37.970972,176.2811432,"132-197"
"2979","Harvey",-28,NA,1976-12-20,375817097321001,79,0,c(-97.537917, 37.970972),"1976","71-0",-97.537917,37.970972,176.2811432,"132-197"
"2980","Reno",-7.86,NA,1976-01-15,375737097431801,155,0,c(-97.723775, 37.960689),"1976","71-0",-97.723775,37.960689,236.5209961,"198-262"
"2981","Harvey",-19.49,NA,1976-01-01,375810097324301,79,0,c(-97.54625, 37.970139),"1976","71-0",-97.54625,37.970139,182.3513184,"132-197"
"2982","Harvey",-19.74,NA,1976-01-19,375810097324301,79,0,c(-97.54625, 37.970139),"1976","71-0",-97.54625,37.970139,182.3513184,"132-197"
"2983","Harvey",-19.86,NA,1976-02-20,375810097324301,79,0,c(-97.54625, 37.970139),"1976","71-0",-97.54625,37.970139,182.3513184,"132-197"
"2984","Harvey",-19.41,NA,1976-03-19,375810097324301,79,0,c(-97.54625, 37.970139),"1976","71-0",-97.54625,37.970139,182.3513184,"132-197"
"2985","Harvey",-21.82,NA,1976-04-20,375810097324301,79,0,c(-97.54625, 37.970139),"1976","71-0",-97.54625,37.970139,182.3513184,"132-197"
"2986","Harvey",-19.99,NA,1976-05-20,375810097324301,79,0,c(-97.54625, 37.970139),"1976","71-0",-97.54625,37.970139,182.3513184,"132-197"
"2987","Harvey",-20.4,NA,1976-06-21,375810097324301,79,0,c(-97.54625, 37.970139),"1976","71-0",-97.54625,37.970139,182.3513184,"132-197"
"2988","Harvey",-20.22,NA,1976-06-28,375810097324301,79,0,c(-97.54625, 37.970139),"1976","71-0",-97.54625,37.970139,182.3513184,"132-197"
"2989","Harvey",-21.29,NA,1976-07-20,375810097324301,79,0,c(-97.54625, 37.970139),"1976","71-0",-97.54625,37.970139,182.3513184,"132-197"
"2990","Harvey",-22.93,NA,1976-08-20,375810097324301,79,0,c(-97.54625, 37.970139),"1976","71-0",-97.54625,37.970139,182.3513184,"132-197"
"2991","Harvey",-22.15,NA,1976-09-20,375810097324301,79,0,c(-97.54625, 37.970139),"1976","71-0",-97.54625,37.970139,182.3513184,"132-197"
"2992","Harvey",-21.7,NA,1976-10-01,375810097324301,79,0,c(-97.54625, 37.970139),"1976","71-0",-97.54625,37.970139,182.3513184,"132-197"
"2993","Harvey",-21.18,NA,1976-10-20,375810097324301,79,0,c(-97.54625, 37.970139),"1976","71-0",-97.54625,37.970139,182.3513184,"132-197"
"2994","Harvey",-21.18,NA,1976-11-19,375810097324301,79,0,c(-97.54625, 37.970139),"1976","71-0",-97.54625,37.970139,182.3513184,"132-197"
"2995","Harvey",-21.47,NA,1976-12-20,375810097324301,79,0,c(-97.54625, 37.970139),"1976","71-0",-97.54625,37.970139,182.3513184,"132-197"
"2996","Harvey",-20.23,NA,1976-01-01,375810097324302,79,0,c(-97.54625, 37.970139),"1976","71-0",-97.54625,37.970139,182.3513184,"132-197"
"2997","Harvey",-21.51,NA,1976-06-28,375810097324302,79,0,c(-97.54625, 37.970139),"1976","71-0",-97.54625,37.970139,182.3513184,"132-197"
"2998","Harvey",-22.92,NA,1976-10-01,375810097324302,79,0,c(-97.54625, 37.970139),"1976","71-0",-97.54625,37.970139,182.3513184,"132-197"
"2999","Harvey",-22.49,NA,1976-12-21,375810097324302,79,0,c(-97.54625, 37.970139),"1976","71-0",-97.54625,37.970139,182.3513184,"132-197"
"3000","Harvey",-44.16,NA,1976-02-23,375935097342103,79,0,c(-97.573889, 37.994167),"1976","71-0",-97.573889,37.994167,208.9154968,"198-262"
"3001","Harvey",-44.67,NA,1976-03-26,375935097342103,79,0,c(-97.573889, 37.994167),"1976","71-0",-97.573889,37.994167,208.9154968,"198-262"
"3002","Harvey",-47.93,NA,1976-04-29,375935097342103,79,0,c(-97.573889, 37.994167),"1976","71-0",-97.573889,37.994167,208.9154968,"198-262"
"3003","Harvey",-47.2,NA,1976-05-25,375935097342103,79,0,c(-97.573889, 37.994167),"1976","71-0",-97.573889,37.994167,208.9154968,"198-262"
"3004","Harvey",-42.75,NA,1976-06-22,375935097342103,79,0,c(-97.573889, 37.994167),"1976","71-0",-97.573889,37.994167,208.9154968,"198-262"
"3005","Harvey",-41.66,NA,1976-07-20,375935097342103,79,0,c(-97.573889, 37.994167),"1976","71-0",-97.573889,37.994167,208.9154968,"198-262"
"3006","Harvey",-52.48,NA,1976-08-31,375935097342103,79,0,c(-97.573889, 37.994167),"1976","71-0",-97.573889,37.994167,208.9154968,"198-262"
"3007","Harvey",-43.8,NA,1976-09-21,375935097342103,79,0,c(-97.573889, 37.994167),"1976","71-0",-97.573889,37.994167,208.9154968,"198-262"
"3008","Harvey",-48.05,NA,1976-11-29,375935097342103,79,0,c(-97.573889, 37.994167),"1976","71-0",-97.573889,37.994167,208.9154968,"198-262"
"3009","Harvey",-41.98,NA,1976-12-21,375935097342103,79,0,c(-97.573889, 37.994167),"1976","71-0",-97.573889,37.994167,208.9154968,"198-262"
"3010","Reno",-7.92,NA,1976-01-01,375820097452802,155,0,c(-97.757222, 37.971111),"1976","71-0",-97.757222,37.971111,288.3906555,"263-328"
"3011","Reno",-6.93,NA,1976-06-30,375820097452802,155,0,c(-97.757222, 37.971111),"1976","71-0",-97.757222,37.971111,288.3906555,"263-328"
"3012","Reno",-7.25,NA,1976-10-01,375820097452802,155,0,c(-97.757222, 37.971111),"1976","71-0",-97.757222,37.971111,288.3906555,"263-328"
"3013","Reno",-7.75,NA,1976-12-22,375820097452802,155,0,c(-97.757222, 37.971111),"1976","71-0",-97.757222,37.971111,288.3906555,"263-328"
"3014","Harvey",-30.5,NA,1976-02-18,375807097330301,79,0,c(-97.554583, 37.97),"1976","71-0",-97.554583,37.97,184.97612,"132-197"
"3015","Harvey",-30,NA,1976-03-17,375807097330301,79,0,c(-97.554583, 37.97),"1976","71-0",-97.554583,37.97,184.97612,"132-197"
"3016","Harvey",-31,NA,1976-04-29,375807097330301,79,0,c(-97.554583, 37.97),"1976","71-0",-97.554583,37.97,184.97612,"132-197"
"3017","Harvey",-31,NA,1976-05-18,375807097330301,79,0,c(-97.554583, 37.97),"1976","71-0",-97.554583,37.97,184.97612,"132-197"
"3018","Harvey",-30,NA,1976-06-24,375807097330301,79,0,c(-97.554583, 37.97),"1976","71-0",-97.554583,37.97,184.97612,"132-197"
"3019","Harvey",-31.5,NA,1976-07-22,375807097330301,79,0,c(-97.554583, 37.97),"1976","71-0",-97.554583,37.97,184.97612,"132-197"
"3020","Harvey",-34.5,NA,1976-08-30,375807097330301,79,0,c(-97.554583, 37.97),"1976","71-0",-97.554583,37.97,184.97612,"132-197"
"3021","Harvey",-32,NA,1976-09-21,375807097330301,79,0,c(-97.554583, 37.97),"1976","71-0",-97.554583,37.97,184.97612,"132-197"
"3022","Harvey",-30,NA,1976-11-22,375807097330301,79,0,c(-97.554583, 37.97),"1976","71-0",-97.554583,37.97,184.97612,"132-197"
"3023","Harvey",-31,NA,1976-12-20,375807097330301,79,0,c(-97.554583, 37.97),"1976","71-0",-97.554583,37.97,184.97612,"132-197"
"3024","Harvey",-5.61,"PATTERSON",1976-01-01,375725097404801,79,0,c(-97.683889, 37.95625),"1976","71-0",-97.683889,37.95625,138.9560089,"132-197"
"3025","Harvey",-5.45,"PATTERSON",1976-06-30,375725097404801,79,0,c(-97.683889, 37.95625),"1976","71-0",-97.683889,37.95625,138.9560089,"132-197"
"3026","Harvey",-5.84,"PATTERSON",1976-10-01,375725097404801,79,0,c(-97.683889, 37.95625),"1976","71-0",-97.683889,37.95625,138.9560089,"132-197"
"3027","Harvey",-6.55,"PATTERSON",1976-12-22,375725097404801,79,0,c(-97.683889, 37.95625),"1976","71-0",-97.683889,37.95625,138.9560089,"132-197"
"3028","Harvey",-48,NA,1976-02-19,380021097341301,79,0,c(-97.573056, 38.00625),"1976","71-0",-97.573056,38.00625,208.1360779,"198-262"
"3029","Harvey",-44,NA,1976-03-17,380021097341301,79,0,c(-97.573056, 38.00625),"1976","71-0",-97.573056,38.00625,208.1360779,"198-262"
"3030","Harvey",-47,NA,1976-04-26,380021097341301,79,0,c(-97.573056, 38.00625),"1976","71-0",-97.573056,38.00625,208.1360779,"198-262"
"3031","Harvey",-48,NA,1976-05-26,380021097341301,79,0,c(-97.573056, 38.00625),"1976","71-0",-97.573056,38.00625,208.1360779,"198-262"
"3032","Harvey",-48,NA,1976-06-22,380021097341301,79,0,c(-97.573056, 38.00625),"1976","71-0",-97.573056,38.00625,208.1360779,"198-262"
"3033","Harvey",-50.5,NA,1976-07-20,380021097341301,79,0,c(-97.573056, 38.00625),"1976","71-0",-97.573056,38.00625,208.1360779,"198-262"
"3034","Harvey",-61.5,NA,1976-08-31,380021097341301,79,0,c(-97.573056, 38.00625),"1976","71-0",-97.573056,38.00625,208.1360779,"198-262"
"3035","Harvey",-51.5,NA,1976-09-15,380021097341301,79,0,c(-97.573056, 38.00625),"1976","71-0",-97.573056,38.00625,208.1360779,"198-262"
"3036","Harvey",-48,NA,1976-11-30,380021097341301,79,0,c(-97.573056, 38.00625),"1976","71-0",-97.573056,38.00625,208.1360779,"198-262"
"3037","Harvey",-46,NA,1976-12-29,380021097341301,79,0,c(-97.573056, 38.00625),"1976","71-0",-97.573056,38.00625,208.1360779,"198-262"
"3038","Harvey",-32,NA,1976-02-18,375836097330701,79,0,c(-97.554722, 37.977222),"1976","71-0",-97.554722,37.977222,184.6026459,"132-197"
"3039","Harvey",-30.5,NA,1976-03-17,375836097330701,79,0,c(-97.554722, 37.977222),"1976","71-0",-97.554722,37.977222,184.6026459,"132-197"
"3040","Harvey",-36,NA,1976-04-20,375836097330701,79,0,c(-97.554722, 37.977222),"1976","71-0",-97.554722,37.977222,184.6026459,"132-197"
"3041","Harvey",-34,NA,1976-05-18,375836097330701,79,0,c(-97.554722, 37.977222),"1976","71-0",-97.554722,37.977222,184.6026459,"132-197"
"3042","Harvey",-34,NA,1976-06-22,375836097330701,79,0,c(-97.554722, 37.977222),"1976","71-0",-97.554722,37.977222,184.6026459,"132-197"
"3043","Harvey",-35,NA,1976-07-19,375836097330701,79,0,c(-97.554722, 37.977222),"1976","71-0",-97.554722,37.977222,184.6026459,"132-197"
"3044","Harvey",-38.5,NA,1976-08-20,375836097330701,79,0,c(-97.554722, 37.977222),"1976","71-0",-97.554722,37.977222,184.6026459,"132-197"
"3045","Harvey",-36,NA,1976-09-21,375836097330701,79,0,c(-97.554722, 37.977222),"1976","71-0",-97.554722,37.977222,184.6026459,"132-197"
"3046","Harvey",-34,NA,1976-11-22,375836097330701,79,0,c(-97.554722, 37.977222),"1976","71-0",-97.554722,37.977222,184.6026459,"132-197"
"3047","Harvey",-35,NA,1976-12-20,375836097330701,79,0,c(-97.554722, 37.977222),"1976","71-0",-97.554722,37.977222,184.6026459,"132-197"
"3048","Harvey",-30.48,NA,1976-02-27,380139097341402,79,0,c(-97.573639, 38.0276),"1976","71-0",-97.573639,38.0276,201.8447571,"198-262"
"3049","Harvey",-33.75,NA,1976-03-31,380139097341402,79,0,c(-97.573639, 38.0276),"1976","71-0",-97.573639,38.0276,201.8447571,"198-262"
"3050","Harvey",-28.46,NA,1976-04-26,380139097341402,79,0,c(-97.573639, 38.0276),"1976","71-0",-97.573639,38.0276,201.8447571,"198-262"
"3051","Harvey",-26.98,NA,1976-05-18,380139097341402,79,0,c(-97.573639, 38.0276),"1976","71-0",-97.573639,38.0276,201.8447571,"198-262"
"3052","Harvey",-32.18,NA,1976-06-25,380139097341402,79,0,c(-97.573639, 38.0276),"1976","71-0",-97.573639,38.0276,201.8447571,"198-262"
"3053","Harvey",-33.33,NA,1976-07-20,380139097341402,79,0,c(-97.573639, 38.0276),"1976","71-0",-97.573639,38.0276,201.8447571,"198-262"
"3054","Harvey",-40.2,NA,1976-08-19,380139097341402,79,0,c(-97.573639, 38.0276),"1976","71-0",-97.573639,38.0276,201.8447571,"198-262"
"3055","Harvey",-31.92,NA,1976-09-21,380139097341402,79,0,c(-97.573639, 38.0276),"1976","71-0",-97.573639,38.0276,201.8447571,"198-262"
"3056","Harvey",-28.58,NA,1976-11-22,380139097341402,79,0,c(-97.573639, 38.0276),"1976","71-0",-97.573639,38.0276,201.8447571,"198-262"
"3057","Harvey",-29,NA,1976-12-16,380139097341402,79,0,c(-97.573639, 38.0276),"1976","71-0",-97.573639,38.0276,201.8447571,"198-262"
"3058","Harvey",-6.96,"PATTERSON",1976-01-01,375910097405801,79,0,c(-97.684028, 37.985278),"1976","71-0",-97.684028,37.985278,117.7985229,"66-131"
"3059","Harvey",-6.55,"PATTERSON",1976-06-30,375910097405801,79,0,c(-97.684028, 37.985278),"1976","71-0",-97.684028,37.985278,117.7985229,"66-131"
"3060","Harvey",-7.45,"PATTERSON",1976-10-01,375910097405801,79,0,c(-97.684028, 37.985278),"1976","71-0",-97.684028,37.985278,117.7985229,"66-131"
"3061","Harvey",-6.94,"PATTERSON",1976-12-22,375910097405801,79,0,c(-97.684028, 37.985278),"1976","71-0",-97.684028,37.985278,117.7985229,"66-131"
"3062","McPherson",-17.42,"HALSTEAD NW",1976-01-08,381306097422101,113,0,c(-97.706494, 38.219275),"1976","71-0",-97.706494,38.219275,119.567215,"66-131"
"3063","McPherson",-11.33,NA,1976-01-07,381807097253201,113,0,c(-97.425652, 38.301477),"1976","71-0",-97.425652,38.301477,66.477417,"66-131"
"3064","McPherson",-38.36,"MCPHERSON SOUTH",1976-01-07,381609097400301,113,0,c(-97.6688, 38.271456),"1976","71-0",-97.6688,38.271456,85.1639252,"66-131"
"3065","McPherson",-33.43,"McPherson South",1976-01-07,381747097375101,113,0,c(-97.632385, 38.296137),"1976","71-0",-97.632385,38.296137,47.4275436,"0-65"
"3066","McPherson",-14.93,NA,1976-01-07,381543097231001,113,0,c(-97.386605, 38.261698),"1976","71-0",-97.386605,38.261698,21.0444317,"0-65"
"3067","McPherson",-39.93,"Halstead NW",1976-01-08,381109097395001,113,0,c(-97.665372, 38.186493),"1976","71-0",-97.665372,38.186493,161.2627258,"132-197"
"3068","Harvey",-43.7,NA,1976-01-09,380950097341701,79,0,c(-97.573303, 38.164164),"1976","71-0",-97.573303,38.164164,68.1383133,"66-131"
"3069","Harvey",-19.58,NA,1976-01-09,380838097282101,79,0,c(-97.474011, 38.143916),"1976","71-0",-97.474011,38.143916,27.9503117,"0-65"
"3070","McPherson",-27.42,NA,1976-01-16,382143097353101,113,0,c(-97.591871, 38.361306),"1976","71-0",-97.591871,38.361306,48.6207123,"0-65"
"3071","McPherson",-21.85,"CANTON",1976-01-06,382333097293401,113,0,c(-97.49297, 38.392574),"1976","71-0",-97.49297,38.392574,14.7026234,"0-65"
"3072","McPherson",-48.05,NA,1976-01-06,382653097315101,113,0,c(-97.530633, 38.447746),"1976","71-0",-97.530633,38.447746,NA,NA
"3073","Harvey",-14.43,"HALSTEAD",1976-01-01,380143097365901,79,0,c(-97.616389, 38.028611),"1976","71-0",-97.616389,38.028611,214.9059448,"198-262"
"3074","Harvey",-14.65,"HALSTEAD",1976-06-30,380143097365901,79,0,c(-97.616389, 38.028611),"1976","71-0",-97.616389,38.028611,214.9059448,"198-262"
"3075","Harvey",-15.11,"HALSTEAD",1976-10-01,380143097365901,79,0,c(-97.616389, 38.028611),"1976","71-0",-97.616389,38.028611,214.9059448,"198-262"
"3076","Harvey",-15.79,"HALSTEAD",1976-12-22,380143097365901,79,0,c(-97.616389, 38.028611),"1976","71-0",-97.616389,38.028611,214.9059448,"198-262"
"3077","Harvey",-25,NA,1976-02-23,375625097310401,79,0,c(-97.519444, 37.940833),"1976","71-0",-97.519444,37.940833,166.8974304,"132-197"
"3078","Harvey",-23,NA,1976-03-18,375625097310401,79,0,c(-97.519444, 37.940833),"1976","71-0",-97.519444,37.940833,166.8974304,"132-197"
"3079","Harvey",-23,NA,1976-04-22,375625097310401,79,0,c(-97.519444, 37.940833),"1976","71-0",-97.519444,37.940833,166.8974304,"132-197"
"3080","Harvey",-23,NA,1976-05-18,375625097310401,79,0,c(-97.519444, 37.940833),"1976","71-0",-97.519444,37.940833,166.8974304,"132-197"
"3081","Harvey",-24,NA,1976-06-28,375625097310401,79,0,c(-97.519444, 37.940833),"1976","71-0",-97.519444,37.940833,166.8974304,"132-197"
"3082","Harvey",-26,NA,1976-07-23,375625097310401,79,0,c(-97.519444, 37.940833),"1976","71-0",-97.519444,37.940833,166.8974304,"132-197"
"3083","Harvey",-28,NA,1976-08-25,375625097310401,79,0,c(-97.519444, 37.940833),"1976","71-0",-97.519444,37.940833,166.8974304,"132-197"
"3084","Harvey",-27,NA,1976-09-21,375625097310401,79,0,c(-97.519444, 37.940833),"1976","71-0",-97.519444,37.940833,166.8974304,"132-197"
"3085","Harvey",-26,NA,1976-11-22,375625097310401,79,0,c(-97.519444, 37.940833),"1976","71-0",-97.519444,37.940833,166.8974304,"132-197"
"3086","Harvey",-25.5,NA,1976-12-20,375625097310401,79,0,c(-97.519444, 37.940833),"1976","71-0",-97.519444,37.940833,166.8974304,"132-197"
"3087","Sedgwick",-19.48,NA,1976-02-19,375329097284501,173,0,c(-97.481806, 37.891111),"1976","71-0",-97.481806,37.891111,160.7912445,"132-197"
"3088","Sedgwick",-19.65,NA,1976-03-23,375329097284501,173,0,c(-97.481806, 37.891111),"1976","71-0",-97.481806,37.891111,160.7912445,"132-197"
"3089","Sedgwick",-19.93,NA,1976-04-21,375329097284501,173,0,c(-97.481806, 37.891111),"1976","71-0",-97.481806,37.891111,160.7912445,"132-197"
"3090","Sedgwick",-19.5,NA,1976-05-18,375329097284501,173,0,c(-97.481806, 37.891111),"1976","71-0",-97.481806,37.891111,160.7912445,"132-197"
"3091","Sedgwick",-20.2,NA,1976-06-28,375329097284501,173,0,c(-97.481806, 37.891111),"1976","71-0",-97.481806,37.891111,160.7912445,"132-197"
"3092","Sedgwick",-21.29,NA,1976-07-30,375329097284501,173,0,c(-97.481806, 37.891111),"1976","71-0",-97.481806,37.891111,160.7912445,"132-197"
"3093","Sedgwick",-22.19,NA,1976-08-30,375329097284501,173,0,c(-97.481806, 37.891111),"1976","71-0",-97.481806,37.891111,160.7912445,"132-197"
"3094","Sedgwick",-21.68,NA,1976-09-21,375329097284501,173,0,c(-97.481806, 37.891111),"1976","71-0",-97.481806,37.891111,160.7912445,"132-197"
"3095","Sedgwick",-22.3,NA,1976-11-30,375329097284501,173,0,c(-97.481806, 37.891111),"1976","71-0",-97.481806,37.891111,160.7912445,"132-197"
"3096","Sedgwick",-22.25,NA,1976-12-20,375329097284501,173,0,c(-97.481806, 37.891111),"1976","71-0",-97.481806,37.891111,160.7912445,"132-197"
"3097","Harvey",-18.51,NA,1976-02-20,375633097355001,79,0,c(-97.600694, 37.941667),"1976","71-0",-97.600694,37.941667,184.8429565,"132-197"
"3098","Harvey",-19.85,NA,1976-03-26,375633097355001,79,0,c(-97.600694, 37.941667),"1976","71-0",-97.600694,37.941667,184.8429565,"132-197"
"3099","Harvey",-19.85,NA,1976-04-28,375633097355001,79,0,c(-97.600694, 37.941667),"1976","71-0",-97.600694,37.941667,184.8429565,"132-197"
"3100","Harvey",-18.81,NA,1976-05-24,375633097355001,79,0,c(-97.600694, 37.941667),"1976","71-0",-97.600694,37.941667,184.8429565,"132-197"
"3101","Harvey",-20.94,NA,1976-06-24,375633097355001,79,0,c(-97.600694, 37.941667),"1976","71-0",-97.600694,37.941667,184.8429565,"132-197"
"3102","Harvey",-19.75,NA,1976-07-26,375633097355001,79,0,c(-97.600694, 37.941667),"1976","71-0",-97.600694,37.941667,184.8429565,"132-197"
"3103","Harvey",-23.07,NA,1976-08-31,375633097355001,79,0,c(-97.600694, 37.941667),"1976","71-0",-97.600694,37.941667,184.8429565,"132-197"
"3104","Harvey",-21.6,NA,1976-09-24,375633097355001,79,0,c(-97.600694, 37.941667),"1976","71-0",-97.600694,37.941667,184.8429565,"132-197"
"3105","Harvey",-22.5,NA,1976-11-24,375633097355001,79,0,c(-97.600694, 37.941667),"1976","71-0",-97.600694,37.941667,184.8429565,"132-197"
"3106","Harvey",-18.11,NA,1976-12-15,375633097355001,79,0,c(-97.600694, 37.941667),"1976","71-0",-97.600694,37.941667,184.8429565,"132-197"
"3107","Harvey",-19.65,NA,1976-12-16,375633097355001,79,0,c(-97.600694, 37.941667),"1976","71-0",-97.600694,37.941667,184.8429565,"132-197"
"3108","Harvey",-12.99,NA,1976-02-27,375633097364002,79,0,c(-97.610694, 37.941528),"1976","71-0",-97.610694,37.941528,166.6586304,"132-197"
"3109","Harvey",-12.61,NA,1976-03-19,375633097364002,79,0,c(-97.610694, 37.941528),"1976","71-0",-97.610694,37.941528,166.6586304,"132-197"
"3110","Harvey",-12.85,NA,1976-04-21,375633097364002,79,0,c(-97.610694, 37.941528),"1976","71-0",-97.610694,37.941528,166.6586304,"132-197"
"3111","Harvey",-12.13,NA,1976-05-19,375633097364002,79,0,c(-97.610694, 37.941528),"1976","71-0",-97.610694,37.941528,166.6586304,"132-197"
"3112","Harvey",-13.23,NA,1976-06-22,375633097364002,79,0,c(-97.610694, 37.941528),"1976","71-0",-97.610694,37.941528,166.6586304,"132-197"
"3113","Harvey",-12.77,NA,1976-07-20,375633097364002,79,0,c(-97.610694, 37.941528),"1976","71-0",-97.610694,37.941528,166.6586304,"132-197"
"3114","Harvey",-14.22,NA,1976-08-19,375633097364002,79,0,c(-97.610694, 37.941528),"1976","71-0",-97.610694,37.941528,166.6586304,"132-197"
"3115","Harvey",-14.02,NA,1976-09-21,375633097364002,79,0,c(-97.610694, 37.941528),"1976","71-0",-97.610694,37.941528,166.6586304,"132-197"
"3116","Harvey",-12.6,NA,1976-11-29,375633097364002,79,0,c(-97.610694, 37.941528),"1976","71-0",-97.610694,37.941528,166.6586304,"132-197"
"3117","Harvey",-14.25,NA,1976-12-29,375633097364002,79,0,c(-97.610694, 37.941528),"1976","71-0",-97.610694,37.941528,166.6586304,"132-197"
"3118","Harvey",-15.15,NA,1976-06-28,375500097255101,79,0,c(-97.432222, 37.915972),"1976","71-0",-97.432222,37.915972,85.3137589,"66-131"
"3119","Harvey",-16.69,NA,1976-10-01,375500097255101,79,0,c(-97.432222, 37.915972),"1976","71-0",-97.432222,37.915972,85.3137589,"66-131"
"3120","Harvey",-17.13,NA,1976-12-21,375500097255101,79,0,c(-97.432222, 37.915972),"1976","71-0",-97.432222,37.915972,85.3137589,"66-131"
"3121","Sedgwick",-13.85,NA,1976-01-01,375256097264001,173,0,c(-97.445694, 37.883056),"1976","71-0",-97.445694,37.883056,114.5030518,"66-131"
"3122","Sedgwick",-14.91,NA,1976-06-30,375256097264001,173,0,c(-97.445694, 37.883056),"1976","71-0",-97.445694,37.883056,114.5030518,"66-131"
"3123","Sedgwick",-14.91,NA,1976-10-01,375256097264001,173,0,c(-97.445694, 37.883056),"1976","71-0",-97.445694,37.883056,114.5030518,"66-131"
"3124","Sedgwick",-16.56,NA,1976-12-21,375256097264001,173,0,c(-97.445694, 37.883056),"1976","71-0",-97.445694,37.883056,114.5030518,"66-131"
"3125","Sedgwick",-13.7,"SEDGWICK",1976-02-19,375256097274501,173,0,c(-97.464722, 37.882639),"1976","71-0",-97.464722,37.882639,149.7455902,"132-197"
"3126","Sedgwick",-14.26,"SEDGWICK",1976-03-18,375256097274501,173,0,c(-97.464722, 37.882639),"1976","71-0",-97.464722,37.882639,149.7455902,"132-197"
"3127","Sedgwick",-14.59,"SEDGWICK",1976-04-21,375256097274501,173,0,c(-97.464722, 37.882639),"1976","71-0",-97.464722,37.882639,149.7455902,"132-197"
"3128","Sedgwick",-14.72,"SEDGWICK",1976-05-24,375256097274501,173,0,c(-97.464722, 37.882639),"1976","71-0",-97.464722,37.882639,149.7455902,"132-197"
"3129","Sedgwick",-15.28,"SEDGWICK",1976-06-29,375256097274501,173,0,c(-97.464722, 37.882639),"1976","71-0",-97.464722,37.882639,149.7455902,"132-197"
"3130","Sedgwick",-14.8,"SEDGWICK",1976-07-20,375256097274501,173,0,c(-97.464722, 37.882639),"1976","71-0",-97.464722,37.882639,149.7455902,"132-197"
"3131","Sedgwick",-16.34,"SEDGWICK",1976-08-30,375256097274501,173,0,c(-97.464722, 37.882639),"1976","71-0",-97.464722,37.882639,149.7455902,"132-197"
"3132","Sedgwick",-16.78,"SEDGWICK",1976-09-27,375256097274501,173,0,c(-97.464722, 37.882639),"1976","71-0",-97.464722,37.882639,149.7455902,"132-197"
"3133","Sedgwick",-17.16,"SEDGWICK",1976-11-24,375256097274501,173,0,c(-97.464722, 37.882639),"1976","71-0",-97.464722,37.882639,149.7455902,"132-197"
"3134","Sedgwick",-17.4,"SEDGWICK",1976-12-21,375256097274501,173,0,c(-97.464722, 37.882639),"1976","71-0",-97.464722,37.882639,149.7455902,"132-197"
"3135","Sedgwick",-20.5,NA,1976-02-23,375441097303101,173,0,c(-97.51, 37.911944),"1976","71-0",-97.51,37.911944,177.7054443,"132-197"
"3136","Sedgwick",-22,NA,1976-03-18,375441097303101,173,0,c(-97.51, 37.911944),"1976","71-0",-97.51,37.911944,177.7054443,"132-197"
"3137","Sedgwick",-21,NA,1976-04-22,375441097303101,173,0,c(-97.51, 37.911944),"1976","71-0",-97.51,37.911944,177.7054443,"132-197"
"3138","Sedgwick",-21,NA,1976-05-19,375441097303101,173,0,c(-97.51, 37.911944),"1976","71-0",-97.51,37.911944,177.7054443,"132-197"
"3139","Sedgwick",-21,NA,1976-06-28,375441097303101,173,0,c(-97.51, 37.911944),"1976","71-0",-97.51,37.911944,177.7054443,"132-197"
"3140","Sedgwick",-21,NA,1976-07-20,375441097303101,173,0,c(-97.51, 37.911944),"1976","71-0",-97.51,37.911944,177.7054443,"132-197"
"3141","Sedgwick",-23,NA,1976-08-19,375441097303101,173,0,c(-97.51, 37.911944),"1976","71-0",-97.51,37.911944,177.7054443,"132-197"
"3142","Sedgwick",-23,NA,1976-09-30,375441097303101,173,0,c(-97.51, 37.911944),"1976","71-0",-97.51,37.911944,177.7054443,"132-197"
"3143","Sedgwick",-24.5,NA,1976-11-30,375441097303101,173,0,c(-97.51, 37.911944),"1976","71-0",-97.51,37.911944,177.7054443,"132-197"
"3144","Sedgwick",-24,NA,1976-12-29,375441097303101,173,0,c(-97.51, 37.911944),"1976","71-0",-97.51,37.911944,177.7054443,"132-197"
"3145","Sedgwick",-18.38,NA,1976-02-20,375441097341101,173,0,c(-97.572917, 37.912083),"1976","71-0",-97.572917,37.912083,161.2699432,"132-197"
"3146","Sedgwick",-19.15,NA,1976-03-23,375441097341101,173,0,c(-97.572917, 37.912083),"1976","71-0",-97.572917,37.912083,161.2699432,"132-197"
"3147","Sedgwick",-18.76,NA,1976-04-21,375441097341101,173,0,c(-97.572917, 37.912083),"1976","71-0",-97.572917,37.912083,161.2699432,"132-197"
"3148","Sedgwick",-24.19,NA,1976-05-25,375441097341101,173,0,c(-97.572917, 37.912083),"1976","71-0",-97.572917,37.912083,161.2699432,"132-197"
"3149","Sedgwick",-20.23,NA,1976-06-28,375441097341101,173,0,c(-97.572917, 37.912083),"1976","71-0",-97.572917,37.912083,161.2699432,"132-197"
"3150","Sedgwick",-19.26,NA,1976-07-20,375441097341101,173,0,c(-97.572917, 37.912083),"1976","71-0",-97.572917,37.912083,161.2699432,"132-197"
"3151","Sedgwick",-25.1,NA,1976-08-25,375441097341101,173,0,c(-97.572917, 37.912083),"1976","71-0",-97.572917,37.912083,161.2699432,"132-197"
"3152","Sedgwick",-23.95,NA,1976-09-28,375441097341101,173,0,c(-97.572917, 37.912083),"1976","71-0",-97.572917,37.912083,161.2699432,"132-197"
"3153","Sedgwick",-21.82,NA,1976-11-23,375441097341101,173,0,c(-97.572917, 37.912083),"1976","71-0",-97.572917,37.912083,161.2699432,"132-197"
"3154","Sedgwick",-20.39,NA,1976-12-16,375441097341101,173,0,c(-97.572917, 37.912083),"1976","71-0",-97.572917,37.912083,161.2699432,"132-197"
"3155","Harvey",-5.75,NA,1976-01-01,375540097344401,79,0,c(-97.582917, 37.927083),"1976","71-0",-97.582917,37.927083,190.7772827,"132-197"
"3156","Harvey",-6.42,NA,1976-06-30,375540097344401,79,0,c(-97.582917, 37.927083),"1976","71-0",-97.582917,37.927083,190.7772827,"132-197"
"3157","Harvey",-6.75,NA,1976-10-01,375540097344401,79,0,c(-97.582917, 37.927083),"1976","71-0",-97.582917,37.927083,190.7772827,"132-197"
"3158","Harvey",-7.38,NA,1976-12-22,375540097344401,79,0,c(-97.582917, 37.927083),"1976","71-0",-97.582917,37.927083,190.7772827,"132-197"
"3159","Sedgwick",-19.88,NA,1976-02-27,375355097281901,173,0,c(-97.475417, 37.897917),"1976","71-0",-97.475417,37.897917,155.2947083,"132-197"
"3160","Sedgwick",-18.87,NA,1976-03-18,375355097281901,173,0,c(-97.475417, 37.897917),"1976","71-0",-97.475417,37.897917,155.2947083,"132-197"
"3161","Sedgwick",-19.48,NA,1976-04-22,375355097281901,173,0,c(-97.475417, 37.897917),"1976","71-0",-97.475417,37.897917,155.2947083,"132-197"
"3162","Sedgwick",-19.6,NA,1976-05-18,375355097281901,173,0,c(-97.475417, 37.897917),"1976","71-0",-97.475417,37.897917,155.2947083,"132-197"
"3163","Sedgwick",-21.22,NA,1976-06-30,375355097281901,173,0,c(-97.475417, 37.897917),"1976","71-0",-97.475417,37.897917,155.2947083,"132-197"
"3164","Sedgwick",-20.18,NA,1976-07-20,375355097281901,173,0,c(-97.475417, 37.897917),"1976","71-0",-97.475417,37.897917,155.2947083,"132-197"
"3165","Sedgwick",-22.98,NA,1976-08-31,375355097281901,173,0,c(-97.475417, 37.897917),"1976","71-0",-97.475417,37.897917,155.2947083,"132-197"
"3166","Sedgwick",-22.25,NA,1976-09-21,375355097281901,173,0,c(-97.475417, 37.897917),"1976","71-0",-97.475417,37.897917,155.2947083,"132-197"
"3167","Sedgwick",-22.9,NA,1976-11-30,375355097281901,173,0,c(-97.475417, 37.897917),"1976","71-0",-97.475417,37.897917,155.2947083,"132-197"
"3168","Sedgwick",-22.55,NA,1976-12-27,375355097281901,173,0,c(-97.475417, 37.897917),"1976","71-0",-97.475417,37.897917,155.2947083,"132-197"
"3169","Harvey",-24.82,NA,1976-02-23,375540097323401,79,0,c(-97.545556, 37.927083),"1976","71-0",-97.545556,37.927083,192.9073486,"132-197"
"3170","Harvey",-26,NA,1976-03-23,375540097323401,79,0,c(-97.545556, 37.927083),"1976","71-0",-97.545556,37.927083,192.9073486,"132-197"
"3171","Harvey",-28.32,NA,1976-04-23,375540097323401,79,0,c(-97.545556, 37.927083),"1976","71-0",-97.545556,37.927083,192.9073486,"132-197"
"3172","Harvey",-26.28,NA,1976-05-19,375540097323401,79,0,c(-97.545556, 37.927083),"1976","71-0",-97.545556,37.927083,192.9073486,"132-197"
"3173","Harvey",-27.67,NA,1976-06-22,375540097323401,79,0,c(-97.545556, 37.927083),"1976","71-0",-97.545556,37.927083,192.9073486,"132-197"
"3174","Harvey",-31.55,NA,1976-07-23,375540097323401,79,0,c(-97.545556, 37.927083),"1976","71-0",-97.545556,37.927083,192.9073486,"132-197"
"3175","Harvey",-31.27,NA,1976-08-31,375540097323401,79,0,c(-97.545556, 37.927083),"1976","71-0",-97.545556,37.927083,192.9073486,"132-197"
"3176","Harvey",-28.2,NA,1976-09-21,375540097323401,79,0,c(-97.545556, 37.927083),"1976","71-0",-97.545556,37.927083,192.9073486,"132-197"
"3177","Harvey",-28.5,NA,1976-11-24,375540097323401,79,0,c(-97.545556, 37.927083),"1976","71-0",-97.545556,37.927083,192.9073486,"132-197"
"3178","Harvey",-28.12,NA,1976-12-28,375540097323401,79,0,c(-97.545556, 37.927083),"1976","71-0",-97.545556,37.927083,192.9073486,"132-197"
"3179","Harvey",-23.87,NA,1976-02-20,375559097320901,79,0,c(-97.537778, 37.933472),"1976","71-0",-97.537778,37.933472,185.735611,"132-197"
"3180","Harvey",-23.72,NA,1976-03-17,375559097320901,79,0,c(-97.537778, 37.933472),"1976","71-0",-97.537778,37.933472,185.735611,"132-197"
"3181","Harvey",-24.3,NA,1976-04-21,375559097320901,79,0,c(-97.537778, 37.933472),"1976","71-0",-97.537778,37.933472,185.735611,"132-197"
"3182","Harvey",-24.79,NA,1976-05-24,375559097320901,79,0,c(-97.537778, 37.933472),"1976","71-0",-97.537778,37.933472,185.735611,"132-197"
"3183","Harvey",-29.08,NA,1976-06-22,375559097320901,79,0,c(-97.537778, 37.933472),"1976","71-0",-97.537778,37.933472,185.735611,"132-197"
"3184","Harvey",-28.77,NA,1976-07-20,375559097320901,79,0,c(-97.537778, 37.933472),"1976","71-0",-97.537778,37.933472,185.735611,"132-197"
"3185","Harvey",-34.04,NA,1976-08-19,375559097320901,79,0,c(-97.537778, 37.933472),"1976","71-0",-97.537778,37.933472,185.735611,"132-197"
"3186","Harvey",-26.94,NA,1976-09-30,375559097320901,79,0,c(-97.537778, 37.933472),"1976","71-0",-97.537778,37.933472,185.735611,"132-197"
"3187","Harvey",-26.58,NA,1976-11-29,375559097320901,79,0,c(-97.537778, 37.933472),"1976","71-0",-97.537778,37.933472,185.735611,"132-197"
"3188","Harvey",-26.22,NA,1976-12-20,375559097320901,79,0,c(-97.537778, 37.933472),"1976","71-0",-97.537778,37.933472,185.735611,"132-197"
"3189","Sedgwick",-11.28,NA,1976-01-01,375250097295001,173,0,c(-97.500278, 37.879861),"1976","71-0",-97.500278,37.879861,185.8804474,"132-197"
"3190","Sedgwick",-12.66,NA,1976-06-30,375250097295001,173,0,c(-97.500278, 37.879861),"1976","71-0",-97.500278,37.879861,185.8804474,"132-197"
"3191","Sedgwick",-13.24,NA,1976-10-01,375250097295001,173,0,c(-97.500278, 37.879861),"1976","71-0",-97.500278,37.879861,185.8804474,"132-197"
"3192","Sedgwick",-14.29,NA,1976-12-21,375250097295001,173,0,c(-97.500278, 37.879861),"1976","71-0",-97.500278,37.879861,185.8804474,"132-197"
"3193","Reno",-11.77,"Hutchinson SE",1976-01-15,380555097473101,155,0,c(-97.793009, 38.099811),"1976","71-0",-97.793009,38.099811,116.0660248,"66-131"
"3194","Harvey",-12.75,NA,1976-01-01,380054097320301,79,0,c(-97.536528, 38.014167),"1976","71-0",-97.536528,38.014167,181.3890991,"132-197"
"3195","Harvey",-10.78,NA,1976-06-28,380054097320301,79,0,c(-97.536528, 38.014167),"1976","71-0",-97.536528,38.014167,181.3890991,"132-197"
"3196","Harvey",-16.89,NA,1976-10-01,380054097320301,79,0,c(-97.536528, 38.014167),"1976","71-0",-97.536528,38.014167,181.3890991,"132-197"
"3197","Harvey",-10.43,NA,1976-12-22,380054097320301,79,0,c(-97.536528, 38.014167),"1976","71-0",-97.536528,38.014167,181.3890991,"132-197"
"3198","Harvey",-24.42,NA,1976-01-01,380054097351901,79,0,c(-97.591806, 38.014306),"1976","71-0",-97.591806,38.014306,217.5887756,"198-262"
"3199","Harvey",-24.99,NA,1976-06-30,380054097351901,79,0,c(-97.591806, 38.014306),"1976","71-0",-97.591806,38.014306,217.5887756,"198-262"
"3200","Harvey",-27.04,NA,1976-10-01,380054097351901,79,0,c(-97.591806, 38.014306),"1976","71-0",-97.591806,38.014306,217.5887756,"198-262"
"3201","Harvey",-25.95,NA,1976-12-22,380054097351901,79,0,c(-97.591806, 38.014306),"1976","71-0",-97.591806,38.014306,217.5887756,"198-262"
"3202","Harvey",-18.22,"Zimmerdale",1976-01-09,380133097253501,79,0,c(-97.429533, 38.026878),"1976","71-0",-97.429533,38.026878,51.5651474,"0-65"
"3203","Harvey",-13.37,NA,1976-01-09,380528097252601,79,0,c(-97.425838, 38.091152),"1976","71-0",-97.425838,38.091152,23.7789669,"0-65"
"3204","Harvey",-27,NA,1976-01-01,380232097352801,79,0,c(-97.592222, 38.043194),"1976","71-0",-97.592222,38.043194,229.2324066,"198-262"
"3205","Harvey",-26.88,NA,1976-06-30,380232097352801,79,0,c(-97.592222, 38.043194),"1976","71-0",-97.592222,38.043194,229.2324066,"198-262"
"3206","Harvey",-31.1,NA,1976-10-01,380232097352801,79,0,c(-97.592222, 38.043194),"1976","71-0",-97.592222,38.043194,229.2324066,"198-262"
"3207","Harvey",-29.48,NA,1976-12-22,380232097352801,79,0,c(-97.592222, 38.043194),"1976","71-0",-97.592222,38.043194,229.2324066,"198-262"
"3208","Reno",-7.9,"Hutchinson SE",1976-01-15,380509097450202,155,0,c(-97.750958, 38.08587),"1976","71-0",-97.750958,38.08587,119.8324509,"66-131"
"3209","Harvey",-29.47,NA,1976-02-18,375902097334802,79,0,c(-97.566797, 37.985025),"1976","71-0",-97.566797,37.985025,204.4059601,"198-262"
"3210","Harvey",-29.78,NA,1976-03-17,375902097334802,79,0,c(-97.566797, 37.985025),"1976","71-0",-97.566797,37.985025,204.4059601,"198-262"
"3211","Harvey",-29.87,NA,1976-04-23,375902097334802,79,0,c(-97.566797, 37.985025),"1976","71-0",-97.566797,37.985025,204.4059601,"198-262"
"3212","Harvey",-29.78,NA,1976-05-18,375902097334802,79,0,c(-97.566797, 37.985025),"1976","71-0",-97.566797,37.985025,204.4059601,"198-262"
"3213","Harvey",-29.76,NA,1976-06-30,375902097334802,79,0,c(-97.566797, 37.985025),"1976","71-0",-97.566797,37.985025,204.4059601,"198-262"
"3214","Harvey",-29.69,NA,1976-07-20,375902097334802,79,0,c(-97.566797, 37.985025),"1976","71-0",-97.566797,37.985025,204.4059601,"198-262"
"3215","Harvey",-32.09,NA,1976-08-30,375902097334802,79,0,c(-97.566797, 37.985025),"1976","71-0",-97.566797,37.985025,204.4059601,"198-262"
"3216","Harvey",-32.19,NA,1976-09-15,375902097334802,79,0,c(-97.566797, 37.985025),"1976","71-0",-97.566797,37.985025,204.4059601,"198-262"
"3217","Harvey",-31.45,NA,1976-11-30,375902097334802,79,0,c(-97.566797, 37.985025),"1976","71-0",-97.566797,37.985025,204.4059601,"198-262"
"3218","Harvey",-30.53,NA,1976-12-21,375902097334802,79,0,c(-97.566797, 37.985025),"1976","71-0",-97.566797,37.985025,204.4059601,"198-262"
"3219","Harvey",-21.93,NA,1976-01-01,375810097310501,79,0,c(-97.519444, 37.970417),"1976","71-0",-97.519444,37.970417,168.8845978,"132-197"
"3220","Harvey",-22.34,NA,1976-06-28,375810097310501,79,0,c(-97.519444, 37.970417),"1976","71-0",-97.519444,37.970417,168.8845978,"132-197"
"3221","Harvey",-23.69,NA,1976-10-01,375810097310501,79,0,c(-97.519444, 37.970417),"1976","71-0",-97.519444,37.970417,168.8845978,"132-197"
"3222","Harvey",-23.89,NA,1976-12-21,375810097310501,79,0,c(-97.519444, 37.970417),"1976","71-0",-97.519444,37.970417,168.8845978,"132-197"
"3223","Harvey",-13.25,NA,1976-01-28,375903097363302,79,0,c(-97.610556, 37.985),"1976","71-0",-97.610556,37.985,206.9248047,"198-262"
"3224","Harvey",-12.34,NA,1976-02-19,375903097363302,79,0,c(-97.610556, 37.985),"1976","71-0",-97.610556,37.985,206.9248047,"198-262"
"3225","Harvey",-12.28,NA,1976-03-19,375903097363302,79,0,c(-97.610556, 37.985),"1976","71-0",-97.610556,37.985,206.9248047,"198-262"
"3226","Harvey",-12.44,NA,1976-04-21,375903097363302,79,0,c(-97.610556, 37.985),"1976","71-0",-97.610556,37.985,206.9248047,"198-262"
"3227","Harvey",-12.3,NA,1976-05-19,375903097363302,79,0,c(-97.610556, 37.985),"1976","71-0",-97.610556,37.985,206.9248047,"198-262"
"3228","Harvey",-12.27,NA,1976-06-24,375903097363302,79,0,c(-97.610556, 37.985),"1976","71-0",-97.610556,37.985,206.9248047,"198-262"
"3229","Harvey",-12.17,NA,1976-07-20,375903097363302,79,0,c(-97.610556, 37.985),"1976","71-0",-97.610556,37.985,206.9248047,"198-262"
"3230","Harvey",-12.56,NA,1976-08-25,375903097363302,79,0,c(-97.610556, 37.985),"1976","71-0",-97.610556,37.985,206.9248047,"198-262"
"3231","Harvey",-12.88,NA,1976-09-21,375903097363302,79,0,c(-97.610556, 37.985),"1976","71-0",-97.610556,37.985,206.9248047,"198-262"
"3232","Harvey",-13.2,NA,1976-11-29,375903097363302,79,0,c(-97.610556, 37.985),"1976","71-0",-97.610556,37.985,206.9248047,"198-262"
"3233","Harvey",-13.32,NA,1976-12-21,375903097363302,79,0,c(-97.610556, 37.985),"1976","71-0",-97.610556,37.985,206.9248047,"198-262"
"3234","Harvey",-10.85,NA,1976-01-01,375903097373101,79,0,c(-97.628611, 37.985),"1976","71-0",-97.628611,37.985,189.173172,"132-197"
"3235","Harvey",-10.94,NA,1976-06-30,375903097373101,79,0,c(-97.628611, 37.985),"1976","71-0",-97.628611,37.985,189.173172,"132-197"
"3236","Harvey",-11.09,NA,1976-10-01,375903097373101,79,0,c(-97.628611, 37.985),"1976","71-0",-97.628611,37.985,189.173172,"132-197"
"3237","Harvey",-11.47,NA,1976-12-22,375903097373101,79,0,c(-97.628611, 37.985),"1976","71-0",-97.628611,37.985,189.173172,"132-197"
"3238","Harvey",-7.04,"BURRTON",1976-01-01,380048097395202,79,0,c(-97.665786, 38.013989),"1976","71-0",-97.665786,38.013989,142.5135498,"132-197"
"3239","Harvey",-6.71,"BURRTON",1976-06-30,380048097395202,79,0,c(-97.665786, 38.013989),"1976","71-0",-97.665786,38.013989,142.5135498,"132-197"
"3240","Harvey",-7.52,"BURRTON",1976-10-01,380048097395202,79,0,c(-97.665786, 38.013989),"1976","71-0",-97.665786,38.013989,142.5135498,"132-197"
"3241","Harvey",-7.84,"BURRTON",1976-12-22,380048097395202,79,0,c(-97.665786, 38.013989),"1976","71-0",-97.665786,38.013989,142.5135498,"132-197"
"3242","Harvey",-9.19,"Bentley",1976-01-01,380001097313001,79,0,c(-97.526528, 37.999583),"1976","71-0",-97.526528,37.999583,173.0181885,"132-197"
"3243","Harvey",-8.93,"Bentley",1976-06-30,380001097313001,79,0,c(-97.526528, 37.999583),"1976","71-0",-97.526528,37.999583,173.0181885,"132-197"
"3244","Harvey",-12.77,"Bentley",1976-10-01,380001097313001,79,0,c(-97.526528, 37.999583),"1976","71-0",-97.526528,37.999583,173.0181885,"132-197"
"3245","Harvey",-11.13,"Bentley",1976-12-22,380001097313001,79,0,c(-97.526528, 37.999583),"1976","71-0",-97.526528,37.999583,173.0181885,"132-197"
"3246","Harvey",-38.25,NA,1976-01-01,380001097330001,79,0,c(-97.550139, 37.999583),"1976","71-0",-97.550139,37.999583,195.6428528,"132-197"
"3247","Harvey",-43.49,NA,1976-06-30,380001097330001,79,0,c(-97.550139, 37.999583),"1976","71-0",-97.550139,37.999583,195.6428528,"132-197"
"3248","Harvey",-43.36,NA,1976-10-01,380001097330001,79,0,c(-97.550139, 37.999583),"1976","71-0",-97.550139,37.999583,195.6428528,"132-197"
"3249","Harvey",-39.67,NA,1976-12-22,380001097330001,79,0,c(-97.550139, 37.999583),"1976","71-0",-97.550139,37.999583,195.6428528,"132-197"
"3250","Harvey",-19.75,NA,1976-01-01,380001097330002,79,0,c(-97.550139, 37.999583),"1976","71-0",-97.550139,37.999583,195.6428528,"132-197"
"3251","Harvey",-19.93,NA,1976-06-30,380001097330002,79,0,c(-97.550139, 37.999583),"1976","71-0",-97.550139,37.999583,195.6428528,"132-197"
"3252","Harvey",-19.8,NA,1976-10-01,380001097330002,79,0,c(-97.550139, 37.999583),"1976","71-0",-97.550139,37.999583,195.6428528,"132-197"
"3253","Harvey",-19.97,NA,1976-12-22,380001097330002,79,0,c(-97.550139, 37.999583),"1976","71-0",-97.550139,37.999583,195.6428528,"132-197"
"3254","Harvey",-34.18,NA,1976-02-19,380001097341302,79,0,c(-97.573658, 38.000994),"1976","71-0",-97.573658,38.000994,206.3803253,"198-262"
"3255","Harvey",-34,NA,1976-03-17,380001097341302,79,0,c(-97.573658, 38.000994),"1976","71-0",-97.573658,38.000994,206.3803253,"198-262"
"3256","Harvey",-34.1,NA,1976-04-20,380001097341302,79,0,c(-97.573658, 38.000994),"1976","71-0",-97.573658,38.000994,206.3803253,"198-262"
"3257","Harvey",-34.13,NA,1976-05-18,380001097341302,79,0,c(-97.573658, 38.000994),"1976","71-0",-97.573658,38.000994,206.3803253,"198-262"
"3258","Harvey",-34.47,NA,1976-06-25,380001097341302,79,0,c(-97.573658, 38.000994),"1976","71-0",-97.573658,38.000994,206.3803253,"198-262"
"3259","Harvey",-35.34,NA,1976-07-23,380001097341302,79,0,c(-97.573658, 38.000994),"1976","71-0",-97.573658,38.000994,206.3803253,"198-262"
"3260","Harvey",-38.26,NA,1976-08-23,380001097341302,79,0,c(-97.573658, 38.000994),"1976","71-0",-97.573658,38.000994,206.3803253,"198-262"
"3261","Harvey",-36.64,NA,1976-09-15,380001097341302,79,0,c(-97.573658, 38.000994),"1976","71-0",-97.573658,38.000994,206.3803253,"198-262"
"3262","Harvey",-35.6,NA,1976-11-22,380001097341302,79,0,c(-97.573658, 38.000994),"1976","71-0",-97.573658,38.000994,206.3803253,"198-262"
"3263","Harvey",-35.42,NA,1976-12-16,380001097341302,79,0,c(-97.573658, 38.000994),"1976","71-0",-97.573658,38.000994,206.3803253,"198-262"
"3264","Harvey",-41.87,NA,1976-01-01,380001097342102,79,0,c(-97.573889, 37.999722),"1976","71-0",-97.573889,37.999722,206.3803253,"198-262"
"3265","Harvey",-42.34,NA,1976-06-30,380001097342102,79,0,c(-97.573889, 37.999722),"1976","71-0",-97.573889,37.999722,206.3803253,"198-262"
"3266","Harvey",-52.89,NA,1976-10-01,380001097342102,79,0,c(-97.573889, 37.999722),"1976","71-0",-97.573889,37.999722,206.3803253,"198-262"
"3267","Harvey",-43.53,NA,1976-12-22,380001097342102,79,0,c(-97.573889, 37.999722),"1976","71-0",-97.573889,37.999722,206.3803253,"198-262"
"3268","Harvey",-6.65,"PATTERSON",1976-01-01,380002097401702,79,0,c(-97.674453, 37.999842),"1976","71-0",-97.674453,37.999842,125.8531723,"66-131"
"3269","Harvey",-6.28,"PATTERSON",1976-06-30,380002097401702,79,0,c(-97.674453, 37.999842),"1976","71-0",-97.674453,37.999842,125.8531723,"66-131"
"3270","Harvey",-7.19,"PATTERSON",1976-10-01,380002097401702,79,0,c(-97.674453, 37.999842),"1976","71-0",-97.674453,37.999842,125.8531723,"66-131"
"3271","Harvey",-7.66,"PATTERSON",1976-12-22,380002097401702,79,0,c(-97.674453, 37.999842),"1976","71-0",-97.674453,37.999842,125.8531723,"66-131"
"3272","Harvey",-8.77,"PATTERSON",1976-01-01,375811097415502,79,0,c(-97.701806, 37.970417),"1976","71-0",-97.701806,37.970417,179.7404633,"132-197"
"3273","Harvey",-9.28,"PATTERSON",1976-06-30,375811097415502,79,0,c(-97.701806, 37.970417),"1976","71-0",-97.701806,37.970417,179.7404633,"132-197"
"3274","Harvey",-9.16,"PATTERSON",1976-10-01,375811097415502,79,0,c(-97.701806, 37.970417),"1976","71-0",-97.701806,37.970417,179.7404633,"132-197"
"3275","Harvey",-9.73,"PATTERSON",1976-12-22,375811097415502,79,0,c(-97.701806, 37.970417),"1976","71-0",-97.701806,37.970417,179.7404633,"132-197"
"3276","Harvey",-27.85,NA,1976-02-19,375817097321002,79,0,c(-97.537361, 37.972222),"1976","71-0",-97.537361,37.972222,176.2811432,"132-197"
"3277","Harvey",-27.42,NA,1976-03-17,375817097321002,79,0,c(-97.537361, 37.972222),"1976","71-0",-97.537361,37.972222,176.2811432,"132-197"
"3278","Harvey",-28.22,NA,1976-04-21,375817097321002,79,0,c(-97.537361, 37.972222),"1976","71-0",-97.537361,37.972222,176.2811432,"132-197"
"3279","Harvey",-27.7,NA,1976-05-27,375817097321002,79,0,c(-97.537361, 37.972222),"1976","71-0",-97.537361,37.972222,176.2811432,"132-197"
"3280","Harvey",-27.35,NA,1976-06-22,375817097321002,79,0,c(-97.537361, 37.972222),"1976","71-0",-97.537361,37.972222,176.2811432,"132-197"
"3281","Harvey",-27.66,NA,1976-07-23,375817097321002,79,0,c(-97.537361, 37.972222),"1976","71-0",-97.537361,37.972222,176.2811432,"132-197"
"3282","Harvey",-28.93,NA,1976-08-30,375817097321002,79,0,c(-97.537361, 37.972222),"1976","71-0",-97.537361,37.972222,176.2811432,"132-197"
"3283","Harvey",-28.37,NA,1976-09-21,375817097321002,79,0,c(-97.537361, 37.972222),"1976","71-0",-97.537361,37.972222,176.2811432,"132-197"
"3284","Harvey",-28.75,NA,1976-11-30,375817097321002,79,0,c(-97.537361, 37.972222),"1976","71-0",-97.537361,37.972222,176.2811432,"132-197"
"3285","Harvey",-28.84,NA,1976-12-20,375817097321002,79,0,c(-97.537361, 37.972222),"1976","71-0",-97.537361,37.972222,176.2811432,"132-197"
"3286","Harvey",-11.72,NA,1976-02-25,375817097365702,79,0,c(-97.618364, 37.971524),"1976","71-0",-97.618364,37.971524,198.3068542,"198-262"
"3287","Harvey",-11.24,NA,1976-03-19,375817097365702,79,0,c(-97.618364, 37.971524),"1976","71-0",-97.618364,37.971524,198.3068542,"198-262"
"3288","Harvey",-12.56,NA,1976-04-23,375817097365702,79,0,c(-97.618364, 37.971524),"1976","71-0",-97.618364,37.971524,198.3068542,"198-262"
"3289","Harvey",-14.78,NA,1976-05-24,375817097365702,79,0,c(-97.618364, 37.971524),"1976","71-0",-97.618364,37.971524,198.3068542,"198-262"
"3290","Harvey",-11.68,NA,1976-06-30,375817097365702,79,0,c(-97.618364, 37.971524),"1976","71-0",-97.618364,37.971524,198.3068542,"198-262"
"3291","Harvey",-11.61,NA,1976-07-23,375817097365702,79,0,c(-97.618364, 37.971524),"1976","71-0",-97.618364,37.971524,198.3068542,"198-262"
"3292","Harvey",-11.72,NA,1976-08-19,375817097365702,79,0,c(-97.618364, 37.971524),"1976","71-0",-97.618364,37.971524,198.3068542,"198-262"
"3293","Harvey",-12.24,NA,1976-09-24,375817097365702,79,0,c(-97.618364, 37.971524),"1976","71-0",-97.618364,37.971524,198.3068542,"198-262"
"3294","Harvey",-12.52,NA,1976-11-23,375817097365702,79,0,c(-97.618364, 37.971524),"1976","71-0",-97.618364,37.971524,198.3068542,"198-262"
"3295","Harvey",-12.17,NA,1976-12-16,375817097365702,79,0,c(-97.618364, 37.971524),"1976","71-0",-97.618364,37.971524,198.3068542,"198-262"
"3296","Harvey",-13.18,NA,1976-01-01,375724097295101,79,0,c(-97.500417, 37.956111),"1976","71-0",-97.500417,37.956111,158.6879578,"132-197"
"3297","Harvey",-13.32,NA,1976-06-28,375724097295101,79,0,c(-97.500417, 37.956111),"1976","71-0",-97.500417,37.956111,158.6879578,"132-197"
"3298","Harvey",-15.24,NA,1976-10-01,375724097295101,79,0,c(-97.500417, 37.956111),"1976","71-0",-97.500417,37.956111,158.6879578,"132-197"
"3299","Harvey",-15.58,NA,1976-12-21,375724097295101,79,0,c(-97.500417, 37.956111),"1976","71-0",-97.500417,37.956111,158.6879578,"132-197"
"3300","Reno",-4.88,"PATTERSON",1976-01-01,375728097425702,155,0,c(-97.720139, 37.95625),"1976","71-0",-97.720139,37.95625,228.8697205,"198-262"
"3301","Reno",-4.38,"PATTERSON",1976-06-30,375728097425702,155,0,c(-97.720139, 37.95625),"1976","71-0",-97.720139,37.95625,228.8697205,"198-262"
"3302","Reno",-5.52,"PATTERSON",1976-10-01,375728097425702,155,0,c(-97.720139, 37.95625),"1976","71-0",-97.720139,37.95625,228.8697205,"198-262"
"3303","Reno",-5.82,"PATTERSON",1976-12-22,375728097425702,155,0,c(-97.720139, 37.95625),"1976","71-0",-97.720139,37.95625,228.8697205,"198-262"
"3304","Harvey",-40.63,NA,1976-01-01,375955097333201,79,0,c(-97.559217, 37.999483),"1976","71-0",-97.559217,37.999483,212.0122681,"198-262"
"3305","Harvey",-43.68,NA,1976-06-30,375955097333201,79,0,c(-97.559217, 37.999483),"1976","71-0",-97.559217,37.999483,212.0122681,"198-262"
"3306","Harvey",-44.26,NA,1976-10-01,375955097333201,79,0,c(-97.559217, 37.999483),"1976","71-0",-97.559217,37.999483,212.0122681,"198-262"
"3307","Harvey",-42.33,NA,1976-12-22,375955097333201,79,0,c(-97.559217, 37.999483),"1976","71-0",-97.559217,37.999483,212.0122681,"198-262"
"3308","Harvey",-34.5,NA,1976-02-27,380139097341401,79,0,c(-97.573039, 38.028097),"1976","71-0",-97.573039,38.028097,195.21521,"132-197"
"3309","Harvey",-38,NA,1976-03-31,380139097341401,79,0,c(-97.573039, 38.028097),"1976","71-0",-97.573039,38.028097,195.21521,"132-197"
"3310","Harvey",-33,NA,1976-04-26,380139097341401,79,0,c(-97.573039, 38.028097),"1976","71-0",-97.573039,38.028097,195.21521,"132-197"
"3311","Harvey",-30.5,NA,1976-05-18,380139097341401,79,0,c(-97.573039, 38.028097),"1976","71-0",-97.573039,38.028097,195.21521,"132-197"
"3312","Harvey",-36,NA,1976-06-25,380139097341401,79,0,c(-97.573039, 38.028097),"1976","71-0",-97.573039,38.028097,195.21521,"132-197"
"3313","Harvey",-38.5,NA,1976-07-20,380139097341401,79,0,c(-97.573039, 38.028097),"1976","71-0",-97.573039,38.028097,195.21521,"132-197"
"3314","Harvey",-46,NA,1976-08-16,380139097341401,79,0,c(-97.573039, 38.028097),"1976","71-0",-97.573039,38.028097,195.21521,"132-197"
"3315","Harvey",-36,NA,1976-09-21,380139097341401,79,0,c(-97.573039, 38.028097),"1976","71-0",-97.573039,38.028097,195.21521,"132-197"
"3316","Harvey",-32,NA,1976-11-22,380139097341401,79,0,c(-97.573039, 38.028097),"1976","71-0",-97.573039,38.028097,195.21521,"132-197"
"3317","Harvey",-32,NA,1976-12-16,380139097341401,79,0,c(-97.573039, 38.028097),"1976","71-0",-97.573039,38.028097,195.21521,"132-197"
"3318","Harvey",-6.59,"PATTERSON",1976-01-01,375910097405802,79,0,c(-97.684028, 37.985278),"1976","71-0",-97.684028,37.985278,117.7985229,"66-131"
"3319","Harvey",-6.02,"PATTERSON",1976-06-30,375910097405802,79,0,c(-97.684028, 37.985278),"1976","71-0",-97.684028,37.985278,117.7985229,"66-131"
"3320","Harvey",-6.99,"PATTERSON",1976-10-01,375910097405802,79,0,c(-97.684028, 37.985278),"1976","71-0",-97.684028,37.985278,117.7985229,"66-131"
"3321","Harvey",-8.49,"PATTERSON",1976-12-22,375910097405802,79,0,c(-97.684028, 37.985278),"1976","71-0",-97.684028,37.985278,117.7985229,"66-131"
"3322","Harvey",-23.25,NA,1976-02-19,375843097363303,79,0,c(-97.610556, 37.977917),"1976","71-0",-97.610556,37.977917,203.6569672,"198-262"
"3323","Harvey",-38.74,NA,1976-03-22,375843097363303,79,0,c(-97.610556, 37.977917),"1976","71-0",-97.610556,37.977917,203.6569672,"198-262"
"3324","Harvey",-24.49,NA,1976-04-21,375843097363303,79,0,c(-97.610556, 37.977917),"1976","71-0",-97.610556,37.977917,203.6569672,"198-262"
"3325","Harvey",-25.98,NA,1976-05-19,375843097363303,79,0,c(-97.610556, 37.977917),"1976","71-0",-97.610556,37.977917,203.6569672,"198-262"
"3326","Harvey",-38.9,NA,1976-06-22,375843097363303,79,0,c(-97.610556, 37.977917),"1976","71-0",-97.610556,37.977917,203.6569672,"198-262"
"3327","Harvey",-40.39,NA,1976-07-23,375843097363303,79,0,c(-97.610556, 37.977917),"1976","71-0",-97.610556,37.977917,203.6569672,"198-262"
"3328","Harvey",-48.58,NA,1976-08-23,375843097363303,79,0,c(-97.610556, 37.977917),"1976","71-0",-97.610556,37.977917,203.6569672,"198-262"
"3329","Harvey",-39.79,NA,1976-09-30,375843097363303,79,0,c(-97.610556, 37.977917),"1976","71-0",-97.610556,37.977917,203.6569672,"198-262"
"3330","Harvey",-42.45,NA,1976-11-23,375843097363303,79,0,c(-97.610556, 37.977917),"1976","71-0",-97.610556,37.977917,203.6569672,"198-262"
"3331","Harvey",-39.97,NA,1976-12-16,375843097363303,79,0,c(-97.610556, 37.977917),"1976","71-0",-97.610556,37.977917,203.6569672,"198-262"
"3332","Harvey",-6.99,NA,1976-01-01,380331097354501,79,0,c(-97.597083, 38.058333),"1976","71-0",-97.597083,38.058333,220.0198975,"198-262"
"3333","Harvey",-3.49,NA,1976-06-30,380331097354501,79,0,c(-97.597083, 38.058333),"1976","71-0",-97.597083,38.058333,220.0198975,"198-262"
"3334","Harvey",-6.25,NA,1976-10-01,380331097354501,79,0,c(-97.597083, 38.058333),"1976","71-0",-97.597083,38.058333,220.0198975,"198-262"
"3335","Harvey",-7.49,NA,1976-12-22,380331097354501,79,0,c(-97.597083, 38.058333),"1976","71-0",-97.597083,38.058333,220.0198975,"198-262"
"3336","Harvey",-14.92,"BURRTON",1976-01-01,380331097395401,79,0,c(-97.666097, 38.057803),"1976","71-0",-97.666097,38.057803,252.0494843,"198-262"
"3337","Harvey",-10.33,"BURRTON",1976-06-30,380331097395401,79,0,c(-97.666097, 38.057803),"1976","71-0",-97.666097,38.057803,252.0494843,"198-262"
"3338","Harvey",-14.51,"BURRTON",1976-10-01,380331097395401,79,0,c(-97.666097, 38.057803),"1976","71-0",-97.666097,38.057803,252.0494843,"198-262"
"3339","Harvey",-15.85,"BURRTON",1976-12-22,380331097395401,79,0,c(-97.666097, 38.057803),"1976","71-0",-97.666097,38.057803,252.0494843,"198-262"
"3340","McPherson",-19.46,NA,1976-01-07,381610097324501,113,0,c(-97.545362, 38.268823),"1976","71-0",-97.545362,38.268823,41.1386108,"0-65"
"3341","McPherson",-24.77,NA,1976-01-12,382149097322001,113,0,c(-97.538631, 38.36332),"1976","71-0",-97.538631,38.36332,34.2567596,"0-65"
"3342","McPherson",-79.21,"MCPHERSON NORTH",1976-01-05,382413097443601,113,0,c(-97.743185, 38.402427),"1976","143-72",-97.743185,38.402427,10,"0-65"
"3343","McPherson",-64.51,NA,1976-01-12,382126097384501,113,0,c(-97.646132, 38.356789),"1976","71-0",-97.646132,38.356789,58.205658,"0-65"
"3344","Harvey",-24.65,NA,1976-01-01,375625097305601,79,0,c(-97.518611, 37.94125),"1976","71-0",-97.518611,37.94125,166.8974304,"132-197"
"3345","Harvey",-24.99,NA,1976-06-30,375625097305601,79,0,c(-97.518611, 37.94125),"1976","71-0",-97.518611,37.94125,166.8974304,"132-197"
"3346","Harvey",-27.78,NA,1976-10-01,375625097305601,79,0,c(-97.518611, 37.94125),"1976","71-0",-97.518611,37.94125,166.8974304,"132-197"
"3347","Harvey",-27.29,NA,1976-12-21,375625097305601,79,0,c(-97.518611, 37.94125),"1976","71-0",-97.518611,37.94125,166.8974304,"132-197"
"3348","Harvey",-13.54,NA,1976-01-01,375632097284501,79,0,c(-97.481944, 37.941528),"1976","71-0",-97.481944,37.941528,147.827179,"132-197"
"3349","Harvey",-14.77,NA,1976-06-30,375632097284501,79,0,c(-97.481944, 37.941528),"1976","71-0",-97.481944,37.941528,147.827179,"132-197"
"3350","Harvey",-16.87,NA,1976-10-01,375632097284501,79,0,c(-97.481944, 37.941528),"1976","71-0",-97.481944,37.941528,147.827179,"132-197"
"3351","Harvey",-17.17,NA,1976-12-21,375632097284501,79,0,c(-97.481944, 37.941528),"1976","71-0",-97.481944,37.941528,147.827179,"132-197"
"3352","Harvey",-23,NA,1976-02-18,375632097313701,79,0,c(-97.528611, 37.941944),"1976","71-0",-97.528611,37.941944,175.8279266,"132-197"
"3353","Harvey",-24,NA,1976-03-26,375632097313701,79,0,c(-97.528611, 37.941944),"1976","71-0",-97.528611,37.941944,175.8279266,"132-197"
"3354","Harvey",-24,NA,1976-04-26,375632097313701,79,0,c(-97.528611, 37.941944),"1976","71-0",-97.528611,37.941944,175.8279266,"132-197"
"3355","Harvey",-24,NA,1976-05-18,375632097313701,79,0,c(-97.528611, 37.941944),"1976","71-0",-97.528611,37.941944,175.8279266,"132-197"
"3356","Harvey",-24.5,NA,1976-06-22,375632097313701,79,0,c(-97.528611, 37.941944),"1976","71-0",-97.528611,37.941944,175.8279266,"132-197"
"3357","Harvey",-27,NA,1976-07-30,375632097313701,79,0,c(-97.528611, 37.941944),"1976","71-0",-97.528611,37.941944,175.8279266,"132-197"
"3358","Harvey",-28,NA,1976-08-30,375632097313701,79,0,c(-97.528611, 37.941944),"1976","71-0",-97.528611,37.941944,175.8279266,"132-197"
"3359","Harvey",-26,NA,1976-09-21,375632097313701,79,0,c(-97.528611, 37.941944),"1976","71-0",-97.528611,37.941944,175.8279266,"132-197"
"3360","Harvey",-26,NA,1976-11-22,375632097313701,79,0,c(-97.528611, 37.941944),"1976","71-0",-97.528611,37.941944,175.8279266,"132-197"
"3361","Harvey",-26,NA,1976-12-16,375632097313701,79,0,c(-97.528611, 37.941944),"1976","71-0",-97.528611,37.941944,175.8279266,"132-197"
"3362","Sedgwick",-15.09,NA,1976-06-30,374953097232601,173,0,c(-97.390472, 37.832083),"1976","71-0",-97.390472,37.832083,65.1703033,"0-65"
"3363","Sedgwick",-14.96,NA,1976-10-01,374953097232601,173,0,c(-97.390472, 37.832083),"1976","71-0",-97.390472,37.832083,65.1703033,"0-65"
"3364","Sedgwick",-15.15,NA,1976-12-23,374953097232601,173,0,c(-97.390472, 37.832083),"1976","71-0",-97.390472,37.832083,65.1703033,"0-65"
"3365","Sedgwick",-12.78,"Maize",1976-01-01,375210097232601,173,0,c(-97.390542, 37.868658),"1976","71-0",-97.390542,37.868658,32.1274567,"0-65"
"3366","Sedgwick",-12.88,"Maize",1976-06-30,375210097232601,173,0,c(-97.390542, 37.868658),"1976","71-0",-97.390542,37.868658,32.1274567,"0-65"
"3367","Sedgwick",-14.05,"Maize",1976-10-01,375210097232601,173,0,c(-97.390542, 37.868658),"1976","71-0",-97.390542,37.868658,32.1274567,"0-65"
"3368","Sedgwick",-14.74,"Maize",1976-12-23,375210097232601,173,0,c(-97.390542, 37.868658),"1976","71-0",-97.390542,37.868658,32.1274567,"0-65"
"3369","Sedgwick",-12.19,NA,1976-02-23,375210097273701,173,0,c(-97.463472, 37.869306),"1976","71-0",-97.463472,37.869306,151.2447662,"132-197"
"3370","Sedgwick",-13.07,NA,1976-03-18,375210097273701,173,0,c(-97.463472, 37.869306),"1976","71-0",-97.463472,37.869306,151.2447662,"132-197"
"3371","Sedgwick",-12.87,NA,1976-04-21,375210097273701,173,0,c(-97.463472, 37.869306),"1976","71-0",-97.463472,37.869306,151.2447662,"132-197"
"3372","Sedgwick",-13.5,NA,1976-05-27,375210097273701,173,0,c(-97.463472, 37.869306),"1976","71-0",-97.463472,37.869306,151.2447662,"132-197"
"3373","Sedgwick",-13.99,NA,1976-06-23,375210097273701,173,0,c(-97.463472, 37.869306),"1976","71-0",-97.463472,37.869306,151.2447662,"132-197"
"3374","Sedgwick",-13.65,NA,1976-07-28,375210097273701,173,0,c(-97.463472, 37.869306),"1976","71-0",-97.463472,37.869306,151.2447662,"132-197"
"3375","Sedgwick",-14.48,NA,1976-08-19,375210097273701,173,0,c(-97.463472, 37.869306),"1976","71-0",-97.463472,37.869306,151.2447662,"132-197"
"3376","Sedgwick",-14.33,NA,1976-09-24,375210097273701,173,0,c(-97.463472, 37.869306),"1976","71-0",-97.463472,37.869306,151.2447662,"132-197"
"3377","Sedgwick",-14.79,NA,1976-11-29,375210097273701,173,0,c(-97.463472, 37.869306),"1976","71-0",-97.463472,37.869306,151.2447662,"132-197"
"3378","Sedgwick",-15.73,NA,1976-12-20,375210097273701,173,0,c(-97.463472, 37.869306),"1976","71-0",-97.463472,37.869306,151.2447662,"132-197"
"3379","Sedgwick",-11.94,NA,1976-01-01,375204097252701,173,0,c(-97.426806, 37.868472),"1976","71-0",-97.426806,37.868472,106.7269135,"66-131"
"3380","Sedgwick",-12.49,NA,1976-06-30,375204097252701,173,0,c(-97.426806, 37.868472),"1976","71-0",-97.426806,37.868472,106.7269135,"66-131"
"3381","Sedgwick",-12.86,NA,1976-10-01,375204097252701,173,0,c(-97.426806, 37.868472),"1976","71-0",-97.426806,37.868472,106.7269135,"66-131"
"3382","Sedgwick",-13.4,NA,1976-12-21,375204097252701,173,0,c(-97.426806, 37.868472),"1976","71-0",-97.426806,37.868472,106.7269135,"66-131"
"3383","Harvey",-3.82,NA,1976-01-01,375448097405501,79,0,c(-97.683889, 37.9125),"1976","71-0",-97.683889,37.9125,223.3004761,"198-262"
"3384","Harvey",-3.03,NA,1976-06-28,375448097405501,79,0,c(-97.683889, 37.9125),"1976","71-0",-97.683889,37.9125,223.3004761,"198-262"
"3385","Harvey",-4.85,NA,1976-10-01,375448097405501,79,0,c(-97.683889, 37.9125),"1976","71-0",-97.683889,37.9125,223.3004761,"198-262"
"3386","Harvey",-4.46,NA,1976-12-22,375448097405501,79,0,c(-97.683889, 37.9125),"1976","71-0",-97.683889,37.9125,223.3004761,"198-262"
"3387","Sedgwick",-16.04,NA,1976-02-18,375441097292601,173,0,c(-97.492083, 37.912222),"1976","71-0",-97.492083,37.912222,164.5970612,"132-197"
"3388","Sedgwick",-16.54,NA,1976-03-26,375441097292601,173,0,c(-97.492083, 37.912222),"1976","71-0",-97.492083,37.912222,164.5970612,"132-197"
"3389","Sedgwick",-16.88,NA,1976-04-26,375441097292601,173,0,c(-97.492083, 37.912222),"1976","71-0",-97.492083,37.912222,164.5970612,"132-197"
"3390","Sedgwick",-16.93,NA,1976-05-18,375441097292601,173,0,c(-97.492083, 37.912222),"1976","71-0",-97.492083,37.912222,164.5970612,"132-197"
"3391","Sedgwick",-17.18,NA,1976-06-28,375441097292601,173,0,c(-97.492083, 37.912222),"1976","71-0",-97.492083,37.912222,164.5970612,"132-197"
"3392","Sedgwick",-17.59,NA,1976-07-23,375441097292601,173,0,c(-97.492083, 37.912222),"1976","71-0",-97.492083,37.912222,164.5970612,"132-197"
"3393","Sedgwick",-20.02,NA,1976-08-19,375441097292601,173,0,c(-97.492083, 37.912222),"1976","71-0",-97.492083,37.912222,164.5970612,"132-197"
"3394","Sedgwick",-18.17,NA,1976-09-21,375441097292601,173,0,c(-97.492083, 37.912222),"1976","71-0",-97.492083,37.912222,164.5970612,"132-197"
"3395","Sedgwick",-19.01,NA,1976-11-29,375441097292601,173,0,c(-97.492083, 37.912222),"1976","71-0",-97.492083,37.912222,164.5970612,"132-197"
"3396","Sedgwick",-19.39,NA,1976-12-20,375441097292601,173,0,c(-97.492083, 37.912222),"1976","71-0",-97.492083,37.912222,164.5970612,"132-197"
"3397","Sedgwick",-18.68,NA,1976-02-18,375441097302301,173,0,c(-97.508333, 37.912222),"1976","71-0",-97.508333,37.912222,175.9151154,"132-197"
"3398","Sedgwick",-18.91,NA,1976-03-18,375441097302301,173,0,c(-97.508333, 37.912222),"1976","71-0",-97.508333,37.912222,175.9151154,"132-197"
"3399","Sedgwick",-19.27,NA,1976-04-22,375441097302301,173,0,c(-97.508333, 37.912222),"1976","71-0",-97.508333,37.912222,175.9151154,"132-197"
"3400","Sedgwick",-19.43,NA,1976-05-19,375441097302301,173,0,c(-97.508333, 37.912222),"1976","71-0",-97.508333,37.912222,175.9151154,"132-197"
"3401","Sedgwick",-19.43,NA,1976-06-28,375441097302301,173,0,c(-97.508333, 37.912222),"1976","71-0",-97.508333,37.912222,175.9151154,"132-197"
"3402","Sedgwick",-19.51,NA,1976-07-20,375441097302301,173,0,c(-97.508333, 37.912222),"1976","71-0",-97.508333,37.912222,175.9151154,"132-197"
"3403","Sedgwick",-20.43,NA,1976-08-19,375441097302301,173,0,c(-97.508333, 37.912222),"1976","71-0",-97.508333,37.912222,175.9151154,"132-197"
"3404","Sedgwick",-20.02,NA,1976-09-30,375441097302301,173,0,c(-97.508333, 37.912222),"1976","71-0",-97.508333,37.912222,175.9151154,"132-197"
"3405","Sedgwick",-21.33,NA,1976-11-30,375441097302301,173,0,c(-97.508333, 37.912222),"1976","71-0",-97.508333,37.912222,175.9151154,"132-197"
"3406","Sedgwick",-21.47,NA,1976-12-29,375441097302301,173,0,c(-97.508333, 37.912222),"1976","71-0",-97.508333,37.912222,175.9151154,"132-197"
"3407","Sedgwick",-10.8,"Patterson",1976-01-01,375356097373601,173,0,c(-97.628889, 37.897917),"1976","71-0",-97.628889,37.897917,182.0952911,"132-197"
"3408","Sedgwick",-10.83,"Patterson",1976-06-30,375356097373601,173,0,c(-97.628889, 37.897917),"1976","71-0",-97.628889,37.897917,182.0952911,"132-197"
"3409","Sedgwick",-12.01,"Patterson",1976-10-01,375356097373601,173,0,c(-97.628889, 37.897917),"1976","71-0",-97.628889,37.897917,182.0952911,"132-197"
"3410","Sedgwick",-11.64,"Patterson",1976-12-22,375356097373601,173,0,c(-97.628889, 37.897917),"1976","71-0",-97.628889,37.897917,182.0952911,"132-197"
"3411","Harvey",-21,"BENTLY",1976-02-18,375540097302301,79,0,c(-97.509028, 37.927361),"1976","71-0",-97.509028,37.927361,165.1775055,"132-197"
"3412","Harvey",-22,"BENTLY",1976-03-18,375540097302301,79,0,c(-97.509028, 37.927361),"1976","71-0",-97.509028,37.927361,165.1775055,"132-197"
"3413","Harvey",-23,"BENTLY",1976-04-29,375540097302301,79,0,c(-97.509028, 37.927361),"1976","71-0",-97.509028,37.927361,165.1775055,"132-197"
"3414","Harvey",-22,"BENTLY",1976-05-18,375540097302301,79,0,c(-97.509028, 37.927361),"1976","71-0",-97.509028,37.927361,165.1775055,"132-197"
"3415","Harvey",-22,"BENTLY",1976-06-22,375540097302301,79,0,c(-97.509028, 37.927361),"1976","71-0",-97.509028,37.927361,165.1775055,"132-197"
"3416","Harvey",-22.5,"BENTLY",1976-07-20,375540097302301,79,0,c(-97.509028, 37.927361),"1976","71-0",-97.509028,37.927361,165.1775055,"132-197"
"3417","Harvey",-25,"BENTLY",1976-08-31,375540097302301,79,0,c(-97.509028, 37.927361),"1976","71-0",-97.509028,37.927361,165.1775055,"132-197"
"3418","Harvey",-24,"BENTLY",1976-09-21,375540097302301,79,0,c(-97.509028, 37.927361),"1976","71-0",-97.509028,37.927361,165.1775055,"132-197"
"3419","Harvey",-25,"BENTLY",1976-11-29,375540097302301,79,0,c(-97.509028, 37.927361),"1976","71-0",-97.509028,37.927361,165.1775055,"132-197"
"3420","Harvey",-25,"BENTLY",1976-12-20,375540097302301,79,0,c(-97.509028, 37.927361),"1976","71-0",-97.509028,37.927361,165.1775055,"132-197"
"3421","Harvey",-23.8,NA,1976-02-19,375540097320903,79,0,c(-97.537222, 37.926806),"1976","71-0",-97.537222,37.926806,183.3930969,"132-197"
"3422","Harvey",-25.35,NA,1976-03-19,375540097320903,79,0,c(-97.537222, 37.926806),"1976","71-0",-97.537222,37.926806,183.3930969,"132-197"
"3423","Harvey",-26.09,NA,1976-04-21,375540097320903,79,0,c(-97.537222, 37.926806),"1976","71-0",-97.537222,37.926806,183.3930969,"132-197"
"3424","Harvey",-27.05,NA,1976-05-19,375540097320903,79,0,c(-97.537222, 37.926806),"1976","71-0",-97.537222,37.926806,183.3930969,"132-197"
"3425","Harvey",-31.16,NA,1976-06-29,375540097320903,79,0,c(-97.537222, 37.926806),"1976","71-0",-97.537222,37.926806,183.3930969,"132-197"
"3426","Harvey",-28.73,NA,1976-07-20,375540097320903,79,0,c(-97.537222, 37.926806),"1976","71-0",-97.537222,37.926806,183.3930969,"132-197"
"3427","Harvey",-34.85,NA,1976-08-25,375540097320903,79,0,c(-97.537222, 37.926806),"1976","71-0",-97.537222,37.926806,183.3930969,"132-197"
"3428","Harvey",-29.07,NA,1976-09-21,375540097320903,79,0,c(-97.537222, 37.926806),"1976","71-0",-97.537222,37.926806,183.3930969,"132-197"
"3429","Harvey",-30.25,NA,1976-11-23,375540097320903,79,0,c(-97.537222, 37.926806),"1976","71-0",-97.537222,37.926806,183.3930969,"132-197"
"3430","Harvey",-27.73,NA,1976-12-20,375540097320903,79,0,c(-97.537222, 37.926806),"1976","71-0",-97.537222,37.926806,183.3930969,"132-197"
"3431","Harvey",-23.72,NA,1976-02-20,375559097320902,79,0,c(-97.537222, 37.932778),"1976","71-0",-97.537222,37.932778,180.2573547,"132-197"
"3432","Harvey",-23.66,NA,1976-03-17,375559097320902,79,0,c(-97.537222, 37.932778),"1976","71-0",-97.537222,37.932778,180.2573547,"132-197"
"3433","Harvey",-23.81,NA,1976-04-21,375559097320902,79,0,c(-97.537222, 37.932778),"1976","71-0",-97.537222,37.932778,180.2573547,"132-197"
"3434","Harvey",-23.97,NA,1976-05-24,375559097320902,79,0,c(-97.537222, 37.932778),"1976","71-0",-97.537222,37.932778,180.2573547,"132-197"
"3435","Harvey",-24.03,NA,1976-06-22,375559097320902,79,0,c(-97.537222, 37.932778),"1976","71-0",-97.537222,37.932778,180.2573547,"132-197"
"3436","Harvey",-24.38,NA,1976-07-20,375559097320902,79,0,c(-97.537222, 37.932778),"1976","71-0",-97.537222,37.932778,180.2573547,"132-197"
"3437","Harvey",-26.06,NA,1976-08-19,375559097320902,79,0,c(-97.537222, 37.932778),"1976","71-0",-97.537222,37.932778,180.2573547,"132-197"
"3438","Harvey",-26.43,NA,1976-09-30,375559097320902,79,0,c(-97.537222, 37.932778),"1976","71-0",-97.537222,37.932778,180.2573547,"132-197"
"3439","Harvey",-27.72,NA,1976-11-29,375559097320902,79,0,c(-97.537222, 37.932778),"1976","71-0",-97.537222,37.932778,180.2573547,"132-197"
"3440","Harvey",-26.09,NA,1976-12-20,375559097320902,79,0,c(-97.537222, 37.932778),"1976","71-0",-97.537222,37.932778,180.2573547,"132-197"
"3441","Sedgwick",-18.5,NA,1976-02-18,375348097305601,173,0,c(-97.517361, 37.897639),"1976","71-0",-97.517361,37.897639,187.125946,"132-197"
"3442","Sedgwick",-19,NA,1976-03-18,375348097305601,173,0,c(-97.517361, 37.897639),"1976","71-0",-97.517361,37.897639,187.125946,"132-197"
"3443","Sedgwick",-18.15,NA,1976-04-21,375348097305601,173,0,c(-97.517361, 37.897639),"1976","71-0",-97.517361,37.897639,187.125946,"132-197"
"3444","Sedgwick",-20,NA,1976-05-19,375348097305601,173,0,c(-97.517361, 37.897639),"1976","71-0",-97.517361,37.897639,187.125946,"132-197"
"3445","Sedgwick",-18.5,NA,1976-06-28,375348097305601,173,0,c(-97.517361, 37.897639),"1976","71-0",-97.517361,37.897639,187.125946,"132-197"
"3446","Sedgwick",-20,NA,1976-07-23,375348097305601,173,0,c(-97.517361, 37.897639),"1976","71-0",-97.517361,37.897639,187.125946,"132-197"
"3447","Sedgwick",-20,NA,1976-08-19,375348097305601,173,0,c(-97.517361, 37.897639),"1976","71-0",-97.517361,37.897639,187.125946,"132-197"
"3448","Sedgwick",-21,NA,1976-09-30,375348097305601,173,0,c(-97.517361, 37.897639),"1976","71-0",-97.517361,37.897639,187.125946,"132-197"
"3449","Sedgwick",-21.5,NA,1976-11-23,375348097305601,173,0,c(-97.517361, 37.897639),"1976","71-0",-97.517361,37.897639,187.125946,"132-197"
"3450","Sedgwick",-21.5,NA,1976-12-16,375348097305601,173,0,c(-97.517361, 37.897639),"1976","71-0",-97.517361,37.897639,187.125946,"132-197"
"3451","Reno",-20.72,"Hutchinson SE",1976-01-15,380324097462401,155,0,c(-97.774326, 38.05652),"1976","71-0",-97.774326,38.05652,105.7238235,"66-131"
"3452","Harvey",-6.67,NA,1976-01-01,380245097372401,79,0,c(-97.624306, 38.043889),"1976","71-0",-97.624306,38.043889,214.0228119,"198-262"
"3453","Harvey",-2.93,NA,1976-06-30,380245097372401,79,0,c(-97.624306, 38.043889),"1976","71-0",-97.624306,38.043889,214.0228119,"198-262"
"3454","Harvey",-6.96,NA,1976-10-01,380245097372401,79,0,c(-97.624306, 38.043889),"1976","71-0",-97.624306,38.043889,214.0228119,"198-262"
"3455","Harvey",-8.07,NA,1976-12-22,380245097372401,79,0,c(-97.624306, 38.043889),"1976","71-0",-97.624306,38.043889,214.0228119,"198-262"
"3456","Harvey",-13.82,NA,1976-01-01,380054097310501,79,0,c(-97.51875, 38.014028),"1976","71-0",-97.51875,38.014028,159.075119,"132-197"
"3457","Harvey",-12.93,NA,1976-06-30,380054097310501,79,0,c(-97.51875, 38.014028),"1976","71-0",-97.51875,38.014028,159.075119,"132-197"
"3458","Harvey",-14.24,NA,1976-10-01,380054097310501,79,0,c(-97.51875, 38.014028),"1976","71-0",-97.51875,38.014028,159.075119,"132-197"
"3459","Harvey",-14.48,NA,1976-12-22,380054097310501,79,0,c(-97.51875, 38.014028),"1976","71-0",-97.51875,38.014028,159.075119,"132-197"
"3460","Harvey",-22.59,NA,1976-01-09,380608097281201,79,0,c(-97.471615, 38.102138),"1976","71-0",-97.471615,38.102138,45.0616417,"0-65"
"3461","Harvey",-42.85,NA,1976-02-19,380054097334902,79,0,c(-97.566944, 38.014306),"1976","71-0",-97.566944,38.014306,199.7637482,"198-262"
"3462","Harvey",-39.34,NA,1976-03-23,380054097334902,79,0,c(-97.566944, 38.014306),"1976","71-0",-97.566944,38.014306,199.7637482,"198-262"
"3463","Harvey",-42.33,NA,1976-04-29,380054097334902,79,0,c(-97.566944, 38.014306),"1976","71-0",-97.566944,38.014306,199.7637482,"198-262"
"3464","Harvey",-42.33,NA,1976-05-18,380054097334902,79,0,c(-97.566944, 38.014306),"1976","71-0",-97.566944,38.014306,199.7637482,"198-262"
"3465","Harvey",-47.43,NA,1976-06-30,380054097334902,79,0,c(-97.566944, 38.014306),"1976","71-0",-97.566944,38.014306,199.7637482,"198-262"
"3466","Harvey",-52.26,NA,1976-07-23,380054097334902,79,0,c(-97.566944, 38.014306),"1976","71-0",-97.566944,38.014306,199.7637482,"198-262"
"3467","Harvey",-57.8,NA,1976-08-19,380054097334902,79,0,c(-97.566944, 38.014306),"1976","71-0",-97.566944,38.014306,199.7637482,"198-262"
"3468","Harvey",-48.66,NA,1976-09-15,380054097334902,79,0,c(-97.566944, 38.014306),"1976","71-0",-97.566944,38.014306,199.7637482,"198-262"
"3469","Harvey",-46.03,NA,1976-11-22,380054097334902,79,0,c(-97.566944, 38.014306),"1976","71-0",-97.566944,38.014306,199.7637482,"198-262"
"3470","Harvey",-46,NA,1976-12-16,380054097334902,79,0,c(-97.566944, 38.014306),"1976","71-0",-97.566944,38.014306,199.7637482,"198-262"
"3471","Harvey",-20.41,NA,1976-01-01,380238097342301,79,0,c(-97.574028, 38.043472),"1976","71-0",-97.574028,38.043472,199.4818268,"198-262"
"3472","Harvey",-27.98,NA,1976-06-30,380238097342301,79,0,c(-97.574028, 38.043472),"1976","71-0",-97.574028,38.043472,199.4818268,"198-262"
"3473","Harvey",-24.41,NA,1976-10-01,380238097342301,79,0,c(-97.574028, 38.043472),"1976","71-0",-97.574028,38.043472,199.4818268,"198-262"
"3474","Harvey",-22.64,NA,1976-12-22,380238097342301,79,0,c(-97.574028, 38.043472),"1976","71-0",-97.574028,38.043472,199.4818268,"198-262"
"3475","Harvey",-2.19,NA,1976-01-01,380239097395401,79,0,c(-97.665694, 38.043333),"1976","71-0",-97.665694,38.043333,203.8455811,"198-262"
"3476","Harvey",-0.28,NA,1976-06-30,380239097395401,79,0,c(-97.665694, 38.043333),"1976","71-0",-97.665694,38.043333,203.8455811,"198-262"
"3477","Harvey",-2.58,NA,1976-10-01,380239097395401,79,0,c(-97.665694, 38.043333),"1976","71-0",-97.665694,38.043333,203.8455811,"198-262"
"3478","Harvey",-3.27,NA,1976-12-22,380239097395401,79,0,c(-97.665694, 38.043333),"1976","71-0",-97.665694,38.043333,203.8455811,"198-262"
"3479","Harvey",-44,NA,1976-02-19,380113097341401,79,0,c(-97.573194, 38.020833),"1976","71-0",-97.573194,38.020833,195.1890106,"132-197"
"3480","Harvey",-43,NA,1976-03-17,380113097341401,79,0,c(-97.573194, 38.020833),"1976","71-0",-97.573194,38.020833,195.1890106,"132-197"
"3481","Harvey",-44,NA,1976-04-20,380113097341401,79,0,c(-97.573194, 38.020833),"1976","71-0",-97.573194,38.020833,195.1890106,"132-197"
"3482","Harvey",-42.5,NA,1976-05-18,380113097341401,79,0,c(-97.573194, 38.020833),"1976","71-0",-97.573194,38.020833,195.1890106,"132-197"
"3483","Harvey",-53,NA,1976-06-22,380113097341401,79,0,c(-97.573194, 38.020833),"1976","71-0",-97.573194,38.020833,195.1890106,"132-197"
"3484","Harvey",-61,NA,1976-07-23,380113097341401,79,0,c(-97.573194, 38.020833),"1976","71-0",-97.573194,38.020833,195.1890106,"132-197"
"3485","Harvey",-66.5,NA,1976-08-20,380113097341401,79,0,c(-97.573194, 38.020833),"1976","71-0",-97.573194,38.020833,195.1890106,"132-197"
"3486","Harvey",-48,NA,1976-09-28,380113097341401,79,0,c(-97.573194, 38.020833),"1976","71-0",-97.573194,38.020833,195.1890106,"132-197"
"3487","Harvey",-44,NA,1976-11-29,380113097341401,79,0,c(-97.573194, 38.020833),"1976","71-0",-97.573194,38.020833,195.1890106,"132-197"
"3488","Harvey",-45,NA,1976-12-21,380113097341401,79,0,c(-97.573194, 38.020833),"1976","71-0",-97.573194,38.020833,195.1890106,"132-197"
"3489","Harvey",-40.13,NA,1976-02-19,380113097341402,79,0,c(-97.573611, 38.019583),"1976","71-0",-97.573611,38.019583,195.1890106,"132-197"
"3490","Harvey",-38.03,NA,1976-03-17,380113097341402,79,0,c(-97.573611, 38.019583),"1976","71-0",-97.573611,38.019583,195.1890106,"132-197"
"3491","Harvey",-39.13,NA,1976-04-20,380113097341402,79,0,c(-97.573611, 38.019583),"1976","71-0",-97.573611,38.019583,195.1890106,"132-197"
"3492","Harvey",-36.72,NA,1976-05-18,380113097341402,79,0,c(-97.573611, 38.019583),"1976","71-0",-97.573611,38.019583,195.1890106,"132-197"
"3493","Harvey",-40.56,NA,1976-06-22,380113097341402,79,0,c(-97.573611, 38.019583),"1976","71-0",-97.573611,38.019583,195.1890106,"132-197"
"3494","Harvey",-45.74,NA,1976-07-23,380113097341402,79,0,c(-97.573611, 38.019583),"1976","71-0",-97.573611,38.019583,195.1890106,"132-197"
"3495","Harvey",-49.51,NA,1976-08-20,380113097341402,79,0,c(-97.573611, 38.019583),"1976","71-0",-97.573611,38.019583,195.1890106,"132-197"
"3496","Harvey",-40.72,NA,1976-09-28,380113097341402,79,0,c(-97.573611, 38.019583),"1976","71-0",-97.573611,38.019583,195.1890106,"132-197"
"3497","Harvey",-36.53,NA,1976-11-29,380113097341402,79,0,c(-97.573611, 38.019583),"1976","71-0",-97.573611,38.019583,195.1890106,"132-197"
"3498","Harvey",-38.96,NA,1976-12-21,380113097341402,79,0,c(-97.573611, 38.019583),"1976","71-0",-97.573611,38.019583,195.1890106,"132-197"
"3499","Harvey",-20.48,NA,1976-01-01,380232097373201,79,0,c(-97.628611, 38.043194),"1976","71-0",-97.628611,38.043194,216.5496521,"198-262"
"3500","Harvey",-18.24,NA,1976-06-30,380232097373201,79,0,c(-97.628611, 38.043194),"1976","71-0",-97.628611,38.043194,216.5496521,"198-262"
"3501","Harvey",-22.51,NA,1976-10-01,380232097373201,79,0,c(-97.628611, 38.043194),"1976","71-0",-97.628611,38.043194,216.5496521,"198-262"
"3502","Harvey",-21.98,NA,1976-12-22,380232097373201,79,0,c(-97.628611, 38.043194),"1976","71-0",-97.628611,38.043194,216.5496521,"198-262"
"3503","Reno",-10.48,NA,1976-01-15,380232097510501,155,0,c(-97.851952, 38.042049),"1976","71-0",-97.851952,38.042049,41.5237427,"0-65"
"3504","Sedgwick",-24.68,NA,1976-01-01,375020097391401,173,0,c(-97.65625, 37.839444),"1976","71-0",-97.65625,37.839444,25.1122398,"0-65"
"3505","Sedgwick",-25.42,NA,1976-06-30,375020097391401,173,0,c(-97.65625, 37.839444),"1976","71-0",-97.65625,37.839444,25.1122398,"0-65"
"3506","Sedgwick",-26.88,NA,1976-10-01,375020097391401,173,0,c(-97.65625, 37.839444),"1976","71-0",-97.65625,37.839444,25.1122398,"0-65"
"3507","Sedgwick",-26.64,NA,1976-12-28,375020097391401,173,0,c(-97.65625, 37.839444),"1976","71-0",-97.65625,37.839444,25.1122398,"0-65"
"3508","Sedgwick",-19.56,NA,1976-01-01,375303097284501,173,0,c(-97.481944, 37.883333),"1976","71-0",-97.481944,37.883333,162.0740051,"132-197"
"3509","Sedgwick",-19.44,NA,1976-06-30,375303097284501,173,0,c(-97.481944, 37.883333),"1976","71-0",-97.481944,37.883333,162.0740051,"132-197"
"3510","Sedgwick",-19.35,NA,1976-10-01,375303097284501,173,0,c(-97.481944, 37.883333),"1976","71-0",-97.481944,37.883333,162.0740051,"132-197"
"3511","Sedgwick",-19.42,NA,1976-12-21,375303097284501,173,0,c(-97.481944, 37.883333),"1976","71-0",-97.481944,37.883333,162.0740051,"132-197"
"3512","Sedgwick",-9.88,NA,1976-01-01,375303097394001,173,0,c(-97.665139, 37.883333),"1976","71-0",-97.665139,37.883333,136.45047,"132-197"
"3513","Sedgwick",-10.06,NA,1976-06-30,375303097394001,173,0,c(-97.665139, 37.883333),"1976","71-0",-97.665139,37.883333,136.45047,"132-197"
"3514","Sedgwick",-11.42,NA,1976-10-01,375303097394001,173,0,c(-97.665139, 37.883333),"1976","71-0",-97.665139,37.883333,136.45047,"132-197"
"3515","Sedgwick",-10.95,NA,1976-12-28,375303097394001,173,0,c(-97.665139, 37.883333),"1976","71-0",-97.665139,37.883333,136.45047,"132-197"
"3516","Harvey",-25.82,NA,1976-02-23,375652097364003,79,0,c(-97.610556, 37.947361),"1976","71-0",-97.610556,37.947361,174.6498566,"132-197"
"3517","Harvey",-26.1,NA,1976-03-19,375652097364003,79,0,c(-97.610556, 37.947361),"1976","71-0",-97.610556,37.947361,174.6498566,"132-197"
"3518","Harvey",-25.93,NA,1976-04-21,375652097364003,79,0,c(-97.610556, 37.947361),"1976","71-0",-97.610556,37.947361,174.6498566,"132-197"
"3519","Harvey",-22.08,NA,1976-05-28,375652097364003,79,0,c(-97.610556, 37.947361),"1976","71-0",-97.610556,37.947361,174.6498566,"132-197"
"3520","Harvey",-24.32,NA,1976-06-30,375652097364003,79,0,c(-97.610556, 37.947361),"1976","71-0",-97.610556,37.947361,174.6498566,"132-197"
"3521","Harvey",-26.79,NA,1976-07-23,375652097364003,79,0,c(-97.610556, 37.947361),"1976","71-0",-97.610556,37.947361,174.6498566,"132-197"
"3522","Harvey",-27.78,NA,1976-08-25,375652097364003,79,0,c(-97.610556, 37.947361),"1976","71-0",-97.610556,37.947361,174.6498566,"132-197"
"3523","Harvey",-19.82,NA,1976-09-30,375652097364003,79,0,c(-97.610556, 37.947361),"1976","71-0",-97.610556,37.947361,174.6498566,"132-197"
"3524","Harvey",-27.57,NA,1976-11-23,375652097364003,79,0,c(-97.610556, 37.947361),"1976","71-0",-97.610556,37.947361,174.6498566,"132-197"
"3525","Harvey",-19.96,NA,1976-12-16,375652097364003,79,0,c(-97.610556, 37.947361),"1976","71-0",-97.610556,37.947361,174.6498566,"132-197"
"3526","Harvey",-14.03,NA,1976-01-01,375817097363202,79,0,c(-97.610556, 37.970833),"1976","71-0",-97.610556,37.970833,205.7940674,"198-262"
"3527","Harvey",-14.16,NA,1976-06-30,375817097363202,79,0,c(-97.610556, 37.970833),"1976","71-0",-97.610556,37.970833,205.7940674,"198-262"
"3528","Harvey",-15.09,NA,1976-10-01,375817097363202,79,0,c(-97.610556, 37.970833),"1976","71-0",-97.610556,37.970833,205.7940674,"198-262"
"3529","Harvey",-14.99,NA,1976-12-22,375817097363202,79,0,c(-97.610556, 37.970833),"1976","71-0",-97.610556,37.970833,205.7940674,"198-262"
"3530","Harvey",-12.22,NA,1976-02-25,375817097365703,79,0,c(-97.619583, 37.970694),"1976","71-0",-97.619583,37.970694,197.353302,"132-197"
"3531","Harvey",-11.83,NA,1976-03-19,375817097365703,79,0,c(-97.619583, 37.970694),"1976","71-0",-97.619583,37.970694,197.353302,"132-197"
"3532","Harvey",-12.87,NA,1976-04-23,375817097365703,79,0,c(-97.619583, 37.970694),"1976","71-0",-97.619583,37.970694,197.353302,"132-197"
"3533","Harvey",-14.07,NA,1976-05-24,375817097365703,79,0,c(-97.619583, 37.970694),"1976","71-0",-97.619583,37.970694,197.353302,"132-197"
"3534","Harvey",-12.18,NA,1976-06-30,375817097365703,79,0,c(-97.619583, 37.970694),"1976","71-0",-97.619583,37.970694,197.353302,"132-197"
"3535","Harvey",-12.9,NA,1976-07-23,375817097365703,79,0,c(-97.619583, 37.970694),"1976","71-0",-97.619583,37.970694,197.353302,"132-197"
"3536","Harvey",-13.44,NA,1976-08-19,375817097365703,79,0,c(-97.619583, 37.970694),"1976","71-0",-97.619583,37.970694,197.353302,"132-197"
"3537","Harvey",-11.85,NA,1976-09-24,375817097365703,79,0,c(-97.619583, 37.970694),"1976","71-0",-97.619583,37.970694,197.353302,"132-197"
"3538","Harvey",-13.95,NA,1976-11-23,375817097365703,79,0,c(-97.619583, 37.970694),"1976","71-0",-97.619583,37.970694,197.353302,"132-197"
"3539","Harvey",-12.73,NA,1976-12-16,375817097365703,79,0,c(-97.619583, 37.970694),"1976","71-0",-97.619583,37.970694,197.353302,"132-197"
"3540","Harvey",-18.95,NA,1976-01-01,375724097330701,79,0,c(-97.555278, 37.956111),"1976","71-0",-97.555278,37.956111,195.3314819,"132-197"
"3541","Harvey",-18.06,NA,1976-06-28,375724097330701,79,0,c(-97.555278, 37.956111),"1976","71-0",-97.555278,37.956111,195.3314819,"132-197"
"3542","Harvey",-19.66,NA,1976-10-01,375724097330701,79,0,c(-97.555278, 37.956111),"1976","71-0",-97.555278,37.956111,195.3314819,"132-197"
"3543","Harvey",-20.18,NA,1976-12-21,375724097330701,79,0,c(-97.555278, 37.956111),"1976","71-0",-97.555278,37.956111,195.3314819,"132-197"
"3544","Harvey",-18.22,NA,1976-01-09,380041097253501,79,0,c(-97.428097, 38.011211),"1976","71-0",-97.428097,38.011211,71.6197433,"66-131"
"3545","Reno",-10.1,NA,1976-01-15,375955097551401,155,0,c(-97.920847, 37.99841),"1976","71-0",-97.920847,37.99841,121.5462418,"66-131"
"3546","Harvey",-16.77,NA,1976-01-01,375810097284601,79,0,c(-97.482083, 37.970139),"1976","71-0",-97.482083,37.970139,128.6896973,"66-131"
"3547","Harvey",-10.02,NA,1976-06-30,375810097284601,79,0,c(-97.482083, 37.970139),"1976","71-0",-97.482083,37.970139,128.6896973,"66-131"
"3548","Harvey",-14.39,NA,1976-10-01,375810097284601,79,0,c(-97.482083, 37.970139),"1976","71-0",-97.482083,37.970139,128.6896973,"66-131"
"3549","Harvey",-17.2,NA,1976-12-21,375810097284601,79,0,c(-97.482083, 37.970139),"1976","71-0",-97.482083,37.970139,128.6896973,"66-131"
"3550","Harvey",-10.9,NA,1976-01-01,375810097295101,79,0,c(-97.499869, 37.970439),"1976","71-0",-97.499869,37.970439,147.5453339,"132-197"
"3551","Harvey",-10.83,NA,1976-06-30,375810097295101,79,0,c(-97.499869, 37.970439),"1976","71-0",-97.499869,37.970439,147.5453339,"132-197"
"3552","Harvey",-13.35,NA,1976-10-01,375810097295101,79,0,c(-97.499869, 37.970439),"1976","71-0",-97.499869,37.970439,147.5453339,"132-197"
"3553","Harvey",-13.5,NA,1976-12-21,375810097295101,79,0,c(-97.499869, 37.970439),"1976","71-0",-97.499869,37.970439,147.5453339,"132-197"
"3554","Harvey",-36,NA,1976-02-18,375902097334801,79,0,c(-97.565278, 37.984583),"1976","71-0",-97.565278,37.984583,201.8410339,"198-262"
"3555","Harvey",-36,NA,1976-03-17,375902097334801,79,0,c(-97.565278, 37.984583),"1976","71-0",-97.565278,37.984583,201.8410339,"198-262"
"3556","Harvey",-36,NA,1976-04-23,375902097334801,79,0,c(-97.565278, 37.984583),"1976","71-0",-97.565278,37.984583,201.8410339,"198-262"
"3557","Harvey",-37,NA,1976-05-18,375902097334801,79,0,c(-97.565278, 37.984583),"1976","71-0",-97.565278,37.984583,201.8410339,"198-262"
"3558","Harvey",-39,NA,1976-06-30,375902097334801,79,0,c(-97.565278, 37.984583),"1976","71-0",-97.565278,37.984583,201.8410339,"198-262"
"3559","Harvey",-36,NA,1976-07-20,375902097334801,79,0,c(-97.565278, 37.984583),"1976","71-0",-97.565278,37.984583,201.8410339,"198-262"
"3560","Harvey",-42.5,NA,1976-08-30,375902097334801,79,0,c(-97.565278, 37.984583),"1976","71-0",-97.565278,37.984583,201.8410339,"198-262"
"3561","Harvey",-40,NA,1976-09-15,375902097334801,79,0,c(-97.565278, 37.984583),"1976","71-0",-97.565278,37.984583,201.8410339,"198-262"
"3562","Harvey",-39,NA,1976-11-30,375902097334801,79,0,c(-97.565278, 37.984583),"1976","71-0",-97.565278,37.984583,201.8410339,"198-262"
"3563","Harvey",-38,NA,1976-12-21,375902097334801,79,0,c(-97.565278, 37.984583),"1976","71-0",-97.565278,37.984583,201.8410339,"198-262"
"3564","Harvey",-10.44,NA,1976-01-09,375929097232501,79,0,c(-97.391475, 37.991223),"1976","71-0",-97.391475,37.991223,12.1611767,"0-65"
"3565","Harvey",-26.87,NA,1976-02-27,375843097341302,79,0,c(-97.573797, 37.979569),"1976","71-0",-97.573797,37.979569,208.4711456,"198-262"
"3566","Harvey",-26.72,NA,1976-03-17,375843097341302,79,0,c(-97.573797, 37.979569),"1976","71-0",-97.573797,37.979569,208.4711456,"198-262"
"3567","Harvey",-26.49,NA,1976-04-20,375843097341302,79,0,c(-97.573797, 37.979569),"1976","71-0",-97.573797,37.979569,208.4711456,"198-262"
"3568","Harvey",-26.53,NA,1976-05-18,375843097341302,79,0,c(-97.573797, 37.979569),"1976","71-0",-97.573797,37.979569,208.4711456,"198-262"
"3569","Harvey",-26.97,NA,1976-06-23,375843097341302,79,0,c(-97.573797, 37.979569),"1976","71-0",-97.573797,37.979569,208.4711456,"198-262"
"3570","Harvey",-26.91,NA,1976-07-20,375843097341302,79,0,c(-97.573797, 37.979569),"1976","71-0",-97.573797,37.979569,208.4711456,"198-262"
"3571","Harvey",-28.05,NA,1976-08-19,375843097341302,79,0,c(-97.573797, 37.979569),"1976","71-0",-97.573797,37.979569,208.4711456,"198-262"
"3572","Harvey",-28.4,NA,1976-09-21,375843097341302,79,0,c(-97.573797, 37.979569),"1976","71-0",-97.573797,37.979569,208.4711456,"198-262"
"3573","Harvey",-27.6,NA,1976-11-22,375843097341302,79,0,c(-97.573797, 37.979569),"1976","71-0",-97.573797,37.979569,208.4711456,"198-262"
"3574","Harvey",-27.71,NA,1976-12-16,375843097341302,79,0,c(-97.573797, 37.979569),"1976","71-0",-97.573797,37.979569,208.4711456,"198-262"
"3575","Reno",-21.83,NA,1976-01-30,380331097515502,155,0,c(-97.865669, 38.058437),"1976","71-0",-97.865669,38.058437,39.0081177,"0-65"
"3576","McPherson",-26.3,"Halstead NW",1976-01-08,381300097384401,113,0,c(-97.645072, 38.216626),"1976","71-0",-97.645072,38.216626,118.3063965,"66-131"
"3577","McPherson",-33.44,"MOUNDRIDGE",1976-01-08,381141097330401,113,0,c(-97.551306, 38.194089),"1976","71-0",-97.551306,38.194089,42.0215225,"0-65"
"3578","McPherson",-67.83,"MCPHERSON SOUTH",1976-01-08,381951097422301,113,0,c(-97.708127, 38.329563),"1976","71-0",-97.708127,38.329563,64.6069336,"0-65"
"3579","Harvey",-33.93,"MOUNDRIDGE",1976-01-09,380937097365501,79,0,c(-97.61704, 38.159689),"1976","71-0",-97.61704,38.159689,111.2831116,"66-131"
"3580","McPherson",-22.85,NA,1976-01-06,382458097311401,113,0,c(-97.520395, 38.415871),"1976","71-0",-97.520395,38.415871,1.8357646,"0-65"
"3581","McPherson",-14.41,NA,1976-01-12,382906097371801,113,0,c(-97.621715, 38.48455),"1976","71-0",-97.621715,38.48455,13.6232719,"0-65"
"3582","McPherson",-8.33,"WINDOM NE",1976-01-06,382755097463301,113,0,c(-97.776638, 38.46415),"1976","71-0",-97.776638,38.46415,NA,NA
"3583","McPherson",-14.85,NA,1976-03-11,383630097395501,113,0,c(-97.665889, 38.608038),"1976","71-0",-97.665889,38.608038,NA,NA
"3584","McPherson",-14.27,NA,1976-06-02,383630097395501,113,0,c(-97.665889, 38.608038),"1976","71-0",-97.665889,38.608038,NA,NA
"3585","McPherson",-15.9,NA,1976-09-08,383630097395501,113,0,c(-97.665889, 38.608038),"1976","71-0",-97.665889,38.608038,NA,NA
"3586","McPherson",-17.08,NA,1976-12-07,383630097395501,113,0,c(-97.665889, 38.608038),"1976","71-0",-97.665889,38.608038,NA,NA
"3587","Sedgwick",-11.36,NA,1976-02-23,375415097333802,173,0,c(-97.563472, 37.905),"1976","71-0",-97.563472,37.905,144.5172424,"132-197"
"3588","Sedgwick",-11.26,NA,1976-03-19,375415097333802,173,0,c(-97.563472, 37.905),"1976","71-0",-97.563472,37.905,144.5172424,"132-197"
"3589","Sedgwick",-11.78,NA,1976-04-26,375415097333802,173,0,c(-97.563472, 37.905),"1976","71-0",-97.563472,37.905,144.5172424,"132-197"
"3590","Sedgwick",-11.11,NA,1976-05-19,375415097333802,173,0,c(-97.563472, 37.905),"1976","71-0",-97.563472,37.905,144.5172424,"132-197"
"3591","Sedgwick",-12.48,NA,1976-06-29,375415097333802,173,0,c(-97.563472, 37.905),"1976","71-0",-97.563472,37.905,144.5172424,"132-197"
"3592","Sedgwick",-10.91,NA,1976-07-20,375415097333802,173,0,c(-97.563472, 37.905),"1976","71-0",-97.563472,37.905,144.5172424,"132-197"
"3593","Sedgwick",-11.67,NA,1976-08-19,375415097333802,173,0,c(-97.563472, 37.905),"1976","71-0",-97.563472,37.905,144.5172424,"132-197"
"3594","Sedgwick",-14.35,NA,1976-09-27,375415097333802,173,0,c(-97.563472, 37.905),"1976","71-0",-97.563472,37.905,144.5172424,"132-197"
"3595","Sedgwick",-13.16,NA,1976-11-29,375415097333802,173,0,c(-97.563472, 37.905),"1976","71-0",-97.563472,37.905,144.5172424,"132-197"
"3596","Sedgwick",-13.88,NA,1976-12-20,375415097333802,173,0,c(-97.563472, 37.905),"1976","71-0",-97.563472,37.905,144.5172424,"132-197"
"3597","Harvey",-19.86,NA,1976-01-01,375625097331501,79,0,c(-97.555778, 37.941389),"1976","71-0",-97.555778,37.941389,196.3162842,"132-197"
"3598","Harvey",-20.29,NA,1976-06-28,375625097331501,79,0,c(-97.555778, 37.941389),"1976","71-0",-97.555778,37.941389,196.3162842,"132-197"
"3599","Harvey",-20.75,NA,1976-10-01,375625097331501,79,0,c(-97.555778, 37.941389),"1976","71-0",-97.555778,37.941389,196.3162842,"132-197"
"3600","Harvey",-21.24,NA,1976-12-22,375625097331501,79,0,c(-97.555778, 37.941389),"1976","71-0",-97.555778,37.941389,196.3162842,"132-197"
"3601","Sedgwick",-16.63,NA,1976-02-19,375329097284502,173,0,c(-97.481944, 37.890556),"1976","71-0",-97.481944,37.890556,160.7912445,"132-197"
"3602","Sedgwick",-16.83,NA,1976-03-23,375329097284502,173,0,c(-97.481944, 37.890556),"1976","71-0",-97.481944,37.890556,160.7912445,"132-197"
"3603","Sedgwick",-16.97,NA,1976-04-21,375329097284502,173,0,c(-97.481944, 37.890556),"1976","71-0",-97.481944,37.890556,160.7912445,"132-197"
"3604","Sedgwick",-17.03,NA,1976-05-18,375329097284502,173,0,c(-97.481944, 37.890556),"1976","71-0",-97.481944,37.890556,160.7912445,"132-197"
"3605","Sedgwick",-17.97,NA,1976-06-28,375329097284502,173,0,c(-97.481944, 37.890556),"1976","71-0",-97.481944,37.890556,160.7912445,"132-197"
"3606","Sedgwick",-18.26,NA,1976-07-30,375329097284502,173,0,c(-97.481944, 37.890556),"1976","71-0",-97.481944,37.890556,160.7912445,"132-197"
"3607","Sedgwick",-19.13,NA,1976-08-30,375329097284502,173,0,c(-97.481944, 37.890556),"1976","71-0",-97.481944,37.890556,160.7912445,"132-197"
"3608","Sedgwick",-19.28,NA,1976-09-21,375329097284502,173,0,c(-97.481944, 37.890556),"1976","71-0",-97.481944,37.890556,160.7912445,"132-197"
"3609","Sedgwick",-19.65,NA,1976-11-30,375329097284502,173,0,c(-97.481944, 37.890556),"1976","71-0",-97.481944,37.890556,160.7912445,"132-197"
"3610","Sedgwick",-19.84,NA,1976-12-20,375329097284502,173,0,c(-97.481944, 37.890556),"1976","71-0",-97.481944,37.890556,160.7912445,"132-197"
"3611","Harvey",-13.23,NA,1976-02-27,375633097364001,79,0,c(-97.610833, 37.942083),"1976","71-0",-97.610833,37.942083,166.6586304,"132-197"
"3612","Harvey",-13,NA,1976-03-19,375633097364001,79,0,c(-97.610833, 37.942083),"1976","71-0",-97.610833,37.942083,166.6586304,"132-197"
"3613","Harvey",-13.12,NA,1976-04-21,375633097364001,79,0,c(-97.610833, 37.942083),"1976","71-0",-97.610833,37.942083,166.6586304,"132-197"
"3614","Harvey",-12.3,NA,1976-05-19,375633097364001,79,0,c(-97.610833, 37.942083),"1976","71-0",-97.610833,37.942083,166.6586304,"132-197"
"3615","Harvey",-12.55,NA,1976-06-22,375633097364001,79,0,c(-97.610833, 37.942083),"1976","71-0",-97.610833,37.942083,166.6586304,"132-197"
"3616","Harvey",-12.99,NA,1976-07-20,375633097364001,79,0,c(-97.610833, 37.942083),"1976","71-0",-97.610833,37.942083,166.6586304,"132-197"
"3617","Harvey",-14.5,NA,1976-08-19,375633097364001,79,0,c(-97.610833, 37.942083),"1976","71-0",-97.610833,37.942083,166.6586304,"132-197"
"3618","Harvey",-14.15,NA,1976-09-21,375633097364001,79,0,c(-97.610833, 37.942083),"1976","71-0",-97.610833,37.942083,166.6586304,"132-197"
"3619","Harvey",-12.7,NA,1976-11-29,375633097364001,79,0,c(-97.610833, 37.942083),"1976","71-0",-97.610833,37.942083,166.6586304,"132-197"
"3620","Harvey",-14.45,NA,1976-12-29,375633097364001,79,0,c(-97.610833, 37.942083),"1976","71-0",-97.610833,37.942083,166.6586304,"132-197"
"3621","Sedgwick",-9.05,NA,1976-02-27,375421097341101,173,0,c(-97.573333, 37.906528),"1976","71-0",-97.573333,37.906528,146.8540192,"132-197"
"3622","Sedgwick",-7.89,NA,1976-03-19,375421097341101,173,0,c(-97.573333, 37.906528),"1976","71-0",-97.573333,37.906528,146.8540192,"132-197"
"3623","Sedgwick",-8.75,NA,1976-04-26,375421097341101,173,0,c(-97.573333, 37.906528),"1976","71-0",-97.573333,37.906528,146.8540192,"132-197"
"3624","Sedgwick",-8.15,NA,1976-05-19,375421097341101,173,0,c(-97.573333, 37.906528),"1976","71-0",-97.573333,37.906528,146.8540192,"132-197"
"3625","Sedgwick",-9.56,NA,1976-06-23,375421097341101,173,0,c(-97.573333, 37.906528),"1976","71-0",-97.573333,37.906528,146.8540192,"132-197"
"3626","Sedgwick",-8.78,NA,1976-07-23,375421097341101,173,0,c(-97.573333, 37.906528),"1976","71-0",-97.573333,37.906528,146.8540192,"132-197"
"3627","Sedgwick",-9.78,NA,1976-08-31,375421097341101,173,0,c(-97.573333, 37.906528),"1976","71-0",-97.573333,37.906528,146.8540192,"132-197"
"3628","Sedgwick",-9.67,NA,1976-09-21,375421097341101,173,0,c(-97.573333, 37.906528),"1976","71-0",-97.573333,37.906528,146.8540192,"132-197"
"3629","Sedgwick",-10.65,NA,1976-11-29,375421097341101,173,0,c(-97.573333, 37.906528),"1976","71-0",-97.573333,37.906528,146.8540192,"132-197"
"3630","Sedgwick",-11.16,NA,1976-12-29,375421097341101,173,0,c(-97.573333, 37.906528),"1976","71-0",-97.573333,37.906528,146.8540192,"132-197"
"3631","Harvey",-8.45,NA,1976-01-01,375632097243001,79,0,c(-97.410408, 37.941567),"1976","71-0",-97.410408,37.941567,49.571167,"0-65"
"3632","Harvey",-6.86,NA,1976-06-30,375632097243001,79,0,c(-97.410408, 37.941567),"1976","71-0",-97.410408,37.941567,49.571167,"0-65"
"3633","Harvey",-7.5,NA,1976-10-01,375632097243001,79,0,c(-97.410408, 37.941567),"1976","71-0",-97.410408,37.941567,49.571167,"0-65"
"3634","Harvey",-10.15,NA,1976-12-21,375632097243001,79,0,c(-97.410408, 37.941567),"1976","71-0",-97.410408,37.941567,49.571167,"0-65"
"3635","Sedgwick",-11.25,NA,1976-02-23,375210097273702,173,0,c(-97.463056, 37.86875),"1976","71-0",-97.463056,37.86875,151.2447662,"132-197"
"3636","Sedgwick",-11.38,NA,1976-03-18,375210097273702,173,0,c(-97.463056, 37.86875),"1976","71-0",-97.463056,37.86875,151.2447662,"132-197"
"3637","Sedgwick",-11.97,NA,1976-04-21,375210097273702,173,0,c(-97.463056, 37.86875),"1976","71-0",-97.463056,37.86875,151.2447662,"132-197"
"3638","Sedgwick",-12.08,NA,1976-05-27,375210097273702,173,0,c(-97.463056, 37.86875),"1976","71-0",-97.463056,37.86875,151.2447662,"132-197"
"3639","Sedgwick",-12.37,NA,1976-06-23,375210097273702,173,0,c(-97.463056, 37.86875),"1976","71-0",-97.463056,37.86875,151.2447662,"132-197"
"3640","Sedgwick",-11.82,NA,1976-07-28,375210097273702,173,0,c(-97.463056, 37.86875),"1976","71-0",-97.463056,37.86875,151.2447662,"132-197"
"3641","Sedgwick",-12.81,NA,1976-08-19,375210097273702,173,0,c(-97.463056, 37.86875),"1976","71-0",-97.463056,37.86875,151.2447662,"132-197"
"3642","Sedgwick",-13.33,NA,1976-09-24,375210097273702,173,0,c(-97.463056, 37.86875),"1976","71-0",-97.463056,37.86875,151.2447662,"132-197"
"3643","Sedgwick",-13.73,NA,1976-11-29,375210097273702,173,0,c(-97.463056, 37.86875),"1976","71-0",-97.463056,37.86875,151.2447662,"132-197"
"3644","Sedgwick",-13.84,NA,1976-12-20,375210097273702,173,0,c(-97.463056, 37.86875),"1976","71-0",-97.463056,37.86875,151.2447662,"132-197"
"3645","Sedgwick",-14.25,NA,1976-02-19,375230097273701,173,0,c(-97.463472, 37.875139),"1976","71-0",-97.463472,37.875139,149.999176,"132-197"
"3646","Sedgwick",-15.4,NA,1976-03-31,375230097273701,173,0,c(-97.463472, 37.875139),"1976","71-0",-97.463472,37.875139,149.999176,"132-197"
"3647","Sedgwick",-14.53,NA,1976-04-21,375230097273701,173,0,c(-97.463472, 37.875139),"1976","71-0",-97.463472,37.875139,149.999176,"132-197"
"3648","Sedgwick",-15,NA,1976-05-19,375230097273701,173,0,c(-97.463472, 37.875139),"1976","71-0",-97.463472,37.875139,149.999176,"132-197"
"3649","Sedgwick",-15.82,NA,1976-06-22,375230097273701,173,0,c(-97.463472, 37.875139),"1976","71-0",-97.463472,37.875139,149.999176,"132-197"
"3650","Sedgwick",-15.27,NA,1976-07-23,375230097273701,173,0,c(-97.463472, 37.875139),"1976","71-0",-97.463472,37.875139,149.999176,"132-197"
"3651","Sedgwick",-16.28,NA,1976-08-23,375230097273701,173,0,c(-97.463472, 37.875139),"1976","71-0",-97.463472,37.875139,149.999176,"132-197"
"3652","Sedgwick",-16.86,NA,1976-09-21,375230097273701,173,0,c(-97.463472, 37.875139),"1976","71-0",-97.463472,37.875139,149.999176,"132-197"
"3653","Sedgwick",-17.23,NA,1976-11-23,375230097273701,173,0,c(-97.463472, 37.875139),"1976","71-0",-97.463472,37.875139,149.999176,"132-197"
"3654","Sedgwick",-17.15,NA,1976-12-16,375230097273701,173,0,c(-97.463472, 37.875139),"1976","71-0",-97.463472,37.875139,149.999176,"132-197"
"3655","Sedgwick",-27.05,NA,1976-01-01,375026097351401,173,0,c(-97.591944, 37.839861),"1976","71-0",-97.591944,37.839861,187.2825317,"132-197"
"3656","Sedgwick",-27.29,NA,1976-06-30,375026097351401,173,0,c(-97.591944, 37.839861),"1976","71-0",-97.591944,37.839861,187.2825317,"132-197"
"3657","Sedgwick",-28.82,NA,1976-10-01,375026097351401,173,0,c(-97.591944, 37.839861),"1976","71-0",-97.591944,37.839861,187.2825317,"132-197"
"3658","Sedgwick",-28.58,NA,1976-12-28,375026097351401,173,0,c(-97.591944, 37.839861),"1976","71-0",-97.591944,37.839861,187.2825317,"132-197"
"3659","Sedgwick",-12.66,"SEDGWICK",1976-02-19,375256097281101,173,0,c(-97.472639, 37.882639),"1976","71-0",-97.472639,37.882639,158.9359589,"132-197"
"3660","Sedgwick",-13.87,"SEDGWICK",1976-03-23,375256097281101,173,0,c(-97.472639, 37.882639),"1976","71-0",-97.472639,37.882639,158.9359589,"132-197"
"3661","Sedgwick",-14.89,"SEDGWICK",1976-04-28,375256097281101,173,0,c(-97.472639, 37.882639),"1976","71-0",-97.472639,37.882639,158.9359589,"132-197"
"3662","Sedgwick",-14.13,"SEDGWICK",1976-05-19,375256097281101,173,0,c(-97.472639, 37.882639),"1976","71-0",-97.472639,37.882639,158.9359589,"132-197"
"3663","Sedgwick",-14.82,"SEDGWICK",1976-06-22,375256097281101,173,0,c(-97.472639, 37.882639),"1976","71-0",-97.472639,37.882639,158.9359589,"132-197"
"3664","Sedgwick",-15.7,"SEDGWICK",1976-07-29,375256097281101,173,0,c(-97.472639, 37.882639),"1976","71-0",-97.472639,37.882639,158.9359589,"132-197"
"3665","Sedgwick",-16.25,"SEDGWICK",1976-08-19,375256097281101,173,0,c(-97.472639, 37.882639),"1976","71-0",-97.472639,37.882639,158.9359589,"132-197"
"3666","Sedgwick",-16.28,"SEDGWICK",1976-09-21,375256097281101,173,0,c(-97.472639, 37.882639),"1976","71-0",-97.472639,37.882639,158.9359589,"132-197"
"3667","Sedgwick",-16.73,"SEDGWICK",1976-11-23,375256097281101,173,0,c(-97.472639, 37.882639),"1976","71-0",-97.472639,37.882639,158.9359589,"132-197"
"3668","Sedgwick",-17.03,"SEDGWICK",1976-12-16,375256097281101,173,0,c(-97.472639, 37.882639),"1976","71-0",-97.472639,37.882639,158.9359589,"132-197"
"3669","Sedgwick",-19.5,NA,1976-02-23,375441097305601,173,0,c(-97.5175, 37.911944),"1976","71-0",-97.5175,37.911944,183.6001282,"132-197"
"3670","Sedgwick",-20.22,NA,1976-03-29,375441097305601,173,0,c(-97.5175, 37.911944),"1976","71-0",-97.5175,37.911944,183.6001282,"132-197"
"3671","Sedgwick",-21.5,NA,1976-04-26,375441097305601,173,0,c(-97.5175, 37.911944),"1976","71-0",-97.5175,37.911944,183.6001282,"132-197"
"3672","Sedgwick",-23,NA,1976-05-20,375441097305601,173,0,c(-97.5175, 37.911944),"1976","71-0",-97.5175,37.911944,183.6001282,"132-197"
"3673","Sedgwick",-21,NA,1976-06-22,375441097305601,173,0,c(-97.5175, 37.911944),"1976","71-0",-97.5175,37.911944,183.6001282,"132-197"
"3674","Sedgwick",-23.5,NA,1976-07-23,375441097305601,173,0,c(-97.5175, 37.911944),"1976","71-0",-97.5175,37.911944,183.6001282,"132-197"
"3675","Sedgwick",-28.5,NA,1976-08-31,375441097305601,173,0,c(-97.5175, 37.911944),"1976","71-0",-97.5175,37.911944,183.6001282,"132-197"
"3676","Sedgwick",-24,NA,1976-09-21,375441097305601,173,0,c(-97.5175, 37.911944),"1976","71-0",-97.5175,37.911944,183.6001282,"132-197"
"3677","Sedgwick",-22,NA,1976-11-22,375441097305601,173,0,c(-97.5175, 37.911944),"1976","71-0",-97.5175,37.911944,183.6001282,"132-197"
"3678","Sedgwick",-22,NA,1976-12-16,375441097305601,173,0,c(-97.5175, 37.911944),"1976","71-0",-97.5175,37.911944,183.6001282,"132-197"
"3679","Harvey",-5.83,NA,1976-01-01,375540097394101,79,0,c(-97.665139, 37.927083),"1976","71-0",-97.665139,37.927083,165.096283,"132-197"
"3680","Harvey",-6.44,NA,1976-06-30,375540097394101,79,0,c(-97.665139, 37.927083),"1976","71-0",-97.665139,37.927083,165.096283,"132-197"
"3681","Harvey",-7.49,NA,1976-10-01,375540097394101,79,0,c(-97.665139, 37.927083),"1976","71-0",-97.665139,37.927083,165.096283,"132-197"
"3682","Harvey",-7.77,NA,1976-12-22,375540097394101,79,0,c(-97.665139, 37.927083),"1976","71-0",-97.665139,37.927083,165.096283,"132-197"
"3683","Sedgwick",-17.5,NA,1976-02-18,375355097284501,173,0,c(-97.481389, 37.89875),"1976","71-0",-97.481389,37.89875,159.9887848,"132-197"
"3684","Sedgwick",-18,NA,1976-03-18,375355097284501,173,0,c(-97.481389, 37.89875),"1976","71-0",-97.481389,37.89875,159.9887848,"132-197"
"3685","Sedgwick",-18.5,NA,1976-04-22,375355097284501,173,0,c(-97.481389, 37.89875),"1976","71-0",-97.481389,37.89875,159.9887848,"132-197"
"3686","Sedgwick",-19.5,NA,1976-05-19,375355097284501,173,0,c(-97.481389, 37.89875),"1976","71-0",-97.481389,37.89875,159.9887848,"132-197"
"3687","Sedgwick",-20,NA,1976-06-22,375355097284501,173,0,c(-97.481389, 37.89875),"1976","71-0",-97.481389,37.89875,159.9887848,"132-197"
"3688","Sedgwick",-20,NA,1976-07-29,375355097284501,173,0,c(-97.481389, 37.89875),"1976","71-0",-97.481389,37.89875,159.9887848,"132-197"
"3689","Sedgwick",-22,NA,1976-08-30,375355097284501,173,0,c(-97.481389, 37.89875),"1976","71-0",-97.481389,37.89875,159.9887848,"132-197"
"3690","Sedgwick",-22,NA,1976-09-27,375355097284501,173,0,c(-97.481389, 37.89875),"1976","71-0",-97.481389,37.89875,159.9887848,"132-197"
"3691","Sedgwick",-21,NA,1976-11-23,375355097284501,173,0,c(-97.481389, 37.89875),"1976","71-0",-97.481389,37.89875,159.9887848,"132-197"
"3692","Sedgwick",-22,NA,1976-12-20,375355097284501,173,0,c(-97.481389, 37.89875),"1976","71-0",-97.481389,37.89875,159.9887848,"132-197"
"3693","Sedgwick",-7.66,NA,1976-02-20,375355097340302,173,0,c(-97.569444, 37.898056),"1976","71-0",-97.569444,37.898056,136.7513885,"132-197"
"3694","Sedgwick",-9.55,NA,1976-03-31,375355097340302,173,0,c(-97.569444, 37.898056),"1976","71-0",-97.569444,37.898056,136.7513885,"132-197"
"3695","Sedgwick",-8.18,NA,1976-04-21,375355097340302,173,0,c(-97.569444, 37.898056),"1976","71-0",-97.569444,37.898056,136.7513885,"132-197"
"3696","Sedgwick",-7.94,NA,1976-05-24,375355097340302,173,0,c(-97.569444, 37.898056),"1976","71-0",-97.569444,37.898056,136.7513885,"132-197"
"3697","Sedgwick",-7.91,NA,1976-06-22,375355097340302,173,0,c(-97.569444, 37.898056),"1976","71-0",-97.569444,37.898056,136.7513885,"132-197"
"3698","Sedgwick",-8.14,NA,1976-07-27,375355097340302,173,0,c(-97.569444, 37.898056),"1976","71-0",-97.569444,37.898056,136.7513885,"132-197"
"3699","Sedgwick",-8.52,NA,1976-08-19,375355097340302,173,0,c(-97.569444, 37.898056),"1976","71-0",-97.569444,37.898056,136.7513885,"132-197"
"3700","Sedgwick",-8.92,NA,1976-09-21,375355097340302,173,0,c(-97.569444, 37.898056),"1976","71-0",-97.569444,37.898056,136.7513885,"132-197"
"3701","Sedgwick",-9.42,NA,1976-11-23,375355097340302,173,0,c(-97.569444, 37.898056),"1976","71-0",-97.569444,37.898056,136.7513885,"132-197"
"3702","Sedgwick",-9.68,NA,1976-12-16,375355097340302,173,0,c(-97.569444, 37.898056),"1976","71-0",-97.569444,37.898056,136.7513885,"132-197"
"3703","Harvey",-20.05,NA,1976-02-18,375540097303201,79,0,c(-97.510556, 37.926944),"1976","71-0",-97.510556,37.926944,167.0934906,"132-197"
"3704","Harvey",-20.12,NA,1976-03-18,375540097303201,79,0,c(-97.510556, 37.926944),"1976","71-0",-97.510556,37.926944,167.0934906,"132-197"
"3705","Harvey",-20.87,NA,1976-04-29,375540097303201,79,0,c(-97.510556, 37.926944),"1976","71-0",-97.510556,37.926944,167.0934906,"132-197"
"3706","Harvey",-21,NA,1976-05-18,375540097303201,79,0,c(-97.510556, 37.926944),"1976","71-0",-97.510556,37.926944,167.0934906,"132-197"
"3707","Harvey",-21.07,NA,1976-06-22,375540097303201,79,0,c(-97.510556, 37.926944),"1976","71-0",-97.510556,37.926944,167.0934906,"132-197"
"3708","Harvey",-21.34,NA,1976-07-20,375540097303201,79,0,c(-97.510556, 37.926944),"1976","71-0",-97.510556,37.926944,167.0934906,"132-197"
"3709","Harvey",-23.37,NA,1976-08-31,375540097303201,79,0,c(-97.510556, 37.926944),"1976","71-0",-97.510556,37.926944,167.0934906,"132-197"
"3710","Harvey",-23.4,NA,1976-09-21,375540097303201,79,0,c(-97.510556, 37.926944),"1976","71-0",-97.510556,37.926944,167.0934906,"132-197"
"3711","Harvey",-21.24,NA,1976-11-29,375540097303201,79,0,c(-97.510556, 37.926944),"1976","71-0",-97.510556,37.926944,167.0934906,"132-197"
"3712","Harvey",-23.33,NA,1976-12-20,375540097303201,79,0,c(-97.510556, 37.926944),"1976","71-0",-97.510556,37.926944,167.0934906,"132-197"
"3713","Harvey",-7.07,NA,1976-01-01,375447097332201,79,0,c(-97.559583, 37.9125),"1976","71-0",-97.559583,37.9125,171.2937012,"132-197"
"3714","Harvey",-7.68,NA,1976-06-30,375447097332201,79,0,c(-97.559583, 37.9125),"1976","71-0",-97.559583,37.9125,171.2937012,"132-197"
"3715","Harvey",-8.9,NA,1976-10-01,375447097332201,79,0,c(-97.559583, 37.9125),"1976","71-0",-97.559583,37.9125,171.2937012,"132-197"
"3716","Harvey",-9.59,NA,1976-12-22,375447097332201,79,0,c(-97.559583, 37.9125),"1976","71-0",-97.559583,37.9125,171.2937012,"132-197"
"3717","Harvey",-10.33,NA,1976-01-01,380146097305701,79,0,c(-97.515833, 38.029444),"1976","71-0",-97.515833,38.029444,136.6485748,"132-197"
"3718","Harvey",-8.21,NA,1976-06-30,380146097305701,79,0,c(-97.515833, 38.029444),"1976","71-0",-97.515833,38.029444,136.6485748,"132-197"
"3719","Harvey",-9.63,NA,1976-10-01,380146097305701,79,0,c(-97.515833, 38.029444),"1976","71-0",-97.515833,38.029444,136.6485748,"132-197"
"3720","Harvey",-11.07,NA,1976-12-22,380146097305701,79,0,c(-97.515833, 38.029444),"1976","71-0",-97.515833,38.029444,136.6485748,"132-197"
"3721","Harvey",-10.98,"BURRTON",1976-01-01,380146097394501,79,0,c(-97.665615, 38.029287),"1976","71-0",-97.665615,38.029287,174.4131317,"132-197"
"3722","Harvey",-12.72,"BURRTON",1976-06-30,380146097394501,79,0,c(-97.665615, 38.029287),"1976","71-0",-97.665615,38.029287,174.4131317,"132-197"
"3723","Harvey",-11.45,"BURRTON",1976-10-01,380146097394501,79,0,c(-97.665615, 38.029287),"1976","71-0",-97.665615,38.029287,174.4131317,"132-197"
"3724","Harvey",-11.62,"BURRTON",1976-12-22,380146097394501,79,0,c(-97.665615, 38.029287),"1976","71-0",-97.665615,38.029287,174.4131317,"132-197"
"3725","Harvey",-5.49,NA,1976-01-01,380226097352801,79,0,c(-97.592222, 38.039722),"1976","71-0",-97.592222,38.039722,229.2324066,"198-262"
"3726","Harvey",-3.07,NA,1976-06-30,380226097352801,79,0,c(-97.592222, 38.039722),"1976","71-0",-97.592222,38.039722,229.2324066,"198-262"
"3727","Harvey",-6.38,NA,1976-10-01,380226097352801,79,0,c(-97.592222, 38.039722),"1976","71-0",-97.592222,38.039722,229.2324066,"198-262"
"3728","Harvey",-7,NA,1976-12-22,380226097352801,79,0,c(-97.592222, 38.039722),"1976","71-0",-97.592222,38.039722,229.2324066,"198-262"
"3729","Harvey",-6.19,"BURRTON",1976-01-01,380048097395201,79,0,c(-97.665786, 38.013989),"1976","71-0",-97.665786,38.013989,142.5135498,"132-197"
"3730","Harvey",-5.9,"BURRTON",1976-06-30,380048097395201,79,0,c(-97.665786, 38.013989),"1976","71-0",-97.665786,38.013989,142.5135498,"132-197"
"3731","Harvey",-6.62,"BURRTON",1976-10-01,380048097395201,79,0,c(-97.665786, 38.013989),"1976","71-0",-97.665786,38.013989,142.5135498,"132-197"
"3732","Harvey",-7.08,"BURRTON",1976-12-22,380048097395201,79,0,c(-97.665786, 38.013989),"1976","71-0",-97.665786,38.013989,142.5135498,"132-197"
"3733","Harvey",-7.16,NA,1976-01-01,375817097383701,79,0,c(-97.647083, 37.970694),"1976","71-0",-97.647083,37.970694,130.0563049,"66-131"
"3734","Harvey",-8.22,NA,1976-06-30,375817097383701,79,0,c(-97.647083, 37.970694),"1976","71-0",-97.647083,37.970694,130.0563049,"66-131"
"3735","Harvey",-8.31,NA,1976-10-01,375817097383701,79,0,c(-97.647083, 37.970694),"1976","71-0",-97.647083,37.970694,130.0563049,"66-131"
"3736","Harvey",-8.67,NA,1976-12-22,375817097383701,79,0,c(-97.647083, 37.970694),"1976","71-0",-97.647083,37.970694,130.0563049,"66-131"
"3737","Harvey",-32.01,NA,1976-02-23,375935097342102,79,0,c(-97.573889, 37.994167),"1976","71-0",-97.573889,37.994167,208.9154968,"198-262"
"3738","Harvey",-30.56,NA,1976-03-26,375935097342102,79,0,c(-97.573889, 37.994167),"1976","71-0",-97.573889,37.994167,208.9154968,"198-262"
"3739","Harvey",-30.93,NA,1976-04-29,375935097342102,79,0,c(-97.573889, 37.994167),"1976","71-0",-97.573889,37.994167,208.9154968,"198-262"
"3740","Harvey",-30.69,NA,1976-05-25,375935097342102,79,0,c(-97.573889, 37.994167),"1976","71-0",-97.573889,37.994167,208.9154968,"198-262"
"3741","Harvey",-30.58,NA,1976-06-22,375935097342102,79,0,c(-97.573889, 37.994167),"1976","71-0",-97.573889,37.994167,208.9154968,"198-262"
"3742","Harvey",-30.99,NA,1976-07-20,375935097342102,79,0,c(-97.573889, 37.994167),"1976","71-0",-97.573889,37.994167,208.9154968,"198-262"
"3743","Harvey",-32.42,NA,1976-08-31,375935097342102,79,0,c(-97.573889, 37.994167),"1976","71-0",-97.573889,37.994167,208.9154968,"198-262"
"3744","Harvey",-32.73,NA,1976-09-21,375935097342102,79,0,c(-97.573889, 37.994167),"1976","71-0",-97.573889,37.994167,208.9154968,"198-262"
"3745","Harvey",-32.61,NA,1976-11-29,375935097342102,79,0,c(-97.573889, 37.994167),"1976","71-0",-97.573889,37.994167,208.9154968,"198-262"
"3746","Harvey",-31.61,NA,1976-12-21,375935097342102,79,0,c(-97.573889, 37.994167),"1976","71-0",-97.573889,37.994167,208.9154968,"198-262"
"3747","Reno",-4.67,"PATTERSON",1976-01-01,375728097425701,155,0,c(-97.720139, 37.95625),"1976","71-0",-97.720139,37.95625,228.8697205,"198-262"
"3748","Reno",-4.21,"PATTERSON",1976-06-30,375728097425701,155,0,c(-97.720139, 37.95625),"1976","71-0",-97.720139,37.95625,228.8697205,"198-262"
"3749","Reno",-5.31,"PATTERSON",1976-10-01,375728097425701,155,0,c(-97.720139, 37.95625),"1976","71-0",-97.720139,37.95625,228.8697205,"198-262"
"3750","Reno",-5.65,"PATTERSON",1976-12-22,375728097425701,155,0,c(-97.720139, 37.95625),"1976","71-0",-97.720139,37.95625,228.8697205,"198-262"
"3751","Harvey",-11.34,NA,1976-01-01,375909097300001,79,0,c(-97.500417, 37.985139),"1976","71-0",-97.500417,37.985139,141.4620056,"132-197"
"3752","Harvey",-10.65,NA,1976-06-30,375909097300001,79,0,c(-97.500417, 37.985139),"1976","71-0",-97.500417,37.985139,141.4620056,"132-197"
"3753","Harvey",-13.35,NA,1976-10-01,375909097300001,79,0,c(-97.500417, 37.985139),"1976","71-0",-97.500417,37.985139,141.4620056,"132-197"
"3754","Harvey",-13.91,NA,1976-12-21,375909097300001,79,0,c(-97.500417, 37.985139),"1976","71-0",-97.500417,37.985139,141.4620056,"132-197"
"3755","Harvey",-35.05,NA,1976-01-01,375910097352702,79,0,c(-97.592222, 37.985139),"1976","71-0",-97.592222,37.985139,211.9548645,"198-262"
"3756","Harvey",-34.33,NA,1976-06-30,375910097352702,79,0,c(-97.592222, 37.985139),"1976","71-0",-97.592222,37.985139,211.9548645,"198-262"
"3757","Harvey",-36.29,NA,1976-10-01,375910097352702,79,0,c(-97.592222, 37.985139),"1976","71-0",-97.592222,37.985139,211.9548645,"198-262"
"3758","Harvey",-34.24,NA,1976-12-22,375910097352702,79,0,c(-97.592222, 37.985139),"1976","71-0",-97.592222,37.985139,211.9548645,"198-262"
"3759","Harvey",-28.99,NA,1976-02-18,375750097330701,79,0,c(-97.555278, 37.964028),"1976","71-0",-97.555278,37.964028,193.4259491,"132-197"
"3760","Harvey",-27.68,NA,1976-03-17,375750097330701,79,0,c(-97.555278, 37.964028),"1976","71-0",-97.555278,37.964028,193.4259491,"132-197"
"3761","Harvey",-28.77,NA,1976-04-23,375750097330701,79,0,c(-97.555278, 37.964028),"1976","71-0",-97.555278,37.964028,193.4259491,"132-197"
"3762","Harvey",-27.59,NA,1976-05-18,375750097330701,79,0,c(-97.555278, 37.964028),"1976","71-0",-97.555278,37.964028,193.4259491,"132-197"
"3763","Harvey",-28.25,NA,1976-06-22,375750097330701,79,0,c(-97.555278, 37.964028),"1976","71-0",-97.555278,37.964028,193.4259491,"132-197"
"3764","Harvey",-27.86,NA,1976-07-19,375750097330701,79,0,c(-97.555278, 37.964028),"1976","71-0",-97.555278,37.964028,193.4259491,"132-197"
"3765","Harvey",-29.63,NA,1976-08-23,375750097330701,79,0,c(-97.555278, 37.964028),"1976","71-0",-97.555278,37.964028,193.4259491,"132-197"
"3766","Harvey",-29.05,NA,1976-09-21,375750097330701,79,0,c(-97.555278, 37.964028),"1976","71-0",-97.555278,37.964028,193.4259491,"132-197"
"3767","Harvey",-29.63,NA,1976-11-30,375750097330701,79,0,c(-97.555278, 37.964028),"1976","71-0",-97.555278,37.964028,193.4259491,"132-197"
"3768","Harvey",-30.54,NA,1976-12-27,375750097330701,79,0,c(-97.555278, 37.964028),"1976","71-0",-97.555278,37.964028,193.4259491,"132-197"
"3769","Reno",-18.17,NA,1976-01-30,380331097505701,155,0,c(-97.849739, 38.058422),"1976","71-0",-97.849739,38.058422,47.6233063,"0-65"
"3770","Harvey",-9.5,"Burrton",1976-01-15,380647097402901,79,0,c(-97.675756, 38.112175),"1976","71-0",-97.675756,38.112175,190.1150818,"132-197"
"3771","McPherson",-44.1,"Conway",1976-01-08,381847097450101,113,0,c(-97.751574, 38.313326),"1976","71-0",-97.751574,38.313326,10,"0-65"
"3772","McPherson",-45.55,"McPherson South",1976-01-07,381721097415901,113,0,c(-97.699242, 38.287523),"1976","71-0",-97.699242,38.287523,89.5329132,"66-131"
"3773","McPherson",-8.95,NA,1976-01-07,381359097264801,113,0,c(-97.448298, 38.232829),"1976","71-0",-97.448298,38.232829,33.2027588,"0-65"
"3774","Reno",-30.19,"HALSTEAD NW",1976-01-15,380851097424301,155,0,c(-97.71086, 38.149295),"1976","71-0",-97.71086,38.149295,151.2491455,"132-197"
"3775","Reno",-30.19,NA,1976-01-15,380848097424701,155,0,c(-97.713459, 38.146586),"1976","71-0",-97.713459,38.146586,151.2491455,"132-197"
"3776","McPherson",-10.32,NA,1976-01-08,381115097272101,113,0,c(-97.457836, 38.187388),"1976","71-0",-97.457836,38.187388,20.4126854,"0-65"
"3777","Harvey",-8.27,"MOUNDRIDGE",1976-01-09,380742097312801,79,0,c(-97.528066, 38.125035),"1976","71-0",-97.528066,38.125035,44.8149567,"0-65"
"3778","McPherson",-12.82,NA,1976-01-06,382458097362001,113,0,c(-97.60603, 38.415749),"1976","71-0",-97.60603,38.415749,45.9860611,"0-65"
"3779","McPherson",-74.89,"MCPHERSON SOUTH",1976-01-06,382143097442002,113,0,c(-97.739587, 38.361023),"1976","143-72",-97.739587,38.361023,10,"0-65"
"3780","McPherson",-29.69,NA,1976-01-07,381958097272101,113,0,c(-97.455682, 38.332361),"1976","71-0",-97.455682,38.332361,61.3079147,"0-65"
"3781","McPherson",-78.55,NA,1976-01-06,382320097393801,113,0,c(-97.661086, 38.388436),"1976","143-72",-97.661086,38.388436,66.9388885,"66-131"
"3782","Harvey",-13.4,NA,1976-01-09,380152097315501,79,0,c(-97.533385, 38.031353),"1976","71-0",-97.533385,38.031353,165.9548187,"132-197"
"3783","Harvey",-22.46,NA,1976-02-27,375744097321001,79,0,c(-97.537917, 37.962639),"1976","71-0",-97.537917,37.962639,179.4243927,"132-197"
"3784","Harvey",-22.46,NA,1976-03-31,375744097321001,79,0,c(-97.537917, 37.962639),"1976","71-0",-97.537917,37.962639,179.4243927,"132-197"
"3785","Harvey",-21.46,NA,1976-04-21,375744097321001,79,0,c(-97.537917, 37.962639),"1976","71-0",-97.537917,37.962639,179.4243927,"132-197"
"3786","Harvey",-21.46,NA,1976-05-18,375744097321001,79,0,c(-97.537917, 37.962639),"1976","71-0",-97.537917,37.962639,179.4243927,"132-197"
"3787","Harvey",-19.46,NA,1976-06-22,375744097321001,79,0,c(-97.537917, 37.962639),"1976","71-0",-97.537917,37.962639,179.4243927,"132-197"
"3788","Harvey",-19.96,NA,1976-07-23,375744097321001,79,0,c(-97.537917, 37.962639),"1976","71-0",-97.537917,37.962639,179.4243927,"132-197"
"3789","Harvey",-21.46,NA,1976-08-19,375744097321001,79,0,c(-97.537917, 37.962639),"1976","71-0",-97.537917,37.962639,179.4243927,"132-197"
"3790","Harvey",-21.96,NA,1976-09-24,375744097321001,79,0,c(-97.537917, 37.962639),"1976","71-0",-97.537917,37.962639,179.4243927,"132-197"
"3791","Harvey",-21.46,NA,1976-11-22,375744097321001,79,0,c(-97.537917, 37.962639),"1976","71-0",-97.537917,37.962639,179.4243927,"132-197"
"3792","Harvey",-21.46,NA,1976-12-27,375744097321001,79,0,c(-97.537917, 37.962639),"1976","71-0",-97.537917,37.962639,179.4243927,"132-197"
"3793","Butler",-65.58,"EL DORADO",1976-12-15,375229096495701,15,0,c(-96.832566, 37.874438),"1976","71-0",-96.832566,37.874438,NA,NA
"3794","Butler",-50.7,"ELBING",1976-12-15,380204097080101,15,0,c(-97.133124, 38.035675),"1976","71-0",-97.133124,38.035675,NA,NA
"3795","Butler",-34.77,"DE GRAFF",1976-12-15,375724096503701,15,0,c(-96.844162, 37.956195),"1976","71-0",-96.844162,37.956195,NA,NA
"3796","Butler",-17.55,"BENTON",1976-12-15,375204097030001,15,0,c(-97.050179, 37.867814),"1976","71-0",-97.050179,37.867814,NA,NA
"3797","Allen",-13.35,"IOLA",1976-03-09,375528095263701,1,0,c(-95.443871, 37.924481),"1976","71-0",-95.443871,37.924481,NA,NA
"3798","Allen",-12.78,"IOLA",1976-06-21,375528095263701,1,0,c(-95.443871, 37.924481),"1976","71-0",-95.443871,37.924481,NA,NA
"3799","Allen",-13.04,"IOLA",1976-09-13,375528095263701,1,0,c(-95.443871, 37.924481),"1976","71-0",-95.443871,37.924481,NA,NA
"3800","Allen",-14,"IOLA",1976-12-06,375528095263701,1,0,c(-95.443871, 37.924481),"1976","71-0",-95.443871,37.924481,NA,NA
"3801","Wallace",-168.7,NA,1976-12-08,384809101544401,199,0,c(-101.912425, 38.800715),"1976","215-144",-101.912425,38.800715,36.1440163,"0-65"
"3802","Wallace",-134.1,NA,1976-01-20,384749101364301,199,0,c(-101.611347, 38.796276),"1976","143-72",-101.611347,38.796276,30.6973724,"0-65"
"3803","Wallace",-134.2,NA,1976-01-19,385006101570301,199,0,c(-101.951443, 38.833063),"1976","143-72",-101.951443,38.833063,25.0015068,"0-65"
"3804","Wallace",-126.19,NA,1976-03-16,385006101570301,199,0,c(-101.951443, 38.833063),"1976","143-72",-101.951443,38.833063,25.0015068,"0-65"
"3805","Wallace",-131.9,NA,1976-06-15,385006101570301,199,0,c(-101.951443, 38.833063),"1976","143-72",-101.951443,38.833063,25.0015068,"0-65"
"3806","Wallace",-137.95,NA,1976-09-21,385006101570301,199,0,c(-101.951443, 38.833063),"1976","143-72",-101.951443,38.833063,25.0015068,"0-65"
"3807","Wichita",-129.61,NA,1976-01-20,383929101161601,203,0,c(-101.272165, 38.657456),"1976","143-72",-101.272165,38.657456,42.0983238,"0-65"
"3808","Greeley",-194.35,"Stockholm Cemetery",1976-01-20,383909101572301,71,0,c(-101.956922, 38.65028),"1976","215-144",-101.956922,38.65028,23.8208065,"0-65"
"3809","Wichita",-116.69,"RUSSELL SPRINGS 3 NE",1976-01-20,384114101165701,203,0,c(-101.283686, 38.686493),"1976","143-72",-101.283686,38.686493,31.3166676,"0-65"
"3810","Wichita",-137.81,NA,1976-01-19,383829101261501,203,0,c(-101.440749, 38.640167),"1976","143-72",-101.440749,38.640167,30.0971718,"0-65"
"3811","Wallace",-130.96,"Harris Draw East",1976-01-07,390254101305402,199,0,c(-101.516276, 39.049507),"1976","143-72",-101.516276,39.049507,10,"0-65"
"3812","Wallace",-130.1,"Harris Draw East",1976-03-18,390254101305402,199,0,c(-101.516276, 39.049507),"1976","143-72",-101.516276,39.049507,10,"0-65"
"3813","Wallace",-134.47,"Harris Draw East",1976-06-09,390254101305402,199,0,c(-101.516276, 39.049507),"1976","143-72",-101.516276,39.049507,10,"0-65"
"3814","Wallace",-143.49,"Harris Draw East",1976-09-15,390254101305402,199,0,c(-101.516276, 39.049507),"1976","143-72",-101.516276,39.049507,10,"0-65"
"3815","Wallace",-164.63,"Weskan",1976-12-08,385130101584201,199,0,c(-101.973221, 38.857108),"1976","215-144",-101.973221,38.857108,10,"0-65"
"3816","Sherman",-153.94,"Ruleton SE",1976-01-15,391836101454401,181,0,c(-101.763435, 39.310135),"1976","215-144",-101.763435,39.310135,93.5405426,"66-131"
"3817","Sherman",-127.66,NA,1976-01-14,392003101271601,181,0,c(-101.455277, 39.334765),"1976","143-72",-101.455277,39.334765,86.9310303,"66-131"
"3818","Sherman",-167.23,NA,1976-01-14,392008101391701,181,0,c(-101.654867, 39.335846),"1976","215-144",-101.654867,39.335846,103.3678284,"66-131"
"3819","Sherman",-133.94,"Brewster",1976-01-14,392016101274901,181,0,c(-101.465443, 39.337622),"1976","143-72",-101.465443,39.337622,89.6068573,"66-131"
"3820","Sherman",-133.52,NA,1976-01-15,391552102005502,181,0,c(-102.0159, 39.264557),"1976","143-72",-102.0159,39.264557,73.9384155,"66-131"
"3821","Sherman",-130.98,"Horsethief Draw NW",1976-01-15,391401101583501,181,0,c(-101.977557, 39.233881),"1976","143-72",-101.977557,39.233881,68.694931,"66-131"
"3822","Sherman",-131.8,NA,1976-01-16,392706101340501,181,0,c(-101.56905, 39.452193),"1976","143-72",-101.56905,39.452193,159.5693512,"132-197"
"3823","Sherman",-160.46,NA,1976-01-14,391942101405801,181,0,c(-101.682868, 39.328598),"1976","215-144",-101.682868,39.328598,96.062088,"66-131"
"3824","Sherman",-155.59,NA,1976-01-15,391454101534201,181,0,c(-101.895032, 39.248246),"1976","215-144",-101.895032,39.248246,103.1138458,"66-131"
"3825","Thomas",-124.44,"Brewster",1976-01-14,392153101223802,193,0,c(-101.378441, 39.365132),"1976","143-72",-101.378441,39.365132,98.9617462,"66-131"
"3826","Thomas",-124.29,"Brewster",1976-03-17,392153101223802,193,0,c(-101.378441, 39.365132),"1976","143-72",-101.378441,39.365132,98.9617462,"66-131"
"3827","Thomas",-124.62,"Brewster",1976-06-08,392153101223802,193,0,c(-101.378441, 39.365132),"1976","143-72",-101.378441,39.365132,98.9617462,"66-131"
"3828","Thomas",-125.89,"Brewster",1976-09-14,392153101223802,193,0,c(-101.378441, 39.365132),"1976","143-72",-101.378441,39.365132,98.9617462,"66-131"
"3829","Wallace",-197.7,NA,1976-01-19,384559101593601,199,0,c(-101.993604, 38.764277),"1976","215-144",-101.993604,38.764277,50.3915253,"0-65"
"3830","Wallace",-156.15,NA,1976-01-20,384927101432801,199,0,c(-101.724554, 38.82278),"1976","215-144",-101.724554,38.82278,10,"0-65"
"3831","Wallace",-158,NA,1976-01-19,384927101582701,199,0,c(-101.974438, 38.822092),"1976","215-144",-101.974438,38.822092,28.5853176,"0-65"
"3832","Wallace",-108.15,NA,1976-01-20,384224101300601,199,0,c(-101.502473, 38.707183),"1976","143-72",-101.502473,38.707183,32.0068665,"0-65"
"3833","Greeley",-162,NA,1976-03-01,384200101525601,71,0,c(-101.882395, 38.697003),"1976","215-144",-101.882395,38.697003,43.9796448,"0-65"
"3834","Greeley",-162.43,NA,1976-03-03,384200101525601,71,0,c(-101.882395, 38.697003),"1976","215-144",-101.882395,38.697003,43.9796448,"0-65"
"3835","Wichita",-130.63,NA,1976-01-19,384106101300501,203,0,c(-101.503251, 38.683379),"1976","143-72",-101.503251,38.683379,38.4344826,"0-65"
"3836","Wichita",-134.81,NA,1976-07-15,384106101300501,203,0,c(-101.503251, 38.683379),"1976","143-72",-101.503251,38.683379,38.4344826,"0-65"
"3837","Wichita",-140.81,NA,1976-09-21,384106101300501,203,0,c(-101.503251, 38.683379),"1976","143-72",-101.503251,38.683379,38.4344826,"0-65"
"3838","Greeley",-138.72,"M Ladder Creek East",1976-01-20,383954101432401,71,0,c(-101.724415, 38.662996),"1976","143-72",-101.724415,38.662996,27.3333263,"0-65"
"3839","Logan",-156.6,NA,1976-01-07,390741101205902,109,0,c(-101.350598, 39.129431),"1976","215-144",-101.350598,39.129431,10,"0-65"
"3840","Logan",-154.75,NA,1976-03-18,390741101205902,109,0,c(-101.350598, 39.129431),"1976","215-144",-101.350598,39.129431,10,"0-65"
"3841","Logan",-153.5,NA,1976-06-09,390741101205902,109,0,c(-101.350598, 39.129431),"1976","215-144",-101.350598,39.129431,10,"0-65"
"3842","Logan",-172.29,NA,1976-09-15,390741101205902,109,0,c(-101.350598, 39.129431),"1976","215-144",-101.350598,39.129431,10,"0-65"
"3843","Thomas",-86.41,NA,1976-01-14,392403101185001,193,0,c(-101.314587, 39.402117),"1976","143-72",-101.314587,39.402117,110.048439,"66-131"
"3844","Sherman",-155.16,"Goodland",1976-03-17,392218101435301,181,0,c(-101.732451, 39.372779),"1976","215-144",-101.732451,39.372779,97.144455,"66-131"
"3845","Sherman",-164.63,"Goodland",1976-06-08,392218101435301,181,0,c(-101.732451, 39.372779),"1976","215-144",-101.732451,39.372779,97.144455,"66-131"
"3846","Sherman",-171,"Goodland",1976-09-15,392218101435301,181,0,c(-101.732451, 39.372779),"1976","215-144",-101.732451,39.372779,97.144455,"66-131"
"3847","Wallace",-37.98,NA,1976-03-18,385635101583001,199,0,c(-101.975431, 38.941916),"1976","71-0",-101.975431,38.941916,10,"0-65"
"3848","Wallace",-37.97,NA,1976-06-09,385635101583001,199,0,c(-101.975431, 38.941916),"1976","71-0",-101.975431,38.941916,10,"0-65"
"3849","Sherman",-112.39,NA,1976-01-16,392027101490603,181,0,c(-101.818187, 39.340911),"1976","143-72",-101.818187,39.340911,123.3371964,"66-131"
"3850","Sherman",-63.98,NA,1976-01-16,392034101480701,181,0,c(-101.801967, 39.342757),"1976","71-0",-101.801967,39.342757,116.0944901,"66-131"
"3851","Sherman",-142.49,NA,1976-02-11,392645101534401,181,0,c(-101.896269, 39.445706),"1976","143-72",-101.896269,39.445706,129.5912628,"66-131"
"3852","Sherman",-152.43,NA,1976-01-16,392337101383401,181,0,c(-101.643255, 39.39392),"1976","215-144",-101.643255,39.39392,142.8047485,"132-197"
"3853","Sherman",-144.98,"Horsethief Draw NE",1976-01-15,391454101490901,181,0,c(-101.819553, 39.249071),"1976","215-144",-101.819553,39.249071,58.4477844,"0-65"
"3854","Sherman",-146,"Horsethief Draw NE",1976-03-17,391454101490901,181,0,c(-101.819553, 39.249071),"1976","215-144",-101.819553,39.249071,58.4477844,"0-65"
"3855","Sherman",-146.64,"Horsethief Draw NE",1976-06-09,391454101490901,181,0,c(-101.819553, 39.249071),"1976","215-144",-101.819553,39.249071,58.4477844,"0-65"
"3856","Sherman",-157.55,"Horsethief Draw NE",1976-09-15,391454101490901,181,0,c(-101.819553, 39.249071),"1976","215-144",-101.819553,39.249071,58.4477844,"0-65"
"3857","Sherman",-91.85,"Brewster",1976-01-14,391917101282301,181,0,c(-101.474543, 39.322922),"1976","143-72",-101.474543,39.322922,94.6173859,"66-131"
"3858","Wallace",-134.8,NA,1976-01-20,384301101354201,199,0,c(-101.594195, 38.716627),"1976","143-72",-101.594195,38.716627,38.7636909,"0-65"
"3859","Wallace",-246.85,"Colony Township NW",1976-01-19,384238102004501,199,0,c(-102.012139, 38.707528),"1976","287-216",-102.012139,38.707528,54.5914536,"0-65"
"3860","Wallace",-157.4,NA,1976-01-20,384500101381701,199,0,c(-101.637531, 38.749051),"1976","215-144",-101.637531,38.749051,30.7622433,"0-65"
"3861","Wichita",-103.46,"Beulah Cemetery",1976-01-20,384054101204801,203,0,c(-101.347639, 38.679285),"1976","143-72",-101.347639,38.679285,22.4235249,"0-65"
"3862","Greeley",-117.49,"West Bethany Church",1976-01-20,384139101354901,71,0,c(-101.598095, 38.691913),"1976","143-72",-101.598095,38.691913,50.5783997,"0-65"
"3863","Greeley",-116.35,"West Bethany Church",1976-03-16,384139101354901,71,0,c(-101.598095, 38.691913),"1976","143-72",-101.598095,38.691913,50.5783997,"0-65"
"3864","Greeley",-118.33,"West Bethany Church",1976-06-15,384139101354901,71,0,c(-101.598095, 38.691913),"1976","143-72",-101.598095,38.691913,50.5783997,"0-65"
"3865","Greeley",-122.19,"West Bethany Church",1976-09-21,384139101354901,71,0,c(-101.598095, 38.691913),"1976","143-72",-101.598095,38.691913,50.5783997,"0-65"
"3866","Sherman",-126.02,"Goodland NW",1976-01-14,392429101441801,181,0,c(-101.740751, 39.409098),"1976","143-72",-101.740751,39.409098,163.0845795,"132-197"
"3867","Sherman",-129.44,"Goodland NW",1976-03-17,392429101441801,181,0,c(-101.740751, 39.409098),"1976","143-72",-101.740751,39.409098,163.0845795,"132-197"
"3868","Sherman",-129.14,"Goodland NW",1976-06-08,392429101441801,181,0,c(-101.740751, 39.409098),"1976","143-72",-101.740751,39.409098,163.0845795,"132-197"
"3869","Sherman",-137.27,"Goodland NW",1976-09-15,392429101441801,181,0,c(-101.740751, 39.409098),"1976","143-72",-101.740751,39.409098,163.0845795,"132-197"
"3870","Sherman",-158.06,"Ruleton",1976-01-15,391638101580901,181,0,c(-101.967957, 39.27827),"1976","215-144",-101.967957,39.27827,58.553463,"0-65"
"3871","Sherman",-159.6,"Ruleton",1976-03-17,391638101580901,181,0,c(-101.967957, 39.27827),"1976","215-144",-101.967957,39.27827,58.553463,"0-65"
"3872","Sherman",-159.7,"Ruleton",1976-06-08,391638101580901,181,0,c(-101.967957, 39.27827),"1976","215-144",-101.967957,39.27827,58.553463,"0-65"
"3873","Sherman",-168.86,"Ruleton",1976-09-14,391638101580901,181,0,c(-101.967957, 39.27827),"1976","215-144",-101.967957,39.27827,58.553463,"0-65"
"3874","Sherman",-161,"Ruleton SE",1976-01-15,391632101522601,181,0,c(-101.874854, 39.274651),"1976","215-144",-101.874854,39.274651,84.6804047,"66-131"
"3875","Sherman",-71.4,"Kanorado",1976-01-15,391828102024901,181,0,c(-102.04696, 39.307569),"1976","71-0",-102.04696,39.307569,67.7714996,"66-131"
"3876","Sherman",-71.54,"Kanorado",1976-03-17,391828102024901,181,0,c(-102.04696, 39.307569),"1976","71-0",-102.04696,39.307569,67.7714996,"66-131"
"3877","Sherman",-71.75,"Kanorado",1976-06-08,391828102024901,181,0,c(-102.04696, 39.307569),"1976","71-0",-102.04696,39.307569,67.7714996,"66-131"
"3878","Sherman",-72.07,"Kanorado",1976-09-14,391828102024901,181,0,c(-102.04696, 39.307569),"1976","143-72",-102.04696,39.307569,67.7714996,"66-131"
"3879","Sherman",-163.88,NA,1976-01-15,391644101590701,181,0,c(-101.985305, 39.279236),"1976","215-144",-101.985305,39.279236,61.1114883,"0-65"
"3880","Sherman",-152.96,"Edson",1976-01-14,392109101351401,181,0,c(-101.588646, 39.352121),"1976","215-144",-101.588646,39.352121,118.9812393,"66-131"
"3881","Sherman",-107.54,NA,1976-01-16,392014101490601,181,0,c(-101.818187, 39.33731),"1976","143-72",-101.818187,39.33731,119.7610092,"66-131"
"3882","Sherman",-105.58,NA,1976-03-17,392014101490601,181,0,c(-101.818187, 39.33731),"1976","143-72",-101.818187,39.33731,119.7610092,"66-131"
"3883","Sherman",-106.51,NA,1976-06-08,392014101490601,181,0,c(-101.818187, 39.33731),"1976","143-72",-101.818187,39.33731,119.7610092,"66-131"
"3884","Sherman",-111.87,NA,1976-09-14,392014101490601,181,0,c(-101.818187, 39.33731),"1976","143-72",-101.818187,39.33731,119.7610092,"66-131"
"3885","Sherman",-135.9,NA,1976-01-16,392324101291201,181,0,c(-101.487626, 39.390687),"1976","143-72",-101.487626,39.390687,120.0182037,"66-131"
"3886","Sherman",-180.93,"KANORADO NE",1976-01-15,392329102011601,181,0,c(-102.022249, 39.391263),"1976","215-144",-102.022249,39.391263,116.154747,"66-131"
"3887","Sherman",-131.95,"Ruleton NE",1976-02-11,392521101485501,181,0,c(-101.815853, 39.422648),"1976","143-72",-101.815853,39.422648,131.6849365,"66-131"
"3888","Sherman",-119.92,"Ruleton NW",1976-01-15,392454101540201,181,0,c(-101.902356, 39.414267),"1976","143-72",-101.902356,39.414267,131.0453491,"66-131"
"3889","Thomas",-188.25,NA,1976-01-07,391339101143501,193,0,c(-101.242537, 39.229405),"1976","215-144",-101.242537,39.229405,42.9122353,"0-65"
"3890","Thomas",-169.98,NA,1976-01-12,391201101225101,193,0,c(-101.380918, 39.201177),"1976","215-144",-101.380918,39.201177,53.4524841,"0-65"
"3891","Sherman",-16.18,"Horsethief Draw NE",1976-01-15,391158101460401,181,0,c(-101.766151, 39.199632),"1976","71-0",-101.766151,39.199632,44.6038704,"0-65"
"3892","Logan",-35.43,NA,1976-01-20,384344101265101,109,0,c(-101.44783, 38.7283),"1976","71-0",-101.44783,38.7283,8.5951538,"0-65"
"3893","Wallace",-133.65,NA,1976-01-20,384616101353801,199,0,c(-101.593264, 38.771054),"1976","143-72",-101.593264,38.771054,25.7172508,"0-65"
"3894","Wallace",-111.5,"Spring Valley Ranch",1976-01-19,384710101451901,199,0,c(-101.755216, 38.784878),"1976","143-72",-101.755216,38.784878,71.6318817,"66-131"
"3895","Wallace",-103.3,"Spring Valley Ranch",1976-03-16,384710101451901,199,0,c(-101.755216, 38.784878),"1976","143-72",-101.755216,38.784878,71.6318817,"66-131"
"3896","Wallace",-105.25,"Spring Valley Ranch",1976-06-15,384710101451901,199,0,c(-101.755216, 38.784878),"1976","143-72",-101.755216,38.784878,71.6318817,"66-131"
"3897","Wallace",-112.66,"Spring Valley Ranch",1976-09-21,384710101451901,199,0,c(-101.755216, 38.784878),"1976","143-72",-101.755216,38.784878,71.6318817,"66-131"
"3898","Wichita",-135.35,NA,1976-01-20,383837101183601,203,0,c(-101.312587, 38.643436),"1976","143-72",-101.312587,38.643436,46.3815918,"0-65"
"3899","Greeley",-119.84,NA,1976-03-16,383841101363801,71,0,c(-101.613013, 38.643464),"1976","143-72",-101.613013,38.643464,48.4118805,"0-65"
"3900","Greeley",-124.28,NA,1976-09-21,383841101363801,71,0,c(-101.613013, 38.643464),"1976","143-72",-101.613013,38.643464,48.4118805,"0-65"
"3901","Greeley",-138.58,NA,1976-01-20,384007101403501,71,0,c(-101.677205, 38.666456),"1976","143-72",-101.677205,38.666456,33.7865105,"0-65"
"3902","Wallace",-175.9,NA,1976-01-19,384841102020401,199,0,c(-102.035231, 38.809122),"1976","215-144",-102.035231,38.809122,40.5205688,"0-65"
"3903","Sherman",-96.68,NA,1976-01-15,391032102012201,181,0,c(-102.024458, 39.176572),"1976","143-72",-102.024458,39.176572,71.5361786,"66-131"
"3904","Wallace",-165.28,"Arapahoe NE",1976-01-20,385314102024201,199,0,c(-102.045607, 38.886157),"1976","215-144",-102.045607,38.886157,51.1483116,"0-65"
"3905","Sherman",-150.09,NA,1976-01-15,391730102012701,181,0,c(-102.023959, 39.29292),"1976","215-144",-102.023959,39.29292,70.0315628,"66-131"
"3906","Sherman",-149.89,NA,1976-03-17,391730102012701,181,0,c(-102.023959, 39.29292),"1976","215-144",-102.023959,39.29292,70.0315628,"66-131"
"3907","Sherman",-151.45,NA,1976-06-08,391730102012701,181,0,c(-102.023959, 39.29292),"1976","215-144",-102.023959,39.29292,70.0315628,"66-131"
"3908","Sherman",-156.75,NA,1976-09-14,391730102012701,181,0,c(-102.023959, 39.29292),"1976","215-144",-102.023959,39.29292,70.0315628,"66-131"
"3909","Sherman",-116.98,"Ruleton",1976-01-15,392112101592101,181,0,c(-101.989858, 39.354478),"1976","143-72",-101.989858,39.354478,122.2610931,"66-131"
"3910","Sherman",-74.48,"Edson",1976-07-13,391622101311101,181,0,c(-101.521344, 39.272803),"1976","143-72",-101.521344,39.272803,22.6330128,"0-65"
"3911","Sherman",-114.65,"Edson",1976-01-14,392101101302001,181,0,c(-101.507044, 39.351631),"1976","143-72",-101.507044,39.351631,108.6694412,"66-131"
"3912","Sherman",-149.04,"Brewster NW",1976-01-16,392324101255101,181,0,c(-101.431442, 39.390501),"1976","215-144",-101.431442,39.390501,103.8946915,"66-131"
"3913","Sherman",-128.6,"Goodland",1976-01-15,391502101433001,181,0,c(-101.72605, 39.250772),"1976","143-72",-101.72605,39.250772,81.934906,"66-131"
"3914","Sherman",-144.16,"Goodland",1976-06-08,391502101433001,181,0,c(-101.72605, 39.250772),"1976","215-144",-101.72605,39.250772,81.934906,"66-131"
"3915","Sherman",-157.82,"Goodland",1976-09-15,391502101433001,181,0,c(-101.72605, 39.250772),"1976","215-144",-101.72605,39.250772,81.934906,"66-131"
"3916","Wallace",-152.9,"South Flats",1976-01-20,384558101403701,199,0,c(-101.67793, 38.765095),"1976","215-144",-101.67793,38.765095,34.8745346,"0-65"
"3917","Wallace",-152.33,"South Flats",1976-03-16,384558101403701,199,0,c(-101.67793, 38.765095),"1976","215-144",-101.67793,38.765095,34.8745346,"0-65"
"3918","Wallace",-155.24,"South Flats",1976-06-15,384558101403701,199,0,c(-101.67793, 38.765095),"1976","215-144",-101.67793,38.765095,34.8745346,"0-65"
"3919","Wallace",-158.29,"South Flats",1976-09-21,384558101403701,199,0,c(-101.67793, 38.765095),"1976","215-144",-101.67793,38.765095,34.8745346,"0-65"
"3920","Wallace",-108.05,NA,1976-01-19,384946101521301,199,0,c(-101.871502, 38.82689),"1976","143-72",-101.871502,38.82689,60.7167282,"0-65"
"3921","Wallace",-130.5,"M Ladder Creek West",1976-01-19,384212101491702,199,0,c(-101.822068, 38.701479),"1976","143-72",-101.822068,38.701479,70.0280151,"66-131"
"3922","Wichita",-134.02,NA,1976-01-20,383928101240401,203,0,c(-101.403623, 38.656616),"1976","143-72",-101.403623,38.656616,24.0483932,"0-65"
"3923","Wichita",-136.59,NA,1976-01-19,384159101324801,203,0,c(-101.549806, 38.69882),"1976","143-72",-101.549806,38.69882,42.3588638,"0-65"
"3924","Greeley",-132.37,NA,1976-01-20,384159101465501,71,0,c(-101.782356, 38.697233),"1976","143-72",-101.782356,38.697233,60.2619171,"0-65"
"3925","Wichita",-126.43,"South of Twin Butte",1976-01-19,383829101293201,203,0,c(-101.494943, 38.639194),"1976","143-72",-101.494943,38.639194,42.2455902,"0-65"
"3926","Wichita",-124.53,NA,1976-01-20,384008101190901,203,0,c(-101.320995, 38.66803),"1976","143-72",-101.320995,38.66803,35.7211914,"0-65"
"3927","Wallace",-82.45,NA,1976-01-20,384900101324801,199,0,c(-101.546205, 38.816707),"1976","143-72",-101.546205,38.816707,30.7621269,"0-65"
"3928","Wallace",-105.77,"Mount Sunflower",1976-02-19,390618102000301,199,0,c(-102.001656, 39.104033),"1976","143-72",-102.001656,39.104033,26.1943665,"0-65"
"3929","Wallace",-112.74,"Mount Sunflower",1976-03-18,390618102000301,199,0,c(-102.001656, 39.104033),"1976","143-72",-102.001656,39.104033,26.1943665,"0-65"
"3930","Wallace",-109.06,"Mount Sunflower",1976-06-09,390618102000301,199,0,c(-102.001656, 39.104033),"1976","143-72",-102.001656,39.104033,26.1943665,"0-65"
"3931","Wallace",-118.94,"Mount Sunflower",1976-09-15,390618102000301,199,0,c(-102.001656, 39.104033),"1976","143-72",-102.001656,39.104033,26.1943665,"0-65"
"3932","Sherman",-150.87,NA,1976-01-15,391409101464501,181,0,c(-101.778757, 39.235842),"1976","215-144",-101.778757,39.235842,60.4671211,"0-65"
"3933","Sherman",-144.2,NA,1976-01-15,391652101490801,181,0,c(-101.818309, 39.281129),"1976","215-144",-101.818309,39.281129,77.3057098,"66-131"
"3934","Sherman",-151.49,"Goodland",1976-01-15,391553101442101,181,0,c(-101.739951, 39.264321),"1976","215-144",-101.739951,39.264321,88.2304382,"66-131"
"3935","Sherman",-133.31,"Horsethief Draw NW",1976-01-15,391401101531801,181,0,c(-101.889155, 39.234631),"1976","143-72",-101.889155,39.234631,112.3282166,"66-131"
"3936","Sherman",-132.29,NA,1976-02-10,392652101282901,181,0,c(-101.475907, 39.448792),"1976","143-72",-101.475907,39.448792,118.089798,"66-131"
"3937","Thomas",-140.01,"Brewster NE",1976-01-14,392620101221101,193,0,c(-101.370941, 39.439451),"1976","143-72",-101.370941,39.439451,111.8717651,"66-131"
"3938","Thomas",-141.44,"Brewster NE",1976-03-17,392620101221101,193,0,c(-101.370941, 39.439451),"1976","143-72",-101.370941,39.439451,111.8717651,"66-131"
"3939","Thomas",-139.46,"Brewster NE",1976-06-08,392620101221101,193,0,c(-101.370941, 39.439451),"1976","143-72",-101.370941,39.439451,111.8717651,"66-131"
"3940","Thomas",-148.21,"Brewster NE",1976-09-14,392620101221101,193,0,c(-101.370941, 39.439451),"1976","215-144",-101.370941,39.439451,111.8717651,"66-131"
"3941","Sherman",-155.1,"Ruleton NW",1976-01-15,392520101591901,181,0,c(-101.989559, 39.422827),"1976","215-144",-101.989559,39.422827,124.0715332,"66-131"
"3942","Wallace",-99.9,NA,1976-01-20,384336101395801,199,0,c(-101.665837, 38.725126),"1976","143-72",-101.665837,38.725126,37.2502289,"0-65"
"3943","Wallace",-113.45,"Spring Valley Ranch",1976-01-19,384539101461101,199,0,c(-101.769682, 38.759762),"1976","143-72",-101.769682,38.759762,77.5230484,"66-131"
"3944","Wallace",-136.04,NA,1976-01-19,384316101482601,199,0,c(-101.807335, 38.718869),"1976","143-72",-101.807335,38.718869,77.2266235,"66-131"
"3945","Wallace",-142.73,NA,1976-01-19,384815101523901,199,0,c(-101.877695, 38.802485),"1976","143-72",-101.877695,38.802485,54.309391,"0-65"
"3946","Wallace",-134.1,"West Bethany Church",1976-01-20,384323101372101,199,0,c(-101.622963, 38.721246),"1976","143-72",-101.622963,38.721246,38.2481079,"0-65"
"3947","Wallace",-133.21,"West Bethany Church",1976-03-16,384323101372101,199,0,c(-101.622963, 38.721246),"1976","143-72",-101.622963,38.721246,38.2481079,"0-65"
"3948","Wallace",-136.91,"West Bethany Church",1976-06-15,384323101372101,199,0,c(-101.622963, 38.721246),"1976","143-72",-101.622963,38.721246,38.2481079,"0-65"
"3949","Wallace",-142.77,"West Bethany Church",1976-09-21,384323101372101,199,0,c(-101.622963, 38.721246),"1976","143-72",-101.622963,38.721246,38.2481079,"0-65"
"3950","Wichita",-139.14,NA,1976-01-19,383823101233101,203,0,c(-101.394361, 38.638458),"1976","143-72",-101.394361,38.638458,30.8859844,"0-65"
"3951","Greeley",-146.77,NA,1976-01-20,383947101463701,71,0,c(-101.777229, 38.660963),"1976","215-144",-101.777229,38.660963,31.4145164,"0-65"
"3952","Greeley",-146.17,NA,1976-03-16,383947101463701,71,0,c(-101.777229, 38.660963),"1976","215-144",-101.777229,38.660963,31.4145164,"0-65"
"3953","Greeley",-146.37,NA,1976-06-15,383947101463701,71,0,c(-101.777229, 38.660963),"1976","215-144",-101.777229,38.660963,31.4145164,"0-65"
"3954","Greeley",-149.96,NA,1976-09-21,383947101463701,71,0,c(-101.777229, 38.660963),"1976","215-144",-101.777229,38.660963,31.4145164,"0-65"
"3955","Wichita",-139.49,NA,1976-01-20,383830101151801,203,0,c(-101.256036, 38.641145),"1976","143-72",-101.256036,38.641145,40.8340149,"0-65"
"3956","Wallace",-150.05,"South Flats",1976-01-20,384651101374201,199,0,c(-101.626907, 38.782612),"1976","215-144",-101.626907,38.782612,25.2237968,"0-65"
"3957","Wallace",-151.61,"South Flats",1976-03-16,384651101374201,199,0,c(-101.626907, 38.782612),"1976","215-144",-101.626907,38.782612,25.2237968,"0-65"
"3958","Wallace",-156.5,"South Flats",1976-06-15,384651101374201,199,0,c(-101.626907, 38.782612),"1976","215-144",-101.626907,38.782612,25.2237968,"0-65"
"3959","Wallace",-157.89,"South Flats",1976-09-21,384651101374201,199,0,c(-101.626907, 38.782612),"1976","215-144",-101.626907,38.782612,25.2237968,"0-65"
"3960","Wallace",-149,"South Flats",1976-01-20,384644101420801,199,0,c(-101.703915, 38.775045),"1976","215-144",-101.703915,38.775045,39.2615814,"0-65"
"3961","Wallace",-168.88,NA,1976-01-19,384657101535501,199,0,c(-101.898752, 38.780772),"1976","215-144",-101.898752,38.780772,41.6949005,"0-65"
"3962","Logan",-11.5,"W of Russell Springs",1976-01-07,385421101210001,109,0,c(-101.350039, 38.90728),"1976","71-0",-101.350039,38.90728,NA,NA
"3963","Sherman",-129.47,"Kanorado NE",1976-01-15,392618102022101,181,0,c(-102.041761, 39.437566),"1976","143-72",-102.041761,39.437566,103.9714355,"66-131"
"3964","Sherman",-144.81,"Goodland NE",1976-01-16,392613101372701,181,0,c(-101.623847, 39.437579),"1976","215-144",-101.623847,39.437579,173.0583496,"132-197"
"3965","Sherman",-143.54,NA,1976-02-09,391835101593901,181,0,c(-101.994339, 39.310119),"1976","143-72",-101.994339,39.310119,70.7679138,"66-131"
"3966","Sherman",-154.4,"Ruleton",1976-02-09,391737101551301,181,0,c(-101.921456, 39.29405),"1976","215-144",-101.921456,39.29405,70.6843719,"66-131"
"3967","Sherman",-107.15,"Ruleton SE",1976-01-15,392000101511701,181,0,c(-101.855154, 39.334279),"1976","143-72",-101.855154,39.334279,123.6246338,"66-131"
"3968","Wallace",-175.5,"M Ladder Creek West",1976-01-19,384310101521901,199,0,c(-101.872652, 38.717229),"1976","215-144",-101.872652,38.717229,53.0805244,"0-65"
"3969","Wallace",-135.5,"SHARON SPRINGS 4 NE",1976-01-20,384400101332601,199,0,c(-101.556581, 38.73332),"1976","143-72",-101.556581,38.73332,18.8517036,"0-65"
"3970","Wallace",-134.3,NA,1976-01-20,384315101325301,199,0,c(-101.547426, 38.720579),"1976","143-72",-101.547426,38.720579,25.9056892,"0-65"
"3971","Wallace",-134.97,NA,1976-03-16,384315101325301,199,0,c(-101.547426, 38.720579),"1976","143-72",-101.547426,38.720579,25.9056892,"0-65"
"3972","Wallace",-139.45,NA,1976-06-15,384315101325301,199,0,c(-101.547426, 38.720579),"1976","143-72",-101.547426,38.720579,25.9056892,"0-65"
"3973","Wallace",-141.77,NA,1976-09-21,384315101325301,199,0,c(-101.547426, 38.720579),"1976","143-72",-101.547426,38.720579,25.9056892,"0-65"
"3974","Wallace",-120.05,NA,1976-01-19,384316101441601,199,0,c(-101.737997, 38.71922),"1976","143-72",-101.737997,38.71922,58.4253082,"0-65"
"3975","Wallace",-120.14,NA,1976-03-16,384316101441601,199,0,c(-101.737997, 38.71922),"1976","143-72",-101.737997,38.71922,58.4253082,"0-65"
"3976","Wallace",-120.89,NA,1976-06-15,384316101441601,199,0,c(-101.737997, 38.71922),"1976","143-72",-101.737997,38.71922,58.4253082,"0-65"
"3977","Wallace",-90.6,NA,1976-01-20,384807101342901,199,0,c(-101.574038, 38.801906),"1976","143-72",-101.574038,38.801906,29.8571281,"0-65"
"3978","Wallace",-138.8,NA,1976-01-19,384526101425901,199,0,c(-101.716497, 38.755673),"1976","143-72",-101.716497,38.755673,51.6749306,"0-65"
"3979","Wallace",-185.6,"Weskan",1976-01-19,384711101574701,199,0,c(-101.964657, 38.784941),"1976","215-144",-101.964657,38.784941,31.3496437,"0-65"
"3980","Wallace",-237,NA,1976-01-19,384206101562901,199,0,c(-101.941298, 38.69819),"1976","287-216",-101.941298,38.69819,35.0255318,"0-65"
"3981","Wallace",-101.4,"West Bethany Church",1976-01-20,384441101310301,199,0,c(-101.517227, 38.743646),"1976","143-72",-101.517227,38.743646,28.3597641,"0-65"
"3982","Wallace",-156.88,NA,1976-01-19,384854101470601,199,0,c(-101.784996, 38.813426),"1976","215-144",-101.784996,38.813426,44.7609558,"0-65"
"3983","Wichita",-117.7,"RUSSELL SPRINGS 3 NE",1976-01-20,384008101215301,203,0,c(-101.366711, 38.667679),"1976","143-72",-101.366711,38.667679,22.4634743,"0-65"
"3984","Wichita",-121.57,"RUSSELL SPRINGS 3 NE",1976-03-16,384008101215301,203,0,c(-101.366711, 38.667679),"1976","143-72",-101.366711,38.667679,22.4634743,"0-65"
"3985","Wichita",-121.9,"RUSSELL SPRINGS 3 NE",1976-06-15,384008101215301,203,0,c(-101.366711, 38.667679),"1976","143-72",-101.366711,38.667679,22.4634743,"0-65"
"3986","Sherman",-90.6,"Horsethief Draw NW",1976-01-15,391032101574801,181,0,c(-101.964256, 39.176582),"1976","143-72",-101.964256,39.176582,77.5918655,"66-131"
"3987","Sherman",-187.81,"McAllaster NW",1976-01-07,391037101250601,181,0,c(-101.418241, 39.178425),"1976","215-144",-101.418241,39.178425,10,"0-65"
"3988","Sherman",-118.58,"Ruleton NE",1976-01-14,392429101454201,181,0,c(-101.762352, 39.408018),"1976","143-72",-101.762352,39.408018,140.4744568,"132-197"
"3989","Sherman",-159.9,NA,1976-01-15,392058102025601,181,0,c(-102.044955, 39.349943),"1976","215-144",-102.044955,39.349943,75.9276276,"66-131"
"3990","Sherman",-124.23,"Ruleton SE",1976-01-16,392113101484901,181,0,c(-101.812453, 39.353499),"1976","143-72",-101.812453,39.353499,119.9583664,"66-131"
"3991","Sherman",-156.15,"Goodland",1976-01-14,392107101400701,181,0,c(-101.669849, 39.35137),"1976","215-144",-101.669849,39.35137,101.3379364,"66-131"
"3992","Sherman",-152.56,"Goodland",1976-03-18,392107101400701,181,0,c(-101.669849, 39.35137),"1976","215-144",-101.669849,39.35137,101.3379364,"66-131"
"3993","Sherman",-157.8,"Goodland",1976-06-09,392107101400701,181,0,c(-101.669849, 39.35137),"1976","215-144",-101.669849,39.35137,101.3379364,"66-131"
"3994","Sherman",-175.75,NA,1976-01-14,392100101433701,181,0,c(-101.727013, 39.350266),"1976","215-144",-101.727013,39.350266,91.2395554,"66-131"
"3995","Sherman",-126.55,NA,1976-01-15,391401101545001,181,0,c(-101.91377, 39.233842),"1976","143-72",-101.91377,39.233842,105.0357132,"66-131"
"3996","Sherman",-133.01,NA,1976-01-15,391310101501301,181,0,c(-101.837123, 39.219317),"1976","143-72",-101.837123,39.219317,63.217659,"0-65"
"3997","Sherman",-138.48,NA,1976-03-17,391310101501301,181,0,c(-101.837123, 39.219317),"1976","143-72",-101.837123,39.219317,63.217659,"0-65"
"3998","Sherman",-137.57,NA,1976-06-08,391310101501301,181,0,c(-101.837123, 39.219317),"1976","143-72",-101.837123,39.219317,63.217659,"0-65"
"3999","Sherman",-177.2,"Goodland",1976-01-14,392001101434601,181,0,c(-101.72915, 39.3349),"1976","215-144",-101.72915,39.3349,91.5903931,"66-131"
"4000","Sherman",-172.32,"Goodland",1976-03-17,392001101434601,181,0,c(-101.72915, 39.3349),"1976","215-144",-101.72915,39.3349,91.5903931,"66-131"
"4001","Sherman",-179.09,"Goodland",1976-06-08,392001101434601,181,0,c(-101.72915, 39.3349),"1976","215-144",-101.72915,39.3349,91.5903931,"66-131"
"4002","Sherman",-181,"Goodland",1976-09-15,392001101434601,181,0,c(-101.72915, 39.3349),"1976","215-144",-101.72915,39.3349,91.5903931,"66-131"
"4003","Sherman",-180.9,"Goodland",1976-12-16,392001101434601,181,0,c(-101.72915, 39.3349),"1976","215-144",-101.72915,39.3349,91.5903931,"66-131"
"4004","Wallace",-135.85,NA,1976-01-19,384617101485701,199,0,c(-101.815376, 38.76971),"1976","143-72",-101.815376,38.76971,74.537056,"66-131"
"4005","Wallace",-184.55,NA,1976-01-19,384618101515901,199,0,c(-101.86648, 38.76971),"1976","215-144",-101.86648,38.76971,57.2389221,"0-65"
"4006","Wallace",-189.49,NA,1976-06-15,384618101515901,199,0,c(-101.86648, 38.76971),"1976","215-144",-101.86648,38.76971,57.2389221,"0-65"
"4007","Wallace",-192.57,NA,1976-09-21,384618101515901,199,0,c(-101.86648, 38.76971),"1976","215-144",-101.86648,38.76971,57.2389221,"0-65"
"4008","Wallace",-160.74,NA,1976-01-19,384507101591201,199,0,c(-101.98689, 38.749842),"1976","215-144",-101.98689,38.749842,46.8118744,"0-65"
"4009","Greeley",-153.35,NA,1976-01-20,383915101522901,71,0,c(-101.875331, 38.651731),"1976","215-144",-101.875331,38.651731,26.4447327,"0-65"
"4010","Greeley",-161.74,NA,1976-09-21,383915101522901,71,0,c(-101.875331, 38.651731),"1976","215-144",-101.875331,38.651731,26.4447327,"0-65"
"4011","Greeley",-103.19,NA,1976-01-20,384159101420801,71,0,c(-101.70228, 38.698572),"1976","143-72",-101.70228,38.698572,38.8760185,"0-65"
"4012","Wichita",-123.33,NA,1976-01-19,383954101311001,203,0,c(-101.521729, 38.663436),"1976","143-72",-101.521729,38.663436,46.3287964,"0-65"
"4013","Wallace",-163.05,NA,1976-01-19,385222101565301,199,0,c(-101.948742, 38.8713),"1976","215-144",-101.948742,38.8713,10,"0-65"
"4014","Sherman",-16.4,"Horsethief Draw NW",1976-01-15,391052101531101,181,0,c(-101.885454, 39.180672),"1976","71-0",-101.885454,39.180672,58.8708191,"0-65"
"4015","Sherman",-133.8,NA,1976-01-14,392442101432701,181,0,c(-101.724388, 39.411955),"1976","143-72",-101.724388,39.411955,163.0353699,"132-197"
"4016","Sherman",-150.33,NA,1976-01-15,391639101421401,181,0,c(-101.70417, 39.277864),"1976","215-144",-101.70417,39.277864,89.9966354,"66-131"
"4017","Sherman",-140.64,NA,1976-01-15,391652101485101,181,0,c(-101.81367, 39.281144),"1976","143-72",-101.81367,39.281144,77.4309006,"66-131"
"4018","Sherman",-178.05,NA,1976-01-14,392107101413901,181,0,c(-101.694358, 39.352127),"1976","215-144",-101.694358,39.352127,94.4732513,"66-131"
"4019","Sherman",-141.25,NA,1976-01-14,391950101335901,181,0,c(-101.567081, 39.330659),"1976","143-72",-101.567081,39.330659,98.5267944,"66-131"
"4020","Sherman",-118.28,NA,1976-01-15,391953102015101,181,0,c(-102.031526, 39.331893),"1976","143-72",-102.031526,39.331893,75.1049652,"66-131"
"4021","Scott",-156,"PENCE",1976-11-01,384001101020501,171,0,c(-101.036245, 38.666447),"1976","215-144",-101.036245,38.666447,16.7746811,"0-65"
"4022","Logan",-99.46,"Oakley SW",1976-01-07,390521100542901,109,0,c(-100.909327, 39.089688),"1976","143-72",-100.909327,39.089688,77.8406143,"66-131"
"4023","Logan",-99.5,"Oakley SW",1976-03-18,390521100542901,109,0,c(-100.909327, 39.089688),"1976","143-72",-100.909327,39.089688,77.8406143,"66-131"
"4024","Logan",-100.14,"Oakley SW",1976-06-09,390521100542901,109,0,c(-100.909327, 39.089688),"1976","143-72",-100.909327,39.089688,77.8406143,"66-131"
"4025","Logan",-103.43,"Oakley SW",1976-09-15,390521100542901,109,0,c(-100.909327, 39.089688),"1976","143-72",-100.909327,39.089688,77.8406143,"66-131"
"4026","Logan",-68.92,NA,1976-02-04,385917100511401,109,0,c(-100.854428, 38.988276),"1976","71-0",-100.854428,38.988276,17.824316,"0-65"
"4027","Sheridan",-140.33,"Rexford NE",1976-01-12,392519100354201,179,0,c(-100.595122, 39.422675),"1976","143-72",-100.595122,39.422675,94.9870148,"66-131"
"4028","Thomas",-110.02,"Colby",1976-01-13,392520101031901,193,0,c(-101.055333, 39.423083),"1976","143-72",-101.055333,39.423083,116.2258453,"66-131"
"4029","Thomas",-108.67,NA,1976-01-09,391940100521901,193,0,c(-100.873704, 39.328023),"1976","143-72",-100.873704,39.328023,38.314682,"0-65"
"4030","Thomas",-108.62,NA,1976-03-17,391940100521901,193,0,c(-100.873704, 39.328023),"1976","143-72",-100.873704,39.328023,38.314682,"0-65"
"4031","Thomas",-109.49,NA,1976-06-08,391940100521901,193,0,c(-100.873704, 39.328023),"1976","143-72",-100.873704,39.328023,38.314682,"0-65"
"4032","Thomas",-110.44,NA,1976-09-14,391940100521901,193,0,c(-100.873704, 39.328023),"1976","143-72",-100.873704,39.328023,38.314682,"0-65"
"4033","Scott",-12.05,NA,1976-01-20,383856100543701,171,0,c(-100.911193, 38.647996),"1976","71-0",-100.911193,38.647996,15.9484386,"0-65"
"4034","Scott",-155.45,NA,1976-01-19,383903101040001,171,0,c(-101.06763, 38.649598),"1976","215-144",-101.06763,38.649598,16.6985512,"0-65"
"4035","Thomas",-85.22,"Oakley North",1976-01-09,390940100480901,193,0,c(-100.800525, 39.162107),"1976","143-72",-100.800525,39.162107,99.1018677,"66-131"
"4036","Logan",-109.09,NA,1976-01-19,390737100522201,109,0,c(-100.873702, 39.127129),"1976","143-72",-100.873702,39.127129,86.5225449,"66-131"
"4037","Logan",-111.94,NA,1976-03-18,390737100522201,109,0,c(-100.873702, 39.127129),"1976","143-72",-100.873702,39.127129,86.5225449,"66-131"
"4038","Logan",-107.24,NA,1976-06-09,390737100522201,109,0,c(-100.873702, 39.127129),"1976","143-72",-100.873702,39.127129,86.5225449,"66-131"
"4039","Logan",-113.33,NA,1976-09-15,390737100522201,109,0,c(-100.873702, 39.127129),"1976","143-72",-100.873702,39.127129,86.5225449,"66-131"
"4040","Sheridan",-145.65,"Hoxie NW",1976-01-12,392610100270101,179,0,c(-100.449119, 39.437204),"1976","215-144",-100.449119,39.437204,63.4524498,"0-65"
"4041","Sheridan",-138.36,NA,1976-01-12,392611100333501,179,0,c(-100.561258, 39.436512),"1976","143-72",-100.561258,39.436512,71.1842194,"66-131"
"4042","Thomas",-163.7,"Colby SE",1976-01-12,392027101051901,193,0,c(-101.087933, 39.339884),"1976","215-144",-101.087933,39.339884,30.8371925,"0-65"
"4043","Thomas",-168.34,NA,1976-02-12,391323101030001,193,0,c(-101.049993, 39.222754),"1976","215-144",-101.049993,39.222754,86.2717667,"66-131"
"4044","Thomas",-110.58,NA,1976-01-13,392539101002301,193,0,c(-101.007024, 39.427845),"1976","143-72",-101.007024,39.427845,111.0899048,"66-131"
"4045","Thomas",-133.25,NA,1976-01-13,392250100581901,193,0,c(-100.971928, 39.380711),"1976","143-72",-100.971928,39.380711,113.4723816,"66-131"
"4046","Thomas",-177.19,"Winona NE",1976-01-12,391200101041601,193,0,c(-101.071571, 39.198399),"1976","215-144",-101.071571,39.198399,72.9208755,"66-131"
"4047","Lane",-115.87,"Cheyenne Creek",1976-01-20,383836100350501,101,0,c(-100.586201, 38.643682),"1976","143-72",-100.586201,38.643682,15.019063,"0-65"
"4048","Scott",-151.89,NA,1976-01-19,383850101055501,171,0,c(-101.099842, 38.646104),"1976","215-144",-101.099842,38.646104,12.86903,"0-65"
"4049","Thomas",-88.63,"Spica",1976-02-12,390901100545201,193,0,c(-100.916728, 39.151137),"1976","143-72",-100.916728,39.151137,92.1471558,"66-131"
"4050","Sheridan",-64.77,NA,1976-01-08,391052100410801,179,0,c(-100.685481, 39.181312),"1976","71-0",-100.685481,39.181312,78.9279938,"66-131"
"4051","Thomas",-112.5,NA,1976-01-13,392433100453001,193,0,c(-100.756835, 39.410146),"1976","143-72",-100.756835,39.410146,122.9211197,"66-131"
"4052","Thomas",-112.8,NA,1976-03-17,392433100453001,193,0,c(-100.756835, 39.410146),"1976","143-72",-100.756835,39.410146,122.9211197,"66-131"
"4053","Thomas",-112.56,NA,1976-06-07,392433100453001,193,0,c(-100.756835, 39.410146),"1976","143-72",-100.756835,39.410146,122.9211197,"66-131"
"4054","Thomas",-153.32,NA,1976-09-13,392433100453001,193,0,c(-100.756835, 39.410146),"1976","215-144",-100.756835,39.410146,122.9211197,"66-131"
"4055","Thomas",-103.36,"Gem",1976-01-13,392243100560301,193,0,c(-100.93653, 39.379624),"1976","143-72",-100.93653,39.379624,126.4211578,"66-131"
"4056","Sheridan",-23.02,"Hoxie",1976-01-08,391801100273801,179,0,c(-100.460018, 39.300885),"1976","71-0",-100.460018,39.300885,49.7594147,"0-65"
"4057","Thomas",-187.95,NA,1976-01-12,391428101025101,193,0,c(-101.047658, 39.240957),"1976","215-144",-101.047658,39.240957,76.9634857,"66-131"
"4058","Wichita",-85.24,NA,1976-01-20,384114101080001,203,0,c(-101.134038, 38.686203),"1976","143-72",-101.134038,38.686203,6.9551773,"0-65"
"4059","Scott",-143.43,NA,1976-01-20,383902100494501,171,0,c(-100.830976, 38.65059),"1976","143-72",-100.830976,38.65059,7.8867807,"0-65"
"4060","Sheridan",-10.89,NA,1976-01-08,390946100351602,179,0,c(-100.590142, 39.163047),"1976","71-0",-100.590142,39.163047,54.7201881,"0-65"
"4061","Sheridan",-160.16,"REXFORD NE",1976-03-30,392433100325401,179,0,c(-100.551019, 39.4085),"1976","215-144",-100.551019,39.4085,61.3703766,"0-65"
"4062","Sheridan",-159.39,"REXFORD NE",1976-06-07,392433100325401,179,0,c(-100.551019, 39.4085),"1976","215-144",-100.551019,39.4085,61.3703766,"0-65"
"4063","Sheridan",-170.78,"REXFORD NE",1976-09-13,392433100325401,179,0,c(-100.551019, 39.4085),"1976","215-144",-100.551019,39.4085,61.3703766,"0-65"
"4064","Thomas",-141.4,"Mingo",1976-01-27,391908100595301,193,0,c(-100.999431, 39.318075),"1976","143-72",-100.999431,39.318075,37.0323868,"0-65"
"4065","Thomas",-157.84,"Mingo",1976-03-17,391908100595301,193,0,c(-100.999431, 39.318075),"1976","215-144",-100.999431,39.318075,37.0323868,"0-65"
"4066","Thomas",-140.1,"Mingo",1976-06-07,391908100595301,193,0,c(-100.999431, 39.318075),"1976","143-72",-100.999431,39.318075,37.0323868,"0-65"
"4067","Thomas",-128.28,NA,1976-01-12,391730101031501,193,0,c(-101.054372, 39.291677),"1976","143-72",-101.054372,39.291677,40.0472717,"0-65"
"4068","Thomas",-112.37,"Halford",1976-01-09,392013100483101,193,0,c(-100.804927, 39.337725),"1976","143-72",-100.804927,39.337725,72.6672821,"66-131"
"4069","Thomas",-108.93,"Oakley North",1976-01-27,391217100514101,193,0,c(-100.86255, 39.20563),"1976","143-72",-100.86255,39.20563,37.7536163,"0-65"
"4070","Thomas",-107.73,"Colby",1976-01-13,392448101044301,193,0,c(-101.080134, 39.412613),"1976","143-72",-101.080134,39.412613,106.0085068,"66-131"
"4071","Sheridan",-125.7,NA,1976-01-08,392000100424001,179,0,c(-100.710324, 39.332725),"1976","143-72",-100.710324,39.332725,68.8952332,"66-131"
"4072","Sheridan",-95.82,"Midway Draw West",1976-01-08,391229100275701,179,0,c(-100.464215, 39.208289),"1976","143-72",-100.464215,39.208289,43.5054626,"0-65"
"4073","Gove",-114.2,"Sunny Slope Lake",1976-01-08,390723100320801,63,0,c(-100.535118, 39.123688),"1976","143-72",-100.535118,39.123688,62.4319305,"0-65"
"4074","Gove",-124.41,"Sunny Slope Lake",1976-06-09,390723100320801,63,0,c(-100.535118, 39.123688),"1976","143-72",-100.535118,39.123688,62.4319305,"0-65"
"4075","Gove",-128.28,"Sunny Slope Lake",1976-09-15,390723100320801,63,0,c(-100.535118, 39.123688),"1976","143-72",-100.535118,39.123688,62.4319305,"0-65"
"4076","Thomas",-102.91,"Winona NE",1976-01-12,391001101031001,193,0,c(-101.053231, 39.165807),"1976","143-72",-101.053231,39.165807,52.106842,"0-65"
"4077","Thomas",-141.71,NA,1976-01-12,391107101053201,193,0,c(-101.09229, 39.184958),"1976","143-72",-101.09229,39.184958,59.8828545,"0-65"
"4078","Thomas",-67.03,NA,1976-01-27,391717100535101,193,0,c(-100.899721, 39.288167),"1976","71-0",-100.899721,39.288167,52.5936127,"0-65"
"4079","Sheridan",-132.81,NA,1976-01-08,391353100290301,179,0,c(-100.483557, 39.231741),"1976","143-72",-100.483557,39.231741,52.3971634,"0-65"
"4080","Thomas",-86.56,NA,1976-01-09,391730100464001,193,0,c(-100.775939, 39.291724),"1976","143-72",-100.775939,39.291724,71.2888947,"66-131"
"4081","Sheridan",-57.97,NA,1976-01-08,391558100403501,179,0,c(-100.676067, 39.26615),"1976","71-0",-100.676067,39.26615,51.4473076,"0-65"
"4082","Sheridan",-123.74,"Seguin",1976-01-08,392124100364001,179,0,c(-100.608622, 39.356725),"1976","143-72",-100.608622,39.356725,78.6424866,"66-131"
"4083","Sheridan",-134.48,"Seguin",1976-03-16,392124100364001,179,0,c(-100.608622, 39.356725),"1976","143-72",-100.608622,39.356725,78.6424866,"66-131"
"4084","Sheridan",-131.1,"Seguin",1976-06-07,392124100364001,179,0,c(-100.608622, 39.356725),"1976","143-72",-100.608622,39.356725,78.6424866,"66-131"
"4085","Sheridan",-136.64,"Seguin",1976-09-13,392124100364001,179,0,c(-100.608622, 39.356725),"1976","143-72",-100.608622,39.356725,78.6424866,"66-131"
"4086","Thomas",-136.89,"Levant",1976-01-14,392303101095401,193,0,c(-101.165036, 39.386103),"1976","143-72",-101.165036,39.386103,74.4246521,"66-131"
"4087","Thomas",-110.95,NA,1976-01-27,391243100540101,193,0,c(-100.901536, 39.212027),"1976","143-72",-100.901536,39.212027,61.5076675,"0-65"
"4088","Thomas",-120.24,"Colby",1976-01-05,392331101040501,193,0,c(-101.06802, 39.392076),"1976","143-72",-101.06802,39.392076,103.2786713,"66-131"
"4089","Thomas",-120.3,"Colby",1976-01-10,392331101040501,193,0,c(-101.06802, 39.392076),"1976","143-72",-101.06802,39.392076,103.2786713,"66-131"
"4090","Thomas",-120.2,"Colby",1976-01-15,392331101040501,193,0,c(-101.06802, 39.392076),"1976","143-72",-101.06802,39.392076,103.2786713,"66-131"
"4091","Thomas",-120.18,"Colby",1976-01-20,392331101040501,193,0,c(-101.06802, 39.392076),"1976","143-72",-101.06802,39.392076,103.2786713,"66-131"
"4092","Thomas",-120.2,"Colby",1976-01-25,392331101040501,193,0,c(-101.06802, 39.392076),"1976","143-72",-101.06802,39.392076,103.2786713,"66-131"
"4093","Thomas",-120.07,"Colby",1976-01-31,392331101040501,193,0,c(-101.06802, 39.392076),"1976","143-72",-101.06802,39.392076,103.2786713,"66-131"
"4094","Thomas",-120.03,"Colby",1976-02-05,392331101040501,193,0,c(-101.06802, 39.392076),"1976","143-72",-101.06802,39.392076,103.2786713,"66-131"
"4095","Thomas",-120.1,"Colby",1976-02-10,392331101040501,193,0,c(-101.06802, 39.392076),"1976","143-72",-101.06802,39.392076,103.2786713,"66-131"
"4096","Thomas",-120.09,"Colby",1976-02-15,392331101040501,193,0,c(-101.06802, 39.392076),"1976","143-72",-101.06802,39.392076,103.2786713,"66-131"
"4097","Thomas",-120.13,"Colby",1976-02-20,392331101040501,193,0,c(-101.06802, 39.392076),"1976","143-72",-101.06802,39.392076,103.2786713,"66-131"
"4098","Thomas",-120.18,"Colby",1976-02-25,392331101040501,193,0,c(-101.06802, 39.392076),"1976","143-72",-101.06802,39.392076,103.2786713,"66-131"
"4099","Thomas",-120.1,"Colby",1976-02-29,392331101040501,193,0,c(-101.06802, 39.392076),"1976","143-72",-101.06802,39.392076,103.2786713,"66-131"
"4100","Thomas",-120.13,"Colby",1976-03-05,392331101040501,193,0,c(-101.06802, 39.392076),"1976","143-72",-101.06802,39.392076,103.2786713,"66-131"
"4101","Thomas",-120.07,"Colby",1976-03-10,392331101040501,193,0,c(-101.06802, 39.392076),"1976","143-72",-101.06802,39.392076,103.2786713,"66-131"
"4102","Thomas",-120.07,"Colby",1976-03-15,392331101040501,193,0,c(-101.06802, 39.392076),"1976","143-72",-101.06802,39.392076,103.2786713,"66-131"
"4103","Thomas",-120.35,"Colby",1976-03-20,392331101040501,193,0,c(-101.06802, 39.392076),"1976","143-72",-101.06802,39.392076,103.2786713,"66-131"
"4104","Thomas",-119.75,"Colby",1976-03-25,392331101040501,193,0,c(-101.06802, 39.392076),"1976","143-72",-101.06802,39.392076,103.2786713,"66-131"
"4105","Thomas",-119.93,"Colby",1976-03-31,392331101040501,193,0,c(-101.06802, 39.392076),"1976","143-72",-101.06802,39.392076,103.2786713,"66-131"
"4106","Thomas",-119.87,"Colby",1976-04-05,392331101040501,193,0,c(-101.06802, 39.392076),"1976","143-72",-101.06802,39.392076,103.2786713,"66-131"
"4107","Thomas",-119.88,"Colby",1976-04-10,392331101040501,193,0,c(-101.06802, 39.392076),"1976","143-72",-101.06802,39.392076,103.2786713,"66-131"
"4108","Thomas",-119.83,"Colby",1976-04-15,392331101040501,193,0,c(-101.06802, 39.392076),"1976","143-72",-101.06802,39.392076,103.2786713,"66-131"
"4109","Thomas",-119.77,"Colby",1976-04-20,392331101040501,193,0,c(-101.06802, 39.392076),"1976","143-72",-101.06802,39.392076,103.2786713,"66-131"
"4110","Thomas",-119.82,"Colby",1976-04-25,392331101040501,193,0,c(-101.06802, 39.392076),"1976","143-72",-101.06802,39.392076,103.2786713,"66-131"
"4111","Thomas",-119.75,"Colby",1976-04-30,392331101040501,193,0,c(-101.06802, 39.392076),"1976","143-72",-101.06802,39.392076,103.2786713,"66-131"
"4112","Thomas",-119.7,"Colby",1976-05-05,392331101040501,193,0,c(-101.06802, 39.392076),"1976","143-72",-101.06802,39.392076,103.2786713,"66-131"
"4113","Thomas",-119.68,"Colby",1976-05-10,392331101040501,193,0,c(-101.06802, 39.392076),"1976","143-72",-101.06802,39.392076,103.2786713,"66-131"
"4114","Thomas",-119.75,"Colby",1976-05-15,392331101040501,193,0,c(-101.06802, 39.392076),"1976","143-72",-101.06802,39.392076,103.2786713,"66-131"
"4115","Thomas",-119.75,"Colby",1976-05-20,392331101040501,193,0,c(-101.06802, 39.392076),"1976","143-72",-101.06802,39.392076,103.2786713,"66-131"
"4116","Thomas",-119.72,"Colby",1976-05-25,392331101040501,193,0,c(-101.06802, 39.392076),"1976","143-72",-101.06802,39.392076,103.2786713,"66-131"
"4117","Thomas",-119.7,"Colby",1976-05-31,392331101040501,193,0,c(-101.06802, 39.392076),"1976","143-72",-101.06802,39.392076,103.2786713,"66-131"
"4118","Thomas",-119.8,"Colby",1976-06-05,392331101040501,193,0,c(-101.06802, 39.392076),"1976","143-72",-101.06802,39.392076,103.2786713,"66-131"
"4119","Thomas",-119.8,"Colby",1976-06-10,392331101040501,193,0,c(-101.06802, 39.392076),"1976","143-72",-101.06802,39.392076,103.2786713,"66-131"
"4120","Thomas",-119.78,"Colby",1976-06-15,392331101040501,193,0,c(-101.06802, 39.392076),"1976","143-72",-101.06802,39.392076,103.2786713,"66-131"
"4121","Thomas",-119.98,"Colby",1976-06-20,392331101040501,193,0,c(-101.06802, 39.392076),"1976","143-72",-101.06802,39.392076,103.2786713,"66-131"
"4122","Thomas",-120.45,"Colby",1976-06-25,392331101040501,193,0,c(-101.06802, 39.392076),"1976","143-72",-101.06802,39.392076,103.2786713,"66-131"
"4123","Thomas",-120.85,"Colby",1976-06-30,392331101040501,193,0,c(-101.06802, 39.392076),"1976","143-72",-101.06802,39.392076,103.2786713,"66-131"
"4124","Thomas",-121.08,"Colby",1976-07-05,392331101040501,193,0,c(-101.06802, 39.392076),"1976","143-72",-101.06802,39.392076,103.2786713,"66-131"
"4125","Thomas",-121.32,"Colby",1976-07-10,392331101040501,193,0,c(-101.06802, 39.392076),"1976","143-72",-101.06802,39.392076,103.2786713,"66-131"
"4126","Thomas",-121.67,"Colby",1976-07-15,392331101040501,193,0,c(-101.06802, 39.392076),"1976","143-72",-101.06802,39.392076,103.2786713,"66-131"
"4127","Thomas",-121.78,"Colby",1976-07-20,392331101040501,193,0,c(-101.06802, 39.392076),"1976","143-72",-101.06802,39.392076,103.2786713,"66-131"
"4128","Thomas",-122.06,"Colby",1976-07-25,392331101040501,193,0,c(-101.06802, 39.392076),"1976","143-72",-101.06802,39.392076,103.2786713,"66-131"
"4129","Thomas",-122.27,"Colby",1976-07-31,392331101040501,193,0,c(-101.06802, 39.392076),"1976","143-72",-101.06802,39.392076,103.2786713,"66-131"
"4130","Thomas",-122.44,"Colby",1976-08-05,392331101040501,193,0,c(-101.06802, 39.392076),"1976","143-72",-101.06802,39.392076,103.2786713,"66-131"
"4131","Thomas",-122.75,"Colby",1976-08-10,392331101040501,193,0,c(-101.06802, 39.392076),"1976","143-72",-101.06802,39.392076,103.2786713,"66-131"
"4132","Thomas",-122.91,"Colby",1976-08-15,392331101040501,193,0,c(-101.06802, 39.392076),"1976","143-72",-101.06802,39.392076,103.2786713,"66-131"
"4133","Thomas",-123.08,"Colby",1976-08-20,392331101040501,193,0,c(-101.06802, 39.392076),"1976","143-72",-101.06802,39.392076,103.2786713,"66-131"
"4134","Thomas",-122.73,"Colby",1976-08-25,392331101040501,193,0,c(-101.06802, 39.392076),"1976","143-72",-101.06802,39.392076,103.2786713,"66-131"
"4135","Thomas",-123.45,"Colby",1976-08-31,392331101040501,193,0,c(-101.06802, 39.392076),"1976","143-72",-101.06802,39.392076,103.2786713,"66-131"
"4136","Thomas",-123.48,"Colby",1976-09-05,392331101040501,193,0,c(-101.06802, 39.392076),"1976","143-72",-101.06802,39.392076,103.2786713,"66-131"
"4137","Thomas",-123.57,"Colby",1976-09-10,392331101040501,193,0,c(-101.06802, 39.392076),"1976","143-72",-101.06802,39.392076,103.2786713,"66-131"
"4138","Thomas",-123.18,"Colby",1976-09-15,392331101040501,193,0,c(-101.06802, 39.392076),"1976","143-72",-101.06802,39.392076,103.2786713,"66-131"
"4139","Thomas",-122.66,"Colby",1976-09-20,392331101040501,193,0,c(-101.06802, 39.392076),"1976","143-72",-101.06802,39.392076,103.2786713,"66-131"
"4140","Thomas",-122.5,"Colby",1976-09-25,392331101040501,193,0,c(-101.06802, 39.392076),"1976","143-72",-101.06802,39.392076,103.2786713,"66-131"
"4141","Thomas",-122.4,"Colby",1976-09-30,392331101040501,193,0,c(-101.06802, 39.392076),"1976","143-72",-101.06802,39.392076,103.2786713,"66-131"
"4142","Thomas",-122.3,"Colby",1976-10-05,392331101040501,193,0,c(-101.06802, 39.392076),"1976","143-72",-101.06802,39.392076,103.2786713,"66-131"
"4143","Thomas",-122.2,"Colby",1976-10-10,392331101040501,193,0,c(-101.06802, 39.392076),"1976","143-72",-101.06802,39.392076,103.2786713,"66-131"
"4144","Thomas",-122.1,"Colby",1976-10-15,392331101040501,193,0,c(-101.06802, 39.392076),"1976","143-72",-101.06802,39.392076,103.2786713,"66-131"
"4145","Thomas",-121.84,"Colby",1976-10-20,392331101040501,193,0,c(-101.06802, 39.392076),"1976","143-72",-101.06802,39.392076,103.2786713,"66-131"
"4146","Thomas",-122.18,"Colby",1976-10-25,392331101040501,193,0,c(-101.06802, 39.392076),"1976","143-72",-101.06802,39.392076,103.2786713,"66-131"
"4147","Thomas",-122,"Colby",1976-10-31,392331101040501,193,0,c(-101.06802, 39.392076),"1976","143-72",-101.06802,39.392076,103.2786713,"66-131"
"4148","Thomas",-121.8,"Colby",1976-11-05,392331101040501,193,0,c(-101.06802, 39.392076),"1976","143-72",-101.06802,39.392076,103.2786713,"66-131"
"4149","Thomas",-121.7,"Colby",1976-11-10,392331101040501,193,0,c(-101.06802, 39.392076),"1976","143-72",-101.06802,39.392076,103.2786713,"66-131"
"4150","Thomas",-121.65,"Colby",1976-11-15,392331101040501,193,0,c(-101.06802, 39.392076),"1976","143-72",-101.06802,39.392076,103.2786713,"66-131"
"4151","Thomas",-121.44,"Colby",1976-11-20,392331101040501,193,0,c(-101.06802, 39.392076),"1976","143-72",-101.06802,39.392076,103.2786713,"66-131"
"4152","Thomas",-123.34,"Colby",1976-11-25,392331101040501,193,0,c(-101.06802, 39.392076),"1976","143-72",-101.06802,39.392076,103.2786713,"66-131"
"4153","Thomas",-122.91,"Colby",1976-11-30,392331101040501,193,0,c(-101.06802, 39.392076),"1976","143-72",-101.06802,39.392076,103.2786713,"66-131"
"4154","Thomas",-122.51,"Colby",1976-12-05,392331101040501,193,0,c(-101.06802, 39.392076),"1976","143-72",-101.06802,39.392076,103.2786713,"66-131"
"4155","Thomas",-122.52,"Colby",1976-12-10,392331101040501,193,0,c(-101.06802, 39.392076),"1976","143-72",-101.06802,39.392076,103.2786713,"66-131"
"4156","Thomas",-122.2,"Colby",1976-12-15,392331101040501,193,0,c(-101.06802, 39.392076),"1976","143-72",-101.06802,39.392076,103.2786713,"66-131"
"4157","Thomas",-121.9,"Colby",1976-12-20,392331101040501,193,0,c(-101.06802, 39.392076),"1976","143-72",-101.06802,39.392076,103.2786713,"66-131"
"4158","Thomas",-121.9,"Colby",1976-12-25,392331101040501,193,0,c(-101.06802, 39.392076),"1976","143-72",-101.06802,39.392076,103.2786713,"66-131"
"4159","Thomas",-121.72,"Colby",1976-12-31,392331101040501,193,0,c(-101.06802, 39.392076),"1976","143-72",-101.06802,39.392076,103.2786713,"66-131"
"4160","Scott",-156.38,NA,1976-01-19,383856101005901,171,0,c(-101.016832, 38.648011),"1976","215-144",-101.016832,38.648011,27.1815643,"0-65"
"4161","Scott",-155.17,NA,1976-03-16,383856101005901,171,0,c(-101.016832, 38.648011),"1976","215-144",-101.016832,38.648011,27.1815643,"0-65"
"4162","Scott",-158.37,NA,1976-06-15,383856101005901,171,0,c(-101.016832, 38.648011),"1976","215-144",-101.016832,38.648011,27.1815643,"0-65"
"4163","Scott",-167.91,NA,1976-09-21,383856101005901,171,0,c(-101.016832, 38.648011),"1976","215-144",-101.016832,38.648011,27.1815643,"0-65"
"4164","Scott",-146.73,"Pence",1976-01-19,384028101052301,171,0,c(-101.091731, 38.672566),"1976","215-144",-101.091731,38.672566,8.2447147,"0-65"
"4165","Sheridan",-26.49,NA,1976-01-08,390913100274901,179,0,c(-100.461617, 39.154637),"1976","71-0",-100.461617,39.154637,48.4201126,"0-65"
"4166","Gove",-125.1,"Grinnell South",1976-01-08,390428100380701,63,0,c(-100.63752, 39.075988),"1976","143-72",-100.63752,39.075988,47.3599281,"0-65"
"4167","Gove",-123.6,"Grinnell South",1976-03-18,390428100380701,63,0,c(-100.63752, 39.075988),"1976","143-72",-100.63752,39.075988,47.3599281,"0-65"
"4168","Gove",-122.2,"Grinnell South",1976-06-09,390428100380701,63,0,c(-100.63752, 39.075988),"1976","143-72",-100.63752,39.075988,47.3599281,"0-65"
"4169","Gove",-137.99,"Grinnell South",1976-09-15,390428100380701,63,0,c(-100.63752, 39.075988),"1976","143-72",-100.63752,39.075988,47.3599281,"0-65"
"4170","Sheridan",-127.01,NA,1976-01-07,392235100270201,179,0,c(-100.45011, 39.376546),"1976","143-72",-100.45011,39.376546,78.9651489,"66-131"
"4171","Sheridan",-151,"Menlo",1976-01-08,392210100384601,179,0,c(-100.645578, 39.368548),"1976","215-144",-100.645578,39.368548,59.2853012,"0-65"
"4172","Logan",-48.32,NA,1976-01-07,385441101110101,109,0,c(-101.183906, 38.911678),"1976","71-0",-101.183906,38.911678,NA,NA
"4173","Sheridan",-7.16,NA,1976-01-08,391742100294701,179,0,c(-100.496574, 39.295111),"1976","71-0",-100.496574,39.295111,58.1656036,"0-65"
"4174","Thomas",-129.4,NA,1976-01-13,392712101131301,193,0,c(-101.221674, 39.454302),"1976","143-72",-101.221674,39.454302,114.7953796,"66-131"
"4175","Thomas",-173.17,NA,1976-01-12,391311101034201,193,0,c(-101.061574, 39.219168),"1976","215-144",-101.061574,39.219168,83.9443359,"66-131"
"4176","Wichita",-144.6,"Pence NW",1976-01-20,383929101084101,203,0,c(-101.146133, 38.657036),"1976","215-144",-101.146133,38.657036,15.341958,"0-65"
"4177","Wichita",-149.2,NA,1976-01-20,383837101130601,203,0,c(-101.220035, 38.643606),"1976","215-144",-101.220035,38.643606,32.0724335,"0-65"
"4178","Wichita",-154.52,NA,1976-09-21,383837101130601,203,0,c(-101.220035, 38.643606),"1976","215-144",-101.220035,38.643606,32.0724335,"0-65"
"4179","Thomas",-111,"Halford",1976-01-09,392210100502301,193,0,c(-100.836128, 39.369275),"1976","143-72",-100.836128,39.369275,70.8058243,"66-131"
"4180","Thomas",-110.69,"Spica",1976-01-27,391434100530301,193,0,c(-100.885028, 39.241906),"1976","143-72",-100.885028,39.241906,90.874527,"66-131"
"4181","Sheridan",-94.97,"Seguin",1976-01-08,391637100345901,179,0,c(-100.584621, 39.277706),"1976","143-72",-100.584621,39.277706,80.5125351,"66-131"
"4182","Sheridan",-90.85,NA,1976-01-08,392006100345001,179,0,c(-100.582254, 39.334844),"1976","143-72",-100.582254,39.334844,76.2760925,"66-131"
"4183","Thomas",-110.85,NA,1976-01-27,391619100592001,193,0,c(-100.989201, 39.271825),"1976","143-72",-100.989201,39.271825,55.5193329,"0-65"
"4184","Sheridan",-145.7,"Grinnell North",1976-01-08,391401100384601,179,0,c(-100.647022, 39.234106),"1976","215-144",-100.647022,39.234106,54.7148132,"0-65"
"4185","Sheridan",-138.58,"Grinnell North",1976-06-07,391401100384601,179,0,c(-100.647022, 39.234106),"1976","143-72",-100.647022,39.234106,54.7148132,"0-65"
"4186","Sheridan",-148.35,"Grinnell North",1976-09-13,391401100384601,179,0,c(-100.647022, 39.234106),"1976","215-144",-100.647022,39.234106,54.7148132,"0-65"
"4187","Sheridan",-134.94,NA,1976-01-08,392255100301801,179,0,c(-100.505364, 39.382177),"1976","143-72",-100.505364,39.382177,65.1539001,"0-65"
"4188","Sheridan",-138.09,NA,1976-01-12,392526100364001,179,0,c(-100.609614, 39.423772),"1976","143-72",-100.609614,39.423772,96.2343292,"66-131"
"4189","Thomas",-173.18,"Winona NE",1976-01-12,391303101031701,193,0,c(-101.054432, 39.217206),"1976","215-144",-101.054432,39.217206,86.4896545,"66-131"
"4190","Thomas",-230.89,"Winona NE",1976-03-17,391303101031701,193,0,c(-101.054432, 39.217206),"1976","287-216",-101.054432,39.217206,86.4896545,"66-131"
"4191","Thomas",-221.9,"Winona NE",1976-06-08,391303101031701,193,0,c(-101.054432, 39.217206),"1976","287-216",-101.054432,39.217206,86.4896545,"66-131"
"4192","Thomas",-187.5,"Winona NE",1976-09-14,391303101031701,193,0,c(-101.054432, 39.217206),"1976","215-144",-101.054432,39.217206,86.4896545,"66-131"
"4193","Thomas",-76.69,NA,1976-01-09,391539100455801,193,0,c(-100.764388, 39.260855),"1976","143-72",-100.764388,39.260855,69.4652405,"66-131"
"4194","Sheridan",-102.99,"Grinnell NE",1976-01-08,391204100364101,179,0,c(-100.610021, 39.201057),"1976","143-72",-100.610021,39.201057,68.9981461,"66-131"
"4195","Thomas",-137.42,NA,1976-01-27,391237100592201,193,0,c(-100.989749, 39.210074),"1976","143-72",-100.989749,39.210074,76.5648804,"66-131"
"4196","Scott",-154.04,NA,1976-01-19,384021101005901,171,0,c(-101.016649, 38.671586),"1976","215-144",-101.016649,38.671586,16.475956,"0-65"
"4197","Scott",-119.93,"Lake Scott NE",1976-01-20,383928100453301,171,0,c(-100.762283, 38.658817),"1976","143-72",-100.762283,38.658817,6.0356798,"0-65"
"4198","Wichita",-146.22,NA,1976-01-20,383824101105301,203,0,c(-101.182624, 38.639115),"1976","215-144",-101.182624,38.639115,22.973999,"0-65"
"4199","Thomas",-9.44,"Grinnell North",1976-01-09,390940100443201,193,0,c(-100.73994, 39.162317),"1976","71-0",-100.73994,39.162317,97.4110565,"66-131"
"4200","Sheridan",-132.16,NA,1976-01-12,392610100293601,179,0,c(-100.493629, 39.436299),"1976","143-72",-100.493629,39.436299,60.4029579,"0-65"
"4201","Thomas",-154.69,NA,1976-01-12,392243101022201,193,0,c(-101.040045, 39.37888),"1976","215-144",-101.040045,39.37888,92.1926193,"66-131"
"4202","Sheridan",-128.46,"Menlo",1976-01-08,391822100390302,179,0,c(-100.650923, 39.306086),"1976","143-72",-100.650923,39.306086,59.99189,"0-65"
"4203","Thomas",-140.82,"Spica",1976-01-27,391355100574901,193,0,c(-100.96343, 39.231276),"1976","143-72",-100.96343,39.231276,75.9515381,"66-131"
"4204","Thomas",-112.08,NA,1976-01-13,392703100495601,193,0,c(-100.833253, 39.451481),"1976","143-72",-100.833253,39.451481,95.7332916,"66-131"
"4205","Sheridan",-98.25,"Grinnell North",1976-01-08,391131100410801,179,0,c(-100.685023, 39.191327),"1976","143-72",-100.685023,39.191327,77.9841919,"66-131"
"4206","Sheridan",-99.73,"Grinnell North",1976-03-16,391131100410801,179,0,c(-100.685023, 39.191327),"1976","143-72",-100.685023,39.191327,77.9841919,"66-131"
"4207","Sheridan",-100.67,"Grinnell North",1976-06-07,391131100410801,179,0,c(-100.685023, 39.191327),"1976","143-72",-100.685023,39.191327,77.9841919,"66-131"
"4208","Sheridan",-103.57,"Grinnell North",1976-09-13,391131100410801,179,0,c(-100.685023, 39.191327),"1976","143-72",-100.685023,39.191327,77.9841919,"66-131"
"4209","Sheridan",-124.8,NA,1976-01-12,392604100172001,179,0,c(-100.2896, 39.433796),"1976","143-72",-100.2896,39.433796,76.1376724,"66-131"
"4210","Sheridan",-34.79,NA,1976-01-07,392104100133901,179,0,c(-100.2277, 39.34974),"1976","71-0",-100.2277,39.34974,8.2208557,"0-65"
"4211","Sheridan",-11.06,"Tasco",1976-01-07,392156100175401,179,0,c(-100.298915, 39.365874),"1976","71-0",-100.298915,39.365874,58.3119011,"0-65"
"4212","Sheridan",-133.34,"Hoxie NW",1976-01-12,392426100233001,179,0,c(-100.391717, 39.407834),"1976","143-72",-100.391717,39.407834,75.0990448,"66-131"
"4213","Graham",-95,"HILL CITY 2 SE",1976-08-01,391545099493701,65,0,c(-99.827592, 39.262045),"1976","143-72",-99.827592,39.262045,25,"0-65"
"4214","Sheridan",-139.85,NA,1976-01-12,392643100123101,179,0,c(-100.210191, 39.444691),"1976","143-72",-100.210191,39.444691,79.1899109,"66-131"
"4215","Sheridan",-126.97,NA,1976-01-07,391459100220801,179,0,c(-100.369679, 39.249822),"1976","143-72",-100.369679,39.249822,71.2951508,"66-131"
"4216","Gove",-97.2,NA,1976-01-08,390611100185101,63,0,c(-100.316209, 39.103355),"1976","143-72",-100.316209,39.103355,59.8037415,"0-65"
"4217","Gove",-97.08,NA,1976-03-18,390611100185101,63,0,c(-100.316209, 39.103355),"1976","143-72",-100.316209,39.103355,59.8037415,"0-65"
"4218","Gove",-97.65,NA,1976-06-09,390611100185101,63,0,c(-100.316209, 39.103355),"1976","143-72",-100.316209,39.103355,59.8037415,"0-65"
"4219","Gove",-99.17,NA,1976-09-15,390611100185101,63,0,c(-100.316209, 39.103355),"1976","143-72",-100.316209,39.103355,59.8037415,"0-65"
"4220","Graham",-84.4,"HOXIE 1 NE",1976-09-01,392611100040901,65,0,c(-100.069007, 39.436434),"1976","143-72",-100.069007,39.436434,104.3281555,"66-131"
"4221","Gove",-9.28,"Castle Rock NW",1976-01-08,385423100142501,63,0,c(-100.243744, 38.906261),"1976","71-0",-100.243744,38.906261,NA,NA
"4222","Graham",-36.54,"PENOKEE",1976-10-26,392038099575401,65,0,c(-99.967383, 39.342135),"1976","71-0",-99.967383,39.342135,NA,NA
"4223","Graham",-36.23,"PENOKEE",1976-11-08,392038099575401,65,0,c(-99.967383, 39.342135),"1976","71-0",-99.967383,39.342135,NA,NA
"4224","Graham",-36.16,"PENOKEE",1976-12-07,392038099575401,65,0,c(-99.967383, 39.342135),"1976","71-0",-99.967383,39.342135,NA,NA
"4225","Graham",-35.91,"PENOKEE",1976-12-29,392038099575401,65,0,c(-99.967383, 39.342135),"1976","71-0",-99.967383,39.342135,NA,NA
"4226","Sheridan",-151.5,"Lucerne",1976-01-12,392452100134601,179,0,c(-100.231514, 39.413004),"1976","215-144",-100.231514,39.413004,63.19664,"0-65"
"4227","Ness",-29.31,"RANSOM",1976-01-08,384006099574601,135,0,c(-99.959631, 38.665844),"1976","71-0",-99.959631,38.665844,10,"0-65"
"4228","Sheridan",-18.09,"Midway Draw East",1976-01-07,390959100220001,179,0,c(-100.366415, 39.166686),"1976","71-0",-100.366415,39.166686,37.7665405,"0-65"
"4229","Sheridan",-16.84,NA,1976-01-07,391906100204301,179,0,c(-100.3456, 39.31771),"1976","71-0",-100.3456,39.31771,34.2586823,"0-65"
"4230","Sheridan",-115.92,"Tasco",1976-01-07,391643100173001,179,0,c(-100.292214, 39.278155),"1976","143-72",-100.292214,39.278155,50.6377983,"0-65"
"4231","Sheridan",-130.26,"Hoxie NE",1976-01-12,392604100162101,179,0,c(-100.274715, 39.432854),"1976","143-72",-100.274715,39.432854,76.3144226,"66-131"
"4232","Sheridan",-119.41,"Hoxie NE",1976-03-16,392604100162101,179,0,c(-100.274715, 39.432854),"1976","143-72",-100.274715,39.432854,76.3144226,"66-131"
"4233","Sheridan",-119.1,"Hoxie NE",1976-06-07,392604100162101,179,0,c(-100.274715, 39.432854),"1976","143-72",-100.274715,39.432854,76.3144226,"66-131"
"4234","Sheridan",-126.4,"Hoxie NE",1976-09-13,392604100162101,179,0,c(-100.274715, 39.432854),"1976","143-72",-100.274715,39.432854,76.3144226,"66-131"
"4235","Trego",-18.95,"Trego Center",1976-03-18,385919099542601,195,0,c(-99.90839, 38.986439),"1976","71-0",-99.90839,38.986439,54.1682396,"0-65"
"4236","Trego",-19.33,"Trego Center",1976-06-09,385919099542601,195,0,c(-99.90839, 38.986439),"1976","71-0",-99.90839,38.986439,54.1682396,"0-65"
"4237","Trego",-23.99,"Trego Center",1976-09-15,385919099542601,195,0,c(-99.90839, 38.986439),"1976","71-0",-99.90839,38.986439,54.1682396,"0-65"
"4238","Trego",-20.2,"Trego Center",1976-12-13,385919099542601,195,0,c(-99.90839, 38.986439),"1976","71-0",-99.90839,38.986439,54.1682396,"0-65"
"4239","Graham",-90.4,"HOXIE 1 SE",1976-08-01,391551100041901,65,0,c(-100.070207, 39.262485),"1976","143-72",-100.070207,39.262485,52.4218559,"0-65"
"4240","Sheridan",-13.59,"Studley",1976-01-07,392123100105401,179,0,c(-100.183011, 39.355734),"1976","71-0",-100.183011,39.355734,25,"0-65"
"4241","Gove",-75.26,"Park",1976-01-08,390316100163201,63,0,c(-100.278346, 39.054932),"1976","143-72",-100.278346,39.054932,49.1210556,"0-65"
"4242","Gove",-82.23,"Park",1976-03-18,390316100163201,63,0,c(-100.278346, 39.054932),"1976","143-72",-100.278346,39.054932,49.1210556,"0-65"
"4243","Gove",-75.09,"Park",1976-06-09,390316100163201,63,0,c(-100.278346, 39.054932),"1976","143-72",-100.278346,39.054932,49.1210556,"0-65"
"4244","Gove",-62.4,"Quinter",1976-01-08,390709100125401,63,0,c(-100.217011, 39.118926),"1976","71-0",-100.217011,39.118926,98.1528778,"66-131"
"4245","Gove",-66.68,"Quinter",1976-03-18,390709100125401,63,0,c(-100.217011, 39.118926),"1976","71-0",-100.217011,39.118926,98.1528778,"66-131"
"4246","Gove",-61.58,"Quinter",1976-06-09,390709100125401,63,0,c(-100.217011, 39.118926),"1976","71-0",-100.217011,39.118926,98.1528778,"66-131"
"4247","Gove",-68.73,"Quinter",1976-09-15,390709100125401,63,0,c(-100.217011, 39.118926),"1976","71-0",-100.217011,39.118926,98.1528778,"66-131"
"4248","Graham",-40.7,"HILL CITY 2 NE",1976-09-01,392611099493301,65,0,c(-99.825827, 39.437526),"1976","71-0",-99.825827,39.437526,28.7232895,"0-65"
"4249","Osborne",-20.42,NA,1976-03-25,392726099020101,141,0,c(-99.033919, 39.45698),"1976","71-0",-99.033919,39.45698,NA,NA
"4250","Osborne",-20.4,NA,1976-05-06,392726099020101,141,0,c(-99.033919, 39.45698),"1976","71-0",-99.033919,39.45698,NA,NA
"4251","Osborne",-16.58,NA,1976-07-13,392726099020101,141,0,c(-99.033919, 39.45698),"1976","71-0",-99.033919,39.45698,NA,NA
"4252","Osborne",-20.3,NA,1976-11-16,392726099020101,141,0,c(-99.033919, 39.45698),"1976","71-0",-99.033919,39.45698,NA,NA
"4253","Rooks",-19.15,NA,1976-03-25,392717099044101,163,0,c(-99.078538, 39.454493),"1976","71-0",-99.078538,39.454493,NA,NA
"4254","Rooks",-18.15,NA,1976-07-13,392717099044101,163,0,c(-99.078538, 39.454493),"1976","71-0",-99.078538,39.454493,NA,NA
"4255","Osborne",-16.05,NA,1976-03-25,392710099010001,141,0,c(-99.016706, 39.452479),"1976","71-0",-99.016706,39.452479,NA,NA
"4256","Osborne",-16.72,NA,1976-07-13,392710099010001,141,0,c(-99.016706, 39.452479),"1976","71-0",-99.016706,39.452479,NA,NA
"4257","Rooks",-12.67,NA,1976-03-25,392624099055601,163,0,c(-99.100466, 39.44015),"1976","71-0",-99.100466,39.44015,NA,NA
"4258","Rooks",-12.67,NA,1976-07-13,392624099055601,163,0,c(-99.100466, 39.44015),"1976","71-0",-99.100466,39.44015,NA,NA
"4259","Rooks",-15.81,"Webster Dam",1976-03-19,392533099243701,163,0,c(-99.41093, 39.425492),"1976","71-0",-99.41093,39.425492,NA,NA
"4260","Rooks",-16.23,"Webster Dam",1976-06-19,392533099243701,163,0,c(-99.41093, 39.425492),"1976","71-0",-99.41093,39.425492,NA,NA
"4261","Rooks",-17.62,"Webster Dam",1976-09-17,392533099243701,163,0,c(-99.41093, 39.425492),"1976","71-0",-99.41093,39.425492,NA,NA
"4262","Rooks",-18.61,"Webster Dam",1976-12-14,392533099243701,163,0,c(-99.41093, 39.425492),"1976","71-0",-99.41093,39.425492,NA,NA
"4263","Rooks",-14.3,NA,1976-03-19,392612099102501,163,0,c(-99.173711, 39.436396),"1976","71-0",-99.173711,39.436396,NA,NA
"4264","Rooks",-16.03,NA,1976-09-17,392612099102501,163,0,c(-99.173711, 39.436396),"1976","71-0",-99.173711,39.436396,NA,NA
"4265","Rooks",-16.13,NA,1976-12-14,392612099102501,163,0,c(-99.173711, 39.436396),"1976","71-0",-99.173711,39.436396,NA,NA
"4266","Ellis",-24.9,"HAYS SOUTH",1976-08-01,385122099161801,51,0,c(-99.27046, 38.855496),"1976","71-0",-99.27046,38.855496,NA,NA
"4267","Ellis",-24.93,"HAYS SOUTH",1976-08-24,385122099161801,51,0,c(-99.27046, 38.855496),"1976","71-0",-99.27046,38.855496,NA,NA
"4268","Ellis",-22.34,"HAYS SOUTH",1976-09-15,385122099161801,51,0,c(-99.27046, 38.855496),"1976","71-0",-99.27046,38.855496,NA,NA
"4269","Ellis",-22.55,"HAYS SOUTH",1976-12-01,385122099161801,51,0,c(-99.27046, 38.855496),"1976","71-0",-99.27046,38.855496,NA,NA
"4270","Ellis",-25.3,"HAYS SOUTH",1976-08-01,385115099155401,51,0,c(-99.262449, 38.853992),"1976","71-0",-99.262449,38.853992,NA,NA
"4271","Ellis",-25.34,"HAYS SOUTH",1976-08-24,385115099155401,51,0,c(-99.262449, 38.853992),"1976","71-0",-99.262449,38.853992,NA,NA
"4272","Ellis",-25.34,"HAYS SOUTH",1976-09-15,385115099155401,51,0,c(-99.262449, 38.853992),"1976","71-0",-99.262449,38.853992,NA,NA
"4273","Ellis",-25.48,"HAYS SOUTH",1976-12-01,385115099155401,51,0,c(-99.262449, 38.853992),"1976","71-0",-99.262449,38.853992,NA,NA
"4274","Osborne",-19.52,NA,1976-03-25,392710099013301,141,0,c(-99.026061, 39.45254),"1976","71-0",-99.026061,39.45254,NA,NA
"4275","Osborne",-20.35,NA,1976-07-13,392710099013301,141,0,c(-99.026061, 39.45254),"1976","71-0",-99.026061,39.45254,NA,NA
"4276","Osborne",-14.6,NA,1976-03-25,392713099020101,141,0,c(-99.03398, 39.453425),"1976","71-0",-99.03398,39.453425,NA,NA
"4277","Osborne",-15.43,NA,1976-07-13,392713099020101,141,0,c(-99.03398, 39.453425),"1976","71-0",-99.03398,39.453425,NA,NA
"4278","Rooks",-11.92,"Woodston",1976-03-25,392637099055601,163,0,c(-99.099809, 39.444178),"1976","71-0",-99.099809,39.444178,NA,NA
"4279","Rooks",-13.92,"Woodston",1976-07-13,392637099055601,163,0,c(-99.099809, 39.444178),"1976","71-0",-99.099809,39.444178,NA,NA
"4280","Osborne",-18.63,"WOODSTON",1976-09-16,392710099013302,141,0,c(-99.026061, 39.45254),"1976","71-0",-99.026061,39.45254,NA,NA
"4281","Osborne",-19.59,"WOODSTON",1976-12-01,392710099013302,141,0,c(-99.026061, 39.45254),"1976","71-0",-99.026061,39.45254,NA,NA
"4282","Rooks",-22.94,"STOCKTON",1976-03-19,392520099192201,163,0,c(-99.322887, 39.421824),"1976","71-0",-99.322887,39.421824,NA,NA
"4283","Rooks",-21.59,"STOCKTON",1976-06-19,392520099192201,163,0,c(-99.322887, 39.421824),"1976","71-0",-99.322887,39.421824,NA,NA
"4284","Rooks",-24.24,"STOCKTON",1976-09-17,392520099192201,163,0,c(-99.322887, 39.421824),"1976","71-0",-99.322887,39.421824,NA,NA
"4285","Rooks",-24.61,"STOCKTON",1976-12-14,392520099192201,163,0,c(-99.322887, 39.421824),"1976","71-0",-99.322887,39.421824,NA,NA
"4286","Osborne",-21.57,NA,1976-03-25,392723098595301,141,0,c(-98.998044, 39.455958),"1976","71-0",-98.998044,39.455958,NA,NA
"4287","Osborne",-21.9,NA,1976-05-06,392723098595301,141,0,c(-98.998044, 39.455958),"1976","71-0",-98.998044,39.455958,NA,NA
"4288","Osborne",-20.65,NA,1976-07-13,392723098595301,141,0,c(-98.998044, 39.455958),"1976","71-0",-98.998044,39.455958,NA,NA
"4289","Osborne",-21.5,NA,1976-11-16,392723098595301,141,0,c(-98.998044, 39.455958),"1976","71-0",-98.998044,39.455958,NA,NA
"4290","Rooks",-22.02,NA,1976-03-25,392704099052301,163,0,c(-99.090455, 39.450953),"1976","71-0",-99.090455,39.450953,NA,NA
"4291","Rooks",-22.6,NA,1976-07-13,392704099052301,163,0,c(-99.090455, 39.450953),"1976","71-0",-99.090455,39.450953,NA,NA
"4292","Osborne",-18.28,NA,1976-03-25,392717099002601,141,0,c(-99.007307, 39.454234),"1976","71-0",-99.007307,39.454234,NA,NA
"4293","Osborne",-19,NA,1976-05-06,392717099002601,141,0,c(-99.007307, 39.454234),"1976","71-0",-99.007307,39.454234,NA,NA
"4294","Osborne",-19.53,NA,1976-07-13,392717099002601,141,0,c(-99.007307, 39.454234),"1976","71-0",-99.007307,39.454234,NA,NA
"4295","Osborne",-18.4,NA,1976-11-16,392717099002601,141,0,c(-99.007307, 39.454234),"1976","71-0",-99.007307,39.454234,NA,NA
"4296","Osborne",-16.82,"ALTON",1976-03-19,392710098591901,141,0,c(-98.989788, 39.451685),"1976","71-0",-98.989788,39.451685,NA,NA
"4297","Osborne",-16.88,"ALTON",1976-03-25,392710098591901,141,0,c(-98.989788, 39.451685),"1976","71-0",-98.989788,39.451685,NA,NA
"4298","Osborne",-16.82,"ALTON",1976-06-10,392710098591901,141,0,c(-98.989788, 39.451685),"1976","71-0",-98.989788,39.451685,NA,NA
"4299","Osborne",-17.72,"ALTON",1976-07-13,392710098591901,141,0,c(-98.989788, 39.451685),"1976","71-0",-98.989788,39.451685,NA,NA
"4300","Osborne",-17.66,"ALTON",1976-09-16,392710098591901,141,0,c(-98.989788, 39.451685),"1976","71-0",-98.989788,39.451685,NA,NA
"4301","Osborne",-17.39,"ALTON",1976-12-01,392710098591901,141,0,c(-98.989788, 39.451685),"1976","71-0",-98.989788,39.451685,NA,NA
"4302","Osborne",-11.95,NA,1976-03-25,392713098491501,141,0,c(-98.819448, 39.454189),"1976","71-0",-98.819448,39.454189,NA,NA
"4303","Osborne",-11.45,NA,1976-07-13,392713098491501,141,0,c(-98.819448, 39.454189),"1976","71-0",-98.819448,39.454189,NA,NA
"4304","Rooks",-10.87,"WOODSTON",1976-03-25,392710099035101,163,0,c(-99.064621, 39.452494),"1976","71-0",-99.064621,39.452494,NA,NA
"4305","Rooks",-11.95,"WOODSTON",1976-07-13,392710099035101,163,0,c(-99.064621, 39.452494),"1976","71-0",-99.064621,39.452494,NA,NA
"4306","Osborne",-16.25,NA,1976-03-25,392726098491501,141,0,c(-98.819448, 39.457836),"1976","71-0",-98.819448,39.457836,NA,NA
"4307","Osborne",-17.75,NA,1976-07-13,392726098491501,141,0,c(-98.819448, 39.457836),"1976","71-0",-98.819448,39.457836,NA,NA
"4308","Osborne",-22.27,NA,1976-03-25,392730099010001,141,0,c(-99.016706, 39.457835),"1976","71-0",-99.016706,39.457835,NA,NA
"4309","Osborne",-22.7,NA,1976-05-06,392730099010001,141,0,c(-99.016706, 39.457835),"1976","71-0",-99.016706,39.457835,NA,NA
"4310","Osborne",-23.77,NA,1976-07-13,392730099010001,141,0,c(-99.016706, 39.457835),"1976","71-0",-99.016706,39.457835,NA,NA
"4311","Osborne",-21.2,NA,1976-11-16,392730099010001,141,0,c(-99.016706, 39.457835),"1976","71-0",-99.016706,39.457835,NA,NA
"4312","Osborne",-20.07,NA,1976-03-25,392647099005601,141,0,c(-99.015501, 39.446116),"1976","71-0",-99.015501,39.446116,NA,NA
"4313","Osborne",-44.55,NA,1976-03-26,392646098411901,141,0,c(-98.6949, 39.45003),"1976","71-0",-98.6949,39.45003,NA,NA
"4314","Osborne",-45.38,NA,1976-07-13,392646098411901,141,0,c(-98.6949, 39.45003),"1976","71-0",-98.6949,39.45003,NA,NA
"4315","Osborne",-31,NA,1976-03-26,392633098365301,141,0,c(-98.617336, 39.443202),"1976","71-0",-98.617336,39.443202,NA,NA
"4316","Osborne",-32.42,"OSBORNE",1976-06-10,392518098393601,141,0,c(-98.664309, 39.42298),"1976","71-0",-98.664309,39.42298,NA,NA
"4317","Osborne",-32.99,"OSBORNE",1976-09-16,392518098393601,141,0,c(-98.664309, 39.42298),"1976","71-0",-98.664309,39.42298,NA,NA
"4318","Mitchell",-24.5,"BELOIT",1976-03-23,392609098051001,123,0,c(-98.08663, 39.436316),"1976","71-0",-98.08663,39.436316,NA,NA
"4319","Osborne",-24.07,NA,1976-03-26,392607098403001,141,0,c(-98.678329, 39.436335),"1976","71-0",-98.678329,39.436335,NA,NA
"4320","Osborne",-23.73,NA,1976-07-13,392607098403001,141,0,c(-98.678329, 39.436335),"1976","71-0",-98.678329,39.436335,NA,NA
"4321","Osborne",-25.95,"Osborne",1976-03-26,392554098390701,141,0,c(-98.653959, 39.430289),"1976","71-0",-98.653959,39.430289,NA,NA
"4322","Osborne",-26.3,"Osborne",1976-05-06,392554098390701,141,0,c(-98.653959, 39.430289),"1976","71-0",-98.653959,39.430289,NA,NA
"4323","Osborne",-25.86,"Osborne",1976-07-13,392554098390701,141,0,c(-98.653959, 39.430289),"1976","71-0",-98.653959,39.430289,NA,NA
"4324","Osborne",-25.1,"Osborne",1976-11-16,392554098390701,141,0,c(-98.653959, 39.430289),"1976","71-0",-98.653959,39.430289,NA,NA
"4325","Osborne",-35.75,NA,1976-03-26,392643098434001,141,0,c(-98.730317, 39.446392),"1976","71-0",-98.730317,39.446392,NA,NA
"4326","Osborne",-34.67,NA,1976-03-26,392643098460401,141,0,c(-98.769992, 39.446071),"1976","71-0",-98.769992,39.446071,NA,NA
"4327","Osborne",-35.67,NA,1976-07-13,392643098460401,141,0,c(-98.769992, 39.446071),"1976","71-0",-98.769992,39.446071,NA,NA
"4328","Osborne",-32.18,NA,1976-03-26,392713098465901,141,0,c(-98.784961, 39.454128),"1976","71-0",-98.784961,39.454128,NA,NA
"4329","Osborne",-32.4,NA,1976-05-06,392713098465901,141,0,c(-98.784961, 39.454128),"1976","71-0",-98.784961,39.454128,NA,NA
"4330","Osborne",-33.27,NA,1976-07-13,392713098465901,141,0,c(-98.784961, 39.454128),"1976","71-0",-98.784961,39.454128,NA,NA
"4331","Osborne",-31.2,NA,1976-11-16,392713098465901,141,0,c(-98.784961, 39.454128),"1976","71-0",-98.784961,39.454128,NA,NA
"4332","Osborne",-18.57,NA,1976-03-26,392620098354701,141,0,c(-98.598796, 39.438929),"1976","71-0",-98.598796,39.438929,NA,NA
"4333","Osborne",-19.07,NA,1976-07-13,392620098354701,141,0,c(-98.598796, 39.438929),"1976","71-0",-98.598796,39.438929,NA,NA
"4334","Osborne",-18.4,NA,1976-11-16,392620098354701,141,0,c(-98.598796, 39.438929),"1976","71-0",-98.598796,39.438929,NA,NA
"4335","Osborne",-27.12,"Osborne",1976-03-26,392659098444401,141,0,c(-98.747576, 39.448623),"1976","71-0",-98.747576,39.448623,NA,NA
"4336","Osborne",-27.78,"Osborne",1976-07-13,392659098444401,141,0,c(-98.747576, 39.448623),"1976","71-0",-98.747576,39.448623,NA,NA
"4337","Osborne",-31.07,NA,1976-03-26,392544098401801,141,0,c(-98.674911, 39.429972),"1976","71-0",-98.674911,39.429972,NA,NA
"4338","Osborne",-32.07,NA,1976-07-13,392544098401801,141,0,c(-98.674911, 39.429972),"1976","71-0",-98.674911,39.429972,NA,NA
"4339","Osborne",-16.25,NA,1976-03-25,392710098482001,141,0,c(-98.806736, 39.453014),"1976","71-0",-98.806736,39.453014,NA,NA
"4340","Osborne",-16.67,NA,1976-07-13,392710098482001,141,0,c(-98.806736, 39.453014),"1976","71-0",-98.806736,39.453014,NA,NA
"4341","Mitchell",-25.8,"SOLOMON RAPIDS",1976-03-23,392622098080501,123,0,c(-98.136298, 39.439979),"1976","71-0",-98.136298,39.439979,NA,NA
"4342","Osborne",-6.18,NA,1976-03-26,392633098390601,141,0,c(-98.654875, 39.443354),"1976","71-0",-98.654875,39.443354,NA,NA
"4343","Osborne",-6.68,NA,1976-07-13,392633098390601,141,0,c(-98.654875, 39.443354),"1976","71-0",-98.654875,39.443354,NA,NA
"4344","Osborne",-19.2,NA,1976-03-26,392722098434901,141,0,c(-98.732591, 39.457195),"1976","71-0",-98.732591,39.457195,NA,NA
"4345","Osborne",-16.12,NA,1976-07-13,392722098434901,141,0,c(-98.732591, 39.457195),"1976","71-0",-98.732591,39.457195,NA,NA
"4346","Osborne",-20.75,NA,1976-03-26,392544098413301,141,0,c(-98.695259, 39.431476),"1976","71-0",-98.695259,39.431476,NA,NA
"4347","Osborne",-21.42,NA,1976-07-13,392544098413301,141,0,c(-98.695259, 39.431476),"1976","71-0",-98.695259,39.431476,NA,NA
"4348","Osborne",-23.37,NA,1976-03-26,392620098390701,141,0,c(-98.654936, 39.439738),"1976","71-0",-98.654936,39.439738,NA,NA
"4349","Osborne",-23.86,NA,1976-07-13,392620098390701,141,0,c(-98.654936, 39.439738),"1976","71-0",-98.654936,39.439738,NA,NA
"4350","Osborne",-21.9,NA,1976-11-16,392620098390701,141,0,c(-98.654936, 39.439738),"1976","71-0",-98.654936,39.439738,NA,NA
"4351","Osborne",-28.12,NA,1976-03-26,392607098365301,141,0,c(-98.617535, 39.435969),"1976","71-0",-98.617535,39.435969,NA,NA
"4352","Osborne",-28.78,NA,1976-07-13,392607098365301,141,0,c(-98.617535, 39.435969),"1976","71-0",-98.617535,39.435969,NA,NA
"4353","Osborne",-25.58,NA,1976-03-26,392541098353101,141,0,c(-98.594325, 39.428126),"1976","71-0",-98.594325,39.428126,NA,NA
"4354","Osborne",-26,NA,1976-05-06,392541098353101,141,0,c(-98.594325, 39.428126),"1976","71-0",-98.594325,39.428126,NA,NA
"4355","Osborne",-24.5,NA,1976-07-13,392541098353101,141,0,c(-98.594325, 39.428126),"1976","71-0",-98.594325,39.428126,NA,NA
"4356","Osborne",-25.3,NA,1976-11-16,392541098353101,141,0,c(-98.594325, 39.428126),"1976","71-0",-98.594325,39.428126,NA,NA
"4357","Osborne",-21.28,NA,1976-03-26,392554098354701,141,0,c(-98.598857, 39.431605),"1976","71-0",-98.598857,39.431605,NA,NA
"4358","Osborne",-20.62,NA,1976-07-13,392554098354701,141,0,c(-98.598857, 39.431605),"1976","71-0",-98.598857,39.431605,NA,NA
"4359","Osborne",-27.35,NA,1976-03-26,392633098401301,141,0,c(-98.673568, 39.443522),"1976","71-0",-98.673568,39.443522,NA,NA
"4360","Osborne",-36.95,NA,1976-03-26,392636098381201,141,0,c(-98.639615, 39.444163),"1976","71-0",-98.639615,39.444163,NA,NA
"4361","Osborne",-36.45,NA,1976-07-13,392636098381201,141,0,c(-98.639615, 39.444163),"1976","71-0",-98.639615,39.444163,NA,NA
"4362","Osborne",-45.93,NA,1976-03-26,392659098413601,141,0,c(-98.694869, 39.452632),"1976","71-0",-98.694869,39.452632,NA,NA
"4363","Osborne",-47.68,NA,1976-07-13,392659098413601,141,0,c(-98.694869, 39.452632),"1976","71-0",-98.694869,39.452632,NA,NA
"4364","Mitchell",-16.2,"BELOIT",1976-03-23,392517098011501,123,0,c(-98.022174, 39.42159),"1976","71-0",-98.022174,39.42159,NA,NA
"4365","Osborne",-22.02,NA,1976-03-26,392647098465901,141,0,c(-98.784901, 39.44688),"1976","71-0",-98.784901,39.44688,NA,NA
"4366","Osborne",-37.3,NA,1976-03-26,392554098365401,141,0,c(-98.617596, 39.432307),"1976","71-0",-98.617596,39.432307,NA,NA
"4367","Osborne",-37.97,NA,1976-07-13,392554098365401,141,0,c(-98.617596, 39.432307),"1976","71-0",-98.617596,39.432307,NA,NA
"4368","Osborne",-24.45,NA,1976-03-25,392726098482401,141,0,c(-98.807713, 39.457607),"1976","71-0",-98.807713,39.457607,NA,NA
"4369","Osborne",-25.45,NA,1976-07-13,392726098482401,141,0,c(-98.807713, 39.457607),"1976","71-0",-98.807713,39.457607,NA,NA
"4370","Osborne",-29.87,NA,1976-03-26,392620098422901,141,0,c(-98.710663, 39.440165),"1976","71-0",-98.710663,39.440165,NA,NA
"4371","Osborne",-35.2,NA,1976-07-13,392620098422901,141,0,c(-98.710663, 39.440165),"1976","71-0",-98.710663,39.440165,NA,NA
"4372","Osborne",-2.5,NA,1976-03-26,392657098481101,141,0,c(-98.8046, 39.449398),"1976","71-0",-98.8046,39.449398,NA,NA
"4373","Osborne",-2.16,NA,1976-07-13,392657098481101,141,0,c(-98.8046, 39.449398),"1976","71-0",-98.8046,39.449398,NA,NA
"4374","Osborne",-12.37,NA,1976-03-26,392703098455601,141,0,c(-98.767734, 39.451595),"1976","71-0",-98.767734,39.451595,NA,NA
"4375","Osborne",-12.78,NA,1976-07-13,392703098455601,141,0,c(-98.767734, 39.451595),"1976","71-0",-98.767734,39.451595,NA,NA
"4376","Osborne",-33.27,NA,1976-03-26,392633098444401,141,0,c(-98.747851, 39.443615),"1976","71-0",-98.747851,39.443615,NA,NA
"4377","Osborne",-33.85,NA,1976-07-13,392633098444401,141,0,c(-98.747851, 39.443615),"1976","71-0",-98.747851,39.443615,NA,NA
"4378","Osborne",-33.5,NA,1976-03-26,392637098481101,141,0,c(-98.804661, 39.443981),"1976","71-0",-98.804661,39.443981,NA,NA
"4379","Osborne",-33.92,NA,1976-07-13,392637098481101,141,0,c(-98.804661, 39.443981),"1976","71-0",-98.804661,39.443981,NA,NA
"4380","Saline",-17.4,"ASSARIA",1976-03-11,383821097364501,169,0,c(-97.612863, 38.638952),"1976","71-0",-97.612863,38.638952,NA,NA
"4381","Saline",-16.22,"ASSARIA",1976-06-02,383821097364501,169,0,c(-97.612863, 38.638952),"1976","71-0",-97.612863,38.638952,NA,NA
"4382","Saline",-17.3,"ASSARIA",1976-09-08,383821097364501,169,0,c(-97.612863, 38.638952),"1976","71-0",-97.612863,38.638952,NA,NA
"4383","Saline",-18.78,"ASSARIA",1976-12-07,383821097364501,169,0,c(-97.612863, 38.638952),"1976","71-0",-97.612863,38.638952,NA,NA
"4384","Saline",-20.15,"ASSARIA",1976-03-11,383959097353101,169,0,c(-97.592172, 38.666219),"1976","71-0",-97.592172,38.666219,NA,NA
"4385","Saline",-20.38,"ASSARIA",1976-06-02,383959097353101,169,0,c(-97.592172, 38.666219),"1976","71-0",-97.592172,38.666219,NA,NA
"4386","Saline",-21.1,"ASSARIA",1976-09-08,383959097353101,169,0,c(-97.592172, 38.666219),"1976","71-0",-97.592172,38.666219,NA,NA
"4387","Saline",-21.95,"ASSARIA",1976-12-07,383959097353101,169,0,c(-97.592172, 38.666219),"1976","71-0",-97.592172,38.666219,NA,NA
"4388","Riley",-17.9,NA,1976-03-12,391055096261701,161,0,c(-96.436924, 39.182202),"1976","71-0",-96.436924,39.182202,NA,NA
"4389","Riley",-17.9,NA,1976-06-03,391055096261701,161,0,c(-96.436924, 39.182202),"1976","71-0",-96.436924,39.182202,NA,NA
"4390","Riley",-17.93,NA,1976-09-09,391055096261701,161,0,c(-96.436924, 39.182202),"1976","71-0",-96.436924,39.182202,NA,NA
"4391","Riley",-18.59,NA,1976-12-08,391055096261701,161,0,c(-96.436924, 39.182202),"1976","71-0",-96.436924,39.182202,NA,NA
"4392","Pottawatomie",-23.72,NA,1976-03-12,391050096295201,149,0,c(-96.497639, 39.180646),"1976","71-0",-96.497639,39.180646,NA,NA
"4393","Pottawatomie",-22.27,NA,1976-06-03,391050096295201,149,0,c(-96.497639, 39.180646),"1976","71-0",-96.497639,39.180646,NA,NA
"4394","Pottawatomie",-24.22,NA,1976-12-08,391050096295201,149,0,c(-96.497639, 39.180646),"1976","71-0",-96.497639,39.180646,NA,NA
"4395","Geary",-17.25,NA,1976-03-11,390356096455601,61,0,c(-96.757182, 39.065092),"1976","71-0",-96.757182,39.065092,NA,NA
"4396","Geary",-16.9,NA,1976-06-02,390356096455601,61,0,c(-96.757182, 39.065092),"1976","71-0",-96.757182,39.065092,NA,NA
"4397","Geary",-16.6,NA,1976-09-08,390356096455601,61,0,c(-96.757182, 39.065092),"1976","71-0",-96.757182,39.065092,NA,NA
"4398","Geary",-16.66,NA,1976-12-07,390356096455601,61,0,c(-96.757182, 39.065092),"1976","71-0",-96.757182,39.065092,NA,NA
"4399","Riley",-22.14,NA,1976-03-12,390729096364901,161,0,c(-96.614539, 39.124937),"1976","71-0",-96.614539,39.124937,NA,NA
"4400","Riley",-21.69,NA,1976-06-03,390729096364901,161,0,c(-96.614539, 39.124937),"1976","71-0",-96.614539,39.124937,NA,NA
"4401","Riley",-22.45,NA,1976-09-09,390729096364901,161,0,c(-96.614539, 39.124937),"1976","71-0",-96.614539,39.124937,NA,NA
"4402","Riley",-23.05,NA,1976-12-08,390729096364901,161,0,c(-96.614539, 39.124937),"1976","71-0",-96.614539,39.124937,NA,NA
"4403","Riley",-22.04,NA,1976-03-12,391023096274101,161,0,c(-96.460346, 39.173215),"1976","71-0",-96.460346,39.173215,NA,NA
"4404","Riley",-20.45,NA,1976-06-03,391023096274101,161,0,c(-96.460346, 39.173215),"1976","71-0",-96.460346,39.173215,NA,NA
"4405","Riley",-23.28,NA,1976-09-09,391023096274101,161,0,c(-96.460346, 39.173215),"1976","71-0",-96.460346,39.173215,NA,NA
"4406","Riley",-23.38,NA,1976-12-08,391023096274101,161,0,c(-96.460346, 39.173215),"1976","71-0",-96.460346,39.173215,NA,NA
"4407","Riley",-20.56,NA,1976-03-12,390841096380802,161,0,c(-96.636574, 39.144864),"1976","71-0",-96.636574,39.144864,NA,NA
"4408","Riley",-19.26,NA,1976-06-03,390841096380802,161,0,c(-96.636574, 39.144864),"1976","71-0",-96.636574,39.144864,NA,NA
"4409","Riley",-20.7,NA,1976-09-09,390841096380802,161,0,c(-96.636574, 39.144864),"1976","71-0",-96.636574,39.144864,NA,NA
"4410","Riley",-21.8,NA,1976-12-08,390841096380802,161,0,c(-96.636574, 39.144864),"1976","71-0",-96.636574,39.144864,NA,NA
"4411","Clay",-12.2,"CLAY CENTER NW",1976-03-12,392256097105701,27,0,c(-97.180469, 39.383106),"1976","71-0",-97.180469,39.383106,NA,NA
"4412","Clay",-11.62,"CLAY CENTER NW",1976-06-02,392256097105701,27,0,c(-97.180469, 39.383106),"1976","71-0",-97.180469,39.383106,NA,NA
"4413","Clay",-12.38,"CLAY CENTER NW",1976-09-09,392256097105701,27,0,c(-97.180469, 39.383106),"1976","71-0",-97.180469,39.383106,NA,NA
"4414","Clay",-12.76,"CLAY CENTER NW",1976-12-08,392256097105701,27,0,c(-97.180469, 39.383106),"1976","71-0",-97.180469,39.383106,NA,NA
"4415","Pottawatomie",-15.75,NA,1976-03-12,391142096285501,149,0,c(-96.481464, 39.195279),"1976","71-0",-96.481464,39.195279,NA,NA
"4416","Pottawatomie",-14.5,NA,1976-06-03,391142096285501,149,0,c(-96.481464, 39.195279),"1976","71-0",-96.481464,39.195279,NA,NA
"4417","Pottawatomie",-15.72,NA,1976-09-09,391142096285501,149,0,c(-96.481464, 39.195279),"1976","71-0",-96.481464,39.195279,NA,NA
"4418","Pottawatomie",-16.91,NA,1976-12-08,391142096285501,149,0,c(-96.481464, 39.195279),"1976","71-0",-96.481464,39.195279,NA,NA
"4419","Riley",-19.33,NA,1976-03-12,390815096364901,161,0,c(-96.6155, 39.137494),"1976","71-0",-96.6155,39.137494,NA,NA
"4420","Riley",-18.08,NA,1976-06-03,390815096364901,161,0,c(-96.6155, 39.137494),"1976","71-0",-96.6155,39.137494,NA,NA
"4421","Riley",-19.22,NA,1976-09-09,390815096364901,161,0,c(-96.6155, 39.137494),"1976","71-0",-96.6155,39.137494,NA,NA
"4422","Riley",-19.61,NA,1976-12-08,390815096364901,161,0,c(-96.6155, 39.137494),"1976","71-0",-96.6155,39.137494,NA,NA
"4423","Riley",-29.37,NA,1976-03-12,390938096294301,161,0,c(-96.495198, 39.160428),"1976","71-0",-96.495198,39.160428,NA,NA
"4424","Riley",-27.36,NA,1976-06-03,390938096294301,161,0,c(-96.495198, 39.160428),"1976","71-0",-96.495198,39.160428,NA,NA
"4425","Riley",-31.35,NA,1976-09-09,390938096294301,161,0,c(-96.495198, 39.160428),"1976","71-0",-96.495198,39.160428,NA,NA
"4426","Riley",-30.58,NA,1976-12-08,390938096294301,161,0,c(-96.495198, 39.160428),"1976","71-0",-96.495198,39.160428,NA,NA
"4427","Wabaunsee",-13.7,NA,1976-03-17,390909096053101,197,0,c(-96.093167, 39.15251),"1976","71-0",-96.093167,39.15251,NA,NA
"4428","Wabaunsee",-12.75,NA,1976-06-03,390909096053101,197,0,c(-96.093167, 39.15251),"1976","71-0",-96.093167,39.15251,NA,NA
"4429","Wabaunsee",-20.15,NA,1976-09-09,390909096053101,197,0,c(-96.093167, 39.15251),"1976","71-0",-96.093167,39.15251,NA,NA
"4430","Wabaunsee",-20.84,NA,1976-12-08,390909096053101,197,0,c(-96.093167, 39.15251),"1976","71-0",-96.093167,39.15251,NA,NA
"4431","Shawnee",-27,NA,1976-03-15,390433095424002,177,0,c(-95.71193, 39.077927),"1976","71-0",-95.71193,39.077927,NA,NA
"4432","Shawnee",-26.35,NA,1976-06-01,390433095424002,177,0,c(-95.71193, 39.077927),"1976","71-0",-95.71193,39.077927,NA,NA
"4433","Shawnee",-27.7,NA,1976-09-10,390433095424002,177,0,c(-95.71193, 39.077927),"1976","71-0",-95.71193,39.077927,NA,NA
"4434","Shawnee",-27.72,NA,1976-12-09,390433095424002,177,0,c(-95.71193, 39.077927),"1976","71-0",-95.71193,39.077927,NA,NA
"4435","Shawnee",-26.5,NA,1976-01-05,390519095445301,177,0,c(-95.748524, 39.08899),"1976","71-0",-95.748524,39.08899,NA,NA
"4436","Shawnee",-26.93,NA,1976-02-05,390519095445301,177,0,c(-95.748524, 39.08899),"1976","71-0",-95.748524,39.08899,NA,NA
"4437","Shawnee",-27.07,NA,1976-03-05,390519095445301,177,0,c(-95.748524, 39.08899),"1976","71-0",-95.748524,39.08899,NA,NA
"4438","Shawnee",-27.25,NA,1976-04-05,390519095445301,177,0,c(-95.748524, 39.08899),"1976","71-0",-95.748524,39.08899,NA,NA
"4439","Shawnee",-26.73,NA,1976-05-05,390519095445301,177,0,c(-95.748524, 39.08899),"1976","71-0",-95.748524,39.08899,NA,NA
"4440","Shawnee",-25.73,NA,1976-06-05,390519095445301,177,0,c(-95.748524, 39.08899),"1976","71-0",-95.748524,39.08899,NA,NA
"4441","Shawnee",-25.76,NA,1976-07-05,390519095445301,177,0,c(-95.748524, 39.08899),"1976","71-0",-95.748524,39.08899,NA,NA
"4442","Shawnee",-26.33,NA,1976-08-05,390519095445301,177,0,c(-95.748524, 39.08899),"1976","71-0",-95.748524,39.08899,NA,NA
"4443","Shawnee",-26.98,NA,1976-09-05,390519095445301,177,0,c(-95.748524, 39.08899),"1976","71-0",-95.748524,39.08899,NA,NA
"4444","Shawnee",-27.35,NA,1976-10-05,390519095445301,177,0,c(-95.748524, 39.08899),"1976","71-0",-95.748524,39.08899,NA,NA
"4445","Shawnee",-27.47,NA,1976-11-05,390519095445301,177,0,c(-95.748524, 39.08899),"1976","71-0",-95.748524,39.08899,NA,NA
"4446","Shawnee",-27.61,NA,1976-12-05,390519095445301,177,0,c(-95.748524, 39.08899),"1976","71-0",-95.748524,39.08899,NA,NA
"4447","Shawnee",-35.3,NA,1976-03-15,390525095414301,177,0,c(-95.695557, 39.092209),"1976","71-0",-95.695557,39.092209,NA,NA
"4448","Shawnee",-33.55,NA,1976-06-01,390525095414301,177,0,c(-95.695557, 39.092209),"1976","71-0",-95.695557,39.092209,NA,NA
"4449","Shawnee",-34.55,NA,1976-09-10,390525095414301,177,0,c(-95.695557, 39.092209),"1976","71-0",-95.695557,39.092209,NA,NA
"4450","Shawnee",-36.42,NA,1976-12-09,390525095414301,177,0,c(-95.695557, 39.092209),"1976","71-0",-95.695557,39.092209,NA,NA
"4451","Shawnee",-15.63,NA,1976-03-15,390421095510601,177,0,c(-95.852437, 39.073517),"1976","71-0",-95.852437,39.073517,NA,NA
"4452","Shawnee",-13.62,NA,1976-06-03,390421095510601,177,0,c(-95.852437, 39.073517),"1976","71-0",-95.852437,39.073517,NA,NA
"4453","Shawnee",-16.66,NA,1976-09-10,390421095510601,177,0,c(-95.852437, 39.073517),"1976","71-0",-95.852437,39.073517,NA,NA
"4454","Shawnee",-15.88,NA,1976-12-10,390421095510601,177,0,c(-95.852437, 39.073517),"1976","71-0",-95.852437,39.073517,NA,NA
"4455","Pottawatomie",-25.23,NA,1976-03-12,391404096103601,149,0,c(-96.176344, 39.234066),"1976","71-0",-96.176344,39.234066,NA,NA
"4456","Pottawatomie",-24.35,NA,1976-06-03,391404096103601,149,0,c(-96.176344, 39.234066),"1976","71-0",-96.176344,39.234066,NA,NA
"4457","Pottawatomie",-27.21,NA,1976-09-09,391404096103601,149,0,c(-96.176344, 39.234066),"1976","71-0",-96.176344,39.234066,NA,NA
"4458","Pottawatomie",-27.39,NA,1976-12-08,391404096103601,149,0,c(-96.176344, 39.234066),"1976","71-0",-96.176344,39.234066,NA,NA
"4459","Shawnee",-16.05,NA,1976-03-15,390507095485301,177,0,c(-95.81551, 39.085739),"1976","71-0",-95.81551,39.085739,NA,NA
"4460","Shawnee",-15.93,NA,1976-06-03,390507095485301,177,0,c(-95.81551, 39.085739),"1976","71-0",-95.81551,39.085739,NA,NA
"4461","Shawnee",-17.7,NA,1976-09-10,390507095485301,177,0,c(-95.81551, 39.085739),"1976","71-0",-95.81551,39.085739,NA,NA
"4462","Shawnee",-17.65,NA,1976-12-10,390507095485301,177,0,c(-95.81551, 39.085739),"1976","71-0",-95.81551,39.085739,NA,NA
"4463","Pottawatomie",-32.9,"WAMEGO",1976-03-12,391417096161401,149,0,c(-96.269791, 39.23814),"1976","71-0",-96.269791,39.23814,NA,NA
"4464","Shawnee",-24.63,NA,1976-03-08,390400095392101,177,0,c(-95.656326, 39.068985),"1976","71-0",-95.656326,39.068985,NA,NA
"4465","Shawnee",-22.47,NA,1976-06-01,390400095392101,177,0,c(-95.656326, 39.068985),"1976","71-0",-95.656326,39.068985,NA,NA
"4466","Shawnee",-24.3,NA,1976-09-10,390400095392101,177,0,c(-95.656326, 39.068985),"1976","71-0",-95.656326,39.068985,NA,NA
"4467","Shawnee",-25.2,NA,1976-12-09,390400095392101,177,0,c(-95.656326, 39.068985),"1976","71-0",-95.656326,39.068985,NA,NA
"4468","Wabaunsee",-20.58,NA,1976-03-17,391029096171301,197,0,c(-96.285538, 39.174634),"1976","71-0",-96.285538,39.174634,NA,NA
"4469","Wabaunsee",-18.76,NA,1976-06-03,391029096171301,197,0,c(-96.285538, 39.174634),"1976","71-0",-96.285538,39.174634,NA,NA
"4470","Wabaunsee",-15.22,NA,1976-09-09,391029096171301,197,0,c(-96.285538, 39.174634),"1976","71-0",-96.285538,39.174634,NA,NA
"4471","Wabaunsee",-15.98,NA,1976-12-08,391029096171301,197,0,c(-96.285538, 39.174634),"1976","71-0",-96.285538,39.174634,NA,NA
"4472","Shawnee",-14.84,NA,1976-03-12,390744096013401,177,0,c(-96.026209, 39.128814),"1976","71-0",-96.026209,39.128814,NA,NA
"4473","Shawnee",-13.25,NA,1976-06-03,390744096013401,177,0,c(-96.026209, 39.128814),"1976","71-0",-96.026209,39.128814,NA,NA
"4474","Shawnee",-14.97,NA,1976-09-10,390744096013401,177,0,c(-96.026209, 39.128814),"1976","71-0",-96.026209,39.128814,NA,NA
"4475","Shawnee",-15.5,NA,1976-12-10,390744096013401,177,0,c(-96.026209, 39.128814),"1976","71-0",-96.026209,39.128814,NA,NA
"4476","Pottawatomie",-28.34,NA,1976-03-12,391246096113501,149,0,c(-96.1929, 39.212323),"1976","71-0",-96.1929,39.212323,NA,NA
"4477","Pottawatomie",-26.7,NA,1976-06-03,391246096113501,149,0,c(-96.1929, 39.212323),"1976","71-0",-96.1929,39.212323,NA,NA
"4478","Pottawatomie",-29.03,NA,1976-09-09,391246096113501,149,0,c(-96.1929, 39.212323),"1976","71-0",-96.1929,39.212323,NA,NA
"4479","Pottawatomie",-28.75,NA,1976-12-08,391246096113501,149,0,c(-96.1929, 39.212323),"1976","71-0",-96.1929,39.212323,NA,NA
"4480","Pottawatomie",-17,NA,1976-03-12,391305096135201,149,0,c(-96.230056, 39.217862),"1976","71-0",-96.230056,39.217862,NA,NA
"4481","Pottawatomie",-14.85,NA,1976-06-03,391305096135201,149,0,c(-96.230056, 39.217862),"1976","71-0",-96.230056,39.217862,NA,NA
"4482","Pottawatomie",-17.32,NA,1976-09-09,391305096135201,149,0,c(-96.230056, 39.217862),"1976","71-0",-96.230056,39.217862,NA,NA
"4483","Pottawatomie",-17.62,NA,1976-12-08,391305096135201,149,0,c(-96.230056, 39.217862),"1976","71-0",-96.230056,39.217862,NA,NA
"4484","Shawnee",-13.72,NA,1976-03-12,390837096003001,177,0,c(-96.009043, 39.143095),"1976","71-0",-96.009043,39.143095,NA,NA
"4485","Shawnee",-13.3,NA,1976-06-03,390837096003001,177,0,c(-96.009043, 39.143095),"1976","71-0",-96.009043,39.143095,NA,NA
"4486","Shawnee",-15.68,NA,1976-09-10,390837096003001,177,0,c(-96.009043, 39.143095),"1976","71-0",-96.009043,39.143095,NA,NA
"4487","Shawnee",-16.25,NA,1976-12-10,390837096003001,177,0,c(-96.009043, 39.143095),"1976","71-0",-96.009043,39.143095,NA,NA
"4488","Pottawatomie",-25.7,NA,1976-03-12,391331096120101,149,0,c(-96.199798, 39.224987),"1976","71-0",-96.199798,39.224987,NA,NA
"4489","Pottawatomie",-24.46,NA,1976-06-03,391331096120101,149,0,c(-96.199798, 39.224987),"1976","71-0",-96.199798,39.224987,NA,NA
"4490","Pottawatomie",-26.43,NA,1976-09-09,391331096120101,149,0,c(-96.199798, 39.224987),"1976","71-0",-96.199798,39.224987,NA,NA
"4491","Pottawatomie",-26.43,NA,1976-12-08,391331096120101,149,0,c(-96.199798, 39.224987),"1976","71-0",-96.199798,39.224987,NA,NA
"4492","Pottawatomie",-32.3,"BELVUE",1976-03-12,391456096140801,149,0,c(-96.234528, 39.248867),"1976","71-0",-96.234528,39.248867,NA,NA
"4493","Pottawatomie",-30.85,"BELVUE",1976-06-03,391456096140801,149,0,c(-96.234528, 39.248867),"1976","71-0",-96.234528,39.248867,NA,NA
"4494","Pottawatomie",-32.24,"BELVUE",1976-12-08,391456096140801,149,0,c(-96.234528, 39.248867),"1976","71-0",-96.234528,39.248867,NA,NA
"4495","Pottawatomie",-21,NA,1976-03-12,391134096171301,149,0,c(-96.285721, 39.19296),"1976","71-0",-96.285721,39.19296,NA,NA
"4496","Pottawatomie",-19.3,NA,1976-06-03,391134096171301,149,0,c(-96.285721, 39.19296),"1976","71-0",-96.285721,39.19296,NA,NA
"4497","Pottawatomie",-21.67,NA,1976-09-09,391134096171301,149,0,c(-96.285721, 39.19296),"1976","71-0",-96.285721,39.19296,NA,NA
"4498","Pottawatomie",-21.66,NA,1976-12-08,391134096171301,149,0,c(-96.285721, 39.19296),"1976","71-0",-96.285721,39.19296,NA,NA
"4499","Pottawatomie",-17.65,NA,1976-03-12,391305096085401,149,0,c(-96.148512, 39.21774),"1976","71-0",-96.148512,39.21774,NA,NA
"4500","Pottawatomie",-17.35,NA,1976-06-03,391305096085401,149,0,c(-96.148512, 39.21774),"1976","71-0",-96.148512,39.21774,NA,NA
"4501","Pottawatomie",-18.32,NA,1976-09-09,391305096085401,149,0,c(-96.148512, 39.21774),"1976","71-0",-96.148512,39.21774,NA,NA
"4502","Pottawatomie",-19.04,NA,1976-12-08,391305096085401,149,0,c(-96.148512, 39.21774),"1976","71-0",-96.148512,39.21774,NA,NA
"4503","Shawnee",-22.55,NA,1976-03-16,390433095413401,177,0,c(-95.69336, 39.078049),"1976","71-0",-95.69336,39.078049,NA,NA
"4504","Shawnee",-20.95,NA,1976-06-01,390433095413401,177,0,c(-95.69336, 39.078049),"1976","71-0",-95.69336,39.078049,NA,NA
"4505","Shawnee",-22.75,NA,1976-09-10,390433095413401,177,0,c(-95.69336, 39.078049),"1976","71-0",-95.69336,39.078049,NA,NA
"4506","Shawnee",-23.32,NA,1976-12-09,390433095413401,177,0,c(-95.69336, 39.078049),"1976","71-0",-95.69336,39.078049,NA,NA
"4507","Shawnee",-27.88,NA,1976-03-08,390420095401101,177,0,c(-95.670654, 39.074509),"1976","71-0",-95.670654,39.074509,NA,NA
"4508","Shawnee",-27,NA,1976-06-01,390420095401101,177,0,c(-95.670654, 39.074509),"1976","71-0",-95.670654,39.074509,NA,NA
"4509","Shawnee",-27.68,NA,1976-09-10,390420095401101,177,0,c(-95.670654, 39.074509),"1976","71-0",-95.670654,39.074509,NA,NA
"4510","Shawnee",-28.62,NA,1976-12-09,390420095401101,177,0,c(-95.670654, 39.074509),"1976","71-0",-95.670654,39.074509,NA,NA
"4511","Pottawatomie",-15.83,"BELVUE",1976-03-12,391159096073701,149,0,c(-96.127576, 39.199521),"1976","71-0",-96.127576,39.199521,NA,NA
"4512","Pottawatomie",-13.98,"BELVUE",1976-06-03,391159096073701,149,0,c(-96.127576, 39.199521),"1976","71-0",-96.127576,39.199521,NA,NA
"4513","Pottawatomie",-16.63,"BELVUE",1976-12-08,391159096073701,149,0,c(-96.127576, 39.199521),"1976","71-0",-96.127576,39.199521,NA,NA
"4514","Shawnee",-35.55,NA,1976-03-16,390545095423201,177,0,c(-95.709611, 39.097564),"1976","71-0",-95.709611,39.097564,NA,NA
"4515","Shawnee",-35.35,NA,1976-06-01,390545095423201,177,0,c(-95.709611, 39.097564),"1976","71-0",-95.709611,39.097564,NA,NA
"4516","Shawnee",-35.52,NA,1976-09-10,390545095423201,177,0,c(-95.709611, 39.097564),"1976","71-0",-95.709611,39.097564,NA,NA
"4517","Shawnee",-36.62,NA,1976-12-09,390545095423201,177,0,c(-95.709611, 39.097564),"1976","71-0",-95.709611,39.097564,NA,NA
"4518","Jefferson",-26.25,NA,1976-03-08,390347095352701,87,0,c(-95.59094, 39.065247),"1976","71-0",-95.59094,39.065247,NA,NA
"4519","Jefferson",-24.3,NA,1976-06-01,390347095352701,87,0,c(-95.59094, 39.065247),"1976","71-0",-95.59094,39.065247,NA,NA
"4520","Jefferson",-26.35,NA,1976-09-07,390347095352701,87,0,c(-95.59094, 39.065247),"1976","71-0",-95.59094,39.065247,NA,NA
"4521","Jefferson",-26.9,NA,1976-12-09,390347095352701,87,0,c(-95.59094, 39.065247),"1976","71-0",-95.59094,39.065247,NA,NA
"4522","Shawnee",-19.54,NA,1976-03-15,390559095485301,177,0,c(-95.815449, 39.100295),"1976","71-0",-95.815449,39.100295,NA,NA
"4523","Shawnee",-19.3,NA,1976-06-03,390559095485301,177,0,c(-95.815449, 39.100295),"1976","71-0",-95.815449,39.100295,NA,NA
"4524","Shawnee",-21.35,NA,1976-09-10,390559095485301,177,0,c(-95.815449, 39.100295),"1976","71-0",-95.815449,39.100295,NA,NA
"4525","Shawnee",-21.58,NA,1976-12-10,390559095485301,177,0,c(-95.815449, 39.100295),"1976","71-0",-95.815449,39.100295,NA,NA
"4526","Shawnee",-16.03,NA,1976-03-15,390534095542901,177,0,c(-95.908576, 39.09352),"1976","71-0",-95.908576,39.09352,NA,NA
"4527","Shawnee",-14.54,NA,1976-06-03,390534095542901,177,0,c(-95.908576, 39.09352),"1976","71-0",-95.908576,39.09352,NA,NA
"4528","Shawnee",-16.29,NA,1976-09-10,390534095542901,177,0,c(-95.908576, 39.09352),"1976","71-0",-95.908576,39.09352,NA,NA
"4529","Shawnee",-16.92,NA,1976-12-10,390534095542901,177,0,c(-95.908576, 39.09352),"1976","71-0",-95.908576,39.09352,NA,NA
"4530","Jefferson",-22.33,NA,1976-03-08,390453095311701,87,0,c(-95.521358, 39.08313),"1976","71-0",-95.521358,39.08313,NA,NA
"4531","Jefferson",-21.98,NA,1976-06-01,390453095311701,87,0,c(-95.521358, 39.08313),"1976","71-0",-95.521358,39.08313,NA,NA
"4532","Jefferson",-23.1,NA,1976-09-07,390453095311701,87,0,c(-95.521358, 39.08313),"1976","71-0",-95.521358,39.08313,NA,NA
"4533","Jefferson",-23.62,NA,1976-12-09,390453095311701,87,0,c(-95.521358, 39.08313),"1976","71-0",-95.521358,39.08313,NA,NA
"4534","Douglas",-31.98,"LAWRENCE EAST",1976-01-20,385624095093701,45,0,c(-95.158271, 38.942388),"1976","71-0",-95.158271,38.942388,NA,NA
"4535","Douglas",-33.09,"LAWRENCE EAST",1976-04-26,385624095093701,45,0,c(-95.158271, 38.942388),"1976","71-0",-95.158271,38.942388,NA,NA
"4536","Douglas",-33,"LAWRENCE EAST",1976-07-20,385624095093701,45,0,c(-95.158271, 38.942388),"1976","71-0",-95.158271,38.942388,NA,NA
"4537","Douglas",-33.42,"LAWRENCE EAST",1976-10-19,385624095093701,45,0,c(-95.158271, 38.942388),"1976","71-0",-95.158271,38.942388,NA,NA
"4538","Leavenworth",-27.6,NA,1976-03-08,385932094584301,103,0,c(-94.979783, 38.993748),"1976","71-0",-94.979783,38.993748,NA,NA
"4539","Leavenworth",-24.7,NA,1976-06-01,385932094584301,103,0,c(-94.979783, 38.993748),"1976","71-0",-94.979783,38.993748,NA,NA
"4540","Leavenworth",-28.2,NA,1976-09-07,385932094584301,103,0,c(-94.979783, 38.993748),"1976","71-0",-94.979783,38.993748,NA,NA
"4541","Leavenworth",-28.18,NA,1976-12-09,385932094584301,103,0,c(-94.979783, 38.993748),"1976","71-0",-94.979783,38.993748,NA,NA
"4542","Douglas",-15.9,"MIDLAND",1976-03-08,390105095142901,45,0,c(-95.241034, 39.019639),"1976","71-0",-95.241034,39.019639,NA,NA
"4543","Douglas",-15.62,"MIDLAND",1976-06-01,390105095142901,45,0,c(-95.241034, 39.019639),"1976","71-0",-95.241034,39.019639,NA,NA
"4544","Douglas",-16.95,"MIDLAND",1976-09-07,390105095142901,45,0,c(-95.241034, 39.019639),"1976","71-0",-95.241034,39.019639,NA,NA
"4545","Douglas",-17.4,"MIDLAND",1976-12-09,390105095142901,45,0,c(-95.241034, 39.019639),"1976","71-0",-95.241034,39.019639,NA,NA
"4546","Wyandotte",-29.11,NA,1976-01-05,390253094470501,209,0,c(-94.782954, 39.050176),"1976","71-0",-94.782954,39.050176,NA,NA
"4547","Wyandotte",-29.45,NA,1976-01-10,390253094470501,209,0,c(-94.782954, 39.050176),"1976","71-0",-94.782954,39.050176,NA,NA
"4548","Wyandotte",-29.35,NA,1976-01-15,390253094470501,209,0,c(-94.782954, 39.050176),"1976","71-0",-94.782954,39.050176,NA,NA
"4549","Wyandotte",-29.32,NA,1976-01-20,390253094470501,209,0,c(-94.782954, 39.050176),"1976","71-0",-94.782954,39.050176,NA,NA
"4550","Wyandotte",-29.41,NA,1976-01-25,390253094470501,209,0,c(-94.782954, 39.050176),"1976","71-0",-94.782954,39.050176,NA,NA
"4551","Wyandotte",-29.68,NA,1976-01-31,390253094470501,209,0,c(-94.782954, 39.050176),"1976","71-0",-94.782954,39.050176,NA,NA
"4552","Wyandotte",-29.7,NA,1976-02-05,390253094470501,209,0,c(-94.782954, 39.050176),"1976","71-0",-94.782954,39.050176,NA,NA
"4553","Wyandotte",-29.68,NA,1976-02-10,390253094470501,209,0,c(-94.782954, 39.050176),"1976","71-0",-94.782954,39.050176,NA,NA
"4554","Wyandotte",-29.67,NA,1976-02-15,390253094470501,209,0,c(-94.782954, 39.050176),"1976","71-0",-94.782954,39.050176,NA,NA
"4555","Wyandotte",-29.6,NA,1976-02-20,390253094470501,209,0,c(-94.782954, 39.050176),"1976","71-0",-94.782954,39.050176,NA,NA
"4556","Wyandotte",-29.6,NA,1976-02-25,390253094470501,209,0,c(-94.782954, 39.050176),"1976","71-0",-94.782954,39.050176,NA,NA
"4557","Wyandotte",-29.66,NA,1976-02-29,390253094470501,209,0,c(-94.782954, 39.050176),"1976","71-0",-94.782954,39.050176,NA,NA
"4558","Wyandotte",-29.79,NA,1976-03-05,390253094470501,209,0,c(-94.782954, 39.050176),"1976","71-0",-94.782954,39.050176,NA,NA
"4559","Wyandotte",-29.34,NA,1976-03-15,390253094470501,209,0,c(-94.782954, 39.050176),"1976","71-0",-94.782954,39.050176,NA,NA
"4560","Wyandotte",-29.32,NA,1976-03-20,390253094470501,209,0,c(-94.782954, 39.050176),"1976","71-0",-94.782954,39.050176,NA,NA
"4561","Wyandotte",-29.48,NA,1976-03-25,390253094470501,209,0,c(-94.782954, 39.050176),"1976","71-0",-94.782954,39.050176,NA,NA
"4562","Wyandotte",-29.58,NA,1976-03-31,390253094470501,209,0,c(-94.782954, 39.050176),"1976","71-0",-94.782954,39.050176,NA,NA
"4563","Wyandotte",-29.62,NA,1976-04-05,390253094470501,209,0,c(-94.782954, 39.050176),"1976","71-0",-94.782954,39.050176,NA,NA
"4564","Wyandotte",-29.61,NA,1976-04-10,390253094470501,209,0,c(-94.782954, 39.050176),"1976","71-0",-94.782954,39.050176,NA,NA
"4565","Wyandotte",-29.41,NA,1976-04-15,390253094470501,209,0,c(-94.782954, 39.050176),"1976","71-0",-94.782954,39.050176,NA,NA
"4566","Wyandotte",-28.99,NA,1976-04-20,390253094470501,209,0,c(-94.782954, 39.050176),"1976","71-0",-94.782954,39.050176,NA,NA
"4567","Wyandotte",-27.1,NA,1976-04-25,390253094470501,209,0,c(-94.782954, 39.050176),"1976","71-0",-94.782954,39.050176,NA,NA
"4568","Wyandotte",-26.55,NA,1976-04-30,390253094470501,209,0,c(-94.782954, 39.050176),"1976","71-0",-94.782954,39.050176,NA,NA
"4569","Wyandotte",-25.95,NA,1976-05-05,390253094470501,209,0,c(-94.782954, 39.050176),"1976","71-0",-94.782954,39.050176,NA,NA
"4570","Wyandotte",-25.4,NA,1976-05-10,390253094470501,209,0,c(-94.782954, 39.050176),"1976","71-0",-94.782954,39.050176,NA,NA
"4571","Wyandotte",-25.98,NA,1976-05-15,390253094470501,209,0,c(-94.782954, 39.050176),"1976","71-0",-94.782954,39.050176,NA,NA
"4572","Wyandotte",-26.8,NA,1976-05-20,390253094470501,209,0,c(-94.782954, 39.050176),"1976","71-0",-94.782954,39.050176,NA,NA
"4573","Wyandotte",-27.34,NA,1976-05-25,390253094470501,209,0,c(-94.782954, 39.050176),"1976","71-0",-94.782954,39.050176,NA,NA
"4574","Wyandotte",-27.02,NA,1976-05-31,390253094470501,209,0,c(-94.782954, 39.050176),"1976","71-0",-94.782954,39.050176,NA,NA
"4575","Wyandotte",-27.15,NA,1976-06-05,390253094470501,209,0,c(-94.782954, 39.050176),"1976","71-0",-94.782954,39.050176,NA,NA
"4576","Wyandotte",-27.8,NA,1976-06-10,390253094470501,209,0,c(-94.782954, 39.050176),"1976","71-0",-94.782954,39.050176,NA,NA
"4577","Wyandotte",-28.28,NA,1976-06-15,390253094470501,209,0,c(-94.782954, 39.050176),"1976","71-0",-94.782954,39.050176,NA,NA
"4578","Wyandotte",-28.42,NA,1976-06-20,390253094470501,209,0,c(-94.782954, 39.050176),"1976","71-0",-94.782954,39.050176,NA,NA
"4579","Wyandotte",-28.5,NA,1976-06-25,390253094470501,209,0,c(-94.782954, 39.050176),"1976","71-0",-94.782954,39.050176,NA,NA
"4580","Wyandotte",-28.03,NA,1976-06-30,390253094470501,209,0,c(-94.782954, 39.050176),"1976","71-0",-94.782954,39.050176,NA,NA
"4581","Wyandotte",-27.98,NA,1976-07-05,390253094470501,209,0,c(-94.782954, 39.050176),"1976","71-0",-94.782954,39.050176,NA,NA
"4582","Wyandotte",-28.22,NA,1976-07-10,390253094470501,209,0,c(-94.782954, 39.050176),"1976","71-0",-94.782954,39.050176,NA,NA
"4583","Wyandotte",-28.38,NA,1976-07-15,390253094470501,209,0,c(-94.782954, 39.050176),"1976","71-0",-94.782954,39.050176,NA,NA
"4584","Wyandotte",-28.37,NA,1976-07-20,390253094470501,209,0,c(-94.782954, 39.050176),"1976","71-0",-94.782954,39.050176,NA,NA
"4585","Wyandotte",-28.36,NA,1976-07-25,390253094470501,209,0,c(-94.782954, 39.050176),"1976","71-0",-94.782954,39.050176,NA,NA
"4586","Wyandotte",-28.42,NA,1976-07-31,390253094470501,209,0,c(-94.782954, 39.050176),"1976","71-0",-94.782954,39.050176,NA,NA
"4587","Wyandotte",-28.55,NA,1976-08-05,390253094470501,209,0,c(-94.782954, 39.050176),"1976","71-0",-94.782954,39.050176,NA,NA
"4588","Wyandotte",-28.94,NA,1976-08-10,390253094470501,209,0,c(-94.782954, 39.050176),"1976","71-0",-94.782954,39.050176,NA,NA
"4589","Wyandotte",-29.25,NA,1976-08-15,390253094470501,209,0,c(-94.782954, 39.050176),"1976","71-0",-94.782954,39.050176,NA,NA
"4590","Wyandotte",-29.61,NA,1976-08-20,390253094470501,209,0,c(-94.782954, 39.050176),"1976","71-0",-94.782954,39.050176,NA,NA
"4591","Wyandotte",-29.79,NA,1976-08-25,390253094470501,209,0,c(-94.782954, 39.050176),"1976","71-0",-94.782954,39.050176,NA,NA
"4592","Wyandotte",-29.93,NA,1976-08-31,390253094470501,209,0,c(-94.782954, 39.050176),"1976","71-0",-94.782954,39.050176,NA,NA
"4593","Wyandotte",-30.02,NA,1976-09-05,390253094470501,209,0,c(-94.782954, 39.050176),"1976","71-0",-94.782954,39.050176,NA,NA
"4594","Wyandotte",-30.09,NA,1976-09-10,390253094470501,209,0,c(-94.782954, 39.050176),"1976","71-0",-94.782954,39.050176,NA,NA
"4595","Wyandotte",-30.14,NA,1976-09-15,390253094470501,209,0,c(-94.782954, 39.050176),"1976","71-0",-94.782954,39.050176,NA,NA
"4596","Wyandotte",-30.09,NA,1976-09-20,390253094470501,209,0,c(-94.782954, 39.050176),"1976","71-0",-94.782954,39.050176,NA,NA
"4597","Wyandotte",-30.21,NA,1976-09-25,390253094470501,209,0,c(-94.782954, 39.050176),"1976","71-0",-94.782954,39.050176,NA,NA
"4598","Wyandotte",-30.2,NA,1976-09-30,390253094470501,209,0,c(-94.782954, 39.050176),"1976","71-0",-94.782954,39.050176,NA,NA
"4599","Wyandotte",-30.22,NA,1976-10-05,390253094470501,209,0,c(-94.782954, 39.050176),"1976","71-0",-94.782954,39.050176,NA,NA
"4600","Wyandotte",-30.18,NA,1976-10-10,390253094470501,209,0,c(-94.782954, 39.050176),"1976","71-0",-94.782954,39.050176,NA,NA
"4601","Wyandotte",-29.97,NA,1976-10-15,390253094470501,209,0,c(-94.782954, 39.050176),"1976","71-0",-94.782954,39.050176,NA,NA
"4602","Wyandotte",-30.14,NA,1976-10-20,390253094470501,209,0,c(-94.782954, 39.050176),"1976","71-0",-94.782954,39.050176,NA,NA
"4603","Wyandotte",-30.15,NA,1976-10-25,390253094470501,209,0,c(-94.782954, 39.050176),"1976","71-0",-94.782954,39.050176,NA,NA
"4604","Wyandotte",-30.17,NA,1976-10-31,390253094470501,209,0,c(-94.782954, 39.050176),"1976","71-0",-94.782954,39.050176,NA,NA
"4605","Wyandotte",-30.45,NA,1976-12-09,390253094470501,209,0,c(-94.782954, 39.050176),"1976","71-0",-94.782954,39.050176,NA,NA
"4606","Douglas",-22.84,"LAWRENCE EAST",1976-01-20,385657095085601,45,0,c(-95.14771, 38.95058),"1976","71-0",-95.14771,38.95058,NA,NA
"4607","Douglas",-23.78,"LAWRENCE EAST",1976-04-26,385657095085601,45,0,c(-95.14771, 38.95058),"1976","71-0",-95.14771,38.95058,NA,NA
"4608","Douglas",-24.55,"LAWRENCE EAST",1976-07-20,385657095085601,45,0,c(-95.14771, 38.95058),"1976","71-0",-95.14771,38.95058,NA,NA
"4609","Douglas",-25.09,"LAWRENCE EAST",1976-10-19,385657095085601,45,0,c(-95.14771, 38.95058),"1976","71-0",-95.14771,38.95058,NA,NA
"4610","Leavenworth",-22.25,NA,1976-03-08,385926094572001,103,0,c(-94.956544, 38.991902),"1976","71-0",-94.956544,38.991902,NA,NA
"4611","Leavenworth",-21.53,NA,1976-06-01,385926094572001,103,0,c(-94.956544, 38.991902),"1976","71-0",-94.956544,38.991902,NA,NA
"4612","Leavenworth",-21.7,NA,1976-09-07,385926094572001,103,0,c(-94.956544, 38.991902),"1976","71-0",-94.956544,38.991902,NA,NA
"4613","Leavenworth",-22.87,NA,1976-12-09,385926094572001,103,0,c(-94.956544, 38.991902),"1976","71-0",-94.956544,38.991902,NA,NA
"4614","Douglas",-29.89,"LAWRENCE EAST",1976-01-20,385657095093702,45,0,c(-95.159307, 38.950641),"1976","71-0",-95.159307,38.950641,NA,NA
"4615","Douglas",-31.33,"LAWRENCE EAST",1976-04-26,385657095093702,45,0,c(-95.159307, 38.950641),"1976","71-0",-95.159307,38.950641,NA,NA
"4616","Douglas",-32.6,"LAWRENCE EAST",1976-07-20,385657095093702,45,0,c(-95.159307, 38.950641),"1976","71-0",-95.159307,38.950641,NA,NA
"4617","Douglas",-32.09,"LAWRENCE EAST",1976-10-19,385657095093702,45,0,c(-95.159307, 38.950641),"1976","71-0",-95.159307,38.950641,NA,NA
"4618","Douglas",-11.62,"MIDLAND",1976-03-08,390032095143801,45,0,c(-95.243231, 39.010545),"1976","71-0",-95.243231,39.010545,NA,NA
"4619","Douglas",-11.3,"MIDLAND",1976-06-01,390032095143801,45,0,c(-95.243231, 39.010545),"1976","71-0",-95.243231,39.010545,NA,NA
"4620","Douglas",-12.4,"MIDLAND",1976-09-07,390032095143801,45,0,c(-95.243231, 39.010545),"1976","71-0",-95.243231,39.010545,NA,NA
"4621","Douglas",-13.03,"MIDLAND",1976-12-09,390032095143801,45,0,c(-95.243231, 39.010545),"1976","71-0",-95.243231,39.010545,NA,NA
"4622","Jefferson",-19.58,NA,1976-03-08,390407095310901,87,0,c(-95.518871, 39.070801),"1976","71-0",-95.518871,39.070801,NA,NA
"4623","Jefferson",-17.85,NA,1976-06-01,390407095310901,87,0,c(-95.518871, 39.070801),"1976","71-0",-95.518871,39.070801,NA,NA
"4624","Jefferson",-19.83,NA,1976-09-07,390407095310901,87,0,c(-95.518871, 39.070801),"1976","71-0",-95.518871,39.070801,NA,NA
"4625","Jefferson",-20.4,NA,1976-12-09,390407095310901,87,0,c(-95.518871, 39.070801),"1976","71-0",-95.518871,39.070801,NA,NA
"4626","Douglas",-42.25,"LONE STAR",1976-03-09,384501095164901,45,0,c(-95.280083, 38.750373),"1976","71-0",-95.280083,38.750373,NA,NA
"4627","Douglas",-46.1,"LONE STAR",1976-06-01,384501095164901,45,0,c(-95.280083, 38.750373),"1976","71-0",-95.280083,38.750373,NA,NA
"4628","Douglas",-48.02,"LONE STAR",1976-09-13,384501095164901,45,0,c(-95.280083, 38.750373),"1976","71-0",-95.280083,38.750373,NA,NA
"4629","Douglas",-46.44,"LONE STAR",1976-12-06,384501095164901,45,0,c(-95.280083, 38.750373),"1976","71-0",-95.280083,38.750373,NA,NA
"4630","Johnson",-30.8,NA,1976-03-08,390300094514301,91,0,c(-94.864073, 39.051777),"1976","71-0",-94.864073,39.051777,NA,NA
"4631","Johnson",-30,NA,1976-06-01,390300094514301,91,0,c(-94.864073, 39.051777),"1976","71-0",-94.864073,39.051777,NA,NA
"4632","Johnson",-31,NA,1976-09-07,390300094514301,91,0,c(-94.864073, 39.051777),"1976","71-0",-94.864073,39.051777,NA,NA
"4633","Johnson",-32.1,NA,1976-12-09,390300094514301,91,0,c(-94.864073, 39.051777),"1976","71-0",-94.864073,39.051777,NA,NA
"4634","Jefferson",-22.56,NA,1976-03-08,390446095260901,87,0,c(-95.436578, 39.080811),"1976","71-0",-95.436578,39.080811,NA,NA
"4635","Jefferson",-22.8,NA,1976-06-01,390446095260901,87,0,c(-95.436578, 39.080811),"1976","71-0",-95.436578,39.080811,NA,NA
"4636","Jefferson",-23.6,NA,1976-09-07,390446095260901,87,0,c(-95.436578, 39.080811),"1976","71-0",-95.436578,39.080811,NA,NA
"4637","Jefferson",-24.05,NA,1976-12-09,390446095260901,87,0,c(-95.436578, 39.080811),"1976","71-0",-95.436578,39.080811,NA,NA
"4638","Johnson",-17.62,NA,1976-03-08,385906094585101,91,0,c(-94.982179, 38.986485),"1976","71-0",-94.982179,38.986485,NA,NA
"4639","Johnson",-15.97,NA,1976-06-01,385906094585101,91,0,c(-94.982179, 38.986485),"1976","71-0",-94.982179,38.986485,NA,NA
"4640","Johnson",-17.31,NA,1976-09-07,385906094585101,91,0,c(-94.982179, 38.986485),"1976","71-0",-94.982179,38.986485,NA,NA
"4641","Johnson",-18.31,NA,1976-12-09,385906094585101,91,0,c(-94.982179, 38.986485),"1976","71-0",-94.982179,38.986485,NA,NA
"4642","Johnson",-27.14,NA,1976-03-08,385841094553401,91,0,c(-94.926132, 38.979085),"1976","71-0",-94.926132,38.979085,NA,NA
"4643","Johnson",-26.72,NA,1976-06-01,385841094553401,91,0,c(-94.926132, 38.979085),"1976","71-0",-94.926132,38.979085,NA,NA
"4644","Johnson",-27.76,NA,1976-09-07,385841094553401,91,0,c(-94.926132, 38.979085),"1976","71-0",-94.926132,38.979085,NA,NA
"4645","Johnson",-28.95,NA,1976-12-09,385841094553401,91,0,c(-94.926132, 38.979085),"1976","71-0",-94.926132,38.979085,NA,NA
"4646","Jefferson",-23.15,NA,1976-03-08,390334095195801,87,0,c(-95.332145, 39.061097),"1976","71-0",-95.332145,39.061097,NA,NA
"4647","Jefferson",-21.9,NA,1976-06-01,390334095195801,87,0,c(-95.332145, 39.061097),"1976","71-0",-95.332145,39.061097,NA,NA
"4648","Jefferson",-23.74,NA,1976-09-07,390334095195801,87,0,c(-95.332145, 39.061097),"1976","71-0",-95.332145,39.061097,NA,NA
"4649","Jefferson",-24.56,NA,1976-12-09,390334095195801,87,0,c(-95.332145, 39.061097),"1976","71-0",-95.332145,39.061097,NA,NA
"4650","Jefferson",-23.22,NA,1976-03-08,390354095175201,87,0,c(-95.297126, 39.066697),"1976","71-0",-95.297126,39.066697,NA,NA
"4651","Jefferson",-23.58,NA,1976-06-01,390354095175201,87,0,c(-95.297126, 39.066697),"1976","71-0",-95.297126,39.066697,NA,NA
"4652","Jefferson",-24.22,NA,1976-09-07,390354095175201,87,0,c(-95.297126, 39.066697),"1976","71-0",-95.297126,39.066697,NA,NA
"4653","Jefferson",-25.12,NA,1976-12-09,390354095175201,87,0,c(-95.297126, 39.066697),"1976","71-0",-95.297126,39.066697,NA,NA
"4654","Douglas",-30.25,"EUDORA",1976-03-08,385650095055901,45,0,c(-95.101673, 38.948719),"1976","71-0",-95.101673,38.948719,NA,NA
"4655","Douglas",-26.9,"EUDORA",1976-06-01,385650095055901,45,0,c(-95.101673, 38.948719),"1976","71-0",-95.101673,38.948719,NA,NA
"4656","Douglas",-30.49,"EUDORA",1976-09-07,385650095055901,45,0,c(-95.101673, 38.948719),"1976","71-0",-95.101673,38.948719,NA,NA
"4657","Douglas",-30.02,"EUDORA",1976-12-09,385650095055901,45,0,c(-95.101673, 38.948719),"1976","71-0",-95.101673,38.948719,NA,NA
"4658","Douglas",-22.73,"MIDLAND",1976-01-05,390006095132301,45,0,c(-95.223996, 39.002366),"1976","71-0",-95.223996,39.002366,NA,NA
"4659","Douglas",-22.75,"MIDLAND",1976-01-10,390006095132301,45,0,c(-95.223996, 39.002366),"1976","71-0",-95.223996,39.002366,NA,NA
"4660","Douglas",-22.8,"MIDLAND",1976-01-15,390006095132301,45,0,c(-95.223996, 39.002366),"1976","71-0",-95.223996,39.002366,NA,NA
"4661","Douglas",-22.87,"MIDLAND",1976-01-20,390006095132301,45,0,c(-95.223996, 39.002366),"1976","71-0",-95.223996,39.002366,NA,NA
"4662","Douglas",-23.12,"MIDLAND",1976-02-20,390006095132301,45,0,c(-95.223996, 39.002366),"1976","71-0",-95.223996,39.002366,NA,NA
"4663","Douglas",-23.18,"MIDLAND",1976-02-25,390006095132301,45,0,c(-95.223996, 39.002366),"1976","71-0",-95.223996,39.002366,NA,NA
"4664","Douglas",-23.23,"MIDLAND",1976-02-28,390006095132301,45,0,c(-95.223996, 39.002366),"1976","71-0",-95.223996,39.002366,NA,NA
"4665","Douglas",-23.26,"MIDLAND",1976-03-05,390006095132301,45,0,c(-95.223996, 39.002366),"1976","71-0",-95.223996,39.002366,NA,NA
"4666","Douglas",-23.26,"MIDLAND",1976-03-10,390006095132301,45,0,c(-95.223996, 39.002366),"1976","71-0",-95.223996,39.002366,NA,NA
"4667","Douglas",-23.27,"MIDLAND",1976-03-15,390006095132301,45,0,c(-95.223996, 39.002366),"1976","71-0",-95.223996,39.002366,NA,NA
"4668","Douglas",-23.25,"MIDLAND",1976-03-20,390006095132301,45,0,c(-95.223996, 39.002366),"1976","71-0",-95.223996,39.002366,NA,NA
"4669","Douglas",-23.28,"MIDLAND",1976-03-25,390006095132301,45,0,c(-95.223996, 39.002366),"1976","71-0",-95.223996,39.002366,NA,NA
"4670","Douglas",-23.33,"MIDLAND",1976-03-31,390006095132301,45,0,c(-95.223996, 39.002366),"1976","71-0",-95.223996,39.002366,NA,NA
"4671","Douglas",-23.39,"MIDLAND",1976-04-05,390006095132301,45,0,c(-95.223996, 39.002366),"1976","71-0",-95.223996,39.002366,NA,NA
"4672","Douglas",-23.44,"MIDLAND",1976-04-10,390006095132301,45,0,c(-95.223996, 39.002366),"1976","71-0",-95.223996,39.002366,NA,NA
"4673","Douglas",-23.49,"MIDLAND",1976-04-15,390006095132301,45,0,c(-95.223996, 39.002366),"1976","71-0",-95.223996,39.002366,NA,NA
"4674","Douglas",-23.5,"MIDLAND",1976-04-25,390006095132301,45,0,c(-95.223996, 39.002366),"1976","71-0",-95.223996,39.002366,NA,NA
"4675","Douglas",-23.46,"MIDLAND",1976-04-30,390006095132301,45,0,c(-95.223996, 39.002366),"1976","71-0",-95.223996,39.002366,NA,NA
"4676","Douglas",-23.4,"MIDLAND",1976-05-05,390006095132301,45,0,c(-95.223996, 39.002366),"1976","71-0",-95.223996,39.002366,NA,NA
"4677","Douglas",-23.43,"MIDLAND",1976-05-10,390006095132301,45,0,c(-95.223996, 39.002366),"1976","71-0",-95.223996,39.002366,NA,NA
"4678","Douglas",-23.44,"MIDLAND",1976-05-15,390006095132301,45,0,c(-95.223996, 39.002366),"1976","71-0",-95.223996,39.002366,NA,NA
"4679","Douglas",-23.39,"MIDLAND",1976-05-20,390006095132301,45,0,c(-95.223996, 39.002366),"1976","71-0",-95.223996,39.002366,NA,NA
"4680","Douglas",-23.44,"MIDLAND",1976-05-25,390006095132301,45,0,c(-95.223996, 39.002366),"1976","71-0",-95.223996,39.002366,NA,NA
"4681","Douglas",-23.32,"MIDLAND",1976-05-31,390006095132301,45,0,c(-95.223996, 39.002366),"1976","71-0",-95.223996,39.002366,NA,NA
"4682","Douglas",-23.3,"MIDLAND",1976-06-05,390006095132301,45,0,c(-95.223996, 39.002366),"1976","71-0",-95.223996,39.002366,NA,NA
"4683","Douglas",-23.31,"MIDLAND",1976-06-10,390006095132301,45,0,c(-95.223996, 39.002366),"1976","71-0",-95.223996,39.002366,NA,NA
"4684","Douglas",-23.44,"MIDLAND",1976-06-15,390006095132301,45,0,c(-95.223996, 39.002366),"1976","71-0",-95.223996,39.002366,NA,NA
"4685","Douglas",-23.57,"MIDLAND",1976-06-20,390006095132301,45,0,c(-95.223996, 39.002366),"1976","71-0",-95.223996,39.002366,NA,NA
"4686","Douglas",-23.69,"MIDLAND",1976-06-25,390006095132301,45,0,c(-95.223996, 39.002366),"1976","71-0",-95.223996,39.002366,NA,NA
"4687","Douglas",-23.77,"MIDLAND",1976-06-30,390006095132301,45,0,c(-95.223996, 39.002366),"1976","71-0",-95.223996,39.002366,NA,NA
"4688","Douglas",-23.84,"MIDLAND",1976-07-05,390006095132301,45,0,c(-95.223996, 39.002366),"1976","71-0",-95.223996,39.002366,NA,NA
"4689","Douglas",-23.91,"MIDLAND",1976-07-10,390006095132301,45,0,c(-95.223996, 39.002366),"1976","71-0",-95.223996,39.002366,NA,NA
"4690","Douglas",-23.98,"MIDLAND",1976-07-15,390006095132301,45,0,c(-95.223996, 39.002366),"1976","71-0",-95.223996,39.002366,NA,NA
"4691","Douglas",-23.98,"MIDLAND",1976-07-20,390006095132301,45,0,c(-95.223996, 39.002366),"1976","71-0",-95.223996,39.002366,NA,NA
"4692","Douglas",-24.04,"MIDLAND",1976-07-25,390006095132301,45,0,c(-95.223996, 39.002366),"1976","71-0",-95.223996,39.002366,NA,NA
"4693","Douglas",-24.11,"MIDLAND",1976-07-31,390006095132301,45,0,c(-95.223996, 39.002366),"1976","71-0",-95.223996,39.002366,NA,NA
"4694","Douglas",-24.15,"MIDLAND",1976-08-05,390006095132301,45,0,c(-95.223996, 39.002366),"1976","71-0",-95.223996,39.002366,NA,NA
"4695","Douglas",-24.18,"MIDLAND",1976-08-10,390006095132301,45,0,c(-95.223996, 39.002366),"1976","71-0",-95.223996,39.002366,NA,NA
"4696","Douglas",-24.22,"MIDLAND",1976-08-15,390006095132301,45,0,c(-95.223996, 39.002366),"1976","71-0",-95.223996,39.002366,NA,NA
"4697","Douglas",-24.29,"MIDLAND",1976-08-20,390006095132301,45,0,c(-95.223996, 39.002366),"1976","71-0",-95.223996,39.002366,NA,NA
"4698","Douglas",-24.34,"MIDLAND",1976-08-25,390006095132301,45,0,c(-95.223996, 39.002366),"1976","71-0",-95.223996,39.002366,NA,NA
"4699","Douglas",-24.42,"MIDLAND",1976-08-31,390006095132301,45,0,c(-95.223996, 39.002366),"1976","71-0",-95.223996,39.002366,NA,NA
"4700","Douglas",-24.48,"MIDLAND",1976-09-05,390006095132301,45,0,c(-95.223996, 39.002366),"1976","71-0",-95.223996,39.002366,NA,NA
"4701","Douglas",-24.53,"MIDLAND",1976-09-10,390006095132301,45,0,c(-95.223996, 39.002366),"1976","71-0",-95.223996,39.002366,NA,NA
"4702","Douglas",-24.56,"MIDLAND",1976-09-15,390006095132301,45,0,c(-95.223996, 39.002366),"1976","71-0",-95.223996,39.002366,NA,NA
"4703","Douglas",-24.64,"MIDLAND",1976-09-20,390006095132301,45,0,c(-95.223996, 39.002366),"1976","71-0",-95.223996,39.002366,NA,NA
"4704","Douglas",-24.7,"MIDLAND",1976-09-25,390006095132301,45,0,c(-95.223996, 39.002366),"1976","71-0",-95.223996,39.002366,NA,NA
"4705","Douglas",-24.75,"MIDLAND",1976-09-30,390006095132301,45,0,c(-95.223996, 39.002366),"1976","71-0",-95.223996,39.002366,NA,NA
"4706","Douglas",-24.8,"MIDLAND",1976-10-05,390006095132301,45,0,c(-95.223996, 39.002366),"1976","71-0",-95.223996,39.002366,NA,NA
"4707","Douglas",-24.82,"MIDLAND",1976-10-10,390006095132301,45,0,c(-95.223996, 39.002366),"1976","71-0",-95.223996,39.002366,NA,NA
"4708","Douglas",-24.82,"MIDLAND",1976-10-15,390006095132301,45,0,c(-95.223996, 39.002366),"1976","71-0",-95.223996,39.002366,NA,NA
"4709","Douglas",-24.84,"MIDLAND",1976-10-20,390006095132301,45,0,c(-95.223996, 39.002366),"1976","71-0",-95.223996,39.002366,NA,NA
"4710","Douglas",-24.85,"MIDLAND",1976-10-25,390006095132301,45,0,c(-95.223996, 39.002366),"1976","71-0",-95.223996,39.002366,NA,NA
"4711","Douglas",-24.85,"MIDLAND",1976-10-31,390006095132301,45,0,c(-95.223996, 39.002366),"1976","71-0",-95.223996,39.002366,NA,NA
"4712","Douglas",-24.89,"MIDLAND",1976-11-05,390006095132301,45,0,c(-95.223996, 39.002366),"1976","71-0",-95.223996,39.002366,NA,NA
"4713","Douglas",-24.95,"MIDLAND",1976-11-10,390006095132301,45,0,c(-95.223996, 39.002366),"1976","71-0",-95.223996,39.002366,NA,NA
"4714","Douglas",-24.97,"MIDLAND",1976-11-15,390006095132301,45,0,c(-95.223996, 39.002366),"1976","71-0",-95.223996,39.002366,NA,NA
"4715","Douglas",-25.02,"MIDLAND",1976-11-20,390006095132301,45,0,c(-95.223996, 39.002366),"1976","71-0",-95.223996,39.002366,NA,NA
"4716","Douglas",-25.04,"MIDLAND",1976-11-25,390006095132301,45,0,c(-95.223996, 39.002366),"1976","71-0",-95.223996,39.002366,NA,NA
"4717","Douglas",-25.05,"MIDLAND",1976-11-30,390006095132301,45,0,c(-95.223996, 39.002366),"1976","71-0",-95.223996,39.002366,NA,NA
"4718","Douglas",-25.06,"MIDLAND",1976-12-05,390006095132301,45,0,c(-95.223996, 39.002366),"1976","71-0",-95.223996,39.002366,NA,NA
"4719","Douglas",-25.08,"MIDLAND",1976-12-10,390006095132301,45,0,c(-95.223996, 39.002366),"1976","71-0",-95.223996,39.002366,NA,NA
"4720","Douglas",-25.13,"MIDLAND",1976-12-15,390006095132301,45,0,c(-95.223996, 39.002366),"1976","71-0",-95.223996,39.002366,NA,NA
"4721","Douglas",-25.15,"MIDLAND",1976-12-20,390006095132301,45,0,c(-95.223996, 39.002366),"1976","71-0",-95.223996,39.002366,NA,NA
"4722","Douglas",-25.14,"MIDLAND",1976-12-25,390006095132301,45,0,c(-95.223996, 39.002366),"1976","71-0",-95.223996,39.002366,NA,NA
"4723","Douglas",-25.13,"MIDLAND",1976-12-31,390006095132301,45,0,c(-95.223996, 39.002366),"1976","71-0",-95.223996,39.002366,NA,NA
"4724","Johnson",-18.65,NA,1976-03-08,385853094594901,91,0,c(-94.998171, 38.983113),"1976","71-0",-94.998171,38.983113,NA,NA
"4725","Johnson",-18.9,NA,1976-06-01,385853094594901,91,0,c(-94.998171, 38.983113),"1976","71-0",-94.998171,38.983113,NA,NA
"4726","Johnson",-19.34,NA,1976-09-07,385853094594901,91,0,c(-94.998171, 38.983113),"1976","71-0",-94.998171,38.983113,NA,NA
"4727","Johnson",-20.02,NA,1976-12-09,385853094594901,91,0,c(-94.998171, 38.983113),"1976","71-0",-94.998171,38.983113,NA,NA
"4728","Douglas",-27.47,"LAWRENCE EAST",1976-01-20,385723095093801,45,0,c(-95.159246, 38.957782),"1976","71-0",-95.159246,38.957782,NA,NA
"4729","Douglas",-28.46,"LAWRENCE EAST",1976-04-26,385723095093801,45,0,c(-95.159246, 38.957782),"1976","71-0",-95.159246,38.957782,NA,NA
"4730","Douglas",-28.89,"LAWRENCE EAST",1976-07-20,385723095093801,45,0,c(-95.159246, 38.957782),"1976","71-0",-95.159246,38.957782,NA,NA
"4731","Douglas",-28.94,"LAWRENCE EAST",1976-10-19,385723095093801,45,0,c(-95.159246, 38.957782),"1976","71-0",-95.159246,38.957782,NA,NA
"4732","Jefferson",-12.34,NA,1976-03-08,390617095255301,87,0,c(-95.432199, 39.10614),"1976","71-0",-95.432199,39.10614,NA,NA
"4733","Jefferson",-12.04,NA,1976-06-01,390617095255301,87,0,c(-95.432199, 39.10614),"1976","71-0",-95.432199,39.10614,NA,NA
"4734","Jefferson",-15.8,NA,1976-09-07,390617095255301,87,0,c(-95.432199, 39.10614),"1976","71-0",-95.432199,39.10614,NA,NA
"4735","Jefferson",-15.82,NA,1976-12-09,390617095255301,87,0,c(-95.432199, 39.10614),"1976","71-0",-95.432199,39.10614,NA,NA
"4736","Douglas",-26.7,"MIDLAND",1976-03-08,390144095143801,45,0,c(-95.243399, 39.030534),"1976","71-0",-95.243399,39.030534,NA,NA
"4737","Douglas",-26.1,"MIDLAND",1976-06-01,390144095143801,45,0,c(-95.243399, 39.030534),"1976","71-0",-95.243399,39.030534,NA,NA
"4738","Douglas",-28.12,"MIDLAND",1976-09-07,390144095143801,45,0,c(-95.243399, 39.030534),"1976","71-0",-95.243399,39.030534,NA,NA
"4739","Douglas",-29.2,"MIDLAND",1976-12-09,390144095143801,45,0,c(-95.243399, 39.030534),"1976","71-0",-95.243399,39.030534,NA,NA
"4740","Wyandotte",-40.37,NA,1976-02-02,390319094460802,209,0,c(-94.766902, 39.057668),"1976","71-0",-94.766902,39.057668,NA,NA
"4741","Wyandotte",-32.12,NA,1976-04-01,390319094460802,209,0,c(-94.766902, 39.057668),"1976","71-0",-94.766902,39.057668,NA,NA
"4742","Wyandotte",-32.7,NA,1976-04-30,390319094460802,209,0,c(-94.766902, 39.057668),"1976","71-0",-94.766902,39.057668,NA,NA
"4743","Wyandotte",-34.76,NA,1976-06-02,390319094460802,209,0,c(-94.766902, 39.057668),"1976","71-0",-94.766902,39.057668,NA,NA
"4744","Wyandotte",-38.2,NA,1976-07-01,390319094460802,209,0,c(-94.766902, 39.057668),"1976","71-0",-94.766902,39.057668,NA,NA
"4745","Wyandotte",-36.2,NA,1976-08-10,390319094460802,209,0,c(-94.766902, 39.057668),"1976","71-0",-94.766902,39.057668,NA,NA
"4746","Wyandotte",-40.55,NA,1976-09-07,390319094460802,209,0,c(-94.766902, 39.057668),"1976","71-0",-94.766902,39.057668,NA,NA
"4747","Wyandotte",-42.17,NA,1976-12-01,390319094460802,209,0,c(-94.766902, 39.057668),"1976","71-0",-94.766902,39.057668,NA,NA
"4748","Wyandotte",-44.07,NA,1976-03-08,390503094395902,209,0,c(-94.662147, 39.086842),"1976","71-0",-94.662147,39.086842,NA,NA
"4749","Wyandotte",-40.1,NA,1976-06-01,390503094395902,209,0,c(-94.662147, 39.086842),"1976","71-0",-94.662147,39.086842,NA,NA
"4750","Wyandotte",-43.88,NA,1976-09-07,390503094395902,209,0,c(-94.662147, 39.086842),"1976","71-0",-94.662147,39.086842,NA,NA
"4751","Wyandotte",-44.88,NA,1976-12-09,390503094395902,209,0,c(-94.662147, 39.086842),"1976","71-0",-94.662147,39.086842,NA,NA
"4752","Wyandotte",-39,NA,1976-02-02,390352094453503,209,0,c(-94.757487, 39.066732),"1976","71-0",-94.757487,39.066732,NA,NA
"4753","Wyandotte",-39.13,NA,1976-04-01,390352094453503,209,0,c(-94.757487, 39.066732),"1976","71-0",-94.757487,39.066732,NA,NA
"4754","Wyandotte",-37.42,NA,1976-04-30,390352094453503,209,0,c(-94.757487, 39.066732),"1976","71-0",-94.757487,39.066732,NA,NA
"4755","Wyandotte",-37,NA,1976-06-02,390352094453503,209,0,c(-94.757487, 39.066732),"1976","71-0",-94.757487,39.066732,NA,NA
"4756","Wyandotte",-36.84,NA,1976-07-01,390352094453503,209,0,c(-94.757487, 39.066732),"1976","71-0",-94.757487,39.066732,NA,NA
"4757","Wyandotte",-38,NA,1976-08-10,390352094453503,209,0,c(-94.757487, 39.066732),"1976","71-0",-94.757487,39.066732,NA,NA
"4758","Wyandotte",-43,NA,1976-10-01,390352094453503,209,0,c(-94.757487, 39.066732),"1976","71-0",-94.757487,39.066732,NA,NA
"4759","Wyandotte",-53,NA,1976-11-02,390352094453503,209,0,c(-94.757487, 39.066732),"1976","71-0",-94.757487,39.066732,NA,NA
"4760","Wyandotte",-41.83,NA,1976-12-01,390352094453503,209,0,c(-94.757487, 39.066732),"1976","71-0",-94.757487,39.066732,NA,NA
"4761","Wyandotte",-30.2,NA,1976-03-08,390543094430601,209,0,c(-94.715798, 39.097691),"1976","71-0",-94.715798,39.097691,NA,NA
"4762","Wyandotte",-27.84,NA,1976-06-01,390543094430601,209,0,c(-94.715798, 39.097691),"1976","71-0",-94.715798,39.097691,NA,NA
"4763","Wyandotte",-29.15,NA,1976-09-07,390543094430601,209,0,c(-94.715798, 39.097691),"1976","71-0",-94.715798,39.097691,NA,NA
"4764","Wyandotte",-30.67,NA,1976-12-09,390543094430601,209,0,c(-94.715798, 39.097691),"1976","71-0",-94.715798,39.097691,NA,NA
"4765","Wyandotte",-35.69,NA,1976-02-02,390418094444502,209,0,c(-94.743814, 39.073995),"1976","71-0",-94.743814,39.073995,NA,NA
"4766","Wyandotte",-33.24,NA,1976-04-01,390418094444502,209,0,c(-94.743814, 39.073995),"1976","71-0",-94.743814,39.073995,NA,NA
"4767","Wyandotte",-29.67,NA,1976-04-30,390418094444502,209,0,c(-94.743814, 39.073995),"1976","71-0",-94.743814,39.073995,NA,NA
"4768","Wyandotte",-29.7,NA,1976-06-02,390418094444502,209,0,c(-94.743814, 39.073995),"1976","71-0",-94.743814,39.073995,NA,NA
"4769","Wyandotte",-30.94,NA,1976-07-01,390418094444502,209,0,c(-94.743814, 39.073995),"1976","71-0",-94.743814,39.073995,NA,NA
"4770","Wyandotte",-31.94,NA,1976-08-10,390418094444502,209,0,c(-94.743814, 39.073995),"1976","71-0",-94.743814,39.073995,NA,NA
"4771","Wyandotte",-32.94,NA,1976-09-01,390418094444502,209,0,c(-94.743814, 39.073995),"1976","71-0",-94.743814,39.073995,NA,NA
"4772","Wyandotte",-33.14,NA,1976-10-01,390418094444502,209,0,c(-94.743814, 39.073995),"1976","71-0",-94.743814,39.073995,NA,NA
"4773","Wyandotte",-33.44,NA,1976-11-02,390418094444502,209,0,c(-94.743814, 39.073995),"1976","71-0",-94.743814,39.073995,NA,NA
"4774","Wyandotte",-34.1,NA,1976-12-01,390418094444502,209,0,c(-94.743814, 39.073995),"1976","71-0",-94.743814,39.073995,NA,NA
"4775","Sherman",-149.5,NA,1976-01-16,392922101454001,181,0,c(-101.761484, 39.489788),"1976","215-144",-101.761484,39.489788,152.504776,"132-197"
"4776","Cheyenne",-212.7,NA,1976-01-14,394316101265701,23,0,c(-101.447204, 39.721401),"1976","215-144",-101.447204,39.721401,96.4572449,"66-131"
"4777","Rawlins",-192.26,NA,1976-01-14,394428101244001,153,0,c(-101.409438, 39.741437),"1976","215-144",-101.409438,39.741437,83.5725098,"66-131"
"4778","Rawlins",-194.58,NA,1976-03-17,394428101244001,153,0,c(-101.409438, 39.741437),"1976","215-144",-101.409438,39.741437,83.5725098,"66-131"
"4779","Rawlins",-187.38,NA,1976-06-08,394428101244001,153,0,c(-101.409438, 39.741437),"1976","215-144",-101.409438,39.741437,83.5725098,"66-131"
"4780","Rawlins",-214.05,NA,1976-09-14,394428101244001,153,0,c(-101.409438, 39.741437),"1976","215-144",-101.409438,39.741437,83.5725098,"66-131"
"4781","Sherman",-159.64,NA,1976-01-16,393403101503501,181,0,c(-101.843472, 39.567454),"1976","215-144",-101.843472,39.567454,121.5181274,"66-131"
"4782","Cheyenne",-202.1,"Dewey Ranch NW",1976-01-14,394237101292901,23,0,c(-101.490843, 39.710476),"1976","215-144",-101.490843,39.710476,109.1608047,"66-131"
"4783","Rawlins",-182.2,"McDonald",1976-01-13,395033101183701,153,0,c(-101.306761, 39.843129),"1976","215-144",-101.306761,39.843129,125.5819626,"66-131"
"4784","Cheyenne",-21.27,NA,1976-01-15,394850101490002,23,0,c(-101.814953, 39.814613),"1976","71-0",-101.814953,39.814613,10,"0-65"
"4785","Rawlins",-204.08,"McDonald SW",1976-01-14,394711101233201,153,0,c(-101.391158, 39.785867),"1976","215-144",-101.391158,39.785867,97.2237549,"66-131"
"4786","Rawlins",-208.37,"McDonald SW",1976-03-17,394711101233201,153,0,c(-101.391158, 39.785867),"1976","215-144",-101.391158,39.785867,97.2237549,"66-131"
"4787","Rawlins",-202.21,"McDonald SW",1976-06-08,394711101233201,153,0,c(-101.391158, 39.785867),"1976","215-144",-101.391158,39.785867,97.2237549,"66-131"
"4788","Rawlins",-230.96,"McDonald SW",1976-09-14,394711101233201,153,0,c(-101.391158, 39.785867),"1976","287-216",-101.391158,39.785867,97.2237549,"66-131"
"4789","Cheyenne",-148.07,"Dewey Ranch SW",1976-02-10,393704101273301,23,0,c(-101.459742, 39.619248),"1976","215-144",-101.459742,39.619248,142.0303955,"132-197"
"4790","Rawlins",-154.8,"Dewey Ranch",1976-01-14,394013101155301,153,0,c(-101.263113, 39.671537),"1976","215-144",-101.263113,39.671537,69.7476883,"66-131"
"4791","Sherman",-160.28,"Ruleton NE",1976-01-16,392948101493301,181,0,c(-101.827454, 39.496176),"1976","215-144",-101.827454,39.496176,135.4332275,"132-197"
"4792","Thomas",-165.91,"Dewey Ranch SE",1976-01-14,393250101181301,193,0,c(-101.303939, 39.5484),"1976","215-144",-101.303939,39.5484,96.0399399,"66-131"
"4793","Sherman",-165.08,"Bird City South SE",1976-02-10,393304101334601,181,0,c(-101.560245, 39.552617),"1976","215-144",-101.560245,39.552617,140.0558472,"132-197"
"4794","Sherman",-144.82,"Bird City South SW",1976-02-10,393225101401201,181,0,c(-101.669549, 39.540097),"1976","215-144",-101.669549,39.540097,175.6112976,"132-197"
"4795","Cheyenne",-214.17,NA,1976-02-11,394646102024701,23,0,c(-102.048559, 39.778878),"1976","215-144",-102.048559,39.778878,55.3116837,"0-65"
"4796","Cheyenne",-136.91,NA,1976-02-11,394744101552701,23,0,c(-101.921662, 39.79728),"1976","143-72",-101.921662,39.79728,22.7889519,"0-65"
"4797","Rawlins",-204.5,"MCDONALD SW",1976-01-13,395224101205101,153,0,c(-101.345777, 39.873273),"1976","215-144",-101.345777,39.873273,90.4793015,"66-131"
"4798","Cheyenne",-187.2,"Bird City South",1976-02-10,394132101351201,23,0,c(-101.584046, 39.692765),"1976","215-144",-101.584046,39.692765,124.5613327,"66-131"
"4799","Cheyenne",-133.6,NA,1976-02-11,394021101413201,23,0,c(-101.690009, 39.672374),"1976","143-72",-101.690009,39.672374,117.1684952,"66-131"
"4800","Sherman",-174.75,"S of Crosby Creek",1976-02-11,393053101560401,181,0,c(-101.934657, 39.513645),"1976","215-144",-101.934657,39.513645,118.5501633,"66-131"
"4801","Sherman",-159.2,"Ruleton NE",1976-01-16,392836101491801,181,0,c(-101.823154, 39.477426),"1976","215-144",-101.823154,39.477426,142.1251831,"132-197"
"4802","Sherman",-189.2,"S of Crosby Creek",1976-01-15,393403101575901,181,0,c(-101.966759, 39.567715),"1976","215-144",-101.966759,39.567715,66.1044006,"66-131"
"4803","Sherman",-195.62,"S of Crosby Creek",1976-03-18,393403101575901,181,0,c(-101.966759, 39.567715),"1976","215-144",-101.966759,39.567715,66.1044006,"66-131"
"4804","Sherman",-197.8,"S of Crosby Creek",1976-06-09,393403101575901,181,0,c(-101.966759, 39.567715),"1976","215-144",-101.966759,39.567715,66.1044006,"66-131"
"4805","Sherman",-203.29,"S of Crosby Creek",1976-09-14,393403101575901,181,0,c(-101.966759, 39.567715),"1976","215-144",-101.966759,39.567715,66.1044006,"66-131"
"4806","Sherman",-134.25,"Brewster NW",1976-01-16,392843101274601,181,0,c(-101.463743, 39.478749),"1976","143-72",-101.463743,39.478749,105.8801422,"66-131"
"4807","Sherman",-136.41,"Brewster NW",1976-06-08,392843101274601,181,0,c(-101.463743, 39.478749),"1976","143-72",-101.463743,39.478749,105.8801422,"66-131"
"4808","Sherman",-140.83,"Brewster NW",1976-09-14,392843101274601,181,0,c(-101.463743, 39.478749),"1976","143-72",-101.463743,39.478749,105.8801422,"66-131"
"4809","Cheyenne",-130.19,"Bird City South SW",1976-02-10,393508101390801,23,0,c(-101.649648, 39.586016),"1976","143-72",-101.649648,39.586016,152.4526367,"132-197"
"4810","Sherman",-160.04,"South of Drury Creek",1976-02-11,393304101455501,181,0,c(-101.766552, 39.550446),"1976","215-144",-101.766552,39.550446,163.6193237,"132-197"
"4811","Cheyenne",-25.25,"Henkle Canyon",1976-01-14,395921101331801,23,0,c(-101.555945, 39.988395),"1976","71-0",-101.555945,39.988395,10,"0-65"
"4812","Rawlins",-218.4,NA,1976-01-13,395230101243701,153,0,c(-101.408995, 39.875516),"1976","287-216",-101.408995,39.875516,59.7003899,"0-65"
"4813","Cheyenne",-247.13,"Saint Francis SW",1976-01-15,395001101553501,23,0,c(-101.925958, 39.832892),"1976","287-216",-101.925958,39.832892,24.9791679,"0-65"
"4814","Cheyenne",-221.3,NA,1976-01-08,393613101562101,23,0,c(-101.939179, 39.603602),"1976","287-216",-101.939179,39.603602,65.5234985,"0-65"
"4815","Cheyenne",-204.06,NA,1976-01-08,393804101520201,23,0,c(-101.866422, 39.634592),"1976","215-144",-101.866422,39.634592,83.5550079,"66-131"
"4816","Cheyenne",-198.62,NA,1976-01-08,394356101395901,23,0,c(-101.663595, 39.732233),"1976","215-144",-101.663595,39.732233,86.7168121,"66-131"
"4817","Cheyenne",-209.17,NA,1976-01-08,393719101474901,23,0,c(-101.796214, 39.621867),"1976","215-144",-101.796214,39.621867,102.5189819,"66-131"
"4818","Sherman",-205.15,NA,1976-01-15,393244102021801,181,0,c(-102.040861, 39.546295),"1976","215-144",-102.040861,39.546295,84.3367615,"66-131"
"4819","Cheyenne",-9.92,"Heinzelman Canyon",1976-01-14,395606101391601,23,0,c(-101.654248, 39.935114),"1976","71-0",-101.654248,39.935114,10,"0-65"
"4820","Cheyenne",-18.44,NA,1976-01-14,395125101413401,23,0,c(-101.69094, 39.857003),"1976","71-0",-101.69094,39.857003,42.7582703,"0-65"
"4821","Cheyenne",-206.3,"South of Drury Creek",1976-01-08,393712101470601,23,0,c(-101.785452, 39.619265),"1976","215-144",-101.785452,39.619265,110.044632,"66-131"
"4822","Cheyenne",-205.45,"South of Drury Creek",1976-03-17,393712101470601,23,0,c(-101.785452, 39.619265),"1976","215-144",-101.785452,39.619265,110.044632,"66-131"
"4823","Cheyenne",-210.74,"South of Drury Creek",1976-06-08,393712101470601,23,0,c(-101.785452, 39.619265),"1976","215-144",-101.785452,39.619265,110.044632,"66-131"
"4824","Sherman",-156.38,"Ruleton NW",1976-02-11,393001101524301,181,0,c(-101.879256, 39.499776),"1976","215-144",-101.879256,39.499776,139.0107422,"132-197"
"4825","Sherman",-191.93,"S of Crosby Creek",1976-01-15,393040101593201,181,0,c(-101.994359, 39.510195),"1976","215-144",-101.994359,39.510195,105.9800568,"66-131"
"4826","Cheyenne",-117.9,NA,1976-01-14,393507101334201,23,0,c(-101.56, 39.585492),"1976","143-72",-101.56,39.585492,142.8109894,"132-197"
"4827","Cheyenne",-163.06,NA,1976-01-08,394218101444101,23,0,c(-101.743904, 39.704889),"1976","215-144",-101.743904,39.704889,84.5633087,"66-131"
"4828","Cheyenne",-18.4,"Crosby Creek",1976-01-08,394218101551201,23,0,c(-101.919557, 39.704864),"1976","71-0",-101.919557,39.704864,35.9635696,"0-65"
"4829","Cheyenne",-5.7,NA,1976-01-14,395211101442001,23,0,c(-101.737816, 39.869622),"1976","71-0",-101.737816,39.869622,NA,NA
"4830","Rawlins",-206.2,"McDonald",1976-01-14,394730101201001,153,0,c(-101.334839, 39.793027),"1976","215-144",-101.334839,39.793027,104.734726,"66-131"
"4831","Sherman",-186.52,"Kanorado NE",1976-01-15,392730102022801,181,0,c(-102.042961, 39.457926),"1976","215-144",-102.042961,39.457926,101.7619324,"66-131"
"4832","Sherman",-109.97,"Goodland NW",1976-01-16,392758101411201,181,0,c(-101.688449, 39.467068),"1976","143-72",-101.688449,39.467068,162.4079895,"132-197"
"4833","Cheyenne",-158.29,"Bird City South NW",1976-01-08,393751101403601,23,0,c(-101.674349, 39.630645),"1976","215-144",-101.674349,39.630645,129.2052612,"66-131"
"4834","Cheyenne",-125.5,"Drury Creek",1976-01-08,394139101482101,23,0,c(-101.804753, 39.693394),"1976","143-72",-101.804753,39.693394,64.590744,"0-65"
"4835","Cheyenne",-22.32,NA,1976-01-08,394047102001901,23,0,c(-102.006809, 39.679361),"1976","71-0",-102.006809,39.679361,39.2265511,"0-65"
"4836","Cheyenne",-206.47,NA,1976-01-08,393844101492101,23,0,c(-101.82185, 39.645426),"1976","215-144",-101.82185,39.645426,88.1133118,"66-131"
"4837","Cheyenne",-210.24,"South of Drury Creek",1976-01-08,393547101481501,23,0,c(-101.802253, 39.597375),"1976","215-144",-101.802253,39.597375,119.2222519,"66-131"
"4838","Thomas",-184.12,NA,1976-01-14,393342101230701,193,0,c(-101.385924, 39.562438),"1976","215-144",-101.385924,39.562438,132.2159119,"132-197"
"4839","Rawlins",-190.78,NA,1976-01-13,395224101180301,153,0,c(-101.298741, 39.873049),"1976","215-144",-101.298741,39.873049,107.0087128,"66-131"
"4840","Cheyenne",-93.2,"Bird City South SE",1976-01-08,393625101342401,23,0,c(-101.572446, 39.607367),"1976","143-72",-101.572446,39.607367,141.8204651,"132-197"
"4841","Cheyenne",-92.72,"Bird City South SE",1976-03-17,393625101342401,23,0,c(-101.572446, 39.607367),"1976","143-72",-101.572446,39.607367,141.8204651,"132-197"
"4842","Cheyenne",-96.36,"Bird City South SE",1976-06-08,393625101342401,23,0,c(-101.572446, 39.607367),"1976","143-72",-101.572446,39.607367,141.8204651,"132-197"
"4843","Cheyenne",-105.24,"Bird City South SE",1976-09-14,393625101342401,23,0,c(-101.572446, 39.607367),"1976","143-72",-101.572446,39.607367,141.8204651,"132-197"
"4844","Rawlins",-19.27,"Dewey Ranch SE",1976-01-13,393619101222101,153,0,c(-101.37192, 39.606893),"1976","71-0",-101.37192,39.606893,130.4823456,"66-131"
"4845","Cheyenne",-197.19,NA,1976-01-14,394250101334501,23,0,c(-101.560305, 39.714244),"1976","215-144",-101.560305,39.714244,111.0823822,"66-131"
"4846","Sherman",-169.26,"Dewey Ranch SW",1976-01-16,393132101272001,181,0,c(-101.455143, 39.525969),"1976","215-144",-101.455143,39.525969,122.0591431,"66-131"
"4847","Thomas",-104.83,"Brewster NE",1976-01-14,392903101190501,193,0,c(-101.32004, 39.48562),"1976","143-72",-101.32004,39.48562,125.1908417,"66-131"
"4848","Sherman",-192.29,"Bonny Reservoir SE",1976-01-15,393020102022701,181,0,c(-102.041461, 39.505275),"1976","215-144",-102.041461,39.505275,96.4460297,"66-131"
"4849","Cheyenne",-6.3,NA,1976-01-15,394652101481001,23,0,c(-101.801723, 39.781075),"1976","71-0",-101.801723,39.781075,19.3441544,"0-65"
"4850","Cheyenne",-13.85,"MC DONALD NW",1976-01-14,395829101362501,23,0,c(-101.606146, 39.975444),"1976","71-0",-101.606146,39.975444,10,"0-65"
"4851","Cheyenne",-11.33,NA,1976-01-15,394547101492701,23,0,c(-101.823208, 39.76307),"1976","71-0",-101.823208,39.76307,13.2773609,"0-65"
"4852","Sherman",-152.95,NA,1976-01-15,392757101531801,181,0,c(-101.889006, 39.465618),"1976","215-144",-101.889006,39.465618,131.5758209,"66-131"
"4853","Sherman",-161.48,NA,1976-03-17,392757101531801,181,0,c(-101.889006, 39.465618),"1976","215-144",-101.889006,39.465618,131.5758209,"66-131"
"4854","Sherman",-158.49,NA,1976-06-08,392757101531801,181,0,c(-101.889006, 39.465618),"1976","215-144",-101.889006,39.465618,131.5758209,"66-131"
"4855","Sherman",-166.04,NA,1976-09-14,392757101531801,181,0,c(-101.889006, 39.465618),"1976","215-144",-101.889006,39.465618,131.5758209,"66-131"
"4856","Sherman",-132.78,"Brewster NW",1976-01-16,392811101285301,181,0,c(-101.483843, 39.470219),"1976","143-72",-101.483843,39.470219,119.2521973,"66-131"
"4857","Cheyenne",-21.2,"Hale Ponds",1976-01-08,393915102015701,23,0,c(-102.035925, 39.653168),"1976","71-0",-102.035925,39.653168,39.2922897,"0-65"
"4858","Cheyenne",-152.3,"Bird City South",1976-01-14,394106101371301,23,0,c(-101.618147, 39.684375),"1976","215-144",-101.618147,39.684375,128.7345123,"66-131"
"4859","Cheyenne",-97.87,NA,1976-01-08,393955101574301,23,0,c(-101.962459, 39.665574),"1976","143-72",-101.962459,39.665574,44.0435371,"0-65"
"4860","Cheyenne",-181.24,NA,1976-01-14,393738101435401,23,0,c(-101.730293, 39.627208),"1976","215-144",-101.730293,39.627208,132.573761,"132-197"
"4861","Cheyenne",-154.88,NA,1976-01-08,393658102003601,23,0,c(-102.011554, 39.616159),"1976","215-144",-102.011554,39.616159,62.0058899,"0-65"
"4862","Cheyenne",-153.48,NA,1976-03-17,393658102003601,23,0,c(-102.011554, 39.616159),"1976","215-144",-102.011554,39.616159,62.0058899,"0-65"
"4863","Cheyenne",-172.82,NA,1976-09-14,393658102003601,23,0,c(-102.011554, 39.616159),"1976","215-144",-102.011554,39.616159,62.0058899,"0-65"
"4864","Cheyenne",-208.13,NA,1976-01-08,393415101593201,23,0,c(-101.992953, 39.570933),"1976","215-144",-101.992953,39.570933,66.1338959,"66-131"
"4865","Sherman",-159.1,"Dewey Ranch SW",1976-01-16,393126101292601,181,0,c(-101.492344, 39.524218),"1976","215-144",-101.492344,39.524218,108.6697998,"66-131"
"4866","Cheyenne",-150.86,"Bird City South NW",1976-01-14,394205101413101,23,0,c(-101.690349, 39.700974),"1976","215-144",-101.690349,39.700974,103.0002823,"66-131"
"4867","Cheyenne",-76,"Bird City South SE",1976-02-10,393724101321401,23,0,c(-101.536444, 39.624217),"1976","143-72",-101.536444,39.624217,141.7703247,"132-197"
"4868","Cheyenne",-226.5,"Bird City North",1976-01-15,394658101312601,23,0,c(-101.518343, 39.781065),"1976","287-216",-101.518343,39.781065,97.9968262,"66-131"
"4869","Cheyenne",-228.92,"Bird City North",1976-03-17,394658101312601,23,0,c(-101.518343, 39.781065),"1976","287-216",-101.518343,39.781065,97.9968262,"66-131"
"4870","Cheyenne",-210.64,"Bird City North",1976-06-08,394658101312601,23,0,c(-101.518343, 39.781065),"1976","215-144",-101.518343,39.781065,97.9968262,"66-131"
"4871","Cheyenne",-236.89,"Bird City North",1976-09-14,394658101312601,23,0,c(-101.518343, 39.781065),"1976","287-216",-101.518343,39.781065,97.9968262,"66-131"
"4872","Cheyenne",-11.83,NA,1976-01-14,395619101375201,23,0,c(-101.630847, 39.939194),"1976","71-0",-101.630847,39.939194,10,"0-65"
"4873","Cheyenne",-157.22,"Wheeler",1976-01-15,394507101433401,23,0,c(-101.72415, 39.751363),"1976","215-144",-101.72415,39.751363,61.3097305,"0-65"
"4874","Cheyenne",-164.03,"Wheeler",1976-03-17,394507101433401,23,0,c(-101.72415, 39.751363),"1976","215-144",-101.72415,39.751363,61.3097305,"0-65"
"4875","Cheyenne",-160.75,"Wheeler",1976-06-08,394507101433401,23,0,c(-101.72415, 39.751363),"1976","215-144",-101.72415,39.751363,61.3097305,"0-65"
"4876","Cheyenne",-170.46,"Wheeler",1976-09-14,394507101433401,23,0,c(-101.72415, 39.751363),"1976","215-144",-101.72415,39.751363,61.3097305,"0-65"
"4877","Cheyenne",-100.12,"Saint Francis",1976-01-15,394514101463001,23,0,c(-101.773251, 39.753613),"1976","143-72",-101.773251,39.753613,47.8785629,"0-65"
"4878","Cheyenne",-146.2,"Wheeler",1976-01-15,394632101430001,23,0,c(-101.713949, 39.774573),"1976","215-144",-101.713949,39.774573,53.4263611,"0-65"
"4879","Cheyenne",-197.25,"McDonald SW",1976-01-15,394507101245701,23,0,c(-101.413941, 39.753046),"1976","215-144",-101.413941,39.753046,83.5148392,"66-131"
"4880","Cheyenne",-233.7,NA,1976-01-15,395225101593601,23,0,c(-101.993976, 39.873451),"1976","287-216",-101.993976,39.873451,24.6254005,"0-65"
"4881","Cheyenne",-231.64,NA,1976-01-14,395052101334901,23,0,c(-101.559911, 39.847678),"1976","287-216",-101.559911,39.847678,84.7315598,"66-131"
"4882","Cheyenne",-112.96,"Saint Francis",1976-01-15,395100101484301,23,0,c(-101.810553, 39.850723),"1976","143-72",-101.810553,39.850723,10,"0-65"
"4883","Thomas",-151.06,"Dewey Ranch SW",1976-01-14,392955101224301,193,0,c(-101.380541, 39.50025),"1976","215-144",-101.380541,39.50025,146.2103882,"132-197"
"4884","Decatur",-116.95,"Selden SW",1976-01-13,393440100395501,39,0,c(-100.665924, 39.578714),"1976","143-72",-100.665924,39.578714,99.0544586,"66-131"
"4885","Sheridan",-106.4,"Selden SW",1976-01-12,393131100383701,179,0,c(-100.642124, 39.525174),"1976","143-72",-100.642124,39.525174,85.6085815,"66-131"
"4886","Sheridan",-138.4,"Selden",1976-01-12,393235100322701,179,0,c(-100.543821, 39.542684),"1976","143-72",-100.543821,39.542684,87.1428528,"66-131"
"4887","Sheridan",-42.38,NA,1976-01-12,393012100263401,179,0,c(-100.442802, 39.503529),"1976","71-0",-100.442802,39.503529,67.4484406,"66-131"
"4888","Sheridan",-141.79,NA,1976-01-12,393039100364801,179,0,c(-100.611858, 39.51067),"1976","143-72",-100.611858,39.51067,75.1482849,"66-131"
"4889","Sheridan",-17.01,NA,1976-01-12,393348100383601,179,0,c(-100.642087, 39.56342),"1976","71-0",-100.642087,39.56342,88.5748596,"66-131"
"4890","Decatur",-88.46,"SELDEN NW",1976-01-13,394012100381301,39,0,c(-100.636716, 39.670201),"1976","143-72",-100.636716,39.670201,56.4249954,"0-65"
"4891","Rawlins",-147.63,"Midway",1976-01-13,394814100505201,153,0,c(-100.849503, 39.80448),"1976","215-144",-100.849503,39.80448,27.5545673,"0-65"
"4892","Rawlins",-21.5,NA,1976-01-13,395229100523101,153,0,c(-100.87621, 39.874698),"1976","71-0",-100.87621,39.874698,24.1860428,"0-65"
"4893","Decatur",-15.55,"SELDON NE",1976-01-13,393814100305401,39,0,c(-100.515121, 39.637104),"1976","71-0",-100.515121,39.637104,53.5795937,"0-65"
"4894","Thomas",-115.72,"Achilles SE",1976-01-13,393236100505101,193,0,c(-100.849629, 39.544123),"1976","143-72",-100.849629,39.544123,85.560791,"66-131"
"4895","Thomas",-105.45,"Rexford",1976-01-13,392809100433901,193,0,c(-100.725725, 39.470184),"1976","143-72",-100.725725,39.470184,117.088089,"66-131"
"4896","Thomas",-154.48,"Colby",1976-01-13,392743101024401,193,0,c(-101.047133, 39.461653),"1976","215-144",-101.047133,39.461653,90.6870728,"66-131"
"4897","Thomas",-73.42,"Gem",1976-01-13,392736100554301,193,0,c(-100.93253, 39.461133),"1976","143-72",-100.93253,39.461133,65.3791733,"0-65"
"4898","Rawlins",-119.33,"Chardon NW",1976-01-13,393933101090001,153,0,c(-101.150136, 39.65981),"1976","143-72",-101.150136,39.65981,104.4587708,"66-131"
"4899","Decatur",-86.69,"SELDEN NW",1976-01-13,394249100410601,39,0,c(-100.685973, 39.71378),"1976","143-72",-100.685973,39.71378,9.3301411,"0-65"
"4900","Decatur",-93.55,"Dresden North",1976-01-13,394241100263201,39,0,c(-100.44252, 39.711565),"1976","143-72",-100.44252,39.711565,60.013031,"0-65"
"4901","Rawlins",-15.76,NA,1976-01-14,394210101112301,153,0,c(-101.188043, 39.703124),"1976","71-0",-101.188043,39.703124,44.8588791,"0-65"
"4902","Rawlins",-93.8,NA,1976-01-13,394538100464001,153,0,c(-100.779298, 39.760609),"1976","143-72",-100.779298,39.760609,24.9594269,"0-65"
"4903","Rawlins",-11.88,"Ludell",1976-01-13,395130100555301,153,0,c(-100.931433, 39.858552),"1976","71-0",-100.931433,39.858552,24.9617863,"0-65"
"4904","Rawlins",-30.43,NA,1976-01-13,395006101140801,153,0,c(-101.233333, 39.834822),"1976","71-0",-101.233333,39.834822,97.303894,"66-131"
"4905","Rawlins",-114,"Chardon",1976-01-13,393914101053801,153,0,c(-101.092035, 39.654111),"1976","143-72",-101.092035,39.654111,126.1069489,"66-131"
"4906","Thomas",-142.74,"CHARDON SE",1976-03-17,393315101031501,193,0,c(-101.055106, 39.554766),"1976","143-72",-101.055106,39.554766,84.8619995,"66-131"
"4907","Thomas",-142.41,"CHARDON SE",1976-06-08,393315101031501,193,0,c(-101.055106, 39.554766),"1976","143-72",-101.055106,39.554766,84.8619995,"66-131"
"4908","Thomas",-148.56,"CHARDON SE",1976-09-14,393315101031501,193,0,c(-101.055106, 39.554766),"1976","215-144",-101.055106,39.554766,84.8619995,"66-131"
"4909","Rawlins",-17.94,"Chardon SE",1976-01-13,393533101030001,153,0,c(-101.050634, 39.591622),"1976","71-0",-101.050634,39.591622,98.1300354,"66-131"
"4910","Rawlins",-17.47,"Chardon SE",1976-03-17,393533101030001,153,0,c(-101.050634, 39.591622),"1976","71-0",-101.050634,39.591622,98.1300354,"66-131"
"4911","Rawlins",-17.92,"Chardon SE",1976-06-08,393533101030001,153,0,c(-101.050634, 39.591622),"1976","71-0",-101.050634,39.591622,98.1300354,"66-131"
"4912","Rawlins",-20.05,"Chardon SE",1976-09-14,393533101030001,153,0,c(-101.050634, 39.591622),"1976","71-0",-101.050634,39.591622,98.1300354,"66-131"
"4913","Thomas",-162.36,"Chardon SE",1976-01-13,393223101045601,193,0,c(-101.082334, 39.540382),"1976","215-144",-101.082334,39.540382,93.4214249,"66-131"
"4914","Rawlins",-114.98,"Atwood NE",1976-01-13,395551101031601,153,0,c(-101.055036, 39.932321),"1976","143-72",-101.055036,39.932321,38.1705246,"0-65"
"4915","Decatur",-96.65,"OBERLIN",1976-01-12,395155100315701,39,0,c(-100.533139, 39.865163),"1976","143-72",-100.533139,39.865163,46.8763618,"0-65"
"4916","Decatur",-96.85,"OBERLIN",1976-03-16,395155100315701,39,0,c(-100.533139, 39.865163),"1976","143-72",-100.533139,39.865163,46.8763618,"0-65"
"4917","Decatur",-96.63,"OBERLIN",1976-06-07,395155100315701,39,0,c(-100.533139, 39.865163),"1976","143-72",-100.533139,39.865163,46.8763618,"0-65"
"4918","Decatur",-96.41,"OBERLIN",1976-09-13,395155100315701,39,0,c(-100.533139, 39.865163),"1976","143-72",-100.533139,39.865163,46.8763618,"0-65"
"4919","Thomas",-117.97,"Gem",1976-01-13,392946100550001,193,0,c(-100.920197, 39.49623),"1976","143-72",-100.920197,39.49623,68.7004623,"66-131"
"4920","Thomas",-25.85,"Breton",1976-01-13,392854100473701,193,0,c(-100.792627, 39.481724),"1976","71-0",-100.792627,39.481724,86.9354401,"66-131"
"4921","Decatur",-14.3,"Selden",1976-01-13,393610100341701,39,0,c(-100.572922, 39.603154),"1976","71-0",-100.572922,39.603154,69.3671722,"66-131"
"4922","Thomas",-153.51,"Chardon SW",1976-02-12,393144101084301,193,0,c(-101.147436, 39.531261),"1976","215-144",-101.147436,39.531261,94.9403915,"66-131"
"4923","Thomas",-154.8,"Chardon SW",1976-06-08,393144101084301,193,0,c(-101.147436, 39.531261),"1976","215-144",-101.147436,39.531261,94.9403915,"66-131"
"4924","Sheridan",-124.36,"Selden",1976-01-12,393216100371301,179,0,c(-100.617623, 39.538254),"1976","143-72",-100.617623,39.538254,83.5780792,"66-131"
"4925","Sheridan",-129.35,"Selden",1976-03-16,393216100371301,179,0,c(-100.617623, 39.538254),"1976","143-72",-100.617623,39.538254,83.5780792,"66-131"
"4926","Sheridan",-127.2,"Selden",1976-06-07,393216100371301,179,0,c(-100.617623, 39.538254),"1976","143-72",-100.617623,39.538254,83.5780792,"66-131"
"4927","Rawlins",-174.19,"Atwood NW",1976-01-13,395308101114301,153,0,c(-101.193937, 39.884589),"1976","215-144",-101.193937,39.884589,47.240387,"0-65"
"4928","Decatur",-29.99,"OBERLIN",1976-01-12,394859100301701,39,0,c(-100.505423, 39.815885),"1976","71-0",-100.505423,39.815885,30.9483871,"0-65"
"4929","Rawlins",-18.23,"Herndon",1976-01-13,395419100471001,153,0,c(-100.78773, 39.906004),"1976","71-0",-100.78773,39.906004,23.652956,"0-65"
"4930","Sheridan",-151.35,NA,1976-01-12,392735100282501,179,0,c(-100.473365, 39.459843),"1976","215-144",-100.473365,39.459843,62.7339478,"0-65"
"4931","Sheridan",-152.86,NA,1976-03-16,392735100282501,179,0,c(-100.473365, 39.459843),"1976","215-144",-100.473365,39.459843,62.7339478,"0-65"
"4932","Sheridan",-152.27,NA,1976-06-07,392735100282501,179,0,c(-100.473365, 39.459843),"1976","215-144",-100.473365,39.459843,62.7339478,"0-65"
"4933","Rawlins",-82.24,NA,1976-01-13,394204101033001,153,0,c(-101.057563, 39.700944),"1976","143-72",-101.057563,39.700944,82.4658051,"66-131"
"4934","Rawlins",-42.1,"Achilles",1976-01-13,393742100464301,153,0,c(-100.778827, 39.628554),"1976","71-0",-100.778827,39.628554,20.2626457,"0-65"
"4935","Sheridan",-52.51,NA,1976-01-12,393012100294201,179,0,c(-100.496148, 39.503239),"1976","71-0",-100.496148,39.503239,78.933342,"66-131"
"4936","Sheridan",-99.61,"Selden",1976-01-12,393123100301401,179,0,c(-100.50422, 39.524004),"1976","143-72",-100.50422,39.524004,83.6950836,"66-131"
"4937","Rawlins",-121.83,NA,1976-01-13,393552100453601,153,0,c(-100.760742, 39.598347),"1976","143-72",-100.760742,39.598347,51.374691,"0-65"
"4938","Decatur",-9.33,"Dresden North",1976-01-13,393820100273201,39,0,c(-100.46052, 39.639364),"1976","71-0",-100.46052,39.639364,40.0373688,"0-65"
"4939","Rawlins",-29.27,"Beardsley",1976-01-14,394637101122001,153,0,c(-101.202537, 39.777399),"1976","71-0",-101.202537,39.777399,18.0049667,"0-65"
"4940","Decatur",-138.35,"OBERLIN SW",1976-01-12,395037100391501,39,0,c(-100.65454, 39.8438),"1976","143-72",-100.65454,39.8438,77.1614685,"66-131"
"4941","Decatur",-147.03,"OBERLIN SW",1976-03-16,395037100391501,39,0,c(-100.65454, 39.8438),"1976","215-144",-100.65454,39.8438,77.1614685,"66-131"
"4942","Decatur",-146.5,"OBERLIN SW",1976-06-07,395037100391501,39,0,c(-100.65454, 39.8438),"1976","215-144",-100.65454,39.8438,77.1614685,"66-131"
"4943","Decatur",-152.59,"OBERLIN SW",1976-09-13,395037100391501,39,0,c(-100.65454, 39.8438),"1976","215-144",-100.65454,39.8438,77.1614685,"66-131"
"4944","Decatur",-28.7,"Traer",1976-01-12,395458100395501,39,0,c(-100.665228, 39.915254),"1976","71-0",-100.665228,39.915254,25.0221901,"0-65"
"4945","Decatur",-132.48,"KANONA",1976-01-12,394504100293601,39,0,c(-100.494622, 39.750335),"1976","143-72",-100.494622,39.750335,44.6995087,"0-65"
"4946","Sheridan",-144.6,NA,1976-01-12,392814100311301,179,0,c(-100.521706, 39.470875),"1976","215-144",-100.521706,39.470875,66.7797546,"66-131"
"4947","Sheridan",-103.12,"Rexford NE",1976-01-12,392900100334201,179,0,c(-100.563821, 39.484284),"1976","143-72",-100.563821,39.484284,66.9132156,"66-131"
"4948","Rawlins",-9.13,"Achilles",1976-01-13,394236100480601,153,0,c(-100.802161, 39.710432),"1976","71-0",-100.802161,39.710432,7.9434347,"0-65"
"4949","Thomas",-123.05,"Achilles SE",1976-01-13,393348100454501,193,0,c(-100.761827, 39.562234),"1976","143-72",-100.761827,39.562234,73.2844696,"66-131"
"4950","Thomas",-147.14,NA,1976-01-13,393230101052901,193,0,c(-101.09246, 39.542391),"1976","215-144",-101.09246,39.542391,94.910675,"66-131"
"4951","Rawlins",-27.9,NA,1976-01-13,394854101003101,153,0,c(-101.008334, 39.813902),"1976","71-0",-101.008334,39.813902,10,"0-65"
"4952","Rawlins",-28.9,NA,1976-03-17,394854101003101,153,0,c(-101.008334, 39.813902),"1976","71-0",-101.008334,39.813902,10,"0-65"
"4953","Rawlins",-24.72,NA,1976-06-08,394854101003101,153,0,c(-101.008334, 39.813902),"1976","71-0",-101.008334,39.813902,10,"0-65"
"4954","Decatur",-27.8,"OBERLIN",1976-01-12,394846100314901,39,0,c(-100.529723, 39.813445),"1976","71-0",-100.529723,39.813445,35.9654274,"0-65"
"4955","Decatur",-25.55,"OBERLIN",1976-03-16,394846100314901,39,0,c(-100.529723, 39.813445),"1976","71-0",-100.529723,39.813445,35.9654274,"0-65"
"4956","Decatur",-25.23,"OBERLIN",1976-06-07,394846100314901,39,0,c(-100.529723, 39.813445),"1976","71-0",-100.529723,39.813445,35.9654274,"0-65"
"4957","Decatur",-29,"OBERLIN",1976-09-13,394846100314901,39,0,c(-100.529723, 39.813445),"1976","71-0",-100.529723,39.813445,35.9654274,"0-65"
"4958","Rawlins",-72.48,NA,1976-01-13,394703100463101,153,0,c(-100.776841, 39.784077),"1976","143-72",-100.776841,39.784077,34.7418823,"0-65"
"4959","Thomas",-99.95,NA,1976-02-12,392756101084501,193,0,c(-101.147026, 39.466692),"1976","143-72",-101.147026,39.466692,93.3697815,"66-131"
"4960","Thomas",-128.24,"Chardon SW",1976-01-13,393316101113801,193,0,c(-101.193537, 39.554941),"1976","143-72",-101.193537,39.554941,95.3270569,"66-131"
"4961","Rawlins",-132.66,"Long Draw South",1976-01-13,393644100525501,153,0,c(-100.88183, 39.611573),"1976","143-72",-100.88183,39.611573,57.4027557,"0-65"
"4962","Rawlins",-36.28,"Achilles SE",1976-01-13,393558100495001,153,0,c(-100.831029, 39.600133),"1976","71-0",-100.831029,39.600133,44.0664444,"0-65"
"4963","Thomas",-150.55,"Chardon SW",1976-01-13,393020101113101,193,0,c(-101.193737, 39.507471),"1976","215-144",-101.193737,39.507471,83.41539,"66-131"
"4964","Thomas",-152.62,"Chardon SW",1976-03-17,393020101113101,193,0,c(-101.193737, 39.507471),"1976","215-144",-101.193737,39.507471,83.41539,"66-131"
"4965","Thomas",-150.44,"Chardon SW",1976-06-08,393020101113101,193,0,c(-101.193737, 39.507471),"1976","215-144",-101.193737,39.507471,83.41539,"66-131"
"4966","Thomas",-153.14,"Chardon SW",1976-09-14,393020101113101,193,0,c(-101.193737, 39.507471),"1976","215-144",-101.193737,39.507471,83.41539,"66-131"
"4967","Decatur",-13,"SELDEN NE",1976-01-13,393820100324401,39,0,c(-100.545817, 39.638951),"1976","71-0",-100.545817,39.638951,74.8968658,"66-131"
"4968","Decatur",-18.57,"Oberlin NE",1976-01-12,395708100370701,39,0,c(-100.618627, 39.951595),"1976","71-0",-100.618627,39.951595,2.2764635,"0-65"
"4969","Decatur",-20.5,"Oberlin NE",1976-03-16,395708100370701,39,0,c(-100.618627, 39.951595),"1976","71-0",-100.618627,39.951595,2.2764635,"0-65"
"4970","Decatur",-20,"Oberlin NE",1976-06-07,395708100370701,39,0,c(-100.618627, 39.951595),"1976","71-0",-100.618627,39.951595,2.2764635,"0-65"
"4971","Decatur",-23.02,"Oberlin NE",1976-09-13,395708100370701,39,0,c(-100.618627, 39.951595),"1976","71-0",-100.618627,39.951595,2.2764635,"0-65"
"4972","Decatur",-28.62,"Oberlin NE",1976-01-12,395925100331901,39,0,c(-100.555202, 39.990931),"1976","71-0",-100.555202,39.990931,13.5015812,"0-65"
"4973","Rawlins",-14.2,NA,1976-01-13,394459101085801,153,0,c(-101.148187, 39.749816),"1976","71-0",-101.148187,39.749816,17.5139484,"0-65"
"4974","Decatur",-21.33,"OBERLIN",1976-01-12,394715100355501,39,0,c(-100.598124, 39.787125),"1976","71-0",-100.598124,39.787125,12.4045258,"0-65"
"4975","Rawlins",-20.26,"Atwood",1976-01-13,394802101030301,153,0,c(-101.049735, 39.799521),"1976","71-0",-101.049735,39.799521,10,"0-65"
"4976","Sheridan",-94.63,NA,1976-01-12,392748100102601,179,0,c(-100.175217, 39.462864),"1976","143-72",-100.175217,39.462864,96.8326416,"66-131"
"4977","Sheridan",-32.2,NA,1976-01-12,393314100190001,179,0,c(-100.316869, 39.553654),"1976","71-0",-100.316869,39.553654,37.4678879,"0-65"
"4978","Sheridan",-21.02,"Allison",1976-01-12,393228100211301,179,0,c(-100.352917, 39.541604),"1976","71-0",-100.352917,39.541604,29.1266747,"0-65"
"4979","Sheridan",-134,NA,1976-01-12,393241100252601,179,0,c(-100.42382, 39.544819),"1976","143-72",-100.42382,39.544819,51.1817169,"0-65"
"4980","Norton",-20,NA,1976-03-15,395425099393001,137,0,c(-99.658638, 39.90667),"1976","71-0",-99.658638,39.90667,52.5051804,"0-65"
"4981","Norton",-20,NA,1976-06-15,395425099393001,137,0,c(-99.658638, 39.90667),"1976","71-0",-99.658638,39.90667,52.5051804,"0-65"
"4982","Norton",-23.3,NA,1976-10-25,395425099393001,137,0,c(-99.658638, 39.90667),"1976","71-0",-99.658638,39.90667,52.5051804,"0-65"
"4983","Decatur",-15.68,"Jennings",1976-01-12,394110100163301,39,0,c(-100.280217, 39.685494),"1976","71-0",-100.280217,39.685494,47.4647636,"0-65"
"4984","Norton",-144,"NORCATUR SE",1976-09-01,395306100054301,137,0,c(-100.09701, 39.885715),"1976","215-144",-100.09701,39.885715,99.9363708,"66-131"
"4985","Norton",-91.2,NA,1976-09-01,394340099532401,137,0,c(-99.89078, 39.727235),"1976","143-72",-99.89078,39.727235,56.4595795,"0-65"
"4986","Decatur",-128.34,"Jennings",1976-01-13,393853100150901,39,0,c(-100.255116, 39.648034),"1976","143-72",-100.255116,39.648034,57.7825089,"0-65"
"4987","Sheridan",-26.65,NA,1976-01-12,393057100221201,179,0,c(-100.370946, 39.515782),"1976","71-0",-100.370946,39.515782,30.3769207,"0-65"
"4988","Graham",-105,"Edmond SE",1976-09-01,393039099493101,65,0,c(-99.826056, 39.510773),"1976","143-72",-99.826056,39.510773,155.664505,"132-197"
"4989","Graham",-105,"Lenora West",1976-03-01,393032100002001,65,0,c(-100.006494, 39.509021),"1976","143-72",-100.006494,39.509021,130.7342834,"66-131"
"4990","Graham",-105.21,"Lenora West",1976-03-30,393032100002001,65,0,c(-100.006494, 39.509021),"1976","143-72",-100.006494,39.509021,130.7342834,"66-131"
"4991","Graham",-104.79,"Lenora West",1976-06-07,393032100002001,65,0,c(-100.006494, 39.509021),"1976","143-72",-100.006494,39.509021,130.7342834,"66-131"
"4992","Graham",-96.46,"Lenora West",1976-12-13,393032100002001,65,0,c(-100.006494, 39.509021),"1976","143-72",-100.006494,39.509021,130.7342834,"66-131"
"4993","Decatur",-105.39,"Jennings",1976-01-12,394208100221101,39,0,c(-100.371819, 39.701954),"1976","143-72",-100.371819,39.701954,58.5599022,"0-65"
"4994","Graham",-65.44,NA,1976-12-13,393229099503801,65,0,c(-99.843477, 39.541692),"1976","71-0",-99.843477,39.541692,125.6801453,"66-131"
"4995","Norton",-18,NA,1976-03-15,395432099384001,137,0,c(-99.645652, 39.907738),"1976","71-0",-99.645652,39.907738,53.7976303,"0-65"
"4996","Norton",-17.8,NA,1976-05-15,395432099384001,137,0,c(-99.645652, 39.907738),"1976","71-0",-99.645652,39.907738,53.7976303,"0-65"
"4997","Norton",-18.1,NA,1976-06-15,395432099384001,137,0,c(-99.645652, 39.907738),"1976","71-0",-99.645652,39.907738,53.7976303,"0-65"
"4998","Norton",-22,NA,1976-07-10,395432099384001,137,0,c(-99.645652, 39.907738),"1976","71-0",-99.645652,39.907738,53.7976303,"0-65"
"4999","Norton",-23.4,NA,1976-08-09,395432099384001,137,0,c(-99.645652, 39.907738),"1976","71-0",-99.645652,39.907738,53.7976303,"0-65"
"5000","Norton",-26.2,NA,1976-08-27,395432099384001,137,0,c(-99.645652, 39.907738),"1976","71-0",-99.645652,39.907738,53.7976303,"0-65"
"5001","Norton",-23.1,NA,1976-09-20,395432099384001,137,0,c(-99.645652, 39.907738),"1976","71-0",-99.645652,39.907738,53.7976303,"0-65"
"5002","Norton",-21.4,NA,1976-10-25,395432099384001,137,0,c(-99.645652, 39.907738),"1976","71-0",-99.645652,39.907738,53.7976303,"0-65"
"5003","Norton",-20.8,NA,1976-12-08,395432099384001,137,0,c(-99.645652, 39.907738),"1976","71-0",-99.645652,39.907738,53.7976303,"0-65"
"5004","Decatur",-74.8,"KANONA SE",1976-01-12,394517100221801,39,0,c(-100.372856, 39.754888),"1976","143-72",-100.372856,39.754888,56.4308662,"0-65"
"5005","Decatur",-86.47,"LYLE",1976-01-12,395358100124001,39,0,c(-100.214015, 39.899435),"1976","143-72",-100.214015,39.899435,35.1274033,"0-65"
"5006","Graham",-106.55,"Morland NE",1976-03-16,392959100073201,65,0,c(-100.12391, 39.499474),"1976","143-72",-100.12391,39.499474,132.3002319,"132-197"
"5007","Graham",-104.24,"Morland NE",1976-06-07,392959100073201,65,0,c(-100.12391, 39.499474),"1976","143-72",-100.12391,39.499474,132.3002319,"132-197"
"5008","Graham",-116.18,"Morland NE",1976-09-13,392959100073201,65,0,c(-100.12391, 39.499474),"1976","143-72",-100.12391,39.499474,132.3002319,"132-197"
"5009","Graham",-111.63,"Morland NE",1976-12-13,392959100073201,65,0,c(-100.12391, 39.499474),"1976","143-72",-100.12391,39.499474,132.3002319,"132-197"
"5010","Decatur",-16.17,"Jennings",1976-01-13,394005100215501,39,0,c(-100.36619, 39.668615),"1976","71-0",-100.36619,39.668615,18.0988235,"0-65"
"5011","Graham",-133.8,"Lenora West",1976-09-01,393223100040801,65,0,c(-100.069208, 39.538234),"1976","143-72",-100.069208,39.538234,90.8145599,"66-131"
"5012","Norton",-119,"Norton NW",1976-09-01,395806099584801,137,0,c(-99.981835, 39.967516),"1976","143-72",-99.981835,39.967516,44.8190422,"0-65"
"5013","Decatur",-27.37,"KANONA NE",1976-01-12,395307100243001,39,0,c(-100.408921, 39.885965),"1976","71-0",-100.408921,39.885965,15.388629,"0-65"
"5014","Norton",-86.6,NA,1976-09-01,395820099420601,137,0,c(-99.701431, 39.972618),"1976","143-72",-99.701431,39.972618,40.9416275,"0-65"
"5015","Graham",-125,"HILL CITY 1 NW",1976-11-01,393019099463401,65,0,c(-99.775282, 39.505606),"1976","143-72",-99.775282,39.505606,88.4956055,"66-131"
"5016","Norton",-46,NA,1976-09-01,394012099531601,137,0,c(-99.888889, 39.669225),"1976","71-0",-99.888889,39.669225,24.0181122,"0-65"
"5017","Norton",-23.4,NA,1976-03-01,395451099394601,137,0,c(-99.663292, 39.913872),"1976","71-0",-99.663292,39.913872,48.1103554,"0-65"
"5018","Norton",-22.9,NA,1976-03-15,395451099394601,137,0,c(-99.663292, 39.913872),"1976","71-0",-99.663292,39.913872,48.1103554,"0-65"
"5019","Norton",-23.5,NA,1976-05-01,395451099394601,137,0,c(-99.663292, 39.913872),"1976","71-0",-99.663292,39.913872,48.1103554,"0-65"
"5020","Norton",-22.4,NA,1976-05-15,395451099394601,137,0,c(-99.663292, 39.913872),"1976","71-0",-99.663292,39.913872,48.1103554,"0-65"
"5021","Norton",-22.5,NA,1976-06-01,395451099394601,137,0,c(-99.663292, 39.913872),"1976","71-0",-99.663292,39.913872,48.1103554,"0-65"
"5022","Norton",-22.8,NA,1976-06-15,395451099394601,137,0,c(-99.663292, 39.913872),"1976","71-0",-99.663292,39.913872,48.1103554,"0-65"
"5023","Norton",-23.7,NA,1976-07-01,395451099394601,137,0,c(-99.663292, 39.913872),"1976","71-0",-99.663292,39.913872,48.1103554,"0-65"
"5024","Norton",-23.9,NA,1976-07-10,395451099394601,137,0,c(-99.663292, 39.913872),"1976","71-0",-99.663292,39.913872,48.1103554,"0-65"
"5025","Norton",-25.5,NA,1976-08-01,395451099394601,137,0,c(-99.663292, 39.913872),"1976","71-0",-99.663292,39.913872,48.1103554,"0-65"
"5026","Norton",-25.4,NA,1976-08-09,395451099394601,137,0,c(-99.663292, 39.913872),"1976","71-0",-99.663292,39.913872,48.1103554,"0-65"
"5027","Norton",-24.2,NA,1976-08-27,395451099394601,137,0,c(-99.663292, 39.913872),"1976","71-0",-99.663292,39.913872,48.1103554,"0-65"
"5028","Norton",-24.7,NA,1976-09-01,395451099394601,137,0,c(-99.663292, 39.913872),"1976","71-0",-99.663292,39.913872,48.1103554,"0-65"
"5029","Norton",-24.2,NA,1976-09-20,395451099394601,137,0,c(-99.663292, 39.913872),"1976","71-0",-99.663292,39.913872,48.1103554,"0-65"
"5030","Norton",-23.8,NA,1976-10-21,395451099394601,137,0,c(-99.663292, 39.913872),"1976","71-0",-99.663292,39.913872,48.1103554,"0-65"
"5031","Norton",-24.3,NA,1976-10-25,395451099394601,137,0,c(-99.663292, 39.913872),"1976","71-0",-99.663292,39.913872,48.1103554,"0-65"
"5032","Norton",-23.5,NA,1976-12-01,395451099394601,137,0,c(-99.663292, 39.913872),"1976","71-0",-99.663292,39.913872,48.1103554,"0-65"
"5033","Norton",-23.7,NA,1976-12-08,395451099394601,137,0,c(-99.663292, 39.913872),"1976","71-0",-99.663292,39.913872,48.1103554,"0-65"
"5034","Decatur",-29,"Jennings",1976-01-12,394248100150801,39,0,c(-100.255216, 39.712174),"1976","71-0",-100.255216,39.712174,30.3963547,"0-65"
"5035","Decatur",-29.45,"Jennings",1976-03-16,394248100150801,39,0,c(-100.255216, 39.712174),"1976","71-0",-100.255216,39.712174,30.3963547,"0-65"
"5036","Decatur",-29.34,"Jennings",1976-06-07,394248100150801,39,0,c(-100.255216, 39.712174),"1976","71-0",-100.255216,39.712174,30.3963547,"0-65"
"5037","Decatur",-37.48,"Jennings",1976-09-13,394248100150801,39,0,c(-100.255216, 39.712174),"1976","71-0",-100.255216,39.712174,30.3963547,"0-65"
"5038","Decatur",-103.66,"Allison",1976-01-13,393557100214701,39,0,c(-100.364918, 39.598674),"1976","143-72",-100.364918,39.598674,15.9692917,"0-65"
"5039","Graham",-55.5,"Edmond SE",1976-09-01,393216099503801,65,0,c(-99.84329, 39.538972),"1976","71-0",-99.84329,39.538972,136.3942871,"132-197"
"5040","Sheridan",-158.06,NA,1976-01-12,393018100194201,179,0,c(-100.329137, 39.502933),"1976","215-144",-100.329137,39.502933,43.2010117,"0-65"
"5041","Decatur",-133.02,NA,1976-01-13,394005100114901,39,0,c(-100.197558, 39.6675),"1976","143-72",-100.197558,39.6675,42.6749153,"0-65"
"5042","Norton",-26.7,"ALMENA SW",1976-03-15,395215099441301,137,0,c(-99.738064, 39.870582),"1976","71-0",-99.738064,39.870582,29.8898373,"0-65"
"5043","Norton",-25.9,"ALMENA SW",1976-05-15,395215099441301,137,0,c(-99.738064, 39.870582),"1976","71-0",-99.738064,39.870582,29.8898373,"0-65"
"5044","Norton",-26.6,"ALMENA SW",1976-06-15,395215099441301,137,0,c(-99.738064, 39.870582),"1976","71-0",-99.738064,39.870582,29.8898373,"0-65"
"5045","Norton",-26.6,"ALMENA SW",1976-07-10,395215099441301,137,0,c(-99.738064, 39.870582),"1976","71-0",-99.738064,39.870582,29.8898373,"0-65"
"5046","Norton",-27.4,"ALMENA SW",1976-08-09,395215099441301,137,0,c(-99.738064, 39.870582),"1976","71-0",-99.738064,39.870582,29.8898373,"0-65"
"5047","Norton",-26.3,"ALMENA SW",1976-08-20,395215099441301,137,0,c(-99.738064, 39.870582),"1976","71-0",-99.738064,39.870582,29.8898373,"0-65"
"5048","Norton",-26.6,"ALMENA SW",1976-08-27,395215099441301,137,0,c(-99.738064, 39.870582),"1976","71-0",-99.738064,39.870582,29.8898373,"0-65"
"5049","Norton",-26.3,"ALMENA SW",1976-10-25,395215099441301,137,0,c(-99.738064, 39.870582),"1976","71-0",-99.738064,39.870582,29.8898373,"0-65"
"5050","Norton",-25.9,"ALMENA SW",1976-12-08,395215099441301,137,0,c(-99.738064, 39.870582),"1976","71-0",-99.738064,39.870582,29.8898373,"0-65"
"5051","Decatur",-135.1,"Dresden South",1976-01-13,393709100252601,39,0,c(-100.424519, 39.620194),"1976","143-72",-100.424519,39.620194,39.0394402,"0-65"
"5052","Decatur",-22.39,"Clayton SW",1976-01-13,393505100115901,39,0,c(-100.199413, 39.584164),"1976","71-0",-100.199413,39.584164,16.7952614,"0-65"
"5053","Norton",-76.3,"NORTON SW",1976-09-01,395214099532101,137,0,c(-99.88912, 39.871086),"1976","143-72",-99.88912,39.871086,41.4469528,"0-65"
"5054","Decatur",-126.44,"KANONA SE",1976-01-12,394544100172202,39,0,c(-100.292057, 39.761785),"1976","143-72",-100.292057,39.761785,39.532753,"0-65"
"5055","Norton",-95.6,"NORTON 1 SW",1976-09-01,394945099420101,137,0,c(-99.702101, 39.829437),"1976","143-72",-99.702101,39.829437,37.264595,"0-65"
"5056","Norton",-120,"Clayton NE",1976-09-01,394156100054101,137,0,c(-100.096609, 39.697414),"1976","143-72",-100.096609,39.697414,46.2389221,"0-65"
"5057","Sheridan",-127.53,"Hoxie NE",1976-01-12,392847100152601,179,0,c(-100.259115, 39.479903),"1976","143-72",-100.259115,39.479903,75.5564728,"66-131"
"5058","Norton",-18.3,"ALMENA",1976-03-15,395451099384001,137,0,c(-99.644477, 39.913933),"1976","71-0",-99.644477,39.913933,53.466217,"0-65"
"5059","Norton",-18.5,"ALMENA",1976-06-15,395451099384001,137,0,c(-99.644477, 39.913933),"1976","71-0",-99.644477,39.913933,53.466217,"0-65"
"5060","Norton",-21.6,"ALMENA",1976-10-25,395451099384001,137,0,c(-99.644477, 39.913933),"1976","71-0",-99.644477,39.913933,53.466217,"0-65"
"5061","Norton",-34.8,NA,1976-09-01,395819099532001,137,0,c(-99.88909, 39.972336),"1976","71-0",-99.88909,39.972336,49.9837723,"0-65"
"5062","Osborne",-37.33,NA,1976-03-25,392805098491401,141,0,c(-98.819448, 39.468807),"1976","71-0",-98.819448,39.468807,NA,NA
"5063","Osborne",-38.92,NA,1976-07-13,392805098491401,141,0,c(-98.819448, 39.468807),"1976","71-0",-98.819448,39.468807,NA,NA
"5064","Smith",-29.47,"Cedar",1976-07-23,393937098593701,183,0,c(-98.99203, 39.660011),"1976","71-0",-98.99203,39.660011,NA,NA
"5065","Smith",-26.3,"Cedar",1976-11-09,393937098593701,183,0,c(-98.99203, 39.660011),"1976","71-0",-98.99203,39.660011,NA,NA
"5066","Smith",-29.1,NA,1976-03-25,393834098530601,183,0,c(-98.88494, 39.643154),"1976","71-0",-98.88494,39.643154,NA,NA
"5067","Smith",-27.35,NA,1976-11-09,393834098530601,183,0,c(-98.88494, 39.643154),"1976","71-0",-98.88494,39.643154,NA,NA
"5068","Osborne",-25.67,NA,1976-03-25,392819098564401,141,0,c(-98.945231, 39.471522),"1976","71-0",-98.945231,39.471522,NA,NA
"5069","Osborne",-26.2,NA,1976-05-06,392819098564401,141,0,c(-98.945231, 39.471522),"1976","71-0",-98.945231,39.471522,NA,NA
"5070","Osborne",-26.33,NA,1976-07-13,392819098564401,141,0,c(-98.945231, 39.471522),"1976","71-0",-98.945231,39.471522,NA,NA
"5071","Osborne",-25.6,NA,1976-11-16,392819098564401,141,0,c(-98.945231, 39.471522),"1976","71-0",-98.945231,39.471522,NA,NA
"5072","Smith",-7.48,"GAYLORD",1976-03-25,393847098503501,183,0,c(-98.841664, 39.642841),"1976","71-0",-98.841664,39.642841,NA,NA
"5073","Smith",-9.32,"GAYLORD",1976-07-23,393847098503501,183,0,c(-98.841664, 39.642841),"1976","71-0",-98.841664,39.642841,NA,NA
"5074","Smith",-9.65,"GAYLORD",1976-11-09,393847098503501,183,0,c(-98.841664, 39.642841),"1976","71-0",-98.841664,39.642841,NA,NA
"5075","Osborne",-23.4,NA,1976-03-25,392819098561001,141,0,c(-98.935786, 39.471583),"1976","71-0",-98.935786,39.471583,NA,NA
"5076","Osborne",-23.7,NA,1976-05-06,392819098561001,141,0,c(-98.935786, 39.471583),"1976","71-0",-98.935786,39.471583,NA,NA
"5077","Osborne",-29.57,NA,1976-07-13,392819098561001,141,0,c(-98.935786, 39.471583),"1976","71-0",-98.935786,39.471583,NA,NA
"5078","Osborne",-23.6,NA,1976-11-16,392819098561001,141,0,c(-98.935786, 39.471583),"1976","71-0",-98.935786,39.471583,NA,NA
"5079","Osborne",-13.16,"Alton",1976-03-25,392845098544701,141,0,c(-98.913972, 39.480567),"1976","71-0",-98.913972,39.480567,NA,NA
"5080","Osborne",-6.73,"Alton",1976-07-13,392845098544701,141,0,c(-98.913972, 39.480567),"1976","71-0",-98.913972,39.480567,NA,NA
"5081","Osborne",-12.3,"Alton",1976-11-16,392845098544701,141,0,c(-98.913972, 39.480567),"1976","71-0",-98.913972,39.480567,NA,NA
"5082","Osborne",-34.03,NA,1976-03-25,392815098572101,141,0,c(-98.955912, 39.470515),"1976","71-0",-98.955912,39.470515,NA,NA
"5083","Osborne",-3.75,NA,1976-03-25,392749098524701,141,0,c(-98.878776, 39.464289),"1976","71-0",-98.878776,39.464289,NA,NA
"5084","Osborne",-4.92,NA,1976-07-13,392749098524701,141,0,c(-98.878776, 39.464289),"1976","71-0",-98.878776,39.464289,NA,NA
"5085","Smith",-5.33,NA,1976-07-23,393936098511301,183,0,c(-98.851285, 39.661541),"1976","71-0",-98.851285,39.661541,NA,NA
"5086","Smith",-5.42,NA,1976-11-09,393936098511301,183,0,c(-98.851285, 39.661541),"1976","71-0",-98.851285,39.661541,NA,NA
"5087","Smith",-19.88,"CEDAR",1976-03-25,393920098553701,183,0,c(-98.925888, 39.654953),"1976","71-0",-98.925888,39.654953,NA,NA
"5088","Smith",-18.22,"CEDAR",1976-07-23,393920098553701,183,0,c(-98.925888, 39.654953),"1976","71-0",-98.925888,39.654953,NA,NA
"5089","Smith",-18.38,"CEDAR",1976-11-09,393920098553701,183,0,c(-98.925888, 39.654953),"1976","71-0",-98.925888,39.654953,NA,NA
"5090","Osborne",-19.83,NA,1976-03-25,392845098525002,141,0,c(-98.879875, 39.479823),"1976","71-0",-98.879875,39.479823,NA,NA
"5091","Osborne",-21.6,NA,1976-05-06,392845098525002,141,0,c(-98.879875, 39.479823),"1976","71-0",-98.879875,39.479823,NA,NA
"5092","Osborne",-22.75,NA,1976-07-13,392845098525002,141,0,c(-98.879875, 39.479823),"1976","71-0",-98.879875,39.479823,NA,NA
"5093","Osborne",-19.3,NA,1976-11-16,392845098525002,141,0,c(-98.879875, 39.479823),"1976","71-0",-98.879875,39.479823,NA,NA
"5094","Phillips",-14,"PHILLIPSBURG SOUTH",1976-01-01,394013099194801,147,0,c(-99.328105, 39.66901),"1976","71-0",-99.328105,39.66901,NA,NA
"5095","Phillips",-22.2,NA,1976-03-15,395820099295901,147,0,c(-99.498246, 39.971949),"1976","71-0",-99.498246,39.971949,30.3689079,"0-65"
"5096","Phillips",-21.9,NA,1976-05-15,395820099295901,147,0,c(-99.498246, 39.971949),"1976","71-0",-99.498246,39.971949,30.3689079,"0-65"
"5097","Phillips",-22.7,NA,1976-06-15,395820099295901,147,0,c(-99.498246, 39.971949),"1976","71-0",-99.498246,39.971949,30.3689079,"0-65"
"5098","Phillips",-20.5,NA,1976-07-10,395820099295901,147,0,c(-99.498246, 39.971949),"1976","71-0",-99.498246,39.971949,30.3689079,"0-65"
"5099","Phillips",-21,NA,1976-08-09,395820099295901,147,0,c(-99.498246, 39.971949),"1976","71-0",-99.498246,39.971949,30.3689079,"0-65"
"5100","Phillips",-21,NA,1976-08-27,395820099295901,147,0,c(-99.498246, 39.971949),"1976","71-0",-99.498246,39.971949,30.3689079,"0-65"
"5101","Phillips",-21.1,NA,1976-09-20,395820099295901,147,0,c(-99.498246, 39.971949),"1976","71-0",-99.498246,39.971949,30.3689079,"0-65"
"5102","Phillips",-21.2,NA,1976-10-25,395820099295901,147,0,c(-99.498246, 39.971949),"1976","71-0",-99.498246,39.971949,30.3689079,"0-65"
"5103","Phillips",-21.9,NA,1976-12-08,395820099295901,147,0,c(-99.498246, 39.971949),"1976","71-0",-99.498246,39.971949,30.3689079,"0-65"
"5104","Smith",-27.5,"Gaylord",1976-05-25,393749098502901,183,0,c(-98.841733, 39.630352),"1976","71-0",-98.841733,39.630352,NA,NA
"5105","Smith",-12.75,"Gaylord",1976-07-23,393749098502901,183,0,c(-98.841733, 39.630352),"1976","71-0",-98.841733,39.630352,NA,NA
"5106","Osborne",-25.25,NA,1976-03-25,392806098562701,141,0,c(-98.940608, 39.467875),"1976","71-0",-98.940608,39.467875,NA,NA
"5107","Smith",-30.15,NA,1976-03-25,393805098514701,183,0,c(-98.86508, 39.634681),"1976","71-0",-98.86508,39.634681,NA,NA
"5108","Smith",-12.2,NA,1976-03-25,393844098525301,183,0,c(-98.881461, 39.645824),"1976","71-0",-98.881461,39.645824,NA,NA
"5109","Smith",-11.95,NA,1976-07-23,393844098525301,183,0,c(-98.881461, 39.645824),"1976","71-0",-98.881461,39.645824,NA,NA
"5110","Smith",-12.37,NA,1976-11-09,393844098525301,183,0,c(-98.881461, 39.645824),"1976","71-0",-98.881461,39.645824,NA,NA
"5111","Smith",-29.88,"CEDAR",1976-03-25,393844098550701,183,0,c(-98.918922, 39.645824),"1976","71-0",-98.918922,39.645824,NA,NA
"5112","Smith",-25.38,"CEDAR",1976-07-23,393844098550701,183,0,c(-98.918922, 39.645824),"1976","71-0",-98.918922,39.645824,NA,NA
"5113","Smith",-28.05,"CEDAR",1976-11-09,393844098550701,183,0,c(-98.918922, 39.645824),"1976","71-0",-98.918922,39.645824,NA,NA
"5114","Osborne",-3.83,NA,1976-03-25,392832098525002,141,0,c(-98.879875, 39.476161),"1976","71-0",-98.879875,39.476161,NA,NA
"5115","Osborne",-3.7,NA,1976-05-06,392832098525002,141,0,c(-98.879875, 39.476161),"1976","71-0",-98.879875,39.476161,NA,NA
"5116","Osborne",-3.92,NA,1976-07-13,392832098525002,141,0,c(-98.879875, 39.476161),"1976","71-0",-98.879875,39.476161,NA,NA
"5117","Osborne",-12.65,"ALTON",1976-03-25,392845098534001,141,0,c(-98.893914, 39.479243),"1976","71-0",-98.893914,39.479243,NA,NA
"5118","Osborne",-10.82,"ALTON",1976-07-13,392845098534001,141,0,c(-98.893914, 39.479243),"1976","71-0",-98.893914,39.479243,NA,NA
"5119","Osborne",-12.6,"ALTON",1976-11-16,392845098534001,141,0,c(-98.893914, 39.479243),"1976","71-0",-98.893914,39.479243,NA,NA
"5120","Osborne",-19.7,NA,1976-03-25,392743099002601,141,0,c(-99.007307, 39.461375),"1976","71-0",-99.007307,39.461375,NA,NA
"5121","Osborne",-19.03,NA,1976-07-13,392743099002601,141,0,c(-99.007307, 39.461375),"1976","71-0",-99.007307,39.461375,NA,NA
"5122","Osborne",-18.3,NA,1976-11-16,392743099002601,141,0,c(-99.007307, 39.461375),"1976","71-0",-99.007307,39.461375,NA,NA
"5123","Osborne",-19.2,NA,1976-03-25,392805098512701,141,0,c(-98.856604, 39.469111),"1976","71-0",-98.856604,39.469111,NA,NA
"5124","Osborne",-19.3,NA,1976-05-06,392805098512701,141,0,c(-98.856604, 39.469111),"1976","71-0",-98.856604,39.469111,NA,NA
"5125","Osborne",-19.62,NA,1976-07-13,392805098512701,141,0,c(-98.856604, 39.469111),"1976","71-0",-98.856604,39.469111,NA,NA
"5126","Osborne",-19.2,NA,1976-11-16,392805098512701,141,0,c(-98.856604, 39.469111),"1976","71-0",-98.856604,39.469111,NA,NA
"5127","Rooks",-35.7,NA,1976-03-25,392736099044901,163,0,c(-99.080735, 39.459971),"1976","71-0",-99.080735,39.459971,NA,NA
"5128","Rooks",-35.95,NA,1976-07-13,392736099044901,163,0,c(-99.080735, 39.459971),"1976","71-0",-99.080735,39.459971,NA,NA
"5129","Osborne",-5.48,NA,1976-03-25,392756098524602,141,0,c(-98.878654, 39.466105),"1976","71-0",-98.878654,39.466105,NA,NA
"5130","Osborne",-6.4,NA,1976-07-13,392756098524602,141,0,c(-98.878654, 39.466105),"1976","71-0",-98.878654,39.466105,NA,NA
"5131","Smith",-8.5,"CEDAR",1976-03-25,393924098592001,183,0,c(-98.991374, 39.658172),"1976","71-0",-98.991374,39.658172,NA,NA
"5132","Smith",-9.83,"CEDAR",1976-07-23,393924098592001,183,0,c(-98.991374, 39.658172),"1976","71-0",-98.991374,39.658172,NA,NA
"5133","Smith",-7.58,"CEDAR",1976-11-09,393924098592001,183,0,c(-98.991374, 39.658172),"1976","71-0",-98.991374,39.658172,NA,NA
"5134","Osborne",-40.88,"BLOOMINGTON",1976-03-25,392832098512701,141,0,c(-98.856604, 39.476359),"1976","71-0",-98.856604,39.476359,NA,NA
"5135","Osborne",-41.7,"BLOOMINGTON",1976-05-06,392832098512701,141,0,c(-98.856604, 39.476359),"1976","71-0",-98.856604,39.476359,NA,NA
"5136","Osborne",-37.55,"BLOOMINGTON",1976-07-13,392832098512701,141,0,c(-98.856604, 39.476359),"1976","71-0",-98.856604,39.476359,NA,NA
"5137","Osborne",-38.5,"BLOOMINGTON",1976-11-16,392832098512701,141,0,c(-98.856604, 39.476359),"1976","71-0",-98.856604,39.476359,NA,NA
"5138","Smith",-10.82,"KIRWIN",1976-03-25,393940099035501,183,0,c(-99.066213, 39.660449),"1976","71-0",-99.066213,39.660449,NA,NA
"5139","Smith",-12.2,"KIRWIN",1976-07-23,393940099035501,183,0,c(-99.066213, 39.660449),"1976","71-0",-99.066213,39.660449,NA,NA
"5140","Smith",-11.78,"KIRWIN",1976-11-09,393940099035501,183,0,c(-99.066213, 39.660449),"1976","71-0",-99.066213,39.660449,NA,NA
"5141","Osborne",-24.33,NA,1976-03-25,392740098564401,141,0,c(-98.945414, 39.460627),"1976","71-0",-98.945414,39.460627,NA,NA
"5142","Osborne",-25,NA,1976-07-13,392740098564401,141,0,c(-98.945414, 39.460627),"1976","71-0",-98.945414,39.460627,NA,NA
"5143","Rooks",-20.17,NA,1976-03-25,392743099035001,163,0,c(-99.064453, 39.461695),"1976","71-0",-99.064453,39.461695,NA,NA
"5144","Rooks",-20.5,NA,1976-05-06,392743099035001,163,0,c(-99.064453, 39.461695),"1976","71-0",-99.064453,39.461695,NA,NA
"5145","Rooks",-20.5,NA,1976-07-13,392743099035001,163,0,c(-99.064453, 39.461695),"1976","71-0",-99.064453,39.461695,NA,NA
"5146","Rooks",-19.6,NA,1976-11-16,392743099035001,163,0,c(-99.064453, 39.461695),"1976","71-0",-99.064453,39.461695,NA,NA
"5147","Osborne",-18.77,NA,1976-03-25,392806098535701,141,0,c(-98.898598, 39.468531),"1976","71-0",-98.898598,39.468531,NA,NA
"5148","Osborne",-19.68,NA,1976-07-13,392806098535701,141,0,c(-98.898598, 39.468531),"1976","71-0",-98.898598,39.468531,NA,NA
"5149","Osborne",-10,NA,1976-03-25,392806098544701,141,0,c(-98.912836, 39.468333),"1976","71-0",-98.912836,39.468333,NA,NA
"5150","Osborne",-10.83,NA,1976-07-13,392806098544701,141,0,c(-98.912836, 39.468333),"1976","71-0",-98.912836,39.468333,NA,NA
"5151","Osborne",-30.9,NA,1976-03-25,392752098502101,141,0,c(-98.837744, 39.465465),"1976","71-0",-98.837744,39.465465,NA,NA
"5152","Smith",-19.4,"KIRWIN",1976-03-25,393937099002701,183,0,c(-99.010181, 39.66167),"1976","71-0",-99.010181,39.66167,NA,NA
"5153","Smith",-19.32,"KIRWIN",1976-07-23,393937099002701,183,0,c(-99.010181, 39.66167),"1976","71-0",-99.010181,39.66167,NA,NA
"5154","Smith",-19.82,"KIRWIN",1976-11-09,393937099002701,183,0,c(-99.010181, 39.66167),"1976","71-0",-99.010181,39.66167,NA,NA
"5155","Smith",-30.18,NA,1976-03-25,393828098530601,183,0,c(-98.88494, 39.641338),"1976","71-0",-98.88494,39.641338,NA,NA
"5156","Smith",-28.52,NA,1976-07-23,393828098530601,183,0,c(-98.88494, 39.641338),"1976","71-0",-98.88494,39.641338,NA,NA
"5157","Smith",-28.02,NA,1976-11-09,393828098530601,183,0,c(-98.88494, 39.641338),"1976","71-0",-98.88494,39.641338,NA,NA
"5158","Rooks",-17.92,NA,1976-03-25,392730099035001,163,0,c(-99.064575, 39.458018),"1976","71-0",-99.064575,39.458018,NA,NA
"5159","Rooks",-18,NA,1976-05-06,392730099035001,163,0,c(-99.064575, 39.458018),"1976","71-0",-99.064575,39.458018,NA,NA
"5160","Rooks",-14.08,NA,1976-07-13,392730099035001,163,0,c(-99.064575, 39.458018),"1976","71-0",-99.064575,39.458018,NA,NA
"5161","Rooks",-17.3,NA,1976-11-16,392730099035001,163,0,c(-99.064575, 39.458018),"1976","71-0",-99.064575,39.458018,NA,NA
"5162","Osborne",-16.67,NA,1976-03-25,392806098525101,141,0,c(-98.879875, 39.468806),"1976","71-0",-98.879875,39.468806,NA,NA
"5163","Osborne",-17.16,NA,1976-07-13,392806098525101,141,0,c(-98.879875, 39.468806),"1976","71-0",-98.879875,39.468806,NA,NA
"5164","Osborne",-8.25,NA,1976-03-25,392756098524601,141,0,c(-98.878654, 39.466105),"1976","71-0",-98.878654,39.466105,NA,NA
"5165","Osborne",-8.92,NA,1976-07-13,392756098524601,141,0,c(-98.878654, 39.466105),"1976","71-0",-98.878654,39.466105,NA,NA
"5166","Osborne",-16.85,NA,1976-03-25,392756098595201,141,0,c(-98.998044, 39.464976),"1976","71-0",-98.998044,39.464976,NA,NA
"5167","Osborne",-16.8,NA,1976-05-06,392756098595201,141,0,c(-98.998044, 39.464976),"1976","71-0",-98.998044,39.464976,NA,NA
"5168","Osborne",-16.42,NA,1976-07-13,392756098595201,141,0,c(-98.998044, 39.464976),"1976","71-0",-98.998044,39.464976,NA,NA
"5169","Osborne",-15.3,NA,1976-11-16,392756098595201,141,0,c(-98.998044, 39.464976),"1976","71-0",-98.998044,39.464976,NA,NA
"5170","Osborne",-28.67,NA,1976-03-25,392753099011201,141,0,c(-99.020185, 39.464076),"1976","71-0",-99.020185,39.464076,NA,NA
"5171","Osborne",-29.4,NA,1976-05-06,392753099011201,141,0,c(-99.020185, 39.464076),"1976","71-0",-99.020185,39.464076,NA,NA
"5172","Osborne",-29.16,NA,1976-07-13,392753099011201,141,0,c(-99.020185, 39.464076),"1976","71-0",-99.020185,39.464076,NA,NA
"5173","Osborne",-28,NA,1976-11-16,392753099011201,141,0,c(-99.020185, 39.464076),"1976","71-0",-99.020185,39.464076,NA,NA
"5174","Smith",-23.17,NA,1976-03-25,393910098561401,183,0,c(-98.937615, 39.653011),"1976","71-0",-98.937615,39.653011,NA,NA
"5175","Smith",-23.83,NA,1976-07-23,393910098561401,183,0,c(-98.937615, 39.653011),"1976","71-0",-98.937615,39.653011,NA,NA
"5176","Smith",-22.92,NA,1976-11-09,393910098561401,183,0,c(-98.937615, 39.653011),"1976","71-0",-98.937615,39.653011,NA,NA
"5177","Phillips",-18.2,NA,1976-03-25,394016099051401,147,0,c(-99.084937, 39.670711),"1976","71-0",-99.084937,39.670711,NA,NA
"5178","Phillips",-18.2,NA,1976-07-23,394016099051401,147,0,c(-99.084937, 39.670711),"1976","71-0",-99.084937,39.670711,NA,NA
"5179","Phillips",-16.78,NA,1976-11-09,394016099051401,147,0,c(-99.084937, 39.670711),"1976","71-0",-99.084937,39.670711,NA,NA
"5180","Osborne",-32.8,NA,1976-03-25,392819098584101,141,0,c(-98.978191, 39.471354),"1976","71-0",-98.978191,39.471354,NA,NA
"5181","Osborne",-32.9,NA,1976-05-06,392819098584101,141,0,c(-98.978191, 39.471354),"1976","71-0",-98.978191,39.471354,NA,NA
"5182","Osborne",-29.13,NA,1976-07-13,392819098584101,141,0,c(-98.978191, 39.471354),"1976","71-0",-98.978191,39.471354,NA,NA
"5183","Osborne",-32.8,NA,1976-11-16,392819098584101,141,0,c(-98.978191, 39.471354),"1976","71-0",-98.978191,39.471354,NA,NA
"5184","Osborne",-33.13,NA,1976-03-25,392832098562701,141,0,c(-98.940409, 39.47523),"1976","71-0",-98.940409,39.47523,NA,NA
"5185","Osborne",-33.7,NA,1976-05-06,392832098562701,141,0,c(-98.940409, 39.47523),"1976","71-0",-98.940409,39.47523,NA,NA
"5186","Osborne",-31.5,NA,1976-11-16,392832098562701,141,0,c(-98.940409, 39.47523),"1976","71-0",-98.940409,39.47523,NA,NA
"5187","Osborne",-19.72,NA,1976-03-25,392818098502101,141,0,c(-98.837805, 39.472744),"1976","71-0",-98.837805,39.472744,NA,NA
"5188","Osborne",-19.9,NA,1976-05-06,392818098502101,141,0,c(-98.837805, 39.472744),"1976","71-0",-98.837805,39.472744,NA,NA
"5189","Osborne",-21.38,NA,1976-07-13,392818098502101,141,0,c(-98.837805, 39.472744),"1976","71-0",-98.837805,39.472744,NA,NA
"5190","Osborne",-18,NA,1976-11-16,392818098502101,141,0,c(-98.837805, 39.472744),"1976","71-0",-98.837805,39.472744,NA,NA
"5191","Osborne",-15.4,"ALTON",1976-03-25,392819098535701,141,0,c(-98.898598, 39.472056),"1976","71-0",-98.898598,39.472056,NA,NA
"5192","Osborne",-15.98,"ALTON",1976-07-13,392819098535701,141,0,c(-98.898598, 39.472056),"1976","71-0",-98.898598,39.472056,NA,NA
"5193","Osborne",-30.38,NA,1976-03-26,392729098454701,141,0,c(-98.765308, 39.458904),"1976","71-0",-98.765308,39.458904,NA,NA
"5194","Osborne",-32.38,NA,1976-07-13,392729098454701,141,0,c(-98.765308, 39.458904),"1976","71-0",-98.765308,39.458904,NA,NA
"5195","Osborne",-19.62,"PORTIS",1976-03-25,393251098422501,141,0,c(-98.711502, 39.547172),"1976","71-0",-98.711502,39.547172,NA,NA
"5196","Osborne",-21.12,"PORTIS",1976-07-23,393251098422501,141,0,c(-98.711502, 39.547172),"1976","71-0",-98.711502,39.547172,NA,NA
"5197","Osborne",-20.53,"PORTIS",1976-11-09,393251098422501,141,0,c(-98.711502, 39.547172),"1976","71-0",-98.711502,39.547172,NA,NA
"5198","Osborne",-16.27,"Portis",1976-01-27,393219098413101,141,0,c(-98.692328, 39.538722),"1976","71-0",-98.692328,39.538722,NA,NA
"5199","Osborne",-16.2,"Portis",1976-02-09,393219098413101,141,0,c(-98.692328, 39.538722),"1976","71-0",-98.692328,39.538722,NA,NA
"5200","Osborne",-16.07,"Portis",1976-03-09,393219098413101,141,0,c(-98.692328, 39.538722),"1976","71-0",-98.692328,39.538722,NA,NA
"5201","Osborne",-16.05,"Portis",1976-04-13,393219098413101,141,0,c(-98.692328, 39.538722),"1976","71-0",-98.692328,39.538722,NA,NA
"5202","Osborne",-16.14,"Portis",1976-05-07,393219098413101,141,0,c(-98.692328, 39.538722),"1976","71-0",-98.692328,39.538722,NA,NA
"5203","Osborne",-44.75,NA,1976-03-26,392726098444401,141,0,c(-98.747713, 39.458202),"1976","71-0",-98.747713,39.458202,NA,NA
"5204","Osborne",-47.25,NA,1976-07-13,392726098444401,141,0,c(-98.747713, 39.458202),"1976","71-0",-98.747713,39.458202,NA,NA
"5205","Smith",-13.17,"HARLAN",1976-03-25,393425098471401,183,0,c(-98.786609, 39.574184),"1976","71-0",-98.786609,39.574184,NA,NA
"5206","Smith",-14.08,"HARLAN",1976-11-09,393425098471401,183,0,c(-98.786609, 39.574184),"1976","71-0",-98.786609,39.574184,NA,NA
"5207","Osborne",-43.3,"BLOOMINGTON",1976-03-25,392755098481901,141,0,c(-98.806675, 39.465847),"1976","71-0",-98.806675,39.465847,NA,NA
"5208","Osborne",-43.96,"BLOOMINGTON",1976-07-13,392755098481901,141,0,c(-98.806675, 39.465847),"1976","71-0",-98.806675,39.465847,NA,NA
"5209","Smith",-21.12,NA,1976-03-25,393540098480801,183,0,c(-98.804164, 39.595691),"1976","71-0",-98.804164,39.595691,NA,NA
"5210","Smith",-23.86,NA,1976-07-23,393540098480801,183,0,c(-98.804164, 39.595691),"1976","71-0",-98.804164,39.595691,NA,NA
"5211","Smith",-24.2,NA,1976-11-09,393540098480801,183,0,c(-98.804164, 39.595691),"1976","71-0",-98.804164,39.595691,NA,NA
"5212","Smith",-18.72,"Harlan",1976-03-25,393524098470501,183,0,c(-98.785632, 39.589454),"1976","71-0",-98.785632,39.589454,NA,NA
"5213","Smith",-24.63,"Harlan",1976-07-23,393524098470501,183,0,c(-98.785632, 39.589454),"1976","71-0",-98.785632,39.589454,NA,NA
"5214","Osborne",-54.97,"Bloomington",1976-03-26,392739098465901,141,0,c(-98.783962, 39.460288),"1976","71-0",-98.783962,39.460288,NA,NA
"5215","Osborne",-53.97,"Bloomington",1976-07-13,392739098465901,141,0,c(-98.783962, 39.460288),"1976","71-0",-98.783962,39.460288,NA,NA
"5216","Osborne",-54.2,"Bloomington",1976-11-16,392739098465901,141,0,c(-98.783962, 39.460288),"1976","71-0",-98.783962,39.460288,NA,NA
"5217","Mitchell",-27.4,"GLEN ELDER SOUTH",1976-03-23,392853098155301,123,0,c(-98.26553, 39.481318),"1976","71-0",-98.26553,39.481318,NA,NA
"5218","Osborne",-24.44,"Portis",1976-03-19,393038098374501,141,0,c(-98.631187, 39.509991),"1976","71-0",-98.631187,39.509991,NA,NA
"5219","Osborne",-23.94,"Portis",1976-06-10,393038098374501,141,0,c(-98.631187, 39.509991),"1976","71-0",-98.631187,39.509991,NA,NA
"5220","Osborne",-24.98,"Portis",1976-09-16,393038098374501,141,0,c(-98.631187, 39.509991),"1976","71-0",-98.631187,39.509991,NA,NA
"5221","Osborne",-26.85,"Portis",1976-12-14,393038098374501,141,0,c(-98.631187, 39.509991),"1976","71-0",-98.631187,39.509991,NA,NA
"5222","Osborne",-13,NA,1976-03-25,393330098355901,141,0,c(-98.7112, 39.55961),"1976","71-0",-98.7112,39.55961,NA,NA
"5223","Osborne",-13.66,NA,1976-07-23,393330098355901,141,0,c(-98.7112, 39.55961),"1976","71-0",-98.7112,39.55961,NA,NA
"5224","Osborne",-13.58,NA,1976-11-09,393330098355901,141,0,c(-98.7112, 39.55961),"1976","71-0",-98.7112,39.55961,NA,NA
"5225","Osborne",-14.89,"Portis",1976-01-27,393226098413101,141,0,c(-98.69226, 39.540687),"1976","71-0",-98.69226,39.540687,NA,NA
"5226","Osborne",-14.75,"Portis",1976-02-09,393226098413101,141,0,c(-98.69226, 39.540687),"1976","71-0",-98.69226,39.540687,NA,NA
"5227","Osborne",-14.69,"Portis",1976-03-09,393226098413101,141,0,c(-98.69226, 39.540687),"1976","71-0",-98.69226,39.540687,NA,NA
"5228","Osborne",-14.68,"Portis",1976-04-13,393226098413101,141,0,c(-98.69226, 39.540687),"1976","71-0",-98.69226,39.540687,NA,NA
"5229","Osborne",-14.79,"Portis",1976-05-07,393226098413101,141,0,c(-98.69226, 39.540687),"1976","71-0",-98.69226,39.540687,NA,NA
"5230","Smith",-16.07,NA,1976-03-25,393738098480801,183,0,c(-98.801746, 39.627605),"1976","71-0",-98.801746,39.627605,NA,NA
"5231","Smith",-21.72,"HARLAN",1976-03-25,393448098470101,183,0,c(-98.783191, 39.580593),"1976","71-0",-98.783191,39.580593,NA,NA
"5232","Smith",-26.63,"HARLAN",1976-07-23,393448098470101,183,0,c(-98.783191, 39.580593),"1976","71-0",-98.783191,39.580593,NA,NA
"5233","Smith",-25.38,"HARLAN",1976-11-09,393448098470101,183,0,c(-98.783191, 39.580593),"1976","71-0",-98.783191,39.580593,NA,NA
"5234","Smith",-10.45,NA,1976-03-25,393712098482501,183,0,c(-98.806491, 39.620342),"1976","71-0",-98.806491,39.620342,NA,NA
"5235","Smith",-15.22,NA,1976-07-23,393712098482501,183,0,c(-98.806491, 39.620342),"1976","71-0",-98.806491,39.620342,NA,NA
"5236","Smith",-14.8,NA,1976-11-09,393712098482501,183,0,c(-98.806491, 39.620342),"1976","71-0",-98.806491,39.620342,NA,NA
"5237","Smith",-9.32,NA,1976-03-25,393422098450301,183,0,c(-98.750459, 39.57304),"1976","71-0",-98.750459,39.57304,NA,NA
"5238","Smith",-10.48,NA,1976-07-23,393422098450301,183,0,c(-98.750459, 39.57304),"1976","71-0",-98.750459,39.57304,NA,NA
"5239","Smith",-11.4,NA,1976-11-09,393422098450301,183,0,c(-98.750459, 39.57304),"1976","71-0",-98.750459,39.57304,NA,NA
"5240","Osborne",-26.92,NA,1976-03-25,393225098422501,141,0,c(-98.711403, 39.541431),"1976","71-0",-98.711403,39.541431,NA,NA
"5241","Osborne",-28.5,NA,1976-07-23,393225098422501,141,0,c(-98.711403, 39.541431),"1976","71-0",-98.711403,39.541431,NA,NA
"5242","Osborne",-29.25,NA,1976-11-09,393225098422501,141,0,c(-98.711403, 39.541431),"1976","71-0",-98.711403,39.541431,NA,NA
"5243","Cloud",-45.47,"Agenda",1976-03-12,393907097293701,29,0,c(-97.493478, 39.650671),"1976","71-0",-97.493478,39.650671,NA,NA
"5244","Cloud",-45.1,"Agenda",1976-06-02,393907097293701,29,0,c(-97.493478, 39.650671),"1976","71-0",-97.493478,39.650671,NA,NA
"5245","Cloud",-71.07,"Agenda",1976-09-09,393907097293701,29,0,c(-97.493478, 39.650671),"1976","71-0",-97.493478,39.650671,NA,NA
"5246","Cloud",-46.46,"Agenda",1976-12-08,393907097293701,29,0,c(-97.493478, 39.650671),"1976","71-0",-97.493478,39.650671,NA,NA
"5247","Washington",-78.55,NA,1976-03-12,393551097205101,201,0,c(-97.349066, 39.596999),"1976","143-72",-97.349066,39.596999,NA,NA
"5248","Washington",-77.88,NA,1976-06-02,393551097205101,201,0,c(-97.349066, 39.596999),"1976","143-72",-97.349066,39.596999,NA,NA
"5249","Washington",-85.4,NA,1976-09-09,393551097205101,201,0,c(-97.349066, 39.596999),"1976","143-72",-97.349066,39.596999,NA,NA
"5250","Washington",-18.23,NA,1976-03-12,393407097205901,201,0,c(-97.351125, 39.567855),"1976","71-0",-97.351125,39.567855,NA,NA
"5251","Washington",-17.58,NA,1976-06-02,393407097205901,201,0,c(-97.351125, 39.567855),"1976","71-0",-97.351125,39.567855,NA,NA
"5252","Washington",-19.55,NA,1976-09-09,393407097205901,201,0,c(-97.351125, 39.567855),"1976","71-0",-97.351125,39.567855,NA,NA
"5253","Washington",-19.09,NA,1976-12-08,393407097205901,201,0,c(-97.351125, 39.567855),"1976","71-0",-97.351125,39.567855,NA,NA
"5254","Republic",-135.2,"MUNDEN",1976-03-11,395926097363101,157,0,c(-97.609451, 39.989219),"1976","143-72",-97.609451,39.989219,NA,NA
"5255","Republic",-135.28,"MUNDEN",1976-06-02,395926097363101,157,0,c(-97.609451, 39.989219),"1976","143-72",-97.609451,39.989219,NA,NA
"5256","Republic",-142.28,"MUNDEN",1976-09-08,395926097363101,157,0,c(-97.609451, 39.989219),"1976","143-72",-97.609451,39.989219,NA,NA
"5257","Republic",-139.04,"MUNDEN",1976-12-07,395926097363101,157,0,c(-97.609451, 39.989219),"1976","143-72",-97.609451,39.989219,NA,NA
"5258","Clay",-7.38,"CLIFTON",1976-03-12,393341097173201,27,0,c(-97.290165, 39.560881),"1976","71-0",-97.290165,39.560881,NA,NA
"5259","Clay",-6.68,"CLIFTON",1976-06-02,393341097173201,27,0,c(-97.290165, 39.560881),"1976","71-0",-97.290165,39.560881,NA,NA
"5260","Clay",-9.5,"CLIFTON",1976-09-09,393341097173201,27,0,c(-97.290165, 39.560881),"1976","71-0",-97.290165,39.560881,NA,NA
"5261","Clay",-8.32,"CLIFTON",1976-12-08,393341097173201,27,0,c(-97.290165, 39.560881),"1976","71-0",-97.290165,39.560881,NA,NA
"5262","Clay",-11,"CLAY CENTER NW",1976-03-12,392959097133801,27,0,c(-97.223994, 39.499468),"1976","71-0",-97.223994,39.499468,NA,NA
"5263","Clay",-9.25,"CLAY CENTER NW",1976-06-02,392959097133801,27,0,c(-97.223994, 39.499468),"1976","71-0",-97.223994,39.499468,NA,NA
"5264","Clay",-11.05,"CLAY CENTER NW",1976-09-09,392959097133801,27,0,c(-97.223994, 39.499468),"1976","71-0",-97.223994,39.499468,NA,NA
"5265","Clay",-11.21,"CLAY CENTER NW",1976-12-08,392959097133801,27,0,c(-97.223994, 39.499468),"1976","71-0",-97.223994,39.499468,NA,NA
"5266","Jackson",-78.74,NA,1976-03-08,393024095435701,85,0,c(-95.732805, 39.505701),"1976","143-72",-95.732805,39.505701,NA,NA
"5267","Jackson",-78.85,NA,1976-06-01,393024095435701,85,0,c(-95.732805, 39.505701),"1976","143-72",-95.732805,39.505701,NA,NA
"5268","Jackson",-79.4,NA,1976-09-07,393024095435701,85,0,c(-95.732805, 39.505701),"1976","143-72",-95.732805,39.505701,NA,NA
"5269","Jackson",-79.69,NA,1976-12-10,393024095435701,85,0,c(-95.732805, 39.505701),"1976","143-72",-95.732805,39.505701,NA,NA
